tree
version=v4
num_class=1
num_tree_per_iteration=1
label_index=0
max_feature_idx=43
objective=binary sigmoid:1
feature_names=Column_0 Column_1 Column_2 Column_3 Column_4 Column_5 Column_6 Column_7 Column_8 Column_9 Column_10 Column_11 Column_12 Column_13 Column_14 Column_15 Column_16 Column_17 Column_18 Column_19 Column_20 Column_21 Column_22 Column_23 Column_24 Column_25 Column_26 Column_27 Column_28 Column_29 Column_30 Column_31 Column_32 Column_33 Column_34 Column_35 Column_36 Column_37 Column_38 Column_39 Column_40 Column_41 Column_42 Column_43
feature_infos=[-0.12:0.12000000000000011] [-0.31852799999999992:0.4049280000000004] [-0.40650406504065062:0.63520000000000043] [-0.52145214521452155:1.6033777777777782] [-0.52463312368972748:6.2329545454545574] [-0.7544165066418177:12.090909090909097] [0:99.999999998991115] [-0.91839999999999999:0] [0:10.917241379310346] [0:0.11090939101258447] [0:0.10683669729320865] [0:3445.3822046328423] [-2.5376526277146434e-16:515.10714285714289] [-4.2327252813834091e-17:0.30104621846018176] [0:21] none none [0:3] none [-3.1643928874535838:4.3643539630773116] [5.5864717998893885e-06:4.1994108179251359] [-0.999999999999999:1] [0:45.798946525421698] none none [0.0025641025641025641:1] [0.0026041666666666665:1] none [-0.34725848563968675:1.4627374711935675] [-1.4098740350702195:5.5435411369415526] none [1:7] [1:12] [-5029:-851] [0.47000362924573563:8.7142391436085749] [-0.76390614461680451:8.9927378358748484] [0:1] [-0.89818879338964941:1.6901590030079339] [-0.89912170089584331:1.8016469745790546] [0:1] none none none [0:7]
tree_sizes=3551 3590 3583 3582 3576 3589 3599 3563 3570 3579 3588 3596 3575 3585 3589 3595 3582 3585 3568 3600 3575 3612 3586 3586 3585 3590 3588 3605 3576 3575 3578 3576 3597 3579 3610 3576 3561 3600 3585 3597 3570 3598 3583

Tree=0
num_leaves=31
num_cat=0
split_feature=10 10 13 13 20 38 28 7 19 13 13 19 7 3 19 2 4 0 32 12 28 28 28 36 32 28 3 7 0 32
split_gain=18792.8 6196.16 3622.51 1848.38 1343.98 1297.85 1051.69 1212.29 856.889 720.376 718.121 534.461 487.053 472.546 460.21 425.471 413.243 395.447 363.726 355.049 340.482 333.908 318.757 317.554 280.632 263.888 259.047 257.06 231.363 222.662
threshold=0.016189666707556529 0.027376450478499476 0.011552497132727773 0.03419777976469731 0.11045240890632869 -0.14790072432499909 0.12543874399969138 -0.29842414585187177 -0.1025889897184991 0.028711111571132656 0.0042883381374457085 0.32644430878650704 -0.20261234802601377 -0.12874115775701547 -0.03544953550718178 -0.096423652105469146 -0.097560648423024407 0.095465966194609467 4.5000000000000009 0.035714285714285733 0.06397254386393729 0.07721878561966343 0.016113143717673386 0.99979321753515238 4.5000000000000009 0.071263625801403066 -0.16979680986999704 -0.12621024439236686 0.084507521325176152 3.5000000000000004
decision_type=8 10 10 10 10 8 10 10 8 10 10 10 8 10 10 10 10 10 2 10 10 10 10 2 2 10 10 10 10 2
left_child=2 3 19 8 -3 26 7 13 10 20 -2 15 -12 -6 29 -9 -11 22 -14 -1 27 -20 -10 -13 -17 -18 -5 -4 -16 -7
right_child=1 4 9 5 6 14 -8 11 17 16 12 23 18 -15 28 24 25 -19 21 -21 -22 -23 -24 -25 -26 -27 -28 -29 -30 -31
leaf_value=-0.81561310404202236 -0.80031738881349257 -0.79453070671204606 -0.76586491232546516 -0.64885798337002465 -0.67180139142538642 -0.75896594871500067 -0.69970599375543119 -0.70449720211752553 -0.75251369196795126 -0.71388539104797677 -0.74217600711937126 -0.71928466163677185 -0.77272423543800073 -0.70924592154153399 -0.73387533664337923 -0.74235917159764586 -0.76499412965882885 -0.63935547382799629 -0.76043552052381924 -0.79608535970017336 -0.75452863317403152 -0.73153862820626492 -0.73478765883810782 -0.67862475891000207 -0.72965134071583293 -0.73166171409777125 -0.70174993772733296 -0.78303152654682961 -0.69189901653455621 -0.74302960550562869
leaf_weight=6047.0107509493828 1136.9627512693405 627.13940787315369 2828.8871830105782 291.54568439722061 1094.441129386425 2939.661459505558 5145.9884862303734 1315.5535631775856 6055.5150753259659 573.49674642086029 3383.6308038830757 7055.1002789735794 6080.8099888563156 3661.2206739187241 9721.9691796302795 6504.4997904896736 3405.8728830218315 89.18637615442276 9400.7673897147179 3784.4243475794792 1591.8350756168365 1118.6457449197769 4363.8087031841278 515.27483338117599 13082.267606377602 719.16055881977081 1123.8791753053665 9518.0834541916847 339.73685586452484 8615.9708914756775
leaf_count=27731 5214 2876 12973 1337 5019 13481 23599 6033 27770 2630 15517 32354 27886 16790 44584 29829 15619 409 43111 17355 7300 5130 20012 2363 59994 3298 5154 43649 1558 39512
internal_value=-0.747964 -0.737151 -0.783539 -0.748014 -0.721926 -0.737239 -0.72074 -0.723997 -0.75586 -0.770585 -0.761665 -0.7279 -0.759466 -0.700629 -0.740276 -0.732023 -0.753654 -0.744192 -0.76299 -0.808096 -0.776292 -0.757363 -0.74509 -0.716517 -0.733871 -0.759183 -0.690855 -0.779098 -0.732458 -0.747084
internal_weight=122132 93663.6 28468.8 54662.1 39001.5 23032.8 38374.3 33228.4 31629.3 18637.3 21120.8 28472.7 19983.9 4755.66 21617.3 20902.3 4698.53 10508.5 16600.2 9831.44 13938.8 10519.4 10419.3 7570.38 19586.8 4125.03 1415.42 12347 10061.7 11555.6
internal_count=560087 429532 130555 250675 178857 105626 175981 152382 145049 85469 96858 130573 91644 21809 99135 95856 21547 48191 76127 45086 63922 48241 47782 34717 89823 18917 6491 56622 46142 52993
is_linear=0
shrinkage=1


Tree=1
num_leaves=31
num_cat=0
split_feature=10 10 13 13 37 4 38 20 5 37 13 33 7 13 5 0 4 0 1 5 28 33 43 28 5 43 28 28 3 28
split_gain=17289.7 5343.44 3445.49 1704.73 1250.25 1400.59 1109.93 869.952 789.458 968.167 650.58 546.688 527.453 507.695 472.673 412.12 409.16 389.752 355.231 349.246 328.307 320.091 315.049 309.523 322.312 277.138 264.391 230.356 224.264 219.729
threshold=0.016189666707556529 0.027376450478499476 0.011552497132727773 0.034720661330630086 -0.091431857389313073 0.13332178666286235 -0.13982182226466908 0.11045240890632869 -0.13300544796139954 0.0061008084928069204 0.028711111571132656 -4851.4999999999991 -0.025806451612903233 0.0042883381374457085 -0.1927477050776997 0.084507521325176152 -0.097560648423024407 0.095465966194609467 -0.094339622641509344 -0.085316144476974706 0.047920409288067532 -4548.4999999999991 1.5000000000000002 0.054222949618924078 -0.11491442542787238 3.5000000000000004 0.07721878561966343 0.12543874399969138 -0.15178571428571444 0.071263625801403066
decision_type=8 10 10 10 10 10 8 10 8 8 10 2 8 10 10 10 10 10 10 10 10 2 2 10 10 2 10 10 10 10
left_child=2 3 19 8 18 7 28 -6 22 13 23 -8 -13 -10 -9 27 -12 25 -3 -1 21 -16 -2 24 -4 -11 -15 -7 -5 -18
right_child=1 4 10 6 5 15 11 14 9 17 16 12 -14 26 20 -17 29 -19 -20 -21 -22 -23 -24 -25 -26 -27 -28 -29 -30 -31
leaf_value=-0.029551475217217533 0.044306877787200091 0.083157707643487733 -0.011092071168286418 0.080742582756237302 -0.044174376999860786 0.02887316311749117 -0.023042614384667617 0.03291363147711434 -0.0514313142046968 -0.010528667590299162 0.033810621822982521 0.0055311861613418882 0.025702344761563911 -0.017235103116308399 0.033203374347535501 0.072745384842410207 -0.016504210667516315 0.10391539258900413 0.044533801844494444 -0.061781485670299258 0.024694582149612839 0.0086422067973145802 0.0052457970719276652 -0.0090852835967103543 -0.033853350123459844 0.0084416469524294883 0.0082406524012452395 0.046273386720468102 0.039137370058827239 0.013946178562219523
leaf_weight=930.66116759181023 567.51958376169205 763.16533163189888 1842.6354907751083 443.03909905254841 589.47159722447395 5113.5229745954275 1353.0734415203333 4068.5673352479935 1048.5062104314566 2980.5216845870018 575.72884568572044 15194.081447809935 4119.5682767182589 15386.598485305905 1454.5325949639082 809.85152700543404 3396.6014120280743 94.35171402990818 2706.4953443706036 8678.5392452478409 5727.8419931083918 15072.958074808121 5710.1219875365496 2011.0725701451302 9975.1706673651934 5437.7070280313492 1090.6190662384033 3028.6607608795166 1204.3984502851963 717.60041046142578
leaf_count=4354 2603 3435 8511 1977 2750 23276 6195 18459 4891 13693 2609 69514 18809 70865 6620 3654 15673 418 12245 40707 26007 68652 26217 9264 46303 24935 4987 13659 5449 3272
internal_value=2.34534e-05 0.0103179 -0.0343666 0.000200483 0.0243695 0.0215969 0.0108297 0.0158983 -0.00713896 -0.0109762 -0.021761 0.00768121 0.00983366 -0.0176956 0.0172435 0.038729 -0.00566846 0.00285776 0.0530293 -0.05866 0.0143788 0.0108038 0.00877705 -0.0272186 -0.0303044 0.0017251 -0.0155489 0.0353456 0.0503261 -0.011193
internal_weight=122093 93965.2 28128 54630.1 39335.1 35865.4 22314.2 26913.4 32315.9 26038.3 18518.8 20666.7 19313.6 17525.7 26323.9 8952.04 4689.93 8512.58 3469.66 9609.2 22255.3 16527.5 6277.64 13828.9 11817.8 8418.23 16477.2 8142.18 1647.44 4114.2
internal_count=560003 429310 130693 250553 178757 163077 101944 122488 148609 119789 85632 94518 88323 80743 119738 40589 21554 39046 15680 45061 101279 75272 28820 64078 54814 38628 75852 36935 7426 18945
is_linear=0
shrinkage=0.05


Tree=2
num_leaves=31
num_cat=0
split_feature=13 9 33 38 37 5 8 7 3 13 1 7 29 33 33 33 0 7 9 9 33 5 33 37 38 38 33 19 33 33
split_gain=15665.3 3986.56 3457.53 2199.31 1649.51 1166.23 711.786 711.286 645.517 577.479 552.511 514.837 501.572 479.581 411.851 402.56 356.762 349.133 319.649 293.249 287.161 280.462 274.404 248.722 237.87 228.9 227.617 245.63 221.916 227.213
threshold=0.022870843924857019 0.033665452954585284 -1405.4999999999998 -0.10825291651658324 0.028146857196373224 -0.13524651947605346 0.091417603694778263 -0.16806284100278937 -0.11340206185566996 0.011552497132727773 -0.1010179853846223 -0.0030395136778115779 -0.079423724344370381 -4282.4999999999991 -4851.4999999999991 -4530.4999999999991 0.068622239228265949 -0.29842414585187177 0.017220933077208973 0.012733192161319254 -4677.4999999999991 -0.10563380281690098 -2210.4999999999995 0.10659848239526949 0.20294155151517848 -0.0050728237336964957 -4830.4999999999991 -0.22729914812144011 -4548.4999999999991 -2227.4999999999995
decision_type=10 10 2 8 10 8 8 8 10 8 10 10 8 2 2 2 10 10 8 10 2 10 2 10 10 10 2 8 2 2
left_child=2 3 5 8 7 15 13 -5 -2 21 -3 14 -9 -7 -12 -1 -8 -16 -14 -15 -19 -4 -17 28 -22 -24 -20 -28 -6 -30
right_child=1 10 9 4 23 6 16 12 -10 -11 11 -13 18 19 17 22 -18 20 26 -21 24 -23 25 -25 -26 -27 27 -29 29 -31
leaf_value=0.052042571596978518 0.05530877111616736 0.064415078709242221 -0.031299083127507309 0.0071018293321974957 0.031543678836228675 -0.0017810141496779263 -0.010819057098265694 0.0084138757978302042 0.021794951239337348 -0.02632652154363508 -0.030831874876925097 0.05229387278241289 -0.017682357754770024 -0.038174174913094473 0.042513486196921024 -0.008532683982889663 0.080475077862849964 0.049964709054013082 -0.025514908800976156 -0.022838913024363319 0.018661635609206025 -0.06225129651131292 0.015023501344291298 0.02871743142782503 0.035601838629312557 0.095589033067574922 -0.0088351195683001021 0.0041706579907817695 0.0051634201999094633 0.019372701459893501
leaf_weight=438.83737456798553 1983.7508991807699 1087.0268052220345 812.10870110988617 11586.47324962914 1362.7432124316692 1422.1872185617685 6155.5778312236071 4298.4316027015448 5211.3131055384874 1596.0613266527653 321.41652570664883 1947.8448471575975 8960.6682253479958 8190.7384167909622 2798.7496464848518 2276.9207623749971 108.90538749098778 949.39903782308102 1387.0427291989326 5032.9623241275549 12021.364689543843 7406.6694250404835 898.92284648120403 2822.6603730767965 2503.8762467652559 97.749946311116219 10668.326111420989 5502.9820757806301 7826.4713565856218 4392.2894949018955
leaf_count=1988 8847 4829 3812 52853 6191 6601 28465 19615 23630 7419 1473 8691 41506 38520 12515 10459 480 4261 6407 23396 54355 35542 4125 12732 11229 445 48960 25148 35685 19968
internal_value=-0.00018195 0.0110464 -0.0287546 0.00494154 0.00174905 -0.0187521 -0.0233371 -0.00345933 0.031035 -0.0538482 0.0296756 0.0278373 -0.00743002 -0.0293704 0.0252755 0.0070732 -0.00923195 0.0262623 -0.00999814 -0.0323375 0.0233232 -0.0591929 0.00104489 0.0152124 0.0215818 0.0229251 -0.0060766 -0.00440935 0.0124057 0.0102712
internal_weight=122070 87632.8 34437.6 66003.2 58808.1 24622.8 20910.4 42403.9 7195.06 9814.84 21629.7 20542.7 30817.5 14645.9 18594.8 3712.43 6264.48 18273.4 26519 13223.7 15474.6 8218.78 3273.59 16404.2 14525.2 996.673 17558.4 16171.3 13581.5 12218.8
internal_count=560147 398895 161252 301542 269065 114479 97462 194489 32477 46773 97353 92524 141636 68517 83833 17017 28945 82360 122021 61916 69845 39354 15029 74576 65584 4570 80515 74108 61844 55653
is_linear=0
shrinkage=0.05


Tree=3
num_leaves=31
num_cat=0
split_feature=9 9 33 7 28 37 38 7 20 33 33 19 12 19 37 37 33 37 32 26 19 33 7 0 7 32 32 28 9 32
split_gain=13890.3 4086.4 2382.82 1168.67 1202.74 1145.66 1217.89 926.903 666.304 639.787 679.967 578.492 543.128 509.292 423.317 422.684 384.288 367.46 324.005 313.419 284.794 282.444 273.303 267.807 265.803 261.495 258.82 255.147 230.638 206.299
threshold=0.012733192161319254 0.025029578177963235 -1433.4999999999998 -0.20090808827318921 0.047920409288067532 -0.11049420264583375 0.18558110538202768 -0.14301961963709972 0.1695657000174173 -4851.4999999999991 -4593.4999999999991 -0.22729914812144011 0.035714285714285733 0.03824444117977497 0.0071401728672674256 -0.081272084805761854 -4767.4999999999991 -0.057548298978637939 5.5000000000000009 0.31072437449556101 -1.0000000180025095e-35 -4851.4999999999991 -0.17439498376111426 0.084507521325176152 -0.055791732550259758 4.5000000000000009 4.5000000000000009 -0.079079407582409819 0.035586937440573251 5.5000000000000009
decision_type=8 10 2 8 10 10 10 8 10 2 2 8 10 10 10 10 2 10 2 10 8 2 10 10 8 2 2 10 10 2
left_child=2 3 7 15 11 21 8 16 -7 -10 22 25 -4 17 29 -2 -1 -12 24 -18 26 -3 -11 -8 -14 -5 -6 -23 -19 -9
right_child=1 5 12 4 20 6 23 14 9 10 13 -13 18 -15 -16 -17 19 28 -20 -21 -22 27 -24 -25 -26 -27 -28 -29 -30 -31
leaf_value=0.072887403389713737 0.036270653559279727 -0.010327174895985856 -0.063727752735027857 -0.023765092389108487 -0.016470081557997708 -0.03621780356155839 0.033447309360624525 -0.042973491103602636 -0.025940111565294906 0.055349619938033889 0.022418980077240264 -0.0021052340436316739 -0.0019020305018926523 0.02246169890571062 -0.013329619618962358 0.0094347716350286423 -0.0088193914006322316 0.0018219702138743844 -0.051158309554484173 0.039603600685699313 0.017979042511567588 0.07024250627758781 0.025310523572122559 0.064421144900203745 -0.046911682914104164 -0.011100952347059531 0.0084517268193106034 0.039950666262566881 0.014077407236099813 -0.027692252492316605
leaf_weight=168.98235356807709 1821.6051686704159 187.79277677834034 5478.5250981301069 6626.6257910579443 1451.4632883667946 656.14304251968861 5650.4138397723436 3842.480392947793 946.74506919085979 1317.2685226202011 4179.5783719420433 13344.603789567947 836.66801534593105 10712.443155184388 3327.4940596818924 7544.3586695492268 3469.2997386902571 11540.442825719714 1972.5786666423082 369.78366743028164 5241.6717375069857 1220.5470447540283 1780.9168605953455 796.20117351412773 539.53316432237625 10590.768258661032 3690.9844263494015 1614.9115096479654 5752.5450428426266 5194.1602273285389
leaf_count=761 8126 854 27037 30834 6687 3092 25092 18277 4377 5868 18791 61358 3979 48151 15608 34273 16057 52552 9475 1691 23765 5327 7967 3470 2603 49103 16899 7096 25851 24614
internal_value=-3.01857e-05 0.0085884 -0.033092 -0.00127929 -0.00492388 0.0192982 0.017222 -0.0218024 0.0137177 0.0146221 0.0157105 -0.00991897 -0.0540312 0.0135569 -0.028576 0.0146541 -0.000907087 0.00911438 -0.0381678 -0.00415525 0.0097774 0.049057 0.0380824 0.0372728 -0.0195479 -0.0159751 0.00141751 0.05299 0.00589876 -0.03419
internal_weight=121868 96668 25199.5 50312.1 40946.1 46355.9 43332.7 16372.2 36886.1 36229.9 35283.2 30562 8827.3 32185 12364.1 9365.96 4008.07 21472.6 3348.78 3839.08 10384.1 3023.25 3098.19 6446.62 1376.2 17217.4 5142.45 2835.46 17293 9036.64
internal_count=559635 439533 120102 231045 188646 208488 195211 77008 166649 163557 159180 141295 43094 145345 58499 42399 18509 97194 16057 17748 47351 13277 13835 28562 6582 79937 23586 12423 78403 42891
is_linear=0
shrinkage=0.05


Tree=4
num_leaves=31
num_cat=0
split_feature=10 10 13 19 13 32 38 28 7 13 38 32 28 4 28 32 33 33 33 12 28 33 33 33 32 33 33 33 3 9
split_gain=13544.9 4354.02 2687.78 1375.24 984.205 803.51 743.78 602.916 816.231 599.532 585.503 568.307 494.736 483.014 518.186 468.806 369.372 434.397 403.861 330.776 304.723 287.241 284.362 962.268 362.499 284.349 260.196 427.636 257.34 242.155
threshold=0.015744364022426117 0.026430136065766146 0.01202658392641256 -0.20185826050768665 0.0024865566532232732 3.5000000000000004 -0.10195077308128052 0.098881267686344906 -0.2856818476709484 0.0097412922891701934 -0.12936478857292452 2.5000000000000004 0.016113143717673386 -0.097560648423024407 0.06397254386393729 4.5000000000000009 -3507.4999999999995 -4677.4999999999991 -1789.9999999999998 0.035714285714285733 0.069583983009359418 -4096.4999999999991 -1776.4999999999998 -2192.4999999999995 9.5000000000000018 -4076.4999999999995 -2665.4999999999995 -2759.4999999999995 -0.094999999999998239 0.036131267250919946
decision_type=8 10 10 8 10 2 10 10 10 10 8 2 10 10 10 2 2 2 2 10 10 2 2 2 2 2 2 2 10 10
left_child=2 3 19 6 -3 11 21 8 -7 -8 -5 28 -12 -4 -15 -11 17 -9 -18 -1 -17 -2 23 26 -25 -23 27 29 -6 -10
right_child=1 4 13 10 5 7 9 16 22 15 12 -13 -14 14 -16 20 18 -19 -20 -21 -22 25 -24 24 -26 -27 -28 -29 -30 -31
leaf_value=-0.062176245590573789 -0.0040220205238927637 -0.025982525573689377 0.013827645848347048 0.039760784019377104 0.042295099325551234 0.041780414357692149 -0.044158484612192545 0.046457559801791851 0.012651274238481672 -0.019623893679294038 -0.0012877706687360576 -0.0077432577050380053 0.013543588759802437 -0.026263640489804604 0.00028582137821181968 -0.0077931156503132345 0.055669713679038717 -0.00018280458273361284 0.019014037072502453 -0.042803217281860637 0.012104715989352552 0.11089673537371117 0.0073613999223862822 0.063711161427621468 0.026106858876108453 0.018254858803369235 0.0013053777962723715 0.1275482626729538 0.01390194574606673 0.028747307967725622
leaf_weight=5408.0218423604965 1988.9367923736572 1125.7756676971912 971.33511677384377 1344.0477451533079 897.58904546499252 4318.6576588004827 1365.380752325058 934.51147510111332 6875.2987729460001 8224.1222523748875 11782.463108941913 3234.9063136875629 10755.499590426683 13095.828228890896 2137.9007973223925 12491.795449256897 3367.1760171204805 1071.8175347447395 967.29656217992306 3718.1922760158777 2274.4615885019302 85.762115553021431 4902.0307600796223 1589.2150585204363 1073.9650498181581 2420.936918720603 2568.092469766736 90.055144056677818 7194.8073648065329 3539.664339825511
leaf_count=27458 9078 5292 4425 5923 3970 18958 6644 4087 30971 38389 54062 14500 48678 62238 9854 57867 14788 4723 4261 18265 10349 376 21996 7111 4807 10894 11532 405 32297 15701
internal_value=-4.12947e-05 0.00850162 -0.0325804 -0.00117308 0.0201626 0.0213814 -0.00851937 0.0255113 0.0220133 -0.0119685 0.00770184 0.00997031 0.00579001 -0.0203579 -0.0225377 -0.0100567 0.0392791 0.0215414 0.0474895 -0.0542833 -0.00472823 0.0101665 0.0178769 0.0211527 0.0485467 0.0214244 0.0155721 0.0190598 0.0170512 0.0181217
internal_weight=121816 96484.3 25331.3 52733.4 43750.9 42625.1 28851.4 31297.8 24957 24355.8 23882 11327.3 22538 16205.1 15233.7 22990.4 6340.8 2006.33 4334.47 9126.21 14766.3 4495.64 20638.3 15736.3 2663.18 2506.7 13073.1 10505 8092.4 10415
internal_count=559899 437659 122240 242260 195399 190107 133597 139340 111481 113249 108663 50767 102740 76517 72092 106605 27859 8810 19049 45723 68216 20348 92523 70527 11918 11270 58609 47077 36267 46672
is_linear=0
shrinkage=0.05


Tree=5
num_leaves=31
num_cat=0
split_feature=10 10 13 13 37 20 5 37 1 37 5 28 32 32 37 13 37 5 32 36 35 5 28 5 5 13 43 43 43 37
split_gain=12335.9 3688.21 2735.61 1429.3 864.979 833.849 689.769 754.352 671.599 624.76 549.535 554.851 488.824 475.431 452.997 448.986 368.378 356.371 351.364 337.518 312.709 310.658 301.078 288.583 249.024 241.226 240.586 217.463 191.807 179.502
threshold=0.016189666707556529 0.028784045461804793 0.0097412922891701934 0.03419777976469731 -0.091431857389313073 0.11045240890632869 -0.13300544796139954 0.0061008084928069204 -0.094339622641509344 0.098525802442140611 -0.13953488372092973 0.048875672212721544 3.5000000000000004 2.5000000000000004 0.032981214793073484 0.0042883381374457085 -0.081272084805761854 -0.12669429914207 4.5000000000000009 0.99979321753515238 0.088733536934453419 -0.21467447570029882 0.098881267686344906 -0.085316144476974706 -0.13524651947605346 0.020378675748787645 1.5000000000000002 3.5000000000000004 1.5000000000000002 -0.075203252032590803
decision_type=8 10 10 10 8 10 8 8 10 10 10 10 2 2 10 10 10 8 2 2 10 8 10 10 10 10 2 2 2 10
left_child=2 3 23 6 21 -3 26 15 -7 12 -4 25 13 29 17 -8 -14 28 -17 -11 27 -5 24 -1 -18 -12 -2 -9 -6 -10
right_child=1 5 10 4 14 8 7 20 9 19 11 -13 16 -15 -16 18 22 -19 -20 -21 -22 -23 -24 -25 -26 -27 -28 -29 -30 -31
leaf_value=-0.025464556485725216 0.038079079009132169 -0.040217797086128375 0.0054102201337356192 0.064189652893448509 0.043413832765821975 0.056668706002825558 -0.047195194741742726 -0.0091771217104561192 0.040303931823647082 0.032224100850226339 -0.034129236015553566 -0.0043521420992985943 0.040456302749584644 -0.013171904111763839 0.016125370639065665 -0.022882414490640587 0.027810982482677511 -0.0024058297925074745 -0.0079184099428474038 0.072062758841639374 0.10326278474782402 0.024899043744773919 0.033370014222235768 -0.057666014958805023 0.012845815875993708 -0.020721123644610394 0.0054110133295853305 0.007554849861907572 0.010652819111627236 0.011605176983182147
leaf_weight=770.66463123261929 622.0737387239933 540.79865835607052 1977.3036956042051 827.67458580434322 512.64975769817829 1369.3011458367109 1046.4415383785963 2988.7293884754181 615.90769985318184 4631.9323640167713 6307.5002126097679 3384.1014021188021 2377.4954596608877 2098.8405512571335 8697.5430053919554 6218.062831312418 3690.3394899368286 11897.619097352028 10627.554200276732 600.58792552351952 76.460633724927902 1282.8501608371735 3230.6297247856855 7158.3610063940287 11266.701534569263 7165.1084773242474 5994.744127959013 5544.3201191574335 3476.9773583561182 4723.1100743710995
leaf_count=3817 2761 2633 9135 3537 2287 5880 5218 13806 2695 20167 30706 15763 10325 9435 38888 29241 16314 54341 49430 2563 326 5684 14104 37087 50298 34151 27359 25304 15672 21135
internal_value=8.37103e-05 0.00853395 -0.029899 0.000980514 0.00958944 0.021389 -0.00595877 -0.00956436 0.0223518 0.0209379 -0.0195269 -0.022452 0.0179746 0.00698996 0.00695239 -0.015416 0.0219474 0.00193061 -0.0134419 0.0367968 0.00259644 0.0403075 0.019528 -0.0545362 0.0165382 -0.0269984 0.00848227 0.00169442 0.0148625 0.0149159
internal_weight=121722 94959.3 26763 59813.7 26695.3 35145.6 33118.4 26501.6 34604.8 33235.5 18834 16856.7 28003 7437.86 24584.8 17892.1 20565.2 15887.2 16845.6 5232.52 8609.51 2110.52 18187.7 7929.03 14957 13472.6 6616.82 8533.05 3989.63 5339.02
internal_count=560062 429403 130659 273854 120409 155549 153445 123325 152916 147036 89755 80620 124306 33265 111188 83889 91041 72300 78671 22730 39436 9221 80716 40904 66612 64857 30120 39110 17959 23830
is_linear=0
shrinkage=0.05


Tree=6
num_leaves=31
num_cat=0
split_feature=10 10 13 19 37 4 20 13 19 4 28 37 7 12 36 28 28 1 7 10 33 38 28 33 38 33 43 33 37 7
split_gain=11387.6 3446.63 2627.51 1090.76 988.717 1001.47 679.863 543.671 458.89 444.668 442.298 436.407 422.238 414.32 375.984 364.614 327.119 263.788 245.327 224.396 224.369 306.668 193.303 200.317 189.052 183.403 238.238 176.627 175.467 172.763
threshold=0.016189666707556529 0.024966996266337114 0.012956261270977694 -0.17287356511024507 -0.088622291021675723 0.13332178666286235 0.14005292272938175 0.0058480769895529515 -0.33019644655453811 -0.11022247604543432 0.071263625801403066 -0.10186639045981642 -0.19484055827710503 1.0000000180025095e-35 0.99979321753515238 0.046812997764702817 0.069583983009359418 -0.080357142857142613 -0.289748119960134 0.013394054788273361 -4937.9999999999991 -0.092666194579595837 0.14155599341342337 -4548.4999999999991 0.06585274208394 -4096.4999999999991 1.5000000000000002 -4786.4999999999991 0.034022186236324699 -0.10483330208949197
decision_type=8 10 10 8 10 10 10 10 10 10 10 8 8 10 2 10 10 10 10 10 2 10 10 2 8 2 2 2 10 10
left_child=2 3 13 7 17 6 -6 -2 18 -4 19 -5 25 -1 -7 20 24 -3 -8 -11 -13 -22 23 -20 -14 -9 -27 -10 -23 -15
right_child=1 4 9 11 5 14 8 12 27 10 -12 15 16 29 -16 -17 -18 -19 22 -21 21 28 -24 -25 -26 26 -28 -29 -30 -31
leaf_value=-0.060341152905490816 -0.045759295900016622 0.05827706463911906 0.019711950577663392 0.049453162188978758 -0.037467678361243498 0.025828764544196692 0.021813894965268695 -0.0080855828128664833 0.047043233990315514 -0.028434019356551293 0.0030722119624430472 -0.021232569434807492 -0.015263477390257643 -0.020321044176152908 0.064294716630482002 0.015987819474137483 0.005785949607726785 0.031669805645733816 0.020942469382708044 -0.015899309455028609 0.02128357887603179 -0.0045395365434136598 0.030272556764532044 0.0012943575738668626 0.00085202726478806267 0.062151007614905988 0.0093124330586378864 0.017056612987989758 0.0096042704737099027 -0.044357044368561721
leaf_weight=4877.1314329057932 965.66874076426029 1307.048505038023 774.68115696310997 579.9001751691103 715.0272473692894 10012.532847449183 2269.724493175745 1489.8492475152016 507.23775447905064 7102.5362779945135 1982.0815076678991 1049.0938046276569 14677.063181474805 945.7648262232542 678.30334354937077 5757.0853602439165 2603.3047759830952 3242.282488361001 1429.2453792840242 7179.8088861405849 1910.7660905271769 7609.8544995337725 683.90368294715881 14044.197495102882 2077.4267948567867 230.95312502980232 2795.4361709207296 15404.378070890903 3080.4775833487511 3567.8828526437283
leaf_count=26224 4898 5520 3498 2489 3522 43590 9938 6718 2220 34542 9118 4890 68909 4703 2859 25770 11874 13996 6361 34408 8566 35031 2992 63465 9606 1006 12635 68511 13863 18294
internal_value=3.13957e-05 0.0080985 -0.029002 -0.00198283 0.017084 0.0148732 0.0107875 -0.00897912 0.0117923 -0.0172983 -0.0190611 0.00671204 -0.00749142 -0.0502377 0.0282693 0.00543491 -0.0107032 0.0393142 0.00642127 -0.0221328 0.000984126 0.00283376 0.00425897 0.00310921 -0.0132653 0.00627513 0.0133447 0.0180125 -0.000463921 -0.0393207
internal_weight=121551 95120.8 26429.9 44826.9 50293.9 45744.6 35053.7 24839.7 34338.7 17039.1 16264.4 19987.2 23874 9390.78 10690.8 19407.3 19357.8 4549.33 18427.1 14282.3 13650.2 12601.1 16157.3 15473.4 16754.5 4516.24 3026.39 15911.6 10690.3 4513.65
internal_count=560016 429229 130787 206255 222974 203458 157009 115646 153487 81566 78068 90609 110748 49221 46449 88120 90389 19516 82756 68950 62350 57460 72818 69826 78515 20359 13641 70731 48894 22997
is_linear=0
shrinkage=0.05


Tree=7
num_leaves=31
num_cat=0
split_feature=10 13 13 10 38 9 33 19 20 13 32 4 32 33 33 32 32 33 33 36 3 38 32 33 33 33 35 32 32 7
split_gain=10454 3835.48 1495.45 1283.13 1057.12 872.937 746.5 741.6 580.343 556.94 486.179 383.969 367.315 326.069 423.466 333.196 532.833 408.41 507.856 306.612 272.413 266.092 257.181 251.322 348.289 726.919 249.095 205.949 192.429 192.12
threshold=0.013954835909427364 0.037473888688400507 0.0070343724659558239 0.023833864015733144 -0.1437645819475388 0.036131267250919946 -4548.4999999999991 -0.1025889897184991 0.1695657000174173 0.0080459770114939422 6.5000000000000009 -0.08469265434502081 3.5000000000000004 -3596.4999999999995 -3456.4999999999995 8.5000000000000018 3.5000000000000004 -2210.4999999999995 -1569.4999999999998 0.99979321753515238 -0.12442396313363939 0.027851477808664264 3.5000000000000004 -1417.4999999999998 -2177.4999999999995 -2161.4999999999995 0.088733536934453419 4.5000000000000009 10.500000000000002 -0.11392291516216789
decision_type=8 10 10 10 8 10 2 8 10 10 2 10 2 2 2 2 2 2 2 2 10 10 2 2 2 2 10 2 2 10
left_child=2 3 29 7 20 13 -5 9 -8 -2 -10 -4 -11 27 -15 16 -16 -18 -19 22 -3 -13 -7 24 -12 -26 -9 -6 -17 -1
right_child=1 4 11 6 5 19 8 26 10 12 23 21 -14 14 15 28 17 18 -20 -21 -22 -23 -24 -25 25 -27 -28 -29 -30 -31
leaf_value=-0.024001621859520109 -0.044780403550802234 0.053924262208644706 0.0099004876091648483 0.034409223225282275 -0.010155506615804104 0.0097232941389068187 -0.037304295905533712 0.00029274153794626019 -0.0027003612979205529 -0.023090700957366646 0.010049090354737646 -0.030608354959232049 -0.0081460897521687375 0.042818220214633683 0.0038609878505170428 -0.0054460903922534335 0.010887376927095014 0.053880882646104633 0.018475332877197759 0.053476094624046226 0.02841230374609471 -0.010139237595377718 0.026030363665848311 -0.0092346370019272782 0.11551773604801452 0.02376475508076208 0.090241588352320351 0.0062020215623656344 0.012103940245428423 -0.057334887425051773
leaf_weight=466.90311539173126 1403.4697520136833 1964.933123126626 752.24534377455711 2217.6908177137375 2746.499987795949 3133.6472460776567 824.4352683275938 12684.934705555439 8732.9562700092793 5659.0421455204487 5311.7253713011742 9066.6738547235727 15036.11319552362 1101.6358069032431 5418.4590428471565 3828.9880581647158 3069.2344883084297 1903.9455685019493 2164.0126584172249 837.06511054933071 2238.2741203159094 1924.7815814316273 10584.731658414006 1025.2785274982452 240.63387425243855 2097.340122282505 77.438468024134636 6427.6104365438223 2637.9752455353737 5827.9375485479832
leaf_count=2386 7280 8214 3499 9787 12402 13742 4092 58496 39567 26953 23874 44982 70505 4895 24341 17125 13757 8289 9698 3534 9614 9235 45864 4667 1063 9363 323 28749 11752 32079
internal_value=-7.64726e-05 0.00605265 -0.0351988 -0.00292493 0.0163854 0.0140895 0.00701817 -0.00875773 0.00368647 -0.0142997 0.00562778 -0.0246587 -0.0122327 0.00911733 0.0126788 0.0109333 0.0156825 0.0246572 0.0350464 0.024098 0.0403387 -0.0270239 0.0223054 0.0140116 0.0171272 0.0332083 0.000838526 0.00130499 0.00171284 -0.0548625
internal_weight=121407 103368 18038.5 55311.1 48057 43853.8 20450.1 34861 18232.4 22098.6 17407.9 11743.7 20695.2 29298.4 20124.3 19022.6 12555.7 7137.19 4067.96 14555.4 4203.21 10991.5 13718.4 8674.98 7649.7 2337.97 12762.4 9174.11 6466.96 6294.84
internal_count=560127 467946 92181 255970 211976 194148 92413 163557 82626 104738 78534 57716 97458 131008 89857 84962 56085 31744 17987 63140 17828 54217 59606 38967 34300 10426 58819 41151 28877 34465
is_linear=0
shrinkage=0.05


Tree=8
num_leaves=31
num_cat=0
split_feature=13 10 10 38 37 20 10 37 38 32 32 28 32 33 33 0 33 43 32 12 33 5 43 5 5 32 43 33 33 0
split_gain=9628.26 2848.68 2707.14 1046.45 992.912 663.256 639.977 560.675 653.222 510.237 400.289 390.188 380.657 361.978 1063.03 361.274 342.683 534.64 327.628 312.918 310.076 304.779 296.532 265.168 259.654 257.477 277.169 236.29 285.51 235.173
threshold=0.022358408004293579 0.010677296250125924 0.027376450478499476 -0.10195077308128052 0.029082774049181585 0.38938502660900504 0.023833864015733144 -0.083589237713692907 0.18558110538202768 3.5000000000000004 3.5000000000000004 0.07721878561966343 2.5000000000000004 -1776.4999999999998 -2192.4999999999995 0.089706207247276862 -4096.4999999999991 1.5000000000000002 9.5000000000000018 1.0000000180025095e-35 -4786.4999999999991 -0.16071495613455758 3.5000000000000004 -0.012195121951219577 -0.13087293761615668 10.500000000000002 6.5000000000000009 -2130.4999999999995 -2177.4999999999995 0.084507521325176152
decision_type=10 8 10 8 10 8 10 10 10 2 2 10 2 2 2 10 2 2 2 10 2 8 2 10 8 2 2 2 2 10
left_child=1 19 3 16 9 27 15 -4 10 -5 12 24 -9 14 20 21 -2 18 -18 -1 -12 -7 -23 -16 -11 26 -22 28 -3 -6
right_child=2 5 7 4 29 6 -8 8 -10 11 13 -13 -14 -15 23 -17 17 -19 -20 -21 25 22 -24 -25 -26 -27 -28 -29 -30 -31
leaf_value=-0.05835182994390023 0.0025031182484867888 -0.024138314606082206 0.035309243708794784 -0.016533276369559039 0.0088132548485134916 0.0068328613740423413 0.0087041763689403792 0.009788962225650219 0.031723296699426473 0.0068917383476942533 0.053705609279084035 0.015893321907999941 -0.01605026249766689 0.0038479878555090032 0.064537109440945498 0.089462587002464677 0.090018624377767795 0.020604644016805 0.0069938914987273063 -0.03941469755500529 0.0058784277346175147 -0.025616631582348365 -0.010755329998068037 0.034971629226753155 -0.0073052280982234393 0.023681176354916889 0.055739551040729363 -0.046126975380018115 0.10546935376223131 0.048665238474336556
leaf_weight=4114.7526890188456 1875.7420691847801 1850.702938169241 4324.5306031852961 8952.7546845972538 12576.319316029549 1355.2912516593933 3455.0600780844688 5513.4364117532969 5624.0701467096806 3929.783961519599 462.16406108438969 2559.7440282255411 1922.269612506032 4343.7797986418009 1152.4884607940912 82.019692331552505 491.74197873473167 3570.7742874473333 156.68631033599377 4642.8305502980947 8576.2180852144957 6588.5981268584728 6842.5681998431683 2217.802339926362 17847.778536841273 3401.2539479285479 288.07733538746834 1897.2425080835819 43.489723592996597 381.41900213062763
leaf_count=23574 8313 8930 18276 42252 56489 6256 15641 24433 23889 17988 1962 11530 8675 19147 4945 341 2086 15749 677 24139 37627 32250 33120 9582 83544 14842 1253 9960 206 1646
internal_value=-7.66898e-05 -0.0241768 0.00817485 0.00080999 -0.0017565 -0.0146191 -0.0106803 0.0183661 0.0161791 -0.00632725 0.0130431 -0.00257285 0.00310904 0.0166567 0.0201129 -0.0151847 0.0202843 0.0281893 0.0699565 -0.0483123 0.0135011 -0.0157652 -0.0180455 0.0450817 -0.00474337 0.0119862 0.00749885 -0.0336548 -0.0211626 0.00998632
internal_weight=121041 30872.6 90168.8 52342.7 46247.8 22115 18323.5 37826.1 33501.6 33290.1 27877.5 24337.3 7435.71 20441.8 16098 14868.5 6094.94 4219.2 648.428 8757.58 12727.7 14786.5 13431.2 3370.29 21777.6 12265.5 8864.3 3791.44 1894.19 12957.7
internal_count=559322 154417 404905 240274 213449 106704 87608 164631 146355 155314 122466 113062 33108 89358 70211 71967 26825 18512 2763 47713 55684 71626 65370 14527 101532 53722 38880 19096 9136 58135
is_linear=0
shrinkage=0.05


Tree=9
num_leaves=31
num_cat=0
split_feature=9 9 12 5 5 37 37 19 32 8 20 32 8 33 33 33 9 38 9 32 33 38 33 32 5 43 32 32 19 33
split_gain=8532.54 2311.62 1846.08 959.232 819.994 710.692 675.705 699.874 510.781 489.89 410.381 421.275 403.266 390.292 338.519 335.818 311.988 280.545 263.483 241.021 229.966 245.286 228.205 225.163 205.973 204.205 202.163 199.52 199.471 194.354
threshold=0.012733192161319254 0.025029578177963235 1.0000000180025095e-35 -0.10219299893840404 -0.16602316602316566 0.015089163237278493 -0.11593366816186 0.025574807901410795 4.5000000000000009 0.088239831569777008 0.11045240890632869 3.5000000000000004 0.076923076923076997 -2161.4999999999995 -2177.4999999999995 -4767.4999999999991 0.038802883576728009 -0.15274522501447937 0.035333144048721697 2.5000000000000004 -4916.4999999999991 0.1781421260434666 -4548.4999999999991 1.5000000000000002 -0.22349027524528961 3.5000000000000004 4.5000000000000009 1.5000000000000002 -0.25874277145084729 -4096.4999999999991
decision_type=8 10 10 8 8 8 10 10 2 10 10 2 10 2 2 2 10 10 10 2 2 8 2 2 8 2 2 2 10 2
left_child=2 4 13 9 17 8 -3 10 23 15 -8 19 28 14 -1 -4 24 -2 -9 -12 -7 22 -22 -6 -13 -24 27 -27 -5 -19
right_child=1 6 3 12 5 20 7 18 -10 -11 11 16 -14 -15 -16 -17 -18 29 -20 -21 21 -23 25 -25 -26 26 -28 -29 -30 -31
leaf_value=-0.026162559415275441 0.038146734353835102 0.03797687576927495 0.069517441745390374 -0.035616317783511889 -0.0026102013159053782 -0.020676165236153638 -0.038754875409393312 0.015698975527764808 -0.0028967627710997945 0.063143671588127295 0.0043810254955488157 0.026799661792395707 -0.010152476845714291 -0.057033030995996853 0.10070265127933112 -0.0057396167098477825 0.021930078179774319 -0.0042795976587464589 0.028353288086165985 -0.015854901304024963 0.028684648211262643 0.032405294052688001 -0.007263878355438097 -0.020380979190020632 0.0064738279104621724 0.0092420936822016735 0.013028399418776699 -0.019566620797416071 -0.022121019589785976 0.016452972016674779
leaf_weight=259.91772268712521 1117.086957141757 2870.5103426873684 155.61147682368755 6419.6697774082422 2264.1132626086473 768.23063935339451 460.08685341477394 9877.4026072472334 18827.988304421306 314.59297062456608 4852.3936842083931 1379.7239070832729 3379.2872978001833 4836.6910685300827 65.917436212301254 3126.9633217602968 6122.1954337656498 1561.8101567029953 7049.2533762156963 2111.8780280351639 982.50696590542793 917.17453686892986 3136.7641970068216 8379.2947444170713 12897.078061595559 1278.7584929913282 5571.1894222944975 1133.9533838033676 4774.5997312963009 4092.1790001243353
leaf_count=1214 4784 11988 684 33080 10677 3617 2379 43199 87627 1386 21695 5971 16308 28297 293 14999 26321 7020 30065 9604 4395 4052 14469 39821 57485 5796 25111 5198 24151 18343
internal_value=8.47221e-05 0.00657543 -0.0270794 -0.019583 -0.000929841 -0.00346229 0.0144606 0.0129521 -0.00784585 0.0035402 0.00807502 0.00886242 -0.0252905 -0.0534648 -0.000497344 -0.00217203 0.0124874 0.0152498 0.020969 -0.00175541 0.00590703 0.0074755 0.00558632 -0.0166007 0.00843814 0.0035456 0.00779249 -0.00429775 -0.0298603 0.010726
internal_weight=120985 97651.6 23333.3 18170.7 50031.1 43260 47620.5 44750 29471.4 3597.17 27823.4 27363.3 14573.6 5162.53 325.835 3282.57 20399 6771.08 16926.7 6964.27 13788.6 13020.3 12103.2 10643.4 14276.8 11120.7 7983.9 2412.71 11194.3 5653.99
internal_count=560029 439617 120412 90608 230910 200763 208707 196719 138125 17069 123455 121076 73539 29804 1507 15683 89777 30147 73264 31299 62638 59021 54969 50498 63456 50574 36105 10994 57231 25363
is_linear=0
shrinkage=0.05


Tree=10
num_leaves=31
num_cat=0
split_feature=10 10 10 19 1 19 13 13 32 0 32 5 19 3 28 33 32 38 28 32 3 3 33 33 5 28 28 33 4 5
split_gain=8266.38 2959.61 1358.42 983.039 701.145 749.966 509.074 499.833 450.913 428.926 421.304 393.973 367.621 362.432 382.067 331.725 330.621 276.167 263.388 280.698 243.107 241.707 237.36 307.54 230.207 290.987 223.597 215.08 212.892 193.031
threshold=0.013954835909427364 0.023934015467968753 0.0076301418459634096 -0.19279770665982268 -0.07360406091370468 -0.20185826050768665 0.0024865566532232732 0.0024865566532232732 3.5000000000000004 0.084507521325176152 2.5000000000000004 -0.13087293761615668 -0.15474643030326674 -0.11025145067698276 0.0356426865866823 -4744.4999999999991 4.5000000000000009 -0.11050569470544606 0.12977148220645096 10.500000000000002 -0.07268493649896228 -0.13888888888888887 -4282.4999999999991 -4344.9999999999991 -0.12068939357870799 0.15229355661113361 0.07721878561966343 -4040.4999999999995 -0.073920254082424627 -0.16602316602316566
decision_type=8 10 10 8 10 10 10 10 2 10 2 10 10 8 10 2 2 10 10 2 10 10 2 2 10 10 10 2 10 8
left_child=2 3 -1 6 21 7 -2 -6 10 24 -9 20 28 -5 29 -10 -13 -17 19 -19 -8 -3 23 -18 -7 -26 -24 -20 -4 -15
right_child=1 4 12 13 5 9 11 8 15 -11 -12 16 -14 14 -16 17 22 18 27 -21 -22 -23 26 -25 25 -27 -28 -29 -30 -31
leaf_value=-0.052222391180753225 -0.046135956145245162 0.05423119042226518 -0.0013498827029703685 0.037650218950336045 -0.028751197039640537 0.026288361192360322 0.0177336153058218 0.005367656881163748 0.046937857133264267 0.044434626501799558 -0.019668853676668804 -0.02174502583317213 -0.012027608227128506 0.012901344417043964 0.012052219215157667 0.024112316776880974 -0.0035763503080643768 0.001587422046286409 -0.0082907195204401894 0.017153628243731043 -0.0042171884622303948 0.025776807280093211 -0.012754515577695278 0.054696132070069951 0.011192163117127795 0.029899112226074255 0.0086196426959834829 0.034583503893763766 -0.032825109534196838 -0.0044341237634475351
leaf_weight=5648.1721582263708 960.35081405937672 1118.8050286620855 589.71080580353737 770.65736448764801 979.59785898029804 4802.4136589467525 1704.6941645294428 5162.0868832468987 637.52644243836403 1481.6883893758059 2491.2205648720264 6603.5040509849787 4962.8817998468876 1853.4577067643404 7239.4601294398308 3062.2609637081623 710.53950805962086 11153.499500975013 367.34610122442245 3911.8381899595261 4850.0286588966846 2241.7530234605074 9434.2503057718277 332.31517463922501 14458.155107289553 2427.8537562042475 1405.9019899368286 1435.9330305606127 6036.9898328483105 12018.782213315368
leaf_count=33200 5364 4594 2840 3300 4939 20730 7592 23118 2727 6173 11413 32205 24824 8274 32384 13086 3341 49637 1576 17283 22357 9575 44953 1550 63205 10248 6360 6087 31451 55891
internal_value=-5.58034e-05 0.00527785 -0.0321163 -0.00383871 0.0131106 0.01169 -0.0104109 0.00636027 0.00757901 0.0184071 -0.00278195 -0.00904078 -0.0223177 0.00397061 0.00274118 0.0114342 -0.0127752 0.0102986 0.00779089 0.00562931 0.00149158 0.0352499 -0.0077906 0.0149927 0.016629 0.0138818 -0.00998242 0.0258496 -0.0300241 -0.00211795
internal_weight=120854 103616 17237.8 47883.9 55732 52371.4 26001.6 29201.3 28221.7 23170.1 7653.31 25041.2 11589.6 21882.4 21111.7 20568.4 18486.5 19930.9 16868.6 15065.3 6554.72 3360.56 11883 1042.85 21688.4 16886 10840.2 1803.28 6626.7 13872.2
internal_count=560277 467962 92315 223571 244391 230222 123722 129866 124927 100356 34531 118358 59115 99849 96549 90396 88409 87669 74583 66920 29949 14169 56204 4891 94183 73453 51313 7663 34291 64165
is_linear=0
shrinkage=0.05


Tree=11
num_leaves=31
num_cat=0
split_feature=10 10 10 20 7 4 5 38 43 20 33 38 5 20 2 33 28 36 4 7 28 32 32 1 20 3 20 7 33 33
split_gain=7483.86 2664.21 1303.23 764.835 623.041 792.635 574.732 693.268 396.756 376.088 351.613 350.972 340.908 312.355 297.592 273.478 244.407 240.388 234.612 221.836 215.743 196.767 192.833 186.754 180.428 180.293 156.622 156.614 152.995 401.997
threshold=0.013954835909427364 0.024031796766428425 0.0085405049358610752 0.51454469436402039 -0.28166297762766856 0.13332178666286235 -0.16602316602316566 0.015635007867651377 1.5000000000000002 0.057246935467542309 -4961.4999999999991 0.28649818695276336 -0.071372238030816756 0.44628606339665317 -0.077375262974596612 -4114.4999999999991 0.047920409288067532 0.99979321753515238 -0.10098499743524202 -0.16071428571428562 0.06397254386393729 3.5000000000000004 6.5000000000000009 -0.035326086956521834 0.29529043327751686 -0.071428571428571105 0.34491690638751354 -0.019351553774390625 -2192.4999999999995 -1776.4999999999998
decision_type=8 10 10 8 10 10 8 8 2 10 2 8 8 10 10 2 10 2 10 10 10 2 2 10 10 10 10 10 2 2
left_child=2 3 -1 23 14 9 8 12 -5 -6 -9 27 -8 -4 -3 22 19 28 -15 -11 -20 -14 -10 -2 -16 -17 -25 -12 -7 -30
right_child=1 4 13 6 5 17 7 10 15 16 11 -13 21 18 24 25 -18 -19 20 -21 -22 -23 -24 26 -26 -27 -28 -29 29 -31
leaf_value=-0.049038390766642959 0.007355397689990305 0.044126586081127364 -0.043828410433333367 0.050160839807493196 -0.044673364834919918 0.014776322154600022 -0.0014926606885279981 -0.019589701313557788 -0.026121328072794988 0.0093317992356849646 0.00097964470425820384 0.032678391945057748 -0.02420947177728297 0.019831410660004073 -0.020657522487245655 0.032880918638194104 0.014479004615170991 0.050083594800524905 -0.021910844933519438 0.00030291011054279062 0.00069842247299938334 -0.01043883594147006 0.019445672252439428 -0.033093329389034129 0.022258648141357314 0.008421428395343376 -0.016164966398260285 0.013086007764523492 0.039831513371219991 0.010018625743322291
leaf_weight=6244.5612215101719 597.09140431880951 1700.4850940704346 1243.0284787267447 670.31525260210037 352.51154159009457 6111.7520736455917 8509.1814217269421 1345.5252970010042 783.0085436552763 13810.476058810949 8711.1447686851025 1229.9478547424078 3662.3761412203312 409.95610979199409 255.84107437729836 1076.3138583302498 8777.4697117209435 705.93733774125576 7781.2054305970669 13407.660718098283 1220.6434307843447 8893.1659822911024 330.0411015599966 2075.6578101068735 5730.7175063043833 2511.1649689376354 3998.3798495680094 3853.0105662792921 2596.5053917914629 2002.9688560515642
leaf_count=37320 2781 6997 6872 2856 1895 26122 39964 6354 3520 60981 39967 5455 17843 1873 1230 4636 38246 2880 40149 60154 5845 42269 1494 10724 24427 11328 19245 17231 10848 8583
internal_value=-4.71601e-05 0.00498103 -0.0309013 -0.003611 0.0124565 0.0103304 -0.00108924 -0.0033535 0.0141739 0.00672054 0.00480782 0.00718764 -0.0092192 -0.0202716 0.0256678 0.00904205 0.00722385 0.0218228 -0.0171604 0.00488417 -0.018845 -0.0144556 -0.0126098 -0.0193269 0.0204246 0.0157598 -0.0219498 0.00469227 0.0199603 0.0268487
internal_weight=120598 103699 16899.4 48246.3 55452.3 47765.3 41575.2 36204.4 5370.84 36348.1 15139.6 13794.1 21064.7 10654.8 7687.04 4700.53 35995.6 11417.2 9411.8 27218.1 9001.85 12555.5 1113.05 6671.13 5986.56 3587.48 6074.04 12564.2 10711.2 4599.47
internal_count=560089 468030 92059 225667 242363 209709 192917 169083 23834 161276 69007 62653 100076 54739 32654 20978 159381 48433 47867 121135 45994 60112 5014 32750 25657 15964 29969 57198 45553 19431
is_linear=0
shrinkage=0.05


Tree=12
num_leaves=31
num_cat=0
split_feature=13 33 13 37 28 7 12 33 32 33 38 28 38 7 32 9 28 34 33 33 33 33 3 7 26 32 32 33 33 33
split_gain=6962.05 2159.24 1516.65 732.413 601.21 795.075 597.631 541.197 568.053 451.416 427.983 365.723 318.027 302.66 283.258 258.605 256.2 248.743 235.743 339.449 234.753 229.002 221.323 220.643 220.351 217.298 254.588 482.33 197.835 226.641
threshold=0.023033599635639519 -1608.4999999999998 0.044662456163625998 -0.079146615059900324 0.047920409288067532 -0.16806284100278937 0.035714285714285733 -4530.4999999999991 4.5000000000000009 -4851.4999999999991 0.20294155151517848 -0.046208435202014744 0.069845996712443528 -0.17058567552347312 1.5000000000000002 0.020069701970591092 -0.074258312440949034 3.258577076261258 -2177.4999999999995 -2161.4999999999995 -4851.4999999999991 -4851.4999999999991 -0.079646837901408959 -0.081632653061224511 0.062869874286514707 3.5000000000000004 5.5000000000000009 -2600.4999999999995 -4744.4999999999991 -4830.4999999999991
decision_type=10 2 10 8 10 8 8 2 2 2 10 10 10 10 2 8 10 2 2 2 2 2 10 8 10 2 2 2 2 2
left_child=1 7 4 21 5 22 -3 9 15 14 20 -10 -7 18 23 -9 -8 -6 -13 -20 -5 -4 -2 -1 -15 -22 27 -27 29 -19
right_child=2 6 3 10 17 12 16 8 11 -11 -12 13 -14 24 -16 -17 -18 28 19 -21 25 -23 -24 -25 -26 26 -28 -29 -30 -31
leaf_value=0.04479721791984434 0.019022144526353549 -0.053983370594748108 -0.01883102484470546 -0.021766049475958459 0.01997375665878777 -0.0085453032443643905 0.026004456940022121 -0.031589322734258678 -0.027443731694774244 0.037554202739759943 0.024877051117131739 0.0040182624199991386 0.0082334804840047265 -0.024302248725326714 -0.028159421195030024 -0.0035029531476355614 -0.031088217480927841 -0.0069352146747858256 0.11480589126302743 0.013976354702556463 0.0014384955684331768 0.034750332865978791 0.0046620621141183162 -0.02554316785601618 -0.005165165362066567 0.012049971133375116 0.0097317382574534008 0.051055569276266567 0.0038286655758425431 0.054497611015232053
leaf_weight=327.6863544434309 3477.6299206167459 4281.07682479918 207.71406905353069 592.95725207030773 4910.4286558479071 22676.304599925876 204.32557958364487 5050.8869603574276 2164.2726738154888 963.95343443751335 5425.0290860682726 1979.3195079118013 3225.8769801557064 1902.659540489316 724.32081334292889 978.31084185838699 5129.2087754160166 234.24440875649452 124.28540104627609 254.18707808852196 5500.4656550437212 4989.4460545033216 11745.640094295144 168.97521507740021 7182.4582711309195 2458.9738559424877 13744.204022631049 1169.499410957098 8190.3141630738974 418.11535826325417
leaf_count=1465 15079 27351 939 2792 21722 107059 1031 25985 10715 4421 22648 9156 14453 10142 3479 4612 27010 1043 527 1188 24417 20777 52515 835 35269 10676 59644 5039 36448 1789
internal_value=-0.000101293 -0.0203278 0.00704563 0.0153288 0.00190046 -0.00112594 -0.0400694 -0.0116296 -0.0142562 0.0119762 0.0122204 -0.00859535 -0.00645566 -0.00503043 -0.0082173 -0.027032 -0.028901 0.0109502 0.0109317 0.0470875 0.0092943 0.0326089 0.0079425 0.0208659 -0.00917297 0.0100995 0.0128417 0.0246219 0.00593935 0.0324388
internal_weight=120403 31435.9 88966.8 34088.3 54878.6 41125.5 9614.61 21821.3 19636.4 2184.94 28891.1 13607.2 25902.2 11442.9 1220.98 6029.2 5333.53 13753.1 2357.79 378.472 23466.1 5197.16 15223.3 496.662 9085.12 22873.1 17372.7 3628.47 8842.67 652.36
internal_count=560226 163186 397040 146932 250108 189106 55392 107794 97594 10200 125216 66997 121512 56282 5779 30597 28041 61002 10871 1715 102568 21716 67594 2300 45411 99776 75359 15715 39280 2832
is_linear=0
shrinkage=0.05


Tree=13
num_leaves=31
num_cat=0
split_feature=10 10 13 19 37 37 13 20 32 3 32 32 43 28 37 32 13 28 1 43 1 32 34 28 32 38 1 9 28 43
split_gain=6444.48 2323.09 1062.12 848.814 615.278 673.32 419.255 361.055 362.998 352.714 337.835 337.005 372.572 313.024 302.882 273.72 236.036 235.815 216.315 203.22 196.522 186.948 242.661 217.88 182.363 176.612 151.913 144.708 142.951 135.051
threshold=0.013394054788273361 0.023934015467968753 0.00016929529311799155 -0.24351947297700866 -0.079146615059900324 0.040682123481849748 0.0042883381374457085 0.11045240890632869 4.5000000000000009 -0.11025145067698276 3.5000000000000004 5.5000000000000009 1.5000000000000002 0.0032560183157405299 -0.059949821003143826 1.5000000000000002 0.017262876639041202 0.029738925308596932 -0.094339622641509344 6.5000000000000009 0.086538461538461578 10.500000000000002 3.1842822368296253 0.098881267686344906 8.5000000000000018 -0.086039904176786128 0.23102786475004969 0.042767777958778098 -0.013140536809254874 1.5000000000000002
decision_type=8 10 10 8 10 10 10 10 2 8 2 2 2 10 8 2 10 10 10 2 10 2 2 10 2 8 8 10 10 2
left_child=2 3 -1 6 18 7 -2 -6 15 -5 -8 12 -10 25 -12 29 -4 -16 -3 -14 -7 23 28 -13 -25 -11 -15 -26 -23 -9
right_child=1 4 16 9 5 20 10 8 11 13 14 21 19 26 17 -17 -18 -19 -20 -21 -22 22 -24 24 27 -27 -28 -29 -30 -31
leaf_value=-0.051334598574654416 -0.041127221245863294 0.046417571267100499 -0.030684410762291017 0.034925229233127825 -0.033453979632954753 0.014718268852087725 -0.01844662292842501 0.047858372160931362 0.076195828766139784 0.0099116409442250551 0.011892495871961751 0.0022042205825536627 0.014365965516908843 0.0069494426996349924 -0.011462016238800703 -0.0064568407557022995 -0.015384715599429763 0.0021478237746908315 0.021752164361545204 0.077819446353473584 0.027659765295388179 0.01393813487209046 0.007705582069726151 0.029290511087188137 -0.011921937828144782 -0.0071922032614529265 0.073260340618200026 0.046192245760981403 0.039156256105965341 0.0079349175636980167
leaf_weight=4512.4393444955349 1040.1231607198715 1077.9047482162714 4547.3893604725599 839.39111152291298 584.93334190547466 11046.810930326581 6547.8566899299622 227.17570258677006 347.82783028483391 1816.8707193285227 2269.1142287254333 12555.989715859294 1577.5098320543766 12050.971610963345 11348.219838306308 7729.7095257639885 5656.7402456253767 4423.3800519555807 5069.2041135579348 137.15162126719952 3994.0926012098789 1003.2128573209047 4085.299121722579 1481.5109465420246 590.02383966743946 8915.2198326289654 86.993687242269516 130.8811481744051 1277.6267065107822 3135.3972070366144
leaf_count=29609 6129 4369 25210 3555 3206 47043 32189 975 1468 8099 10215 55511 6915 54581 54549 34905 28744 20551 21274 586 16699 4365 17855 6263 2534 42096 362 544 5533 13923
internal_value=-0.000141394 0.00418656 -0.0311354 -0.00372584 0.0111512 0.00931265 -0.0100337 0.005498 0.00616266 0.00309264 -0.00871841 0.00972138 0.0290128 0.0019243 -0.00518757 -0.00127639 -0.0222029 -0.00764493 0.0260773 0.0194415 0.0181549 0.00783787 0.0149996 0.00474861 0.0192542 -0.00429664 0.0074247 -0.00137124 0.0280642 0.0106321
internal_weight=120107 105390 14716.6 49338.1 56052.3 49905.2 25628.7 34864.2 34279.3 23709.4 24588.6 23187 2062.49 22870.1 18040.7 11092.3 10204.1 15771.6 6147.11 1714.66 15040.9 21124.5 6366.14 14758.4 2202.42 10732.1 12138 720.905 2280.84 3362.57
internal_count=559857 476294 83563 232326 243968 218325 123633 154583 151377 108693 117504 101574 8969 105138 85315 49803 53954 75100 25643 7501 63742 92605 27753 64852 9341 50195 54943 3078 9898 14898
is_linear=0
shrinkage=0.05


Tree=14
num_leaves=31
num_cat=0
split_feature=10 13 13 28 38 13 10 5 5 43 10 28 33 33 4 33 33 33 33 32 19 10 32 33 33 19 33 38 4 33
split_gain=5866.99 2129.93 1030.64 817.235 668.583 615.312 476.989 474 424.638 430.79 377.166 294.234 299.829 288.91 286.352 249.829 444.338 241.361 300.347 234.422 225.383 225.166 215.865 321.614 203.209 203.166 202.153 201.439 199.961 199.39
threshold=0.013394054788273361 0.037473888688400507 0.00016929529311799155 0.0052717316540301 -0.14790072432499909 0.0070343724659558239 0.031962960436967933 -0.12265143084452955 -0.13300544796139954 3.5000000000000004 0.024756021531290171 0.14155599341342337 -4282.4999999999991 -4851.4999999999991 -0.08777603622431189 -4530.4999999999991 -4830.4999999999991 -1633.4999999999998 -2364.4999999999995 5.5000000000000009 0.58748100563895467 0.0080955001480594105 1.5000000000000002 -4344.9999999999991 -4511.4999999999991 -0.43394052033462621 -2837.4999999999995 -0.083037014753207891 0.1635623814255012 -2192.4999999999995
decision_type=8 10 10 10 8 10 10 8 8 2 10 10 2 2 10 2 2 2 2 2 8 10 2 2 2 8 2 10 10 2
left_child=2 3 -1 5 -3 -2 13 -7 17 15 19 12 22 -6 -4 16 -10 18 -5 -9 27 -16 -11 -24 -12 -14 -21 -15 -8 -13
right_child=1 4 14 8 6 7 28 10 9 11 24 29 25 20 21 -17 -18 -19 -20 26 -22 -23 23 -25 -26 -27 -28 -29 -30 -31
leaf_value=-0.050179740675311148 -0.033078772511972263 0.030936924376592685 0.013427865909034862 0.01568654238567847 -0.018553683084406882 0.0039741129649016535 0.012547798661625253 -0.021392396142156142 -0.019213148743524665 0.05864441144690085 0.026037773497294633 0.0077448175273341028 -0.0062778747956653133 0.015226696594469081 -0.039784137698463548 -0.016101399730375471 0.044343174928358577 -0.011393444622819529 0.050540549999853329 -0.002341321802173872 0.013486148719112582 -0.019648655048724897 -0.0039598963216487685 0.051360718914165882 -0.0028983614086108929 0.0063970442077131403 -0.018671681924356986 0.0010463291934059299 0.023892243139619924 0.045633917110569355
leaf_weight=4398.2822730839252 2279.9657564610243 4087.2569932937622 564.56118492782116 2354.3654747754335 1182.1821897923946 8320.1636460870504 12321.990001812577 6678.9948931485415 588.09733021259308 351.47051049768925 685.20918175578117 666.71268306672573 5581.8563243448734 3028.3675943315029 1688.1142615377903 4380.4754644781351 516.54584790766239 537.01142080128193 838.13859955966473 4871.5484733581543 8342.5803751200438 7820.4666474461555 806.03883500397205 389.76751942932606 5298.0906723290682 7291.3477691859007 3101.6594749689102 14475.753376528621 5672.5486201941967 724.61238771677017
leaf_count=29805 12367 16780 2690 10443 5576 37462 52707 33104 2751 1575 3000 2932 26380 13218 9880 20910 2235 2463 3664 23498 36117 41280 3649 1772 23958 33279 15070 64539 23520 3151
internal_value=-0.000134087 0.00396569 -0.0299864 -0.00267585 0.0115744 -0.00806984 0.00981662 -0.00610064 0.00405642 0.00133091 -0.0101627 0.0055193 0.00340069 0.00561747 -0.0211693 -0.0107428 0.0105066 0.0196201 0.0248369 -0.0144824 0.00672301 -0.0232234 0.0241965 0.0140716 0.000415413 0.000901165 -0.008694 0.00349966 0.016124 0.0274777
internal_weight=119844 105373 14471.4 56262.1 49110.7 31235.6 45023.4 28955.7 25026.4 21296.9 20635.5 15811.8 14420.5 27028.9 10073.1 5485.12 1104.64 3729.52 3192.5 14652.2 25846.7 9508.58 1547.28 1195.81 5983.3 12873.2 7973.21 17504.1 17994.5 1391.33
internal_count=559775 476120 83655 263663 212457 148459 195677 136092 115204 98634 98630 72738 66655 119450 53850 25896 4986 16570 14107 71672 113874 51160 6996 5421 26958 59659 38568 77757 76227 6083
is_linear=0
shrinkage=0.05


Tree=15
num_leaves=31
num_cat=0
split_feature=10 10 19 12 37 19 37 20 20 32 33 5 32 43 0 33 38 43 32 19 33 1 33 33 33 33 0 33 33 32
split_gain=5407.5 2150.5 790.337 732.234 544.596 606.441 456.451 408.571 322.452 344.691 316.942 295.023 288.414 286.664 281.132 205.773 203.292 191.33 190.625 183.222 173.022 172.964 164.622 350.101 159.364 155.121 152.456 148.599 705.22 194.949
threshold=0.012316812904356857 0.023833864015733144 -0.1025889897184991 0.035714285714285733 -0.081272084805761854 0.092894978782425627 -0.065390556350799975 0.43333396633772597 0.057246935467542309 4.5000000000000009 -4786.4999999999991 -0.18644067796610111 4.5000000000000009 3.5000000000000004 0.084507521325176152 -4851.4999999999991 0.19403224932129462 2.5000000000000004 1.5000000000000002 -0.058962505280264754 -1972.4999999999998 -0.047446394009417463 -4282.4999999999991 -4344.9999999999991 -4548.4999999999991 -4282.4999999999991 0.095465966194609467 -1776.4999999999998 -2058.4999999999995 5.5000000000000009
decision_type=8 10 8 10 10 10 10 10 10 2 2 8 2 2 10 2 10 2 2 10 2 10 2 2 2 2 8 2 2 2
left_child=3 2 6 -1 15 8 20 -8 -6 18 -11 -4 -9 -13 -7 -3 27 -14 24 -5 -2 -17 23 -19 -10 -15 -27 28 -12 -29
right_child=1 4 11 19 5 14 7 12 9 10 16 13 17 25 -16 21 -18 22 -20 -21 -22 -23 -24 -25 -26 26 -28 29 -30 -31
leaf_value=-0.051625240486397876 0.0037159094620628236 -0.041793323612870317 0.022046037224561187 -0.030646964249150352 -0.039650900304670632 0.013792325621213948 -0.026538107651441309 -0.016719418215480647 0.03828106835018797 0.067713602530087263 0.005084113412025637 -0.005237321760608777 -0.011684724768903016 0.023574307767481092 0.037023159523941758 0.033893832597663015 0.023048759702603699 -0.011448424251429872 -0.0074517086033171588 -0.015049205238822286 0.035697148824081266 0.016709370809057381 -0.0023521107533969882 0.054650857220192819 0.0032780766095465265 0.0039081324105840814 0.056745077992547847 0.042491835313382124 0.041984956470165299 -0.0039726047357410742
leaf_weight=3587.0629747956991 2406.7835109233856 115.63385960459709 1876.9185923337936 4655.8483372479677 413.75246438384056 16901.565847918391 3857.4802530705929 7848.0792254656553 369.74621146917343 221.98799183964729 13755.854195460677 9098.2682373970747 6143.6727224439383 1221.8224183022976 1411.0533150285482 3019.5691830515862 1955.5964500755072 403.06025260686874 6996.8234085440636 3161.0238856077194 513.06587889790535 2842.8687369376421 8106.7876653969288 398.27783547341824 2697.6305848062038 9522.4509106278419 138.50949023663998 237.78691920638084 1429.3006945103407 4458.1388078480959
leaf_count=25576 10856 504 8135 26218 2373 72197 20368 39100 1589 912 60309 42774 29693 5490 5772 12383 8097 1883 31722 17019 2331 11850 38648 1822 11926 43456 575 1039 6062 19760
internal_value=-0.000171996 0.00327458 -0.00412192 -0.0329221 0.00998228 0.00830399 -0.00943588 -0.0114843 0.00420751 0.00477242 0.00827089 0.00309299 -0.00894846 0.00131263 0.0155823 0.0242578 0.0076666 -0.00489665 -0.00289551 -0.0243395 0.00933554 0.0255606 -0.000215112 0.021404 0.00749739 0.00678855 0.00466566 0.00615354 0.0085574 -0.00161979
internal_weight=119766 108362 51535.2 11403.9 56827.3 50849.2 29677.2 26757.4 32536.6 32122.9 22058.7 21858 22899.9 19981.1 18312.6 5978.07 21836.7 15051.8 10064.2 7816.87 2919.85 5862.44 8908.13 801.338 3067.38 10882.8 9660.96 19881.1 15185.2 4695.93
internal_count=560439 491626 245131 68813 246495 221758 144701 131514 143789 141416 96179 100430 111146 92295 77969 24737 95267 72046 45237 43237 13187 24233 42353 3705 13515 49521 44031 87170 66371 20799
is_linear=0
shrinkage=0.05


Tree=16
num_leaves=31
num_cat=0
split_feature=10 13 10 19 5 38 20 43 13 1 13 32 32 5 4 32 32 10 1 19 36 4 34 43 12 5 10 13 32 32
split_gain=5011.37 1673.01 1365.43 695.443 504.917 412.277 383.773 364.08 364.022 333.881 291.626 290.64 357.7 235.219 231.906 215.94 205.01 200.913 200.137 180.639 175.772 174.466 153.54 151.576 217.952 172.974 155.901 146.105 123.599 159.879
threshold=0.016189666707556529 0.0070343724659558239 0.02891430837045476 0.39961921460655853 -0.16071495613455758 0.01657599765859397 0.082183559841482692 1.5000000000000002 0.028711111571132656 -0.1010179853846223 0.010434652416243795 3.5000000000000004 2.5000000000000004 -0.066921606118546847 -0.19627870030562658 5.5000000000000009 4.5000000000000009 0.0089324152285004035 0.23102786475004969 -0.25115480132309959 0.99979321753515238 -0.097560648423024407 4.0766892672816306 2.5000000000000004 0.14999999999999969 -0.26342087206038212 0.040651384222554501 0.014141108827808547 3.5000000000000004 1.5000000000000002
decision_type=8 10 10 10 8 8 10 2 10 10 10 2 2 10 10 2 2 10 10 10 2 10 2 2 10 10 10 10 2 2
left_child=1 13 3 4 7 10 -4 -2 17 -8 -6 12 -11 -1 -5 -13 -12 -3 28 -19 22 -10 23 25 -25 -17 -26 -27 29 -7
right_child=2 8 6 14 5 18 9 -9 21 11 16 15 -14 -15 -16 20 -18 19 -20 -21 -22 -23 -24 24 26 27 -28 -29 -30 -31
leaf_value=-0.01936015124071392 0.038277892202517635 -0.033225474085982157 -0.035834636131836878 0.051475958695393224 -0.03266358588645004 0.0060781280301008284 0.03948966755557945 0.0049991330543190625 0.023786768319668552 0.010577851906427104 -0.014169677945627219 0.025978619073848352 -0.012387827506735696 -0.049905351043055185 0.0085359595293798326 0.032519114975368642 -0.0041862111945044382 -0.020923154560722836 0.091299881645715314 -0.0085612079286774383 0.035002616626619312 -0.0051180107748284576 0.0059202665129833368 0.083219564732051013 0.01473612656599255 -0.024991042367938327 0.03111399499542581 0.0079654208077306835 0.0041604379154182884 -0.015440117282171005
leaf_weight=732.69725447893143 950.36309662461281 1795.3104748278856 401.97170446813107 320.91600804030895 1248.0708058327436 1458.9976642131805 1176.3043446987867 6078.6518851965666 602.58186027407646 6428.5993933677673 8090.4457962661982 3862.3459711521864 2302.8802418261766 4508.5533360540867 15563.162047833204 676.09259554743767 14111.218124553561 6476.6630917042494 62.112287998199463 5434.9818789660931 882.88311049342155 3906.2579535096884 6601.658793091774 131.39329074323177 6628.4774604439735 362.67070078849792 1860.9787919968367 4624.7578425258398 10148.451629847288 2113.8845233619213
leaf_count=4483 3986 10487 2313 1311 7090 6684 4778 26938 2642 27663 39340 16241 10256 32246 68794 2826 65784 34212 253 27748 3630 18965 27977 556 28085 1673 7745 19675 46107 9987
internal_value=-2.20823e-05 -0.0207416 0.00503602 0.000428556 -0.00279222 -0.00511253 0.0127465 0.00949861 -0.0135789 0.013296 -0.00914629 0.0123993 0.00452078 -0.0456353 0.0094035 0.0150832 -0.00782426 -0.0176328 0.00175008 -0.0152827 0.0131501 -0.00125504 0.0122263 0.0151407 0.0193154 0.00878615 0.0183263 0.00556893 0.00134472 -0.00665307
internal_weight=119544 23457 96087.3 60146.3 44262.2 37233.2 35941 7029.01 18215.8 35539 23449.7 34362.7 8731.48 5241.25 15884.1 25631.3 22201.7 13707 13783.4 11911.6 21768.9 4508.84 20886 14284.4 8620.85 5663.52 8489.46 4987.43 13721.3 3572.88
internal_count=560475 130783 429692 276274 206169 175245 153418 30924 94054 151105 112214 146327 37919 36729 70105 108408 105124 72447 63031 61960 92167 21607 88537 60560 36386 24174 35830 21348 62778 16671
is_linear=0
shrinkage=0.05


Tree=17
num_leaves=31
num_cat=0
split_feature=10 13 13 0 37 13 38 32 32 32 10 10 4 33 11 33 33 33 33 32 32 33 43 33 7 33 32 33 35 7
split_gain=4673.16 1659.54 921.621 662.123 612.364 480.66 448.157 390.112 317.923 278.582 266.309 265.344 252.82 238.341 311.505 233.053 236.899 225.272 1002.27 384.709 282.787 419.823 209.477 410.25 207.885 204.499 204.37 222.287 181.063 180.212
threshold=0.013394054788273361 0.036691429021708501 0.00016929529311799155 0.00073066684601197373 -0.081272084805761854 0.00016929529311799155 0.20294155151517848 3.5000000000000004 1.5000000000000002 3.5000000000000004 0.028156795257419005 0.028531904276494904 -0.07518796992480857 -4548.4999999999991 1.2236861728015047 -4282.4999999999991 -4326.4999999999991 -2192.4999999999995 -1776.4999999999998 7.5000000000000009 5.5000000000000009 -1510.4999999999998 3.5000000000000004 -2161.4999999999995 -0.02360866956861429 -4851.4999999999991 1.5000000000000002 -1620.4999999999998 0.088733536934453419 -0.17958920002109366
decision_type=8 10 10 8 8 10 10 2 2 2 10 10 10 2 8 2 2 2 2 2 2 2 2 2 10 2 2 2 10 8
left_child=2 3 -1 5 25 22 9 8 13 26 24 -9 -4 14 -7 16 -14 -11 19 -19 21 -20 -2 -24 28 -3 27 -6 29 -5
right_child=1 4 12 10 6 7 -8 11 -10 17 -12 -13 15 -15 -16 -17 -18 18 20 -21 -22 -23 23 -25 -26 -27 -28 -29 -30 -31
leaf_value=-0.047734770739888355 -0.037566146600381933 -0.015511320626722756 0.0078166628985858518 0.010186659399268133 0.003236293625723705 0.047850425504955933 0.020551146142410177 -0.0044153552338486411 -0.021120397291659973 0.0049907765155279161 0.016462594746609858 0.0096634089276982256 0.0015676933391171371 -0.0080816251749727102 -0.037645121530329603 -0.023392129916904262 0.12174293993266737 0.051696482203739375 -0.018625486588544734 0.020586460327115121 -0.0025876094493015446 0.050906780315318804 0.059366198559842487 -0.042168323656618698 0.016707321423385466 0.02611595490878045 -0.0073891413662546734 0.041801439811811808 0.074945692189004029 -0.0036346168492953782
leaf_weight=3988.4717158824205 1714.566883072257 309.57922051846981 794.39848139882088 2979.7825143039227 3261.3861921280622 448.91033688187599 5998.6314441263676 19141.261922031641 5804.7124443352222 18690.10664254427 3809.1238867044449 4055.8699349761009 374.96018759906292 2309.7053495943546 139.69578741490841 8576.272639632225 46.044253960251808 1695.5068998336792 331.9497147500515 2400.9153298288584 5461.686408251524 627.37174372375011 177.51118382811546 226.33480709791183 2044.1036341190338 6280.2465836852789 5832.2324884533882 421.99552495777607 79.43351075053215 11310.834567859769
leaf_count=29726 9929 1413 3909 13494 14273 1985 24715 90437 28377 81384 16484 17538 1977 10961 698 47891 237 7064 1467 10148 23885 2712 806 1317 9229 25831 26357 1863 325 54220
internal_value=-9.01465e-05 0.00348492 -0.0274745 -0.00261281 0.00993088 -0.00687213 0.00783414 -0.00534055 -0.0143677 0.00586414 0.00455199 -0.00195377 -0.0192219 -0.000843418 0.0275595 -0.0216092 0.014711 0.00828479 0.0141384 0.0334629 0.00181 0.0268468 -0.0299355 0.00246135 0.00178798 0.0241604 -0.00156589 0.0076546 -0.000334259 -0.000752698
internal_weight=119334 105553 13780.1 54241.8 51311.6 34018.6 44721.8 31900.2 8703.02 38723.2 20223.3 23197.1 9791.68 2898.31 588.606 8997.28 421.004 29207.5 10517.4 4096.42 6421.01 959.321 2118.41 403.846 16414.2 6589.83 9515.61 3683.38 14370.1 14290.6
internal_count=560652 476912 83740 255800 221112 162048 193868 149996 42021 169153 93752 107975 54014 13644 2683 50105 2214 126660 45276 17212 28064 4179 12052 2123 77268 27244 42493 16136 68039 67714
is_linear=0
shrinkage=0.05


Tree=18
num_leaves=31
num_cat=0
split_feature=13 10 10 1 3 32 32 33 33 32 33 33 33 43 25 3 33 33 33 43 4 10 43 33 32 33 33 33 33 33
split_gain=4271.86 1780.8 1148.56 564.875 563.817 505.879 600.445 386.36 1130.32 914.716 450.755 365.445 357.294 324.199 320.596 288.467 278.832 377.095 320.232 302.768 266.148 252.375 241.798 240.211 301.944 293.119 237.904 212.117 225.843 225.484
threshold=0.022870843924857019 0.0080955001480594105 0.032887245046708286 3.3306690738754701e-16 -0.12051324439234744 3.5000000000000004 1.5000000000000002 -2210.4999999999995 -1762.4999999999998 8.5000000000000018 -2579.4999999999995 -2058.4999999999995 -3145.4999999999995 1.5000000000000002 0.30615111213024543 -0.051843123382338034 -4548.4999999999991 -3857.9999999999995 -4916.4999999999991 1.5000000000000002 -2.7755575615628909e-16 0.031287940640616317 5.5000000000000009 -1445.4999999999998 5.5000000000000009 -1405.4999999999998 -2161.4999999999995 -882.49999999999989 -4530.4999999999991 -4896.4999999999991
decision_type=10 8 10 8 8 2 2 2 2 2 2 2 2 2 8 10 2 2 2 2 10 10 2 2 2 2 2 2 2 2
left_child=1 -1 4 12 -2 6 16 10 9 -9 -7 22 21 -12 20 -10 18 -18 -6 -19 -14 -3 -11 -17 -25 -26 -22 28 29 -8
right_child=2 3 -4 -5 5 7 27 8 15 11 13 -13 14 -15 -16 23 17 19 -20 -21 26 -23 -24 24 25 -27 -28 -29 -30 -31
leaf_value=-0.044881772362175637 0.023281716791285059 -0.010181408514678067 0.015190010714385464 -0.00062323869041180403 -0.027764552082948236 0.0027601355031732153 0.024571716777158973 0.048485838547310464 0.017732352750703312 -0.020168359466101893 0.017238940751247867 0.033850558307968438 -0.015910758722298492 -0.022610945929899713 -0.0297647000411604 -0.012711625980954218 -0.034224419601043547 0.094165320879314632 0.059326370868992 0.005695647025749935 0.064529170178116491 0.032195073058228524 0.040259884775434962 0.038988786952790143 0.024842026011495058 -0.0090671233820305303 -0.010378588616709983 -0.039899126193303582 -0.0091608761083228213 -0.044694247071822291
leaf_weight=4702.8718180805445 2993.764805585146 6345.1751147508621 22126.044337302446 8237.618219524622 137.69431801140308 29840.711077526212 137.23358298838139 2838.8432567715645 1974.4078141003847 1114.2639131546021 614.04916712641716 686.61641091108322 3070.4013609439135 3023.2080943435431 6119.1448546797037 3774.0685560852289 610.13882246613503 98.775108113884926 452.13874261081219 4620.8350167274475 207.93004295229912 371.94219151139259 194.4298954308033 558.33347734808922 847.12731659412384 2573.0824709236622 216.21520702540874 708.21116027235985 9098.2141200602055 816.8487726598978
leaf_count=34554 12547 31863 92947 41055 657 134770 612 12127 8819 4988 2762 3019 16089 13665 33934 17148 2845 464 1968 20933 912 1617 836 2481 3804 11734 1207 3328 43104 3871
internal_value=-0.000104976 -0.0166938 0.00529998 -0.0112981 0.00206829 0.00108701 -0.00641496 0.00369183 0.0104909 0.0302516 0.000734584 0.0043087 -0.0166827 -0.0158834 -0.0228646 0.000670195 0.00637527 0.00276527 0.0389953 0.0075472 -0.0107822 -0.00783493 -0.0111907 -0.00367514 0.00489693 -0.000668409 0.0263437 -0.0134511 -0.0115878 -0.0347311
internal_weight=119110 29271.3 89839 24568.4 67713 64719.2 16680.1 48039.1 14561.2 4834.15 33478 1995.31 16330.8 3637.26 9613.69 9727.02 5919.58 5329.75 589.833 4719.61 3494.55 6717.12 1308.69 7752.61 3978.54 3420.21 424.145 10760.5 10052.3 954.082
internal_count=560660 161231 399429 126677 306482 293935 77782 216153 64956 20970 151197 8843 85622 16427 52142 43986 26867 24242 2625 21397 18208 33480 5824 35167 18019 15538 2119 50915 47587 4483
is_linear=0
shrinkage=0.05


Tree=19
num_leaves=31
num_cat=0
split_feature=10 10 12 19 7 38 13 37 32 5 43 36 19 0 5 7 2 43 20 32 2 43 43 1 32 34 0 34 8 10
split_gain=3996.3 1536.65 685.088 611.242 420.795 443.844 391.263 315.148 280.327 245.747 262.58 239.721 223.935 239.134 224.217 178.313 177.049 171.301 168.403 167.367 165.806 160.011 156.989 144.14 141.89 140.095 131.346 127.93 126.087 122.257
threshold=0.012316812904356857 0.023934015467968753 0.035714285714285733 -0.091871420770490389 -0.28166297762766856 0.10870418402281536 0.0058480769895529515 -0.065390556350799975 4.5000000000000009 -0.16071495613455758 3.5000000000000004 0.96954236239950498 -0.18287784227843609 -0.043639293153076235 -0.066921606118546847 -0.1119599823786832 -0.084337349397590564 1.5000000000000002 0.057246935467542309 10.500000000000002 0.013824884792626004 2.5000000000000004 2.5000000000000004 0.10996845005332535 1.5000000000000002 4.0766892672816306 0.084507521325176152 3.0081517452274507 0.21951219512195133 0.016523325860230025
decision_type=8 10 10 8 10 10 10 10 2 8 2 2 10 10 10 10 10 2 10 2 10 2 2 10 2 2 8 2 10 10
left_child=2 3 -1 6 16 12 -2 -8 24 17 23 -7 13 -6 -14 -4 -3 -5 -15 28 -17 -10 -21 -11 29 -18 27 -12 -20 -9
right_child=1 4 15 9 5 11 7 8 21 10 26 -13 14 18 -16 20 25 -19 19 22 -22 -23 -24 -25 -26 -27 -28 -29 -30 -31
leaf_value=-0.049069009211748268 -0.035637082444418842 0.034519141587425417 -0.0036240110732092632 0.049461646904483347 0.026156198914675841 0.013081732519575695 0.0085473973901040012 -0.020975354957923596 -0.010870489844085158 -0.0067590441174542708 0.014622037858031123 0.040252863386754829 0.017124571876035499 -0.037644192314325836 0.0041147446082216476 -0.028850705244600823 0.02023047046219751 0.012064274416444191 -0.0043572897714916443 -0.00018081657747902379 -0.0089230067292326298 -0.00092251266340976279 0.020185242895736505 0.03457395304193947 -0.019512721820091165 0.003841690319695769 0.044783397999023228 0.0019924578990986848 0.0050092818936902641 0.0043421948702505103
leaf_weight=3136.4028762057424 1243.0541965961456 1513.7288135439157 1207.6605009585619 351.72482585906982 898.83691185712814 11020.181233733892 2931.6312963962555 736.88865557312965 6807.6742370426655 8294.2137533575296 2710.4003322869539 876.315299898386 5228.080429494381 295.58837415277958 9035.5104182064533 4910.5967333465815 4505.4590100049973 2366.1768959611654 12623.422798067331 1912.545301631093 1325.5963744670153 9950.6190604120493 1872.7818461805582 216.43053659796715 6726.709961861372 1835.0897027105093 214.74826739728451 7705.2599364221096 5022.4646783024073 1351.1875880807638
leaf_count=25500 8094 6117 6530 1458 3792 45964 13161 3846 33114 39373 12300 3536 22297 1822 39007 29441 18976 10365 56620 8409 7174 47606 8090 938 34423 7747 890 35064 21987 6608
internal_value=-0.000138796 0.0027279 -0.029468 -0.00351317 0.00841436 0.00668514 -0.00817773 -0.00698026 -0.00876031 0.00283482 0.000837103 0.0150832 0.00397683 0.00088372 0.00888328 -0.0212093 0.0191552 0.0169039 -0.000161801 0.000355172 -0.0246148 -0.00496365 0.00989524 -0.00570792 -0.0159784 0.0154872 0.00607701 0.00527897 -0.00169133 -0.00459245
internal_weight=118827 108247 10580.3 51606.7 56640 48785.7 29747.8 28504.7 25573.1 21859 19141.1 11896.5 36889.2 22625.6 14263.6 7443.85 7854.28 2717.9 21726.8 21431.2 6236.19 16758.3 3785.33 8510.64 8814.79 6340.55 10630.4 10415.7 17645.9 2088.08
internal_count=560249 491604 68645 247240 244364 211524 146852 138758 125597 100388 88565 49500 162024 100720 61304 43145 32840 11823 96928 95106 36615 80720 16499 40311 44877 26723 48254 47364 78607 10454
is_linear=0
shrinkage=0.05


Tree=20
num_leaves=31
num_cat=0
split_feature=10 13 12 28 37 7 32 32 33 5 9 28 13 13 8 33 13 7 33 33 32 33 33 33 33 33 33 33 32 10
split_gain=3659.87 1296.73 788.655 621.076 500.495 480.112 356.384 674.135 380.446 327.575 310.417 295.091 286.26 209.228 207.406 200.416 200.187 197.169 194.664 301.799 236.045 209.391 467.655 308.845 459.979 202.325 596.697 182.516 243.221 182.065
threshold=0.012939421827173338 0.03889389558201143 0.035714285714285733 0.0052717316540301 -0.091431857389313073 -0.19933646541713515 4.5000000000000009 1.5000000000000002 -4548.4999999999991 -0.10744634204552388 0.035333144048721697 0.12543874399969138 0.0042883381374457085 0.015997066929688154 0.29333333333333339 -4282.4999999999991 0.0089755094255877781 -0.0030395136778115779 -3669.4999999999995 -3288.4999999999995 10.500000000000002 -2177.4999999999995 -2130.4999999999995 -2058.4999999999995 -1776.4999999999998 -2630.4999999999995 -2759.4999999999995 -4344.9999999999991 5.5000000000000009 0.031795010881243278
decision_type=8 10 10 10 8 8 2 2 2 8 10 10 8 10 10 2 10 10 2 2 2 2 2 2 2 2 2 2 2 8
left_child=2 3 -1 5 -3 16 7 8 29 -8 -6 15 -7 -4 -14 27 -2 -12 -17 20 -20 25 -23 -24 -25 26 -21 28 -11 -5
right_child=1 4 13 6 10 12 9 -9 -10 11 17 -13 14 -15 -16 18 -18 -19 19 21 -22 22 23 24 -26 -27 -28 -29 -30 -31
leaf_value=-0.047933088839943135 -0.020987033401747238 0.024054802857193486 -0.027485056045245093 0.060684847773556344 0.0040444304827172281 -0.035025628043159694 0.020493742074793146 -0.017198558907471902 0.0037906705511923005 0.071606031586447114 0.010935083849195299 0.022436890958014724 -0.010152778317795125 -0.011945362893219139 0.012296828047982662 -0.0139869118542786 0.0053232085541352666 0.028488328437647294 0.0097110960589985654 -0.0069370120124523224 0.049158429046023196 0.085689993248157029 -0.043771298361780828 0.038548040849874982 -0.0044496822485896497 -0.027762272790188003 0.138097322654925 0.045528331348520829 -0.0013344577383870319 -0.002098215132079475
leaf_weight=3110.5862367376685 789.9775008559227 5044.9205292612314 3812.2596238553524 503.4090878367424 26011.25142788887 1115.6568045914173 3830.193459674716 4759.649151340127 2719.9942561686039 129.90781474113464 13566.898563534021 1921.2914410382509 21582.592385262251 5016.2765151113272 1080.3306535482407 2246.0412283241749 8524.6858216226101 1813.6600607186556 1554.853398129344 2417.9242720156908 501.55534027516842 175.60475660860538 332.54307775199413 843.6671487390995 2367.2665973454714 1187.6202514916658 73.0601996332407 443.52921436727047 950.56776466965675 149.84491142630577
leaf_count=26131 4209 20607 23932 2197 113903 7117 17010 23014 12587 560 56815 8279 105548 27115 4855 10314 37705 7355 7224 11273 2285 765 1562 3803 11291 5594 335 1970 4226 683
internal_value=-3.08467e-05 0.00290837 -0.0262835 -0.00193408 0.00918623 -0.00653051 0.00367711 -0.00507981 0.0120197 0.0074303 0.00737402 0.00412663 -0.0102998 -0.0186556 -0.00908262 0.00146639 0.00309183 0.0130049 -0.000755129 0.00238839 0.0193322 -0.00232166 0.00604447 0.00209746 0.00684789 -0.0107798 -0.00268318 0.0185215 0.00743533 0.0462835
internal_weight=118578 106638 11939.1 60201.8 46436.7 33093.2 27108.5 8132.9 3373.25 18975.6 41391.8 15145.4 23778.6 8828.54 22662.9 13224.1 9314.66 15380.6 11700.1 9454.1 2056.41 7397.69 3719.08 3543.48 3210.93 3678.6 2490.98 1524 1080.48 653.254
internal_count=560264 483086 77178 284406 198680 159434 124972 38481 15467 86491 178073 69481 117520 51047 110403 61202 41914 64170 54446 44132 9509 34623 17421 16656 15094 17202 11608 6756 4786 2880
is_linear=0
shrinkage=0.05


Tree=21
num_leaves=31
num_cat=0
split_feature=13 8 7 28 38 5 9 28 34 5 9 28 38 7 2 32 32 28 1 38 5 13 32 3 1 37 0 2 32 38
split_gain=3450.18 1303.32 778.238 833 485.128 449.663 391.407 292.926 270.005 250.721 249.427 248.719 214.174 309.86 193.89 176.921 352.201 218.087 174.653 166.022 147.862 141.659 135.45 134.34 132.996 124.257 111.158 103.441 102.051 101.216
threshold=0.020756323573836537 1.0000000180025095e-35 -0.27162875578439671 0.047920409288067532 -0.053667847306928911 -0.083769633507852978 0.017964795556168818 -0.00030387251845332737 3.0974248706730361 -0.092105263157895509 0.038802883576728009 0.046812997764702817 0.13655504351894091 -0.14831998279662376 -0.084337349397590564 8.5000000000000018 3.5000000000000004 0.098881267686344906 -0.00065851756710827425 -0.01773410069145159 -0.22838903187095608 0.013394386487364709 1.5000000000000002 -0.079646837901408959 0.011974329288999665 0.032981214793073484 0.0058708414872800105 0.0018946094686184136 11.500000000000002 0.029016427586872066
decision_type=10 8 8 10 10 10 10 10 2 8 8 10 10 8 10 2 2 10 8 8 8 8 2 10 10 10 10 10 2 8
left_child=1 4 14 6 20 7 9 -3 -5 23 15 24 13 -8 -2 16 22 -18 -9 -20 -1 -21 27 -4 -7 -15 -16 -10 -17 -11
right_child=2 5 3 8 -6 11 12 18 10 29 -12 -13 -14 25 26 28 17 -19 19 21 -22 -23 -24 -25 -26 -27 -28 -29 -30 -31
leaf_value=0.024778773412358408 0.031554477359808118 -0.0078345857226357132 0.022370575753103982 0.018209401513917471 -0.043858954366096548 -0.021381157645611763 0.0059580070073010499 -0.0017986508395387752 -0.0097756998462002597 -0.013144870921523064 0.018089820932199494 -0.00027250187142680894 0.013644510781167372 -0.005500192094546167 0.010021307583139339 -0.0082449678235644013 0.005214760695459314 0.023730536851170509 0.012592654797564008 0.075291312680216146 -0.018453006748781076 0.025442984108344016 -0.015609917793427542 -0.00083123251430879379 -0.0057502992248624971 0.0035320895109751402 0.022681844196145412 0.011801131533628434 0.0080919839800744648 -0.0025619685803075646
leaf_weight=230.94829095900059 1967.7157739251852 2806.5806813985109 721.88803768157959 7381.5685445666313 4943.5068827196956 7854.8467584773898 16913.615990951657 804.83198200166225 905.60960273444653 9552.71424010396 3978.1812445819378 2276.5179781541228 3660.3354028761387 15073.698410212994 5466.9240165799856 3548.1804657578468 3019.0809016674757 3360.4861546158791 781.4065575376153 260.17074067145586 1377.3327416479588 315.17852640151978 1545.9735983759165 4595.331030100584 1646.0384857207537 5094.6969265043736 2538.8582662194967 1436.6405946612358 1308.3906603455544 2959.2105754613876
leaf_count=1116 7961 14163 3205 31621 38415 43957 74110 3888 4090 47962 16299 11595 15391 70017 22999 15515 13305 14174 3763 1263 7310 1455 7113 21853 8574 22305 10601 6246 5693 14129
internal_value=5.14005e-05 -0.0171921 0.00427882 0.00272939 -0.0360986 -0.00979481 -0.000597897 0.00282029 0.0100879 -0.00677662 0.00694964 -0.0151163 0.00210596 0.000966995 0.0174926 0.00401943 0.00773861 0.0149681 0.0166544 0.0276009 -0.0122449 0.0479842 -0.00412309 0.00231874 -0.0186731 -0.00321857 0.0140363 0.00345865 -0.00384369 -0.0106419
internal_weight=118326 23297.4 95029.1 85055.6 6551.79 16745.6 58571.5 4968.17 26484.1 17829.1 19102.5 11777.4 40742.3 37082 9973.5 15124.4 10267.8 6379.57 2161.59 1356.76 1608.28 575.349 3888.22 5317.22 9500.89 20168.4 8005.78 2342.25 4856.57 12511.9
internal_count=560088 135499 424589 383028 46841 88658 268972 24532 114056 87149 82435 64126 181823 166432 41561 66136 44928 27479 10369 6481 8426 2718 17449 25058 52531 92322 33600 10336 21208 62091
is_linear=0
shrinkage=0.05


Tree=22
num_leaves=31
num_cat=0
split_feature=10 10 12 20 5 38 1 7 32 33 33 33 20 33 33 28 5 33 38 33 33 33 33 5 5 33 28 33 33 1
split_gain=3186.07 1223.9 546.761 542.068 399.614 422.808 346.592 366.046 309.377 301.862 319.026 394.416 281.554 271.179 262.969 249.563 250.944 228.358 215.171 206.652 202.433 437.755 333.952 177.022 175.024 172.121 172.047 283.149 173.866 169.232
threshold=0.011939874968098568 0.023833864015733144 0.035714285714285733 0.51995217277230188 -0.18644067796610111 0.029016427586872066 -0.07360406091370468 -0.018277756677053499 3.5000000000000004 -4548.4999999999991 -3631.4999999999995 -3472.4999999999995 0.26418696797840896 -4961.4999999999991 -3522.4999999999995 0.14155599341342337 -0.098901098901100534 -882.49999999999989 0.28649818695276336 -4096.4999999999991 -2210.4999999999995 -2336.4999999999995 -2350.4999999999995 -0.044234784339455317 -0.06838709677419362 -1233.9999999999998 -0.068087419297668914 -2012.4999999999998 -1685.4999999999998 -0.029629629629627837
decision_type=8 10 10 8 8 8 10 10 2 2 2 2 10 2 2 10 10 2 8 2 2 2 2 8 10 2 10 2 2 10
left_child=2 3 -1 29 19 8 -3 9 -6 -8 -11 14 -13 -7 -12 16 17 20 -15 -5 21 22 -14 -10 25 -4 28 -28 -22 -2
right_child=1 6 24 4 5 13 7 -9 23 10 11 12 15 18 -16 -17 -18 -19 -20 -21 26 -23 -24 -25 -26 -27 27 -29 -30 -31
leaf_value=-0.0464476688006897 0.0044455011819671325 0.022786955809866387 -0.010782217549162119 -0.0029381656025033336 -0.015171198982833665 -0.017107221380955658 0.016366513621684686 0.019192828451087704 0.0012697427567269857 -0.0043451972828287477 0.012298596967679055 -0.019504172809543582 0.0075425638069494538 0.0046968094954388095 0.057967828400590872 0.02043249060705991 0.0013259729891584497 -0.038436256425660328 0.026781699453973969 0.021158025000576727 0.019370179085254045 -0.050235513959314304 0.10509111042975727 -0.0082449136180502876 -0.024447655982149694 0.044311696583719987 0.042016215206001045 0.0084074774561840107 0.069162303337452033 -0.01889456839824407
leaf_weight=2820.0230461061001 887.32473607361317 3462.7939720451832 1272.0359311252832 1292.0207436531782 7146.7622506842017 1298.9569977223873 5320.5545071661472 5112.4521926790476 10817.805760577321 9506.4093113988638 682.92572148144245 1135.3558470457792 4040.3803677111864 10906.748789995909 585.40632371604443 2680.2075435519218 19724.766773894429 223.98339097201824 1226.9631140232086 2858.0370834767818 368.28059603273869 329.37792398035526 89.684358134865761 8919.1227761954069 5052.1573652625084 159.54501292109489 810.075290620327 2768.2308173030615 334.61384761333466 6225.9636286646128
leaf_count=25391 4249 14237 7217 5677 36420 6302 22355 21082 51864 41534 2949 6082 17119 49471 2455 10987 86293 985 5364 12454 1540 1436 389 43919 30968 923 3401 11914 1406 33449
internal_value=1.45456e-05 0.00241699 -0.0280685 -0.00316751 -0.0011174 -0.00263816 0.00745492 0.00646648 -0.00625757 0.00512775 0.00374612 0.00602364 0.0049563 0.0046056 0.0333775 0.0058416 0.00447849 0.011415 0.00693004 0.0136563 0.0126924 0.00523684 0.00966083 -0.00302993 -0.0200747 -0.00464218 0.0204584 0.016016 0.0430738 -0.0159831
internal_weight=118059 108755 9303.76 51579.7 44466.4 40316.4 57175.5 53712.7 26883.7 48600.3 43279.7 33773.3 32505 13432.7 1268.33 31369.6 28689.4 8964.63 12133.7 4150.06 8740.64 4459.44 4130.06 19736.9 6483.74 1431.58 4281.2 3578.31 702.894 7113.29
internal_count=559832 495333 64499 249169 211471 193340 246164 231927 132203 210845 188490 146956 141552 61137 5404 135470 124483 38190 54835 18131 37205 18944 17508 95783 39108 8140 18261 15315 2946 37698
is_linear=0
shrinkage=0.05


Tree=23
num_leaves=31
num_cat=0
split_feature=10 13 37 33 33 0 0 33 33 33 33 33 33 33 33 33 33 13 33 33 5 13 33 33 33 33 33 33 33 6
split_gain=2929.04 1232 508.886 494.073 610.452 432.395 388.487 339.989 434.489 540.385 783.328 453.525 493.6 558.427 365.861 433.623 357.212 334.915 320.685 288.779 279.751 291.283 264.448 362.976 425.741 325.12 416.975 319.134 249.094 242.826
threshold=0.010677296250125924 0.028711111571132656 -0.071678459129763991 -4548.4999999999991 -4851.4999999999991 0.084507521325176152 0.0011239112997454284 -882.49999999999989 -2378.4999999999995 -1776.4999999999998 -1926.9999999999998 -2336.4999999999995 -2210.4999999999995 -2130.4999999999995 -2726.4999999999995 -2759.4999999999995 -2350.4999999999995 0.00016929529311799155 -2740.4999999999995 -1685.4999999999998 -0.12467754278172925 0.0070343724659558239 -4851.4999999999991 -4548.4999999999991 -4370.4999999999991 -4282.4999999999991 -4096.4999999999991 -4076.4999999999995 -4851.4999999999991 42.914963283705276
decision_type=8 10 8 2 2 10 8 2 2 2 2 2 2 2 2 2 2 10 2 2 8 8 2 2 2 2 2 2 2 8
left_child=17 3 28 4 -2 7 20 8 14 10 11 16 -13 -14 15 22 -10 -1 -17 -11 -5 -22 -4 -24 -25 -26 -27 -28 -3 -21
right_child=1 2 5 6 -6 -7 -8 -9 9 19 -12 12 13 -15 -16 18 -18 -19 -20 29 21 -23 23 24 25 26 27 -29 -30 -31
leaf_value=-0.044128089258679483 -0.008410290304369487 -0.018837701793607414 -0.018330035152065632 -0.0010410804340656016 0.033901357102114296 0.027558765072487945 0.00013590799683046507 -0.031106912449451858 0.017099021236620066 -0.014355324842488252 0.037572345527631085 -0.032406355719481583 0.037564870302404525 -0.00092968674385642046 -0.0110974595910837 0.084547870320985291 0.07801703519469777 -0.021990082248701137 0.01337599820057439 0.019071017452632209 -0.031904774052067014 -0.011818920205818557 0.01521878848190558 -0.021155345856790062 0.026604971456414075 -0.018532242747670503 0.057200700334633127 0.0025507626507387305 0.018121568720344674 0.0014114747971372306
leaf_weight=2992.3078976944089 1709.7289471626282 479.40347257256508 1567.234425932169 5262.1670972034335 1700.1172208487988 1898.1020068824291 11633.845968693495 708.49981185793877 696.18145914375782 2167.8720400631428 3338.2534004896879 856.39344681799412 1254.3500208705664 3784.9137171804905 5821.9958555698395 270.35838441550732 367.76729120314121 3981.8225909173489 381.75685097277164 2564.3672803640366 2050.0949825271964 15097.226446121931 4875.8211591690779 2115.5022433549166 1296.8209000229836 2463.3321163207293 270.98646542429924 18803.076588019729 9293.1495300233364 8080.3121643662453
leaf_count=27265 8265 2213 7520 24904 7569 7751 56632 3282 3057 9484 13743 3836 5129 16419 25746 1149 1622 24834 1623 11651 13454 76389 20562 9603 5674 11231 1164 83613 38621 35651
internal_value=-5.9341e-05 0.00191875 0.00568589 -0.00545964 0.0126859 0.00405325 -0.00727713 0.00332997 0.0037301 0.00913268 0.017661 0.00811027 0.0026881 0.0086522 0.000432866 0.00252772 0.0381561 -0.0314886 0.0428829 0.00227821 -0.0111256 -0.0142203 0.00168944 0.00274139 0.000302987 0.00229102 0.000827014 0.00332718 0.0163085 0.00566576
internal_weight=117784 110810 73356.5 37453.2 3409.85 63583.9 34043.3 61685.8 60977.3 23110.4 10297.9 6959.61 5895.66 5039.26 37866.9 32044.9 1063.95 6974.13 652.115 12812.6 22409.5 17147.3 31392.8 29825.5 24949.7 22834.2 21537.4 19074.1 9772.55 10644.7
internal_count=559656 507557 320344 187213 15834 279510 171379 271759 268477 100592 43806 30063 25384 21548 167885 142139 4679 52099 2772 56786 114747 89843 139367 131847 111285 101682 96008 84777 40834 47302
is_linear=0
shrinkage=0.05


Tree=24
num_leaves=31
num_cat=0
split_feature=10 10 12 7 28 4 28 33 33 33 33 32 6 13 32 33 33 0 5 32 32 28 32 33 33 11 12 33 13 28
split_gain=2686.21 1057.96 433.747 417.638 410.089 484.674 317.564 350.944 303.052 283.602 283.356 261.402 262.459 251.627 225.829 366.533 185.773 181.772 155.169 154.434 172.683 164.213 149.782 321.27 277.598 285.175 161.139 137.281 135.394 180.361
threshold=0.011372677685977032 0.02067768034513404 1.0000000180025095e-35 -0.29842414585187177 0.047920409288067532 -0.11022247604543432 0.098881267686344906 -3507.4999999999995 -1776.4999999999998 -4677.4999999999991 -4548.4999999999991 3.5000000000000004 1.0000000180025095e-35 0.044662456163625998 1.5000000000000002 -4851.4999999999991 -2378.4999999999995 1.0000000180025095e-35 -0.06400000000000243 3.5000000000000004 7.5000000000000009 0.28061275444000444 1.5000000000000002 -2759.4999999999995 -4548.4999999999991 1.3783607927337311 2.4857142857142871 -1233.9999999999998 0.0042883381374457085 0.0058535892949053573
decision_type=8 10 10 10 10 8 10 2 2 2 2 2 8 10 2 2 2 10 10 2 2 10 2 2 2 8 8 2 10 10
left_child=2 4 -1 -3 5 16 10 9 19 -8 14 22 -13 17 -5 -16 -2 28 27 -9 21 -21 23 24 25 -7 -24 -4 29 -12
right_child=1 3 18 6 -6 11 7 8 -10 -11 13 12 -14 -15 15 -17 -18 -19 -20 20 -22 -23 26 -25 -26 -27 -28 -29 -30 -31
leaf_value=-0.045622913602885645 0.0045932467146359793 0.016902630150929583 -0.010953601120051558 0.042629499567004368 0.0053527657464365747 0.04875717046225847 0.016302900855914109 0.0074215836684295815 -0.0032982459410531837 -0.014316722044399825 -0.033334321540533708 -0.04209538519466606 -0.0059156739580197154 0.0060931368575490906 -0.033398173290751725 0.015565582606223606 0.034324306993496527 0.0036258925068279888 -0.024878786131268274 0.042215175559390028 0.018377533465755814 -0.0013474825961721046 -0.028631040833035096 0.019626274048971961 -0.035061406269337264 -0.036571983449055219 -0.0081062244980798 0.0398560959048481 -0.0031661916846017486 0.0089027937211169274
leaf_weight=2479.7378370463848 2591.8916790038347 7124.8142597079277 1044.311858586967 620.05752129852772 7686.5552285015583 239.67746704816818 1256.0692306607962 1369.7944614142179 1414.111414462328 1900.3121578097343 833.90429137647152 514.83021364361048 19029.718860603869 18661.897192999721 429.95832003653049 3441.8156860768795 659.00532259047031 11844.087470471859 4229.9396911561489 1876.4296316206455 2869.0064167827368 244.52125416696072 3509.1433942988515 735.90699564665556 1014.1113002151251 165.54977923631668 1314.4793539047241 152.33248542994261 18090.496150285006 362.67759592831135
leaf_count=24026 11711 29581 6156 2631 35354 1114 5178 5801 5982 8011 5014 3812 94647 79371 2036 14573 2974 53307 27283 7658 11764 985 18793 3826 5290 861 6865 917 82945 1842
internal_value=-0.000149982 0.00187687 -0.0282984 0.00540871 -0.00494339 -0.00760145 0.00415299 0.0119286 0.0176375 -0.00213177 0.00258737 -0.00983482 -0.0068687 0.00150238 0.0146147 0.0101282 0.0106202 -0.0012496 -0.0203818 0.0222926 0.0263749 0.0371929 -0.0181415 -0.00718319 -0.0210835 0.0138972 -0.0230378 -0.00448554 -0.00424361 -0.0205325
internal_weight=117707 109801 7906.32 72340 37460.9 29774.3 65215.1 10930.2 7773.86 3156.38 54284.9 26523.4 19544.5 49793.1 4491.83 3871.77 3250.9 31131.2 5426.58 6359.75 4989.96 2120.95 6978.87 2155.25 1419.34 405.227 4823.62 1196.64 19287.1 1196.58
internal_count=560308 501926 58382 316679 185247 149893 287098 45379 32190 13189 241719 135208 98459 222479 19240 16609 14685 143108 34356 26208 20407 8643 36749 11091 7265 1975 25658 7073 89801 6856
is_linear=0
shrinkage=0.05


Tree=25
num_leaves=31
num_cat=0
split_feature=10 13 37 0 0 13 32 33 33 32 10 32 33 28 33 33 33 33 28 33 28 13 43 33 33 32 32 33 33 33
split_gain=2574.58 1076.59 454.358 447.298 398.008 331.284 301.723 312.043 1044.96 385.708 295.532 291.842 265.543 348.963 242.143 241.001 222.287 214.31 265.8 226.031 208.154 196.415 180.832 194.371 261.766 463.944 214.525 197.635 193.623 179.196
threshold=0.010677296250125924 0.029514945953297327 -0.073359073359134372 0.0029673590504449847 0.078019663021069344 0.0024865566532232732 3.5000000000000004 -2210.4999999999995 -1776.4999999999998 7.5000000000000009 0.01926336676774535 1.5000000000000002 -1685.4999999999998 -0.066781698168056278 -4548.4999999999991 -2579.4999999999995 -1620.4999999999998 -4851.4999999999991 -0.079079407582409819 -1685.4999999999998 0.0027413430702431484 1.1449174941446928e-17 2.5000000000000004 -1608.4999999999998 -2350.4999999999995 8.5000000000000018 6.5000000000000009 -2579.4999999999995 -2336.4999999999995 -4851.4999999999991
decision_type=8 10 8 8 10 10 2 2 2 2 10 2 2 10 2 2 2 2 10 2 10 10 2 2 2 2 2 2 2 2
left_child=5 3 17 10 6 -1 11 15 9 -9 21 16 -10 -14 -12 29 -4 -3 19 -19 -5 -2 -16 24 27 26 28 -24 -26 -8
right_child=1 2 4 20 -6 -7 7 8 12 -11 14 -13 13 -15 22 -17 -18 18 -20 -21 -22 -23 23 -25 25 -27 -28 -29 -30 -31
leaf_value=-0.04301367476017133 -0.03636587843866583 -0.017608422982530392 0.002203864683361124 -0.0037521559716113644 0.024125810538280501 -0.020520685714006542 -0.018100662790071626 0.039642766822566532 -0.015701991083574392 0.015406985253270479 0.018663309680968826 -0.0088143226876689108 0.049190063064268867 0.0017675039523726015 -0.012058245883643204 -0.010502122090197873 0.034150584597192404 0.023808840030277265 0.010724474748801636 0.064201641782527755 0.0090622103834508329 -0.012202496277800231 0.00030238148370063012 -0.020961088165586443 0.11277485328032072 -0.019291250044254808 0.069335038432769489 -0.046154510502586281 0.008783814826470308 0.0044465800135911355
leaf_weight=2901.1842608302832 901.43869668245316 460.78473964333534 5343.7351752519608 6190.0947179347277 2320.3495126962662 3756.7224545404315 914.53143079578876 2854.0889471322298 2111.3853130489588 3864.5409133583307 1144.6242616027594 8995.4224990159273 410.78347218036652 6971.7855459302664 5550.6922419965267 3431.5225585252047 606.28327614068985 2897.6899153888226 5587.103677213192 393.35172463953495 6493.4220050871372 12544.755028791726 4198.6004845499992 938.07199210673571 50.24793341755867 433.24544666707516 427.37345527112484 242.13330784440041 409.94723491370678 24188.634772643447
leaf_count=27989 6547 2144 23320 30513 9489 23915 4476 11670 9261 16131 4987 41774 1795 30649 27926 15124 2667 11933 23158 1613 30449 65753 19777 4649 240 2055 1817 1137 1944 105517
internal_value=-0.000123104 0.00169028 0.00535723 -0.0049295 0.00380887 -0.030322 0.00301911 0.00507351 0.0106128 0.0257024 -0.0085859 -0.00313184 -6.57081e-05 0.00440621 -0.00332935 0.00192625 0.00545911 0.0156388 0.0173643 0.0286367 0.00280826 -0.0138224 -0.00538426 0.000145193 0.00358163 0.0231234 0.0438271 -0.0022307 0.0201384 0.00362516
internal_weight=117535 110877 71352 39524.6 62013.1 6657.91 59692.7 44747.3 16212.6 6718.63 26841.1 14945.4 9493.95 7382.57 13394.9 28534.7 5950.02 9338.93 8878.15 3291.04 12683.5 13446.2 12250.3 6699.62 5761.55 1320.81 887.569 4440.73 460.195 25103.2
internal_count=560419 508515 310721 197794 271873 51904 262384 194623 69506 27801 136832 67761 41705 32444 64532 125117 25987 38848 36704 13546 60962 72300 59545 31619 26970 6056 4001 20914 2184 109993
is_linear=0
shrinkage=0.05


Tree=26
num_leaves=31
num_cat=0
split_feature=10 10 5 37 43 13 12 32 1 33 32 33 33 33 33 33 19 33 33 0 43 33 33 33 33 33 12 12 33 12
split_gain=2310.06 1012.66 635.237 715.704 487.95 350.915 340.9 303.751 244.045 235.094 229.141 227.728 430.935 290.802 242.179 240.954 214.205 210.844 224.924 196.412 190.137 186.451 387.816 253.181 196.157 448.365 223.422 185.613 164.748 156.866
threshold=0.010677296250125924 0.028784045461804793 -0.13953488372092973 0.01202232574824458 1.5000000000000002 0.00016929529311799155 1.0000000180025095e-35 4.5000000000000009 -0.094339622641509344 -4114.4999999999991 7.5000000000000009 -2648.4999999999995 -2336.4999999999995 -1926.9999999999998 -2697.4999999999995 -2350.4999999999995 -0.55614677942520108 -882.49999999999989 -1188.4999999999998 0.095465966194609467 3.5000000000000004 -1737.4999999999998 -1911.9999999999998 -1445.4999999999998 -3456.4999999999995 -3507.4999999999995 0.99285714285714344 2.8571428571428599 -882.49999999999989 2.3214285714285774
decision_type=8 10 8 8 2 10 10 2 10 2 2 2 2 2 2 2 10 2 2 10 2 2 2 2 2 2 10 10 2 10
left_child=6 2 4 5 -2 -4 -1 11 -3 10 -6 14 15 -14 27 -13 -10 18 -15 20 29 22 24 -23 25 -22 -27 -7 -11 -5
right_child=1 8 3 19 9 7 -8 -9 16 28 -12 12 13 17 -16 -17 -18 -19 -20 -21 21 23 -24 -25 -26 26 -28 -29 -30 -31
leaf_value=-0.044561203465473084 0.033153742652836604 0.028417575205164219 -0.035624736087308949 -0.0094638400433297194 -0.018328742803768287 -0.019932854315804518 -0.020601983570049855 -0.0039695320473314933 0.0026714832625731877 0.0089377900659118742 0.016221535221432035 0.022058457820254757 -0.033514164674668376 -0.0027193787334302043 -0.048638871347768745 0.10846051375815829 0.010660579116158787 -0.040523887724922353 0.041544842313706913 0.039740587256675022 0.0064688831280287204 -0.025139046798098315 0.032537172688754938 0.0088042475741642919 -0.0016971970010500007 0.07809630911602973 0.019023542811109476 -0.0013612451771821521 -0.042928441411742145 0.0056032661559099802
leaf_weight=2275.6516223549843 1692.8862147331238 1462.799052670598 1129.2598775550723 4783.4659905582666 1825.323737859726 6209.710242703557 4271.1505050137639 23671.968558847904 13663.610680311918 9217.9445245862007 651.05328123271465 390.99169151484966 964.60011684894562 2155.2333578318357 608.57631941139698 101.67417427897453 21739.530994057655 310.50828668475151 331.07819090783596 359.28542020916939 5016.0609637051821 1068.8985934704542 1436.872728690505 1130.2874622493982 5584.4328710287809 346.25234454870224 297.66680699586868 1717.5062938332558 155.69121533632278 2703.953294351697
leaf_count=23660 7088 5934 8468 22504 8337 32044 28445 115149 58720 41194 2852 1909 4931 11147 3182 489 91115 1673 1618 1471 22375 4907 6125 5008 25106 1499 1301 8861 709 12439
internal_value=-7.03374e-05 0.00163601 -0.00174213 -0.00393929 0.00804371 -0.00817418 -0.0289301 -0.00732401 0.00840416 0.00445651 -0.00924528 -0.0135326 -0.0040819 -0.00984125 -0.0182427 0.0398897 0.00757724 -0.00167666 0.00317486 0.00306529 0.00247619 0.0057462 0.00807693 -0.00769365 0.00495127 0.011511 0.0507885 -0.0159091 0.00807632 -0.00402261
internal_weight=117274 110727 73861.2 60318.3 13542.9 37591.1 6546.8 36461.8 36865.9 11850 2476.38 12789.9 4254.09 3761.42 8535.79 492.666 35403.1 2796.82 2486.31 22727.2 22367.9 14880.5 12681.3 2199.19 11244.4 5659.98 643.919 7927.22 9373.64 7487.42
internal_count=560260 508155 352386 292206 60180 189471 52105 181003 155769 53092 11189 65854 21767 19369 44087 2398 149835 14438 12765 102735 101264 66321 56406 9915 50281 25175 2800 40905 41903 34943
is_linear=0
shrinkage=0.05


Tree=27
num_leaves=31
num_cat=0
split_feature=10 13 7 1 7 33 33 33 33 33 33 33 28 33 33 33 33 33 10 1 12 33 33 37 33 33 33 33 33 7
split_gain=2146.47 977.803 441.115 386.644 373.24 335.386 544.772 542.287 497.624 743.104 580.883 372.705 363.875 312.387 298.815 285.447 255.627 251.281 236.125 235.13 222.857 219.774 215.505 214.648 210.135 287.912 369.32 385.496 404.472 356.198
threshold=0.009552338643325109 0.025840490263183694 -0.28166297762766856 0.0033783783783783998 -0.017198952781774853 -2378.4999999999995 -2336.4999999999995 -2210.4999999999995 -1776.4999999999998 -1926.9999999999998 -2130.4999999999995 -2726.4999999999995 -0.074258312440949034 -2774.4999999999995 -2350.4999999999995 -1510.4999999999998 -1405.4999999999998 -2000.4999999999998 0.02067768034513404 -0.094339622641509344 1.0000000180025095e-35 -882.49999999999989 -1286.4999999999998 -0.032258064516177458 -4851.4999999999991 -4548.4999999999991 -4370.4999999999991 -4282.4999999999991 -4096.4999999999991 -0.13466691437595116
decision_type=8 10 8 10 10 2 2 2 2 2 2 2 10 2 2 2 2 2 10 10 10 2 2 10 2 2 2 2 2 10
left_child=20 3 -3 16 5 11 14 19 9 10 -9 13 15 24 23 -10 18 -12 -2 -8 -1 -17 -18 -7 -4 -26 -27 -28 -29 -30
right_child=1 2 4 -5 -6 6 7 8 12 -11 17 -13 -14 -15 -16 21 22 -19 -20 -21 -22 -23 -24 -25 25 26 27 28 29 -31
leaf_value=-0.044223203092618416 -0.012588870107268627 0.015173673024425747 -0.015105533451036702 0.0019316768755807704 0.012927774834538427 0.061643157286415097 0.044544901556294092 0.036781211527596558 0.0070567332260921718 0.036356535540532288 0.0046675931071202366 -0.012348448147315453 -0.0018936193499996753 0.031628582321518349 0.077000415340196193 0.06568814576855328 -0.042028057413584619 -0.022033936132295082 -0.00081493115003469145 -0.037142609293721311 -0.023003002514456222 -0.023565145382270447 -0.012927703060841398 0.0032625983826097362 0.012343616680562497 -0.019900694908360408 0.027765142192427622 -0.017951546791676522 0.0097522302769790393 -0.003684299557854185
leaf_weight=2125.754797168076 11091.146274134517 8207.4172128736973 2103.6142214387655 9635.5567757859826 8318.8145317882299 231.63962341845036 96.723366156220436 1110.1336305737495 894.79786241054535 2936.5030719935894 2681.6333951354027 6236.3012261837721 12890.876538529992 809.44183650612831 374.21561114490032 474.12110981345177 1070.4164524972439 1312.2794842123985 6912.1759684681892 987.15806809067726 2960.2773710414767 80.712558522820473 1568.4091254994273 491.55677083134651 4908.894567027688 2318.6242997050285 1273.3233334720135 2901.2285461574793 8564.0225683152676 11631.439908996224
leaf_count=22937 59636 33825 10267 47484 35093 1002 394 4518 3947 12040 11506 28052 57892 3450 1622 2038 7225 5943 33153 4468 20719 374 9570 2161 20661 10762 5595 13456 37807 53198
internal_value=-0.000102769 0.00133846 0.00417872 -0.00633828 0.00295309 0.00168256 0.00629751 0.00468717 0.0063599 0.0163167 0.00478721 -0.00109935 0.000777244 0.000933442 0.0407299 0.0245279 -0.0101986 -0.00410573 -0.0080684 -0.029853 -0.0318722 0.0527043 -0.024732 0.0219619 0.000196199 0.00121492 -0.000832008 0.000982235 -0.00049431 0.00201355
internal_weight=117199 112113 81835.5 30277.7 73628.1 65309.2 24562.4 23464.9 22381.1 8040.55 5104.05 40746.9 14340.5 34510.6 1097.41 1449.63 20642.1 3993.91 18003.3 1083.88 5086.03 554.834 2638.83 723.196 33701.1 31597.5 26688.6 24370 23096.7 20195.5
internal_count=560795 517139 360071 157068 326246 291153 107905 103120 98258 34007 21967 183248 64251 155196 4785 6359 109584 17449 92789 4862 43656 2412 16795 3163 151746 141479 120818 110056 104461 91005
is_linear=0
shrinkage=0.05


Tree=28
num_leaves=31
num_cat=0
split_feature=13 9 5 33 37 5 33 37 7 43 33 33 33 3 32 33 43 28 33 33 33 33 43 33 28 34 5 43 32 32
split_gain=2015.85 903.775 657.005 462.287 423.727 417.208 415.885 342.977 401.604 290.093 251.485 329.339 290.201 254.594 238.084 252.68 226.325 220.783 206.395 206.201 434.32 274.238 233.996 235.893 223.72 209.062 203.645 241.064 314.976 190.781
threshold=0.00016929529311799155 0.019381016436138352 -0.097222222222223473 -4851.4999999999991 0.0071401728672674256 -0.097222222222223473 -4677.4999999999991 -0.062500000000103126 -0.025806451612903233 1.5000000000000002 -2378.4999999999995 -2161.4999999999995 -2579.4999999999995 -0.068965517241379046 5.5000000000000009 -2648.4999999999995 3.5000000000000004 -0.079079407582409819 -4896.4999999999991 -3631.4999999999995 -3472.4999999999995 -3522.4999999999995 6.5000000000000009 -4096.4999999999991 0.13366810680556535 3.8887538546699645 -0.16330148082641097 1.5000000000000002 6.5000000000000009 6.5000000000000009
decision_type=8 10 8 2 8 10 2 10 8 2 2 2 2 10 2 2 2 10 2 2 2 2 2 2 10 2 10 2 2 2
left_child=5 2 9 18 -4 16 26 17 19 -2 12 -12 14 -13 15 -11 -1 -8 -3 22 21 -21 29 -24 -22 -23 -5 28 -28 -9
right_child=1 3 4 6 -6 -7 7 8 -10 10 11 13 -14 -15 -16 -17 -18 -19 -20 20 24 25 23 -25 -26 -27 27 -29 -30 -31
leaf_value=-0.016137703959747476 0.034885011956151374 -0.0080691266883116935 -0.01245653747878572 0.04641429111679736 -0.00038117916405531018 -0.040226565732507463 0.023859010310762881 -0.012457559854826855 0.012952931733648239 -0.012381180635190229 0.057196705888985268 0.044060693406036827 -0.032031006185775764 0.0023742454553450131 0.011339171670590193 0.035189982497380909 0.041512957314218488 0.0080172134500998814 -0.043821462627678179 0.010876878431936363 0.00049953733044087853 0.072540236974810005 -0.041886822041905143 0.046931971632602924 0.014156688302309477 0.013637025176685739 0.020327928368799299 0.03787941303819288 -0.020605968711475697 0.00056371792510114807
leaf_weight=842.50662031769753 812.97283910214901 1215.2648243010044 19835.343687325716 685.64477479457855 11463.405863933265 3604.5038272812963 3244.4374290406704 5646.6160864830017 8644.6425930559635 2872.3097354620695 416.93750384449959 440.00433093309402 691.17707990109921 2185.5878626927733 3351.0459267199039 309.18892413377762 213.35137881338596 6827.8931330740452 604.45315839350224 921.0561531484127 28880.682684972882 449.68255561590195 92.717201933264732 385.89503203332424 3346.0655129551888 226.52090847492218 1460.6866354048252 907.6908643245697 692.86822046339512 5605.4808058291674
leaf_count=5301 3545 5860 107092 2793 56011 34994 13468 25520 36198 13989 1769 1976 3268 10542 15601 1465 1086 28686 2955 4079 128252 1893 406 1617 13779 969 6073 3758 2881 24397
internal_value=9.23544e-05 0.00143054 -0.00432981 0.00492593 -0.00803385 -0.0321297 0.00559131 0.00464732 0.00307275 0.00613407 0.00385732 0.0159155 -0.00122143 0.00936018 0.00203839 -0.00775805 -0.00448855 0.0131201 -0.0199449 0.00119785 0.00317891 0.0286286 -0.0045143 0.0297259 0.00191754 0.0528083 0.0217839 0.0162673 0.00715817 -0.00597072
internal_weight=116877 112216 42378 69838.3 31298.7 4660.36 68018.6 64271.7 54199.4 11079.2 10266.3 3042.53 7223.72 2625.59 6532.54 3181.5 1055.86 10072.3 1819.72 45554.7 33824 1597.26 11730.7 478.612 32226.7 676.203 3746.89 3061.25 2153.55 11252.1
internal_count=560223 518842 215258 303584 163103 41381 294769 279264 237110 52155 48610 14287 34323 12518 31055 15454 6387 42154 8815 200912 148972 6941 51940 2023 142031 2862 15505 12712 8954 49917
is_linear=0
shrinkage=0.05


Tree=29
num_leaves=31
num_cat=0
split_feature=13 13 5 38 25 37 0 4 33 33 33 33 32 33 32 33 28 33 33 33 32 33 33 43 12 33 33 32 43 43
split_gain=1886.33 848.419 439.267 435.782 425.421 381.874 311.221 269.623 262.976 247.438 263.465 360.623 543.467 779.349 285.191 267.778 294.757 255.084 326.231 286.683 251.499 225.994 245.799 208.82 204.061 199.045 215.898 198.005 192.983 255.123
threshold=0.00016929529311799155 0.029514945953297327 -0.083769633507852978 0.015635007867651377 0.30615111213024543 -0.070037779715229773 0.073153579637061386 -1.0000000180025095e-35 -4530.4999999999991 -882.49999999999989 -2378.4999999999995 -1776.4999999999998 3.5000000000000004 -2336.4999999999995 7.5000000000000009 -1685.4999999999998 -0.068087419297668914 -2726.4999999999995 -2759.4999999999995 -2740.4999999999995 1.5000000000000002 -4282.4999999999991 -4344.9999999999991 1.5000000000000002 5.0857142857142907 -2210.4999999999995 -1608.4999999999998 4.5000000000000009 6.5000000000000009 5.5000000000000009
decision_type=8 10 8 8 10 8 10 8 2 2 2 2 2 2 2 2 10 2 2 2 2 2 2 2 8 2 2 2 2 2
left_child=4 2 8 21 7 -3 9 -1 -2 10 17 12 13 20 24 -13 -17 18 27 -20 -12 22 -4 -18 -14 -10 -27 -7 29 -29
right_child=1 5 3 -5 -6 6 -8 -9 25 -11 11 15 14 -15 -16 16 23 -19 19 -21 -22 -23 -24 -25 -26 26 -28 28 -30 -31
leaf_value=-0.01682554269082626 0.025601897717109964 0.013494239865667185 -0.002868642165540889 0.00085042002419987947 -0.04046212058783763 -0.0055338061617509942 0.019589112856326873 0.0455280486072508 -0.0033556603553583559 -0.027974439680574475 0.014722177466256606 -0.015265654397686427 0.03923834301024004 -0.019709575322248971 0.013048502174195252 0.037396356153164709 0.048491734555616714 -0.010025074134915478 0.078282233602956108 0.0094031190597901188 0.066229835705131246 -0.014443259848559299 0.053887768115640194 0.0010952086027553143 0.0015148629271504752 0.026930955723317523 0.00070125327059268952 0.0036903535784568713 0.038197517694938031 -0.034624972961044768
leaf_weight=939.68200400471687 1188.5761872380972 10095.166472807527 2049.7981871813536 9228.5569093674421 3410.2916759774089 8404.1774592399597 2703.5774191170931 212.59273578226566 8025.7750167250633 669.91968509554863 676.57680773735046 2071.60842654109 2489.8863576501608 2207.8484323173761 3837.4766312092543 636.39483518898487 238.27040275931358 5457.1920451521873 254.77506563067436 371.11411191523075 364.75952772796154 16537.183530762792 210.33566689491272 9417.7651727944613 418.78607240319252 1316.2966272681952 1941.8888069316745 20449.793123841286 394.0057431012392 443.88583423197269
leaf_count=7098 5129 42119 10156 45338 33214 38742 11065 1155 38705 3169 2928 9108 10126 9991 15939 2785 1082 24293 1056 1559 1540 90867 1010 41750 1717 6018 9666 89431 1646 1859
internal_value=-7.28065e-05 0.00120985 -0.00457399 -0.00804786 -0.0315873 0.00448117 0.00300187 -0.00532141 0.00323181 0.00223925 0.00258743 0.00684512 0.0139075 -0.00289214 0.0219987 0.00113579 0.00443699 -7.36375e-05 0.00171762 0.0374411 0.0327643 -0.0124165 0.0024133 0.00226476 0.033807 0.0008755 0.011298 0.000964587 0.00353009 0.00287635
internal_weight=116664 112101 40498.4 28025.9 4562.57 71603 61507.8 1152.27 12472.5 58804.2 58134.3 22359.4 9995.33 3249.18 6746.15 12364 10292.4 35774.9 30317.8 625.889 1041.34 18797.3 2260.13 9656.04 2908.67 11284 3258.19 29691.9 21287.7 20893.7
internal_count=560261 518794 206889 147371 41467 311905 269786 8253 59518 258721 255552 96966 42241 14459 27782 54725 45617 158586 134293 2615 4468 102033 11166 42832 11843 54389 15684 131678 92936 91290
is_linear=0
shrinkage=0.05


Tree=30
num_leaves=31
num_cat=0
split_feature=10 10 20 1 19 43 43 33 33 33 34 33 33 5 33 33 33 37 0 33 33 5 33 29 5 33 33 43 33 34
split_gain=1835.3 913.544 376.492 376.255 428.903 226.469 287.791 266.223 261.908 310.15 286.137 294.236 445.077 259.436 220.591 333.162 247.278 242.606 202.909 191.697 271.99 188.876 200.976 170.504 166.518 163.235 238.172 217.159 152.967 150.77
threshold=0.0085405049358610752 0.0194573112335133 0.43333396633772597 -0.07360406091370468 -0.35006962802309444 1.5000000000000002 2.5000000000000004 -4830.4999999999991 -4282.4999999999991 -4326.4999999999991 2.8875862353714372 -3614.9999999999995 -3222.4999999999995 -0.10051814862542761 -4851.4999999999991 -4677.4999999999991 -4657.4999999999991 -0.053138845551155271 0.084507521325176152 -1697.4999999999998 -1498.4999999999998 -0.083769633507852978 -4611.4999999999991 -0.15858746051666409 0.30324926686216863 -2378.4999999999995 -1776.4999999999998 1.5000000000000002 -4548.4999999999991 5.8801138944233005
decision_type=8 8 10 8 10 2 2 2 2 2 2 2 2 10 2 2 2 10 10 2 2 8 2 10 8 2 2 2 2 2
left_child=-1 2 -2 -3 14 7 13 -4 9 29 11 -10 -13 -7 -5 -16 -17 19 21 -18 -21 22 -6 -14 28 27 -27 -24 -19 -8
right_child=1 3 5 4 18 6 8 -9 10 -11 -12 12 23 -15 15 16 17 24 -20 20 -22 -23 25 -25 -26 26 -28 -29 -30 -31
leaf_value=-0.033792331259407435 -0.024316323138467266 0.018442120210332962 -0.013381362576744528 -0.017368232198531026 0.032011995898575951 -0.0020688053429070022 0.0010031007835709586 0.028796092833997439 -0.014695395347221621 0.059892465990777605 -0.0066949291772627918 0.054202930109672323 0.10641231015326279 -0.017678380513827054 0.023370056324760576 -0.048833542687443998 0.0033275693575353961 0.018622104357280161 0.023249210711367749 0.049679712365436335 0.0069776588883605842 0.003740805146419399 0.042984976186024815 0.00097158766038357594 0.0065319913639532911 0.030456632581148637 0.0060401066886424798 0.0014837867156759742 -0.0052076674368724445 0.080005606099309401
leaf_weight=3889.1431467309594 2610.8804936632514 4233.8168222010136 583.87275919318199 1875.3248299062252 1082.5210501253605 4325.6537096649408 993.58479718863964 1041.4967606514692 780.52301448583603 353.64675450325012 11473.191269420087 682.73262612521648 39.56149098277092 6920.5892426371574 1490.0126937627792 265.61723002791405 6568.6405203342438 695.26734395325184 1790.8229856938124 587.81336709856987 1019.9478651583195 26466.361483730376 334.68230323493481 1242.3815023675561 4080.7903904393315 1814.3665684089065 2221.823835298419 5416.8125874996185 21449.227000556886 64.299444794654846
leaf_count=37630 16832 17585 2927 9340 4477 20987 4763 4981 3927 1578 58498 3299 171 38244 6224 1121 28358 2972 7261 2523 4431 114945 1388 6191 17568 7627 9686 23395 100854 300
internal_value=-2.34224e-05 0.00114391 -0.00614354 0.0039295 0.00313318 -0.00447882 -0.00557488 0.0136449 -0.00118603 0.0193561 -0.00322535 0.0112753 0.0215929 -0.0116745 -0.00064789 0.000219322 -0.000775705 -0.000404648 0.00680847 0.00711521 0.02259 0.0060199 0.011569 0.00422555 -0.00274916 0.00930795 0.0170159 0.00389876 -0.00445949 0.00580497
internal_weight=116395 112506 31112.4 81393.8 77160 28501.5 26876.2 1625.37 15629.9 1411.53 14218.4 2745.2 1964.68 11246.2 38032.6 36157.3 34667.3 34401.7 39127.4 8176.4 1607.76 37336.6 10870.2 1281.94 26225.3 9787.69 4036.19 5751.49 22144.5 1057.88
internal_count=560083 522453 162698 359755 342170 145866 137958 7908 78727 6641 72086 13588 9661 59231 173391 164051 157827 156706 168779 35312 6954 161518 46573 6362 121394 42096 17313 24783 103826 5063
is_linear=0
shrinkage=0.05


Tree=31
num_leaves=31
num_cat=0
split_feature=13 13 33 33 25 5 33 7 43 32 33 33 33 33 32 33 33 33 43 1 33 43 32 3 5 32 37 9 32 34
split_gain=1633.11 701.962 411.436 405.258 375.215 360.376 319.795 280.1 275.641 247.917 236.802 562.968 401.969 451.058 751.963 388.662 391.337 335.749 312.744 302.341 278.159 336.757 260.781 219.298 216.968 216.502 217.538 211.796 210.18 207.451
threshold=0.00016929529311799155 0.025356464071000232 -882.49999999999989 -901.49999999999989 0.28625244757229212 -0.22349027524528961 -4282.4999999999991 -0.017198952781774853 2.5000000000000004 4.5000000000000009 -2378.4999999999995 -2336.4999999999995 -2210.4999999999995 -1776.4999999999998 3.5000000000000004 -2058.4999999999995 -2130.4999999999995 -2726.4999999999995 1.5000000000000002 -0.12307657183316444 -2759.4999999999995 5.5000000000000009 4.5000000000000009 -0.047619047619047276 -0.10051814862542761 1.5000000000000002 -0.032869785082235585 0.03946875375250878 7.5000000000000009 3.7853246908853166
decision_type=8 10 2 2 10 8 2 10 2 2 2 2 2 2 2 2 2 2 2 10 2 2 2 10 10 2 10 8 2 2
left_child=4 6 3 5 -1 -3 -2 10 24 -10 17 25 19 14 -14 16 -16 20 -19 -13 22 -22 -7 28 -8 26 -12 -18 -15 -5
right_child=1 2 -4 29 -6 7 8 -9 9 -11 11 12 13 23 15 -17 27 18 -20 -21 21 -23 -24 -25 -26 -27 -28 -29 -30 -31
leaf_value=-0.0039215641396371471 0.0066997430223118886 0.014674440579664418 -0.031011772777212794 0.068791270527890164 -0.038226769635703449 -0.0061171812544668913 -0.0032599523190416958 0.011145469446508955 -0.014235218253115503 0.00044071983711403326 0.061491278532441733 0.076498214739449927 -0.014770601819313833 0.022637285782472857 0.031634738959217347 0.032227591022953736 -0.019728270574600408 0.020578866916486995 -0.015188882840489507 -0.03280168226206661 0.079920963446393462 0.0014867655320754218 0.0032713591346693795 -0.0044782544741355434 -0.019515935351744746 0.068679360648294635 0.0044140017220042826 0.017739554608127518 -0.00063957424332764098 0.012364532715691781
leaf_weight=1047.9416808113456 4427.8147085905075 6609.51068136096 857.82983422279358 355.46105581521988 3329.6493805721402 10508.117781072855 2971.9345399141312 8323.8148681968451 3958.6084596440196 10537.951637491584 250.35742662847042 67.452907487750053 1760.859102293849 1716.3231509625912 1048.2233911752701 3860.8813003599644 1130.2495457082987 684.09896923601627 5730.9920084774494 1020.2799124866724 245.33732596039772 309.47899122536182 24977.016335040331 9784.9321272969246 6635.7324459403753 407.91398833692074 500.99275410175323 566.07670022547245 2229.6502550840378 300.66324473917484
leaf_count=7614 21208 27455 4107 1538 33868 49413 14663 35057 21485 54885 1058 275 7955 7640 4253 15864 4997 3031 25975 4643 1019 1303 110377 44122 38729 1714 2191 2295 9571 1342
internal_value=-5.61476e-05 0.00111711 0.00343681 0.00379549 -0.0300145 0.00348129 -0.00565095 0.00249649 -0.0079197 -0.00356687 0.00141875 0.00535012 0.00364991 0.00511059 0.0142623 0.0220018 0.00761668 -0.000835541 -0.0113746 -0.0260237 0.00104041 0.03617 0.000491156 -0.000465559 -0.0144875 0.0393538 0.0234327 -0.00722498 0.00948483 0.0429342
internal_weight=116156 111779 83246.5 82388.7 4377.59 81732.6 28532 75123 24104.2 14496.6 66799.2 24344.2 23184.9 22097.2 8366.29 6605.43 2744.55 42455 6415.09 1087.73 36040 554.816 35485.1 13730.9 9607.67 1159.26 751.35 1696.33 3945.97 656.124
internal_count=559647 518165 367195 363088 41482 360208 150970 332753 129762 76370 297696 106578 101615 96697 35364 27409 11545 191118 29006 4918 162112 2322 159790 61333 53392 4963 3249 7292 17211 2880
is_linear=0
shrinkage=0.05


Tree=32
num_leaves=31
num_cat=0
split_feature=10 10 19 1 19 33 33 37 33 10 1 4 33 33 36 13 28 28 5 33 33 33 5 12 3 32 33 32 3 28
split_gain=1593.66 733.617 350.592 350.131 375.279 240.475 366.123 248.772 189.639 182.929 173.431 167.469 166.84 236.349 165.284 162.658 156.587 152.015 135.651 132.367 343.941 147.784 127.768 127.306 124.998 127.02 132.804 124.537 167.402 123.438
threshold=0.0085405049358610752 0.0194573112335133 -0.25115480132309959 -0.070997454525849199 0.39961921460655853 -4851.4999999999991 -4786.4999999999991 -0.052121150804817544 -4896.4999999999991 0.031617307723779152 3.3306690738754701e-16 -0.12318611698572605 -1697.4999999999998 -1498.4999999999998 0.99979321753515238 1.1449174941446928e-17 -0.14108858956734707 0.062938704585864882 0.21844048303397137 -2336.4999999999995 -2192.4999999999995 -2378.4999999999995 -0.13747437166205376 1.0000000180025095e-35 -0.064356551441008089 4.5000000000000009 -3145.4999999999995 4.5000000000000009 -0.045977011494252755 -0.054808787527331218
decision_type=8 8 10 8 10 2 2 10 2 8 10 10 2 2 2 10 10 10 8 2 2 2 8 10 10 2 2 2 10 10
left_child=23 2 15 16 5 8 27 12 9 -5 -9 -4 18 -14 22 -2 -3 -13 19 21 -21 -8 -6 -1 -17 -26 -27 28 -7 -15
right_child=1 3 11 4 14 6 7 10 -10 -11 -12 17 13 29 -16 24 -18 -19 -20 20 -22 -23 -24 -25 25 26 -28 -29 -30 -31
leaf_value=-0.041917764021424685 -0.034697459927959293 0.045134372903648759 0.02328827676048217 0.027159257607828446 0.016001204161434232 0.050611234045693544 0.0041630235829152552 -0.0035145788973691946 -0.046822605577467327 -0.015000196411997563 0.0030529402200587153 -0.0038945109949471268 0.042683819349674239 0.03845615768460571 0.026256866393989359 0.0031493493097401537 0.013895154547899653 0.0087173622154529985 0.018315976717198059 -0.052887358617223393 0.0018717696325175788 0.057315439925708471 0.0054654931611907978 -0.023380515098996135 -0.018090760497926923 -0.001692713108038691 -0.013987530244315441 0.058132945019024176 -0.01281862095982283 -0.0010722603532847671
leaf_weight=1776.0108331590891 678.49101036787033 443.55271424353123 728.37321805953979 302.55308271944523 3506.6847159415483 198.85336956381798 5453.9771082103252 25488.41847781837 388.79107062518597 1720.0435494184494 16598.455919712782 11525.444366365671 757.19943100214005 248.64681054651737 1229.3279074430466 1688.0087153241038 4194.9940777420998 3014.1321325749159 1502.6408234834671 373.43229457736015 1235.4307090640068 133.9867999702692 16041.629557102919 1935.6041987016797 4533.3872294276953 4431.8102151751518 4354.3815257549286 342.16002969443798 218.11393475532532 960.14592501521111
leaf_count=22430 6297 1881 3133 1308 14650 825 23512 117713 1975 8669 73461 59146 3216 1064 5048 8189 17403 13684 6356 1721 5281 555 68494 15028 25754 23024 23608 1391 934 4172
internal_value=-1.58304e-05 0.00104962 -0.00550155 0.00354271 0.00273598 0.000604156 0.00130017 0.000804043 -0.0148413 -0.00869371 -0.000924444 -0.000107947 0.00762481 0.0207797 0.00847377 -0.0107514 0.0168823 -0.00128 0.00465195 0.00179901 -0.0108383 0.0054375 0.00735545 -0.0322506 -0.00966878 -0.0112932 -0.00778595 0.0357767 0.0174313 0.00705867
internal_weight=116005 112293 30954 81339 76700.5 55922.8 53511.5 52752.3 2411.39 2022.6 42086.9 15267.9 10665.5 1965.99 20777.6 15686.1 4638.55 14539.6 8699.47 7196.83 1608.86 5587.96 19548.3 3711.62 15007.6 13319.6 8786.19 759.127 416.967 1208.79
internal_count=559922 522464 162835 359629 340345 252153 240201 237051 11952 9977 191174 75963 45877 8452 88192 86872 19284 72830 37425 31069 7002 24067 83144 37458 80575 72386 46632 3150 1759 5236
is_linear=0
shrinkage=0.05


Tree=33
num_leaves=31
num_cat=0
split_feature=10 10 33 33 5 10 33 10 4 28 5 33 7 43 33 32 33 37 5 1 33 33 21 33 33 43 11 33 43 33
split_gain=1471.88 708.278 302.82 427.996 358.013 272.449 261.627 293.897 233.334 289.463 188.295 182.617 170.507 165.72 219.771 161.967 170.578 150.153 169.221 137.777 144.07 174.783 135.344 133.591 161.968 210.104 132.519 127.627 181.558 126.964
threshold=0.0085405049358610752 0.0194573112335133 -4851.4999999999991 -4786.4999999999991 -0.27052405914570721 0.032887245046708286 -4896.4999999999991 0.031454836242809377 -0.11022247604543432 0.029738925308596932 -0.06838709677419362 -882.49999999999989 -0.019351553774390625 1.5000000000000002 -4697.9999999999991 2.5000000000000004 -4114.4999999999991 0.01202232574824458 -0.078947368421052419 -0.12307657183316444 -2322.4999999999995 -1583.4999999999998 -0.16926279060961713 -2210.4999999999995 -2336.4999999999995 1.5000000000000002 0.53669641098381093 -3222.4999999999995 3.5000000000000004 -4282.4999999999991
decision_type=8 8 2 2 10 10 2 8 10 10 10 2 10 2 2 2 2 10 10 10 2 2 8 2 2 2 10 2 2 2
left_child=-1 8 6 -4 11 17 7 -3 15 10 -10 23 27 19 -15 -2 -17 18 -6 -7 -21 -22 -9 24 25 -5 -19 28 -12 -11
right_child=1 2 3 4 5 13 -8 22 9 29 12 -13 -14 14 -16 16 -18 26 -20 20 21 -23 -24 -25 -26 -27 -28 -29 -30 -31
leaf_value=-0.031579888876262195 0.040537804279948804 0.030094814095070938 0.031955991055344433 0.053490474352273915 0.0030874467915294208 0.055081203043775964 -0.04182987596129828 0.0068026283220794697 -0.0039777884691288333 0.017109965956663521 -0.020721541774287075 -0.051402250648469094 0.0041883660192284953 0.052482095728928695 0.0078479991796206929 -0.022631974749120414 0.013500773427034141 0.029995580225481357 -0.0045084148733730801 0.0026461676475907055 -0.037102760708566718 0.04549873002358848 -0.021196657806507105 0.03017536115631423 -0.035728858047920843 0.010677157042154432 0.0033995518985028917 -0.020433898422616028 -0.00050991514313533963 -0.0013744068627790861
leaf_weight=3590.3009713515639 372.77359871566296 486.75812394917011 1345.9233913868666 316.28196603059769 11926.726176559925 81.017245665192604 589.08996304869652 608.93674036860466 7800.6664701700211 1053.2155953347683 1991.7214913964272 97.730746209621429 1170.620742559433 279.63915595412254 20029.216049440205 440.66066825389862 1262.2955413907766 480.61612837016582 19034.043109878898 794.53941828012466 619.84348802268505 71.42076176404953 1482.053436383605 1487.8626976087689 167.12930455803871 3049.4540761560202 18374.130045518279 6394.5079983398318 2512.9824526160955 7875.9820690602064
leaf_count=37171 1721 2080 5534 1297 53546 334 2921 3008 40829 4800 11057 427 6013 1136 83992 2043 5596 2115 90208 3248 2943 302 7475 6238 780 12765 79155 38414 13610 38900
internal_value=-6.60909e-05 0.000942342 0.00339017 0.00400434 0.00351455 0.00260244 -0.0117672 -0.00489703 -0.00550496 -0.00667189 -0.0100322 0.01629 -0.0139451 0.00725381 0.00846258 0.0106856 0.00415098 0.000559864 -0.00158233 -0.00841407 -0.0118763 -0.0285685 -0.0130427 0.0176076 0.0123147 0.0147004 0.0040775 -0.0158927 -0.00944634 0.00080586
internal_weight=115788 112198 81322.4 78155.6 76809.7 71691.2 3166.84 2577.75 30875.4 28799.7 19870.5 5118.46 12069.8 21875.7 20308.9 2075.73 1702.96 49815.5 30960.8 1566.82 1485.8 691.264 2090.99 5020.73 3532.87 3365.74 18854.7 10899.2 4504.7 8929.2
internal_count=559658 522487 359504 344020 338486 316979 15484 12563 162983 153623 109923 21507 69094 91955 85128 9360 7639 225024 143754 6827 6493 3245 10483 21080 14842 14062 81270 63081 24667 43700
is_linear=0
shrinkage=0.05


Tree=34
num_leaves=31
num_cat=0
split_feature=10 10 19 0 19 1 37 12 33 33 8 32 33 33 33 33 5 12 38 28 0 32 2 29 8 32 28 33 34 33
split_gain=1353.58 618.469 315.375 306.872 328.585 186.966 180.168 170.39 150.284 218.046 150.135 154.413 157.618 278.998 223.361 214.305 139.161 137.508 136.015 137.459 129.839 128.555 123.072 118.491 109.882 109.272 127.56 121.265 119.277 126.362
threshold=0.0080955001480594105 0.0194573112335133 -0.17287356511024507 -0.043639293153076235 -0.22729914812144011 0.16286644951140164 -0.050126628368774566 0.035714285714285733 -1697.4999999999998 -1498.4999999999998 1.0000000180025095e-35 10.500000000000002 -3857.9999999999995 -2425.4999999999995 -2759.4999999999995 -3176.4999999999995 -0.19607843137254874 1.7357142857142869 -0.098104958748830948 0.012632260377540323 0.095465966194609467 9.5000000000000018 -0.086956521739130418 -0.048032917629395905 0.27536680298464639 4.5000000000000009 -0.071111420801604805 -1405.4999999999998 3.1157326077443077 -4767.4999999999991
decision_type=8 8 10 10 10 10 8 10 2 2 8 2 2 2 2 2 8 8 10 10 10 2 10 10 8 2 10 2 2 2
left_child=23 2 7 22 5 6 8 -2 -5 -10 -8 21 -13 14 15 17 -6 -14 -4 -20 -18 24 -3 -1 -12 26 -9 28 -27 -30
right_child=1 3 18 4 16 -7 10 25 9 -11 11 12 13 -15 -16 -17 20 -19 19 -21 -22 -23 -24 -25 -26 27 -28 -29 29 -31
leaf_value=-0.0087534181345902112 -0.040435673009407896 0.026978273220689988 0.0163002323070476 0.0020878920655254757 0.015067026400974126 0.054578397869994792 -0.021436656805726262 0.0017485969700107903 0.039361381267214217 0.0044444852228119848 -0.0045614827713506192 -0.0065845618372120584 0.059482694622944123 -0.0006558035869086618 0.072649105517022305 0.0026405114501099306 0.0043088717568409022 0.0098645980595575694 -0.0063559332486299571 0.0039078352494544685 0.023122848260459059 -0.013650747952630871 0.0093788382712937796 -0.03590023847863414 0.0033551508829103177 0.0044567224074992277 -0.017877520576029083 -0.022578309837198107 0.083823594348214958 -0.0083468809970419604
leaf_weight=470.06125488132238 443.29341966658831 1638.4971102029085 1209.5467312783003 8933.6505898162723 3772.6373369693756 153.19706118106842 1029.8481634631753 999.17338442057371 715.75546027719975 1191.2546816170216 16196.064544469118 1832.5110248625278 392.01671376824379 2138.8884949833155 227.90052644908428 818.83360297977924 29690.875455290079 216.88638432323933 6527.434618383646 6521.0444629266858 946.25729535520077 2877.7911328226328 2522.8286139070988 2774.6572097912431 6009.4549635872245 2785.5376189127564 4830.2293960750103 996.75439068675041 37.392285749316216 6725.4963802024722
leaf_count=4119 4587 6838 5292 38844 15634 635 5723 5227 3032 5180 76458 8410 1695 9389 981 3658 127846 930 34516 31197 3841 13580 10597 31131 26129 14154 27897 6308 166 35833
internal_value=-0.000129755 0.000789479 -0.00521022 0.00308264 0.00236921 -0.000558967 -0.00075734 -0.00984806 0.00480784 0.0175498 -0.00265809 -0.00202837 0.00545716 0.0112725 0.0266825 0.0193452 0.00600576 0.0418091 0.000260283 -0.00122656 0.00488996 -0.00370762 0.0163085 -0.0319675 -0.00241901 -0.00901999 -0.0145136 -0.00598313 -0.00425077 -0.00783727
internal_weight=115626 112381 31075.9 81305.1 77143.8 42734.1 42580.9 16817.9 10840.7 1907.01 31740.2 30710.3 5627.04 3794.53 1655.64 1427.74 34409.8 608.903 14258 13048.5 30637.1 25083.3 4161.33 3244.72 22205.5 16374.6 5829.4 10545.2 9548.43 6762.89
internal_count=559827 524577 165177 359400 341965 194644 194009 94172 47056 8212 146953 141230 25063 16653 7264 6283 147321 2625 71005 65713 131687 116167 17435 35250 102587 89585 33124 56461 50153 35999
is_linear=0
shrinkage=0.05


Tree=35
num_leaves=31
num_cat=0
split_feature=12 13 33 33 33 33 33 1 0 32 28 33 33 33 33 43 33 43 33 43 33 5 33 32 6 33 28 33 33 33
split_gain=1268.2 582.03 335.171 363.038 362.823 529.073 406.048 359.569 314.844 302.591 457.274 320.741 307.618 611.029 274.257 400.611 356.428 266.824 261.215 310.789 287.086 252.488 253.863 241.354 211.762 211.551 330.926 253.289 269.127 709.407
threshold=1.0000000180025095e-35 0.025840490263183694 -882.49999999999989 -2378.4999999999995 -2336.4999999999995 -2210.4999999999995 -2161.4999999999995 -0.12307657183316444 0.0029673590504449847 8.5000000000000018 -0.057122532225004137 -1510.4999999999998 -1926.9999999999998 -1646.4999999999998 -2726.4999999999995 1.5000000000000002 -2759.4999999999995 5.5000000000000009 -1445.4999999999998 2.5000000000000004 -1608.4999999999998 -0.066921606118546847 -3222.4999999999995 1.5000000000000002 41.35775914493923 -4851.4999999999991 -0.10601139338143491 -4786.4999999999991 -3631.4999999999995 -3456.4999999999995
decision_type=8 10 2 2 2 2 2 10 8 2 10 2 2 2 2 2 2 2 2 2 2 8 2 2 10 2 10 2 2 2
left_child=-1 8 3 14 23 7 -7 -6 21 10 11 -8 -12 -14 16 -16 25 -18 19 24 -21 -2 -23 -5 -15 -3 -27 -28 -29 -30
right_child=1 2 -4 4 5 6 9 -9 -10 -11 12 -13 13 18 15 -17 17 -19 -20 20 -22 22 -24 -25 -26 26 27 28 29 -31
leaf_value=-0.034167026153289856 -0.0017188217858630844 -0.013366005150798724 -0.028801110719897018 0.018039735288116913 0.064835638088359557 0.053115319890127091 0.017871017538135053 -0.03200762282094987 0.0022906280209413483 0.00030950874975979961 -0.0088777101676365388 0.058732460863514781 0.0275410026923824 0.037293357898119016 0.024011206171291072 -0.011670179010113059 0.071572380234290717 0.012172616522925934 0.012455856857087937 0.0046433841018362534 -0.02805366284340749 -0.005301689192878589 -0.019282283194817802 0.062599491210909033 -0.0025542132602206428 0.025382930372250069 0.025803755471778014 -0.0029253592301376444 0.026213614830643973 0.00038716951935488238
leaf_weight=2677.1955199316144 8233.4087897986174 2239.077860981226 827.3665634393692 932.80750504136086 103.96956546604633 486.40544570982456 1264.429519623518 1227.0135656446218 9691.0034419670701 10329.53450037539 2253.1121610105038 774.3636464625597 3904.0653808563948 575.9683026522398 882.36521120369434 7251.5873912721872 310.50819130241871 483.35922227799892 4129.8647549152374 1124.9107016324997 1664.9342606365681 5978.4865893572569 7107.0367447212338 450.71606008708477 791.72479291260242 1510.6541191339493 1044.9206912517548 20863.768549799919 3336.0930243730545 13099.309325173497
leaf_count=30609 42501 11090 4013 3977 435 1967 5528 5584 49536 44678 9777 3306 15919 2608 3825 32359 1273 2018 18234 4985 7641 32409 44337 1867 3613 6452 4296 92060 14356 58933
internal_value=-0.000154925 0.000651798 0.00286161 0.00318488 0.00754828 0.00633981 0.00784062 -0.0244427 -0.00518186 0.0070193 0.0112241 0.0333908 0.00809534 0.0112321 0.000618086 -0.00779949 0.00221454 0.0354059 0.0035493 -0.00529798 -0.0148697 -0.00857865 -0.0128949 0.0325561 0.0142266 0.00158857 0.00242873 0.0015244 0.00084422 0.00562948
internal_weight=115550 112873 81862.8 81035.5 30013.8 28630.3 27299.3 1330.98 31009.9 26812.9 16483.4 2038.79 14444.6 12191.5 51021.6 8133.95 42887.7 793.867 8287.4 4157.54 2789.84 21318.9 13085.5 1383.52 1367.69 42093.8 39854.7 38344.1 37299.2 16435.4
internal_count=560186 529577 360794 356781 130119 124275 118256 6019 168783 116289 71611 8834 62777 53000 226662 36184 190478 3291 37081 18847 12626 119247 76746 5844 6221 187187 176097 169645 165349 73289
is_linear=0
shrinkage=0.05


Tree=36
num_leaves=31
num_cat=0
split_feature=13 10 5 5 19 10 19 43 33 34 10 33 32 43 33 33 8 33 33 33 33 32 33 33 33 33 32 43 33 32
split_gain=1199.41 554.369 357.074 248.354 230.831 228.07 195.14 182.363 169.552 155.476 152.067 149.65 147.44 142.329 225.415 137.044 136.499 132.308 180.259 122.918 120.672 121.546 363.183 267.646 215.784 403.912 173.45 196.764 128.925 171.773
threshold=0.00016929529311799155 0.0194573112335133 -0.097222222222223473 -0.22349027524528961 -0.080780138130802037 0.034863474626685875 0.47913045149102979 3.5000000000000004 -882.49999999999989 2.806381538134517 0.012495596293807578 -2210.4999999999995 4.5000000000000009 1.5000000000000002 -2322.4999999999995 -1233.9999999999998 1.0000000180025095e-35 -3614.9999999999995 -3288.4999999999995 -4851.4999999999991 -1090.4999999999998 8.5000000000000018 -2192.4999999999995 -4786.4999999999991 -1498.4999999999998 -1445.4999999999998 10.500000000000002 2.5000000000000004 -3948.4999999999995 9.5000000000000018
decision_type=8 8 10 8 10 10 10 2 2 2 10 2 2 2 2 2 10 2 2 2 2 2 2 2 2 2 2 2 2 2
left_child=2 4 7 8 10 6 12 15 11 17 -2 13 -5 14 19 -1 -16 -6 -19 -3 21 22 23 -14 -24 -26 28 -28 29 -23
right_child=1 3 -4 5 9 -7 -8 -9 -10 -11 -12 -13 20 -15 16 -17 -18 18 -20 -21 -22 26 24 -25 25 -27 27 -29 -30 -31
leaf_value=-0.020927558726501955 -0.017713373255572758 0.0010062490858841486 -0.035771955142286628 -0.0053577211790217134 -0.0041435062757826059 0.007303177130304251 0.0056492885077476076 0.040514533552341248 -0.042318183464216411 -0.0022265839543714207 -0.0062229549261470403 0.025073334055581348 0.051561738456559009 0.0044851087279006701 0.038857124778888294 0.037528277631293856 -0.064027973897042539 0.055045682813737 0.011913531516074553 0.046034429074965813 -0.014869452949677509 0.020689961383847145 0.029641861036643503 -0.0018390887286755114 -0.0226126470389275 0.026311501066500181 -0.0034668534860925297 0.013248743074204981 -0.010552213816302808 -0.0080759010356985725
leaf_weight=669.24247570335865 3614.965305313468 197.72885496914387 2981.3423519134521 13625.735600650311 773.22002945840359 16659.259666383266 14471.479612663388 207.56255403906107 141.15191672742367 11356.057906515896 14151.056138381362 1884.8675913214684 241.4515385478735 4114.1962434649467 47.303037494421005 117.93216723948717 101.22128967940807 313.16810631752014 1069.4406431317329 649.10013127326965 1152.6903578564525 888.16040161252022 1984.3441870212555 8318.7565493136644 735.11513823270798 990.04024684429169 3810.0019241049886 3272.8336341977119 5607.111667200923 1248.4691037237644
leaf_count=4365 24340 813 35033 64615 3756 69235 61874 1075 633 57769 73972 7800 980 17159 199 940 443 1457 5299 2649 5291 3862 8224 37316 3399 4406 17739 14276 25429 5966
internal_value=-0.000132549 0.00083041 -0.0271169 0.00303375 -0.00481504 0.00216356 0.000643983 -0.00117671 0.0119369 0.000110296 -0.00856098 0.0130318 -0.0010858 0.00858972 0.0255557 -0.0121699 -0.0312604 0.0124201 0.0216832 0.0355207 0.000974737 0.00164876 0.00532995 -0.000332851 0.0183977 0.00546417 -0.00139761 0.00425708 -0.00656969 0.00388158
internal_weight=115395 111419 3976.08 80141 31277.9 73005.4 56346.2 994.737 7135.57 13511.9 17766 6994.42 41874.7 5109.55 995.353 787.175 148.524 2155.83 1382.61 846.829 28249 27096.3 12269.7 8560.21 3709.5 1725.16 14826.6 7082.84 7743.74 2136.63
internal_count=560314 518901 41413 352308 166593 322612 253377 6380 29696 68281 98312 29063 191503 21263 4104 5305 642 10512 6756 3462 126888 121597 54325 38296 16029 7805 67272 32015 35257 9828
is_linear=0
shrinkage=0.05


Tree=37
num_leaves=31
num_cat=0
split_feature=10 10 19 1 19 32 32 37 28 12 4 28 43 5 38 5 8 28 35 36 34 1 12 5 2 34 32 32 32 12
split_gain=1161.33 538.796 247.362 265.14 245.419 190.9 352.997 170.82 195.514 143.448 125.087 136.156 114.215 113.311 131.604 113.001 112.737 108.374 108.069 101.523 101.984 100.521 97.853 94.3926 92.5435 83.8924 166.546 114.501 98.0613 96.3482
threshold=0.0076301418459634096 0.0194573112335133 0.61042557616142112 -0.07360406091370468 -0.25115480132309959 3.5000000000000004 2.5000000000000004 -0.052121150804817544 0.0032560183157405299 0.071428571428571466 -0.10461538461538393 0.012632260377540323 3.5000000000000004 -0.11491442542787238 0.027851477808664264 -0.055555555555554741 0.25155444587628867 -0.06170878130283896 -0.004901960784350178 0.99979321753515238 3.0974248706730361 0.16286644951140164 0.34285714285714325 -0.3209958086664384 -0.096423652105469146 3.1842822368296253 10.500000000000002 9.5000000000000018 8.5000000000000018 0.74999999999999933
decision_type=8 8 10 8 10 2 2 8 10 10 10 10 2 10 10 10 8 10 10 2 2 8 8 8 10 2 2 2 2 8
left_child=15 4 3 24 9 6 17 12 23 -2 -6 -12 18 -11 -15 -1 -8 -5 -7 20 -4 25 -13 -9 -3 26 27 29 -27 -10
right_child=1 2 19 5 10 7 16 8 21 13 11 22 -14 14 -16 -17 -18 -19 -20 -21 -22 -23 -24 -25 -26 28 -28 -29 -30 -31
leaf_value=-0.0031512023131714802 -0.036933385519256574 0.022721547235343916 0.012966995341131667 0.016581237006164932 0.015713381136234873 0.023847820597481764 -0.019709993450936523 0.024949378207499526 0.0010754724605479568 -0.0005069678697372335 -0.0064957856099675214 0.021102014489989239 -0.00083178088424799206 -0.013276920356134743 0.00071029989984331505 -0.035474132598653792 0.0001132705654385987 -0.00086105299218794482 0.0084061571461178462 0.022325140324159706 0.0044994747306592951 0.039862524947059788 0.0013102665471211329 -0.0038693006584154133 0.0066639320146830942 0.0054110249679756514 0.023024449357077228 -0.018523591990941668 -0.003390080146200976 0.016023746197827187
leaf_weight=303.41234949976206 456.66572490334511 1766.2930311709642 5059.4580356627703 983.80985341221094 1113.0760226547718 1487.4816765859723 3696.8168212026358 289.28766122460365 2986.5926365628839 3434.9011774212122 7268.9102539718151 691.93389366567135 2357.5482688695192 9643.1692066267133 2036.9189525544643 2485.001345872879 889.87597323209047 9394.0260589569807 4755.3629274815321 1156.4455841034651 11966.461806714535 194.13231614232063 6409.9800107702613 15962.429262690246 1823.7112722396851 6814.8162512853742 1482.7527423202991 508.02132095396519 5909.3120332360268 1686.7641197293997
leaf_count=2532 5031 7328 21372 4478 4862 6370 18189 1237 13288 16879 38922 3615 10015 56699 10353 30560 4129 43012 20336 4750 50638 796 30672 74706 7608 29449 6319 2258 25817 7091
internal_value=-8.28138e-05 0.000709139 0.00285204 0.00136909 -0.00489186 0.000571582 -0.00431283 0.00221654 0.000697779 -0.00932414 -0.000434459 -0.00168517 0.00854456 -0.00848999 -0.0108377 -0.031957 -0.015864 0.000792461 0.0120854 0.00798942 0.0070157 0.00406233 0.00323856 -0.00335632 0.0145643 0.00370387 0.00824856 0.00402015 0.00132363 0.00647078
internal_weight=115015 112227 81171.4 62989 31055.6 59399 14964.5 44434.5 35834.1 15571.7 15483.9 14370.8 8600.39 15115 11680.1 2788.41 4586.69 10377.8 6242.84 18182.4 17025.9 19582.4 7101.91 16251.7 3590 19388.3 6664.13 5181.38 12724.1 4673.36
internal_count=559311 526219 359186 282426 167033 267490 69808 197682 160961 88962 78071 73209 36721 83931 67052 33092 22318 47490 26706 76760 72010 85018 34287 75943 14936 84222 28956 22637 55266 20379
is_linear=0
shrinkage=0.05


Tree=38
num_leaves=31
num_cat=0
split_feature=12 10 2 0 13 33 33 33 33 33 10 32 38 33 33 33 33 33 12 33 33 43 33 33 33 33 13 43 32 33
split_gain=1076.36 533.368 254.296 243.822 227.258 214.127 214.334 301.551 307.201 266.531 294.67 264.213 218.78 180.356 173.485 265.751 541.919 275.77 322.921 210.315 631.344 388.92 316.786 682.67 246.3 446.023 228.734 186.485 184.702 340.342
threshold=1.0000000180025095e-35 0.01926336676774535 -0.11013303911925969 0.084507521325176152 0.019641157372348225 -882.49999999999989 -4851.4999999999991 -4548.4999999999991 -4370.4999999999991 -4896.4999999999991 0.033836203227798296 5.5000000000000009 -0.10195077308128052 -2161.4999999999995 -4307.4999999999991 -3631.4999999999995 -3456.4999999999995 -3537.4999999999995 0.99285714285714344 -2210.4999999999995 -2161.4999999999995 3.5000000000000004 -2336.4999999999995 -2350.4999999999995 -2726.4999999999995 -2791.4999999999995 0.012956261270977694 6.5000000000000009 8.5000000000000018 -1926.9999999999998
decision_type=8 8 8 8 10 2 2 2 2 2 8 2 10 2 2 2 2 2 10 2 2 2 2 2 2 2 10 2 2 2
left_child=13 4 -3 5 -2 6 9 11 -9 10 -4 -8 -10 -1 -14 27 17 -17 -19 22 21 -21 23 24 25 -18 -22 -16 29 -28
right_child=1 2 3 -5 -6 -7 7 8 12 -11 -12 -13 14 -15 15 16 19 18 -20 20 26 -23 -24 -25 -26 -27 28 -29 -30 -31
leaf_value=-0.0016166227583598498 -0.011155832887617291 0.018134641049638658 0.028311724287236772 0.018985209905041461 -0.0019591004481473847 -0.026677151745392032 0.029499804288937781 -0.013886283376028558 0.0097771829235939398 -0.042562343959464982 -0.013247153723018733 0.0067484832158850724 0.024632442168240981 -0.038328986352445193 -0.0077119050840542634 0.0052672065725342283 -0.001902274837972188 0.062605520643880058 0.0171238396188053 0.01093645974084817 -0.028807496702141153 0.074687897510237064 -0.029018329198762145 0.060975399436521444 -0.010511118165755179 0.029289444543228182 -0.011434223542721285 0.026680415858548912 -0.0025751297716608908 0.010542198450823659
leaf_weight=397.929607398808 9846.1312624886632 2624.9595818370581 549.13705323636532 2134.2691880315542 21138.219935320318 652.11603507399559 1759.2365720868111 3040.8490756005049 8641.4687335565686 546.80007410049438 1910.3271413296461 4646.5172953307629 780.00136363506317 2100.0447800457478 9897.7289745658636 1110.5154121816158 9375.6632287204266 715.77005070447922 858.19177496433258 459.83674428611994 563.27883993089199 498.66623163223267 1083.6413786187768 431.16186018288136 6370.7505228370428 1305.6980754137039 2091.2671712785959 410.49742558598518 7904.6164233088493 11180.487316682935
leaf_count=2143 63368 10889 2334 8762 105966 3118 7248 13935 36576 2814 9751 19297 3370 28600 44852 4892 42591 2982 3596 2042 3595 2058 5409 1790 28794 5490 9161 1711 34507 48622
internal_value=-1.78449e-05 0.000702789 0.00282471 0.00231548 -0.00488162 0.00185213 0.0020965 0.00263441 0.00163953 -0.0109879 -0.00396809 0.0129968 0.00238093 -0.0324807 0.00121965 0.000883067 0.00257776 0.0243459 0.0378069 0.00116164 0.00439006 0.0441035 -0.00278511 -0.00115913 -0.0027302 0.00191063 0.00263909 -0.00634232 0.00347555 0.00707931
internal_weight=115026 112528 81543.5 78918.5 30984.4 76784.2 76132.1 73125.8 66720.1 3006.26 2459.46 6405.75 63679.2 2497.97 55037.8 54257.8 43949.5 2684.48 1573.96 41265.1 22698.2 958.503 18566.9 17483.3 17052.1 10681.4 21739.6 10308.2 21176.4 13271.8
internal_count=560263 529520 360186 349297 169334 340535 337417 322518 295973 14899 12085 26545 282038 30743 245462 242092 195529 11470 6578 184059 99985 4100 84074 78665 76875 48081 95885 46563 92290 57783
is_linear=0
shrinkage=0.05


Tree=39
num_leaves=31
num_cat=0
split_feature=10 10 19 0 0 3 12 19 0 29 43 32 4 34 34 9 1 43 12 32 32 28 43 28 32 12 43 43 34 3
split_gain=978.463 436.173 246.225 237.072 215.83 189.828 168.44 127.699 124.218 117.916 117.265 118.913 141.316 116.315 109.862 109.273 108.29 97.1979 128.488 90.5459 198.37 107.293 103.903 89.1637 87.8441 84.9598 84.9351 82.9452 97.7884 96.0793
threshold=0.0076301418459634096 0.02067768034513404 -0.18287784227843609 -0.049904020117995822 0.00073066684601197373 -0.066666666666664251 0.035714285714285733 0.24160664203931248 0.084507521325176152 -0.058101090308904153 1.5000000000000002 5.5000000000000009 -0.07518796992480857 2.8176849673721516 3.1505946914676559 0.0047075128694032799 -0.031801207349291309 4.5000000000000009 0.59285714285714253 1.5000000000000002 3.5000000000000004 0.11182339989706244 1.5000000000000002 -0.15198594188729933 8.5000000000000018 2.6214285714285759 2.5000000000000004 1.0000000180025095e-35 3.6851216180931052 -0.042105263157894916
decision_type=8 8 10 10 10 8 10 10 10 10 2 2 10 2 2 10 10 2 10 2 2 10 2 8 2 10 2 2 2 10
left_child=9 2 6 23 5 16 -2 -7 -6 -1 27 12 15 -4 26 -12 -5 25 -19 22 -21 -22 -15 -3 -23 -14 -13 28 -8 -29
right_child=1 3 13 4 8 7 10 -9 -10 -11 11 14 17 19 -16 -17 -18 18 -20 20 21 24 -24 -25 -26 -27 -28 29 -30 -31
leaf_value=-0.00098320807328236017 -0.038402814813011721 0.049752253949073365 0.0095826892863428437 0.011469876541422862 0.0046032919604352112 -0.0035539952545693139 -0.025564380622687861 0.0039104041931607497 0.017192202453226429 -0.033764507805286968 0.11437431099487048 -0.0082085365742709093 -0.021332805053503382 0.0468325273989883 -0.0079509662388748039 -0.0013764888873714755 0.00059469311784984119 0.11600702324336401 0.001517993162679661 -0.01635980427671678 -0.0014830703920010832 0.026686287923692473 0.0054235107482143441 0.014584377039175226 -0.0060758332526232584 -0.007181328881512853 0.0088651188626110069 0.046225855513169163 0.014751963580627872 0.0029526212444666204
leaf_weight=310.42984191328287 435.42146321386099 193.26292230188847 2962.1148927733302 4811.4209988713264 28843.631378605962 25061.925854533911 278.56692358851433 7427.984940752387 2102.3409939855337 2358.3867140039802 20.644273765385151 1097.6499463841319 4151.6412981823087 168.26980645209551 7146.8883530944586 1651.7519788891077 4366.3761937320232 28.225941672921181 185.95114264637232 2213.7671972215176 9274.0142812803388 641.12344495207071 1518.9728790596128 2673.388470724225 300.49954514205456 1424.5068515688181 2165.3361500650644 244.34953630715609 326.91812813282013 270.01849795132875
leaf_count=2884 5110 826 14211 20460 124991 115190 1394 31764 8597 30323 125 5971 24499 750 39200 8332 19214 153 981 11519 46321 2810 7444 11171 1332 8405 10994 1131 1704 1490
internal_value=-3.09869e-05 0.000682063 -0.00380484 0.00285219 0.00229542 -5.37703e-05 -0.00765489 -0.00184745 0.00545853 -0.0299515 -0.00694996 -0.00793341 -0.0127503 0.000574766 -0.00448025 5.23538e-05 0.00629596 -0.016448 0.0166063 -0.00131538 -0.00279075 0.000149712 0.00955326 0.0169553 0.0162309 -0.0177176 0.00312164 0.00874563 -0.00379647 0.0235095
internal_weight=114656 111987 36506.6 75480.3 72613.7 41667.7 19427.9 32489.9 30946 2668.82 18992.4 17872.6 7462.72 17078.8 10409.9 1672.4 9177.8 5790.33 214.177 14116.6 12429.4 10215.6 1687.24 2866.65 941.623 5576.15 3262.99 1119.85 605.485 514.368
internal_count=559296 526089 193876 332213 320216 186628 109489 146954 133588 33207 104379 98660 42495 84387 56165 8457 39674 34038 1134 70176 61982 50463 8194 11997 4142 32904 16965 5719 3098 2621
is_linear=0
shrinkage=0.05


Tree=40
num_leaves=31
num_cat=0
split_feature=10 5 38 10 5 13 33 33 33 43 3 33 0 33 33 33 32 1 33 33 33 33 33 28 32 33 33 11 32 32
split_gain=899.755 384.085 415.405 301.227 325.125 198.044 192.941 197.69 210.775 393.631 199.727 191.165 175.084 167.762 186.816 302.313 346.82 166.136 146.03 198.164 345.43 144.963 165.65 177.953 134.883 133.233 221.215 149.502 131.918 153.581
threshold=0.0085405049358610752 -0.17135468660393724 0.029016427586872066 0.0295979080191742 -0.069838646648744382 0.0080459770114939422 -882.49999999999989 -2210.4999999999995 -2336.4999999999995 1.5000000000000002 -0.064356551441008089 -1633.4999999999998 0.084507521325176152 -4851.4999999999991 -4264.9999999999991 -4344.9999999999991 1.5000000000000002 -0.12307657183316444 -3892.4999999999995 -3407.4999999999995 -3537.4999999999995 -4114.4999999999991 -4152.4999999999991 -0.093910172820686574 9.5000000000000018 -2579.4999999999995 -2378.4999999999995 0.97933314323052212 4.5000000000000009 5.5000000000000009
decision_type=8 8 8 10 8 10 2 2 2 2 10 2 8 2 2 2 2 10 2 2 2 2 2 10 2 2 2 10 2 2
left_child=-1 6 3 4 -3 -6 7 8 9 28 -9 -12 -4 -7 15 16 -15 -10 -16 20 -20 22 23 -11 -17 -23 27 -27 -2 -30
right_child=1 2 12 -5 5 13 -8 10 17 21 11 -13 -14 14 18 24 -18 -19 19 -21 -22 25 -24 -25 -26 26 -28 -29 29 -31
leaf_value=-0.026556112359600443 0.016870106891116465 0.00039125422958765038 0.0028375803914280759 0.0032448577299989765 -0.028025858215692874 -0.030610694878332647 -0.037887183439099609 0.033861812482235853 0.054828946906787183 0.037245275690498202 0.0210558593667672 -0.0049139854859977959 0.019435011189322504 0.071497259381604006 -0.019722411854279004 0.052501008732735124 -0.0080232659203554862 -0.044705674462109352 -0.0053320633374399863 -0.0093260369342556861 0.029414469758472186 0.010179406589292818 -0.045523351658205077 -0.0090223430021480477 0.00263168117706318 -0.030272442175747816 0.034298272479273743 0.0020957241157895396 0.070759888261738665 0.023082611262504542
leaf_weight=3130.0613291040063 895.2687825858593 16593.417714864016 35632.500063963234 13965.31950173527 1232.6174297332764 765.15143057703972 226.20862330496311 1327.1396027356386 48.133349180221558 235.20728082954884 1741.5433705449104 1194.7361280694604 1663.0900290906429 146.02701213955879 2527.6630657762289 413.14074948430061 2246.7243367135525 324.94784587621689 2895.947275146842 16883.287896886468 949.90197771042585 4987.7591192871332 267.24603101611137 1784.9533330053091 201.82953028380871 710.12098464369774 284.14635579288006 716.86831486225128 326.92449216544628 349.46516235172749
leaf_count=37458 3704 82177 156289 60088 11077 4187 1052 5542 211 1004 7387 5468 6850 647 12964 1869 10865 1602 15261 88289 4748 21314 1213 7851 952 3039 1168 2998 1336 1434
internal_value=-0.000117064 0.000624892 -0.000550346 -0.00316774 -0.00516423 -0.00842597 0.00795012 0.00863253 0.00507074 0.00637589 0.0177646 0.010489 0.0035777 -0.00753217 -0.00685984 0.00486612 -0.00317021 -0.0318641 -0.00837632 -0.0069928 0.00325012 0.00233838 -0.00852933 -0.0036354 0.0361342 0.00604927 -0.00598959 -0.0140118 0.0294612 0.0461268
internal_weight=114667 111537 96116.6 58821 44855.7 28262.3 15420.7 15194.5 10931 10558 4263.42 2936.28 37295.6 27029.7 26264.5 3007.72 2392.75 373.081 23256.8 20729.1 3845.85 8986.3 2287.41 2020.16 614.97 6698.89 1711.14 1426.99 1571.66 676.39
internal_count=560044 522586 456263 293124 233036 150859 66323 65271 46874 45061 18397 12855 163139 139782 135595 14333 11512 1813 121262 108298 20009 38587 10068 8855 2821 28519 7205 6037 6474 2770
is_linear=0
shrinkage=0.05


Tree=41
num_leaves=31
num_cat=0
split_feature=12 3 0 10 1 28 0 19 5 8 28 12 13 11 32 43 32 25 9 13 32 32 11 34 32 9 19 32 32 7
split_gain=896.319 395.338 457.297 306.749 180.997 188.68 175.223 158.609 143.143 140.681 138.467 116.129 108.447 103.79 123.171 94.8967 94.6435 94.52 93.4362 91.1585 90.9072 122.973 121.763 114.211 99.8911 104.791 87.4572 93.8323 100.544 85.8684
threshold=1.0000000180025095e-35 -0.066666666666664251 0.0050392210643954724 0.015744364022426117 -0.039272805854163033 -0.14108858956734707 0.084507521325176152 -0.58609776200736141 -0.11304318572420934 0.0045274491014282168 0.041798513792799932 0.60714285714285765 0.0097412922891701934 1.1013585284668379 10.500000000000002 3.5000000000000004 4.5000000000000009 0.27842023172905533 5.3318292351334139e-10 0.020014658747230612 4.5000000000000009 8.5000000000000018 0.44400983082789808 3.5189793199236452 1.5000000000000002 0.028845623742644846 -0.34344354293067869 3.5000000000000004 2.5000000000000004 -0.017198952781774853
decision_type=8 8 8 8 10 8 8 10 8 10 10 10 10 8 2 2 2 10 10 10 2 2 8 2 2 8 8 2 2 10
left_child=9 4 3 19 5 -2 8 12 -4 -1 29 -12 -5 14 15 -6 -14 18 -11 -3 24 22 -22 -23 -9 -26 27 28 -15 -10
right_child=1 2 6 7 13 -7 -8 20 10 17 11 -13 16 26 -16 -17 -18 -19 -20 -21 21 23 -24 -25 25 -27 -28 -29 -30 -31
leaf_value=-0.037348683532506782 0.039145266271639667 -0.015564999250547377 0.010029986198881879 -0.022157538411088043 0.0091134482556586936 0.010901404425750282 0.018144309880600527 0.0034465842716084037 -0.0030401501121189458 0.087041390060033322 0.017655639426716822 0.0035266050077511751 -0.0099034434347917682 -0.0049712952430942675 0.023615082097473528 -0.0052151308483075354 -0.0019776407293917312 -0.022073030495298799 0.0010188366857179045 -0.0063056505045319955 0.030243642989438702 0.0038617570607592704 0.0049252647043218469 -0.0068727119441499137 -0.011451726968285489 0.0024889248453587864 0.0079274797921060486 -0.001694343915940998 -0.038485389496738 0.0075139369656358861
leaf_weight=1803.56362972036 647.90792977809906 5452.2398367375135 5902.9763753563166 912.18606031686068 3471.9102620482445 6769.4666536599398 2024.4671825319529 3410.0199117735028 13625.649451032281 42.7627919241786 1731.6139367595315 9081.0366512835026 5497.3270452767611 473.18785551190376 986.36926048994064 1731.9888791292906 11963.431571692228 372.78281022980809 120.56863975524902 5186.8989989086986 497.79585721343756 4853.5558954998851 10315.549437813461 5062.4936387091875 4386.8192454949021 1946.0189384371042 1383.2756320089102 2243.3974129706621 424.60558340698481 2244.7174566686153
leaf_count=27041 2771 38970 25834 6147 15701 28919 8330 15210 65686 199 7552 38932 27508 2281 4207 7727 55059 2733 704 28359 2241 21588 45295 22741 21734 8495 6083 9908 2065 10248
internal_value=-3.44303e-05 0.00060413 -0.000698579 -0.0033574 0.00736441 0.0133685 0.00387108 -0.00168167 0.00298433 -0.0306641 0.00142565 0.00578933 -0.005351 0.00320802 0.00741514 0.00434454 -0.00447299 -0.00817638 0.0235409 -0.0110508 0.00053071 0.00240297 0.0060908 -0.00161857 -0.00345281 -0.0071679 -0.00254807 -0.00716115 -0.0208216 -0.00154737
internal_weight=114567 112227 94094.8 59484.3 18132.1 7417.37 34610.5 48845.2 32586 2339.68 26683 10812.7 18372.9 10714.7 6190.27 5203.9 17460.8 536.114 163.331 10639.1 30472.3 20729.4 10813.3 9916.05 9742.86 6332.84 4524.47 3141.19 897.793 15870.4
internal_count=560268 529591 449929 293347 79662 31690 156582 226018 148252 30677 122418 46484 88714 47972 27635 23428 82567 3636 903 67329 137304 91865 47536 44329 45439 30229 20337 14254 4346 75934
is_linear=0
shrinkage=0.05


Tree=42
num_leaves=31
num_cat=0
split_feature=13 3 37 25 5 9 4 1 28 38 8 11 32 34 34 11 5 5 11 11 32 19 28 32 11 32 34 25 36 32
split_gain=796.34 358.886 389.303 309.209 274.726 257.145 203.179 161.972 165.982 128.414 120.458 113.679 130.418 121.627 101.526 98.446 92.0891 88.6078 85.9044 83.9344 120.19 88.3621 83.3107 82.8272 100.137 78.3948 114.223 96.4657 76.9449 76.8723
threshold=0.00016929529311799155 -0.066666666666664251 0.01202232574824458 0.28625244757229212 -0.066921606118546847 0.013337391176731078 -1.0000000180025095e-35 -0.037268271091608234 -0.14108858956734707 0.25014966165365854 0.21369578809753878 0.4044859602149028 10.500000000000002 2.8650498914867879 1.4230357494997927 0.44400983082789808 -0.023897745244476073 -0.14399999999999982 1.7567652714687532 1.0835779020212923 10.500000000000002 -0.34344354293067869 0.10143608098433123 7.5000000000000009 0.72534642181086084 6.5000000000000009 3.6519552588822624 0.97193430003580394 0.249999999999999 3.5000000000000004
decision_type=8 8 10 10 8 8 8 10 8 8 10 10 2 2 2 8 10 8 8 8 2 8 10 2 10 2 2 8 2 2
left_child=3 7 4 6 11 22 23 8 -2 15 25 -3 -13 -14 -5 -4 -8 -16 28 20 -9 29 -6 24 -1 27 -27 -7 -17 -21
right_child=1 2 9 14 5 10 16 19 -10 -11 -12 12 13 -15 17 18 -18 -19 -20 21 -22 -23 -24 -25 -26 26 -28 -29 -30 -31
leaf_value=0.023885718464764838 0.036545810348346065 0.023634201622942299 0.027798356264037833 0.12880084725254062 -0.015145597854231954 -0.010047395188149042 0.071824972966549577 0.0038617582845045608 0.010352094583278341 0.011184457795787211 0.0026687973796638686 -0.001457520715238054 0.023931513871048454 0.0036361181595208772 -0.0065009248782734027 -0.0016726142274544817 -0.0071426533618585506 -0.036026309520711348 -0.025703643842679952 -0.018998771367251924 0.023615325117627085 0.0083933886061973006 0.013541991435269332 -0.037680595925600635 -0.018025573719065806 0.001963588806654099 -0.0082904507725047663 0.025492535825230356 0.0036205293777161092 -0.001745073929618302
leaf_weight=244.50842522084713 661.77989247441292 544.47372784465551 370.72303761541843 9.7552513778209669 7493.238057859242 8299.4299706071615 127.27262292802334 4739.0819185972214 7023.3676951676607 4463.7924758046865 5647.8108069747686 16655.14666121453 977.4008274525404 3016.3608284965158 285.26045218855143 9579.5585332736373 52.004323467612267 2326.9627381376922 279.68642212450504 903.73169542104006 919.44704791903496 1405.3138892948627 261.92323435842991 201.83695500344038 341.67134445160627 5816.7189778611064 5094.4800298288465 195.42828665673733 24236.524374932051 2259.9527284428477
leaf_count=2012 2834 2589 1653 58 47952 42312 557 21145 29907 18245 24875 79397 4333 13859 1815 42071 451 32022 1332 4371 3901 6120 1491 1932 2716 27630 24483 866 107581 9908
internal_value=-0.000108062 0.000642497 -0.000606569 -0.0232871 -0.00335425 -0.00622052 0.00087461 0.00712277 0.0126077 0.0032049 -0.00375777 0.00108296 0.000488321 0.00860305 -0.0322008 0.00217146 0.0489182 -0.0328021 0.00189282 0.00300131 0.00707149 -0.00203945 -0.0141767 -0.0100555 -0.000543455 -0.00562812 -0.00282406 -0.00922978 0.00212107 -0.00667373
internal_weight=114435 110845 92932.7 3589.27 54002.4 32809 967.294 17912.7 7685.15 38930.3 25053.9 21193.4 20648.9 3993.76 2621.98 34466.5 179.277 2612.22 34095.8 10227.5 5658.53 4569 7755.16 788.017 586.18 19406.1 10911.2 8494.86 33816.1 3163.68
internal_count=560418 518855 440669 41563 269787 169609 7668 78186 32741 170882 120166 100178 97589 18192 33895 152637 1008 33837 150984 45445 25046 20399 49443 6660 4728 95291 52113 43178 149652 14279
is_linear=0
shrinkage=0.05


end of trees

feature_importances:
Column_33=348
Column_32=145
Column_10=79
Column_28=75
Column_13=72
Column_5=69
Column_43=62
Column_37=45
Column_19=41
Column_38=40
Column_7=39
Column_1=34
Column_12=34
Column_0=33
Column_3=24
Column_4=23
Column_9=23
Column_20=21
Column_34=21
Column_8=12
Column_11=11
Column_36=10
Column_2=9
Column_25=6
Column_29=4
Column_35=4
Column_6=3
Column_26=2
Column_21=1

parameters:
[boosting: gbdt]
[objective: binary]
[metric: binary_logloss]
[tree_learner: serial]
[device_type: cpu]
[data_sample_strategy: bagging]
[data: ]
[valid: ]
[num_iterations: 500]
[learning_rate: 0.05]
[num_leaves: 31]
[num_threads: 2]
[seed: 42]
[deterministic: 0]
[force_col_wise: 0]
[force_row_wise: 0]
[histogram_pool_size: -1]
[max_depth: -1]
[min_data_in_leaf: 100]
[min_sum_hessian_in_leaf: 0.001]
[bagging_fraction: 0.8]
[pos_bagging_fraction: 1]
[neg_bagging_fraction: 1]
[bagging_freq: 1]
[bagging_seed: 400]
[bagging_by_query: 0]
[feature_fraction: 0.8]
[feature_fraction_bynode: 1]
[feature_fraction_seed: 30056]
[extra_trees: 0]
[extra_seed: 12879]
[early_stopping_round: 0]
[early_stopping_min_delta: 0]
[first_metric_only: 0]
[max_delta_step: 0]
[lambda_l1: 0]
[lambda_l2: 0]
[linear_lambda: 0]
[min_gain_to_split: 0]
[drop_rate: 0.1]
[max_drop: 50]
[skip_drop: 0.5]
[xgboost_dart_mode: 0]
[uniform_drop: 0]
[drop_seed: 17869]
[top_rate: 0.2]
[other_rate: 0.1]
[min_data_per_group: 100]
[max_cat_threshold: 32]
[cat_l2: 10]
[cat_smooth: 10]
[max_cat_to_onehot: 4]
[top_k: 20]
[monotone_constraints: ]
[monotone_constraints_method: basic]
[monotone_penalty: 0]
[feature_contri: ]
[forcedsplits_filename: ]
[refit_decay_rate: 0.9]
[cegb_tradeoff: 1]
[cegb_penalty_split: 0]
[cegb_penalty_feature_lazy: ]
[cegb_penalty_feature_coupled: ]
[path_smooth: 0]
[interaction_constraints: ]
[verbosity: -1]
[saved_feature_importance_type: 0]
[use_quantized_grad: 0]
[num_grad_quant_bins: 4]
[quant_train_renew_leaf: 0]
[stochastic_rounding: 1]
[linear_tree: 0]
[max_bin: 255]
[max_bin_by_feature: ]
[min_data_in_bin: 3]
[bin_construct_sample_cnt: 200000]
[data_random_seed: 175]
[is_enable_sparse: 1]
[enable_bundle: 1]
[use_missing: 1]
[zero_as_missing: 0]
[feature_pre_filter: 1]
[pre_partition: 0]
[two_round: 0]
[header: 0]
[label_column: ]
[weight_column: ]
[group_column: ]
[ignore_column: ]
[categorical_feature: ]
[forcedbins_filename: ]
[precise_float_parser: 0]
[parser_config_file: ]
[objective_seed: 16083]
[num_class: 1]
[is_unbalance: 0]
[scale_pos_weight: 1]
[sigmoid: 1]
[boost_from_average: 1]
[reg_sqrt: 0]
[alpha: 0.9]
[fair_c: 1]
[poisson_max_delta_step: 0.7]
[tweedie_variance_power: 1.5]
[lambdarank_truncation_level: 30]
[lambdarank_norm: 1]
[label_gain: ]
[lambdarank_position_bias_regularization: 0]
[eval_at: ]
[multi_error_top_k: 1]
[auc_mu_weights: ]
[num_machines: 1]
[local_listen_port: 12400]
[time_out: 120]
[machine_list_filename: ]
[machines: ]
[gpu_platform_id: -1]
[gpu_device_id: -1]
[gpu_use_dp: 0]
[num_gpu: 1]

end of parameters

pandas_categorical:null
