tree
version=v4
num_class=1
num_tree_per_iteration=1
label_index=0
max_feature_idx=43
objective=binary sigmoid:1
feature_names=Column_0 Column_1 Column_2 Column_3 Column_4 Column_5 Column_6 Column_7 Column_8 Column_9 Column_10 Column_11 Column_12 Column_13 Column_14 Column_15 Column_16 Column_17 Column_18 Column_19 Column_20 Column_21 Column_22 Column_23 Column_24 Column_25 Column_26 Column_27 Column_28 Column_29 Column_30 Column_31 Column_32 Column_33 Column_34 Column_35 Column_36 Column_37 Column_38 Column_39 Column_40 Column_41 Column_42 Column_43
feature_infos=[-0.12:0.12000000000000011] [-0.29600000000000148:0.4049280000000004] [-0.40232558139534902:0.63520000000000043] [-0.48076923076923073:1.5834710743801592] [-0.60377358490566035:6.1999999999999984] [-0.78388652584479956:8.2471264367816115] [0:99.999999998992266] [-0.91935999999999996:0] [0:9.0024207213749694] [0:0.11425235081910329] [0:0.10689387851301814] [0:3445.3822046328423] [0:515.10714285714289] [-4.163336342344337e-17:0.2660499814548567] [0:21] none none [0:5] none [-3.1643928874535838:4.3643511374030499] [7.3304783253464089e-06:4.1994884612742513] [-0.99999999999999845:1] [0:45.915566428259361] none none [0.0026109660574412533:1] [0.0026041666666666665:1] none [-0.40705882352941181:1.4627374711935675] [-1.4380737940635226:5.9124129638435727] none [1:7] [1:12] [-5029:-1094] [0.40546510810816438:8.6995980780714959] [-0.78922220878190408:2.749999999999766] [0:1] [-0.89818879338964941:1.1265264897621496] [-0.89912170089584331:1.6658353162736668] [0:1] none none none [0:7]
tree_sizes=3551 3578 3568 3578 3571 3598 3586 3578 3597 3580 3587 3576 3571 3604 3589 3559 3593 3582 3566 3582 3573 3594 3570 3575 3606 3566 3579 3590 3581 3573 3609 3589 3583 3573 3579 3591 3584 3592 3580 3620 3584 3597 3612 3587 3619

Tree=0
num_leaves=31
num_cat=0
split_feature=13 10 10 38 28 20 10 32 13 28 38 0 9 28 7 19 0 32 3 19 9 38 19 32 3 7 36 19 43 2
split_gain=15518 4807.5 4203.65 1529.15 1297.68 954.231 1194.9 924.657 869.898 707.744 780.4 500.195 455.067 365.707 370.205 361.079 361.078 408.132 353.226 332.288 320.711 254.607 243.756 266.295 206.637 192.604 191.32 189.259 174.166 170.643
threshold=0.025852678045479568 0.027410532440993524 0.013705200701441189 -0.10949578069799874 0.048652627725297333 0.235278813840122 0.02387426592149983 3.5000000000000004 0.0084664126798738859 0.12279269115722204 -0.15363659857985559 0.087737200143215191 0.019227375701227605 0.036963804649253064 -0.19354838709677416 -0.036356460857110147 -0.052080285742149117 2.5000000000000004 -0.12215986874418554 -0.31749533142945302 0.038802315200032855 -0.084412684234118227 0.24912354579358487 3.5000000000000004 -0.11152416356877369 -0.12011039395951516 0.97142857142857209 0.26579770451162799 1.5000000000000002 3.3306690738754701e-16
decision_type=10 10 8 8 10 8 10 2 10 10 10 10 10 10 8 10 10 2 10 10 10 10 8 2 10 10 2 10 2 10
left_child=2 3 8 18 12 -4 11 16 25 10 24 13 -5 14 28 -14 -3 21 -2 -8 27 -18 23 -6 -9 -1 -11 -12 -7 -16
right_child=1 7 5 4 22 6 19 9 -10 26 20 -13 15 -15 29 -17 17 -19 -20 -21 -22 -23 -24 -25 -26 -27 -28 -29 -30 -31
leaf_value=-0.75086408437180818 -0.66409901741173238 -0.66454774936274996 -0.76474077634432391 -0.73302619553594128 -0.73122601937653997 -0.68049266050521695 -0.7204297239941535 -0.64441657077947956 -0.75636475614774379 -0.67243019460250264 -0.70293835734435239 -0.60539758985082415 -0.72651811569896141 -0.72317561749180836 -0.74778000074564888 -0.71101890912030263 -0.67575427584385894 -0.72652120409362397 -0.69740028789951614 -0.69724363217257279 -0.68526156689655293 -0.70591106773598999 -0.6980526786179736 -0.70690105931077118 -0.67657389469382823 -0.78455311422404561 -0.63096923030176189 -0.68962141562837942 -0.72636108654114384 -0.73555146126752324
leaf_weight=463.60773421823978 1031.6097990870476 489.37595507502556 2138.5420899093151 13019.558768793941 1487.9495735764503 230.59254048764706 4022.9258305132389 918.18557907640934 8935.1856423914433 4199.1187936365604 9239.9994685947895 72.679597288370132 9497.9019183665514 3899.1502739191055 8462.3277776092291 6217.6294274181128 804.54111786186695 2335.4377261996269 3490.8230818808079 2508.9877948760986 6186.7956588715315 5381.5938173979521 5139.1082518994808 4614.0532217919827 1095.6999894231558 4998.3741226047277 297.98634888231754 3751.1481848955154 2018.9511161893606 4303.7333654910326
leaf_count=2105 4684 2222 9710 59115 6756 1047 18266 4169 40570 19066 41954 330 43125 17704 38423 28231 3653 10604 15850 11392 28091 24435 23334 20950 4975 22695 1353 17032 9167 19541
internal_value=-0.719517 -0.706483 -0.744064 -0.717361 -0.720479 -0.732659 -0.72997 -0.692533 -0.765974 -0.687699 -0.691522 -0.736316 -0.726113 -0.736819 -0.740362 -0.720386 -0.706314 -0.708712 -0.689804 -0.711524 -0.694631 -0.701989 -0.706076 -0.712833 -0.661912 -0.781694 -0.669683 -0.699093 -0.721659 -0.743657
internal_weight=121254 79198.5 42055.1 44498.6 39976.2 27657.9 25519.3 34699.9 14397.2 25688.9 21191.8 18987.4 28735.1 18914.8 15015.6 15715.5 9010.95 8521.57 4522.43 6531.91 19177.9 6186.13 11241.1 6102 2013.89 5461.98 4497.11 12991.1 2249.54 12766.1
internal_count=550549 359599 190950 202045 181511 125580 115870 157554 65370 116640 96221 86212 130471 85882 68178 71356 40914 38692 20534 29658 87077 28088 51040 27706 9144 24800 20419 58986 10214 57964
is_linear=0
shrinkage=1


Tree=1
num_leaves=31
num_cat=0
split_feature=13 10 10 38 37 5 28 13 1 38 13 7 5 10 28 33 28 43 11 37 13 10 5 9 33 33 33 33 0 0
split_gain=13988.2 4611.5 3491.18 1399.47 1111.43 1070.86 972.835 945.56 796.642 729.33 588.256 572.708 527.498 505.204 487.596 441.703 366.756 330.464 334.973 266.367 262.517 259.494 257.621 250.893 240.225 265.504 237.678 273.884 235.287 219.414
threshold=0.02837748813160737 0.013705200701441189 0.02881094995004288 -0.1412077392615497 0.042986592520070872 -0.13474154618478104 0.042378333657659709 0.007493712400009094 -0.09183673469387614 0.21537201751227822 0.00091743119266049185 -0.2808666509646901 -0.13265479660685034 0.028170674060783586 0.05067810213852892 -4534.4999999999991 0.12279269115722204 3.5000000000000004 0.39840192459219609 -0.12868632707777392 1.1796119636642291e-17 0.019564121591658507 -0.2511223358694008 0.035842027228742836 -4093.4999999999995 -4075.4999999999995 -2709.4999999999995 -1773.9999999999998 0.08303873683684572 0.08303873683684572
decision_type=10 8 10 8 10 8 10 10 10 10 8 10 8 10 10 2 10 2 10 10 10 8 8 8 2 2 2 2 10 10
left_child=1 7 3 22 12 15 10 -1 -4 11 19 -10 24 -12 21 -3 -13 20 -19 -7 -17 -14 -2 -8 -5 -26 -18 -28 -11 -6
right_child=2 5 8 4 29 6 23 -9 9 28 13 16 14 -15 -16 17 26 18 -20 -21 -22 -23 -24 -25 25 -27 27 -29 -30 -31
leaf_value=-0.061280725930397788 0.059410045218504653 0.044002396065378951 0.064164708814396523 -0.005823456130550706 0.015637597944410019 0.11328721383544103 0.0011307086835718647 -0.034752225679468417 0.038696147828527157 0.040323457668788781 -0.020189563903607044 0.015936831397230952 -0.018120087845619769 0.0050588003315628748 0.0079593773559138385 -0.038473907459632278 0.018590825889911421 0.082229764792033769 0.012656277806845452 -0.051021868988073385 -0.00051422891203210027 -0.0054032763694830434 0.026953046391178716 0.053978277750983218 0.10832791702759381 0.015193772198398249 0.058030922201977045 0.00036472601088644512 0.075095999759435983 0.052125814930856364
leaf_weight=5102.4361611455679 1087.262619510293 736.14576072990894 1382.3537549674511 1585.7387588024139 9201.0680207908154 25.048039063811302 5607.7318574488163 9830.2200195640326 4285.8480852246284 3307.2711176872253 17835.182936429977 17496.975249961019 5770.8670554757118 2228.8530421853065 5236.0874981433153 527.58285820484161 1142.0130581855774 190.58353559672832 1875.8883303552866 1616.6740484982729 3331.8107733130455 13158.373571977019 1396.7861477583647 233.95341023802757 77.868019819259644 4431.2953363060951 1279.9896006584167 245.37584756314754 570.37984691560268 431.31439623236656
leaf_count=23690 4875 3332 6191 7189 41614 111 25449 45191 19236 14846 81454 78882 26284 10095 23676 2418 5115 865 8529 7430 15153 59792 6269 1055 352 20090 5724 1098 2548 1946
internal_value=-6.32544e-05 -0.020634 0.0139599 0.0047466 0.00247923 -0.0105145 -0.0148648 -0.0438169 0.0271013 0.0252926 -0.0197393 0.0220976 -0.0022294 -0.0173848 -0.00554476 0.00747433 0.0185697 0.0029366 0.0190728 -0.048515 -0.00570335 -0.00928019 0.0411594 0.0032472 0.0109155 0.0168021 0.0358402 0.0487545 0.0454383 0.0172715
internal_weight=121229 49142.1 72086.9 42376.7 39892.6 34209.5 27547.4 14932.7 29710.2 28327.9 21705.8 24450.2 30260.2 20064 24165.3 6662.01 20164.4 5925.87 2066.47 1641.72 3859.39 18929.2 2484.05 5841.69 6094.9 4509.16 2667.38 1525.37 3877.65 9632.38
internal_count=550499 224772 325727 192087 180943 155891 125594 68881 133640 127449 99090 110055 137383 91549 109752 30297 90819 26965 9394 7541 17571 86076 11144 26504 27631 20442 11937 6822 17394 43560
is_linear=0
shrinkage=0.05


Tree=2
num_leaves=31
num_cat=0
split_feature=13 9 13 38 37 5 9 7 8 3 7 1 29 38 33 2 33 8 37 33 33 7 8 38 33 0 33 33 33 33
split_gain=12738.4 3195.65 2811.88 1870.66 1333.58 1313.78 1020.1 703.194 663.802 490.376 489.694 589.102 476.828 409.302 367.306 353.505 344.74 321.744 304.067 304.045 354.654 272.289 265.523 256.694 238.922 207.732 205.041 199.265 256.835 498.056
threshold=0.025694606175361231 0.033610294095860277 0.00091743119266049185 -0.11649312066126348 0.030094161803289058 -0.13474154618478104 0.012827178009102115 -0.15704662763971181 0.054453624170364152 -0.11152416356877369 -0.0030331060713870146 -0.07246376811594156 -0.07956641689895301 0.016244055086569679 -4867.4999999999991 0.2473275763685471 -4516.4999999999991 0.077589422771827246 -0.12868632707777392 -2368.4999999999995 -2329.4999999999995 -0.31690719026804498 0.13100798771788805 0.096246992340864437 -4534.4999999999991 0.060528005295609096 -4250.4999999999991 -4684.4999999999991 -2206.4999999999995 -1773.9999999999998
decision_type=10 10 8 8 10 8 8 8 8 10 10 10 8 8 2 8 2 10 10 2 2 10 10 8 2 10 2 2 2 2
left_child=2 3 8 9 7 16 17 19 -1 -2 11 18 -9 -8 -13 -10 -4 26 -3 -5 -21 -16 -14 24 -6 -15 -7 -23 -29 -30
right_child=1 10 5 4 23 6 13 12 15 -11 -12 14 22 25 21 -17 -18 -19 -20 20 -22 27 -24 -25 -26 -27 -28 28 29 -31
leaf_value=-0.059953633458413064 0.053600832797292657 0.079230080950058318 0.04113513730963278 0.0018253448681030491 0.03210330502866119 -0.011115567546870441 -0.017827777253624839 0.0096226720466760559 -0.023749462687564352 0.022443419422638548 0.05211021358810522 -0.036551058892209401 -0.014114996295412754 -0.0019908350532852246 0.040011956189680106 0.12451360041753477 0.0014494575816129177 -0.016658799616012496 0.038387334808944851 0.084294328392366391 0.014958567436261637 0.043160676304470305 -0.0022610439955727322 0.022636807008790817 0.0064186717279980376 0.06354423419536917 -0.037459339572576723 0.013812675473453776 0.0406217947980567 0.010288168147145315
leaf_weight=5449.0054660886526 1871.2927609682083 620.30400162935257 622.27808691561222 9106.0124955624342 1027.786520421505 800.10757280886173 11018.460306182504 3539.6353291869164 1130.446457311511 3883.8137083351612 1926.4207543730736 259.64802660048008 14276.818449988961 4634.6855391561985 2145.9938491284847 41.686600983142853 4536.980981618166 2921.7932153791189 1717.3005327433348 193.61173038184643 3888.7345176190138 944.61789910495281 7060.2348523736 6491.9481243789196 7604.8186746388674 124.1587228924036 9612.2996583282948 8219.0172420889139 3187.1900891512632 2351.7256908863783
leaf_count=25793 8272 2729 2779 41210 4622 3695 50591 15979 5246 17360 8524 1177 65157 21235 9535 179 20671 13473 7623 871 17561 4215 31977 29136 34300 557 44661 36790 14183 10531
internal_value=-6.48697e-05 0.0115009 -0.0227815 0.00549542 0.00256548 -0.0170185 -0.0211397 -0.00242501 -0.052611 0.0325744 0.0280641 0.0256819 -0.00737317 -0.0125352 0.022465 -0.0184765 0.0062361 -0.0313208 0.0492253 0.00690851 0.0182469 0.0233745 -0.0101926 0.0151254 0.00947665 -0.000281019 -0.035435 0.0209461 0.0194209 0.0277427
internal_weight=121209 80316.9 40891.9 58944.7 53189.6 34270.8 29111.5 38065 6621.14 5755.11 21372.2 19445.8 24876.7 15777.3 17108.2 1172.13 5159.26 13334.2 2337.6 13188.4 4082.35 16848.5 21337.1 15124.6 8632.61 4758.84 10412.4 14702.6 13757.9 5538.92
internal_count=550632 361752 188880 266445 240813 157662 134212 172755 31218 25632 95307 86783 113113 72383 76431 5425 23450 61829 10352 59642 18432 75254 97134 68058 38922 21792 48356 65719 61504 24714
is_linear=0
shrinkage=0.05


Tree=3
num_leaves=31
num_cat=0
split_feature=9 9 9 7 28 7 20 33 7 38 32 28 38 19 37 43 33 33 33 1 19 32 32 32 19 33 0 12 32 33
split_gain=11107.3 2674.48 2375.33 1201.96 1039.78 950.734 834.88 818.775 723.535 847.179 643.644 595.478 698.784 510.429 509.547 491.467 465.938 472.143 450.72 393.626 462.845 368.127 325.044 321.362 290.202 280.89 264.859 252.813 244.917 248.566
threshold=0.016134521614669231 0.028679481371181852 0.007111994190588374 -0.23075952071155301 0.048652627725297333 -0.1425921797856706 0.11528439222772334 -4534.4999999999991 -0.32247541047846701 0.19732626916191934 1.5000000000000002 0.047633325686253621 -0.10125401995488657 -0.083211201973091023 -0.094054858420715412 3.5000000000000004 -4844.4999999999991 -4684.4999999999991 -4923.4999999999991 -0.07246376811594156 0.31452933539575251 3.5000000000000004 4.5000000000000009 4.5000000000000009 -0.18858936193690642 -2080.4999999999995 0.08303873683684572 0.035714285714285941 3.5000000000000004 -2189.4999999999995
decision_type=8 10 10 8 10 8 10 2 8 10 2 10 8 10 10 2 2 2 2 10 10 2 2 2 10 2 10 10 2 2
left_child=2 3 5 14 13 15 -3 10 -8 16 18 12 -9 23 -2 -1 -10 -18 -4 -19 28 -14 -6 -5 -23 -17 -11 -7 -21 -30
right_child=1 6 7 4 22 27 8 11 9 26 -12 -13 21 -15 -16 25 17 19 -20 20 -22 24 -24 -25 -26 -27 -28 -29 29 -31
leaf_value=-0.023870478974165745 0.048791169845156142 -0.045873700003246254 -0.028452574937127606 -0.018996660561495765 -0.0014696889532941036 -0.062702784046870755 0.044754523057491356 0.010671330519829962 -0.021468487646525734 0.032644706424736943 -0.0051730297778091305 -0.0014059499842963338 -0.034569587616430461 0.0032560751257147604 0.014881855043531927 0.080053351528116629 0.042633688958679389 0.036518035172785027 0.078049954373041755 -0.0017473650784616272 0.025233279031671687 -0.025414014717860985 0.01726881816849395 -0.0056574298693443659 -0.011510219609562453 -0.028655165019510431 0.06435773653396519 -0.043524894505829304 0.0067551963635144804 0.021747375671276794
leaf_weight=1039.4221897125244 1373.8690206706524 466.66564464569092 123.49070185422897 7077.3997837156057 3221.6732181459665 3725.130310177803 3039.2205144315958 1579.3914832472801 827.06635913252831 4730.9934758245945 1196.3966742753983 4433.8262662440538 5781.4261069893837 10325.268958568573 5721.8971562087536 210.73046462237835 1637.5048775970936 1929.1791428774595 507.97790491580963 4206.4153167307377 5671.1418956071138 9289.5818528681993 8216.5110121965408 12471.7278650105 6296.867830440402 82.758788540959358 764.82041630148888 3190.0845263153315 7483.8067334145308 4384.4778647869825
leaf_count=4888 6024 2197 560 32350 14516 18113 13291 7147 3759 20823 5466 20305 26823 46835 25640 955 7262 8488 2299 18896 25250 43167 36894 57018 29154 386 3308 15156 33562 19536
internal_value=-8.43244e-05 0.0100586 -0.0227086 0.00243666 -0.000828572 -0.046403 0.0205581 -0.0160177 0.0214522 0.0192135 0.0163825 -0.0181806 -0.0214218 -0.00573685 0.0214473 -0.00773742 0.0154617 0.0166684 0.0572222 0.0148725 0.0129522 -0.0237939 0.0119909 -0.0104867 -0.0197969 0.0493995 0.037058 -0.0538558 0.00861947 0.0122937
internal_weight=121007 83549.6 37457.1 48408.3 41312.6 8248.13 35141.3 29209 34674.6 31635.4 1827.87 27381.1 22947.3 29874.4 7095.77 1332.91 26139.6 25312.5 631.469 23675 21745.8 21367.9 11438.2 19549.1 15586.4 293.489 5495.81 6915.21 16074.7 11868.3
internal_count=550068 375649 174419 219277 187613 39498 156372 134921 154175 140884 8325 126596 106291 136203 31664 6229 116753 112994 2859 105732 97244 99144 51410 89368 72321 1341 24131 33269 71994 53098
is_linear=0
shrinkage=0.05


Tree=4
num_leaves=31
num_cat=0
split_feature=10 10 13 19 20 32 5 28 7 13 32 28 5 33 38 12 32 28 33 33 28 33 3 19 2 3 33 33 32 2
split_gain=10942.3 4111.5 1951 1254.51 982.315 887.432 726.519 629.879 665.747 524.163 532.333 479.741 516.544 478.754 671.206 420.073 381.878 360.711 352.739 397.03 342.738 315.728 304.295 298.617 321.023 256.217 241.876 239.246 290.32 230.204
threshold=0.016176892061348435 0.026467664777777161 0.014888810129407572 -0.13793366875720753 0.07971303288792303 3.5000000000000004 -0.15999999999999695 0.098527772283736478 -0.29245283018867918 0.007493712400009094 4.5000000000000009 0.062564759709969053 -0.14553990610328818 -4923.4999999999991 -0.13069891301966532 0.035714285714285941 2.5000000000000004 0.026320940697105413 -3500.4999999999995 -4684.4999999999991 0.07789003867037135 -1773.9999999999998 -0.080357142857142169 0.24912354579358487 -0.085937500000000153 -0.12215986874418554 -1692.4999999999998 -4704.4999999999991 7.5000000000000009 -0.076819138518784011
decision_type=8 10 10 8 10 2 8 10 10 10 2 10 10 2 10 10 2 10 2 2 10 2 10 10 10 10 2 2 2 10
left_child=2 3 15 6 -3 16 22 8 29 -8 -11 12 -4 -5 -15 -1 25 -16 19 -9 -12 -20 26 24 -10 -6 -2 28 -26 -7
right_child=1 4 11 13 5 7 9 18 23 10 20 -13 -14 14 17 -17 -18 -19 21 -21 -22 -23 -24 -25 27 -27 -28 -29 -30 -31
leaf_value=-0.061263187020001365 0.02215207042981306 -0.047331817964659961 0.0036757184204778792 -0.022718036689078947 0.048842495843147322 0.060091621235566106 -0.04645479304229784 0.046641515158571949 0.03760464527662756 -0.020438034516283329 -0.007809033395978774 0.0020941438925364069 -0.026004875827006769 0.039102557323581873 0.00016447327278230276 -0.039267603081376806 -0.0067697405020169243 0.013948522113195444 0.051292088415837669 0.0030817889858778466 0.01385287176257005 0.014051193015061645 0.00238665580806961 0.026348634400301104 0.019800111327021485 0.011305031761670468 0.085019688595199927 0.0094258633953053644 0.088441189210188856 0.032267253363597308
leaf_weight=3521.2638367116451 953.94502447545528 551.63461910188198 1669.9222065657377 1262.3847420364618 484.01125086843967 965.94457632303238 1049.386553093791 893.19571276009083 1236.4165126085281 8487.1424203813076 13522.032865911722 2346.3217022269964 11997.958530172706 1699.9960256069899 10621.872294545174 5659.3510418236256 3241.8692030608654 8580.0490475445986 3817.4709603637457 1262.5160501301289 2111.1209564059973 668.84657038748264 3436.760455340147 5986.080573245883 597.45119927823544 7478.2235941439867 182.22056284546852 13268.474247932434 207.56279820203781 3226.0438723564148
leaf_count=17598 4199 2647 7609 5800 2121 4143 5025 3890 5438 39109 62097 10719 56160 7512 48409 27107 14535 38490 16592 5546 9473 2936 15510 26474 2641 33362 806 59391 920 14125
internal_value=-7.62589e-06 0.00770397 -0.0293277 -0.00182077 0.0189696 0.0198136 -0.00853092 0.0240389 0.0204651 -0.0118618 -0.0103568 -0.0187929 -0.0223785 0.00718368 0.00898962 -0.0477041 0.00769676 0.00632364 0.0377528 0.0211303 -0.00488378 0.04574 0.0098026 0.0168799 0.0131776 0.0135869 0.0322349 0.0110316 0.0374984 0.0386787
internal_weight=120987 95792.7 25194.8 51906.9 43885.7 43334.1 29742.6 32130 25488 25169.7 24120.3 16014.2 13667.9 22164.3 20901.9 9180.61 11204.1 19201.9 6642.03 2155.71 15633.2 4486.32 4572.93 21296 15309.9 7962.23 1136.17 14073.5 805.014 4191.99
internal_count=550384 431191 119193 236430 194761 192114 136219 142096 113132 115704 110679 74488 63769 100211 94411 44705 50018 86899 28964 9436 71570 19528 20515 94864 68390 35483 5005 62952 3561 18268
is_linear=0
shrinkage=0.05


Tree=5
num_leaves=31
num_cat=0
split_feature=10 10 13 13 37 28 20 37 28 32 4 28 5 1 5 32 4 5 1 32 32 13 43 43 13 32 43 37 32 32
split_gain=10026.1 3611.93 1918.29 1089.98 929.164 1027.32 708.284 541.342 512.131 484.129 464.251 487.877 460.512 413.925 386.418 379.327 377.391 343.903 266.804 262.31 329.748 240.009 238.995 238.533 237.337 213.354 201.408 196.021 190.862 283.298
threshold=0.016176892061348435 0.026467664777777161 0.013887624213240664 0.034785460716756068 -0.088481086974209519 0.12279269115722204 0.15054973970619603 -0.10145033237888328 0.0016780524523130188 3.5000000000000004 -0.097142227586715965 0.048652627725297333 -0.13058877204975047 0.0029586635918096298 -0.16504854368932018 2.5000000000000004 0.077837293301170854 -0.10026063609383128 -0.075268817204303326 3.5000000000000004 9.5000000000000018 0.00091743119266049185 1.5000000000000002 1.5000000000000002 0.0049386627159761784 1.5000000000000002 1.0000000180025095e-35 -0.077478069007992575 1.5000000000000002 4.5000000000000009
decision_type=8 10 10 10 10 10 10 8 10 2 10 10 8 8 10 2 10 10 10 2 2 10 2 2 8 2 2 10 2 2
left_child=2 3 17 8 18 6 -6 -5 12 15 -4 -12 -2 -10 26 -8 -16 -1 -3 25 22 -19 -21 -22 27 -9 -11 -14 -15 -30
right_child=1 4 10 7 5 -7 9 19 13 14 11 -13 24 28 16 -17 -18 21 -20 20 23 -23 -24 -25 -26 -27 -28 -29 29 -31
leaf_value=-0.017125886862098635 0.00085913183337795764 0.05873260448191258 0.012533794771414039 0.039296626851754793 -0.037050023267667063 0.034471967949728809 0.0097533498022322664 0.009219268692527028 -0.0078112399307028492 0.079242261855676205 -0.025256543700944045 -0.0032547885850703197 0.065281501050739071 0.030769861237593552 0.0091663769028667921 -0.012930464860901748 0.023992534963110723 -0.060244083663796404 0.031584439026888615 0.03819279032035508 -0.021680148914767845 -0.042248114554175466 0.011336241955808204 0.0040172118894615987 -0.016498145804964951 -0.01370878214597168 0.027966290902187975 -0.052675337455824339 -0.01737952439983978 0.011607458956383918
leaf_weight=810.19549766182899 4252.1627459973097 1343.6402438879013 1120.4087529331446 1243.2135113924742 717.13812193274498 6053.6194937974215 6514.1176228225231 1584.6148732602596 8314.4993772357702 200.70965021848679 12409.704602792859 3161.5304594933987 37.19281305372715 888.50938975811005 13446.829862400889 2570.1333995908499 6304.497370287776 3785.0756858289242 2772.2571876496077 914.55513973534107 1164.0845978856087 3629.2119819223881 8791.3323371261358 4027.1050051450729 12012.556056141853 2820.7633338421583 4177.6007748246193 664.20028051733971 1059.1094710975885 4129.0085764527321
leaf_count=3948 19223 5724 5117 5423 3464 26148 29000 7144 38150 869 58674 14508 167 4022 59803 11606 27612 19409 12070 4082 5352 17663 39486 18125 55784 12845 18364 3265 4849 18727
internal_value=-2.98894e-05 0.00730484 -0.0282911 -0.00163485 0.0178262 0.0154976 0.0121124 0.00731659 -0.00749994 0.0131739 -0.0185526 -0.0207894 -0.013385 -0.000561927 0.0168778 0.0033356 0.0138988 -0.0480554 0.040447 0.00525685 0.0084265 -0.0514353 0.0138668 -0.00174522 -0.0181489 -0.00546156 0.0303169 -0.0464204 0.00935713 0.00569002
internal_weight=120920 96003.5 24916.1 51902.9 44100.5 39984.6 33931 20545.7 31357.2 33213.9 16691.6 15571.2 16966.1 14391.1 24129.6 9084.25 19751.3 8224.48 4115.9 19302.5 14897.1 7414.29 9705.89 5191.19 12713.9 4405.38 4378.31 701.393 6076.63 5188.12
internal_count=550623 431304 119319 236644 194660 176866 150718 92457 144187 147254 78299 73182 78439 65748 106648 40606 87415 41020 17794 87034 67045 37072 43568 23477 59216 19989 19233 3432 27598 23576
is_linear=0
shrinkage=0.05


Tree=6
num_leaves=31
num_cat=0
split_feature=10 10 13 19 37 19 20 38 28 4 13 33 38 10 36 28 33 28 1 7 28 10 33 33 28 13 33 13 7 28
split_gain=9102.98 3255.02 1781.95 1071.82 973.68 1056.45 569.256 471.562 460.669 468.841 424.235 392.015 573.022 384.882 372.993 338.424 315.732 296.971 294.482 263.403 258.793 222.758 207.658 198.007 193.285 183.818 179.053 158.367 141.375 137.82
threshold=0.016176892061348435 0.024999069706169306 0.011763644731667721 -0.2247149065141964 -0.079497907949799315 -0.19762376762471917 0.11528439222772334 -0.10125401995488657 0.070497732325397272 -0.097142227586715965 0.007493712400009094 -4923.4999999999991 -0.13069891301966532 0.032461547442932399 0.97142857142857209 0.022019121601569099 -4111.4999999999991 0.12279269115722204 -0.09183673469387614 -0.13636363636363627 0.072070167385699824 0.013566936019996272 -2767.4999999999995 -4784.4999999999991 0.13108776413978854 0.038534619749343836 -4551.4999999999991 0.00091743119266049185 -0.019851116625310191 -0.14200470628845316
decision_type=8 10 10 8 10 10 10 10 10 10 10 2 10 10 2 10 2 10 10 10 10 10 2 2 10 10 2 10 8 10
left_child=2 3 19 7 18 6 -6 16 9 -4 -9 -5 -13 26 17 28 -2 23 29 -1 -12 -11 -19 -7 -15 -18 -8 -21 -14 -3
right_child=1 4 8 11 5 14 13 10 -10 21 20 12 15 24 -16 -17 25 22 -20 27 -22 -23 -24 -25 -26 -27 -28 -29 -30 -31
leaf_value=-0.016571289596077229 -0.0092018289467250304 0.096703711954591723 0.0094103886117522691 -0.02117785293469375 -0.039952592620768695 0.046610156861465579 0.019456293006888503 -0.045451262340649744 0.0026959036392902504 -0.029996804483253023 -0.013509302912124977 0.035411139787669917 -0.0034284261788042683 0.011829212518291606 0.048386076275253313 0.012016824933114775 0.0067927870337005803 0.017820466427647761 0.029775949859239842 -0.058533695091813699 0.0038678709326462378 -0.017629784281118534 0.042071794710125884 0.015836227631113097 0.031469648267319031 0.036595724795412676 -0.00029340851895799202 -0.042028031877821323 0.018170616519939582 0.050399418751069625
leaf_weight=569.04439456760883 1864.377610579133 196.55870744585991 1114.4443801343441 1291.4949602633715 648.84546312689781 541.63005644083023 1273.7014656811953 955.03478670120239 2175.2961554527283 7811.9655370563269 16991.620456859469 1656.1257878243923 9008.5947949439287 9444.4930808544159 1227.313674852252 8483.87340259552 1269.856536000967 1443.4727118611336 4549.8691494762897 3748.73167937994 2451.7141709327698 6820.0507764965296 2272.2060250639915 14956.673490434885 1444.222054079175 873.11885094642639 11594.186299234629 2373.2677832841873 827.17119036614895 880.80268841981888
leaf_count=2800 8467 824 5074 6017 3207 2357 5649 4722 9981 37686 78813 7226 41261 41640 5279 37937 5701 6232 19709 19775 11022 32185 9709 65921 6174 3835 52037 11815 3731 3697
internal_value=4.0017e-05 0.00698568 -0.0270924 -0.00268558 0.015737 0.0132771 0.0062538 -0.00983568 -0.0188719 -0.0218514 -0.0129162 0.00551967 0.00724575 0.00751579 0.0216624 0.00469955 0.00584491 0.0199554 0.0353418 -0.0491105 -0.0113181 -0.0242325 0.0326506 0.0169117 0.0144342 0.0189355 0.00166148 -0.0521351 -0.00161198 0.0588474
internal_weight=120760 96147 24612.8 45673 50474 44846.7 24405.4 24405.7 17921.8 15746.5 20398.4 21267.3 19975.8 23756.6 20441.3 18319.6 4007.35 19214 5627.23 6691.04 19443.3 14632 3715.68 15498.3 10888.7 2142.98 12867.9 6122 9835.77 1077.36
internal_count=550483 431167 119316 208732 222435 198205 108707 112560 84926 74945 94557 96172 90155 105500 89498 82929 18003 84219 24230 34390 89835 69871 15941 68278 47814 9536 57686 31590 44992 4521
is_linear=0
shrinkage=0.05


Tree=7
num_leaves=31
num_cat=0
split_feature=10 10 13 19 20 38 32 33 33 33 32 38 13 32 2 13 1 32 32 38 33 1 33 7 33 4 4 33 19 38
split_gain=8491.99 3160.37 1540.33 1053.69 689.123 654.522 646.794 462.209 1705.11 484.215 534.138 453.5 447.001 396.624 395.697 387.034 380.578 410.491 343.562 286.157 285.922 284.743 254.901 244.397 244.349 235.405 232.95 224.128 214.06 188.114
threshold=0.015848397677223149 0.02705049617286959 0.011763644731667721 -0.036356460857110147 0.11528439222772334 -0.10327945784805574 3.5000000000000004 -2189.4999999999995 -1773.9999999999998 -4684.4999999999991 10.500000000000002 0.028317288290372725 0.007493712400009094 8.5000000000000018 -0.091743119266053261 0.02837748813160737 -0.11967461967461827 2.5000000000000004 4.5000000000000009 -0.1412077392615497 -1692.4999999999998 0.14583333333333429 -4987.4999999999991 -0.11275495367605452 -2396.9999999999995 0.021889740595764432 -0.095482128607532565 -1680.4999999999998 -0.30233857031497308 -0.082979655070940225
decision_type=8 10 10 10 10 8 2 2 2 2 2 8 10 2 10 10 10 2 2 8 2 10 2 10 2 8 10 2 10 10
left_child=2 3 23 5 -3 24 16 9 13 -8 14 12 -7 -9 -11 -4 -6 29 -14 -5 -10 22 -13 -1 -2 -21 -17 -22 -16 -18
right_child=1 4 15 19 6 11 7 8 20 10 -12 21 18 -15 28 26 17 -19 -20 25 27 -23 -24 -25 -26 -27 -28 -29 -30 -31
leaf_value=-0.023112877172053799 0.0063180839724753428 -0.036748725832403219 -0.023683864650509145 0.035394758280377261 0.071449370235515175 -0.043508034576386578 0.036978626039623035 0.056053814434119512 -0.0082919775458524803 0.039132583174747992 0.027373783823970224 -0.025989639792353903 -0.019768982547937845 0.029670595700663008 -0.0014663217000918719 0.024539118374459944 0.031303293976072281 -0.010439003796949698 -0.0064746680711556598 0.00092910227607617343 0.063413149593406229 0.092472332584514177 0.0024869430450053381 -0.051762957240389512 0.037834534684094014 0.011832739065786701 -0.010635721122853865 0.012976321451235083 0.012438448429022531 0.0085030288178859059
leaf_weight=857.86360909044743 3249.1818508952856 593.29547958076 12337.023661881685 882.06749810278416 223.64191226661205 1139.230135589838 2510.8825958669186 4049.3170986771584 1768.6248125582933 928.69746460020542 4894.3222037404776 874.83997510373592 7671.4254972487688 2197.5862141400576 5810.8477750569582 540.09839531779289 1051.049797296524 2905.5121934562922 13259.376086041331 10070.425381273031 236.4655497521162 83.313196077942848 7724.8692463338375 5626.0623119026423 758.58537821471691 9735.5567355453968 3662.8905467540026 3214.5030940175056 5285.5395232141018 6494.8122056871653
leaf_count=4316 14383 2975 59576 3756 933 5723 10744 17326 7690 3926 21299 4120 35890 9453 25637 2421 4539 13027 61250 45844 1018 354 35191 29829 3338 43309 17107 14035 22996 28634
internal_value=-2.00314e-06 0.00644068 -0.0273169 -0.00140469 0.0167577 -0.00672205 0.0175213 0.0211872 0.029148 0.0164892 0.0134486 -0.00919887 -0.0130073 0.0467725 0.00778087 -0.0192196 0.00691103 0.00553001 -0.0113472 0.00752972 0.00805466 0.000481249 -0.000409952 -0.0479724 0.0122835 0.00628874 -0.00611563 0.0164323 0.00515693 0.0116788
internal_weight=120638 97614 23023.9 55448.9 42165.1 34760.8 41571.8 30896.8 11466.5 19430.3 16919.4 30753.1 22070 6246.9 12025.1 16540 10675 10451.4 20930.8 20688 5219.59 8683.02 8599.71 6483.93 4007.77 19806 4202.99 3450.97 11096.4 7545.86
internal_count=550639 437390 113249 253158 184232 160249 181257 134124 49522 84602 73858 142528 102863 26779 52559 79104 47133 46200 97140 92909 22743 39665 39311 34145 17721 89153 19528 15053 48633 33173
is_linear=0
shrinkage=0.05


Tree=8
num_leaves=31
num_cat=0
split_feature=10 13 13 37 38 13 5 28 33 38 28 5 33 33 33 12 20 10 33 32 28 36 33 28 37 33 32 10 33 33
split_gain=7690.48 2630.6 1805.12 837.697 724.208 695.31 665.91 617.782 424.807 396.503 546.804 380.828 357.45 306.54 444.96 302.768 300.941 381.395 283.681 264.542 255.733 253.956 249.819 249.762 228.097 217.575 214.509 233.359 205.686 488.695
threshold=0.019469846277839049 0.011763644731667721 0.038138107667490422 -0.094054858420715412 0.19732626916191934 0.022788935885836008 -0.13474154618478104 0.046504098137989051 -4867.4999999999991 -0.095665413285937403 0.022019121601569099 -0.21666177046611793 -4534.4999999999991 -2189.4999999999995 -1633.4999999999998 0.035714285714285941 0.15054973970619603 0.02881094995004288 -4534.4999999999991 3.5000000000000004 0.14235029833951593 0.999589153656532 -4476.4999999999991 0.035136765527531665 0.0064117726680250628 -4111.4999999999991 3.5000000000000004 0.011446083451445101 -2206.4999999999995 -1773.9999999999998
decision_type=8 10 10 8 10 10 8 10 2 10 10 10 2 2 2 10 8 10 2 2 10 2 2 10 8 2 2 10 2 2
left_child=1 15 6 -4 8 18 12 16 -5 25 -11 -10 -2 -14 -15 -1 -8 24 -3 -13 -9 -6 -19 -21 -18 -7 -20 -28 -25 -30
right_child=2 5 3 4 21 9 7 20 11 10 -12 19 13 14 -16 -17 17 22 26 23 -22 -23 -24 28 -26 -27 27 -29 29 -31
leaf_value=-0.056424655015075764 0.041373934081347326 0.012645637686137735 0.036670917115139492 -0.021925562042778495 0.026314354161508381 -0.010894237280094721 -0.040621216149242141 0.0055163233773284177 0.026824188286415602 -0.015960536891932494 0.0025252828764116726 0.00099197234875797219 0.0029640583334086322 0.045377949996393475 -0.00034144837580850888 -0.035908324991299444 -0.013362294035914449 0.033692657478396219 -0.034044437996271472 0.0076805691009543464 0.02988010986484655 0.063308989084575482 0.0015963203159453097 0.012472722655016552 -0.00039010749002380853 0.023490691121021937 -0.032344096949135502 -0.014286574852992171 0.04243217399580828 0.0039264416103836283
leaf_weight=3378.0021170526743 994.60598102211952 600.01633706688881 4311.5104365050793 980.41601070761681 5436.3196697980165 643.59274350106716 640.30100792646408 6124.8473215699196 3589.6413893252611 10103.885852411389 6622.1402193307877 6854.6051084846258 5278.2262771576643 1213.0341367721558 948.15553407371044 3845.2414236217737 11679.265647813678 698.34978297352791 3065.9974420666695 12217.19421030581 1306.8645507395267 507.17574036121368 4597.1405665427446 5261.7368950545788 4773.8141521513462 1613.2693630903959 2391.2641907334328 7105.6695605069399 2210.9132099300623 1313.5574862360954
leaf_count=18783 4323 2791 18242 4573 23168 2870 3267 27298 15546 47728 30187 30565 23642 5338 4295 19806 54405 3061 14929 53877 5690 2106 20420 22886 21870 7171 11875 33964 9411 5754
internal_value=-0.000111403 -0.0182373 0.00870526 0.0157743 0.0134263 -0.0121106 0.000817856 -0.00269043 0.0104856 -0.00598725 -0.00864166 0.011496 0.0132223 0.00945857 0.02532 -0.0455029 -0.00683671 -0.00584205 -0.0209415 0.00952093 0.00980069 0.0294712 0.00582907 0.0123044 -0.00959845 0.0136851 -0.0225456 -0.0188333 0.0187339 0.0280812
internal_weight=120307 39369.1 80937.7 42683.1 38371.6 32145.8 38254.6 29820.6 32428.1 18982.9 16726 31447.6 8434.02 7439.42 2161.19 7223.24 22388.9 21748.6 13162.9 27858 7431.71 5943.5 5295.49 21003.4 16453.1 2256.86 12562.9 9496.93 8786.21 3524.47
internal_count=549841 190104 359737 186128 167886 151515 173609 136011 142612 87956 77915 138039 37598 33275 9633 38589 103023 99756 63559 122493 32988 25274 23481 91928 76275 10041 60768 45839 38051 15165
is_linear=0
shrinkage=0.05


Tree=9
num_leaves=31
num_cat=0
split_feature=9 9 5 9 5 32 7 4 32 8 33 37 8 38 33 2 33 20 9 26 20 33 8 37 43 26 37 33 33 5
split_gain=6472.93 2041.34 1518.4 1068.51 879.477 696.571 652.579 813.544 491.83 418.297 402.62 376.66 352.986 322.743 305.371 299.338 298.884 309.095 255.916 255.974 233.36 226.539 218.174 216.384 213.017 226.987 209.054 201.838 218.973 193.161
threshold=0.013869067601480175 0.025891760863387247 -0.091743119266055204 0.0060018572190729353 -0.1676280150988185 4.5000000000000009 -0.28427244792285622 0.13445378151260515 1.5000000000000002 0.080536912751677861 -4784.4999999999991 0.0017622624868083305 0.13890210381647108 -0.15850673194616541 -2175.4999999999995 -0.083333333333334689 -4844.4999999999991 0.1838691702076887 0.035842027228742836 0.73443303176654662 0.60492152760324946 -2368.4999999999995 0.11390209643133455 -0.070503522166548468 6.5000000000000009 0.61001392757660178 0.029126213592149734 -2133.4999999999995 -2175.4999999999995 -0.04385964912280909
decision_type=8 10 8 10 8 2 8 10 2 10 2 10 10 10 2 10 2 10 10 10 8 2 10 10 2 10 8 2 2 10
left_child=2 4 9 27 13 8 15 16 26 10 -1 -5 20 -2 -11 -3 -8 -18 19 29 -7 -15 -13 -10 25 -20 -6 28 -4 -19
right_child=1 6 3 11 5 12 7 -9 23 14 -12 22 -14 21 -16 -17 17 18 24 -21 -22 -23 -24 -25 -26 -27 -28 -29 -30 -31
leaf_value=0.060158124994802865 0.041103628505711781 0.050077122166914539 -0.032711858646308378 -0.027993120337132776 -0.0058589548442403308 -0.012746415621007824 -0.019452721454654966 0.022406728462195546 0.0044542490096450013 0.016310076364849432 -0.0076400836529742265 -0.017946863040537952 0.0096574630184629671 0.0052646690737963246 0.090860091517663999 0.023231407966822271 -0.028407996792939101 0.019963383666272923 -0.033665468850916057 -0.0014347030809701723 0.00036443431993154541 0.027893570730903639 0.0037378167355353099 -0.020101621960222624 0.05951163846317456 0.015747034663175428 0.018055383741854777 -0.052820649699659487 0.070363131634504153 0.00497314663852675
leaf_weight=228.78002458810806 1060.6853623390198 1364.4384244382381 773.84162802994251 9449.5236779898405 2550.5039996057749 4391.185417547822 1046.4817373156548 11960.438608974218 987.28566251695156 507.96672938764095 5110.4829406440258 4000.732910528779 8410.3108415454626 4289.8375080674887 188.27745398879051 4345.0524224638939 576.32378056645393 3539.7938846051693 239.43718066811562 7979.4281885027885 14944.636690765619 1490.2065689712763 1633.5666570216417 9824.1804745197296 269.09238225221634 7927.1919720321894 1424.1512573063374 4246.0657263100147 55.201121434569359 5469.732170984149
leaf_count=1007 4506 5643 3970 46442 11752 20523 4840 51199 4450 2296 24524 19509 37511 19130 820 18535 2865 15631 1063 35514 68673 6584 7640 45857 1165 34295 6346 23901 250 24127
internal_value=4.48749e-07 0.00612039 -0.0219824 -0.0285693 -0.000888493 -0.00356476 0.013859 0.0115481 -0.0123301 1.82823e-05 -0.00473502 -0.0218921 0.00110634 0.0157512 0.0364698 0.0296469 0.00674643 0.00780089 0.00862167 0.00508683 -0.00261305 0.0110988 -0.0116598 -0.0178592 0.0157406 0.0142983 0.00270975 -0.0484147 -0.0258487 0.0108627
internal_weight=120285 94090.4 26194.4 20158.9 49373 42532.3 44717.4 39007.9 14786.1 6035.51 5339.26 15083.8 27746.1 6840.73 696.244 5709.49 27047.5 26001 25424.7 16989 19335.8 5780.04 5634.3 10811.5 8435.72 8166.63 3974.66 5075.11 829.043 9009.53
internal_count=550568 420209 130359 101712 225332 195112 194877 170699 68405 28647 25531 73591 126707 30220 3116 24178 119500 114660 111795 75272 89196 25714 27149 50307 36523 35358 18098 28121 4220 39758
is_linear=0
shrinkage=0.05


Tree=10
num_leaves=31
num_cat=0
split_feature=10 10 10 19 19 1 19 32 20 33 0 13 32 32 33 33 32 43 33 33 33 38 5 3 5 28 28 33 33 3
split_gain=6476.73 2212.58 1450.7 721.092 689.088 639.662 509.051 500.281 539.409 431.632 385.251 369.979 366.956 327.388 290.439 932.487 441.132 321.005 297.246 326.727 278.334 394.715 277.026 272.219 258.832 237.252 231.947 231.937 315.426 276.727
threshold=0.016176892061348435 0.023974350660170757 0.0086052831482182467 -0.18858936193690642 -0.060246364556069736 -0.07246376811594156 -0.12741626143783161 3.5000000000000004 0.11528439222772334 -4747.4999999999991 0.08303873683684572 0.0063457355891421135 3.5000000000000004 2.5000000000000004 -2189.4999999999995 -1773.9999999999998 10.500000000000002 2.5000000000000004 -2054.4999999999995 -2121.4999999999995 -4923.4999999999991 -0.11649312066126348 -0.10212765957446783 -0.07591729885671554 -0.11656547491837231 0.026320940697105413 0.12279269115722204 -1692.4999999999998 -1498.4999999999998 -0.02876255344536088
decision_type=8 10 10 8 10 10 10 2 10 2 10 10 2 2 2 2 2 2 2 2 2 10 10 10 10 10 10 2 2 10
left_child=2 3 -1 11 5 -3 22 13 -9 -10 24 -2 -13 -7 16 18 -11 27 19 -16 -5 -22 -4 -14 -6 -23 -26 -17 29 -29
right_child=1 4 6 20 10 7 -8 8 9 14 -12 12 23 -15 15 17 -18 -19 -20 -21 21 25 -24 -25 26 -27 -28 28 -30 -31
leaf_value=-0.048071803805345183 -0.041807607631983379 0.032557196714716706 -0.0090731996718437912 -0.018824228310951981 0.027500661197485496 0.0021735698828186001 -0.0075058420952126602 -0.036914876690878839 0.048451579840978191 -1.456585548193012e-05 0.043745130589090325 -0.019053528198506718 0.013147048452703529 -0.019047801198460213 0.046432739791793624 -0.015079025814102108 0.020000160663483875 -0.011400844924497262 0.049289467197717096 -0.00028183820291368094 0.027798963484848949 -0.0023283395721830969 -0.028388057125793544 -0.0065753201971494174 0.010975339439335895 0.010121561004398399 0.026058036671228937 0.073774632754776179 0.0060897283007351703 0.010758119904815972
leaf_weight=4802.1763344705105 838.39632575213909 2415.7978887110949 2367.6097148656845 1233.9899799227715 4782.4770798534155 5639.7988162785769 7796.1223364919424 607.08475142717361 738.07738527655602 10406.403029233217 1484.842865601182 5522.2510617822409 2001.4950104951859 2681.5569779872894 659.60229475796223 489.74421000480652 3743.3175701349974 2222.0054090023041 1981.4323599934578 865.36441251635551 1817.4349411576986 8663.475615799427 8598.3040564954281 13902.43662199378 12031.959832414985 6854.0657234340906 3234.1817287355661 442.87244552373886 1037.6947411894798 287.18417784571648
leaf_count=26999 4431 10148 11388 5858 20451 25075 37819 3158 3138 45941 6211 26076 8985 12221 2817 2139 16353 9807 8411 3735 7814 39837 43283 64502 52387 30353 13595 1910 4585 1263
internal_value=-4.73822e-05 0.00568664 -0.02355 -0.00315605 0.0121632 0.00775351 -0.0172736 0.00586934 0.00960261 0.0108372 0.0191705 -0.00922402 -0.00794904 -0.00466502 0.00958303 0.0172067 0.00528034 0.00209041 0.0365181 0.0199239 0.00411957 0.00575283 -0.0242179 -0.00409328 0.0173504 0.00317076 0.0141707 0.0153696 0.0238052 0.0489857
internal_weight=120149 96584.9 23564.2 40833.5 55751.4 34217.9 18762 31802.1 23480.8 22873.7 21533.5 22264.6 21426.2 8321.36 22135.6 7985.9 14149.7 4479.5 3506.4 1524.97 18569 17335 10965.9 15903.9 20048.6 15517.5 15266.1 2257.5 1767.75 730.057
internal_count=550690 431201 119489 187856 243345 150701 92490 140553 103257 100099 92644 103994 99563 37296 96961 34667 62294 19704 14963 6552 83862 78004 54671 73487 86433 70190 65982 9897 7758 3173
is_linear=0
shrinkage=0.05


Tree=11
num_leaves=31
num_cat=0
split_feature=10 10 10 20 3 38 5 38 20 20 32 32 43 28 5 33 33 33 32 32 33 32 0 33 28 1 43 33 43 33
split_gain=5938.8 2169.82 1241.8 657.566 635.027 626.572 519.181 564.359 437.62 436.746 450.425 369.967 368.458 345.01 453.578 318.986 376.827 1378.35 490.274 381.273 315.083 311.659 300.064 263.888 282.547 258.241 230.823 238.071 328.849 254.717
threshold=0.01573315746376908 0.025226573347995152 0.0086052831482182467 0.5407797837249948 -0.11842105263157897 0.19732626916191934 -0.17031098927952906 0.028317288290372725 0.45050507145726365 0.07971303288792303 3.5000000000000004 4.5000000000000009 1.5000000000000002 0.062564759709969053 -0.12456139390896702 -4784.4999999999991 -2189.4999999999995 -1773.9999999999998 8.5000000000000018 10.500000000000002 -4966.4999999999991 2.5000000000000004 0.08303873683684572 -1692.4999999999998 -0.058939256636896996 -0.075268817204303326 6.5000000000000009 -4684.4999999999991 1.5000000000000002 -4747.4999999999991
decision_type=8 10 10 8 10 10 8 8 10 10 2 2 2 10 10 2 2 2 2 2 2 2 8 2 10 10 2 2 2 2
left_child=2 3 -1 -2 25 9 12 11 -4 -6 21 -8 -5 14 -10 -12 19 18 -18 26 -9 -11 -22 -19 -25 -3 27 28 29 -17
right_child=1 4 8 6 5 -7 7 20 13 10 15 -13 -14 -15 -16 16 17 23 -20 -21 22 -23 -24 24 -26 -27 -28 -29 -30 -31
leaf_value=-0.046819950410647099 -0.01600300265700742 0.049715745720866955 -0.040849528379521133 0.048642247360795768 -0.038679203713912848 0.026187372871703675 -0.01599141168750258 -0.017810692469474147 0.0030387015264531853 0.0054484709963709081 0.044779006818422014 -0.002352939950357842 0.0094599817111841403 0.003400874841178353 -0.022209759821979161 0.020214296692198926 0.049666212009416025 -0.016434624633244795 0.016621443879149739 0.019111129266594817 0.0068727637448445407 -0.013854781745287498 0.052723000817849489 0.047493899343119768 0.0033123736598998123 0.022612755315370072 0.039248651663651088 -0.00060519505539559024 0.046301550437083561 -0.033443277499821226
leaf_weight=4663.209813117981 7659.3053283542395 1294.2696717232466 1815.5582603961229 689.62864243984222 485.73286806046963 5673.5016382187605 7745.5567332953215 1281.1544039547443 2134.2146120071411 7484.0672119110823 730.67592281103134 13888.675511866808 4616.3710089623928 2206.5246835947037 10680.652426227927 612.88495528697968 3190.4551785886288 1530.8158044964075 1731.7194022983313 4956.0498907566071 11883.68828214705 2901.7683504372835 367.8846944719553 408.93772222101688 3143.8299869149923 2738.4329992383718 425.33552643656731 11962.011586144567 680.30264723300934 346.0594819933176
leaf_count=26906 36510 5295 9633 2943 2591 23730 36590 6117 10103 32925 3049 64271 20436 10411 53796 2588 13404 6708 7393 21376 53123 13207 1564 1762 13750 11661 1826 52476 2894 1481
internal_value=-0.00018024 0.00501991 -0.0239869 -0.00256888 0.0122821 0.0106234 -2.65415e-05 -0.00222624 -0.0176629 0.00844796 0.00901874 -0.00723583 0.0145526 -0.0148605 -0.0180048 0.0121512 0.0113288 0.0191808 0.0380404 0.00718999 0.00578239 5.52056e-05 0.00824953 0.00092006 0.00839784 0.0313113 0.00297786 0.00184361 0.0197132 0.000850597
internal_weight=119929 98429.1 21500.2 48132.3 50296.9 46264.1 40473 35167 16836.9 40590.6 40104.9 21634.2 5306 15021.4 12814.9 29719.1 28988.4 10005.8 4922.17 18982.6 13532.7 10385.8 12251.6 5083.58 3552.77 4032.7 14026.6 13601.3 1639.25 958.944
internal_count=550519 439670 110849 221554 218116 201160 185044 161665 83943 177430 174839 100861 23379 74310 63899 128707 125658 43017 20797 82641 60804 46132 54687 22220 15512 16956 61265 59439 6963 4069
is_linear=0
shrinkage=0.05


Tree=12
num_leaves=31
num_cat=0
split_feature=13 13 33 37 7 28 33 32 37 12 33 28 34 36 32 32 33 33 32 33 33 32 32 33 33 33 33 32 32 33
split_gain=5674.76 1534.97 1410.05 692.155 589.061 802.418 505.454 532.411 472.526 400.373 382.953 356.079 324.819 318.798 318.608 258.38 282.155 334.349 252.295 409.484 243.605 523.619 241.356 297.334 240.847 240.262 570.728 253.026 296.7 250.54
threshold=0.022284668276646241 0.042932597407759475 -1610.4999999999998 -0.079497907949799315 -0.20445915980113669 0.047633325686253621 -4516.4999999999991 4.5000000000000009 0.089416755040831256 0.035714285714285941 -4824.4999999999991 -0.031414726540267113 4.0630255092976304 0.999589153656532 3.5000000000000004 5.5000000000000009 -1920.4999999999998 -1622.4999999999998 5.5000000000000009 -1934.4999999999998 -2189.4999999999995 8.5000000000000018 1.5000000000000002 -4923.4999999999991 -1230.4999999999998 -2222.4999999999995 -1773.9999999999998 3.5000000000000004 8.5000000000000018 -3452.4999999999995
decision_type=10 10 2 8 8 10 2 2 10 8 2 10 2 2 2 2 2 2 2 2 2 2 2 2 2 2 2 2 2 2
left_child=2 4 6 -3 -2 15 10 -8 14 -4 22 -9 20 -10 -5 16 -6 -18 19 -16 -13 -22 23 -1 -11 29 27 -27 -29 -7
right_child=1 3 9 8 5 25 7 11 13 24 -12 12 -14 -15 18 -17 17 -19 -20 -21 21 -23 -24 -25 -26 26 -28 28 -30 -31
leaf_value=-0.027246519991438168 0.011020071722608259 0.030542242292621216 -0.053634389513438269 -0.003177539935894801 -0.014829585410262996 0.011159705893717207 -0.028421891154635521 -0.025139993818929236 0.018324370821783478 -0.035051925787203293 0.034080689461434208 -0.0027543017414968368 -0.015419373054408554 0.052976764251232149 0.011516895543958726 -0.0020822869027556892 0.040086985538921024 -0.0051293820143527395 0.0077344278567011903 0.048638360975565689 0.056635235524189247 -0.012929394848030927 -0.023732325169829073 0.0504460351814962 -0.0047374947179777147 -0.024808270415525024 -0.00073669630816507268 0.052850161452188252 0.0088267924551357624 -0.0066393119557763003
leaf_weight=204.55354811251163 11061.789528161287 5361.4836834669113 2792.8009275794029 5399.7611716091633 11112.891591921449 4878.9773429483175 5807.4389556497335 3098.0507056415081 7569.3755740523338 3416.1437662243843 917.08048567175865 4438.672452673316 4725.5262921750546 727.51870222389698 2481.2573863565922 17049.352503150702 498.46369342505932 2273.7272043973207 14393.87967389822 1060.3727252483368 570.92061229050159 514.08490759134293 865.16108402609825 309.44065608084202 810.70660372078419 155.60965144634247 1959.9315828830004 1471.1688436567783 517.30690351128578 3324.0851736664772
leaf_count=958 48435 22491 17087 24039 52280 21549 29321 15297 31974 17570 4183 21416 23590 2986 10804 78883 2269 10706 62496 4562 2546 2583 4117 1380 4311 707 8743 6301 2264 14856
internal_value=-2.75476e-06 0.00607501 -0.0194924 0.0139299 0.000723921 -0.00190998 -0.013127 -0.0157844 0.0111142 -0.038944 0.00904051 -0.0102858 -0.00579583 0.0213629 0.00747031 -0.0062061 -0.0112697 0.00300091 0.010676 0.0226312 0.00243714 0.0236749 -0.00761017 0.0195268 -0.0292376 0.00888852 0.0187654 0.0365924 0.0413974 0.0039471
internal_weight=119768 91297 28470.6 36993.6 54303.3 43241.5 21450.9 19154.7 31632.2 7019.65 2296.24 13347.3 10249.2 8296.89 23335.3 30934.4 13885.1 2772.19 17935.5 3541.63 5523.68 1085.01 1379.16 513.994 4226.85 12307.1 4104.02 2144.09 1988.48 8203.06
internal_count=550704 406345 144359 159352 246993 198558 105391 94753 136861 38968 10638 65432 50135 34960 101901 144138 65255 12975 77862 15366 26545 5129 6455 2338 21881 54420 18015 9272 8565 36405
is_linear=0
shrinkage=0.05


Tree=13
num_leaves=31
num_cat=0
split_feature=13 10 10 38 37 1 5 13 32 1 32 28 32 28 10 7 5 5 5 7 10 28 32 9 25 43 5 43 9 34
split_gain=5186.69 1980.73 1295.13 698.75 693.344 627.233 451.716 406.179 404.289 316.978 324.041 295.12 279.985 229.21 216.971 214.609 211.882 196.001 192.655 180.62 179.871 177.159 173.933 164.186 154.061 141.909 135.406 160.211 133.379 126.102
threshold=0.025852678045479568 0.010785689421832546 0.029210206792397313 -0.10327945784805574 0.020812685827494296 0.0029586635918096298 -0.17031098927952906 0.00091743119266049185 3.5000000000000004 -0.098384637109962744 3.5000000000000004 -0.00041594264013808754 4.5000000000000009 0.040505702605777925 0.0076144679191580212 -0.0030331060713870146 -0.2793474748626712 -0.16504854368932018 -0.078855176230636412 -0.018774437324373335 0.02387426592149983 -0.1525295132441005 2.5000000000000004 0.047648047612535271 0.28583099906629322 1.0000000180025095e-35 -0.19117647058823459 1.5000000000000002 0.024072476497252904 4.0749914727810621
decision_type=10 8 10 8 10 10 8 8 2 10 2 10 2 10 10 10 10 8 10 8 10 10 2 8 10 2 8 2 8 2
left_child=1 14 3 21 8 6 -3 24 25 -4 22 -7 28 18 -1 16 -12 -13 -10 -6 -14 -2 -11 -19 -8 -5 27 -23 -9 -18
right_child=2 5 9 4 19 11 7 12 13 10 15 17 20 -15 -16 -17 29 23 -20 -21 -22 26 -24 -25 -26 -27 -28 -29 -30 -31
leaf_value=-0.048212555213096794 0.050197869515173368 0.0040985516934072975 0.040227940222886859 -0.04109657732604946 0.004224759379529236 -0.0092584220068870869 -0.017078552985867201 -0.026331685830628501 0.0018389702923132915 0.0097230065926552992 0.035044273390911561 0.041715854658057105 -0.013294180782907809 0.0085480847778719674 -0.030218827199698362 0.033903468044342383 0.017052428283169812 0.0044217030140926731 -0.0092002599811170874 0.015195211897030707 0.0031537288227463361 0.048778189983272588 -0.0074528429616137872 0.080883906766550356 -0.047398587789012035 -0.013201863599416039 0.0074633614802649562 0.017826178128190959 -0.0032128415534512854 0.0082622065075668976
leaf_weight=3597.2320685982704 396.92349019646645 2763.1490842700005 1209.6745284944773 489.42620003223419 10648.931688323617 4376.2622584849596 589.42040465772152 5286.9510486721992 7295.6491341888905 5591.2609278410673 1327.0862503051758 402.35096500813961 8484.3016140908003 4583.2703314274549 3135.7146678268909 1760.6259753853083 13475.83179359138 5074.6344851404428 8624.1709178835154 5792.9806343466043 2067.1721475571394 497.60147759318352 2001.6199406087399 71.192279174923897 1448.6960230618715 6663.2610939890146 2693.9235456436872 2615.8953639864922 707.33741369843483 5851.7389550358057
leaf_count=22178 1668 12610 4934 2319 47228 21120 3138 26303 33601 24140 5507 1766 41543 20357 16975 7233 57143 23916 40134 25345 9346 2068 8946 296 8126 31415 11796 11114 3297 24847
internal_value=2.23877e-05 -0.0152322 0.00713407 0.00216925 -4.11907e-05 -0.00993568 -0.014764 -0.0175686 -0.00487533 0.015134 0.0141224 0.000449795 -0.0149742 -0.00130468 -0.0398324 0.0171464 0.015718 0.00810739 -0.00414126 0.00808998 -0.0100718 0.01788 0.00519514 0.00547955 -0.0386301 -0.0151106 0.0156712 0.022773 -0.0236036 0.014391
internal_weight=119524 38004.4 81519.9 50302 44097.7 31271.5 21347 18583.9 27655.8 31217.8 30008.2 9924.44 16545.8 20503.1 6732.95 22415.3 20654.7 5548.18 15919.8 16441.9 10551.5 6204.34 7592.88 5145.83 2038.12 7152.69 5807.42 3113.5 5994.29 19327.6
internal_count=550409 190614 359795 227045 200399 151461 104363 91753 127826 132750 127816 47098 80489 94092 39153 94730 87497 25978 73735 72573 50889 26646 33086 24212 11264 33734 24978 13182 29600 81990
is_linear=0
shrinkage=0.05


Tree=14
num_leaves=31
num_cat=0
split_feature=10 13 10 38 19 13 4 10 19 33 36 10 4 33 32 20 5 35 28 28 5 3 32 33 5 32 28 33 33 43
split_gain=4823.6 1512.18 1209.06 717.642 656.626 466.193 447.844 414.065 397.326 285.024 261.297 257.311 251.125 249.457 247.834 204.659 195.012 189.137 185.41 182.678 183.608 165.905 165.271 159.947 155.178 186.526 149.248 144.14 169.882 140.934
threshold=0.016176892061348435 0.038138107667490422 0.009364527020349173 -0.14930882662842684 -0.23320269784120998 0.0030534351145036251 0.13805277652984896 0.024077266156189787 -0.060246364556069736 -4551.4999999999991 0.999589153656532 0.02670210072445427 -0.086294416243654568 -4844.4999999999991 10.500000000000002 0.4441588842549859 -0.15999999999999695 0.087590066679380088 0.14235029833951593 0.070497732325397272 -0.12456139390896702 -0.11842105263157897 3.5000000000000004 -4768.4999999999991 -0.15254237288135644 5.5000000000000009 0.0016780524523130188 -4285.4999999999991 -4342.4999999999991 2.5000000000000004
decision_type=8 10 10 8 8 10 10 10 10 2 2 10 10 2 2 10 10 10 10 10 10 10 2 2 8 2 10 2 2 2
left_child=2 4 -1 -3 5 29 13 24 12 -9 -8 17 -4 -5 18 -14 23 26 -11 20 -10 -18 -17 -15 -7 -26 -6 28 -24 -2
right_child=1 3 8 6 11 7 10 9 19 14 -12 -13 15 16 -16 22 21 -19 -20 -21 -22 -23 27 -25 25 -27 -28 -29 -30 -31
leaf_value=-0.042391448429589411 -0.039075764329904783 0.03215324140676392 0.0030779916309723594 -0.016635159690743417 -0.0034657567336502065 0.001509180370757398 0.015675092874364648 0.023731297837576149 0.010143471107331445 -0.0052203644486108888 0.046741226872755642 0.015306448702931193 -0.039763570003624862 0.060322395101160386 0.015683092614175855 -0.032093570926174417 0.02004237968657609 0.078365030480378878 0.031933502974686272 0.0130470615729106 -0.013161362620364667 0.0039569095766074178 -0.0061587973019247696 0.013974516402786028 -0.018847781492748003 -0.0069980422339364287 0.0066470212269938121 -0.018160955114058557 0.062720014684962813 -0.0013708349237521844
leaf_weight=5113.6248970776796 1321.8821995258331 3745.2237723022699 996.15397875010967 1157.9407180845737 6847.4740121513605 2578.4613447338343 11185.697929784656 1385.8388074338436 1029.2854964733124 8780.1142873764038 720.45687459409237 5172.4929264038801 1577.0786030590534 193.08962479233742 1987.7547468096018 2106.8876100480556 1726.3930282592773 81.367431953549385 349.14020624756813 1123.8413708209991 4724.5855085402727 22425.579134300351 385.28090918064117 5177.0284173935652 5631.1251824051142 8094.8872430324554 7809.4539619535208 5430.1314529627562 116.61449971795082 305.02045583724976
leaf_count=31127 7171 15385 4728 5463 31822 11622 47104 5990 4837 39677 2934 22333 8735 801 8706 10900 7283 335 1477 5187 23772 98269 1905 22189 27477 38200 35044 27616 573 1567
internal_value=-0.000210834 0.00465099 -0.0210051 0.0111696 -0.00134791 -0.00596654 0.00932416 -0.00449592 -0.0147523 0.00234953 0.0175549 0.00571182 -0.0208192 0.00613 -0.000315911 -0.0232948 0.00702291 0.00234452 -0.00379945 -0.00539113 -0.00899246 0.00510671 -0.020064 0.015641 -0.00974525 -0.0118594 0.0019225 -0.0157914 0.00984507 -0.0320066
internal_weight=119280 96676.4 22603.5 46331.4 50345 30434.2 42586.2 28807.3 17489.9 12502.8 11906.2 19910.8 10612.1 30680 11117 9615.99 29522.1 14738.3 9129.25 6877.71 5753.87 24152 8038.91 5370.12 16304.5 13726 14656.9 5932.03 501.895 1626.9
internal_count=550229 430849 119380 199428 231421 141887 184043 133149 88253 55850 50038 89534 54457 134005 49860 49729 128542 67201 41154 33796 28609 105552 40994 22990 77299 65677 66866 30094 2478 8738
is_linear=0
shrinkage=0.05


Tree=15
num_leaves=31
num_cat=0
split_feature=10 10 19 12 37 19 5 32 32 33 20 6 5 5 43 37 36 43 38 33 33 33 33 33 33 32 33 33 34 32
split_gain=4341.05 1848.96 789.188 743.305 526.675 540.879 407.831 332.622 308.439 372.738 307.875 271.784 249.404 245.274 276.002 242.037 240.519 199.37 170.838 160.501 160.371 209.17 307.86 252.383 400.404 238.107 205.359 197.724 196.095 166.265
threshold=0.013974444721490504 0.024999069706169306 -0.17865497750300671 0.035714285714285941 -0.079497907949799315 0.037325976486304265 -0.16254143465084606 4.5000000000000009 4.5000000000000009 -4784.4999999999991 0.07971303288792303 1.0000000180025095e-35 -0.13058877204975047 -0.1847821863192122 3.5000000000000004 0.010595746668022101 0.999589153656532 1.5000000000000002 0.19732626916191934 -4111.4999999999991 -4285.4999999999991 -3643.4999999999995 -3452.4999999999995 -2189.4999999999995 -1762.4999999999998 8.5000000000000018 -3529.4999999999995 -1450.4999999999998 4.1782257526074966 3.5000000000000004
decision_type=8 10 8 10 10 10 8 2 2 2 10 10 10 8 2 10 2 2 10 2 2 2 2 2 2 2 2 2 2 2
left_child=3 2 6 -1 -3 8 17 -8 -6 -10 -11 -9 -5 -4 -15 -14 -7 -2 -12 -19 -16 -22 26 -24 25 29 -23 -26 -28 -25
right_child=1 4 13 12 5 16 7 11 9 10 18 -13 15 14 20 -17 -18 19 -20 -21 21 22 23 24 27 -27 28 -29 -30 -31
leaf_value=-0.050755645914892969 0.035673774296157992 0.024443167171948228 0.01937776249286563 0.00095089042920258745 -0.0035848881315507768 0.013909715492348498 -0.018978905071023979 -0.047407232916718639 0.07319269975779491 -0.034297579183909722 0.0063714666699819598 -0.005799147714711724 -0.027322877025414156 -0.004292660036187718 0.022525526929074766 -0.010386666750672152 0.038498620512300213 -0.016366299602335391 0.022449840719009181 0.0078863450596683322 -0.010140998682150624 0.013158481925173751 -0.0051619584265638393 -0.00398022942807653 -0.016711167561395845 0.0042034855782557808 0.067029411344215778 0.016051170317401411 0.0033934191293069336 0.053153212954739459
leaf_weight=2443.8005206286907 495.22484481334686 5787.1093557327986 2247.2529575228691 1215.2213823646307 8788.5815016776323 16210.130551755428 8603.7020388841629 402.40833029150963 214.72841456532478 442.0340613424778 17251.870771169662 15893.744330137968 8118.8016439080238 9621.7078028917313 1471.7022824138403 2850.1104081422091 1059.5157367736101 907.28777407109737 1827.0805046111345 2749.4861697852612 1895.2780441194773 886.85615503787994 3726.2256060391665 147.5082411468029 1036.8622004687786 521.92456047236919 466.04720024764538 828.50097601115704 163.54147893190384 931.29192145168781
leaf_count=16614 2104 24063 9724 5975 39232 68794 42501 2393 880 2510 74919 75168 44183 44651 6572 14431 4361 4085 7548 12320 8610 4009 16932 658 4718 2336 2049 3703 737 4056
internal_value=-7.67985e-05 0.00349175 -0.00306722 -0.0255889 0.0102307 0.00843464 -0.00860651 -0.0110256 0.00420649 0.0076761 0.00695542 -0.0068266 -0.0205412 0.00365354 0.00202495 -0.0229223 0.0154183 0.00590101 0.0079112 0.00186898 0.00705869 0.0049121 0.00818809 0.00387143 0.0135828 0.031928 0.0286615 -0.00215978 0.0504994 0.0453412
internal_weight=119206 104578 52996.6 14627.9 51581.1 45793.9 29051.9 24899.9 28524.3 19735.7 19521 16296.2 12184.1 23944.7 21697.4 10968.9 17269.6 4152 19079 3656.77 12075.7 10604 8708.76 7192.31 3466.09 1600.72 1516.44 1865.36 629.589 1078.8
internal_count=550836 469633 247326 81203 222307 198244 138571 120062 125089 85857 84977 77561 64589 108755 99031 58614 73155 18509 82467 16405 54380 47808 39198 32403 15471 7050 6795 8421 2786 4714
is_linear=0
shrinkage=0.05


Tree=16
num_leaves=31
num_cat=0
split_feature=13 10 10 38 38 1 32 2 20 5 5 43 32 3 1 1 32 7 12 5 43 43 32 38 10 34 8 43 32 34
split_gain=3970.48 1414.75 1218 696.225 615.117 520.474 342.076 340.662 283.735 264.539 218.097 242.194 319.135 210.128 209.639 209.204 207.902 202.125 198.72 194.368 182.432 178.977 170.048 166.862 165.813 148.397 144.652 142.946 140.488 167.056
threshold=0.023287093410447955 0.010785689421832546 0.031586215907852828 -0.095665413285937403 0.041372105946238753 9.9999999993993799e-06 4.5000000000000009 -0.055555555555555407 0.235278813840122 -0.11111111111111065 -0.069518716577539816 1.5000000000000002 5.5000000000000009 -0.12622568057754971 -0.11967461967461827 0.16237518472718152 3.5000000000000004 -0.017554131229713662 0.035714285714285941 -0.16254143465084606 1.5000000000000002 2.5000000000000004 10.500000000000002 -0.1412077392615497 0.020672444411512596 2.8707317708119455 0.096320870898365288 2.5000000000000004 8.5000000000000018 3.8231911945101493
decision_type=10 8 10 8 8 10 2 8 8 8 8 2 2 10 10 10 2 10 10 8 2 2 2 10 10 2 10 2 2 2
left_child=1 18 3 13 6 7 24 -3 -9 -10 11 12 -8 -2 -4 19 20 -6 -1 -7 -16 -12 -23 -22 -5 -24 -21 -11 -18 -30
right_child=2 5 14 4 17 15 10 8 9 27 21 -13 -14 -15 16 -17 28 -19 -20 26 23 22 25 -25 -26 -27 -28 -29 29 -31
leaf_value=-0.049591286297969682 0.030972469530797554 0.022181959076153154 0.043797206520324782 -0.018039569863811895 0.0030010023067165302 0.023692249669683873 0.080468369821506208 -0.036003030801073359 -0.0029954580480227944 -0.025431744935294476 -0.012307574853134155 0.0030495880466594382 7.8054481564843837e-05 0.010882347758083836 -0.025004182981054054 0.075279236464031896 0.020830974945681157 0.013885317991082459 -0.030690251200017241 -0.008475943724866708 0.038077239746987804 -0.0041278149380615334 0.04120446828802659 0.0057959587838895404 -0.0062508503014448592 0.0057545957709380507 0.0064091590761346994 -0.013459930720801228 0.017540395984539763 0.0038062759389654055
leaf_weight=2146.8577987998724 1584.4711330831051 575.566710293293 594.95608657598495 5310.5168268978596 13726.421527460217 731.00713118910789 239.61471918225288 1742.024794831872 3625.7541699260473 4458.4756151288748 5190.7404602915049 8526.9908245801926 254.66086581349373 7289.0744872093201 444.98317700624466 91.205422565340996 9128.2489970326424 6188.3770468235016 3947.8568824380636 4749.7298794239759 432.89639690518379 6784.0924418121576 375.27758507430553 5317.8496406674385 6805.0524129867554 1383.7412159889936 2486.6421096026897 5657.1365523487329 5576.4627895653248 3672.1233515441418
leaf_count=15179 6515 2694 2402 26057 60899 3250 1028 10007 16996 22804 24028 38647 1144 31655 1937 372 38067 26819 22788 23574 1804 31197 1718 23038 31431 6312 11671 28168 23369 15411
internal_value=-0.000167214 -0.0158249 0.00515837 0.00147698 -0.000627429 -0.0103858 -0.00463124 -0.015589 -0.0169931 -0.0145831 -0.0010177 0.00502203 0.0390496 0.0144697 0.0144701 -1.68864e-05 0.0137601 0.00638322 -0.0373481 -0.000878828 0.00583936 -0.00498498 -0.000535811 0.00822598 -0.0114181 0.0133176 -0.00336096 -0.0187365 0.0164305 0.0120873
internal_weight=119039 30212.3 88826.6 63659 54785.5 24117.5 34870.7 16059 15483.4 13741.4 22755.1 9021.27 494.276 8873.55 25167.5 8058.58 24572.6 19914.8 6094.71 7967.38 6195.73 13733.9 8543.11 5750.75 12115.6 1759.02 7236.37 10115.6 18376.8 9248.59
internal_count=550981 157503 393478 287450 249280 119536 161562 80669 77975 67968 104074 40819 2172 38170 106028 38867 103626 87718 37967 38495 26779 63255 39227 24842 57488 8030 35245 50972 76847 38780
is_linear=0
shrinkage=0.05


Tree=17
num_leaves=31
num_cat=0
split_feature=10 10 10 19 37 4 13 19 32 4 37 0 32 36 19 33 38 33 32 32 33 33 33 1 33 43 33 33 43 33
split_gain=3687.39 1505.75 710.734 631.082 505.035 520.644 352.074 350.832 322.296 268.902 249.15 242.855 240.02 221.952 209.622 204.196 228.845 204.116 194.533 325.102 290.246 265.457 192.993 188.116 186.711 185.921 181.798 164.927 159.782 237.215
threshold=0.013974444721490504 0.02387426592149983 0.0081417399595023199 -0.24156799833477574 -0.073930896539838628 0.13805277652984896 0.0049386627159761784 -0.4906725473503048 3.5000000000000004 -0.1080332409972297 -0.066085628899939505 0.094475364846495227 10.500000000000002 0.999589153656532 0.23348063564021712 -4923.4999999999991 -0.11649312066126348 -1692.4999999999998 4.5000000000000009 1.5000000000000002 -4625.4999999999991 -4551.4999999999991 -1353.4999999999998 -0.07246376811594156 -1692.4999999999998 3.5000000000000004 -1204.4999999999998 -4747.4999999999991 1.5000000000000002 -4704.4999999999991
decision_type=8 10 10 8 10 10 10 10 2 10 10 10 2 2 10 2 10 2 2 2 2 2 2 10 2 2 2 2 2 2
left_child=2 3 -1 6 23 7 -2 12 -8 -4 17 15 27 -7 24 -5 -17 -10 19 21 -20 -18 -14 -3 -11 -22 -16 -6 -29 -30
right_child=1 4 9 11 5 13 8 -9 10 14 -12 -13 22 -15 26 16 18 -19 20 -21 25 -23 -24 -25 -26 -27 -28 28 29 -31
leaf_value=-0.042906908538024112 -0.039367996331424876 0.034458063701590061 0.025253288751766547 -0.017575998000036005 0.023583970235578244 0.014472427588744974 -0.017556779028433465 0.00829024916622822 0.0076272405999489035 -0.019483328873285244 -0.006327744290950634 0.051986773384790824 0.014537869355522093 0.043106610761847387 -0.010474586044723677 0.019368425041395076 0.055848882935689771 0.064001715641854917 0.042748922284098101 -0.013038070865948902 -0.0048114514060935551 0.0037942768068908554 -0.030156621158565711 0.016180616076675015 -0.039617397782503963 0.0080656532721725769 0.052031986793492684 -0.02605671464043274 0.058750066411199446 -0.0047012646977724797
leaf_weight=3659.2278088927269 912.60769467055798 1946.1318453103304 357.98641884326935 1247.5944631546736 509.6699246019125 10756.03025496006 6171.6443062722683 21922.565030381083 1692.4459524005651 5640.038723051548 15767.958499088883 246.49306531250477 2960.9323184788227 722.19104644656181 3009.6456792056561 1993.0497302412987 283.99721546471119 177.39568117260933 493.25770157575607 4466.4442430436611 4270.5417990535498 1779.7176694869995 262.98376774787903 5089.0467059016228 1446.8358564227819 8157.2571374922991 121.00305306911469 873.92743718624115 149.16037529706955 11807.284534960985
leaf_count=24667 5462 7900 1673 6052 2176 44911 30529 94995 7553 30235 74916 1032 12778 2922 15513 8465 1241 771 2178 21116 19816 8141 1256 21405 8398 36712 622 4128 627 52934
internal_value=-3.72879e-05 0.00321008 -0.0239134 -0.00334856 0.00869408 0.00692804 -0.00889065 0.00414069 -0.00772246 -0.0173415 -0.00428133 0.00262447 -0.00135129 0.016274 -0.0188339 0.00208827 0.00323231 0.0129756 0.00157893 -0.00545471 0.00513366 0.0109577 0.010892 0.0212367 -0.0235938 0.00364072 -0.00805864 -0.00431015 -0.00541821 -0.00390969
internal_weight=118895 104660 14234.7 47660.4 56999.9 49964.7 24722.1 38486.5 23809.4 10575.5 17637.8 22938.4 16564 11478.2 10217.5 22691.9 21444.3 1869.84 19451.2 6530.16 12921.1 2063.71 3223.92 7035.18 7086.87 12427.8 3130.65 13340 12830.4 11956.4
internal_count=551124 470016 81108 223984 246032 216727 119231 168894 113769 56441 83240 104753 73899 47833 54768 103721 97669 8324 89204 30498 58706 9382 14034 29305 38633 56528 16135 59865 57689 53561
is_linear=0
shrinkage=0.05


Tree=18
num_leaves=31
num_cat=0
split_feature=10 10 13 19 37 33 20 13 32 1 0 19 33 4 33 32 33 33 33 32 34 32 33 32 33 7 32 32 33 33
split_gain=3404.17 1146.37 988.942 613.095 402.07 343.711 328.775 301.039 321.487 279.814 287.17 273.768 233.675 247.316 216.64 196.913 237.616 839.661 306.146 314.341 267.785 236.22 220.599 179.42 177.197 175.359 173.874 247.966 173.202 310.455
threshold=0.01573315746376908 0.02881094995004288 0.0084664126798738859 -0.036356460857110147 -0.066085628899939505 -1692.4999999999998 0.07971303288792303 0.0030534351145036251 4.5000000000000009 -0.07246376811594156 0.07245235649891614 -0.12741626143783161 -4923.4999999999991 -0.18695538300540118 -4551.4999999999991 3.5000000000000004 -1773.9999999999998 -2189.4999999999995 -4684.4999999999991 10.500000000000002 4.0749914727810621 7.5000000000000009 -1692.4999999999998 2.5000000000000004 -4966.4999999999991 -0.13042572463768112 1.5000000000000002 3.5000000000000004 -2381.9999999999995 -1762.4999999999998
decision_type=8 10 10 8 10 2 10 10 2 10 10 10 2 10 2 2 2 2 2 2 2 2 2 2 2 10 2 2 2 2
left_child=2 3 25 4 5 -2 -3 -6 -9 -8 15 -4 -5 -14 26 23 17 18 -17 -20 21 -19 -18 -11 -10 -1 -15 -28 -16 -30
right_child=1 6 11 12 7 -7 9 8 24 10 -12 -13 13 14 28 16 22 20 19 -21 -22 -23 -24 -25 -26 -27 27 -29 29 -31
leaf_value=-0.010411568043466855 0.0045032018262220344 -0.034791726967916728 -0.01912585487952323 -0.01645769440633834 -0.034756845094656708 0.046904053293443264 0.026410668200798473 -0.012478962528056199 -0.041448982358231669 0.00656958558840408 0.028231137166641513 -0.006019151660260097 0.033848664959764463 0.052302476506798271 0.001134823918452733 0.02608933748342487 -0.016554496804671619 0.050685207074493935 -0.00073310070141790714 0.016537976914405537 0.0099370180013281795 0.026037462243003514 0.0086522379352835851 -0.010568359185260447 -0.0013356594550927852 -0.044930317968477004 -0.022822673351125512 0.023995795620327439 0.023365696133520165 0.0017651784491000148
leaf_weight=411.09885440766811 4075.6954478472471 389.88010001182556 8945.9751605689526 1125.0262666344643 902.84926508367062 541.44634671509266 2848.44592243433 10820.327098160982 279.01770149171352 5792.0777299553156 2045.4899254441261 7183.2463105171919 819.75218996405602 369.00260853767395 13898.01970718801 1877.5444967597723 1340.9518562108278 1766.2526343017817 8792.3328614234924 3761.6685217171907 1177.6224950253963 2161.9319781661034 2460.8868805468082 2074.0545310676098 20708.941171184182 3503.1694402843714 354.33898283541203 1401.0174790918827 2873.6049305945635 3949.992378115654
leaf_count=2388 17985 2291 47481 5500 5339 2366 11637 52367 1350 24956 8406 36492 3425 1576 61857 7725 5748 7219 37694 15750 4853 8882 10462 9334 95458 24834 1605 5996 12503 17616
internal_value=2.49128e-05 0.0038432 -0.01876 -0.000288648 -0.00433671 0.0094755 0.0108773 -0.00628629 -0.00547818 0.0113705 0.0100821 -0.0132887 0.00580666 0.00686507 0.00589685 0.0088924 0.0111983 0.0134238 0.00725831 0.00444199 0.0308504 0.03712 -0.000238465 0.00205084 -0.00186893 -0.041305 0.0211035 0.0145449 0.00433789 0.0108618
internal_weight=118652 98608.2 20043.5 62119 37328.3 4617.14 36489.1 32711.1 31808.3 36099.3 33250.8 16129.2 24790.8 23665.7 22846 31205.3 23339.2 19537.4 14431.5 12554 5105.81 3928.18 3801.84 7866.13 20988 3914.27 2124.36 1755.36 20721.6 6823.6
internal_count=551095 439900 111195 284943 174865 20351 154957 154514 149175 152666 141029 83973 110078 104578 101153 132623 98333 82123 61169 53444 20954 16101 16210 34290 96808 27222 9177 7601 91976 30119
is_linear=0
shrinkage=0.05


Tree=19
num_leaves=31
num_cat=0
split_feature=13 10 10 1 5 38 43 5 32 32 13 5 38 1 32 2 0 5 37 25 5 0 8 32 32 43 43 8 38 34
split_gain=3117.75 1131.61 924.3 478.238 478.229 532.684 336.813 319.417 286.637 262.659 237.064 234.949 199.714 190.998 195.564 184.518 166.679 167.599 154.875 162.305 154.224 145.617 142.272 141.804 317.429 136.571 164.069 174.502 132.725 129.205
threshold=0.022284668276646241 0.0090066476775634684 0.027676858999594215 0.0029586635918096298 -0.15511753505209522 0.028317288290372725 1.5000000000000002 -0.12456139390896702 3.5000000000000004 4.5000000000000009 1.1796119636642291e-17 -0.26428956695946992 0.19732626916191934 -0.14143683205972127 2.5000000000000004 -0.11475409836065374 0.08303873683684572 -0.15999999999999695 0.014183708198757363 0.56853075331515102 -0.068065649912526602 -0.028571428571428633 0.095238095238095247 4.5000000000000009 5.5000000000000009 1.0000000180025095e-35 3.5000000000000004 0.091743119266055065 -0.082979655070940225 4.0749914727810621
decision_type=10 8 10 8 8 8 2 8 2 2 8 10 10 10 2 10 10 8 10 10 8 10 10 2 2 2 2 8 10 2
left_child=1 -1 4 7 6 9 23 25 13 -6 -9 -10 15 -4 28 -13 17 -5 -7 -20 -11 -12 -19 -2 -25 -3 -27 -28 -15 -17
right_child=2 3 8 16 5 18 -8 10 11 20 21 12 -14 14 -16 29 -18 22 19 -21 -22 -23 -24 24 -26 26 27 -29 -30 -31
leaf_value=-0.039736100063655605 0.021140549231134564 0.032818777263885983 0.063370665620325381 0.024499620675027218 -0.01307055960959623 -0.0027000309724092638 0.0071285902809423429 -0.037435623176340797 0.029145947103876177 0.0035323166511892299 0.02659594065843799 0.032598169465540158 0.021496220846047451 0.023349721712098835 -0.0096949776838207557 0.011245814234859541 0.059107018404878836 -0.0085336601514298862 0.02038446615373872 0.0051081901009428481 -0.0063110523945210748 -0.017499753456159898 0.0075478543177235295 0.094476592083652056 0.012118232838915692 -0.012678792940701331 0.0017317393547038606 0.055039131895906639 0.0035815254030494258 0.0026598725959128557
leaf_weight=3963.6009727120399 621.89606802165508 256.43406853079796 128.60317462682724 593.39230999350548 9610.8071150928736 5173.7388809174299 7444.298642039299 1583.9676424562931 2046.4773803651333 6229.377280190587 190.5909365862608 841.44729746878147 4235.0288872122765 990.94520932435989 2589.7625692933798 14907.034829929471 117.7169463634491 4228.1406700462103 2064.6335882544518 11015.713654622436 11016.6203199476 10593.594602480531 2038.3544083982706 260.37166687846184 212.46588969230652 2239.1567045450211 846.02203957736492 187.55419160425663 5931.826476931572 6205.8183477818966
leaf_count=27703 2614 1102 517 2627 46930 24016 32653 9918 8382 28776 917 3419 17236 4133 11566 62751 489 21472 9100 48533 51745 54896 9616 1069 893 10989 3981 807 25537 26277
internal_value=-8.59702e-05 -0.0150715 0.00430826 -0.0107978 8.63918e-05 -0.00196745 0.0109366 -0.0155875 0.0102882 -0.00644682 -0.0193734 0.0128299 0.0115549 0.00284461 0.00202634 0.0096372 0.000114577 -0.000897745 0.00462294 0.00751943 -0.00275556 -0.0167204 -0.00330269 0.0368318 0.0574695 -0.00231954 -0.00507279 0.011405 0.0064112 0.0087221
internal_weight=118365 26838.5 91526.9 22874.9 53649.9 45110.9 8539.03 15897.3 37876.9 26856.8 12368.2 28235.8 26189.3 9641.14 9512.53 21954.3 6977.6 6859.89 18254.1 13080.3 17246 10784.2 6266.5 1094.73 472.838 3529.17 3272.73 1033.58 6922.77 21112.9
internal_count=550664 144517 406147 116814 246329 209100 37229 82610 159818 127451 65731 118065 109683 41753 41236 92447 34204 33715 81649 57633 80521 55813 31088 4576 1962 16879 15777 4788 29670 89028
is_linear=0
shrinkage=0.05


Tree=20
num_leaves=31
num_cat=0
split_feature=10 13 12 28 37 13 7 33 33 33 33 33 33 33 33 34 33 32 32 32 33 43 37 32 33 33 33 4 28 32
split_gain=2936.88 1171.74 628.012 600.793 481.157 421.202 387.565 343.889 524.59 575.178 345.639 329.529 615.39 436.656 404.411 578.63 320.191 570.754 316.527 578.323 403.134 377.005 302.903 298.222 291.567 285.516 270.113 259.928 250.966 246.113
threshold=0.013974444721490504 0.037544680917245644 0.035714285714285941 0.0016780524523130188 -0.079497907949799315 0.011258295481070804 -0.19998049161139284 -1610.4999999999998 -2355.4999999999995 -2583.4999999999995 -4551.4999999999991 -2796.4999999999995 -2735.4999999999995 -3200.4999999999995 -3628.4999999999995 3.1157326077443077 -4824.4999999999991 5.5000000000000009 8.5000000000000018 3.5000000000000004 -2329.4999999999995 3.5000000000000004 0.1126602279536776 1.5000000000000002 -1655.4999999999998 -2161.4999999999995 -4923.4999999999991 -0.079176361920240787 0.062564759709969053 10.500000000000002
decision_type=8 10 10 10 8 10 8 2 2 2 2 2 2 2 2 2 2 2 2 2 2 2 10 2 2 2 2 10 10 2
left_child=2 3 -1 5 -3 -2 -7 8 9 10 16 13 -13 14 -12 -16 23 -18 19 20 -10 -21 -6 26 -22 -23 -5 -4 -29 -17
right_child=1 4 27 7 22 6 -8 -9 18 -11 11 12 -14 -15 15 29 17 -19 -20 21 24 25 -24 -25 -26 -27 -28 28 -30 -31
leaf_value=-0.046798558836292317 -0.026555377842915024 0.021136704140497703 0.0070391109395289662 -0.027467517022599454 0.0047458349954762934 0.0043722213347566537 -0.0090213806360260381 -0.012923469717569426 0.051136030997635334 -0.032447404532834748 -0.0057914655715375308 0.061627493624578568 -0.0048271250731785481 -0.021437174956769528 0.038542091454562971 -0.0054557493040885072 0.070379243798522603 0.011903778480345659 0.00090566863011273921 0.0032522559296119034 -0.042286842933481977 0.088359477217026736 0.01621455163285174 -0.030881798480223117 0.010075072696646113 0.041906568810569235 0.060354036706857045 -0.022635314610518206 -0.00095280332772913583 0.037589559685825155
leaf_weight=2105.8449007421732 2524.2529352456331 6578.696114346385 1015.7585664838552 138.01412069797516 35540.578153207898 7576.0091968178749 18815.136566221714 2884.4664040505886 319.84327107667923 1179.3502979874611 6235.0879407227039 604.99208180606365 821.28572130203247 2354.4377571046352 1553.2227666676044 2409.4320960342884 629.25770400464535 1238.8154202699661 1655.1817077547312 483.8302147090435 471.53810547292233 432.94602799415588 6870.1361830979586 490.14060634374619 609.49278970062733 1401.8146517574787 239.48132033646107 9046.7796908318996 1565.4913066774607 385.14502665400505
leaf_count=16613 13941 27214 5197 661 154215 33464 90823 13733 1458 5374 28693 2707 3763 11023 7092 11258 2706 5318 7465 2236 2293 1850 28331 2268 2823 6011 1029 51293 8088 1735
internal_value=6.24497e-05 0.00292073 -0.0216741 -0.00205703 0.00855527 -0.00704286 -0.00517653 0.00337549 0.00536311 0.00132539 0.00365472 0.000552336 0.0233613 -0.00196224 0.00237046 0.0140753 0.0199435 0.0316012 0.019095 0.0271894 0.00182482 0.0425145 0.00660366 -0.00515615 -0.0127648 0.052868 0.0282461 -0.017124 -0.0194368 0.0004767
internal_weight=118176 104443 13733.9 55453.2 48989.4 28915.4 26391.1 26537.8 23653.3 18278.7 17099.3 14363.6 1426.28 12937.3 10582.9 4347.8 2735.71 1868.07 5374.65 3719.47 1400.87 2318.59 42410.7 867.636 1081.03 1834.76 377.495 11628 10612.3 2794.58
internal_count=550675 469484 81191 259724 209760 138228 124287 121496 107763 83627 78253 66271 6470 59801 48778 20085 11982 8024 24136 16671 6574 10097 182546 3958 5116 7861 1690 64578 59381 12993
is_linear=0
shrinkage=0.05


Tree=21
num_leaves=31
num_cat=0
split_feature=13 8 7 28 1 5 38 7 28 28 32 37 2 11 32 2 32 34 3 9 34 36 5 28 34 2 32 9 34 38
split_gain=2673.43 908.977 751.315 740.417 511.733 440.209 359.341 512.637 318.038 255.23 244.604 216.992 202.987 186.993 174.731 161.427 158.106 155.483 154.092 152.101 149.213 145.33 142.328 121.446 118.618 117.517 114.397 114.347 113.032 113.029
threshold=0.022284668276646241 1.0000000180025095e-35 -0.2808666509646901 0.100963010902154 -0.0047619047619039115 -0.098719120611259689 0.096246992340864437 -0.1525414508297542 0.047633325686253621 0.0016780524523130188 3.5000000000000004 0.012929463018451217 -0.083333333333334689 0.63082194493333532 4.5000000000000009 0.005558709447535227 8.5000000000000018 3.2780872403400627 -0.080357142857142169 0.026322844916120056 2.6282787161499033 0.999589153656532 -0.22553258228997133 -0.0014050275622403466 3.4547369007380513 -0.057692307692305371 6.5000000000000009 0.038802315200032855 3.3290745168912923 -0.017244312579631656
decision_type=10 8 8 10 10 10 10 8 10 10 2 8 10 8 2 10 2 2 10 8 2 2 8 10 2 10 2 8 2 10
left_child=1 4 12 6 22 9 7 18 15 -3 24 14 -2 29 -9 25 -12 23 -4 -15 -18 -8 -1 -16 -5 -7 -17 -22 -10 -11
right_child=2 5 3 10 -6 8 21 11 28 13 16 -13 -14 19 17 26 20 -19 -20 -21 27 -23 -24 -25 -26 -27 -28 -29 -30 -31
leaf_value=0.023014602809371693 0.032825935846912992 -0.0059032921532465622 0.011850496608748613 0.011194782772935718 -0.043592317749085445 0.028166515250181857 0.0081055974006274383 -0.013672190013454511 0.017755879400632259 0.02041725249266392 0.021779339998667692 0.00039656863428478282 0.014078379025650029 -0.0034885187853892158 -0.0054163605001405143 -0.016484645723423692 0.037286063350493344 -0.0087073443132367877 0.0025011794512458572 0.035813066757456463 -0.00013126834036805989 0.036696117940995691 -0.017182457246856554 0.008652531007988051 -0.010307512587233772 -0.02153990918025285 0.0011480093722890294 0.019598730156126013 -0.0045627655836378367 0.05930635594938799
leaf_weight=249.77730719745159 1826.6932863742113 3185.5903916358948 5808.5914081931114 1205.3192944675684 3503.3842650949955 120.59915424883366 9203.6169727295637 7838.93044257164 751.91063810884953 468.35254073143005 6456.8911937773228 13376.168509602547 6888.8808007836342 1088.6801289021969 3051.3587594181299 1995.8424430787563 418.76167736947536 8823.9566409140825 18266.831688508391 318.11277629435062 2478.2322121411562 467.03233073651791 1860.3996711149812 3084.5311793237925 1370.8837901651859 8488.1149287372828 1706.2398600131273 1043.6072679460049 2310.4331111684442 310.85105684399605
leaf_count=1177 7384 15748 24854 5161 25459 566 39180 38355 3567 2147 26782 60432 28729 5275 14369 10487 1750 41203 81354 1407 10541 1913 9954 14122 5957 46528 8823 4257 11695 1429
internal_value=5.75083e-06 -0.0140267 0.0040432 0.00257498 -0.0318761 -0.00919667 0.000539468 -0.000896575 -0.0135021 0.00312518 0.0135452 -0.00465909 0.0180077 0.0162821 -0.00762527 -0.0170889 0.0169626 -0.0044567 0.00475686 0.0053986 0.0090702 0.00948634 -0.0124244 0.00165612 -0.000247307 -0.0208436 -0.00835799 0.00571521 0.000917229 0.0359315
internal_weight=117969 26358.3 91610.3 82894.7 5613.56 20744.7 69921 60250.4 15373.1 5371.59 12973.7 36174.9 8715.57 2186 22798.8 12310.8 10397.5 14959.8 24075.4 1406.79 3940.6 9670.65 2110.18 6135.89 2576.2 8608.71 3702.08 3521.84 3062.34 779.204
internal_count=550605 144262 406343 370230 36590 107672 315782 274689 81666 26006 54448 168481 36113 10258 108049 66404 43330 69694 106208 6682 16548 41093 11131 28491 11118 47094 19310 14798 15262 3576
is_linear=0
shrinkage=0.05


Tree=22
num_leaves=31
num_cat=0
split_feature=10 10 20 32 12 7 28 32 33 33 33 32 33 28 33 33 33 33 28 33 33 33 28 32 33 33 5 33 33 33
split_gain=2529.98 1179.18 511.908 394.88 389.236 348.009 397.26 345.687 317.294 884.999 572.66 307.951 498.484 330.106 287.445 589.381 296.731 266.589 230.773 344.703 301.762 210.458 193.106 193.279 456.479 320.861 279.436 223.993 190.5 642.853
threshold=0.012367146052897501 0.023974350660170757 0.5108452260890427 3.5000000000000004 0.035714285714285941 -0.2808666509646901 0.047633325686253621 1.5000000000000002 -2054.4999999999995 -1773.9999999999998 -2583.4999999999995 8.5000000000000018 -1450.4999999999998 -0.033366117590538667 -2206.4999999999995 -2161.4999999999995 -1773.9999999999998 -1920.4999999999998 0.0052005554328539245 -2751.4999999999995 -3452.4999999999995 -1136.4999999999998 -0.1525295132441005 5.5000000000000009 -4496.9999999999991 -4824.4999999999991 -0.18787878787878834 -4804.4999999999991 -4285.4999999999991 -4342.4999999999991
decision_type=8 10 8 2 10 10 10 2 2 2 2 2 2 10 2 2 2 2 10 2 2 2 8 2 2 2 10 2 2 2
left_child=4 2 -2 7 -1 -3 -7 18 10 -10 22 12 13 -11 -8 -16 17 -17 19 -4 -20 -14 -5 24 25 -24 -26 -25 29 -29
right_child=1 5 3 8 -6 6 14 -9 9 11 -12 -13 21 -15 15 16 -18 -19 20 -21 -22 -23 23 27 26 -27 -28 28 -30 -31
leaf_value=-0.045512289316114618 -0.016061280447582003 0.016815321894427273 -0.029084864037095495 0.049331599242524164 -0.019982868942803923 0.0021861742484547949 0.0061705129068955105 -0.016204161134381685 0.042416760308427975 0.026201130614726665 -0.01977334629021342 -0.014003394373942914 0.040982061789000525 -0.019366280119988036 0.080641447267262009 0.010824282947546046 0.0022072372089362237 0.035484216483508968 0.028383688870690368 0.025797609028274965 -0.0056106775602972822 -0.010453831084149144 -0.0083226743980824754 -0.013153549519842239 0.010356620116533309 0.066883289481151173 -0.01732019774594085 0.0017552721876171189 0.0030880803077086984 0.051526460791645537
leaf_weight=1880.137340426445 6803.5730009973049 8004.5974136143923 1040.2431644797325 210.78319376707077 7251.6578413099051 31191.230310603976 10142.006827712059 7068.3673666417599 1680.2912965714931 557.94505093991756 3586.0455518513918 2116.4447607621551 1208.8324270397425 1381.7269030809402 370.36125762760639 2092.6083669364452 2516.3414177596569 2301.1751977354288 1274.194045946002 394.63734377920628 1338.6592688858509 238.03183192014694 243.81354704499245 1725.8247975707054 1171.0779557526112 339.04485736787319 4122.1623849868774 2113.2103710174561 12417.131074726582 936.20084929466248
leaf_count=15872 35364 33326 5194 934 42324 137037 42860 35090 7554 2568 16822 10036 5610 6535 1506 8562 10768 9300 5790 1951 6284 1120 1121 8462 5064 1465 19923 9640 58023 4259
internal_value=3.73629e-05 0.00216304 -0.00327548 -0.00134944 -0.0252391 0.00715489 0.00556423 -0.00953176 0.00132191 0.0106563 -0.00117393 0.000958493 0.0103091 -0.00625885 0.0116119 0.019192 0.0158985 0.0237395 0.00211993 -0.0139905 0.0109671 0.0325201 0.00169121 0.0012559 -0.00657256 0.0354241 -0.011197 0.00393156 0.00583799 0.0170355
internal_weight=117718 108587 51968.2 45164.7 9131.8 56618.3 48613.7 11116.1 34048.6 7183.27 26865.3 5502.98 3386.54 1939.67 17422.5 7280.49 6910.12 4393.78 4047.73 1434.88 2612.85 1446.86 23279.2 23068.5 5876.1 582.858 5293.24 17192.4 15466.5 3049.41
internal_count=550364 492168 248809 213445 58196 243359 210033 54309 159136 33423 125713 25869 15833 9103 72996 30136 28630 17862 19219 7145 12074 6730 108891 107957 27573 2586 24987 80384 71922 13899
is_linear=0
shrinkage=0.05


Tree=23
num_leaves=31
num_cat=0
split_feature=10 13 0 38 13 5 0 13 33 33 33 33 33 33 33 33 3 33 33 33 33 38 5 38 5 33 33 33 33 34
split_gain=2286.62 995.961 525.899 467.071 357.842 351.322 328.652 323.679 317.174 537.954 221.58 435.683 299.258 698.332 357.9 315.418 312.584 250.349 306.308 248.722 254.587 220.728 214.371 284.956 196.314 190.407 173.908 173.483 491.908 192.086
threshold=0.012367146052897501 0.034785460716756068 0.0014168734324290224 -0.1412077392615497 1.1796119636642291e-17 -0.11290322580645144 0.08303873683684572 0.00091743119266049185 -3596.4999999999995 -3467.4999999999995 -2206.4999999999995 -2161.4999999999995 -1773.9999999999998 -1934.4999999999998 -1692.4999999999998 -2012.4999999999998 -0.040024849217038853 -2329.4999999999995 -2368.4999999999995 -2721.4999999999995 -2767.4999999999995 -0.029548088064942631 -0.14117647058823526 0.026119402985027799 0.033573760826049688 -3500.4999999999995 -1204.4999999999998 -3438.4999999999995 -3529.4999999999995 4.0027769516909535
decision_type=8 10 8 8 10 8 10 10 2 2 2 2 2 2 2 2 10 2 2 2 2 10 8 8 10 2 2 2 2 2
left_child=4 2 5 -3 -1 -2 8 -7 -5 25 17 -12 13 15 -14 -13 -16 18 19 20 -11 -20 -4 -24 -15 -10 -18 28 -9 -30
right_child=1 3 22 6 -6 7 -8 27 9 10 11 12 14 24 16 -17 26 -19 21 -21 -22 -23 23 -25 -26 -27 -28 -29 29 -31
leaf_value=-0.042594127692344899 0.0014033754729168115 0.021383996536758175 0.015893122249962414 -0.0014486349129014466 -0.018853923790063103 -0.033405783285282029 0.025494529478236872 -0.006046599191250771 0.02349330111823731 0.0034061273621418631 0.066330586547751369 0.011971217752484978 -0.017045374389614832 0.052886859262720076 0.024775081451489767 -0.016816976930283539 -0.0029034018534145412 -0.02597894351980394 0.065094028915585897 -0.007961211909300157 0.033519552553188704 0.013347908060695047 -0.003725621528590203 0.010146701151259589 0.025654909459022629 0.060550837947275706 0.02225723581721472 -0.01223393839732486 0.072843600822332433 0.009791285204477659
leaf_weight=2060.8281986936927 9355.2282287627459 4862.3785280287266 2997.3758043050766 15843.1785171628 6908.253181412816 1394.1914924606681 1915.3037464916706 8702.4409149289131 1048.9835835695267 7806.7800927907228 332.69726021587849 3037.6644695550203 1881.039266616106 935.87765856087208 1909.808790564537 1385.4254548996687 4328.9291868805885 793.53599266707897 310.18602110445499 4950.3574991822243 771.20324215292931 614.04261825978756 10173.198956698179 5819.4630685895681 2259.9345165342093 517.7077846378088 816.27691398561001 13276.647572770715 277.28501461446285 214.02444380521774
leaf_count=17477 43079 19799 13250 69109 40575 8855 7850 41926 4518 34259 1351 12604 8160 3898 8313 6060 18956 3523 1329 21467 3273 2664 49248 26363 9173 2180 3503 65087 1255 1016
internal_value=-4.53538e-05 0.00195979 -0.003015 0.00657141 -0.0243087 -0.0068091 0.00517176 -0.0100285 0.0043861 0.00712912 0.00573424 0.00967926 0.00854077 0.0158212 0.00233348 0.00295402 0.00750035 0.00136446 0.00286578 0.000963195 0.00611347 0.0307147 0.00362214 0.00132229 0.0336297 0.0357388 0.00108828 -0.00857803 -0.00329856 0.0453767
internal_weight=117500 108531 52209.9 56321.3 8969.08 33219.8 51458.9 23864.6 49543.6 33700.5 32133.8 16887.7 16555 7618.9 8936.05 4423.09 7055.01 15246.1 14452.6 13528.3 8577.98 924.229 18990 15992.7 3195.81 1566.69 5145.21 22470.4 9193.75 491.309
internal_count=550120 492068 250079 241989 58052 161218 222190 118139 214340 145231 138533 72018 70667 31735 38932 18664 30772 66515 62992 58999 37532 3993 88861 75611 13071 6698 22459 109284 44197 2271
is_linear=0
shrinkage=0.05


Tree=24
num_leaves=31
num_cat=0
split_feature=10 10 38 28 33 12 1 7 13 33 33 33 33 33 32 33 32 33 33 28 33 33 33 3 1 3 33 5 32 33
split_gain=2110.32 1048.22 386.368 546.897 485.97 353.351 315.037 288.014 277.802 260.992 297.432 642.15 644.364 625.542 304.443 290.815 672.167 437.569 334.366 502.478 271.633 264.182 264.172 260.934 260.528 243.479 227.361 211.411 209.543 215.043
threshold=0.012367146052897501 0.023974350660170757 -0.087518580478872718 0.0016780524523130188 -4111.4999999999991 0.035714285714285941 -0.078431536187715575 -0.018774437324373335 0.007493712400009094 -4551.4999999999991 -2189.4999999999995 -2329.4999999999995 -2368.4999999999995 -2161.4999999999995 10.500000000000002 -1773.9999999999998 3.5000000000000004 -2054.4999999999995 -1692.4999999999998 -0.068667109633378437 -3872.4999999999995 -2175.4999999999995 -2424.4999999999995 -0.095779220779220783 0.0029586635918096298 -0.051087609013638895 -2206.4999999999995 -0.1847821863192122 4.5000000000000009 -4285.4999999999991
decision_type=8 10 10 10 2 10 10 10 10 2 2 2 2 2 2 2 2 2 2 10 2 2 2 10 10 10 2 10 2 2
left_child=5 2 4 8 -2 -1 -3 9 -4 -8 11 12 14 21 23 16 -15 -18 -17 -20 -16 -12 -22 -11 28 -21 -13 -6 -5 -30
right_child=1 6 3 24 27 -7 7 -9 -10 10 13 26 -14 15 20 18 17 -19 19 25 22 -23 -24 -25 -26 -27 -28 -29 29 -31
leaf_value=-0.043516858127913192 -0.0071711639650058005 0.022446469949366644 -0.038385036950747783 -0.015590294812645426 0.024466689956355925 -0.018535532144805383 0.014609633755994743 0.016895126636369533 -0.010174202198456772 0.014347811407395411 0.025922697686111898 -0.040127266404487494 0.042147332510554733 -0.014970397138090674 -0.0092800815816756546 -0.018462665350556511 0.0039533149590447701 0.033877798994909815 0.050836567875544782 0.018855611188738103 0.025708076512205236 0.083950347117143789 -0.0065464755347929898 -0.0044385746777695634 0.0054973621446223952 -0.0043979102395689772 0.0036038768776762626 0.0045205045663808362 0.022461677673945232 -0.0036642168872184759
leaf_weight=1767.7689143121243 4085.2749851495028 2953.2349855303764 915.82932867854834 3445.9284692853689 3019.7858794033527 7103.7830435335636 5623.092839807272 5168.2317353338003 18511.952218741179 2068.2012506425381 439.69188007712364 1288.7317905426025 958.0453188419342 1540.2772716283798 1173.7176292091608 1880.1036796718836 1957.4440220296383 3249.7093634605408 557.85295909643173 1488.0485132336617 2800.9653229564428 354.10815507173538 820.8474065810442 17388.03850390017 10898.947857737541 4622.9771516621113 386.31151483952999 2371.9094516187906 877.29567328095436 7706.2076873704791
leaf_count=15904 19085 12053 6164 17339 12899 42411 23554 21288 92270 8712 1851 6291 4089 6774 5030 8159 8140 13262 2385 6435 11792 1441 3431 76392 49493 20543 1886 10904 3996 36771
internal_value=-6.64304e-05 0.00184979 -0.00328993 -0.00533187 0.00583628 -0.0235134 0.00654671 0.00567338 -0.0115041 0.00447999 0.00315458 -6.33955e-05 0.00192848 0.00853143 0.000339671 0.0062856 0.0140458 0.0226288 0.000160748 0.0054111 0.0116237 0.0518084 0.0183979 -0.00244158 -0.000102025 0.00126437 -0.0300417 0.015692 -0.0051752 -0.000993963
internal_weight=117424 108553 51833.1 42356.2 9476.97 8871.55 56719.6 53766.4 19427.8 48598.2 42975.1 26884.9 25209.8 16090.2 24251.8 15296.4 6747.43 5207.15 8548.98 6668.88 4795.53 793.8 3621.81 19456.2 22928.4 6111.03 1675.04 5391.7 12029.4 8583.5
internal_count=550744 492429 248921 206033 42888 58315 243508 231455 98434 210167 186613 117623 109446 68990 105357 65698 28176 21402 37522 29363 20253 3292 15223 85104 107599 26978 8177 23803 58106 40767
is_linear=0
shrinkage=0.05


Tree=25
num_leaves=31
num_cat=0
split_feature=13 33 10 32 33 33 32 28 33 43 10 33 43 33 32 37 33 32 43 33 33 33 33 4 33 43 34 33 28 37
split_gain=1910.14 786.228 669.722 455.265 457.132 1383.87 400.755 396.805 380.378 369.286 343.961 331.836 333.32 422.661 391.085 294.18 351.82 389.389 306.677 306.812 263.069 462.334 299.696 260.159 255.101 254.085 235.91 231.945 224.791 217.635
threshold=0.020719432620570879 -1610.4999999999998 0.031586215907852828 3.5000000000000004 -2054.4999999999995 -1773.9999999999998 1.5000000000000002 -0.1525295132441005 -4285.4999999999991 3.5000000000000004 0.020768383834222224 -2583.4999999999995 1.5000000000000002 -2452.4999999999995 8.5000000000000018 -0.042973593081961241 -1450.4999999999998 8.5000000000000018 3.5000000000000004 -1692.4999999999998 -4551.4999999999991 -4923.4999999999991 -3853.4999999999995 -0.09381907071377342 -4496.9999999999991 5.5000000000000009 4.40244163191801 -1136.4999999999998 0.039505896871736473 -0.064661401409304362
decision_type=10 2 10 2 2 2 2 8 2 2 8 2 2 2 2 10 2 2 2 2 2 2 2 10 2 2 2 2 10 10
left_child=1 8 3 6 7 -6 20 -5 -1 -10 -11 -9 -13 -14 -15 18 -17 27 19 -7 21 -2 28 -3 26 -16 -8 -18 -22 -26
right_child=2 23 -4 4 5 15 24 11 9 10 -12 12 13 14 25 16 17 -19 -20 -21 22 -23 -24 -25 29 -27 -28 -29 -30 -31
leaf_value=0.0086509726687944485 -0.041848011091936949 0.0091333815480148448 0.0099292734377490598 0.045426409838592863 0.041998860582656061 -0.0062871642207305255 -0.038815942074808402 0.001665471444464323 -0.020879150236078045 -0.010563249309991437 0.013206262302375264 0.022910702916889011 -0.030826339756116219 0.032513342333379262 -0.016599121507730498 -0.011689194746825428 0.032475098633870554 -0.013998949631794233 -0.023112039766937244 0.043542492117844778 -0.045671337056304641 0.058005041628200443 0.0049344906912172793 -0.033376677239173112 0.0093014420997592877 0.042367064087789112 0.0054364371834522141 -0.0088429164150013173 0.017564843544917608 -0.011952000830205513
leaf_weight=2838.1242237836123 152.18565593659878 388.7394911646843 25742.204152747989 480.51950557529926 2823.3066358566284 431.5298667550087 1409.7833533734083 33563.234112113714 5925.9140028283 5836.3657651916146 2058.8888287991285 647.31795485317707 2385.0388657301664 625.44099542498589 2243.7861621528864 4311.5710494965315 1562.3272119313478 1060.470057696104 340.60670636594296 1087.1690168529749 545.98081675171852 486.51852463185787 4700.1146723628044 4853.2875653505325 1413.5987851470709 198.88195195794106 382.98787353932858 434.0205480158329 189.24847386777401 8143.3676961809397
leaf_count=13716 751 2147 107351 2060 12015 1886 6737 152491 32904 32636 9558 2934 10951 2590 10079 19765 7007 4846 1514 4712 2639 2090 21450 34609 6271 854 1822 1977 820 39727
internal_value=-1.98218e-05 -0.0133358 0.00303843 0.000490479 0.00282659 0.0113669 -0.00650766 0.000262845 -0.00802173 -0.0114454 -0.00436474 -0.000284304 -0.0110115 -0.0150382 -0.00276511 0.00199479 -0.00248976 0.0104858 0.019767 0.0293837 0.00385788 0.0342128 0.000290896 -0.0302242 -0.012055 -0.0117981 -0.0293624 0.0234923 -0.0293943 -0.00880834
internal_weight=117263 21901.3 95361.2 69619 52195.2 12051 17423.8 40144.2 16659.3 13821.2 7895.25 39663.7 6100.47 5453.15 3068.11 9227.69 7368.39 3056.82 1859.31 1518.7 6074.05 638.704 5435.34 5242.03 11349.7 2442.67 1792.77 1996.35 735.229 9556.97
internal_count=550909 125570 425339 317988 235681 53722 82307 181959 88814 75098 42194 179899 27408 24474 13523 41707 33595 13830 8112 6598 27750 2841 24909 36756 54557 10933 8559 8984 3459 45998
is_linear=0
shrinkage=0.05


Tree=26
num_leaves=31
num_cat=0
split_feature=10 10 19 10 7 37 13 32 32 32 33 33 33 33 32 33 43 43 33 0 5 43 33 33 34 2 33 33 43 34
split_gain=1849.41 787.969 426.609 404.474 295.532 321.966 244.315 213.297 202.796 262.001 233.809 465.639 274.111 426.961 263.912 204.144 188.824 196.553 282.689 174.874 174.617 222.602 177.364 318.206 173.682 167.336 161.589 197.804 152.859 146.797
threshold=0.012995578302766974 0.02387426592149983 -0.23320269784120998 0.0081417399595023199 -0.28427244792285622 0.096065944491290592 0.0030534351145036251 3.5000000000000004 4.5000000000000009 5.5000000000000009 -1750.4999999999998 -2189.4999999999995 -2583.4999999999995 -2767.4999999999995 8.5000000000000018 -1727.4999999999998 6.5000000000000009 1.5000000000000002 -2604.4999999999995 0.094475364846495227 -0.078855176230636412 3.5000000000000004 -3452.4999999999995 -3529.4999999999995 4.1782257526074966 -0.055555555555555407 -4285.4999999999991 -4326.4999999999991 5.5000000000000009 3.8680705719571402
decision_type=8 10 8 10 10 10 10 2 2 2 2 2 2 2 2 2 2 2 2 10 8 2 2 2 2 10 2 2 2 2
left_child=3 2 6 -1 29 8 -2 -8 -6 16 11 12 13 -11 -13 -12 17 -10 -19 20 -4 -22 23 -23 -25 -9 27 -5 -16 -3
right_child=1 4 19 26 5 -7 7 25 9 10 15 14 -14 -15 28 -17 -18 18 -20 -21 21 22 -24 24 -26 -27 -28 -29 -30 -31
leaf_value=-0.035909126492153262 -0.034054764288819039 0.019692955268338089 0.0080400947026257035 0.0039248186851349289 -0.0022907846979314688 0.014088794336588143 -0.014187902770357988 0.010809608557545577 0.046722941663101591 0.0033910334176840947 -0.036319304418599034 0.029585681340976722 -0.011384140094119194 0.063525815358114648 0.0040072211201092282 -0.0030567532444413493 0.064800776210715449 -0.0055212911226589024 0.031916512664733269 0.0441411360486565 -0.0083320281811350375 0.0058181543724644532 -0.0020521800395175895 0.061086767464315787 -0.0027112837994742855 -0.0051580965980451031 -0.015886197577957832 0.11302097506786975 0.057061982763065545 0.0049527522614628604
leaf_weight=2985.588239505887 819.28205250203609 5264.823731020093 7365.6321574896574 376.75761692225933 13450.142361134291 7390.4566921442747 6384.0095578432083 1819.2898240089417 432.1161233484745 12987.126171723008 529.5716605335474 2691.9090439081192 3278.9105125814676 302.03760549426079 2367.0333695262671 3577.1125280708075 215.35601116716862 1241.8223879337311 848.92694437503815 244.60705927014351 6590.2390842586756 3416.9313779473305 5766.982871927321 443.75847695767879 140.44100508093834 16720.10524366796 6741.074249073863 46.698410764336586 144.02353917062283 2486.9461111277342
leaf_count=24656 5811 21793 33565 2028 59912 30253 33041 8206 1790 55766 2347 10965 14915 1274 10016 15738 900 5420 3549 1013 31829 15437 26218 1892 637 81049 39593 244 589 10349
internal_value=-5.08171e-05 0.00188547 -0.00271919 -0.0204474 0.00588671 0.00446395 -0.00718862 -0.00630547 0.00277299 0.00515308 0.00359679 0.00566095 0.00156321 0.00475778 0.0187096 -0.00734608 0.0198608 0.0160247 0.00967994 0.00208105 0.00164739 -0.00123104 0.00355978 0.0116485 0.0457498 -0.00359117 -0.0140042 0.0159559 0.00705022 0.014964
internal_weight=117070 106920 49711.3 10150.1 57208.3 49456.5 25742.7 24923.4 42066.1 28615.9 25877.7 21771 16568.1 13289.2 5202.97 4106.68 2738.22 2522.87 2090.75 23968.6 23724 16358.4 9768.11 4001.13 584.199 18539.4 7164.53 423.456 2511.06 7751.77
internal_count=550795 484274 238698 66521 245576 213434 128107 122296 183181 123269 111610 93525 71955 57040 21570 18085 11659 10759 8969 110591 109578 76013 44184 17966 2529 89255 41865 2272 10605 32142
is_linear=0
shrinkage=0.05


Tree=27
num_leaves=31
num_cat=0
split_feature=10 12 10 19 37 28 37 33 28 20 10 1 19 12 20 37 36 7 33 33 33 8 37 28 19 33 33 33 33 33
split_gain=1709.75 617.147 552.667 391.949 259.631 258.352 281.939 234.09 221.357 214.123 199.3 183.009 166.157 141.909 140.079 134.356 132.027 126.038 149.329 294.63 157.896 140.693 126.08 125.706 125.33 131.594 122.704 328.908 216.811 138.371
threshold=0.015508947236070901 0.035714285714285941 0.029210206792397313 0.40302230162088032 -0.066085628899939505 0.062564759709969053 -0.046301616142829176 -1692.4999999999998 0.070497732325397272 0.07971303288792303 0.0081417399595023199 -0.098384637109962744 0.1040844823436478 0.59285714285714186 0.35115448771507735 -0.051901564898207068 0.999589153656532 -0.19354838709677416 -1450.4999999999998 -1412.4999999999998 -1190.4999999999998 0.2134870528668095 0.018012031815809241 -0.073332706628458907 -0.048389217782548032 -1204.4999999999998 -3628.4999999999995 -3467.4999999999995 -3500.4999999999995 -4684.4999999999991
decision_type=8 10 10 10 8 10 10 2 10 10 10 10 10 10 8 10 2 8 2 2 2 8 8 10 10 2 2 2 2 2
left_child=1 -1 3 4 7 6 -3 -2 14 -4 -8 -11 15 -7 -6 -13 -14 -16 22 -20 21 -21 -19 -9 -12 -26 29 28 -28 -10
right_child=2 5 9 -5 8 13 10 23 26 11 24 12 16 -15 17 -17 -18 18 19 20 -22 -23 -24 -25 25 -27 27 -29 -30 -31
leaf_value=-0.041828428211531182 0.0039069433712839224 0.0066324096306984923 -0.030636092881636202 0.0062996943275508786 -0.017677436193899727 0.029615726209210283 -0.035838025069953088 0.067260903879261244 0.017609864281485175 0.026704159624647412 -0.018468858237449867 0.011111625190582983 0.010629013285380013 -0.0017621753101121889 0.0017292846302550732 0.0023718935660611128 0.030987435673291475 -0.0091163453081679093 0.044175496199472461 -0.020418229378858638 0.02506414242490608 0.038882995254088365 -0.00065825119555911306 0.020404460122066918 -0.0090065665608538327 0.042447029186099723 0.016818934271259398 0.0036741073113744633 0.076270390254763731 -0.014039903881385242
leaf_weight=1827.0892096161842 4782.5700897723436 1502.7872954085469 362.80062372982502 16969.668554112315 2205.5905183553696 445.62323999404907 1181.5530418455601 214.60401667654514 457.91918875277042 1257.359758540988 6671.2118683084846 6040.522652387619 10650.860745325685 1882.6472558304667 6249.0608623474836 16166.50799036026 860.72400586307049 19095.527503594756 424.54588532447815 887.18024416267872 355.48791193962097 112.72848528623581 5727.486218303442 429.83105538785458 4055.7235640659928 128.19099490344524 352.13486634194851 3998.74120349437 271.66308280825615 1404.6553957015276
leaf_count=17486 20970 7767 2320 74611 12081 2262 8602 906 1983 5088 38491 25234 44054 9565 28140 68862 3497 93398 1970 4524 1656 509 26306 1856 21864 664 1539 17633 1167 6208
internal_value=8.19166e-06 -0.0143103 0.00256025 -0.000213178 -0.00256621 -0.0111417 -0.0137874 0.00771884 -0.00390982 0.00757828 -0.0163368 0.00797467 0.00727625 0.00424345 -0.00547959 0.00474918 0.0121512 -0.00466066 -0.00616166 0.00782783 -0.00355721 -0.0137327 -0.00716478 0.0360082 -0.0142142 -0.00743008 0.00457615 0.00894188 0.04271 -0.00625872
internal_weight=116973 17694.8 99278.2 63939.4 46969.7 15867.7 13539.5 5427.01 41542.7 35338.8 12036.7 34976 33718.6 2328.27 35057.6 22207 11511.6 32852 26603 1779.94 1355.4 999.909 24823 644.435 10855.1 4183.91 6485.11 4622.54 623.798 1862.57
internal_count=551213 106701 444512 295457 220846 89215 77388 23732 197114 149055 69621 146735 141647 11827 168584 94096 47551 156503 128363 8659 6689 5033 119704 2762 61019 22528 28530 20339 2706 8191
is_linear=0
shrinkage=0.05


Tree=28
num_leaves=31
num_cat=0
split_feature=13 33 33 33 32 33 33 33 33 43 33 43 32 3 33 26 28 28 5 33 33 33 3 5 32 37 43 43 5 9
split_gain=1471.17 740.68 495.075 510.513 511.534 934.293 459.961 436.232 719.025 539.804 427.629 386.244 329.509 327.139 326.015 314.144 313.962 303.606 290.186 369.621 280.822 291.761 279.247 278.776 259.681 244.907 236.363 302.573 226.037 224.902
threshold=0.022284668276646241 -1610.4999999999998 -2368.4999999999995 -2341.4999999999995 3.5000000000000004 -1773.9999999999998 -2054.4999999999995 -2721.4999999999995 -2767.4999999999995 1.5000000000000002 -2133.4999999999995 5.5000000000000009 4.5000000000000009 -0.050193050193049087 -1450.4999999999998 0.72248103429853638 -0.00041594264013808754 -0.12753072859088702 -0.10026063609383128 -1230.4999999999998 -1692.4999999999998 -1486.4999999999998 0.0059047669538362388 0.030000000000000807 8.5000000000000018 -0.064661401409304362 6.5000000000000009 5.5000000000000009 0.11619718309859207 0.028027148452159801
decision_type=10 2 2 2 2 2 2 2 2 2 2 2 2 10 2 8 10 8 10 2 2 2 10 10 2 10 2 2 10 8
left_child=1 16 7 22 -5 6 10 8 12 -9 -6 -10 25 20 -15 -12 -1 -14 19 -3 -7 -22 -4 -8 -16 -2 27 -19 -27 -11
right_child=2 18 3 4 5 13 23 9 11 29 15 -13 17 14 24 -17 -18 26 -20 -21 21 -23 -24 -25 -26 28 -28 -29 -30 -31
leaf_value=-0.012555682963301132 0.009186542035726086 -0.019866123998773327 0.070911918620102987 -0.0042320762472644732 0.02938019743479511 -0.0065007606167378305 0.046769021514848484 0.02565513750930673 0.067482048841876072 -0.020448083561452442 -0.017439120699542947 0.012717959927375819 0.041683835769295165 -0.011526257262404631 0.018688773454308555 0.020682703942715069 5.3931712763367068e-05 0.0034186658072922291 -0.033029565796330693 0.049032748590644701 0.04419563227902059 0.0079090854601488025 0.017145000439741695 0.023441890322237771 -0.009148314839718643 -0.012157280160603117 0.036617637531690589 -0.033381239245186434 0.0020453784681027636 -0.0042567149439480551
leaf_weight=9896.5351685062051 2587.1603007018566 871.85218935459852 480.90676453709602 7549.0893034189939 1623.1419607996941 1026.6800494492054 2007.3563609719276 986.04478366672993 619.14949195086956 4910.0135299265385 1527.3252125382423 670.77944971621037 523.47843614220619 5139.5707720965147 2214.2287306189537 836.32098682224751 9849.3436293452978 33365.192101702094 4303.2865773960948 250.61170127242804 1053.7071890681982 1167.9990305304527 485.07016612589359 3538.4482036530972 1347.7090884298086 8854.1630262136459 524.76341159641743 568.07860299944878 4098.0318164974451 3808.0745213925838
leaf_count=54112 11242 4890 2071 34275 6639 4460 8400 4309 2636 22838 6735 2862 2251 23103 9696 3388 51267 147687 32577 1523 4461 5031 2110 14411 6010 42606 2217 2389 18325 16118
internal_value=-5.70402e-05 -0.0107619 0.00288746 0.00815385 0.00696403 0.0108984 0.0225731 0.000319325 0.00214157 -0.00940972 0.00961937 0.039004 0.00120038 0.00158535 -0.00346929 -0.0039506 -0.00626594 0.0038917 -0.027124 -0.00448312 0.0151253 0.025119 0.0439126 0.0318854 0.00815622 -0.00485821 0.00331757 0.0028026 -0.00766361 -0.0133757
internal_weight=116684 25171.6 91512.5 29997.6 29031.6 21482.5 9532.59 61514.9 51810.8 9704.13 3986.79 1289.93 50520.9 11949.9 8701.51 2363.65 19745.9 34981.5 5425.75 1122.46 3248.39 2221.71 965.977 5545.8 3561.94 15539.4 34458 33933.3 12952.2 8718.09
internal_count=550639 144369 406270 130790 126609 92334 39573 275480 232215 43265 16762 5498 226717 52761 38809 10123 105379 154544 38990 6413 13952 9492 4181 22811 15706 72173 152293 150076 60931 38956
is_linear=0
shrinkage=0.05


Tree=29
num_leaves=31
num_cat=0
split_feature=13 33 7 28 33 43 5 33 7 32 5 5 33 33 33 33 33 33 32 33 33 33 37 33 33 33 33 33 33 33
split_gain=1408.85 645.272 515.055 475.486 311.774 378.319 272.8 420.509 248.385 305.86 242.515 285.703 234.663 510.822 294.667 299.321 232.474 524.872 438.472 201.985 201.929 194.98 170.606 168.749 165.646 185.7 438.198 406.479 354.498 228.461
threshold=0.020719432620570879 -1610.4999999999998 -0.2711325342754084 0.047633325686253621 -4285.4999999999991 2.5000000000000004 -0.065373791833786429 -2767.4999999999995 -0.073245121725574222 8.5000000000000018 0.26967994552264191 -0.078855176230636412 -2206.4999999999995 -2161.4999999999995 -1773.9999999999998 -1920.4999999999998 -4093.4999999999995 -4060.4999999999995 7.5000000000000009 -2000.4999999999998 -4516.4999999999991 -2735.4999999999995 0.057523409419217526 -1450.4999999999998 -2721.4999999999995 -3596.4999999999995 -3467.4999999999995 -4285.4999999999991 -3500.4999999999995 -4342.4999999999991
decision_type=10 2 8 10 2 2 10 2 10 2 10 8 2 2 2 2 2 2 2 2 2 2 10 2 2 2 2 2 2 2
left_child=1 4 -2 10 -1 -6 7 -7 9 23 11 16 24 -14 15 19 18 -18 20 -15 -4 -9 -13 -3 25 27 28 29 -27 -5
right_child=2 8 3 12 5 6 -8 21 -10 -11 -12 22 13 14 -16 -17 17 -19 -20 -21 -22 -23 -24 -25 -26 26 -28 -29 -30 -31
leaf_value=0.0082899065739382334 0.013161907318532602 -0.027153277958553931 0.0060022676228590989 0.004957071560930908 -0.020667817937502261 -0.0057116882156770981 -0.0091871223015798677 0.13613824281709538 -0.039629961901875684 -0.039329826686548219 0.0082556792185959713 -0.0062842713390082712 0.07581960925383141 0.0094323072341303636 0.0004003782730747423 0.028352489482431593 0.070195403832830322 0.0042954045809504111 0.021622777545466279 -0.045730009928886817 -0.024960887086687554 0.032095956504329108 0.0052029508492030868 0.0067794830924089618 -0.0099085574269346371 0.010942595617913681 0.003972480996949382 -0.014051894224130133 0.058469046850944395 0.03844933310946709
leaf_weight=2794.9748185575008 10180.355164885521 540.94706059992313 689.0536984205246 4175.65736079216 5177.5956483334303 1468.5812061801553 5934.2706003710628 47.505554348230362 2283.8680671527982 980.2536346912384 5956.9369506537914 30562.6336196661 309.885920971632 2691.7292348891497 4148.7646022588015 3152.5317662358284 309.014423802495 13601.531965911388 938.57847066223621 176.85159042477608 2232.8877786397934 864.45029482245445 3614.5133280307055 1135.4150423184037 2152.5743297934532 801.75639782845974 5070.5662278085947 3179.6243013739586 768.38872340321541 579.8809806406498
leaf_count=13544 42083 2992 3059 17630 29562 7456 33269 236 20326 6642 25486 145080 1251 11177 18103 12813 1293 61928 4181 803 10514 4220 15581 7031 9394 3457 22106 13815 3225 2478
internal_value=-6.17299e-05 -0.0117104 0.00253316 0.00126187 -0.00690926 -0.0100578 -0.00345098 0.0108482 -0.0275386 -0.0171437 -0.00129985 -0.00239559 0.00671378 0.0125805 0.0106535 0.0177183 0.00274667 0.00575933 -0.00810883 0.00603148 -0.0176591 0.0375157 -0.0050694 -0.00417032 0.0030385 0.00495053 0.0111197 -0.000212305 0.0342008 0.00904105
internal_weight=116522 21227.9 95293.7 85113.4 16287.4 13492.4 8314.81 2380.54 4940.48 2656.62 57905.2 51948.2 27208.2 10479.8 10169.9 6021.11 17771.1 13910.5 3860.52 2868.58 2921.94 911.956 34177.1 1676.36 16728.4 14575.9 6640.71 7935.16 1570.15 4755.54
internal_count=550735 125278 425457 383374 88287 74743 45181 11912 36991 16665 267122 241636 116252 44147 42896 24793 80975 63221 17754 11980 13573 4456 160661 10023 72105 62711 28788 33923 6682 20108
is_linear=0
shrinkage=0.05


Tree=30
num_leaves=31
num_cat=0
split_feature=10 10 19 12 0 19 5 43 37 0 0 33 33 13 13 29 19 33 33 33 33 7 5 7 43 1 4 7 33 37
split_gain=1375.64 594.892 318.537 310.041 296.526 294.091 211.397 207.937 199.301 183.991 171.195 170.103 176.459 166.003 164.886 148.583 147.609 146.379 144.129 134.695 134.426 128.047 130.372 121.071 115.286 110.018 109.455 103.83 103.487 162.112
threshold=0.012367146052897501 0.020672444411512596 -0.40599153406563154 0.035714285714285941 -0.037890846760487699 -0.17865497750300671 -0.10026063609383128 1.5000000000000002 -0.066085628899939505 0.07245235649891614 0.094475364846495227 -2368.4999999999995 -1773.9999999999998 0.007493712400009094 1.1796119636642291e-17 -0.047492417316484875 0.31452933539575251 -1204.4999999999998 -1289.4999999999998 -2303.4999999999995 -2583.4999999999995 -0.20445915980113669 0.27805893701963286 -0.026117831231374785 2.5000000000000004 -0.045125174094708335 -0.059705079180999425 -0.041910464784716321 -1692.4999999999998 -0.023784534656102415
decision_type=8 10 10 10 10 8 10 2 10 10 10 2 2 10 10 8 10 2 2 2 2 10 10 10 2 10 10 10 2 10
left_child=3 5 4 -1 25 8 7 19 -2 -8 15 20 -13 -6 -10 -7 -5 -17 -18 -4 -9 28 -23 -16 26 -3 -14 -20 -15 -30
right_child=1 2 6 16 13 10 9 11 14 -11 -12 12 24 21 23 17 18 -19 27 -21 -22 22 -24 -25 -26 -27 -28 -29 29 -31
leaf_value=-0.040291756505969598 0.0073693974813165202 0.028458400856425578 0.035067923848481515 -0.020030815300446429 -0.020840200305772622 0.0092727789577342554 0.0037035493991155279 0.0086322294611864483 -0.037839734583737246 0.019255675612959905 0.050229521937921906 0.030024793726911966 0.038935762591005917 0.0024663238363228242 -0.010005214167666568 -0.0028882721379057275 -0.0088961768661945089 0.035210700068744501 0.060295309646715915 -0.018620344457992523 -0.011092446201174555 -0.0044016064026382957 0.0053817093611635315 0.0087934988293051162 -0.0073839314452822484 0.0037568992637316994 0.0037323543649339743 -0.0046570478715697141 0.027592512814140581 -0.0097598502246469595
leaf_weight=1505.8427314460278 1866.1593149006367 1224.5937363356352 1353.6267795562744 4723.6187717989087 999.35900568217039 3695.0917096436024 26714.733569264412 4723.1126289367676 510.08137202262878 2047.5286286622286 174.53062319755554 1774.4412248730659 396.08177031576633 8171.6435828655958 15676.078303031623 12460.019942291081 1765.9081463962793 257.31840381026268 139.71140533685684 127.85852399468422 1057.1056462675333 16261.58988070488 4307.2424261718988 905.99004074931145 737.87095594406128 713.35852445662022 498.95493794232607 109.94835323095322 1027.7178298532963 404.93428599834442
leaf_count=15914 8471 5068 5564 30313 5946 16785 115199 20134 4107 8363 723 7419 1654 34826 80570 59352 10372 1187 832 549 4447 74734 18388 4417 3184 3034 2212 723 4315 1764
internal_value=-9.39829e-05 0.00140771 0.00400428 -0.0197803 0.000388563 -0.00389143 0.00704039 0.0130514 -0.00814548 0.00481067 0.00097081 0.0102484 0.0191095 -0.000791226 -0.00983943 0.000446991 -0.0151971 -0.00211739 -0.00386885 0.0304344 0.00502491 -0.000127188 -0.00235292 -0.00897811 0.0072482 0.0193658 0.019311 0.0316908 0.0046395 0.017035
internal_weight=116332 108087 72541.8 8245.03 33110.4 35545.3 39431.3 10669.1 18958.3 28762.3 16587 9187.57 3407.35 31172.5 17092.1 16412.4 6739.19 12717.3 2015.57 1481.49 5780.22 30173.1 20568.8 16582.1 1632.91 1937.95 895.037 249.66 9604.3 1432.65
internal_count=550566 492412 316800 58154 148075 175612 168725 45163 97565 123562 78047 39050 14469 139973 89094 77324 42240 60539 11927 6113 24581 134027 93122 84987 7050 8102 3866 1555 40905 6079
is_linear=0
shrinkage=0.05


Tree=31
num_leaves=31
num_cat=0
split_feature=13 9 5 37 25 33 43 33 33 5 32 32 33 9 33 3 33 33 33 7 2 43 32 43 11 33 12 33 28 28
split_gain=1178.44 699.806 621.787 468.832 322.026 290.627 335.436 323.528 274.368 290.013 265.768 265.417 377.513 236.206 234.715 339.862 241.983 198.01 197.684 197.203 209.121 191.763 421.87 185.611 165.358 163.149 168.959 160.569 147.507 142.696
threshold=0.00091743119266049185 0.024072476497252904 -0.10026063609383128 0.0069101678183166601 0.30590170278637779 -2368.4999999999995 1.5000000000000002 -2583.4999999999995 -4844.4999999999991 -0.28787878787878746 5.5000000000000009 5.5000000000000009 -2648.4999999999995 0.012705179943605484 -2161.4999999999995 -0.071822751135769455 -1190.4999999999998 -4684.4999999999991 -2767.4999999999995 -0.018774437324373335 -0.085937500000000153 1.5000000000000002 6.5000000000000009 3.5000000000000004 0.15881317650929455 -4285.4999999999991 0.39285714285714352 -1905.4999999999998 -0.074837392076493883 -0.076354546831170031
decision_type=8 10 8 8 10 2 2 2 2 10 2 2 2 10 2 10 2 2 2 10 10 2 2 2 10 2 10 2 10 10
left_child=4 2 5 10 24 6 -2 11 -3 -10 27 12 29 -12 -7 -16 -17 21 -13 20 -19 22 -11 -5 -1 -25 -27 -4 -29 -8
right_child=1 8 3 23 -6 14 7 -9 9 17 13 18 -14 -15 15 16 -18 19 -20 -21 -22 -23 -24 25 -26 26 -28 28 -30 -31
leaf_value=0.021172397031920205 0.026387055982405389 -0.016344850442860059 -0.018968229042024186 -0.0069335275592593212 -0.037263372802020328 0.047552651814915844 0.0053143080814340021 -0.025984474545713451 0.020834856999314842 0.024370420780334454 -0.014845848840300303 0.0084477326205445718 0.034774154573109312 -0.0017531287155413341 0.043541160052810578 0.0020362658575336541 0.080627175328181408 0.01449248462928138 0.075750371655510906 0.012986402170818791 0.001581592987566774 0.040050152934491635 -0.024047236356162922 0.020343589959257932 -0.01914520845626998 0.018799176793220441 -0.00040888718616413915 0.0503181040064207 -0.006959443861393827 -0.016405324221055034
leaf_weight=387.04634046554565 1234.4846204668283 1443.5789912939072 8803.4528983235359 5684.7395084649324 2621.2177417427301 546.78983941674232 983.70626060664654 1167.4389024227858 3001.0412212759256 1528.2829109579325 5016.7236321568489 4849.5570181459188 494.49690398573875 10994.564645022154 703.97901840507984 2787.3748912513256 101.51172381639481 3442.5618003457785 111.61693324148655 5332.3012535125017 35261.384607955813 710.62007588148117 637.58673639595509 1359.7778017222881 741.60102876275778 1305.129205390811 9323.2130366489291 118.82343812286854 2080.7163984030485 3270.0639042109251
leaf_count=2424 5353 6799 47184 27906 23601 2314 4507 5401 12395 6225 29067 22146 2310 52584 3047 13017 484 14272 499 21939 152088 2904 2640 5991 5260 6185 43562 613 11532 15873
internal_value=-7.56882e-05 0.000845052 -0.0027785 -0.00582425 -0.0276487 0.00559674 0.00168758 -0.00111572 0.00514458 0.00576609 -0.00996658 0.00187444 -0.00657567 -0.00585539 0.0170337 0.0123891 0.00479785 0.00480213 0.00996191 0.00397191 0.00272997 0.017512 0.0101173 0.000507596 -0.00531912 0.00403616 0.00194981 -0.0159491 -0.0038652 -0.0113825
internal_weight=116045 112296 60938.2 44687.1 3749.87 16251 12111.4 10876.9 51357.4 49913.8 27014.3 9709.44 4748.27 16011.3 4139.66 3592.87 2888.89 46912.7 4961.17 44036.2 38703.9 2876.49 2165.87 17672.9 1128.65 11988.1 10628.3 11003 2199.54 4253.77
internal_count=550122 518837 299575 224624 31285 74951 56089 50736 219262 212463 140980 45335 22690 81651 18862 16548 13501 200068 22645 188299 166360 11769 8865 83644 7684 55738 49747 59329 12145 20380
is_linear=0
shrinkage=0.05


Tree=32
num_leaves=31
num_cat=0
split_feature=10 37 28 32 32 33 12 9 13 33 33 33 33 32 33 33 33 33 32 33 12 33 28 43 10 1 32 33 33 33
split_gain=1194.91 536.146 544.687 360.766 371.524 350.316 313.665 301.817 300.639 289.596 265.495 693.336 596.993 327.255 253.286 343.243 471.873 344.609 362.018 335.381 348.598 313.971 283.804 256.517 251.8 224.805 195.009 311.101 189.409 227.213
threshold=0.012995578302766974 -0.073930896539838628 0.0028949028433212188 4.5000000000000009 1.5000000000000002 -4551.4999999999991 0.035714285714285941 0.031515507027874333 0.011763644731667721 -4923.4999999999991 -2206.4999999999995 -2583.4999999999995 -1773.9999999999998 8.5000000000000018 -4684.4999999999991 -3596.4999999999995 -3293.4999999999995 -2796.4999999999995 8.5000000000000018 -3529.4999999999995 0.90714285714285781 -3986.4999999999995 0.092049771979274705 3.5000000000000004 0.020954312150329824 -0.033707865168539457 11.500000000000002 -2767.4999999999995 -4516.4999999999991 -4177.4999999999991
decision_type=8 8 10 2 2 2 10 8 10 2 2 2 2 2 2 2 2 2 2 2 10 2 10 2 10 10 2 2 2 2
left_child=6 25 8 4 5 9 -1 -6 -3 -4 11 14 13 -12 -5 21 19 18 -18 -17 -21 22 23 -16 -10 -2 -19 -28 -26 -30
right_child=1 2 3 10 7 -7 -8 -9 24 -11 12 -13 -14 -15 15 16 17 26 -20 20 -22 -23 -24 -25 28 -27 27 -29 29 -31
leaf_value=-0.038298004340236648 0.018364873801403881 -0.020730009731023215 -0.031432933789777191 0.021084221419791809 -0.015875819316830988 0.0015209329109582795 -0.013015692157876632 0.0068212939942730493 -0.0075332140652666843 0.048994969684961573 0.027706093006016189 -0.023904433597254783 -6.8065714502286553e-05 0.0055502747803143704 -0.015693712301694789 0.0058719160036140913 0.0099014054652802348 0.0093770646562748861 -0.01684696561835012 0.065102523328646508 0.020091012120791622 -0.014242796625166424 -0.011718702903770965 0.016611451220734416 0.014291082515884998 0.0033691653894746838 0.0036883693473919255 0.073165237035700159 -0.014635304041907646 0.00090322306140583157
leaf_weight=1445.7615937665105 6272.2924855351448 2435.0065397769213 133.13740947842598 2454.4847417771816 5860.6848616227508 5722.5555613711476 8100.1005430296063 1952.6891200244427 16128.9434530586 702.40637658536434 5498.3985077738762 2134.4207729399204 5869.2029490545392 2391.6226512342691 737.42514343559742 1044.9753101617098 2673.7917347997427 975.34286510944366 2400.7284252643585 829.98275728523731 892.90412254631519 3599.9848464727402 1938.3217492550611 3685.8721810281277 2255.293996617198 4154.7762445062399 274.33339029550552 390.44225201010704 2659.952913120389 20362.284274950624
leaf_count=16120 26227 15094 654 10147 28474 25477 50322 8360 81256 2966 22712 9678 26446 10228 3320 4682 11856 4302 10892 3598 3919 16360 8156 15986 9744 17667 1172 1643 11964 91005
internal_value=0.000101607 0.00162152 0.000452 0.00390466 -0.00283828 0.00593664 -0.0168448 -0.0102034 -0.00365607 0.0361794 0.00646884 0.00329789 0.0120075 0.0209902 0.00594926 0.00403873 0.0108477 0.00368654 -0.00275311 0.0282201 0.0417748 -0.00244275 0.00423479 0.0112257 -0.00265199 0.0123897 0.0236108 0.0444942 0.000462587 -0.000892074
internal_weight=115978 106432 96005.2 52163.7 14371.5 6558.1 9545.86 7813.37 43841.5 835.544 37792.2 24033 13759.2 7890.02 21898.6 19444.1 9482.5 6714.64 5074.52 2767.86 1722.89 9961.6 6361.62 4423.3 41406.5 10427.1 1640.12 664.776 25277.5 23022.2
internal_count=550427 483985 440091 231028 65931 29097 66442 36834 209063 3620 165097 105711 59386 32940 96033 85886 42064 29865 22748 12199 7517 43822 27462 19306 193969 43894 7117 2815 112713 102969
is_linear=0
shrinkage=0.05


Tree=33
num_leaves=31
num_cat=0
split_feature=10 10 32 32 32 33 43 33 33 33 33 32 33 43 33 33 2 0 33 33 33 33 33 7 33 33 32 33 28 33
split_gain=1072.91 519.921 274.693 327.622 265.699 496.98 534.688 455.558 725.079 441.765 356.275 374.139 336.994 355.826 325.791 314.358 248.198 233.249 208.231 389.384 333.695 274.803 453.705 203.32 199.242 454.185 400.594 232.23 427.933 199.79
threshold=0.011235075129118057 0.023974350660170757 3.5000000000000004 1.5000000000000002 8.5000000000000018 -2189.4999999999995 1.5000000000000002 -2508.4999999999995 -2767.4999999999995 -1562.4999999999998 -2583.4999999999995 5.5000000000000009 -1450.4999999999998 2.5000000000000004 -3628.4999999999995 -2648.4999999999995 -0.098902011832914014 1.0000000180025095e-35 -4215.4999999999991 -4923.4999999999991 -3853.4999999999995 -3452.4999999999995 -3082.4999999999995 -0.1038018483640664 -3231.9999999999995 -3529.4999999999995 9.5000000000000018 -3971.4999999999995 -0.030186423646642053 -3902.4999999999995
decision_type=8 10 2 2 2 2 2 2 2 2 2 2 2 2 2 2 10 10 2 2 2 2 2 10 2 2 2 2 10 2
left_child=23 2 3 18 5 6 -4 8 24 -7 11 15 13 -11 -13 -8 -3 -18 19 -2 -20 -22 -23 -1 25 26 27 28 -6 -28
right_child=1 16 4 -5 7 9 10 -9 -10 12 -12 14 -14 -15 -16 -17 17 -19 20 -21 21 22 -24 -25 -26 -27 29 -29 -30 -31
leaf_value=0.0020895942515736649 -0.028385021849167098 0.018551500042973918 0.026383645534118289 -0.01452356036979115 -0.042467257013316183 0.035581837483284195 -0.016386100708692914 -0.016319938290940094 0.093239793432103868 0.014481814960817289 -0.032412013371871613 -0.0059274501090518482 0.022451364811478355 -0.025756263533813242 0.015259706621646763 0.016668527103046067 0.00081186300349119379 0.0074766850399993678 -0.044198075898351272 0.044749217294021398 0.02743975039717125 -0.042043866513555683 0.0069166481751096777 -0.024675859998444544 -0.010644796500824723 0.038585345615159472 -0.012746430573780896 0.0038636189143247245 0.055527087755360853 0.0070045798103348413
leaf_weight=826.32460790127516 255.20250687003136 2946.915696054697 1571.8054672181606 8540.517653554678 132.88856679201126 1901.2520610392094 4958.0214746147394 5864.6840136274695 207.48005011677742 1039.8361828774214 1047.7544662952423 3386.5125945955515 1783.8568485230207 1164.9340356513858 3908.446787700057 841.34021498262882 30848.33645259589 22852.329829454422 437.01104708015919 634.52726233005524 816.23115000128746 644.579280808568 1779.4090802296996 5019.9063906818628 3747.3268862068653 818.95531570911407 4208.2617175877094 1006.1195921599865 689.19135028123856 1840.2812538594007
leaf_count=5192 1338 12074 7046 45078 616 8475 24412 30418 956 4939 5313 16100 8588 5795 18551 4015 134085 96849 2307 2764 3789 3506 8745 40337 18184 3675 20430 4859 3060 8730
internal_value=-2.11514e-05 0.00108939 -0.00245889 -0.00874302 -0.000405764 0.00336118 -0.00128168 -0.00480109 0.000538971 0.0157481 -0.00435652 -0.00211163 0.00629399 -0.00677877 0.00542407 -0.0115907 0.00442338 0.00364808 0.00206696 0.023772 -0.00318471 0.00234679 -0.00610278 -0.0208927 -0.00100676 0.00314666 -0.000537948 0.0199719 0.0396864 -0.00673715
internal_weight=115720 109874 53226.4 13107.5 40118.9 21603.8 15713.9 18515.2 12650.5 5889.88 14142.1 13094.3 3988.63 2204.77 7294.96 5799.36 56647.6 53700.7 4566.96 889.73 3677.23 3240.22 2423.99 5846.23 12443 8695.7 7876.74 1828.2 822.08 6048.54
internal_count=550226 504697 261689 67527 194162 103234 75437 90928 60510 27797 68391 63078 19322 10734 34651 28427 243008 230934 22449 4102 18347 16040 12251 45529 59554 41370 37695 8535 3676 29160
is_linear=0
shrinkage=0.05


Tree=34
num_leaves=31
num_cat=0
split_feature=10 5 8 19 0 13 32 0 19 33 33 33 33 10 5 0 2 32 33 38 28 33 33 33 33 28 33 32 33 33
split_gain=1020.05 495.794 480.531 403.059 259.01 242.131 260.836 184.495 182.809 166.985 352.756 516.079 175.293 134.52 134.387 127.432 132.997 123.83 192.407 183.962 146.569 169.33 195.416 121.175 235.391 169.622 169.106 120.218 118.151 547.045
threshold=0.011235075129118057 -0.18787878787878834 0.25886110443955884 -0.2247149065141964 -0.03676113753275994 1.1796119636642291e-17 4.5000000000000009 0.094475364846495227 0.18815488340897116 -4768.4999999999991 -4093.4999999999995 -4075.4999999999995 -4824.4999999999991 0.0081417399595023199 -0.066666666666667027 0.060528005295609096 -0.11475409836065374 2.5000000000000004 -1920.4999999999998 -0.073496481348344342 -0.033366117590538667 -1190.4999999999998 -1573.9999999999998 -2206.4999999999995 -2303.4999999999995 -0.067390050924456518 -1633.4999999999998 7.5000000000000009 -4285.4999999999991 -4342.4999999999991
decision_type=8 8 10 8 10 10 2 8 10 2 2 2 2 10 8 10 10 2 2 8 10 2 2 2 2 10 2 2 2 2
left_child=8 9 3 4 -3 -6 17 14 13 12 27 -12 -2 -1 -5 16 -4 19 -19 -7 -20 22 -22 24 -13 -25 -27 -11 29 -8
right_child=1 2 15 7 5 6 28 -9 -10 10 11 23 -14 -15 -16 -17 -18 18 20 -21 21 -23 -24 25 -26 26 -28 -29 -30 -31
leaf_value=-0.03611844086198425 0.014688549146680031 0.014974835230184703 0.030118585095964663 0.006083129328156486 -0.029472475999975059 0.014481852311606489 -0.0017366006129118277 0.032367666294212193 -0.0071010012814348364 -0.014840847773279634 0.085892104995012986 0.0089388699065298585 0.062546807014701861 -0.017858818477669961 -0.00073200097001072746 0.017366032030179401 0.0042745486303788337 -0.020425833954433918 0.02045644773586755 -0.0097797424741250701 0.022407717477988236 0.057042777764068901 -0.034527026184070102 0.041557970398286993 -0.043045853207454937 0.022845606482763813 -0.0041032444955768996 0.01137584460787497 -0.0041307617901751859 0.053711908592247518
leaf_weight=1890.2024213150144 533.52635179460049 1491.3236890733242 511.22605733573437 10599.236861281097 1091.6249743029475 909.40228952467442 3586.6894345581532 489.01862977445126 1766.5261724293232 1811.880881741643 236.56088206171989 5976.6302275061607 298.31456269323826 2162.7375843375921 22779.532359339297 2313.0806646794081 18965.751461915672 5304.3747659698129 551.81726361066103 5547.4269292578101 204.08482599258423 79.31391367316246 576.27838149666786 662.47178368270397 225.9947539716959 1615.0242611169815 910.21196465194225 576.37316627800465 21390.78322969377 507.79559776186943
leaf_count=18772 2195 6450 2079 48218 8311 4207 16399 2056 12550 7899 960 25244 1200 14578 104928 9428 80217 27369 2710 28416 1009 390 3056 2742 1159 6771 4036 2426 102225 2314
internal_value=-0.000124589 0.000957131 -0.000266551 -0.00216306 -0.0054823 -0.00624981 -0.00559405 0.00187878 -0.0205241 0.0101868 0.00868688 0.012954 0.0318515 -0.0263747 0.0014321 0.00627059 0.0049529 -0.0113068 -0.0160602 -0.00636266 0.000346019 -0.0125626 -0.0196371 0.0111166 0.00704479 0.0190395 0.013132 -0.0085138 -0.0026413 0.00514009
internal_weight=115565 109746 96898.8 75108.7 41240.9 39749.6 38658 33867.8 5819.47 12847 12015.1 9626.89 831.841 4052.94 33378.8 21790.1 19477 13172.7 6715.87 6456.83 1411.49 859.677 780.363 9390.33 6202.62 3187.71 2525.24 2388.25 25485.3 4094.49
internal_count=550314 504414 449782 358058 202856 196406 188095 155202 45900 54632 51237 40912 3395 33350 153146 91724 82296 67157 34534 32623 7165 4455 4065 39952 26403 13549 10807 10325 120938 18713
is_linear=0
shrinkage=0.05


Tree=35
num_leaves=31
num_cat=0
split_feature=12 13 5 38 37 33 33 0 33 33 33 32 32 33 33 33 33 33 3 33 33 33 33 28 1 32 43 32 3 43
split_gain=899.997 561.146 390.568 362.549 307.333 271.621 322.229 249.72 210.971 352.353 202.986 276.665 403.718 416.966 283.387 274.461 304.212 236.672 221.491 214.895 189.224 174.585 224.539 165.756 158.517 157.133 154.488 162.771 167.364 150.73
threshold=1.0000000180025095e-35 0.029466596296257998 -0.098719120611259689 0.015354135710667018 -0.073930896539838628 -4285.4999999999991 -4342.4999999999991 0.07245235649891614 -4824.4999999999991 -4784.4999999999991 -2368.4999999999995 8.5000000000000018 3.5000000000000004 -2329.4999999999995 -1975.4999999999998 -2721.4999999999995 -2767.4999999999995 -1863.4999999999998 0.006476070405974311 -2735.4999999999995 -4516.4999999999991 -2206.4999999999995 -2161.4999999999995 -0.073332706628458907 -0.0294117647058823 10.500000000000002 5.5000000000000009 11.500000000000002 0.0030296969696993474 1.5000000000000002
decision_type=8 10 8 8 8 2 2 10 2 2 2 2 2 2 2 2 2 2 10 2 2 2 2 8 10 2 2 2 10 2
left_child=-1 2 20 5 23 6 -4 8 -6 -10 15 12 13 18 -15 16 25 -14 -12 -18 -2 -22 -23 24 -3 -11 27 -13 -29 -17
right_child=1 4 3 -5 7 -7 -8 -9 9 10 11 26 17 14 -16 29 19 -19 -20 -21 21 22 -24 -25 -26 -27 -28 28 -30 -31
leaf_value=-0.032321751404239728 0.023153834960658155 0.026574592573536133 -0.0011532511293689293 0.00098119753247435135 -0.015409858733665066 -0.012890486987441597 0.060359880457814132 0.016770231590028068 0.037369412856617844 -0.0016126082912705925 0.054830508932665549 -0.0087715443108845673 0.029673268950333703 -0.026409862259547997 0.00058341273985273989 0.014089055660239096 0.047613576539823184 0.011028112933766366 0.0089604567734031162 -0.00090427618024248215 -0.0023818454590521219 0.04832569575073583 0.0067488313016730132 0.0059385768161809988 0.0052293374251648934 0.0077867132184370512 0.037257217340082187 0.027912563826184036 -0.0043563773201287037 -0.013265330881892879
leaf_weight=2122.5721780657768 1142.3179687261581 2637.8650997877121 2374.9076277911663 9691.5659039318562 1831.0498535782099 18195.832489490509 233.86072534322739 2727.6907974779606 689.06392514705658 23733.226207584143 428.61297170817852 5020.7720527052879 2377.5322440862656 1382.8511267155409 3275.2105578780174 555.62034782767296 586.94855900108814 5989.9401534497738 681.79631926119328 373.42620445787907 7355.810771971941 373.38348078727722 2492.3415551930666 5205.5679932385683 1297.6748886704445 5471.5623870640993 231.40212839841843 698.64197544753551 945.78076215088367 5378.713630348444
leaf_count=20841 4904 10985 11841 47737 8851 103156 1114 11194 2793 105555 1830 21966 9661 6288 14935 2433 2427 25468 2912 1577 35614 1598 12518 21648 5467 23469 953 2936 3960 23991
internal_value=-6.41747e-05 0.00053971 -0.00405814 -0.00700635 0.00323075 -0.0107273 0.00436104 0.00197607 0.00129958 0.00182873 0.00140007 0.0053046 0.0093101 -0.000866752 -0.00743015 -0.000874808 0.00105891 0.0163259 0.0266661 0.0287482 0.00385371 0.00169681 0.012166 0.0117929 0.0195364 0.000148369 -0.00290546 -0.00429983 0.00935326 -0.0107042
internal_weight=115504 113381 41860 30496.2 71521 20804.6 2608.77 62379.8 59652.2 57821.1 57132 21032.5 14135.9 5768.47 4658.06 36099.5 30165.2 8367.47 1110.41 960.375 11363.9 10221.5 2865.73 9141.11 3935.54 29204.8 6896.6 6665.19 1644.42 5934.33
internal_count=550622 529781 218482 163848 311299 116111 12955 273199 262005 253154 250361 90909 61094 25965 21223 159452 133028 35129 4742 4004 54634 49730 14116 38100 16452 129024 29815 28862 6896 26424
is_linear=0
shrinkage=0.05


Tree=36
num_leaves=31
num_cat=0
split_feature=10 37 37 5 9 33 33 36 10 33 28 33 32 33 33 33 33 8 33 33 33 33 5 33 33 43 5 33 29 34
split_gain=892.768 473.923 516.834 362.547 243.653 201.275 328.977 192.251 191.598 183.262 219.567 201.359 187.944 149.084 232.661 471.79 145.283 139.497 133.77 299.299 306.805 221.325 128.469 127.085 179.772 143.139 124.595 146.357 123.313 123.295
threshold=0.011446083451445101 -0.061901723037696359 0.011169511525594313 -0.077223899996176501 0.01794658365375797 -4534.4999999999991 -4384.4999999999991 0.999589153656532 0.0076144679191580212 -4844.4999999999991 -0.071664566344037908 -1692.4999999999998 3.5000000000000004 -1204.4999999999998 -1773.9999999999998 -1920.4999999999998 -1136.4999999999998 1.0000000180025095e-35 -4285.4999999999991 -4093.4999999999995 -4060.4999999999995 -4342.4999999999991 0.044921729946192819 -4923.4999999999991 -4551.4999999999991 2.5000000000000004 -0.035800867275874275 -4844.4999999999991 -0.047492417316484875 3.0841983033087499
decision_type=8 8 8 8 10 2 2 2 10 2 10 2 2 2 2 2 2 10 2 2 2 2 10 2 2 2 10 2 10 2
left_child=8 9 3 5 17 -3 -7 13 28 12 11 -11 -2 14 15 23 -15 -5 21 -20 -21 -8 -17 -4 26 -26 -25 -28 -1 -27
right_child=1 2 7 4 -6 6 18 -9 -10 10 -12 -13 -14 16 -16 22 -18 -19 19 20 -22 -23 -24 24 25 29 27 -29 -30 -31
leaf_value=-0.0053085132577660047 -0.036604511207559524 0.01840895341946 -0.015887689034406603 -0.02641627326004491 -0.0031546756916806481 -0.026193833969047144 0.00039171773048273737 0.019774652814582641 -0.012060222889048306 0.016072776921966389 0.0059823554805889974 0.051194761725391828 0.0087552195628415978 0.042296015766937395 -0.007048837838343704 0.041256996306919924 -0.0027496867492770999 -0.010029281371825556 -0.022700999918057768 0.064665598468006832 0.0021689224191586971 0.061403147589555465 0.017354216553594686 0.026159654999427098 -0.0049230540182640704 0.009690066248104685 -0.025891116614796497 0.011048129458179548 -0.036203527620531042 0.00089811888546704761
leaf_weight=394.08096863329411 423.21808941662312 1672.288213133812 909.8678552210331 1452.9133202582598 20509.821195952594 1102.4647462666035 371.9452228397131 1848.4630924910307 3816.8144692629576 4590.2286993190646 8364.0260670930147 447.90842863917351 496.00297418236732 471.35568238794804 5151.3266962170601 767.19362831115723 288.59169264137745 12234.935593768954 1224.5665617734194 198.82862965762615 15919.98306991905 247.59167893230915 2103.1319192498922 1230.4819067120552 6421.2956873327494 5914.624015301466 300.75155670940876 2473.7014729231596 1790.0376169532537 12239.391327634454
leaf_count=3223 1954 7183 4656 9270 94658 5185 1736 7871 25256 19468 35713 1889 2297 1986 22881 3167 1221 65512 6048 827 75179 1100 8521 5143 28986 25432 1388 10203 19309 53552
internal_value=-4.13893e-05 0.000988818 -0.000288693 -0.00343943 -0.0066025 0.00177665 0.000317776 0.00402552 -0.0188186 0.00946806 0.0109493 0.0191952 -0.0121288 0.00326486 0.00282068 0.00439177 0.0251898 -0.0117687 0.00194491 0.0011294 0.00293983 0.0247743 0.0237431 0.00250828 0.00309392 0.00149309 0.0129171 0.0070439 -0.0306291 0.00376256
internal_weight=115378 109377 95055.5 54935.3 34197.7 20737.7 19065.4 40120.2 6000.93 14321.4 13402.2 5038.14 919.221 38271.7 37511.8 32360.4 759.947 13687.8 17962.9 17343.4 16118.8 619.537 2870.33 29490.1 28580.2 24575.3 4004.93 2774.45 2184.12 18154
internal_count=550814 503026 441705 266698 169440 97258 90075 175007 47788 61321 57070 21357 4251 167136 163929 141048 3207 74782 84890 82054 76006 2836 11688 129360 124704 107970 16734 11591 22532 78984
is_linear=0
shrinkage=0.05


Tree=37
num_leaves=31
num_cat=0
split_feature=10 3 19 10 1 12 12 36 32 34 43 28 32 32 32 32 43 43 28 34 28 32 43 28 32 28 43 28 34 37
split_gain=822.814 423.095 436.564 267.759 173.757 171.788 161.602 160.634 155.23 155.043 164.956 146.725 125.138 202.276 139.269 134.286 318.239 160.544 152.518 124.61 122.93 117.264 201.487 137.626 137.106 149.639 140.414 113.044 109.976 138.884
threshold=0.011235075129118057 -0.11842105263157897 0.31452933539575251 0.020672444411512596 -0.046969848484848913 0.035714285714285941 0.035714285714285941 0.999589153656532 3.5000000000000004 3.0841983033087499 2.5000000000000004 0.074867830214118358 10.500000000000002 9.5000000000000018 4.5000000000000009 5.5000000000000009 1.5000000000000002 6.5000000000000009 0.16942985375932199 3.1822118484109185 -0.02652129932411949 6.5000000000000009 1.0000000180025095e-35 -0.076354546831170031 8.5000000000000018 -0.055661777896303173 5.5000000000000009 -0.14200470628845316 3.7623615564016326 -0.050917463614673301
decision_type=8 8 8 10 10 10 10 2 2 2 2 10 2 2 2 2 2 2 10 2 10 2 2 10 2 10 2 8 2 10
left_child=5 4 3 6 27 -1 -3 9 28 10 -4 -10 13 14 -5 16 -16 18 -18 20 -14 23 -23 -17 25 -24 -26 -2 29 -8
right_child=1 2 7 12 -6 -7 8 -9 11 -11 -12 -13 19 -15 15 21 17 -19 -20 -21 -22 22 24 -25 26 -27 -28 -29 -30 -31
leaf_value=-0.035454918138911676 0.046449829214039867 -0.039201925762538718 0.00077151122961380519 -0.0033492010131014245 0.0049815227297428273 -0.014147102082942765 0.0030397976140912547 0.021009891934045202 -0.0049492561004178138 0.002055909858873503 0.015265855155877202 0.0090595084792741455 0.00023209512594953667 -0.01148016187114826 0.05061109239794627 -0.031662563921310206 -0.00060655034957890009 0.051905326223148189 0.046811023283350198 0.0011245536147721866 0.020843927472703375 -0.0272233315254592 0.028868851894392575 -0.0026915043170576266 -0.0038101131863841377 0.0067165120740360212 0.044149580468474336 0.018497405716922769 -0.0052701642369629709 -0.023430505422030387
leaf_weight=1209.2206180915236 419.84293651580811 364.15338779240847 3073.396761983633 14902.996331773698 2731.6971294432878 4344.169170089066 605.01648537814617 1513.1825076937675 16183.370653264225 21531.132077045739 5432.9228781312704 2113.231775842607 1115.5687088668346 4073.6057942137122 465.97271628677845 455.31159886717796 2391.450895011425 177.61419832706451 182.52608436346054 5426.8851909190416 2057.6295253932476 500.13135841488838 865.82310177385807 4113.1106761395931 4034.7992851063609 6378.0732849612832 158.61444155871868 2611.7170109450817 2848.0387786179781 2738.4675659313798
leaf_count=15417 1742 3382 13843 68728 11495 30129 3046 6380 82885 95452 23374 9609 4867 18201 1917 2515 10529 736 741 23707 8813 2101 3736 18292 17840 27815 652 10779 15791 15302
internal_value=-1.1078e-05 0.000941441 0.000208638 -0.00193661 0.0141274 -0.0187868 -0.00613869 0.00511455 -0.00564702 0.0043138 0.0100289 -0.00333126 0.00027124 -0.000941115 0.000298746 0.00305513 0.0123995 0.0059285 0.00275593 0.00572678 0.0135976 0.00123359 0.00384071 -0.0055789 0.00519908 0.00936426 -0.00199605 0.0223686 -0.0124903 -0.0186406
internal_weight=115020 109466 103703 72152.4 5763.26 5553.39 24852.3 31550.6 24488.1 30037.5 8506.32 18296.6 47300.1 38700 34626.4 19723.4 3217.56 2751.59 2573.98 8600.08 3173.2 16505.9 11937.4 4568.42 11437.3 7243.9 4193.41 3031.56 6191.52 3343.48
internal_count=549816 504270 480254 341205 24016 45546 130015 139049 126633 132669 37217 92494 211190 173803 155602 86874 13923 12006 11270 37387 13680 72951 52144 20807 50043 31551 18492 12521 34139 18348
is_linear=0
shrinkage=0.05


Tree=38
num_leaves=31
num_cat=0
split_feature=10 10 20 1 33 0 11 32 43 43 33 43 33 33 33 32 3 33 33 33 34 33 33 3 43 33 33 33 12 33
split_gain=755.127 390.826 281.474 258.167 268.086 264.642 195.579 192.126 240.733 224.18 171.141 164.458 222.661 220.354 471.606 151.172 186.973 240.909 479.634 191.38 150.161 260.798 285.613 143.931 141.907 193.137 141.859 506.845 160.737 178.672
threshold=0.010539679110323233 0.020672444411512596 0.48461674553521084 -0.07246376811594156 -4923.4999999999991 0.0017038066936081455 0.45435954192070049 3.5000000000000004 1.5000000000000002 4.5000000000000009 -4905.4999999999991 2.5000000000000004 -4496.9999999999991 -4285.4999999999991 -4342.4999999999991 3.5000000000000004 -0.064814814814814922 -1773.9999999999998 -2054.4999999999995 -4747.4999999999991 2.8593355435749763 -3628.4999999999995 -3231.9999999999995 -0.17898853160253478 1.5000000000000002 -4551.4999999999991 -3039.4999999999995 -2735.4999999999995 2.8928571428571459 -4905.4999999999991
decision_type=8 8 8 8 2 8 10 2 2 2 2 2 2 2 2 2 8 2 2 2 2 2 2 10 2 2 2 2 10 2
left_child=-1 2 -2 23 -5 10 -7 9 -9 26 -6 12 -10 14 -13 24 19 18 -18 -17 21 -15 -23 -3 -12 -26 28 -28 29 -4
right_child=1 3 7 4 5 6 -8 8 11 -11 15 13 -14 20 -16 16 17 -19 -20 -21 -22 22 -24 -25 25 -27 27 -29 -30 -31
leaf_value=-0.019992231567008949 -0.016600823923359671 0.034120999620063278 0.029825294503038211 -0.015514452597039896 0.049870226709928911 0.02640336663426884 0.0054473972071436109 0.022713980586090171 0.070967628594781965 0.026717430394500048 -0.026678964687725217 -0.0094740761961039106 -0.007399540063378101 -0.015750061526457835 0.051177924020634258 0.058379475941045283 -0.00080541441593110917 -0.011103403668155315 0.024202554003219218 0.0077652840682053033 -0.0024552365902256439 0.041745083435932223 0.0038494931953317671 0.010426182512287786 0.043197393548191423 -0.0049700231663772259 0.061111911104007627 -0.0092541867296599394 0.0014250077748794714 -0.023310693853090425
leaf_weight=4532.6121992617846 3700.5209786742926 785.42970652878284 165.65075452625751 2090.3274798840284 171.49196460843086 1159.3371910452843 28090.831371128559 1135.8435518890619 91.667779207229614 419.6192053258419 735.36089593172073 614.71172124147415 8077.488698258996 691.51762354373932 669.64175961911678 192.80568295717239 17533.299246817827 4324.914632499218 2152.7216960415244 5959.224710047245 9892.3202730044723 857.80529877543449 1182.8022531047463 3482.8433766812086 213.06555689871311 8953.3949185609818 287.48123885691166 2330.3327414095402 1029.4574093073606 3519.3222372233868
leaf_count=39546 22326 3304 736 10588 726 5053 120758 5279 422 1898 3434 2875 40993 3359 2966 790 77702 20006 8793 25453 48752 4003 5742 14402 902 41298 1495 12641 5485 18987
internal_value=9.9394e-06 0.000830327 -0.00356781 0.00284057 0.00212821 0.00265895 0.00627799 -0.00201031 0.000265585 -0.00882574 2.80458e-05 -0.000889317 -0.00652017 0.00241789 0.0221489 -0.000185297 0.00157443 -0.000418205 0.00192928 0.00935154 0.000410546 0.0107868 0.0197796 0.0147864 -0.00554578 -0.00385042 -0.0108599 -0.00152677 -0.0160423 -0.0209221
internal_weight=115044 110511 34666.2 75845 71576.8 69486.4 29250.2 30965.7 23213.8 7751.86 40236.3 22078 8169.16 13908.8 1284.35 40064.8 30163 24010.9 19686 6152.03 12624.4 2732.13 2040.61 4268.27 9901.82 9166.46 7332.24 2617.81 4714.43 3684.97
internal_count=550714 511168 177959 333209 315503 304915 125811 155633 114391 41242 179104 109112 41415 67697 5841 178378 132744 106501 86495 26243 61856 13104 9745 17706 45634 42200 39344 14136 25208 19723
is_linear=0
shrinkage=0.05


Tree=39
num_leaves=31
num_cat=0
split_feature=13 10 25 0 19 19 4 32 32 37 10 29 2 28 0 37 8 0 32 43 32 43 10 3 28 37 4 34 34 12
split_gain=732.923 434.365 267.413 245.088 255.235 235.128 230.877 191.094 233.441 161.148 156.35 149.769 125.496 124.426 119.042 109.469 109.203 107.941 104.431 108.779 166.155 102.025 98.4615 95.7797 94.0946 98.2651 92.8175 86.9346 82.8104 79.9344
threshold=1.1796119636642291e-17 0.020672444411512596 0.28583099906629322 -0.043478260869564904 0.51813687503664752 -0.16848496365812468 -1.0000000180025095e-35 3.5000000000000004 2.5000000000000004 -0.056033700292559656 0.01253676967754117 -0.049209432561690032 -0.12241354016029875 -0.080798049056908003 1.0000000180025095e-35 -1.5820678100908478e-14 0.25116144175254945 0.087737200143215191 4.5000000000000009 1.5000000000000002 5.5000000000000009 2.5000000000000004 0.0485758309258187 -0.092011787059456493 0.013219072916201105 -0.043758472681524878 -0.075187969924812345 3.8680705719571402 3.0841983033087499 0.44285714285714267
decision_type=8 8 10 10 10 10 8 2 2 8 10 10 10 8 10 10 10 10 2 2 2 2 10 8 10 10 10 2 2 10
left_child=2 5 6 12 7 10 -1 8 23 13 -2 -7 -3 -9 -11 -8 22 28 26 20 -20 -21 -10 -5 25 -13 -12 -23 -6 -26
right_child=1 3 -4 4 17 11 15 9 16 14 18 24 -14 -15 -16 -17 -18 -19 19 21 -22 27 -24 -25 29 -27 -28 -29 -30 -31
leaf_value=-0.013974600013736925 -0.017366407499020721 0.030966076454328209 -0.033594420220653266 0.014363843128722593 0.011825573072103822 0.0090485922057288899 0.073094018649850531 0.018308150281351698 -0.019463017393658896 -0.0018399789730478714 -0.00032001609728393401 0.010462925299817943 0.0099657982553735622 0.0044601199885319423 0.0043913953096586401 -0.013605419503710584 0.0025150383008143255 0.021537698157459526 0.072072331525418157 -0.010213721262161952 0.0019753807211235308 0.0049457211297365793 0.046003150383513838 -0.002088612117779871 0.016786612046018373 -0.0076373039520776665 -0.014675091037471003 -0.0068208162698811976 0.0039104993857184984 0.00028173829415293179
leaf_weight=712.27307841926813 3373.4049993678927 914.96898414194584 2183.0241290330887 990.16316302120686 4735.5343006253242 3896.1448140963912 131.69225993007421 2315.1724583208561 3375.4283284619451 19811.303506068885 1524.1611559763551 841.3838305324316 3197.6584403812885 5418.3684464991093 12500.20672108233 50.319600686430931 767.29254865646362 1255.7096801102161 120.34137952327728 3718.6979955285788 284.15524658560753 3865.8759008869529 58.428655594587326 8298.3018539100885 868.65735935419798 6892.2051110640168 4311.1086655780673 2642.9610924050212 10935.926994174719 4717.641271263361
leaf_count=5432 23307 3868 22635 4228 19954 18454 617 9818 16351 87895 7649 3993 13360 22913 54480 388 3542 5120 523 19223 1394 19023 246 37778 4257 36825 24479 13339 46294 22392
internal_value=-8.88702e-05 0.000574711 -0.0241607 0.0027733 0.0020808 -0.00384981 -0.00113212 0.000388652 -0.00475831 0.00212246 -0.00755983 0.000425827 0.0146379 0.00860577 0.000570724 0.0491248 -0.0145385 0.00743246 -0.0055509 -0.00260108 0.0228299 -0.00360687 -0.0183491 -0.000334758 -0.00209638 -0.00566807 -0.0109256 0.000167832 0.00630224 0.00284821
internal_weight=114709 111631 3077.31 74574.5 70461.8 37056.7 894.285 53534.7 13489.6 40045.1 19840.7 17216 4112.63 7733.54 32311.5 182.012 4201.15 16927.2 16467.3 10632 404.497 10227.5 3433.86 9288.47 13319.9 7733.59 5835.27 6508.84 15671.5 5586.3
internal_count=549777 520705 29072 325847 308619 194858 6437 237251 62145 175106 108937 85921 17228 32731 142375 1005 20139 71368 85630 53502 1917 51585 16597 42006 67467 40818 32128 32362 66248 26649
is_linear=0
shrinkage=0.05


Tree=40
num_leaves=31
num_cat=0
split_feature=13 33 33 5 28 10 38 43 33 28 33 33 33 32 33 33 33 33 33 33 33 33 33 33 8 43 33 28 29 33
split_gain=647.648 367.823 439.862 356.208 377.092 287.038 260.628 206.143 344.567 217.233 216.713 304.469 203.773 195.937 284.747 534.802 263.495 207.037 181.757 177.052 254.472 174.232 170.109 218 192.062 185.672 169.287 219.379 162.487 160.618
threshold=0.011763644731667721 -2133.4999999999995 -2175.4999999999995 -0.16254143465084606 0.048652627725297333 0.020672444411512596 -0.18447394277678533 1.5000000000000002 -2368.4999999999995 -0.067390050924456518 -2303.4999999999995 -1573.9999999999998 -1633.4999999999998 5.5000000000000009 -2604.4999999999995 -2767.4999999999995 -2054.4999999999995 -1508.4999999999998 -3956.4999999999995 -2583.4999999999995 -4111.4999999999991 -4824.4999999999991 -4844.4999999999991 -4551.4999999999991 0.35399115044247792 1.5000000000000002 -4145.4999999999991 -0.09221941393381132 -0.00055071896759388377 -4704.4999999999991
decision_type=8 2 2 8 10 8 10 2 2 10 2 2 2 2 2 2 2 2 2 2 2 2 2 2 8 2 2 10 10 2
left_child=1 2 18 7 5 13 -3 10 19 -10 21 -12 -11 17 15 -15 -16 -5 -1 20 26 -2 -7 25 -25 -24 27 -9 -8 -27
right_child=3 6 -4 4 -6 22 28 8 9 12 11 -13 -14 14 16 -17 -18 -19 -20 -21 -22 -23 23 24 -26 29 -28 -29 -30 -31
leaf_value=0.017112571969281409 0.0075908421924673706 0.058018130970510409 0.078232300227800047 -0.013766359562696343 0.0045782440644997644 -0.012525096647240518 -0.017886144075232636 0.035923877769060253 0.042352727380113128 0.021944192125661031 -0.046879015210707302 0.064922559850844455 -0.0045407988756830803 0.0010514524225061349 -0.027656082633410396 0.10646964459406896 -0.0021232072708589488 0.015223916589572501 -0.013620474935245222 -0.013735685142513563 0.009757215359946482 0.039514056967136849 -0.0038534468802342986 -0.0018254318215954611 0.0078129327102916951 0.050020815650947958 -0.042047036246033676 -0.0099750892289162882 -0.038997785664883905 0.015372300355977529
leaf_weight=628.50267382711172 654.96244616806507 91.396359607577324 162.81015513837337 9701.9707063511014 28254.398420244455 2481.3549969047308 2010.1120118573308 298.02012847363949 751.27087542414665 2023.159241989255 225.86360839009285 83.374699532985687 1132.9453239738941 8395.6408461406827 1820.8474384248257 122.05920150876045 2270.3167217671871 657.60446449369192 2051.0044833570719 1754.1843026429415 5660.6687551736832 1230.2955233752728 967.84148807823658 28958.638931870461 6291.5434637665749 427.24312722682953 337.21706748008728 2058.6458843797445 1667.4595269486308 1540.4522142708302
leaf_count=3182 2707 449 702 54102 122341 12453 17681 1280 3119 8406 969 349 4970 43629 9927 606 12210 3586 12844 7476 24325 5062 4058 131056 26677 1750 1532 9098 17429 6522
internal_value=4.77408e-05 -0.015144 -0.00156328 0.000976846 -0.000228672 -0.00236296 -0.0253857 0.00781033 0.00557928 0.0181888 0.0220599 -0.0167358 0.0124369 -0.00683129 -0.00264533 0.0025621 -0.0134871 -0.0119261 -0.00641176 0.000705264 0.00373739 0.0284235 0.000160719 0.000985059 -0.000105152 0.0140764 -0.00891209 -0.00417078 -0.0274584 0.0228955
internal_weight=114712 6611.29 2842.32 108101 91889.9 63635.5 3768.97 16210.6 14016.1 3907.38 2194.5 309.238 3156.1 22968.4 12608.9 8517.7 4091.16 10359.6 2679.51 10108.7 8354.55 1885.26 40667.1 38185.7 35250.2 2935.54 2693.88 2356.67 3677.57 1967.7
internal_count=550497 52287 16728 498210 428917 306576 35559 69293 60206 16495 9087 1318 13376 124060 66372 44235 22137 57688 16026 43711 36235 7769 182516 170063 157733 12330 11910 10378 35110 8272
is_linear=0
shrinkage=0.05


Tree=41
num_leaves=31
num_cat=0
split_feature=12 37 0 10 0 32 28 5 4 28 1 13 8 32 43 32 32 9 25 32 43 32 34 32 32 34 9 28 11 11
split_gain=617.371 406.445 488.217 300.246 191.495 185.839 146.601 144.695 187.026 144.429 150.418 142.196 130.366 127.851 119.726 130.732 118.969 152.443 114.502 101.925 178.201 101.511 98.2077 101.844 222.98 95.6623 92.6194 92.5499 90.8843 90.7523
threshold=1.0000000180025095e-35 -0.061901723037696359 0.0045871559633028367 0.015624256221111275 0.08303873683684572 4.5000000000000009 0.0005465413477202365 -0.077223899996176501 0.011811023622047336 -0.079472515442351135 -0.017024462258283021 0.0063457355891421135 0.0045777068088280757 5.5000000000000009 1.0000000180025095e-35 3.5000000000000004 1.5000000000000002 0.03131517999898896 0.28193489041753322 3.5000000000000004 1.5000000000000002 3.5000000000000004 3.1675802983811168 10.500000000000002 9.5000000000000018 6.9835582155436731 1.0000000180025095e-35 -0.042761040139593358 0.51387672111437732 0.39840192459219609
decision_type=8 8 8 8 8 2 10 8 10 8 10 10 10 2 2 2 2 8 10 2 2 2 2 2 2 2 10 10 10 8
left_child=12 9 3 21 7 16 11 28 -9 10 14 -7 -1 -8 15 -2 -5 27 26 20 -12 -3 23 24 -15 -23 -14 -18 -4 -16
right_child=1 2 4 5 -6 6 13 8 -10 -11 19 -13 18 22 29 -17 17 -19 -20 -21 -22 25 -24 -25 -26 -27 -28 -29 -30 -31
leaf_value=-0.036756375999362663 -0.029655806011489406 -0.019564327540375473 0.030796683339842507 3.7902932698270997e-05 0.018314464021162376 -0.025920221822497303 0.015127233141023936 -0.0045750950375536758 0.0043109047141296339 0.0046151219235960406 -0.051346114377974053 -0.0025441139558643688 0.089599129585096804 0.0070301023492027829 0.11241373675418305 0.018414443347038352 -0.0039176506284528427 0.0021485907325617154 -0.023167041126368179 0.010092599853421856 0.012651202832598041 -0.0066943540856989649 -0.00096438291141463057 0.017779072063398429 -0.0260782529643699 -0.02835914476883937 0.0048720681513861643 -0.015476396828696516 0.0073544793708736553 0.023541526564450341
leaf_weight=1334.8854594901204 229.86129513382912 2666.8153856098652 434.84208668768406 5095.3190075904131 2167.4941620081663 682.93377288430929 1942.9118037968874 9289.3057470843196 16332.899467676878 9455.8579917475581 214.31825984269381 13720.597934648395 42.441854916512966 4279.4126480743289 28.99825756251812 367.68090465664864 2396.9406992197037 2327.525854729116 396.84877862781286 1007.0107081755996 220.87848584353924 7133.0997083336115 12298.828776076436 1560.3424627557397 577.1302882283926 548.72927474975586 134.38571988791227 6240.6391641646624 8407.8147121071815 3052.4098777547479
leaf_count=17216 1050 17542 1907 23376 8941 4708 8288 45514 71915 40827 1009 63681 198 18737 154 1633 12175 10160 2800 4289 975 43170 54007 6714 2576 3913 760 31727 37822 12918
internal_value=9.84078e-06 0.00048748 -0.000670066 -0.00339296 0.00389911 -0.00182076 0.000219528 0.00299252 0.00108929 0.00827778 0.0150406 -0.00365248 -0.0281897 0.00291915 0.0204058 -7.71206e-05 -0.00627499 -0.00920849 -0.00825609 0.0013544 -0.0188651 -0.0111597 0.00165181 0.0066661 0.00309565 -0.00824192 0.0252081 -0.0122688 0.00850726 0.0243779
internal_weight=114589 112681 98103.6 61471.2 36632.4 51122.6 35062.2 34464.9 25622.2 14577 5121.16 14403.5 1908.56 20658.6 3678.95 597.542 16060.4 10965.1 573.676 1442.21 435.197 10348.6 18715.7 6416.89 4856.54 7681.83 176.828 8637.58 8842.66 3081.41
internal_count=550702 529728 466873 300774 166099 236149 158711 157158 117429 62855 22028 68389 20974 90322 15755 2683 77438 54062 3758 6273 1984 64625 82034 28027 21313 47083 958 43902 39729 13072
is_linear=0
shrinkage=0.05


Tree=42
num_leaves=31
num_cat=0
split_feature=13 5 8 25 28 34 9 5 4 38 2 11 37 25 32 32 28 32 37 7 34 35 32 34 19 36 9 36 32 3
split_gain=572.544 388.415 365.955 258.959 254.65 230.565 182.147 179.858 175.436 131.782 118.644 117.747 103.032 100.087 93.983 114.098 156.651 99.6626 89.2647 100.753 88.9455 88.0924 96.5932 111.858 91.8928 87.0307 82.9866 82.9551 81.5907 142.248
threshold=1.1796119636642291e-17 -0.13474154618478104 0.24798373983739833 0.30590170278637779 0.048652627725297333 3.1403734504631191 0.01679708217065377 -0.068065649912526602 -1.0000000180025095e-35 -0.1766348400871067 0.0063889913730152967 0.39840192459219609 -1.5820678100908478e-14 0.045515476480623943 8.5000000000000018 3.5000000000000004 0.098527772283736478 1.5000000000000002 -0.056033700292559656 -0.011538461538461551 1.3216669431912595 -0.012279641577726539 10.500000000000002 2.8243462541691211 -0.46555779217721538 0.50000000000000477 0.038802315200032855 0.999589153656532 10.500000000000002 -0.0055822609498528677
decision_type=8 8 10 10 10 2 8 8 8 10 10 10 10 10 2 2 8 2 10 10 2 10 2 2 8 2 8 2 2 10
left_child=3 9 4 8 6 -6 7 -3 -1 13 -9 -11 -10 -2 15 17 -17 -7 -4 -20 -5 -8 24 -24 -23 28 -16 -21 -13 -30
right_child=1 2 18 20 5 14 21 10 12 11 -12 25 -14 -15 26 16 -18 -19 19 27 -22 22 23 -25 -26 -27 -28 -29 29 -31
leaf_value=-0.011598972117760918 0.0059980459882806782 -0.00019643131683546181 0.015460741768599365 0.11249145820257858 0.012210923309294679 0.0016390389501939222 0.0051733544658429829 -0.014442664121078872 0.062464341394568849 0.030935409284523149 -0.0048073991784090978 0.00059901581646377164 -0.018195851126679648 0.025844040729295664 -0.0096264537508259432 -0.0015774759715937474 0.016414159040149843 -0.017880315888799677 0.0016269954467296557 0.007427072378987049 -0.032911279523705671 -0.0081776915273422904 0.01782759259256143 -0.00055395912025102347 -0.0017276712091994777 0.010222580954177503 0.018433928903685611 0.027570337874826479 0.019024090678913464 -0.0046991761316340615
leaf_weight=736.43596237152815 1135.4587903171778 5008.1361699327826 1730.751595646143 10.573978334665297 4560.7654417380691 1660.2327667549253 3596.2072356194258 9507.4101800769567 148.46593196690083 430.05296729505062 4811.9069745764136 11283.044082216918 53.987121641635895 1442.2059707641602 3508.9121685400605 2627.6642387211323 2242.2318368256092 1078.9180629774928 15633.721668101847 4717.1218104958534 1974.3383376002312 10059.531638935208 997.86169828474522 4851.8001723140478 12242.251275829971 4884.5184557288885 284.87988609075546 573.23256093263626 1709.9357609003782 1002.256184220314
leaf_count=5810 4669 27304 7180 64 19912 7656 16635 57438 717 1938 26316 50026 435 5939 16063 12300 9790 5337 66306 19458 22117 48241 4387 22187 56297 21215 1170 2374 7304 4267
internal_value=-6.10554e-05 0.000511268 -0.000946003 -0.0219026 -0.00280261 0.00270949 -0.00452543 -0.00835231 -0.000266714 0.00648308 -0.0112048 0.00506557 0.0409551 0.0171019 -0.00109077 0.00211446 0.00670636 -0.0060494 0.00454796 0.0036453 -0.0321367 -0.00219569 -0.00313705 0.00258165 -0.00463704 0.00447629 -0.00751937 0.00960968 0.00247076 0.0102575
internal_weight=114505 111581 89693.5 2923.8 67038.7 15963.6 51075.1 19327.5 938.889 21887.5 14319.3 19309.8 202.453 2577.66 11402.8 7609.05 4869.9 2739.15 22654.8 20924.1 1984.91 31747.7 28151.4 5849.66 22301.8 18879.8 3793.79 5290.35 13995.2 2712.19
internal_count=550852 521709 426351 29143 331033 72228 258805 111058 6962 95358 83754 84750 1152 10608 52316 35083 22090 12993 95318 88138 22181 147747 131112 26574 104538 82812 17233 21832 61597 11571
is_linear=0
shrinkage=0.05


Tree=43
num_leaves=31
num_cat=0
split_feature=10 19 0 7 4 25 3 33 33 33 33 33 33 33 7 33 28 13 33 33 33 33 33 32 43 29 33 33 33 33
split_gain=558.63 333.067 368.288 233.969 240.257 180.54 138.925 296.272 174.208 167.356 163.704 139.5 178.479 138.192 205.458 141.841 137.127 130.947 117.771 247.422 330.21 203.3 216.461 165.647 116.364 113.167 111.812 172.248 158.677 125.725
threshold=0.0081417399595023199 0.51813687503664752 -0.043478260869564904 -0.17042120480694603 0.011811023622047336 0.45342872230744086 -0.049382716049382651 -1692.4999999999998 -1486.4999999999998 -4592.4999999999991 -4643.4999999999991 -4093.4999999999995 -4060.4999999999995 -4867.4999999999991 -0.016445223245368897 -4747.4999999999991 -0.066238131957904761 0.0049386627159761784 -3628.4999999999995 -3467.4999999999995 -3500.4999999999995 -4285.4999999999991 -4342.4999999999991 1.5000000000000002 2.5000000000000004 -0.012610319355208456 -2368.4999999999995 -1773.9999999999998 -1920.4999999999998 -2000.4999999999998
decision_type=8 10 10 8 8 10 10 2 2 2 2 2 2 2 8 2 10 10 2 2 2 2 2 2 2 10 2 2 2 2
left_child=25 2 -2 6 5 -5 7 -4 24 10 -8 -11 -13 -6 15 -15 -10 -7 21 20 -20 22 23 -17 -9 -1 -21 28 29 -28
right_child=1 -3 3 4 13 17 9 8 16 11 -12 12 -14 14 -16 18 -18 -19 19 26 -22 -23 -24 -25 -26 -27 27 -29 -30 -31
leaf_value=-0.012018503022116489 0.015480350572692168 0.0051757540981846907 0.0028375350897490966 -0.0038856779294141408 -0.01769574445332656 -0.035768645854414138 0.0069926013306365678 0.050172493948444266 0.060555686987094487 -0.014430606065643206 0.050382415009705951 0.048676541729482783 -0.0014885540595343985 0.023322548118189571 0.011432741695020954 0.033911784117535412 -0.0026065273775683776 -0.010836824454102641 0.0050522870502076357 -0.0065108815667097031 0.06129365270059043 -0.015597681252170401 0.035209129716466996 -0.009806533718122238 0.012252968110019065 -0.034955619855954488 0.0057111213185688757 -0.0055409427150968716 0.021899680325830832 -0.029443563080279834
leaf_weight=943.09436974674463 3194.5898822024465 27331.656630210578 10092.45591725409 18058.600649133325 1090.3452839404345 556.8471302986145 1200.5120107680559 694.40383897721767 100.3240137398243 2208.2292924821377 265.44704952836037 180.19559873640537 11059.256377138197 566.4106777459383 3664.5550493597984 250.35237219929695 598.94397854059935 9714.377860866487 893.48403850197792 6387.7055506333709 368.67798306792974 3536.2929235696793 436.19880051910877 1610.3827190697193 285.49737003445625 1251.1696378663182 2167.70565251261 3568.0111024156213 1579.8628748357296 288.13349777460098
leaf_count=9406 13501 120960 43462 92989 5619 5612 5107 2904 428 10266 1103 742 51031 2354 16267 1071 2595 52113 4111 30254 1546 16581 1875 7225 1245 15295 9532 16670 6530 1430
internal_value=-0.000112644 0.000377066 -0.00117292 -0.0018263 -0.0036977 -0.00689593 0.0020124 0.00607307 0.0255199 -0.00119277 0.0148494 -0.00294155 -0.000684286 -0.000266726 0.000483879 -0.00136909 0.00645536 -0.0121885 -0.00203233 0.000278417 0.0214804 -0.0080748 0.0035072 -0.00392446 0.0391245 -0.0250973 -0.00163421 0.00246257 0.00953857 0.00158657
internal_weight=114144 111949 84617.8 81423.2 54737.9 28329.8 26685.3 11771.6 1679.17 14913.6 1465.96 13447.7 11239.5 26408.1 25317.8 21653.2 699.268 10271.2 21086.8 15253.6 1262.16 5833.23 2296.93 1860.74 979.901 2194.26 13991.4 7603.71 4035.7 2455.84
internal_count=549824 525123 404163 390662 271779 150714 118883 50634 7172 68249 6210 62039 51773 121065 115446 99179 3023 57725 96825 70073 5657 26752 10171 8296 4149 24701 64416 34162 17492 10962
is_linear=0
shrinkage=0.05


Tree=44
num_leaves=31
num_cat=0
split_feature=10 3 37 5 9 7 7 29 11 34 11 43 32 36 10 28 38 34 11 37 28 43 32 28 25 32 29 28 10 12
split_gain=538.162 311.702 358.219 273.728 205.055 162.775 146.961 105.173 101.093 100.188 97.4066 122.589 93.7093 91.6032 88.1619 86.2246 80.92 80.4684 80.1202 85.0769 79.6892 78.8168 85.4834 76.2446 75.5484 75.3787 73.8051 70.0547 91.4717 75.3752
threshold=0.0081417399595023199 -0.066945606694560553 0.0044751866968874019 -0.069518716577539816 0.016245403805326689 -0.34243436828825813 -0.016445223245368897 -0.0064477346140552503 0.49316827796154461 5.2530584259317648 1.2401134163060854 3.5000000000000004 4.5000000000000009 0.97142857142857209 0.032819952046342908 -0.0044782735835678109 -0.047294998298801842 2.998226044309511 0.46824735029987335 -0.11032442260524304 -0.067390050924456518 1.0000000180025095e-35 4.5000000000000009 0.019281937663986819 0.73587705055707986 10.500000000000002 -0.052797991810531388 0.022019121601569099 0.020480351158422699 0.52857142857142847
decision_type=8 8 8 8 10 8 10 10 8 2 10 2 2 2 8 10 10 2 8 10 10 2 2 10 10 2 8 10 8 10
left_child=7 5 3 15 26 20 8 9 -4 -1 11 18 -6 17 25 16 -3 24 -7 -20 -2 -17 -23 -12 -8 -13 -5 28 -10 -29
right_child=1 2 6 4 12 10 13 -9 27 -11 23 14 -14 -15 -16 21 -18 -19 19 -21 -22 22 -24 -25 -26 -27 -28 29 -30 -31
leaf_value=-0.0024857684679905944 0.030049796592707945 0.0004797054781566025 0.017547294806563963 -0.0049185402803308235 -0.0089816197488132455 0.050146797642084878 0.033161713632445432 -0.035659154672642433 -0.0079191035884997995 -0.034955380600456769 -0.0075591682303843086 -0.010225079300532156 -0.0012272811412685888 0.023055269453264943 0.0080644014349832618 0.02530797920616927 -0.0088054718860603853 0.0039768528075233697 0.020000933682886548 0.0071661510666675187 0.0099152793004757007 -0.0058403417127719567 0.0067075430707718153 0.008886604111948429 0.0095256832978151545 0.018881142021419387 -0.014846782557749703 0.010544618139098572 0.00047923869579167194 0.0013070856473228298
leaf_weight=695.64805214107037 987.10996142029762 9164.1616470888257 892.98964294791222 2446.4157938659191 5716.5625793710351 124.11096855998039 470.43003886938095 1100.8738688156009 4592.3208177983761 360.78992782905698 2400.1302191019058 1984.93729750067 12234.675022490323 901.31764955818653 1732.2454079985619 443.40227238833904 3154.0677771940827 7059.5933499485254 1604.2960472255945 6614.5819742530584 978.62659911811352 1805.1230600550771 5471.3773643299937 997.72371529787779 1201.6537604182959 250.51622043550014 7970.8933578208089 2532.4247529506683 11028.051074534655 17253.236528091133
leaf_count=7490 4111 43185 4097 13135 28337 584 2055 13948 24087 3346 10632 9070 56223 3826 7196 1871 16778 30683 6753 29581 4002 9068 25512 4304 5097 1086 49878 11052 49052 74609
internal_value=-0.000108438 0.000367963 -0.000773683 -0.00377495 -0.00693494 0.00646164 0.00238928 -0.0248443 0.000932324 -0.0135746 0.00476423 0.00683274 -0.00369665 0.00787937 -0.000402396 0.000698749 -0.00189775 0.00631285 0.0102736 0.00967146 0.020026 0.00484185 0.00359472 -0.00273014 0.0161755 -0.00696329 -0.0125152 0.000513272 -0.00198984 0.00248942
internal_weight=114170 112013 94338.7 48406.7 28368.5 17674.3 45932 2157.31 36299 1056.44 15708.5 12310.7 17951.2 9632.99 3967.7 20038.1 12318.2 8731.68 8342.99 8218.88 1965.74 7719.9 7276.5 3397.85 1672.08 2235.45 10417.3 35406 15620.4 19785.7
internal_count=550648 525864 448545 243987 147573 77319 204558 24784 162897 10836 69206 54270 84560 41661 17352 96414 59963 37835 36918 36334 8113 36451 34580 14936 7152 10156 63013 158800 73139 85661
is_linear=0
shrinkage=0.05


end of trees

feature_importances:
Column_33=373
Column_32=158
Column_28=87
Column_10=83
Column_43=68
Column_5=66
Column_13=59
Column_37=51
Column_38=44
Column_19=39
Column_7=38
Column_0=30
Column_34=30
Column_1=29
Column_3=26
Column_9=26
Column_12=22
Column_20=21
Column_4=19
Column_2=17
Column_8=17
Column_36=14
Column_11=10
Column_25=9
Column_29=8
Column_26=3
Column_35=2
Column_6=1

parameters:
[boosting: gbdt]
[objective: binary]
[metric: binary_logloss]
[tree_learner: serial]
[device_type: cpu]
[data_sample_strategy: bagging]
[data: ]
[valid: ]
[num_iterations: 500]
[learning_rate: 0.05]
[num_leaves: 31]
[num_threads: 1]
[seed: 42]
[deterministic: 0]
[force_col_wise: 0]
[force_row_wise: 0]
[histogram_pool_size: -1]
[max_depth: -1]
[min_data_in_leaf: 100]
[min_sum_hessian_in_leaf: 0.001]
[bagging_fraction: 0.8]
[pos_bagging_fraction: 1]
[neg_bagging_fraction: 1]
[bagging_freq: 1]
[bagging_seed: 400]
[bagging_by_query: 0]
[feature_fraction: 0.8]
[feature_fraction_bynode: 1]
[feature_fraction_seed: 30056]
[extra_trees: 0]
[extra_seed: 12879]
[early_stopping_round: 0]
[early_stopping_min_delta: 0]
[first_metric_only: 0]
[max_delta_step: 0]
[lambda_l1: 0]
[lambda_l2: 0]
[linear_lambda: 0]
[min_gain_to_split: 0]
[drop_rate: 0.1]
[max_drop: 50]
[skip_drop: 0.5]
[xgboost_dart_mode: 0]
[uniform_drop: 0]
[drop_seed: 17869]
[top_rate: 0.2]
[other_rate: 0.1]
[min_data_per_group: 100]
[max_cat_threshold: 32]
[cat_l2: 10]
[cat_smooth: 10]
[max_cat_to_onehot: 4]
[top_k: 20]
[monotone_constraints: ]
[monotone_constraints_method: basic]
[monotone_penalty: 0]
[feature_contri: ]
[forcedsplits_filename: ]
[refit_decay_rate: 0.9]
[cegb_tradeoff: 1]
[cegb_penalty_split: 0]
[cegb_penalty_feature_lazy: ]
[cegb_penalty_feature_coupled: ]
[path_smooth: 0]
[interaction_constraints: ]
[verbosity: -1]
[saved_feature_importance_type: 0]
[use_quantized_grad: 0]
[num_grad_quant_bins: 4]
[quant_train_renew_leaf: 0]
[stochastic_rounding: 1]
[linear_tree: 0]
[max_bin: 255]
[max_bin_by_feature: ]
[min_data_in_bin: 3]
[bin_construct_sample_cnt: 200000]
[data_random_seed: 175]
[is_enable_sparse: 1]
[enable_bundle: 1]
[use_missing: 1]
[zero_as_missing: 0]
[feature_pre_filter: 1]
[pre_partition: 0]
[two_round: 0]
[header: 0]
[label_column: ]
[weight_column: ]
[group_column: ]
[ignore_column: ]
[categorical_feature: ]
[forcedbins_filename: ]
[precise_float_parser: 0]
[parser_config_file: ]
[objective_seed: 16083]
[num_class: 1]
[is_unbalance: 0]
[scale_pos_weight: 1]
[sigmoid: 1]
[boost_from_average: 1]
[reg_sqrt: 0]
[alpha: 0.9]
[fair_c: 1]
[poisson_max_delta_step: 0.7]
[tweedie_variance_power: 1.5]
[lambdarank_truncation_level: 30]
[lambdarank_norm: 1]
[label_gain: ]
[lambdarank_position_bias_regularization: 0]
[eval_at: ]
[multi_error_top_k: 1]
[auc_mu_weights: ]
[num_machines: 1]
[local_listen_port: 12400]
[time_out: 120]
[machine_list_filename: ]
[machines: ]
[gpu_platform_id: -1]
[gpu_device_id: -1]
[gpu_use_dp: 0]
[num_gpu: 1]

end of parameters

pandas_categorical:null
