tree
version=v4
num_class=1
num_tree_per_iteration=1
label_index=0
max_feature_idx=43
objective=binary sigmoid:1
feature_names=Column_0 Column_1 Column_2 Column_3 Column_4 Column_5 Column_6 Column_7 Column_8 Column_9 Column_10 Column_11 Column_12 Column_13 Column_14 Column_15 Column_16 Column_17 Column_18 Column_19 Column_20 Column_21 Column_22 Column_23 Column_24 Column_25 Column_26 Column_27 Column_28 Column_29 Column_30 Column_31 Column_32 Column_33 Column_34 Column_35 Column_36 Column_37 Column_38 Column_39 Column_40 Column_41 Column_42 Column_43
feature_infos=[-0.12:0.12000000000000011] [-0.29013333333333224:0.4049280000000004] [-0.4058956916099774:0.62909090909090892] [-0.5228070175438595:1.5849624060150314] [-0.54596622889305824:6.1999999999999984] [-0.75030386440854624:10.172413793103448] [0:99.999999998989509] [-0.91856000000000004:0] [0:9.1886792452830193] [0:0.11026258244084819] [0:0.10750550575190457] [0:3445.3822046328423] [-2.5376526277146434e-16:469.87857142857143] [-4.2327252813834091e-17:0.27093091016750215] [0:21] none none [0:5] none [-4.2519582413241146:4.3643511374030499] [5.5864717998893885e-06:4.1994884612742513] [-0.99999999999999856:1] [0:45.915566428259361] none none [0.0025575447570332483:1] [0.0026041666666666665:1] none [-0.33078749247831551:1.4627374711935675] [-1.4380737940635226:6.0969042900782338] none [1:7] [1:12] [-5029:-875] [0.40546510810816438:8.5142288019522212] [-0.89746093750000022:8.9927378358748484] [0:1] [-0.89743589743589758:1.6901590030079339] [-0.89557691065546141:1.8016469745790546] [0:1] none none none [0:7]
tree_sizes=3514 3574 3551 3562 3557 3562 3560 3538 3552 3567 3568 3561 3562 3559 3563 3558 3588 3569 3562 3578 3549 3576 3588 3570 3580 3563 3556 3579 3571 3569 3579 3575 3579 3584 3547 3580 3569 3570 3573 3576 3565 3579 3594 3572 3570 3570 3559 3552 3584 3585 3578 3610 3546 3590 3573 3600 3594 3590 3615 3580 3593 3590 3618 3584

Tree=0
num_leaves=31
num_cat=0
split_feature=10 10 10 32 32 38 28 32 32 32 12 28 32 28 7 6 43 43 7 32 7 43 32 28 32 32 7 43 7 9
split_gain=17980.9 6634.47 3176.83 3007.57 2169.35 1576.6 1640.79 1504.76 1055.31 950.2 882.508 785.351 771.825 666.703 641.278 712.17 612.29 608.487 542.494 540.333 507.054 503.332 680.719 467.058 449.982 820.371 448.793 446.199 429.725 428.738
threshold=0.01604010240706006 0.029030738089490166 0.0092406241899698344 3.5000000000000004 3.5000000000000004 -0.13914500468240923 0.077647754520739784 1.5000000000000002 3.5000000000000004 8.5000000000000018 0.24285714285714269 0.077647754520739784 10.500000000000002 0.12276856027012141 -0.19998047256395232 38.115136984664041 1.5000000000000002 1.5000000000000002 -0.25712519865795508 1.5000000000000002 -0.30291818734793174 3.5000000000000004 11.500000000000002 0.074640512985113802 8.5000000000000018 11.500000000000002 -0.14705882352941171 2.5000000000000004 -0.22024419510171153 0.038785558888356178
decision_type=8 10 10 2 2 8 10 2 2 2 10 8 2 10 8 8 2 2 10 2 10 2 2 10 2 2 10 2 10 10
left_child=2 3 -1 7 18 16 11 17 -4 10 -6 14 20 28 -7 -16 -5 -2 -3 -20 -11 -17 -23 26 -8 -26 -10 -14 -12 -22
right_child=1 4 8 5 9 6 24 -9 23 12 13 -13 27 -15 15 21 -18 -19 19 -21 29 22 -24 -25 25 -27 -28 -29 -30 -31
leaf_value=-0.7551261167301051 -0.6507331743510838 -0.66417628761589331 -0.73830193611714023 -0.60474188438075527 -0.60044115682773991 -0.67850851418429026 -0.6550522220019992 -0.72484288006855147 -0.69412419107060519 -0.64038305423596864 -0.64315743921037838 -0.74656096763233737 -0.67017065761651051 -0.63048106201820076 -0.70982663754860531 -0.69985009594786507 -0.66320149886503432 -0.6990421593418491 -0.67903431047090601 -0.70821282679360598 -0.6997484876179505 -0.68888606647272943 -0.64932518971546516 -0.68479486550707613 -0.69816599466270601 -0.63633407834860423 -0.71932400603544266 -0.64322878285562823 -0.66648886862707069 -0.66944813796571012
leaf_weight=9000.276209294796 756.11113697290421 1735.8357585072517 5151.5483896136284 598.00507837533951 844.26858818531036 6025.5728933215141 3556.0539640188217 10231.149640202522 2141.3156222701073 620.43304455280304 2822.592852294445 707.92431855201721 3228.0727160573006 2514.8189797997475 7408.3347288370132 10528.486736357212 1784.4666950702667 4726.3052685260773 2785.5089874267578 3686.402638733387 3095.9475687742233 10457.427833616734 1213.5528233647346 1438.054544210434 2042.9434537887573 727.4655168056488 10102.355378985405 2933.1782696843147 6560.9573136568069 1874.1785597801208
leaf_count=40531 3405 7817 23199 2693 3802 27135 16014 46074 9643 2794 12711 3188 14537 11325 33362 47413 8036 21284 12544 16601 13942 47093 5465 6476 9200 3276 45494 13209 29546 8440
internal_value=-0.695414 -0.684909 -0.730691 -0.694682 -0.66675 -0.688112 -0.690322 -0.713517 -0.719013 -0.659296 -0.649838 -0.694413 -0.66955 -0.653344 -0.693377 -0.696403 -0.648528 -0.69238 -0.688997 -0.695654 -0.683002 -0.691923 -0.684773 -0.711751 -0.666822 -0.68193 -0.714917 -0.657344 -0.659471 -0.688323
internal_weight=121300 93466 27833.6 60763.8 32702.2 45050.2 42667.8 15713.6 18833.3 24494.4 12742.6 36341.3 11751.8 11898.4 35633.4 29607.8 2382.47 5482.42 8207.75 6471.91 5590.56 22199.5 11671 13681.7 6326.46 2770.41 12243.7 6161.25 9383.55 4970.13
internal_count=546249 420906 125343 273638 147268 202875 192146 70763 84812 110306 57384 163656 52922 53582 160468 133333 10729 24689 36962 29145 25176 99971 52558 61613 28490 12476 55137 27746 42257 22382
is_linear=0
shrinkage=1


Tree=1
num_leaves=31
num_cat=0
split_feature=10 10 10 5 37 43 5 28 33 5 33 5 28 33 33 33 33 33 9 33 28 33 33 38 38 11 0 9 38 33
split_gain=16361 5757.87 2960.74 2466.31 1594.08 1211.51 1113.93 939.004 752.594 1189.85 707.344 591.708 769.056 549.847 1083.75 547.518 495.613 682.364 486.081 392.193 377.198 490.475 1467.77 357.174 347.125 346.846 337.425 336.543 324.52 322.038
threshold=0.01604010240706006 0.029172395502585349 0.0089203315438051035 -0.16499018203137564 0.01155042695059494 1.5000000000000002 -0.17889315760966865 0.14777487489220775 -4961.4999999999991 -0.10396668349442494 -2185.4999999999995 -0.14090909090909184 0.03660097380045247 -4548.4999999999991 -4851.4999999999991 -4568.9999999999991 -4548.4999999999991 -4111.4999999999991 0.017141916292813589 -1787.4999999999998 0.071751362548571687 -1925.4999999999998 -1772.4999999999998 0.20212760726200343 -0.14745866766752422 0.2055856894036098 0.089430894308945477 0.011620312724698116 -0.072035409857572938 -4271.4999999999991
decision_type=8 10 10 8 10 2 10 10 2 10 2 10 10 2 2 2 2 2 10 2 10 2 2 10 10 10 8 10 10 2
left_child=2 3 -1 5 8 -2 27 15 -5 26 -9 -4 29 14 -11 28 -7 -18 -15 -12 -6 -22 -23 25 -19 -17 -10 -3 -8 -13
right_child=1 6 11 4 20 16 7 10 9 13 19 12 -14 18 -16 23 17 24 -20 -21 21 22 -24 -25 -26 -27 -28 -29 -30 -31
leaf_value=-0.058757793142044538 0.073080428126244629 0.10894899208668858 0.0026458134832682543 -0.045489656704224217 0.0035368037096933837 0.092053715378096826 0.078624721552065568 0.020041607879026202 0.0080584105762695219 -0.047508444639962885 0.077699870386193193 -0.0037784858557239095 -0.0071847313885484518 -0.024067181165116004 0.041651780188331919 0.070755909956063234 -0.014897031103145187 0.048768556815225031 -0.0093946331002558742 0.022686488691723957 0.010311783793474767 0.096452355304115167 6.3199089742062213e-05 0.034850904381144542 0.017646836870171653 0.013851333770560834 0.096101299039286686 0.045779740663025884 0.032859249178080967 -0.034227280334574943
leaf_weight=8385.4752715677023 1168.5349066853523 220.58656688034534 1994.6285539269447 1403.9658871293068 12426.496060520411 220.73806022107601 483.92956273257732 1381.2187260836363 7405.3470234870911 487.34231805801392 1597.8273599147797 935.34423705935478 4082.3608530908823 9406.6750287562609 1133.5885815024376 271.60769173502922 1429.9695013910532 1114.033500701189 14114.063639014959 406.36022619903088 4571.5167448669672 705.00144818425179 898.03742595016956 2468.9054676890373 4577.6086179614067 19015.922020852566 110.44795057177544 4775.675412863493 1940.9377478212118 12128.107444345951
leaf_count=38555 5191 970 9025 6390 55980 989 2152 6150 33346 2209 7068 4251 18488 42461 5087 1195 6424 4981 63661 1809 20496 3134 4028 11037 20558 85022 497 21235 8652 55155
internal_value=-9.10838e-05 0.00986135 -0.0339829 0.000820113 -0.00321587 0.0257934 0.0268464 0.0229094 -0.0096444 -0.00810338 0.0475723 -0.023129 -0.0261275 -0.0133215 0.0148452 0.0194565 0.0182677 0.0159806 -0.0152626 0.0665456 0.00855577 0.0186566 0.0424542 0.0169447 0.0237383 0.0146527 0.00935224 0.0485687 0.0419926 -0.0320471
internal_weight=121262 93736.3 27525.9 61173.4 52662.5 8510.88 32563 27566.7 34061.4 32657.5 3385.41 19140.4 17145.8 25141.7 1620.93 24181.3 7342.35 7121.61 23520.7 2004.19 18601.1 6174.56 1603.04 21756.4 5691.64 19287.5 7515.79 4996.26 2424.87 13063.5
internal_count=546196 420722 125474 275432 237289 38143 145290 123085 153651 147261 15027 86919 77894 113418 7296 108058 32952 31963 106122 8877 83638 27658 7162 97254 25539 86217 33843 22205 10804 59406
is_linear=0
shrinkage=0.05


Tree=2
num_leaves=31
num_cat=0
split_feature=9 7 5 8 33 8 33 33 33 33 33 9 8 11 13 5 37 33 33 7 33 33 33 33 33 0 33 33 33 33
split_gain=13341.3 3856.85 3203.31 2920.33 2170.22 2147.02 946.728 1495.69 937.257 1319.05 755.832 742.753 670.02 607.97 590.409 540.549 655.186 518.654 864.265 490.906 467.61 550.728 467.52 810.956 434.923 416.847 404.053 379.097 957.767 403.285
threshold=0.014649550823409728 -0.23718330735613211 -0.091977188111314431 0.26682531529828107 -1643.4999999999998 0.091958184557250813 -2200.4999999999995 -1772.4999999999998 -4548.4999999999991 -4111.4999999999991 -4072.4999999999995 0.03145418796726436 0.066003353128868195 0.34707310947928471 0.015729054558439658 -0.1092663387787866 0.0050994174435397008 -4936.4999999999991 -4548.4999999999991 -0.33780761432538642 -4287.4999999999991 -4350.4999999999991 -1925.4999999999998 -2139.9999999999995 -2728.4999999999995 0.043704046596077524 -2220.4999999999995 -2387.9999999999995 -1772.4999999999998 -4530.4999999999991
decision_type=10 8 10 10 2 10 2 2 2 2 2 10 10 10 10 8 10 2 2 10 2 2 2 2 2 8 2 2 2 2
left_child=2 8 5 11 12 17 24 22 -2 -10 -11 15 20 -14 -6 27 -17 -1 -19 -12 21 -4 23 -8 -5 -20 -7 29 -29 -3
right_child=1 3 4 6 14 26 7 -9 9 10 19 -13 13 -15 -16 16 -18 18 25 -21 -22 -23 -24 -25 -26 -27 -28 28 -30 -31
leaf_value=-0.044957215816770972 0.069446358986310977 0.039709521319515349 -0.014061581779950004 0.01802420212857132 -0.059811832190789088 0.018259810809307178 0.088912288047239454 0.011765608341122787 -0.010536110253875949 0.10265547326936555 0.052020782616511156 0.012180621553694123 0.053277244900394406 -0.01447438617644687 -0.03038745833017803 -0.011351692214991082 0.002423014318648397 0.060895206343378618 -0.009247243173585034 0.027107668530750813 -0.034937771473311098 0.093943002189899455 0.073928174949278044 0.022053025457717812 -0.009369559365362148 0.081038841728410874 0.1087683500011396 0.066931715922314686 0.0041555067577572239 -0.0031331000332430526
leaf_weight=801.26220941543579 1671.5198082029819 610.09594996273518 728.2563155144453 8614.6189470142126 7763.8260659724474 163.26071751117706 629.24576580524445 3373.8483150601387 1760.597721233964 410.87051130831242 2660.940172046423 10229.048483967781 351.40333868563175 5735.938144788146 2184.506270378828 20481.471180856228 14921.848891496658 499.36241734027863 6262.6282200962305 7696.9610100537539 9132.3716057986021 140.85964596271515 2001.540678486228 1624.2180627733469 1741.9155430197716 130.50664301216602 503.91846477985382 870.85291483998299 2009.8425385206938 5511.0339853316545
leaf_count=3723 7311 2713 3306 38405 36237 731 2740 15070 7864 1793 11703 45698 1552 26113 10017 92695 67107 2214 28389 34095 41996 640 8734 7208 7779 575 2192 3893 9018 24761
internal_value=6.03884e-06 0.010447 -0.0263469 0.0057868 -0.0349933 0.000579099 0.0232624 0.0366283 0.0342781 0.0295864 0.0361461 3.39029e-05 -0.0236422 -0.0105633 -0.0533507 -0.00276418 -0.00554591 -0.00688216 -0.00245588 0.0335078 -0.0316025 0.00344297 0.0563423 0.0407225 0.0134167 -0.00740418 0.0866206 0.00817607 0.0231332 0.00113704
internal_weight=121219 86820.5 34398.1 72619.6 26037.2 8360.94 17985.4 7628.85 14200.9 12529.4 10768.8 54634.2 16088.8 6087.34 9948.33 44405.1 35403.3 7693.76 6892.5 10357.9 10001.5 869.116 4255 2253.46 10356.5 6393.13 667.179 9001.83 2880.7 6121.13
internal_count=546272 388587 157685 325821 119861 37824 79936 33752 62766 55455 47591 245885 73607 27665 46254 200187 159802 34901 31178 45798 45942 3946 18682 9948 46184 28964 2923 40385 12911 27474
is_linear=0
shrinkage=0.05


Tree=3
num_leaves=31
num_cat=0
split_feature=9 32 7 7 28 9 32 7 28 32 33 33 9 32 38 11 33 33 32 7 33 33 33 32 43 33 32 34 32 33
split_gain=12132.1 4447.3 2960.38 2154.62 2359.42 2104.28 1606.13 1018.2 946.072 853.705 1481.26 875.967 834.345 818.72 768.234 753.473 723.021 653.834 619.425 569.702 553.257 549.578 611.228 576.416 542.549 1103.76 642.807 791.65 533.316 766.114
threshold=0.014765686044123568 3.5000000000000004 -0.14058517572133625 -0.27173271897279822 0.077647754520739784 0.0057127278243896233 1.5000000000000002 -0.23484097000072776 -0.00073183322303256289 8.5000000000000018 -2200.4999999999995 -1787.4999999999998 0.036063383592257928 5.5000000000000009 -0.08285203487593594 0.381165514834788 -4613.4999999999991 -4287.4999999999991 11.500000000000002 -0.19230769230769221 -4130.4999999999991 -4492.4999999999991 -4396.4999999999991 7.5000000000000009 3.5000000000000004 -4287.4999999999991 10.500000000000002 2.8707317708119455 8.5000000000000018 -2220.4999999999995
decision_type=10 2 10 8 10 10 2 10 10 2 2 2 10 2 8 10 2 2 2 8 2 2 2 2 2 2 2 2 2 2
left_child=2 6 8 16 12 -4 14 -8 -1 10 -6 -12 19 -7 -2 -10 -3 -15 -11 21 -18 -5 -23 -24 -21 -26 28 -28 29 -27
right_child=1 3 5 4 9 13 7 -9 15 18 11 -13 -14 17 -16 -17 20 -19 -20 24 -22 22 23 -25 25 26 27 -29 -30 -31
leaf_value=-0.012026665435969263 0.050027870468410209 0.086486776317969458 -0.055910592736353459 0.060383358814678489 0.018726107928412769 -0.038040745704524717 0.010369508746168328 -0.025718874689459104 0.05613740789788213 0.0066005132680983652 0.078784547331308435 0.026488321119962008 0.023074982177583296 0.034922969041287187 0.0025418486925656773 0.0033736157793601918 0.00060501021639550699 -0.01888920921142238 0.045668665581462903 -0.0052172167459542179 0.042396304361599718 -0.039066042765296995 0.034118965177052991 0.0036961653709580832 0.048291473385816325 -0.0045518880203363563 0.081593276956564029 0.011441426835621849 -0.017514367568784554 0.029766209239217512
leaf_weight=6409.6307448595762 964.35694974660873 812.86449375748634 7723.1609258055687 666.09004645049572 3291.8896464407444 6841.0787406563759 2346.0563893467188 11710.912110596895 1051.8047257661819 3819.8443420380354 2851.8109948635101 1113.3339179307222 7451.0909652262926 598.27577657997608 7292.8549855798483 1896.74893219769 922.70889018476009 9991.92973741889 1381.5092659592628 14659.714817389846 5588.1991913616657 524.36266875267029 2785.3332625776529 3530.4049754440784 1549.1360963135958 5192.8273819684982 530.26642821729183 1664.5814389884472 3455.7803056687117 2367.7659672051668
leaf_count=29230 4262 3471 36846 2902 14514 31723 10409 53198 4608 17026 12244 4888 32915 2696 32637 8576 4097 46103 6075 66193 24313 2354 12344 15712 6923 23350 2373 7450 15593 10608
internal_value=-0.00019021 0.00981248 -0.0252526 0.0164996 0.0132104 -0.0341845 -0.00941473 -0.0196959 -0.00124404 0.0324374 0.0435182 0.0641008 0.00781269 -0.0245585 0.00808772 0.0221955 0.0420247 -0.0158492 0.0169772 0.00473302 0.0364738 0.0170283 0.0128064 0.0171131 0.00159602 0.0083628 0.0036808 0.0283898 -0.00124211 0.00619558
internal_weight=120986 86473.7 34512.6 64159.5 56835.7 25154.4 22314.2 14057 9358.18 12458.4 7257.03 3965.14 44377.4 17431.3 8257.21 2948.55 7323.77 10590.2 5201.35 36926.3 6510.91 7506.19 6840.1 6315.74 29420.1 14760.4 13211.2 2194.85 11016.4 7560.59
internal_count=545633 385851 159782 285345 253464 117368 100506 63607 42414 54747 31646 17132 198717 80522 36899 13184 31881 48799 23101 165802 28410 33312 30410 28056 132490 66297 59374 9823 49551 33958
is_linear=0
shrinkage=0.05


Tree=4
num_leaves=31
num_cat=0
split_feature=10 10 10 32 32 33 33 32 33 33 5 28 32 32 33 33 32 34 33 33 32 32 33 33 34 33 33 33 33 33
split_gain=12953.5 4534.56 2443.27 2412.37 1563.66 1457.04 1443.99 1266.33 1192.87 2881.25 1163.21 1015.9 938.74 829.703 748.129 676.07 643.49 627.551 621.848 1087.44 671.613 973.845 936.379 1067.06 578.737 691.619 578.13 556.749 921.861 517.476
threshold=0.015819799294082292 0.028637177715649702 0.0089203315438051035 3.5000000000000004 3.5000000000000004 -4961.4999999999991 -4492.4999999999991 1.5000000000000002 -1772.4999999999998 -2220.4999999999995 -0.19457222202350047 0.077647754520739784 3.5000000000000004 7.5000000000000009 -4548.4999999999991 -4786.4999999999991 5.5000000000000009 4.0664589915953142 -4396.4999999999991 -4287.4999999999991 8.5000000000000018 10.500000000000002 -3907.4999999999995 -3180.4999999999995 2.8593355435749763 -1695.4999999999998 -4396.4999999999991 -2808.4999999999995 -2446.4999999999995 -2220.4999999999995
decision_type=8 10 10 2 2 2 2 2 2 2 10 10 2 2 2 2 2 2 2 2 2 2 2 2 2 2 2 2 2 2
left_child=2 3 -1 7 -3 -5 16 14 9 15 26 18 -4 17 -2 -6 -7 -11 -12 -20 29 -22 -23 -24 25 -14 -8 -25 -29 -21
right_child=1 4 12 5 8 6 10 -9 -10 13 11 -13 24 -15 -16 -17 -18 -19 19 20 21 22 23 27 -26 -27 -28 28 -30 -31
leaf_value=-0.054463040931453925 0.042784232420788618 0.004506040609499759 -0.039905408929299391 -0.043268164199645874 0.079709410794734911 0.076037618112580807 -0.02566790499465162 -0.027388363210959599 0.0078812413349322475 0.095054751776036076 -0.040945511045484551 0.022239912194418163 0.024004329127206771 0.044971193928196353 -0.0059371093366906514 0.020706854310735157 0.026276665044088529 0.041802254323532906 0.042738189308644939 -0.0018744167921523525 -0.023999146655191587 -0.045401144209902232 0.049666477776831697 -0.036921376964585702 -0.018854511520275757 -0.04357121006229072 0.033122617160625305 0.066678572697648861 -0.0038875394189397347 0.018177725848720704
leaf_weight=7911.3510488420725 956.0482519865036 8658.032859146595 4819.077004507184 1441.2283726036549 502.2342014759779 880.67851100862026 460.47885529696941 9929.657111659646 5339.6803229302168 2282.9986379295588 972.10837073624134 5251.36891515553 1730.0216454714537 2989.3526719212532 4480.1956655085087 14571.725528404117 2476.9981554895639 730.17623607814312 1397.3760085254908 9329.9419526308775 6689.8135988414288 858.08269509673119 1336.5620923936367 881.82092608511448 10750.005491912365 484.73189210891724 4551.0407091975212 553.7641821205616 2818.1709063500166 4910.9796972721815
leaf_count=38695 4224 38589 22600 6741 2152 3813 2083 45671 23495 9685 4407 23129 7935 12899 20196 63748 10922 3119 6241 42181 30425 3901 5971 3971 49703 2274 19925 2492 12739 22107
internal_value=0.000157986 0.00865685 -0.0313468 0.000328001 0.0229465 0.00619031 0.0078339 -0.0167678 0.0289905 0.0343385 0.00519095 0.001965 -0.0210633 0.0636345 0.0026313 0.0226727 0.0393284 0.0821502 -0.00161402 -0.000285352 -0.00248119 -0.0106342 0.003231 0.0106958 -0.0140595 0.00921441 0.0277207 -0.00154912 0.00770135 0.00504056
internal_weight=120946 95250.5 25695.2 60176.3 35074.2 44810.4 43369.2 15365.9 26416.2 21076.5 40011.5 35000 17783.8 6002.53 5436.24 15074 3357.68 3013.17 29748.6 28776.5 27379.1 13138.2 6448.4 5590.32 12964.8 2214.75 5011.52 4253.76 3371.94 14240.9
internal_count=546033 424826 121207 271139 153687 201048 194307 70091 115098 91603 179572 157564 82512 25703 24420 65900 14735 12804 134435 130028 123787 59499 29074 25173 59912 10209 22008 19202 15231 64288
is_linear=0
shrinkage=0.05


Tree=5
num_leaves=31
num_cat=0
split_feature=10 10 32 32 10 5 28 32 32 32 43 32 34 32 12 43 43 9 34 9 11 32 5 43 32 39 28 5 5 32
split_gain=11647.7 4784.87 2704.75 1512.24 1338.86 1299 1294.12 1212.47 677.952 723.651 607.578 829.797 600.354 598.776 597.817 536.861 518.087 508.165 477.06 464.893 437.969 424.229 401.254 396.52 545.567 372.886 355.406 440.854 338.619 338.424
threshold=0.013674384081579831 0.028255078021835269 3.5000000000000004 3.5000000000000004 0.0080873621365667812 -0.18196329929268842 0.077647754520739784 1.5000000000000002 8.5000000000000018 10.500000000000002 3.5000000000000004 8.5000000000000018 3.0978349487009709 10.500000000000002 0.24285714285714269 1.5000000000000002 1.5000000000000002 0.01148100659666681 2.8707317708119455 0.039474502977677982 0.40424860570865656 1.5000000000000002 -0.1129141653458917 1.0000000180025095e-35 5.5000000000000009 1.0000000180025095e-35 0.1001184710061133 -0.18823529411764681 0.24589858086616226 11.500000000000002
decision_type=8 10 2 2 10 8 10 2 2 2 2 2 2 2 10 2 2 10 2 10 10 2 10 2 2 10 10 10 10 2
left_child=4 2 7 21 -1 16 10 15 14 19 11 20 -11 -12 -5 25 -4 -13 -15 -10 -7 -3 -9 24 -22 -2 27 -16 -24 -6
right_child=1 3 5 8 29 6 -8 22 9 12 13 17 -14 18 26 -17 -18 -19 -20 -21 23 -23 28 -25 -26 -27 -28 -29 -30 -31
leaf_value=-0.05456190623247336 0.057147105156275829 0.016054346694213472 0.068431012993387538 0.072444319415648037 -0.029000877146122685 0.045529688107070421 0.021921995066291822 -0.010831105730443186 -0.0035593190074608111 0.05138801566028324 0.00054061591548441108 -0.039968457482061126 0.019719269556575606 0.064472493980296905 0.049686019406714688 -0.006524201241392533 0.021552136876522673 -0.012245756992010803 0.015086104423388692 0.025331391416778509 0.065825500778965582 -0.0058956937822143337 -0.036624407406823871 -0.0032892694677557413 -0.017763886155932062 -0.019684221246280161 0.045359924166411381 0.022023086842722649 -0.00010084250077896629 0.003218616581684969
leaf_weight=6862.073321133852 603.64575676620007 3791.669847548008 669.43294769525528 960.85040374100208 10053.492906987667 558.60480411350727 6632.7651034146547 2485.9684916436672 4099.523554995656 2193.1973419934511 13883.947140067816 2060.4183301925659 4711.2627654373646 612.74401868879795 1743.7899946421385 5228.0409652888775 4927.9094742536545 8359.7199079394341 2421.1061528772116 2108.6678861826658 499.17006307840347 5247.9340740740299 7826.7195201069117 8429.044927239418 320.55897106230259 213.87231914699078 3493.1988390833139 8274.0253736823797 690.60301919281483 886.91240753233433
leaf_count=34429 2607 16727 2800 4008 47426 2515 29088 11395 18108 9483 62843 9741 20463 2691 7429 23747 21590 38099 10824 9142 2155 23546 36686 38242 1415 950 14716 36047 3193 4161
internal_value=9.77199e-05 0.00654957 -0.0014507 0.0210595 -0.0372484 0.00447804 0.00157814 -0.018621 0.0268756 0.0186408 -0.00205451 -0.00790267 0.0297788 0.00493776 0.034337 -0.000632215 0.0271588 -0.0177275 0.0250606 0.00625367 0.00253599 0.00331127 -0.0285046 -6.07274e-05 0.0331375 0.0370471 0.031627 0.0268383 -0.033663 -0.0263889
internal_weight=120851 103048 66424.3 36624.1 17802.5 49375.4 43778.1 17048.9 27584.5 13112.7 37145.3 20227.5 6904.46 16917.8 14471.9 6045.56 5597.34 10420.1 3033.85 6208.19 9807.38 9039.6 11003.3 9248.77 819.729 817.518 13511 10017.8 8517.32 10940.4
internal_count=546266 460250 300581 159669 86016 222003 197613 78578 119396 57196 168525 92167 29946 76358 62200 27304 24390 47840 13515 27250 44327 40273 51274 41812 3570 3557 58192 43476 39879 51587
is_linear=0
shrinkage=0.05


Tree=6
num_leaves=31
num_cat=0
split_feature=10 10 10 38 28 7 38 7 12 33 33 33 7 33 33 33 33 33 33 33 33 33 33 37 33 43 33 33 33 33
split_gain=10708.2 4169.44 1536.2 1461.35 1056.09 962.765 758.321 674.421 577.248 437.559 571.892 411.964 604.093 410.526 390.243 1765.04 406.7 1424.41 564.076 577.614 409.638 503.977 403.205 382.099 381.919 357.712 355.308 541.29 345.954 2109.79
threshold=0.01436154621983014 0.027339938718725025 0.0076331482101830691 -0.12314929275557439 -0.00073183322303256289 -0.29368858989112151 0.20212760726200343 -0.18649097869753054 0.14285714285714296 -4287.4999999999991 -4350.4999999999991 -4961.4999999999991 -0.019395245559038595 -1428.4999999999998 -1772.4999999999998 -1941.4999999999998 -2220.4999999999995 -2124.4999999999995 -2728.4999999999995 -2793.4999999999995 -4548.4999999999991 -4111.4999999999991 -2024.4999999999998 0.0027548209365931835 -4548.4999999999991 1.5000000000000002 -4530.4999999999991 -4111.4999999999991 -1925.4999999999998 -1772.4999999999998
decision_type=8 10 10 8 10 10 10 8 10 2 2 2 8 2 2 2 2 2 2 2 2 2 2 8 2 2 2 2 2 2
left_child=2 3 -1 25 7 -3 8 26 13 10 -4 -9 -13 -7 15 16 18 -18 19 20 -10 -22 -19 24 -6 -2 -5 -28 -25 -30
right_child=1 5 9 4 23 6 -8 11 14 -11 -12 12 -14 -15 -16 -17 17 22 -20 -21 21 -23 -24 28 -26 -27 27 -29 29 -31
leaf_value=-0.054051154431724729 0.053297729809304778 0.038469233808092584 -0.01080456310813125 0.046217402520753348 0.028188657155330272 0.068368980879170524 0.03422670805959481 -0.041163737857568106 0.025958977987577209 -0.026436097311592816 0.090751187222124344 -0.015721965591523526 0.015474990409957257 -0.05357112918893308 0.00045126257822954412 0.062322571659055442 0.075399215105003914 0.024785627921326329 -0.0072802505801305307 0.060498003706373017 -0.01684446980124207 0.011449106233943181 -0.017864309243844096 0.0035845169882460191 -0.0060954888923686421 0.018759601670618978 -0.028689621342859396 0.0096382303145689588 0.08299864228908968 4.579087492486126e-05
leaf_weight=6311.2467663288116 983.23892495036125 5510.5511406064034 631.46074065566063 468.1213231831789 871.87584860622883 681.5990369617939 4881.4889834523201 1398.9139679521322 3273.4078336209059 12663.95142057538 177.61922797560692 18510.525146380067 1693.725751504302 76.79900860786438 5976.7013244181871 1800.2039932906628 1036.379968509078 1159.9830261170864 4609.9052587449551 611.16192191839218 2000.4511722773314 7381.1622515022755 1061.03409935534 12494.793499201536 11890.822150453925 3156.0103725343943 1200.3379344940186 3960.8146868646145 1012.9229484200478 3150.8071878701448
leaf_count=32502 4156 23465 2935 2020 3818 2821 20955 6729 14119 60373 794 85352 7612 344 26438 7581 4348 5025 20399 2659 8876 32443 4709 55956 54120 13895 5490 17701 4323 14172
internal_value=-6.0965e-05 0.00653684 -0.0336944 -0.00171587 -0.00381128 0.0190604 0.0159649 -0.0109069 0.0129602 -0.0241586 0.0114902 -0.0149236 -0.0131067 0.0560207 0.0118306 0.0147961 0.0107477 0.0269966 0.00778684 0.0130226 0.0107298 0.00541604 0.00441071 0.00275651 -0.00375339 0.0269638 0.00450739 0.000724257 0.00774398 0.020226
internal_weight=120638 100854 19784.3 60792.9 56653.7 40060.8 34550.3 27232.4 29668.8 13473 809.08 21603.2 20204.3 758.398 28910.4 22933.7 21133.5 3257.4 17876.1 13266.2 12655 9381.61 2221.02 29421.2 12762.7 4139.25 5629.27 5161.15 16658.5 4163.73
internal_count=546130 449526 96604 275344 257293 174182 150717 124904 129762 64102 3729 99693 92964 3165 126597 100159 92578 14082 78496 58097 55438 41319 9734 132389 57938 18051 25211 23191 74451 18495
is_linear=0
shrinkage=0.05


Tree=7
num_leaves=31
num_cat=0
split_feature=10 10 32 32 10 33 33 32 32 33 33 33 33 33 33 33 33 32 33 32 33 38 7 33 32 33 34 33 33 32
split_gain=9869.3 3846.03 2015.2 1750.33 1250.45 1228.5 3036.44 1054.02 1040.02 986.075 2363.71 963.707 1179.99 1403.31 884.058 2484.73 1135.8 864.099 814.458 744.593 1335.88 923.059 659.139 634.72 882.243 628.102 600.86 573.682 570.527 568.206
threshold=0.013674384081579831 0.02521568506882356 3.5000000000000004 3.5000000000000004 0.0085227743256180936 -1772.4999999999998 -2220.4999999999995 8.5000000000000018 7.5000000000000009 -3243.4999999999995 -3540.4999999999995 -4961.4999999999991 -4287.4999999999991 -3907.4999999999995 -2220.4999999999995 -1564.4999999999998 -4768.4999999999991 1.5000000000000002 -4786.4999999999991 5.5000000000000009 -2891.4999999999995 -0.11516487413119546 -0.23050742150683703 -2584.4999999999995 10.500000000000002 -3874.4999999999995 3.9049978834167329 -4548.4999999999991 -4130.4999999999991 1.5000000000000002
decision_type=8 10 2 2 10 2 2 2 2 2 2 2 2 2 2 2 2 2 2 2 2 10 10 2 2 2 2 2 2 2
left_child=4 2 17 29 -1 6 18 14 -8 10 11 -9 -13 -14 16 -16 -4 27 -5 21 -21 28 -11 24 -20 -26 -12 -2 -18 -3
right_child=1 3 7 5 -6 -7 8 9 -10 22 26 12 13 -15 15 -17 19 -19 23 20 -22 -23 -24 -25 25 -27 -28 -29 -30 -31
leaf_value=-0.05139563325632867 0.034741991483207897 0.012783920363941556 0.059291389649844942 0.067190194038246095 -0.023939521475370887 0.0038438030489891953 0.072819267589321432 -0.040458550216094076 0.035229411492743459 0.020297307228286644 0.10897995374298251 0.037068849866104606 -0.039357890633842998 0.020288616018852748 0.072016641675080581 0.004563906807363685 -0.034836179392347115 -0.029089132384033985 0.01232410619031103 0.019168020845290096 -0.032463169786546377 -0.022855054373885537 -0.02028671302870386 -0.0047576026732212007 0.01789172889133139 0.056155623385214598 0.021303829850654092 -0.010685929430021154 0.046784920208951156 -0.0092850713422693281
leaf_weight=6918.8104279637337 837.25543186068535 4895.0704203397036 857.87489978969097 773.53925693035126 10351.196174055338 7717.9579999446869 3679.553249925375 1371.2671910971403 3680.8248887807131 1115.2301158756018 641.27972917258739 2023.2349965125322 1996.4930160343647 1948.5096920728683 1983.1585802435875 4381.9583181738853 283.49683746695518 8855.2714318335056 13007.589374929667 6843.8181435614824 1533.521006166935 4874.5297380834818 9723.0667898207903 3417.0135641396046 1999.1366620212793 2313.759952172637 281.05509559810162 4089.3916888237 874.58947837352753 7216.3397872000933
leaf_count=36423 3632 21528 3633 3208 49715 33876 15181 6704 15574 4844 2800 8863 9192 8750 8586 19670 1282 41899 56572 30773 6937 22198 44601 14858 8635 9922 1247 18693 3746 32741
internal_value=4.50627e-05 0.0058986 -0.00322389 0.0161102 -0.0349391 0.0215638 0.0263007 0.00236793 0.0540211 -0.00619181 0.00682033 -0.00266035 0.00602419 -0.00989738 0.00992548 0.0255799 0.00339918 -0.0197507 0.0168157 7.17217e-05 0.00971663 -0.0133219 -0.0161107 0.0149366 0.018822 0.0384193 0.0822632 -0.00296571 0.0268043 -0.000365444
internal_weight=120486 103216 54515 48700.8 17270 36589.4 28871.4 40733.1 7360.38 19100.1 8261.84 7339.5 5968.24 3945 21632.9 6365.12 15267.8 13781.9 21511 14410 8377.34 6032.62 10838.3 20737.5 17320.5 4312.9 922.335 4926.65 1158.09 12111.4
internal_count=546283 460145 248050 212095 86138 157826 123950 183826 30755 87001 37556 33509 26805 17942 96825 28256 68569 64224 93195 64936 37710 27226 49445 89987 75129 18557 4047 22325 5028 54269
is_linear=0
shrinkage=0.05


Tree=8
num_leaves=31
num_cat=0
split_feature=10 10 32 10 5 38 32 32 33 33 5 33 34 38 43 33 32 32 32 32 33 33 33 34 5 33 33 33 33 32
split_gain=9044.45 3439.58 2424.08 1290.1 1214.52 1138 1069.59 913.647 722.116 1719.91 721.622 668.588 644.964 574.48 562.696 543.748 495.584 468.599 465.612 479.643 668.97 1380.73 681.392 468.949 439.808 431.295 430.397 421.213 429.665 380.156
threshold=0.013954452675756136 0.030187088329312748 3.5000000000000004 0.0085227743256180936 -0.1598185312848385 0.0045781654679056824 1.5000000000000002 3.5000000000000004 -1787.4999999999998 -2200.4999999999995 -0.067072708622362295 -4548.4999999999991 4.0421733044834189 -0.09606544652773856 1.5000000000000002 -4492.4999999999991 8.5000000000000018 7.5000000000000009 11.500000000000002 8.5000000000000018 -2200.4999999999995 -1564.4999999999998 -2870.4999999999995 2.9130539740865466 0.45557537550523391 -4287.4999999999991 -4350.4999999999991 -4376.4999999999991 -4287.4999999999991 4.5000000000000009
decision_type=8 10 2 10 8 10 2 2 2 2 8 2 2 8 2 2 2 2 2 2 2 2 2 2 8 2 2 2 2 2
left_child=3 2 6 -1 14 10 11 -3 9 -9 15 -2 17 -13 -4 -6 24 -11 19 20 22 -22 29 -21 -12 26 -5 -17 -29 -7
right_child=1 7 4 25 5 18 -8 8 -10 12 16 13 -14 -15 -16 27 -18 -19 -20 23 21 -23 -24 -25 -26 -27 -28 28 -30 -31
leaf_value=-0.050107464235118339 0.036453656810630376 0.0046256069741390203 0.057697798672095471 -0.0056146479567941131 0.049345648930123248 -0.022829400523765947 -0.025200645482015883 0.019854716377180313 0.0075725095388296422 0.082745849779018082 -0.0050719047837800048 0.049658378929284486 0.022960937838102383 -0.0115478636817121 0.017712391885195067 -0.041544693236134321 -0.019247235641078442 0.047362625539582544 0.03422134364036513 0.024032313044271329 0.063094319820021588 0.0031812084619301916 -0.03864129322764559 -0.008877419817222015 0.042907647328502607 -0.024860361120510738 0.089479107776372593 0.062615873963126178 0.0029065174688117715 0.016040371226200341
leaf_weight=6744.4315322339535 1058.9859228432178 7474.1266773194075 995.9756810516119 504.71049089729786 662.11063060164452 716.48593236505985 11573.50075660646 13140.923802599311 4828.3962926566601 1833.9507184624672 6458.7505497932434 414.64240643382072 1229.9875576049089 5083.9728979021311 7546.5378920435905 513.96578815579414 9077.9660012722015 1910.497805505991 1953.8374630659819 1363.6962802112103 1833.2557088136673 2022.5199244171381 773.04621842503548 5249.0565998107195 515.77100220322609 10442.613983377814 155.69459082186222 312.33252067863941 8522.3903277367353 5154.0215376466513
leaf_count=36429 4550 33099 4107 2376 2809 3251 54970 56084 20913 7426 29283 1821 5086 23187 32839 2352 42176 7966 8529 6092 7651 8981 3503 23637 2216 50692 681 1376 38570 22852
internal_value=-1.74523e-05 0.00571665 -0.000252971 -0.0328594 0.00508667 0.00181429 -0.0160594 0.0198082 0.0247541 0.0293336 -0.00497659 7.40138e-05 0.0543739 -0.00693239 0.0223743 0.00555871 -0.0115467 0.0646926 0.0110975 0.00845723 0.0151006 0.0316673 0.00548561 -0.0020907 -0.00152378 -0.0223822 0.0168043 0.00245755 0.00501741 0.0112964
internal_weight=120068 102221 71802.8 17847.5 53671.7 45129.2 18131.1 30417.9 22943.8 18115.4 26063.3 6557.6 4974.44 5498.62 8542.51 10010.8 16052.5 3744.45 19065.9 17112.1 10499.3 3855.78 6643.55 6612.75 6974.52 11103 660.405 9348.69 8834.72 5870.51
internal_count=545504 455326 324752 90178 240224 203278 84528 130574 97475 76562 118782 29558 20478 25008 36946 45107 73675 15392 84496 75967 46238 16632 29606 29729 31499 53749 3057 42298 39946 26103
is_linear=0
shrinkage=0.05


Tree=9
num_leaves=31
num_cat=0
split_feature=9 32 5 7 8 38 33 32 33 33 33 5 7 33 32 38 33 34 32 32 33 33 33 32 33 32 34 33 33 33
split_gain=7495.37 2739.94 2133.43 1591.69 1502.71 1419.92 1240.16 1210.29 954.606 971.548 1033.88 969.134 895.497 752.322 695.187 592.02 556.279 520.06 518.577 607.739 815.305 1976.51 843.201 830.333 603.967 563.742 565.913 537.109 719.084 811.843
threshold=0.01278007536219857 3.5000000000000004 -0.073004503781686811 -0.29368858989112151 0.082352941176470643 0.065333558848593057 -1643.4999999999998 1.5000000000000002 -4961.4999999999991 -4492.4999999999991 -4396.4999999999991 -0.14090909090909184 -0.22855810234541571 -4287.4999999999991 4.5000000000000009 -0.08285203487593594 -4548.4999999999991 3.0228579809699494 11.500000000000002 8.5000000000000018 -2220.4999999999995 -1787.4999999999998 -2667.4999999999995 5.5000000000000009 -3874.4999999999995 10.500000000000002 2.8094027068525489 -3150.4999999999995 -2777.4999999999995 -2417.4999999999995
decision_type=8 2 8 8 10 10 2 2 2 2 2 10 10 2 2 8 2 2 2 2 2 2 2 2 2 2 2 2 2 2
left_child=2 7 4 -3 16 8 14 15 -5 -10 -11 -12 -9 -13 -4 -2 -1 -16 19 20 22 -22 23 -15 -20 -21 -27 -26 -29 -30
right_child=1 3 6 5 -6 -7 -8 12 9 10 11 13 -14 18 17 -17 -18 -19 24 25 21 -23 -24 -25 27 26 -28 28 29 -31
leaf_value=0.056385300208481683 0.041449148638352654 0.03602863477452161 -0.040871379168956695 -0.037841000741758099 0.068682271644272 0.021577950949233184 -0.049190886226637517 0.0090968557077616228 0.028109974453279681 -0.038314715906384633 0.019292273735023915 0.039987373992148217 -0.022864795678815421 -0.016821272225859406 0.013584389127746781 0.001375269380618003 -0.012539155914836673 -0.020363542051175836 -0.03834853736211085 -0.019203692718771981 0.058052158475038244 -0.0018594314589545817 -0.031865608966934474 0.016379394309805412 0.061292000424463526 0.041970010289464198 -0.0050909126650538145 -0.048086684856730684 0.087657414221151392 0.0088487134031357082
leaf_weight=310.64484579861164 1040.9795394688845 5864.1458329409361 3443.6805190443993 1288.7951132208109 712.78497603535652 16452.259023413062 7546.8934593647718 2666.6919722557068 4418.2818077653646 1429.2986199855804 9191.7313351631165 1190.2599238306284 12298.968839555979 3210.5055311769247 1421.4946197867393 8038.028259858489 5079.8227981328964 5466.795954182744 424.56590409576893 7829.9611944854259 2048.47370223701 4197.364223882556 2291.0194273740053 4555.1635460108519 774.98496575653553 772.9928635507822 3679.8836627453566 396.62042231857777 416.46774140000343 1517.5445764511824
leaf_count=1325 4490 24548 17139 6469 2979 70630 40353 11957 18822 6542 39819 5212 58436 14656 6615 36019 24130 26560 1950 35887 8600 18792 10396 20310 3341 3385 16585 1789 1793 6742
internal_value=-6.63738e-05 0.00618013 -0.0250697 0.0110634 0.000454644 0.0088481 -0.0337829 -0.00843234 0.00462851 0.00576067 0.00351271 0.00491948 -0.0171696 0.000952873 -0.0225282 0.00597005 -0.00856714 -0.0133579 -0.000493816 -0.00272659 0.00360158 0.01779 -0.00521033 0.00265348 0.0175859 -0.0111257 0.00307858 0.0252327 0.0132422 0.0258193
internal_weight=119977 95995 23982.1 71950.3 6103.25 66086.2 17878.9 24044.7 49633.9 48345.1 43926.8 42497.5 14965.7 33305.8 10332 9079.01 5390.47 6888.29 32115.5 28585.4 16302.5 6245.84 10056.7 7765.67 3530.18 12282.8 4452.88 3105.62 2330.63 1934.01
internal_count=546271 427170 119101 316268 28434 291720 90667 110902 221090 214621 195799 189257 70393 149438 50314 40509 25455 33175 144226 128611 72754 27392 45362 34966 15615 55857 19970 13665 10324 8535
is_linear=0
shrinkage=0.05


Tree=10
num_leaves=31
num_cat=0
split_feature=10 10 10 32 33 32 5 38 32 33 32 33 33 33 33 33 32 38 32 38 32 33 33 33 7 12 5 43 33 5
split_gain=7750.42 2447.05 1866.65 1564.64 952.755 933.666 927.212 897.63 755.455 666.827 612.464 580.788 1313.86 536.235 459.646 431.8 429.638 411.167 408.35 399.344 398.778 540.739 1114.36 503.693 378.879 372.813 341.799 336.008 430.507 395.81
threshold=0.01604010240706006 0.030798319423508694 0.0092406241899698344 3.5000000000000004 -4961.4999999999991 1.5000000000000002 -0.14090909090909184 0.0094832301404763637 3.5000000000000004 -4492.4999999999991 3.5000000000000004 -1787.4999999999998 -2220.4999999999995 -4548.4999999999991 -4492.4999999999991 -3841.4999999999995 11.500000000000002 -0.06957928802597467 8.5000000000000018 -0.16919596014487689 8.5000000000000018 -2200.4999999999995 -1564.4999999999998 -2634.9999999999995 -0.29368858989112151 4.7250000000000014 -0.044428670816760434 3.5000000000000004 -4287.4999999999991 -0.11481807778234958
decision_type=8 10 10 2 2 2 10 10 2 2 2 2 2 2 2 2 2 8 2 8 2 2 2 2 10 8 10 2 2 10
left_child=2 3 -1 5 -5 13 19 9 -4 -8 -3 12 24 -2 -10 -15 20 -17 -14 -6 21 23 -23 -9 -12 -7 -11 29 -29 -16
right_child=1 10 8 4 6 25 7 16 14 26 11 -13 18 15 27 17 -18 -19 -20 -21 -22 22 -24 -25 -26 -27 -28 28 -30 -31
leaf_value=-0.046361816358853634 0.035349084435654425 0.0057545084203232079 -0.033455054596001559 -0.036572523338620502 0.044676147785881748 -0.025228709913524296 0.029162239210350351 0.010696579631356494 0.049210771387697298 0.00036048194426979534 0.036596923208867468 0.0068418299005221662 0.057471475709701916 -0.043837150768226862 0.0027322359213696992 0.044224997445598019 0.035116753600411617 -0.0036925325007904301 0.027269895894418555 0.015674850801158022 -0.0015570523899292711 0.059303366063121969 0.0030426505578667602 -0.037929222785985262 0.013638983630900967 0.0021331917306157411 -0.013162389038646428 0.054484241349798429 -0.0063812488572050526 -0.026961649319959743
leaf_weight=7220.2346647530794 1073.5747225284576 6983.7486206740141 4651.8161350935698 1306.5672821700573 1342.5897210985422 8881.8463972210884 1386.6637437343597 5108.68924087286 320.05351074039936 8861.574822679162 2202.6158787161112 4523.3533929884434 3561.7724218070507 588.1109561920166 1476.7901099026203 505.07322345674038 1709.8237970620394 3939.8284278661013 1632.0526930391788 10243.066481679678 5838.662985637784 1721.7859016656876 1800.5747338235378 594.5440689176321 9761.5221724063158 1447.8467674553394 9885.3565431982279 304.86552864313126 6174.6561159342527 4674.7222950607538
leaf_count=40547 4560 30926 23221 6671 5567 42770 5880 22449 1422 40134 9102 19499 14364 2692 6840 2182 7325 17897 6809 44247 26102 7038 7943 2722 41582 6931 45473 1321 29291 22796
internal_value=-7.89361e-05 0.00642736 -0.0249531 0.00114553 0.00556039 -0.0122309 0.00669559 0.00282194 -0.0161719 -0.00429542 0.018632 0.02278 0.0269818 0.00326822 -0.00996402 -0.00357484 0.0113648 0.00175233 0.0479813 0.0190356 0.00866887 0.0151406 0.0305438 0.00562749 0.0178656 -0.0213936 -0.0067702 -0.0114634 -0.00351749 -0.0198331
internal_weight=119724 94901.2 24823.1 66236.2 49799.9 16436.3 48493.3 36907.7 17602.9 20133.6 28665.1 21681.3 17158 6106.59 12951.1 5033.01 16774.1 4444.9 5193.83 11585.7 15064.3 9225.59 3522.36 5703.23 11964.1 10329.7 18746.9 12631 6479.52 6151.51
internal_count=546303 420865 125438 298583 221551 77032 214880 165066 84891 91487 122282 91356 71857 27331 61670 22771 73579 20079 21173 49814 66254 40152 14981 25171 50684 49701 85607 60248 30612 29636
is_linear=0
shrinkage=0.05


Tree=11
num_leaves=31
num_cat=0
split_feature=10 10 32 32 10 33 33 32 32 33 33 33 33 33 33 43 33 33 32 33 32 7 32 7 5 38 32 5 33 33
split_gain=7098.16 2845.04 1232.11 1215.92 1038.01 955.189 2504.23 1012.41 786.695 854.316 1616.21 747.12 657.43 867.253 1062.05 650.552 850.763 1674.41 826.947 1136.76 609.062 550.544 547.916 530.278 525.452 495.481 520.427 482.137 466.216 711.606
threshold=0.013674384081579831 0.023965746894597663 3.5000000000000004 3.5000000000000004 0.0076331482101830691 -1772.4999999999998 -2200.4999999999995 7.5000000000000009 8.5000000000000018 -3243.4999999999995 -3540.4999999999995 -4807.4999999999991 -4961.4999999999991 -4287.4999999999991 -3907.4999999999995 1.5000000000000002 -2220.4999999999995 -1564.4999999999998 5.5000000000000009 -2891.4999999999995 1.5000000000000002 -0.30291818734793174 10.500000000000002 -0.24947142097240663 0.12788129529971651 -0.15229422197613582 1.5000000000000002 -0.20899481565852571 -2431.4999999999995 -3874.4999999999995
decision_type=8 10 2 2 10 2 2 2 2 2 2 2 2 2 2 2 2 2 2 2 2 10 2 10 8 10 2 10 2 2
left_child=4 2 20 25 -1 6 11 -8 15 10 12 -5 -10 24 -15 -4 18 -18 27 -20 -2 -13 -23 -11 -14 -3 -27 -17 29 -24
right_child=1 3 8 5 -6 -7 7 -9 9 23 -12 21 13 14 -16 16 17 -19 19 -21 -22 22 28 -25 -26 26 -28 -29 -30 -31
leaf_value=-0.04823437044301758 -0.002982061047755058 0.037211060789510024 0.03899656418577524 0.073711264898138534 -0.02158541556583482 0.0022800876312791696 0.066179033262403 0.029236640241187658 -0.034748440730948287 0.024181394833261705 0.071531112976716327 0.032012019933024279 0.053380342825874172 -0.037376075313924007 0.017090469502945221 0.017962257748468258 0.06193280507590674 0.0026073590711892338 0.01703795756383885 -0.037040682558821578 -0.026355617047069676 0.0047272706548669788 0.0070573944637573596 -0.020447512857145713 -0.0026111103755437053 0.0093242924746042132 -0.011268092734254153 -0.024252199457633624 -0.013293442833344105 0.047348523658599956
leaf_weight=5550.9573745727539 4390.7370362281799 825.30868335068226 1512.1650519371033 501.88217061758041 10693.466815397143 8712.121242672205 3454.7350144684315 4004.042175129056 1291.9538831561804 719.65230338275433 823.29835367202759 3034.7146280109882 1158.0635516047478 1736.4712300747633 1846.939857006073 800.45880043506622 1730.5554390847683 3803.3398375064135 6121.8607914894819 1155.1136395782232 7631.0065490156412 16201.026926606894 1964.8925499022007 8861.230845823884 656.58252911269665 5222.7576065510511 7437.601451382041 4363.3199167251587 741.71949701011181 2477.8258344084024
leaf_count=32473 20026 3564 6436 2034 53676 38170 13947 16652 6710 3070 3518 12512 4930 8183 8223 3437 7257 17096 27188 5351 37681 70172 8460 41216 2852 22921 34623 20188 3200 10454
internal_value=2.9736e-05 0.00486639 -0.00393182 0.0127013 -0.0306918 0.0169766 0.0209307 0.0463475 0.000631911 -0.00719682 0.00542558 0.0133238 -0.00270962 0.00495845 -0.00930326 0.00749942 0.00484964 0.0211596 -0.00240534 0.00845376 -0.0178188 0.0120827 0.00925465 -0.0170953 0.0331213 -0.000326158 -0.00277315 -0.0177084 0.0234024 0.0295289
internal_weight=119426 103181 48602.7 54578.6 16244.4 41093 32380.8 7458.78 36581 17094.2 7513.31 24922.1 6690.01 5398.06 3583.41 19486.8 17974.6 5533.9 12440.8 7276.97 12021.7 24420.2 21385.5 9580.88 1814.65 13485.7 12660.4 5163.78 5184.44 4442.72
internal_count=546220 460071 223362 236709 86149 175601 137431 30599 165655 78702 34416 106832 30898 24188 16406 86953 80517 24353 56164 32539 57707 104798 92286 44286 7782 61108 57544 23625 22114 18914
is_linear=0
shrinkage=0.05


Tree=12
num_leaves=31
num_cat=0
split_feature=9 7 32 7 13 8 28 32 33 33 33 33 13 32 34 34 32 33 33 32 33 34 33 12 33 33 2 9 32 33
split_gain=5861.74 1983.1 1784.56 1762.54 1366.36 1121.71 1103.48 942.699 761.698 641.474 785.243 572.932 548.216 486.793 508.253 477.677 485.547 467.715 730.361 460.142 741.107 467.082 419.473 403.32 393.356 383.04 320.809 311.657 301.194 299.392
threshold=0.013729301664882008 -0.26870858020627608 3.5000000000000004 -0.14595736373889309 2.636779683484747e-17 0.082352941176470643 0.077647754520739784 1.5000000000000002 -4961.4999999999991 -4492.4999999999991 -4396.4999999999991 -4287.4999999999991 0.037234110668000656 4.5000000000000009 2.9014216150426262 2.8593355435749763 10.500000000000002 -4548.4999999999991 -4130.4999999999991 8.5000000000000018 -2200.4999999999995 2.957507667707016 -1787.4999999999998 2.9500000000000024 -4548.4999999999991 -4130.4999999999991 -0.071428571428571327 0.039474502977677982 11.500000000000002 -1241.4999999999998
decision_type=8 8 2 8 10 10 10 2 2 2 2 2 8 2 2 2 2 2 2 2 2 2 2 8 2 2 10 8 2 2
left_child=3 17 7 5 -5 24 8 -3 -4 -10 -11 -12 15 -6 -15 16 -13 -2 -19 20 -8 -21 -22 25 -1 -9 -20 28 -23 -26
right_child=1 2 6 4 13 -7 19 23 9 10 11 12 -14 14 -16 -17 -18 18 26 21 22 27 -24 -25 29 -27 -28 -29 -30 -31
leaf_value=0.044660403915745751 0.05424220432001952 0.0040602279935803278 -0.034883556710363112 -0.049194434883605365 -0.032818977455811318 0.055637736931271553 0.011048390197041553 -0.043031141758943577 0.024809004274112256 -0.034779313333402222 0.032970659935414447 0.0036035721317101768 0.0096033604170626223 0.010395027527228012 -0.018898248314451749 -0.0061642495731807755 0.042507965079761414 -0.014714343721403324 0.045066751971061032 0.036294144890416755 0.051526285760253122 -0.015891203193732221 0.016532321800759066 -0.0032835539510228055 -0.0138160206623139 -0.018114805390889645 0.021936523046621421 0.025019249390443889 0.018329286343767324 0.027344464359694055
leaf_weight=359.29790540039539 1315.8155379593372 7884.9834206551313 1228.8393755108118 5438.3877113759518 4985.2418672591448 868.34759804606438 3537.4391364753246 1955.5762675255537 3757.1794621497393 1314.7821887582541 1691.3157362192869 3941.7171259522438 18424.604644790292 1794.797906473279 8462.8487011045218 16728.776338279247 1006.86057472229 1159.8487628102303 2002.7981064617634 1227.8470987528563 3125.315155044198 2323.9593296796083 1179.5757073014975 3419.3678041398525 4295.8751613497734 7301.744691029191 5960.4515509754419 1044.2775316536427 888.9685153067112 492.43668000400066
leaf_count=1502 5373 35232 6493 31570 25741 3619 15031 9585 15833 6079 7266 17651 80630 8570 42191 75783 4383 5065 8342 5219 12596 10240 4995 16373 20163 35295 24940 4378 3725 2416
internal_value=-0.000112406 0.00584885 0.00323536 -0.0207494 -0.0276784 0.00307063 0.00750354 -0.00951446 0.00397562 0.00499454 0.00326756 0.00446448 0.00326223 -0.0200019 -0.0137728 -0.0021274 0.0115192 0.0263742 0.0223548 0.0202346 0.0280044 0.00912559 0.0419377 -0.017958 -0.00579688 -0.0233783 0.0277539 0.00128974 -0.00642291 -0.00958302
internal_weight=119119 92422 81983.1 26697.2 20681.3 6015.96 61421.5 20561.7 48094.1 46865.2 43108.1 41793.3 40102 15242.9 10257.6 21677.4 4948.58 10438.9 9123.1 13327.4 7842.33 5485.05 4304.89 12676.7 5147.61 9257.32 7963.25 4257.21 3212.93 4788.31
internal_count=546279 410507 366787 135772 108072 27700 270302 96485 214118 207625 191792 185713 178447 76502 50761 97817 22034 43720 38347 56184 32622 23562 17591 61253 24081 44880 33282 18343 13965 22579
is_linear=0
shrinkage=0.05


Tree=13
num_leaves=31
num_cat=0
split_feature=10 10 32 10 32 32 32 5 43 43 7 32 5 9 32 32 11 34 32 28 38 32 32 32 34 34 34 43 13 34
split_gain=5991.11 2401.47 1194.2 916.871 856.008 751.594 676.381 580.473 558.936 530.488 515.751 430.899 575.184 422.918 420.348 695.21 475.217 444.803 418.432 410.374 365.724 400.158 354.361 334.457 328.988 326.01 309.443 291.697 290.086 285.113
threshold=0.013397439620465378 0.024994412387928173 3.5000000000000004 0.0076331482101830691 3.5000000000000004 8.5000000000000018 11.500000000000002 -0.1325735930735937 1.5000000000000002 2.5000000000000004 -0.29812935584521622 5.5000000000000009 -0.19457222202350047 0.01148100659666681 8.5000000000000018 10.500000000000002 0.381165514834788 2.8348664905015819 5.5000000000000009 0.046940303251779565 -0.15229422197613582 1.5000000000000002 1.5000000000000002 11.500000000000002 3.8907988472957267 2.8931418480839728 6.0213873534005655 2.5000000000000004 0.071039019070187059 2.8794659084945744
decision_type=8 10 2 10 2 2 2 10 2 2 10 2 10 10 2 2 10 2 2 10 10 2 2 2 2 2 2 2 10 2
left_child=3 2 7 -1 20 8 13 -2 18 -8 -6 12 -10 -7 16 28 -12 -17 -4 -18 -3 -22 -9 -5 -20 -15 -24 -25 -16 -11
right_child=1 4 5 23 10 6 9 22 11 29 14 -13 -14 25 15 17 19 -19 24 -21 21 -23 26 27 -26 -27 -28 -29 -30 -31
leaf_value=-0.046378901479321701 0.0040182546184208473 0.03331962430764495 0.052047763217087706 -0.023263864692370368 0.031420849891321455 -0.03103791488948095 -0.0076604482614803715 -0.0092110893486996043 0.024527585558489377 0.060023993235967736 0.058923481149923511 0.011170223700887594 -0.010207378447037924 0.0083206748403466726 -0.0073056596237910222 0.042852896141952819 0.010873729127816659 0.012275361882066096 -0.035230756128487535 0.026584697131433313 0.0093024364390343478 -0.0096320959465481526 -0.030646349687080843 -0.028757482448154993 0.039695272718425746 -0.011988354836980136 0.023586973553303407 0.033585873890268028 0.019775606822906865 0.01775532703171754
leaf_weight=5272.0457936227322 2815.4647443145514 799.28469444811344 1159.9245526343584 8897.0243169665337 4651.1886250525713 2324.4174487441778 2144.1714262366295 3731.8144189864397 1458.6511541455984 500.99142721295357 709.16813771426678 11887.850612431765 6515.3898120522499 2501.6334146112204 6447.0585872977972 1477.8756689578295 10381.752952992916 6091.5243621021509 309.29283520579338 6931.3494809418917 4818.3278102278709 6629.7978367507458 6437.4655364006758 298.56877176463604 278.35896937549114 9404.889848023653 274.22366613149643 504.9319793432951 1167.9925952553749 1958.7564437389374
leaf_count=32469 13051 3395 4813 45656 19054 11747 9857 17311 6225 2133 2906 52733 30039 11218 28282 6168 44576 25972 1347 28726 21009 30986 32763 1544 1205 43473 1371 2480 4951 8607
internal_value=-2.75868e-05 0.00423704 -0.00310866 -0.0295953 0.0121102 0.00116041 -0.00614044 -0.0161308 0.00752385 0.0105181 0.0158274 0.00513859 -0.00385349 -0.0115297 0.0136432 0.00751457 0.0188069 0.0182454 0.0346333 0.0171637 0.000620148 -0.00166286 -0.0215628 -0.0204738 0.000260213 -0.0077213 -0.0284305 0.01042 -0.00315195 0.0263644
internal_weight=118781 103809 53703.3 14972.6 50105.3 40444.3 18834.9 13259 21609.5 4603.92 37857.9 19861.9 7974.04 14230.9 33206.7 15184.5 18022.3 7569.4 1747.58 17313.1 12247.4 11448.1 10443.5 9700.53 587.652 11906.5 6711.69 803.501 7615.05 2459.75
internal_count=546067 463918 247893 82149 216025 183397 87035 64496 96362 20597 160635 88997 36264 66438 141581 65373 76208 32140 7365 73302 55390 51995 51445 49680 2552 54691 34134 4024 33233 10740
is_linear=0
shrinkage=0.05


Tree=14
num_leaves=31
num_cat=0
split_feature=10 10 32 33 32 33 33 32 20 33 5 32 33 34 33 34 5 33 13 33 28 5 33 33 32 28 32 33 33 32
split_gain=5725.88 2252.86 1183.83 778.046 768.448 706.784 1798.43 701.046 674.5 659.028 551.095 523.774 577.167 477.85 470.839 461.213 444.854 430.525 453.455 404.51 393.656 391.524 388.747 384.896 374.313 363.401 362.109 361.437 349.698 347.225
threshold=0.012937387534014818 0.025330112332899776 3.5000000000000004 -1695.4999999999998 3.5000000000000004 -1772.4999999999998 -2220.4999999999995 7.5000000000000009 0.55962017639534045 -2584.4999999999995 -0.15000000000000005 10.500000000000002 -4786.4999999999991 2.9014216150426262 -3874.4999999999995 4.0664589915953142 -0.16499018203137564 -1708.4999999999998 0.017967776041578624 -4271.4999999999991 -0.11217292484407584 -0.091977188111314431 -3634.4999999999995 -1241.4999999999998 1.5000000000000002 0.077647754520739784 8.5000000000000018 -1909.4999999999998 -4287.4999999999991 1.5000000000000002
decision_type=8 10 2 2 2 2 2 2 10 2 10 2 2 2 2 2 8 2 10 2 10 10 2 2 2 10 2 2 2 2
left_child=3 2 10 13 29 6 9 15 26 11 -2 12 -6 22 19 -8 -10 -7 -19 -13 -14 23 -1 -5 -12 -18 -4 28 -15 -3
right_child=1 4 8 21 5 17 7 -9 16 -11 24 14 20 27 -16 -17 25 18 -20 -21 -22 -23 -24 -25 -26 -27 -28 -29 -30 -31
leaf_value=-0.020796773487895756 0.0060150798594042201 0.010844664917088319 0.00039632102809074727 -0.041551496098936005 0.052519259986733874 -0.02254112735541481 0.065314330863677383 0.024666377015471933 0.01812302324031257 -0.0084800428525448526 -0.0081089969074260079 0.03438768232563464 0.053651079901421039 0.019980851500240478 0.045267065286703607 0.02465403107477189 -0.00057206600239956393 -0.043838178874657421 0.011096016050162725 -0.010192873941541159 0.0064333525407381121 -0.047179185818628781 0.044668645649226901 0.037824868143758905 -0.026965022754010956 0.014337998598860835 -0.020787129614896063 0.016994983146630168 -0.03118332289587801 -0.0065167691122325127
leaf_weight=419.76947581768036 2427.4707470238209 4910.9950518906116 3547.4776974022388 334.08180595934391 773.72615987062454 1470.429555028677 2818.7724648416042 3747.4775454550982 4972.8709445297718 3452.7563613206148 4100.2601309120655 1040.7353273481131 457.35995078086853 356.9822715818882 2403.9228544086218 926.72158822417259 24228.818887248635 401.61275289952755 5811.8821870088577 995.60929287970066 12661.031008139253 5887.260168030858 493.21328516304493 281.32775500416756 7349.579222202301 4915.7933819591999 4677.1891268640757 488.17370656132698 5179.699349552393 6963.4015441834927
leaf_count=2080 11169 21295 16008 1803 3126 6497 11361 15412 21289 14811 19114 4295 1902 1727 9907 3738 111288 1795 25081 4300 54075 35881 2489 1486 37799 21137 22589 2616 27533 32345
internal_value=-5.80293e-05 0.00387327 -0.00295099 -0.0307865 0.0117292 0.0152842 0.0188262 0.0399562 0.00120273 0.0115586 -0.0156247 0.0153327 0.0105546 -0.0191399 0.0302817 0.055254 0.00430119 0.00178784 0.00754531 0.0125914 0.00807955 -0.0432125 0.0145691 -0.00526546 -0.0202126 0.0019428 -0.0116502 -0.024248 -0.0278845 0.000663547
internal_weight=118496 105056 56219.5 13440.5 48836.4 36962 29278.1 7492.97 42342.2 21785.1 13877.3 18332.4 13892.1 6937.84 4440.27 3745.49 34117.5 7683.92 6213.49 2036.34 13118.4 6502.67 912.983 615.41 11449.8 29144.6 8224.67 6024.86 5536.68 11874.4
internal_count=545948 470333 260393 75615 209940 156300 122927 30511 192311 92416 68082 77605 59103 36445 18502 15099 153714 33373 26876 8595 55977 39170 4569 3289 56913 132425 38597 31876 29260 53640
is_linear=0
shrinkage=0.05


Tree=15
num_leaves=31
num_cat=0
split_feature=10 10 32 38 32 33 33 33 32 33 32 33 33 33 33 43 32 33 11 33 33 5 34 33 32 33 34 33 32 33
split_gain=5115.83 2083.4 1023.32 845.696 770.484 762.511 740.017 2103.73 715.559 698.482 625.497 854.689 1409.63 594.707 1433.66 768.258 728.98 1034.62 565.175 839.111 776.617 498.601 496.715 490.788 483.128 557.37 481.906 460.184 454.726 632.567
threshold=0.012937387534014818 0.023965746894597663 3.5000000000000004 -0.14322939151463912 3.5000000000000004 -1695.4999999999998 -1772.4999999999998 -2220.4999999999995 7.5000000000000009 -2584.4999999999995 8.5000000000000018 -3243.4999999999995 -3540.4999999999995 -2200.4999999999995 -1564.4999999999998 1.5000000000000002 5.5000000000000009 -2891.4999999999995 0.66209665525431538 -4287.4999999999991 -3907.4999999999995 -0.1325735930735937 2.8931418480839728 -4376.4999999999991 10.500000000000002 -3874.4999999999995 3.9049978834167329 -4678.4999999999991 10.500000000000002 -2808.4999999999995
decision_type=8 10 2 10 2 2 2 2 2 2 2 2 2 2 2 2 2 2 10 2 2 10 2 2 2 2 2 2 2 2
left_child=5 2 21 -3 -5 22 7 9 -9 24 13 12 18 15 -15 -4 -17 23 -12 -20 -21 -2 -1 -18 27 -26 -14 -6 -13 -30
right_child=1 3 10 4 6 -7 -8 8 -10 -11 11 28 26 14 -16 16 17 -19 19 20 -22 -23 -24 -25 25 -27 -28 -29 29 -31
leaf_value=0.016764604064757684 0.0029998988831548916 0.03120357871861891 0.034540079388271798 -0.0023661804371036613 0.025051140033246478 -0.041876907469282354 -0.0014951959470772659 0.053159070119646282 0.022891235170124234 -0.014448631188866818 -0.020760105827212522 -0.026308451264412322 0.088553493041010733 0.05677348041616799 0.0031842074468419385 -0.017347322505441558 -0.022995105936987476 -0.035213808564515836 0.044356240628341065 -0.03403770465749649 0.016709671943146195 -0.021567501567077776 -0.023088736116300926 0.020037416394930389 0.0064151210198382718 0.041383522494582443 0.010473632823777583 0.002449565696207258 -0.038453994360481254 0.0054127485637583085
leaf_weight=899.87546136975288 2624.7749589085579 4441.6045317947865 1509.6091057658195 12419.475407525897 2789.090558975935 6377.8977665603161 8034.00884757936 3874.228464692831 3936.8479015529156 3061.0035031139851 2526.7840141803026 5312.8823123723269 629.05954660475254 1803.653288885951 4051.5259301066399 5318.2224785536528 751.65743647515774 1227.3693147748709 1208.7492365688086 1307.8816307932138 1779.9218665212393 9688.4423864781857 5960.5947076380253 5591.211948543787 2097.6446852833033 2494.9094979465008 288.13292330503464 11698.170475795865 1072.0448738783598 3520.9108090847731
leaf_count=4472 12187 18355 6351 56824 11564 39396 35179 15653 16201 13344 12613 25260 2619 7518 18228 24658 3342 5745 5085 6271 7906 48860 31912 24675 8921 10282 1261 50475 5016 16267
internal_value=-0.000139953 0.003551 -0.0038078 0.010288 0.008445 -0.0294314 0.0119797 0.0155941 0.0379038 0.00772342 0.000260718 -0.00662081 0.00582739 0.00625649 0.0196921 0.000792728 -0.00316006 0.00680674 -0.00199552 0.00903985 -0.00478508 -0.0163305 -0.0178612 0.0149379 0.0112805 0.0254117 0.064025 0.00680083 -0.016348 -0.00482622
internal_weight=118298 105060 50212.8 54847 50405.4 13238.4 37985.9 29951.9 7811.08 22140.8 37899.6 17646.4 7740.53 20253.2 5855.18 14398.1 12888.5 7570.24 6823.34 4296.55 3087.8 12313.2 6860.47 6342.87 19079.8 4592.55 917.192 14487.3 9905.84 4592.96
internal_count=546440 470660 233862 236798 218443 75780 161619 126440 31854 94586 172815 82298 35755 90517 25746 64771 58420 33762 31875 19262 14177 61047 36384 28017 81242 19203 3880 62039 46543 21283
is_linear=0
shrinkage=0.05


Tree=16
num_leaves=31
num_cat=0
split_feature=10 10 32 5 32 20 5 12 34 7 32 38 32 43 32 32 32 10 32 9 43 32 13 32 2 34 12 9 9 8
split_gain=4739.67 2142.27 1054.85 785.626 641.428 625.872 517.237 423.494 398.698 384.628 382.884 334.036 327.533 493.809 395.82 330.465 307.067 284.996 252.983 252.357 238.937 297.313 233.765 210.552 207.883 204.542 204.202 202.963 199.63 242.42
threshold=0.011549337303754133 0.023965746894597663 3.5000000000000004 -0.1325735930735937 4.5000000000000009 0.56903218335724859 -0.17589684998915481 1.0000000180025095e-35 2.9014216150426262 -0.043478260869565126 1.5000000000000002 -0.16919596014487689 8.5000000000000018 1.5000000000000002 11.500000000000002 5.5000000000000009 8.5000000000000018 0.031787856127345103 1.5000000000000002 0.03145418796726436 3.5000000000000004 10.500000000000002 0.04285726273116474 11.500000000000002 0.022816240079619136 3.180132835422278 4.6285714285714326 0.03779696329987018 0.007513205508554722 0.019607843137254947
decision_type=8 10 2 10 2 10 10 10 2 10 2 10 2 2 2 2 2 10 2 10 2 2 10 2 10 2 10 8 10 10
left_child=7 2 6 11 18 16 -2 -1 20 17 24 -3 13 -10 -14 22 27 25 -5 -20 -7 -22 -15 -9 -8 -6 -12 -4 29 -13
right_child=1 3 5 4 9 8 10 23 12 -11 26 28 14 15 -16 -17 -18 -19 19 -21 21 -23 -24 -25 -26 -27 -28 -29 -30 -31
leaf_value=-0.047184227396828149 0.0086285848788164362 0.038910088103738569 -0.0047015311987289414 0.0070882277005353588 0.011932264427115976 0.0032818902988499135 -0.015844430754207033 -0.028299725013258101 0.036943270853953179 0.022045933369118684 -0.0307626631126405 -0.02728403013080314 -0.012263811247502093 -0.013375220367678853 0.0094139797964897087 0.0086598480067440076 -0.021173553150649005 0.013253182668584286 -0.015337624107097991 0.0020517577069418644 0.015196291225009539 0.051993388645656995 0.015147190026795394 0.0054567024449533093 0.0084896259961163255 -0.002090011483865365 -0.0064638557150185991 0.044266206555878214 0.015876117969743843 0.077954901277938804
leaf_weight=3564.6577394753695 1760.2674454599619 2142.9221878498793 3307.8229375481606 4320.1659028977156 3807.7774043381214 3524.0955530852079 2824.3638436943293 5740.6456502079964 1109.8201975524426 5901.8713475614786 6251.1552827060223 69.485792636871338 8127.2181640416384 3913.3500226587057 2842.149942368269 7520.5136673003435 4593.739288315177 11985.078641608357 4796.9558428525925 3692.2060607820749 3475.3399742692709 651.91513575613499 879.88942715525627 502.36587202548981 1273.364269092679 8203.6811600029469 1003.4155791550875 226.07291004061699 9729.6375042200089 257.52899187803268
leaf_count=23733 8037 8743 15173 18880 16516 15948 13564 32596 4678 24744 33081 305 38370 18369 12847 33613 22703 50146 22712 16726 15474 2753 3906 2782 5960 35950 5176 943 41122 1065
internal_value=-0.000151656 0.00286545 -0.00427664 0.00979644 0.00659989 -0.000257366 -0.0165902 -0.0334344 0.00288574 0.0106107 -0.0205005 0.0209868 -0.000237852 0.00499962 -0.00664712 0.00212059 -0.0126495 0.00779821 -0.00276174 -0.00777443 0.0128439 0.0210085 -0.00813939 -0.0255834 -0.00828265 0.00235522 -0.0274018 -0.00156893 0.0171676 0.0555932
internal_weight=117999 108192 53284.5 54907.3 42707.7 40171.9 13112.6 9807.67 32044.3 29898.4 11352.3 12199.6 24392.9 13423.6 10969.4 12313.8 8127.64 23996.5 12809.3 8489.16 7651.35 4127.26 4793.24 6243.01 4097.73 12011.5 7254.57 3533.9 10056.7 327.015
internal_count=546615 487504 250595 236909 185674 184777 65818 59111 145958 127356 57781 51235 111783 60566 51217 55888 38819 102612 58318 39438 34175 18227 22275 35378 19524 52466 38257 16116 42492 1370
is_linear=0
shrinkage=0.05


Tree=17
num_leaves=31
num_cat=0
split_feature=10 7 38 32 33 33 33 32 32 33 33 33 3 33 33 43 33 33 33 33 33 11 32 32 33 33 33 33 33 32
split_gain=4439.61 1876.17 1671.8 943.239 662.605 1195.69 749.059 553.142 520.801 469.341 430.411 436.951 403.762 418.532 639.531 493.691 402.881 382.581 545.764 650.123 488.056 485.435 452.533 1000.3 668.498 716.131 613.253 1328.48 704.644 697.58
threshold=0.011549337303754133 -0.19998047256395232 0.037271448663825708 3.5000000000000004 -4548.4999999999991 -4111.4999999999991 -4072.4999999999995 3.5000000000000004 1.5000000000000002 -4548.4999999999991 -1759.4999999999998 -1909.4999999999998 -0.13297872340425584 -1643.4999999999998 -2387.9999999999995 1.5000000000000002 -2154.4999999999995 -4961.4999999999991 -4287.4999999999991 -4350.4999999999991 -4492.4999999999991 1.5854202103442854 8.5000000000000018 10.500000000000002 -3907.4999999999995 -3180.4999999999995 -2220.4999999999995 -1787.4999999999998 -2667.4999999999995 5.5000000000000009
decision_type=8 8 10 2 2 2 2 2 2 2 2 2 10 2 2 2 2 2 2 2 2 8 2 2 2 2 2 2 2 2
left_child=10 4 3 8 -2 -6 -7 -4 9 -3 11 -1 -8 14 -14 -16 -17 -5 19 20 -19 22 26 -24 -25 -26 28 -28 29 -20
right_child=1 2 7 17 5 6 12 -9 -10 -11 -12 -13 13 -15 15 16 -18 18 21 -21 -22 -23 23 24 25 -27 27 -29 -30 -31
leaf_value=-0.02494147027657366 0.037655738740240488 0.034936893197827702 -0.0031369982814608713 -0.029978153843246858 -0.016772133548304299 0.070757597279155551 0.033961006917095186 0.012692162287730261 -0.024577934292220324 -0.0104470057966234 -0.04181281117920313 0.038024367033084122 0.007412193013136276 -0.0049769911286338736 -0.010905504031756053 0.058724463789975916 0.025772805270815879 0.017097320696144058 -0.016792915393548113 0.053843561387125108 -0.019918590719875381 0.030686797939762634 -0.023797625505376778 -0.03998197021345129 0.035511259361584967 -0.0021607922553538955 0.046711666921366045 -0.0023955975806962179 -0.031396610754126135 0.012152997734085087
leaf_weight=3853.7239305377007 2823.3609354794025 670.44244146347046 7329.7590921521187 1200.8322552144527 3119.2809550315142 617.71381123363972 2397.8126632869244 22340.417872205377 8850.6244957149029 3790.1178037673235 5446.6841799020767 296.74169781804085 8458.2602171301842 2973.6264467984438 640.14270085096359 1354.6862418353558 2942.3189099282026 2952.2154593616724 3552.6734706610441 850.47935906052589 1275.122092679143 999.77112014591694 7612.5944296270609 857.70865333080292 1655.3234004974365 5302.6957625895739 2020.7023535519838 4324.809261739254 2227.5302573293447 5026.046505510807
leaf_count=21443 11587 2868 34371 6690 14096 2527 10035 95473 45952 17847 35909 1672 36166 12914 2718 5681 12512 12417 16757 3594 5865 4323 36635 4101 7197 24499 8393 19700 10461 22385
internal_value=2.24986e-05 0.00291424 -0.000726854 -0.0060329 0.0148235 0.0119589 0.0165822 0.00878171 -0.0175568 -0.0036256 -0.0325696 -0.0204397 0.014799 0.0119921 0.015759 0.0300586 0.0361612 -0.00218435 -0.00132099 0.0139566 0.00593195 -0.00363121 -0.00468431 -0.0108975 0.00166737 0.00680145 0.000904558 0.0132424 -0.00634032 0.000165734
internal_weight=117764 108167 82839.9 53169.7 25327.2 22503.8 19384.6 29670.2 13311.2 4460.56 9597.15 4150.47 18766.8 16369 13395.4 4937.15 4297.01 39858.5 38657.7 5077.82 4227.34 33579.9 32580.1 15428.3 7815.73 6958.02 17151.8 6345.51 10806.3 8578.72
internal_count=546788 487764 379528 249684 108236 96649 82553 129844 66667 20715 59024 23115 80026 69991 57077 20911 18193 183017 176327 21876 18282 154451 150128 72432 35797 31696 77696 28093 49603 39142
is_linear=0
shrinkage=0.05


Tree=18
num_leaves=31
num_cat=0
split_feature=10 7 10 8 32 32 32 32 33 33 32 43 33 32 43 34 33 33 33 33 34 33 33 32 33 33 33 33 33 33
split_gain=4058.72 1305.53 1220.28 980.975 803.208 689.238 554.96 532.714 1061.02 2003.55 780.627 702.026 585.097 499.611 926.292 472.01 449.862 449.024 434.058 720.717 435.499 419.738 405.315 401.377 384.05 369.084 353.361 350.029 323.344 370.099
threshold=0.015933226047013357 -0.23050742150683703 0.0085227743256180936 0.34253264824264867 3.5000000000000004 1.5000000000000002 3.5000000000000004 8.5000000000000018 -2220.4999999999995 -1564.4999999999998 11.500000000000002 2.5000000000000004 -2584.4999999999995 5.5000000000000009 1.5000000000000002 2.8593355435749763 -2506.4999999999995 -1454.4999999999998 -4548.4999999999991 -4130.4999999999991 3.8680705719571402 -1139.4999999999998 -1695.4999999999998 7.5000000000000009 -4699.4999999999991 -4548.4999999999991 -3634.4999999999995 -3841.4999999999995 -2793.4999999999995 -4287.4999999999991
decision_type=8 8 10 10 2 2 2 2 2 2 2 2 2 2 2 2 2 2 2 2 2 2 2 2 2 2 2 2 2 2
left_child=2 18 -1 4 5 25 -4 8 12 -10 16 -12 13 14 -6 22 24 -11 -2 -20 -21 23 26 -19 -9 -3 -8 -27 29 -26
right_child=1 3 6 -5 7 -7 15 10 9 17 11 -13 -14 -15 -16 -17 -18 21 19 20 -22 -23 -24 -25 28 27 -28 -29 -30 -31
leaf_value=-0.040182589790182341 0.038232493703614041 0.030527854471032387 -0.028175982357070063 0.01400313778614925 0.038338528276903767 -0.018897351077920711 -0.0022079175389175592 -0.030439773960914282 0.049173329596065823 -0.015418890174292661 -0.0071702939970750947 0.027908335336173387 -0.028547381762276332 0.010334585820397575 -0.016249478054106564 -0.011917457486094636 -0.018402743047951465 0.054867816179207198 -0.014404821095492277 0.024296165458493484 0.0050950833209088059 -0.0075098878315277076 -0.028988478166417732 0.0042144126943716035 0.018236677404562827 -0.040145102982725972 0.042888771546487514 0.0016305729666046766 0.058065197749421787 -0.0059931243033002138
leaf_weight=5309.1758757382631 2076.1761183589697 982.7405988574028 4340.0366433560848 13297.546969920397 913.15056703984737 9783.3001405596733 745.45859062671661 1047.2320450246334 3720.7562954723835 2303.887269616127 2539.8561941832304 3253.1291464716196 1635.115219771862 9133.2618421912193 5217.1059843152761 10492.89806419611 7030.1464210450649 846.98116479814053 1964.9482577890158 9031.5880556404591 4387.7557178884745 1229.7955595552921 450.75590237975121 726.58421717584133 2089.7972632050514 562.13736928999424 1040.9301953017712 4641.8103969544172 246.40199254453182 6410.2567806392908
leaf_count=36584 8437 4155 23684 56620 3733 49986 3429 5966 15084 10229 11543 13700 7516 39337 24043 52687 32624 3757 8749 37717 18444 5430 2439 3187 8770 2627 4808 21024 1062 29413
internal_value=-8.97132e-05 0.00441985 -0.0192472 0.00164074 -0.000915322 -0.0106372 -0.0127358 0.00229624 0.00721746 0.0212661 -0.00330164 0.0125286 -0.000121677 0.00292345 -0.00811816 -0.00747186 -0.0087525 0.000934969 0.0167728 0.0138768 0.0180179 0.0143751 0.0133794 0.0314789 -0.00182532 0.002425 0.02407 -0.00288209 0.00160075 -3.60594e-05
internal_weight=117451 95071.5 22379.3 77611 64313.4 15970 17070.1 48343.5 25726.6 8828 22616.8 5792.99 16898.6 15263.5 6130.26 12730 16823.8 5107.25 17460.5 15384.3 13419.3 2803.36 2237.14 1573.57 9793.69 6186.69 1786.39 5203.95 8746.46 8500.05
internal_count=546784 423153 123631 349806 293186 77792 87047 215394 112316 37687 103078 25243 74629 67113 27776 63363 77835 22603 73347 64910 56161 12374 10676 6944 45211 27806 8237 23651 39245 38183
is_linear=0
shrinkage=0.05


Tree=19
num_leaves=31
num_cat=0
split_feature=10 10 32 5 20 38 38 12 32 34 32 43 32 32 38 32 14 34 32 32 32 34 32 32 12 43 43 11 32 13
split_gain=3709.99 1591.93 830.779 655.602 568.368 519.842 440.111 417.48 415.228 389.352 384.393 450.617 370.103 328.71 283.077 249.148 305.829 244.38 352.323 243.836 226.793 220.115 217.191 211.858 204.706 202.122 197.063 187.471 186.133 180.721
threshold=0.011549337303754133 0.023965746894597663 3.5000000000000004 -0.13667271847383503 0.45861921702768499 0.21146080977783058 -0.11023816184259037 1.0000000180025095e-35 4.5000000000000009 2.8931418480839728 8.5000000000000018 1.5000000000000002 11.500000000000002 1.5000000000000002 -0.17662872768492352 5.5000000000000009 1.0000000180025095e-35 3.180132835422278 10.500000000000002 10.500000000000002 8.5000000000000018 4.4109782722992259 10.500000000000002 11.500000000000002 0.14285714285714296 2.5000000000000004 2.5000000000000004 0.54248645635001569 8.5000000000000018 0.071039019070187059
decision_type=8 10 2 10 8 10 10 10 2 2 2 2 2 2 10 2 8 2 2 2 2 2 2 2 10 2 2 10 2 10
left_child=7 2 6 14 28 8 -2 -1 -5 19 11 -11 -12 -8 -3 16 -13 18 24 -6 -19 -15 29 -9 -10 -20 -21 -14 -4 -22
right_child=1 3 4 5 9 -7 13 23 17 10 12 15 27 21 -16 -17 -18 20 25 26 22 -23 -24 -25 -26 -27 -28 -29 -30 -31
leaf_value=-0.044824053495931521 0.013197211008375873 0.036438051339737848 -0.0058169557169486137 -0.0042978030726237701 0.0072236524481538392 0.020425629797925889 -0.0071178190894561899 -0.025429341541601022 0.049230245714247008 0.033443784070571927 -0.012273226296311687 -0.0098696598869173376 -0.012892122232473442 -0.029923847649287127 0.015459672099495489 0.0072341236544731695 0.037321313817593023 0.0097160002043782737 0.012878895100044713 0.011205208028083283 -0.012593332320493221 -0.010256246801693174 0.006041272770998047 0.009090820429224487 0.0059925046008478143 0.043845088550677085 0.046725951345073596 0.014335607105186721 -0.027460451106459012 0.018700460631792704
leaf_weight=3287.6084772646427 1265.5534411817789 1915.3739937692881 1771.2837784141302 11668.550932914019 6675.5828595608473 5186.2436228692532 4398.4504646807909 5460.758924767375 287.01947082579136 1230.9904684275389 9599.6752147525549 4952.8317695707083 856.573850274086 5159.8352986425161 10022.213436856866 8383.4817525595427 368.89228075742722 8351.8294591456652 884.54166463017464 772.11779600381851 4208.7777101993561 1964.1483914256096 4668.706510424614 483.84767280519009 5918.325830489397 1303.5271571725607 789.93965132534504 2413.4356998801231 2261.8534996658564 518.14838865399361
leaf_count=23737 5905 7769 8181 53610 29902 21650 20943 32449 1192 5170 46531 23374 3964 28197 42130 37349 1581 35334 3757 3533 18664 10553 19798 2757 25310 5347 3326 10793 11294 2186
internal_value=-0.000106639 0.00249865 -0.00369521 0.00845926 -0.000154543 0.00558108 -0.0147914 -0.0305267 0.00354488 0.00183726 -0.000991268 0.00446572 -0.0073245 -0.0178655 0.0188256 0.00186294 -0.00659847 0.00704564 0.0140754 0.0113849 0.003721 -0.0245013 -0.00160798 -0.0226197 0.00799241 0.0313268 0.0291682 0.00720335 -0.017955 -0.00916302
internal_weight=117030 107798 52864.6 54933.3 40076.7 42995.7 12788 9232.22 37809.4 36043.5 27805.9 14936.2 12869.7 11522.4 11937.6 13705.2 5321.72 26140.9 8393.41 8237.64 17747.5 7123.98 9395.63 5944.61 6205.35 2188.07 1562.06 3270.01 4033.14 4726.93
internal_count=546286 487343 250596 236747 184998 186848 65598 58943 165198 165523 128762 67474 61288 59693 49899 62304 24955 111588 35606 36761 75982 38750 40648 35206 26502 9104 6859 14757 19475 20850
is_linear=0
shrinkage=0.05


Tree=20
num_leaves=31
num_cat=0
split_feature=10 5 9 32 33 32 8 33 33 13 32 32 33 33 33 33 33 33 33 34 5 43 33 33 33 32 33 33 43 33
split_gain=3432.05 1487.72 1223.8 645.796 690.661 583.151 548.858 522.27 640.722 504.813 459.896 430.963 443.908 2019.04 476.156 563.607 427.269 416.082 399.886 392.577 387.143 384.534 548.088 758.937 348.602 366.417 496.81 338.047 463.31 463.309
threshold=0.011549337303754133 -0.17589684998915481 0.01977040324195203 4.5000000000000009 -1211.4999999999998 8.5000000000000018 0.34253264824264867 -4548.4999999999991 -4851.4999999999991 0.0069775879048046092 10.500000000000002 3.5000000000000004 -1772.4999999999998 -2067.4999999999995 -2667.4999999999995 -2793.4999999999995 -1759.4999999999998 -912.49999999999989 -1909.4999999999998 3.6256724916861072 -0.10396668349442494 1.5000000000000002 -2371.4999999999995 -1643.4999999999998 -2506.4999999999995 6.5000000000000009 -4111.4999999999991 -3907.4999999999995 3.5000000000000004 -3180.4999999999995
decision_type=8 8 10 2 2 2 10 2 2 8 2 2 2 2 2 2 2 2 2 2 10 2 2 2 2 2 2 2 2 2
left_child=16 21 3 4 7 -5 11 8 -3 -7 -11 -4 13 14 15 -13 18 -6 19 -1 -18 -2 24 -24 25 26 -23 28 -12 -29
right_child=1 2 6 5 17 9 -8 -9 -10 10 27 12 -14 -15 -16 -17 20 -19 -20 -21 -22 22 23 -25 -26 -27 -28 29 -30 -31
leaf_value=0.0046585292379742868 0.037748218630097745 -0.015175479392962501 -0.0066768506333693915 0.0057103794734976246 0.076740204139340421 -0.041698335126996937 0.013634285861489834 -0.022527853122391958 0.059375643969650629 -0.01605554355541082 -0.041778359838624969 0.0054566660813816018 -0.0062681604302745322 0.051160978783683322 -0.010559876529141348 0.055184198317118072 0.011759038103900211 -0.012957040565800491 0.039095706386468157 -0.031751851402824278 -0.042990197987295926 -0.02333779831433546 0.047777396799748573 0.004167532260549515 -0.017959008159663094 0.025256908805564804 0.013609721700878812 0.037441547812634805 0.022230384181914302 0.00042266882695799293
leaf_weight=1018.3403931558132 2013.0338301956654 800.84024406969547 10729.898942366242 11806.200904965401 310.34672193229198 1125.2568240314722 13278.144561067224 10466.71437741816 450.2346258610487 6101.0641303509474 797.78710997104645 17806.534077078104 7023.9621265381575 2442.4793281704187 4852.3522614836693 588.636728733778 346.61753314733505 221.61037714779377 290.47938300669193 2711.5477128475904 4717.0226814299822 1344.0242346227169 2331.6367987692356 1743.7507334053516 1222.8932049423456 2726.4177917540073 2816.3168229907751 1166.9683997780085 437.86853837966919 3065.427584528923
leaf_count=5549 8248 3836 51348 53243 1559 5916 56151 54062 1925 30170 4092 77554 31186 9969 21392 2415 2077 1122 1647 16001 33772 6132 9685 7501 5111 11321 11957 5116 1896 14325
internal_value=-6.67068e-05 0.0024233 0.00013267 -0.00697504 -0.0163488 -0.00228839 0.00473777 -0.0188784 0.0116538 -0.00972752 -0.00661791 0.00201865 0.0048707 0.0079162 0.00337273 0.00704792 -0.0295801 0.0393728 -0.0174104 -0.021811 -0.0392425 0.0175036 0.014159 0.0291179 0.00664167 0.0110101 0.00167359 0.00391227 -0.0190961 0.0106296
internal_weight=116754 107670 93472.3 36750.3 12249.7 24500.6 56722 11717.8 1251.07 12694.4 11569.1 43443.9 32714 25690 23247.5 18395.2 9084.01 531.957 4020.37 3729.89 5063.64 14198.1 12185 4075.39 8109.65 6886.76 4160.34 5468.05 1235.66 4232.4
internal_count=546278 487232 427277 177262 62504 114758 250015 59823 5761 61515 55599 193864 142516 111330 101361 79969 59046 2681 23197 21550 35849 59955 51707 17186 34521 29410 18089 25429 5988 19441
is_linear=0
shrinkage=0.05


Tree=21
num_leaves=31
num_cat=0
split_feature=9 5 38 32 8 8 28 32 32 32 5 34 7 9 32 28 7 38 34 32 2 32 34 34 34 11 34 28 9 32
split_gain=3019.68 1301.76 1104.4 910.173 663.608 643.332 590.933 574.282 361.268 375.264 353.914 307.18 299.283 282.705 274.533 233.012 228.018 227.564 224.058 203.249 194.412 193.976 275.02 201.111 192.954 179.14 178.368 176.053 174.875 153.323
threshold=0.01278007536219857 -0.068493150684934043 -0.13914500468240923 3.5000000000000004 1.0000000180025095e-35 0.076434382291732397 0.1001184710061133 1.5000000000000002 11.500000000000002 8.5000000000000018 0.25264599595672715 3.3357695831274174 -0.18649097869753054 0.039109422701336667 8.5000000000000018 0.029838169679791342 -0.17066987179487178 0.065333558848593057 2.8707317708119455 11.500000000000002 -0.065109371644529332 10.500000000000002 2.8094027068525489 1.8640500836336089 4.4467602776460797 0.44096272465662895 3.1717820198074476 -0.031168901832531407 0.039474502977677982 11.500000000000002
decision_type=8 8 8 2 10 10 10 2 2 2 8 2 10 10 2 10 10 10 2 2 10 2 2 2 2 10 2 10 8 2
left_child=1 5 20 7 -3 -1 8 -4 9 12 16 21 -5 -13 -8 -6 -9 -14 -10 -17 -2 23 27 -11 -18 -7 29 -23 -28 -16
right_child=2 4 3 6 15 25 14 10 18 11 -12 13 17 -15 26 19 24 -19 -20 -21 -22 22 -24 -25 -26 -27 28 -29 -30 -31
leaf_value=-0.0038779699749282265 0.033298857218869507 -0.040096901642107906 0.0033063944829143095 0.013349193275951556 -0.022422697679889775 0.059742482177016165 0.022463981518834997 -0.0064701175563792448 0.031482834552995838 -0.054343790960522234 0.0051720455687714415 -0.011773372722135352 -0.00080031671523434508 0.01011222103898882 0.010917003358520461 -0.0094887926636937729 -0.026725171040004027 0.011416204803501117 0.0092237830506528614 0.038947030955982481 0.016140293104030763 0.010141849966577713 0.00086588999611844273 -7.3278543618795607e-05 -0.0078800685157762018 0.0047164741969252496 -0.0082798126260241033 0.047810862368432919 0.018661509249154759 0.050957164306848969
leaf_weight=5369.7148538678885 2776.4470048248768 4955.8009680509567 8607.8066782206297 8183.9680612534285 7213.9496315419674 560.69662049412727 6417.1353253573179 3446.8488154560328 1425.303271651268 176.63197593390942 2145.3274259567261 10399.48630079627 16130.963105976582 1719.5405602753162 824.79099188745022 2506.7848933637142 5501.0691954642534 4991.5302296280861 5466.7514556795359 237.07155753672123 4071.9340439289808 541.71275548636913 1681.3114919960499 5087.8725317120552 1803.6563439369202 200.9086951315403 2113.4792805463076 725.72378465533257 842.39894320070744 336.68200461566448
leaf_count=27027 11497 34649 38641 34743 39612 2374 26422 16607 5941 756 10148 48879 72331 7233 3492 13037 29490 21149 23665 1175 16923 2305 7561 23210 9467 900 9183 3034 3455 1359
internal_value=-2.93371e-05 -0.0171728 0.00375173 0.00225594 -0.0251463 0.00222161 0.00512611 -0.00669504 0.00310004 0.00161065 -0.0133703 -0.0036087 0.00523174 -0.00866808 0.0159985 -0.0177056 -0.0170702 0.00208661 0.013827 -0.0053039 0.0230967 0.00385664 0.0141237 -0.00189414 -0.022072 0.0452268 0.00592173 0.0317108 -0.000601776 0.0225236
internal_weight=116463 21044.9 95418.4 88570 14913.6 6131.32 67065.3 21504.7 56530.8 49638.7 12896.9 20332.3 29306.5 12119 10534.5 9957.81 10751.6 21122.5 6892.05 2743.86 6848.38 8213.25 2948.75 5264.5 7304.73 761.605 4117.35 1267.44 2955.88 1161.47
internal_count=546265 118774 427491 399071 88473 30301 294718 104353 250807 221201 65712 92978 128223 56112 43911 53824 55564 93480 29606 14212 28420 36866 12900 23966 38957 3274 17489 5339 12638 4851
is_linear=0
shrinkage=0.05


Tree=22
num_leaves=31
num_cat=0
split_feature=10 7 38 32 33 33 33 10 5 38 32 12 34 7 33 33 33 33 33 33 33 33 32 32 13 33 9 33 33 33
split_gain=2927.37 1343.71 1152.01 609.104 488.511 948.544 597.84 432.021 388.15 371.162 334.471 328.847 326.71 293.328 279.931 279.599 730.594 273.596 265.706 1289.88 457.7 885.731 289.611 264.626 257.173 268.629 353.368 332.16 385.34 260.867
threshold=0.011125773578348342 -0.19998047256395232 0.039861351819719844 3.5000000000000004 -4548.4999999999991 -4111.4999999999991 -4072.4999999999995 0.017619263075474293 -0.068493150684934043 0.21146080977783058 1.5000000000000002 1.0000000180025095e-35 3.8448136837992268 -0.35391788181641626 -4492.4999999999991 -1925.4999999999998 -1787.4999999999998 -1225.4999999999998 -2220.4999999999995 -1772.4999999999998 -2667.4999999999995 -2793.4999999999995 5.5000000000000009 5.5000000000000009 2.636779683484747e-17 -4961.4999999999991 0.039474502977677982 -4287.4999999999991 -4350.4999999999991 -3670.4999999999995
decision_type=8 8 10 2 2 2 2 8 8 10 2 10 2 10 2 2 2 2 2 2 2 2 2 2 8 2 8 2 2 2
left_child=11 4 3 7 -2 -6 -7 17 14 15 -9 -1 13 -8 -5 23 -17 -3 20 -20 21 22 -16 -4 -10 -26 27 28 -27 -29
right_child=1 2 9 8 5 6 12 10 24 -11 -12 -13 -14 -15 18 16 -18 -19 19 -21 -22 -23 -24 -25 25 26 -28 29 -30 -31
leaf_value=-0.042302292435037088 0.031907342320581338 -0.032579727457380234 -0.0071857937083040363 0.035801307145252391 -0.015942999234604401 0.062211671524316482 0.03810611838388607 0.0043302252967279322 -0.030174741646547466 0.018706787194748987 -0.01562333780843839 -0.021330935636830181 0.0031279617283999882 0.014234580334411585 -0.015657591057016345 0.043186564803139336 0.0035178915779492895 0.013103446706924773 0.056463533099680878 -0.0048323615407832154 -0.024124469325842807 0.095013084466508177 0.0076281739528004135 0.0057415080585584291 -0.028248042550146898 0.0019118670714970969 0.020284071146049295 -0.019271637977518175 0.047021868046766668 -0.0047073541573695822
leaf_weight=2977.6868388950825 2815.7485039830208 3583.774071097374 6161.8509826511145 693.76532787084579 3084.4994112104177 619.92666856944561 1457.1228732764721 3233.0815670341253 1021.5345168113708 5609.1170981377363 5993.5521495640278 5021.9596876204014 6401.0825532525778 11013.273320943117 1923.8267691284418 1553.0756646841764 4594.2405068874359 360.73576381802559 1228.2962608635426 2849.073937907815 1818.5524323433638 258.08763934671879 4364.7728562951088 11072.091459929943 1149.4734188616276 2774.4211737811565 1466.967762440443 3766.5460924655199 570.8104505687952 16734.568776920438
leaf_count=23425 11514 20125 28905 2851 14063 2525 5894 14582 5286 23415 31661 31304 27307 46850 9121 6335 20556 1940 5180 13272 8602 1106 19538 47408 6716 11964 6169 17623 2391 78405
internal_value=4.93975e-05 0.00220779 -0.000878519 -0.00520862 0.0122698 0.00982054 0.0138976 -0.0145523 -0.00217894 0.00715601 -0.00863146 -0.029137 0.0123105 0.0170239 0.00489075 0.004385 0.0135399 -0.0284019 0.00316726 0.0136329 -0.00193385 0.0042303 0.000504525 0.00111946 -0.00555797 -0.00460769 -0.00353419 -0.00499943 0.00960917 -0.00738316
internal_weight=116174 108174 82782.2 53791.8 25391.7 22575.9 19491.4 13171.1 40620.7 28990.4 9226.63 7999.65 18871.5 12470.4 13136.4 23381.3 6147.32 3944.51 12442.6 4077.37 8365.24 6546.69 6288.6 17233.9 27484.3 26462.8 25313.3 23846.3 3345.23 20501.1
internal_count=546033 491304 383151 256532 108153 96639 82576 68308 188224 126619 46243 54729 80051 52744 59670 103204 26891 22065 56819 18452 38367 29765 28659 76313 128554 123268 116552 110383 14355 96028
is_linear=0
shrinkage=0.05


Tree=23
num_leaves=31
num_cat=0
split_feature=10 10 5 8 33 33 13 38 33 33 34 19 33 33 34 33 33 33 33 33 33 33 5 38 5 33 7 33 34 37
split_gain=2746.43 907.937 885.265 747.967 422.161 873.593 525.241 389.635 369.271 856.263 335.12 319.831 312.81 533.912 308.045 283.447 346.379 851.558 358.164 322.889 279.625 276.011 266.632 240.793 277.206 336.751 239.013 226.576 225.763 218.741
threshold=0.015819799294082292 0.0076331482101830691 -0.1325735930735937 0.31809769270300775 -4851.4999999999991 -4548.4999999999991 0.03409029878378466 -0.16919596014487689 -3648.4999999999995 -3458.4999999999995 2.8003208578683441 -0.34571879208704798 -4530.4999999999991 -4111.4999999999991 3.3995279310293984 -4072.4999999999995 -2387.9999999999995 -1759.4999999999998 -2527.4999999999995 -1941.4999999999998 -4658.4999999999991 -2956.4999999999995 -0.191366343882068 0.025507279310268086 -0.077689437863949815 -1225.4999999999998 -0.33135270885408569 -4786.4999999999991 1.9964150892425432 -0.033122219006719293
decision_type=8 10 8 10 2 2 8 10 2 2 2 8 2 2 2 2 2 2 2 2 2 2 10 10 10 2 10 2 2 10
left_child=1 22 7 4 -4 20 11 -2 -8 14 -3 -7 -9 -14 -10 -15 18 19 21 29 27 -17 -1 24 25 -12 -11 -6 -23 -18
right_child=2 10 3 -5 5 6 8 12 9 26 23 -13 13 15 -16 16 17 -19 -20 -21 -22 28 -24 -25 -26 -27 -28 -29 -30 -31
leaf_value=0.044510657229951761 0.029759562361337605 0.0058856319736131672 -0.020497308382352267 0.010842648069705496 0.034134691295066827 -0.012073248881590193 -0.0088895501835909406 0.031429209756126175 0.064684190343205702 0.026599984923417048 -0.010844781520473128 -0.00088148026003942448 -0.016030700946285902 0.05203884211871234 0.01506661669828864 -0.00054865651047531275 0.0058247846705463714 0.0028635699977582569 -0.021323611069400759 0.075030921777164042 0.036222973293202815 -0.025556253218527187 -0.039561294258030857 -0.00053070428149636388 -0.022692403002294012 0.041882523190053339 0.0017615229978883769 0.0015156275989758915 0.02707388126096117 0.041866063472157988
leaf_weight=96.585580259561539 2916.7412272691727 2421.8475526124239 2785.6888591051102 15493.832192495465 736.06038837134838 15166.253521248698 5444.1564312130213 1550.8803644925356 786.12814848124981 1023.2807754278183 3504.546830996871 11023.330468654633 2031.1470973789692 416.79033218324184 519.5477028042078 3663.3149977326393 589.11963614821434 3519.8697518408298 1274.7701021134853 539.25572799146175 1762.3668201118708 226.74184034764767 3999.9553071111441 2620.5163784325123 7837.9710833281279 331.45498208701611 18101.526311159134 1923.7298402488232 2010.5424515157938 1475.1183181554079
leaf_count=616 11901 12094 14556 65662 2987 72392 24737 6358 3314 4306 17972 51427 9295 1709 2226 15814 2499 15218 5453 2218 7283 948 31827 13327 43578 1717 81648 7954 8521 6226
internal_value=-3.35179e-05 -0.0164834 0.00357112 0.00106116 -0.00149574 -0.000558657 -0.00237083 0.0128546 0.00268167 0.00576508 -0.0113137 -0.00736258 0.0100041 0.00789396 0.0449406 0.011437 0.0101645 0.0188996 0.00271009 0.04058 0.020777 0.00790235 -0.0375791 -0.0142277 -0.0173023 -0.00628881 0.00309052 0.0105425 0.02174 0.0315801
internal_weight=115793 20812.9 94980.2 74765.9 59272.1 56486.4 52064.2 20214.3 25874.6 20430.5 16716.3 26189.6 17297.6 15746.7 1305.68 13715.5 13298.7 6123.36 7175.37 2603.49 4422.16 5900.6 4096.54 14294.5 11674 3836 19124.8 2659.79 2237.28 2064.24
internal_count=545783 121131 424652 338492 272830 258274 240050 86160 116231 91494 88688 123819 74259 67901 5540 58606 56897 26161 30736 10943 18224 25283 32443 76594 63267 19689 85954 10941 9469 8725
is_linear=0
shrinkage=0.05


Tree=24
num_leaves=31
num_cat=0
split_feature=10 10 5 12 38 33 5 33 38 32 33 33 33 32 5 28 5 33 33 13 12 33 22 33 33 33 32 26 7 7
split_gain=2488.96 982.265 761.729 664.433 660.711 633.566 411.523 392.288 333.602 297.502 284.178 271.346 555.133 263.872 266.033 249.176 238.893 225.205 258.471 207.449 197.23 218.473 194.417 191.676 894.291 322.817 295.245 195.615 184.361 177.46
threshold=0.013674384081579831 0.031620439814227137 -0.12049969871553155 1.0000000180025095e-35 0.0022586109542336312 -4874.4999999999991 -0.065637065637064659 -4287.4999999999991 -0.18480871549804853 4.5000000000000009 -4350.4999999999991 -4548.4999999999991 -4396.4999999999991 11.500000000000002 -0.17312184124059452 0.1001184710061133 -0.16239316239316312 -1241.4999999999998 -912.49999999999989 0.0040759419902683331 14.928571428571448 -4548.4999999999991 1.4083865942542362 -2387.9999999999995 -1806.4999999999998 -2527.4999999999995 3.5000000000000004 0.66290543336410235 -0.12499999999999993 -0.047796429892711816
decision_type=8 10 8 10 8 2 10 2 10 2 2 2 2 2 10 10 10 2 2 10 8 2 10 2 2 2 2 10 10 8
left_child=3 2 8 28 6 -6 -4 10 -2 17 -5 -10 -13 14 -9 -16 -3 20 -19 -8 21 -7 -18 25 -25 26 -14 -28 -1 -11
right_child=1 16 4 7 5 9 19 13 11 29 -12 12 23 -15 15 -17 22 18 -20 -21 -22 -23 -24 24 -26 -27 27 -29 -30 -31
leaf_value=0.032900392577109583 0.032551261344323415 0.021205248940415432 0.00013212773345329173 0.0057412872296262081 -0.025946529899977311 0.029277120155274051 -0.035357581861955249 0.02235268109862092 0.027314563266954608 0.0024282902842847694 0.086619738726304921 -0.033502372920559485 -0.013388106677448339 0.010094511164297193 -0.022934256960490965 0.013052512759479169 0.0072446966908795559 0.066569550998131763 -0.0042007974766426837 -0.011816886638009803 0.025818917591533454 -0.010425766820297069 0.023897280419135507 0.047441642710232317 0.00115527506019104 -0.023587606779656618 0.016524868546925611 -0.0024298091240872793 -0.042778060889830348 0.011716880351057408
leaf_weight=82.719975061714649 1358.7452248632908 4607.7081552147865 8683.032129406929 448.47655566036701 1913.9135134220123 364.86570742726326 989.66982263326645 371.91733454167843 1463.8462654352188 10509.610171958804 143.31585632264614 891.51231586933136 1549.7880121767521 848.38670380413532 8214.4265383481979 510.93725523352623 20191.757827460766 233.74683985114098 287.9571348130703 17213.383933484554 446.34636162221432 6880.5671790838242 1919.3131409734488 1493.1641888320446 3465.6058775782585 1023.0107080936432 4580.3536314666271 1936.7018128335476 2966.2431206703186 10068.275165751576
leaf_count=470 5579 18947 40796 2302 10570 1570 5280 1981 6030 46242 615 4192 7635 4615 49068 2766 85392 1098 1428 83744 2107 33927 7962 6338 15283 4501 19839 8175 24401 43528
internal_value=-6.4654e-05 0.00261134 -0.000309337 -0.020169 -0.00310119 0.00191015 -0.0088244 -0.0142213 0.00874258 0.00376193 0.0253278 0.00677051 0.00475758 -0.0165746 -0.0190617 -0.020827 0.0108484 -0.00428296 0.0275075 -0.0130968 -0.00643919 -0.00842641 0.0086902 0.00718552 0.0150928 0.00287186 0.00622737 0.010892 -0.0407249 0.00697298
internal_weight=115659 102073 75354.1 13586.4 57591.4 30705.3 26886.1 10537.5 17762.7 28791.4 591.792 16404 14940.1 9945.67 9097.28 8725.36 26718.8 8213.48 521.704 18203.1 7691.78 7245.43 22111.1 14048.6 4958.77 9089.85 8066.84 6517.06 3048.96 20577.9
internal_count=546381 460163 347862 86218 270290 140470 129820 61347 77572 129900 2917 71993 65963 58430 53815 51834 112301 40130 2526 89024 37604 35497 93354 61771 21621 40150 35649 28014 24871 89770
is_linear=0
shrinkage=0.05


Tree=25
num_leaves=31
num_cat=0
split_feature=10 10 32 34 32 33 33 33 33 33 32 32 32 43 33 33 33 33 43 38 33 33 32 33 43 26 28 33 13 43
split_gain=2287.89 991.37 718.565 494.322 637.123 571.958 635.458 1219.47 478.246 641.554 463.31 457.728 447.686 426.766 424.234 410.59 404.19 378.932 378.078 367.255 389.233 358.622 358.603 558.541 359.59 356.848 306.362 301.61 319.852 287.99
threshold=0.011549337303754133 0.031620439814227137 3.5000000000000004 2.8593355435749763 8.5000000000000018 -4786.4999999999991 -2200.4999999999995 -1564.4999999999998 -1454.4999999999998 -1139.4999999999998 1.5000000000000002 11.500000000000002 10.500000000000002 3.5000000000000004 -3874.4999999999995 -4548.4999999999991 -3841.4999999999995 -3180.4999999999995 2.5000000000000004 -0.06957928802597467 -2387.9999999999995 -2808.4999999999995 5.5000000000000009 -2870.4999999999995 1.5000000000000002 0.26928205128205135 -0.079747275489273392 -2506.4999999999995 0.021310929973752557 2.5000000000000004
decision_type=8 10 2 2 2 2 2 2 2 2 2 2 2 2 2 2 2 2 2 8 2 2 2 2 2 8 10 2 8 2
left_child=18 2 10 12 5 -5 22 -8 26 13 15 27 -4 -10 -14 -2 -17 -16 -1 20 -18 -19 24 -24 -7 -12 -9 -6 -29 -13
right_child=1 -3 3 4 11 6 7 8 9 -11 25 29 14 -15 17 16 19 21 -20 -21 -22 -23 23 -25 -26 -27 -28 28 -30 -31
leaf_value=-0.034564082548710857 0.027468396837528958 0.010277018506214056 0.0058169240907255592 0.041235585877630709 -0.0049212249094432638 0.039040824034979153 0.041005115628856309 0.04901337205986956 0.058889674251809659 -0.014762841429194182 -0.03056515535949321 -0.0068273985218832017 -0.0091528549293053551 0.011036298954699368 0.068670256253765785 -0.040481289634723167 -0.031633156597140298 -0.041663053589082684 -0.013113018423876183 -0.0048641975700127842 0.056482820632125376 0.034101866276224843 0.008609585316498183 -0.023218417939439955 -0.01496809663565951 -0.010434056758243408 -0.019372214355792117 -0.038607701552335227 -0.013000695650424263 0.015597814087205748
leaf_weight=4721.7519522830844 1187.0714378505945 26702.823346048594 10225.633204221725 1038.980731472373 9562.3202346712351 325.64183868467808 2860.4916318207979 175.59368942677975 842.39221328496933 1165.9804829657078 2924.8665485233068 2599.0480819195509 569.0146449804306 1042.5048284977674 725.73095270991325 697.57979314029217 166.77743510901928 181.16410173475742 3635.7921411320567 4891.0505585074425 504.23658016324043 1132.7693420648575 8319.7223000377417 1652.1265428960323 5750.0765753239393 8899.011094301939 2433.0683297067881 1545.6614038050175 5778.4975649416447 3187.4800536930561
leaf_count=35468 4980 112080 45300 4245 45586 1396 11795 749 3763 5299 16809 12069 2527 4573 2945 3447 766 784 23731 23247 2152 4914 36240 7746 27202 46900 10968 8225 26998 13652
internal_value=-3.62988e-05 0.0019301 -0.000842659 0.00181191 -0.000506598 0.00489819 0.00336146 0.0143976 0.000949358 0.0143894 -0.00926125 -0.00661069 0.0105336 0.0324228 0.0290222 0.000507874 -0.00460489 0.0396721 -0.0252322 -0.000105362 0.034582 0.0236555 -0.00249787 0.00333635 -0.0120734 -0.0154139 -0.0147691 -0.0107694 -0.0184047 0.00552542
internal_weight=115445 107087 80384.5 61113.9 48279.6 25606.6 24567.6 8520.03 5659.54 3050.88 19270.6 22673 12834.3 1884.9 2608.68 7446.72 6259.64 2039.66 8357.54 5562.06 671.014 1313.93 16047.6 9971.85 6075.72 11823.9 2608.66 16886.5 7324.16 5786.53
internal_count=546556 487357 375277 276976 220506 113976 109731 37147 25352 13635 98301 106530 56470 8336 11170 34592 29612 8643 59199 26165 2918 5698 72584 43986 28598 63709 11717 80809 35223 25721
is_linear=0
shrinkage=0.05


Tree=26
num_leaves=31
num_cat=0
split_feature=10 12 5 9 32 32 32 32 34 43 32 33 34 33 33 33 29 33 33 33 33 33 33 33 33 33 33 37 33 33
split_gain=2157.33 902.395 710.433 571.963 455.394 484.221 487.564 419.042 443.324 394.003 391.661 376.052 347.925 507.238 488.369 463.443 367.344 342.776 292.858 562.9 281.056 304.848 279.171 737.493 331.812 276.218 272.998 262.228 259.935 843.094
threshold=0.016259671180792409 1.0000000180025095e-35 -0.12841129647624536 0.033557386320964722 4.5000000000000009 8.5000000000000018 11.500000000000002 3.5000000000000004 2.8931418480839728 2.5000000000000004 1.5000000000000002 -1241.4999999999998 3.2976852969449926 -3227.4999999999995 -3598.4999999999995 -4287.4999999999991 -0.21739752342341953 -4492.4999999999991 -4530.4999999999991 -4396.4999999999991 -1695.4999999999998 -3634.4999999999995 -3150.4999999999995 -2777.4999999999995 -2417.4999999999995 -3997.4999999999995 -1241.4999999999998 -0.11065626139019479 -2220.4999999999995 -1787.4999999999998
decision_type=8 10 8 10 2 2 2 2 2 2 2 2 2 2 2 2 10 2 2 2 2 2 2 2 2 2 2 10 2 2
left_child=1 -1 18 4 10 28 12 26 20 -8 -4 -12 13 14 15 16 -7 -10 -2 -20 21 25 -11 -24 -25 -9 -3 -21 -6 -30
right_child=2 7 3 -5 5 6 9 8 17 22 11 -13 -14 -15 -16 -17 -18 -19 19 27 -22 -23 23 24 -26 -27 -28 -29 29 -31
leaf_value=-0.039275313569637454 0.030024259188168874 -0.027823454460022615 0.0023640272422555935 0.008284496525739652 0.0026285264985814218 -0.049319513617962218 -0.0070951550950965449 0.037303834777286146 0.042163442925906749 0.03867693577683793 -0.015925640937310623 0.02724423492324567 -0.01474694813809063 -0.012349097452054222 0.050241485527043384 -0.021988354214245807 0.046621178899569821 -0.011440207136158797 -0.028532561218590616 0.030180359329365067 -0.021181703780099391 0.036736151148052398 -0.050107595300770635 0.068865304248514378 0.0074271784946918461 -0.022645468131042693 0.0059700751730160997 0.0094500374134720549 0.036807112816165735 0.00021535039507943247
leaf_weight=3098.544195227325 1902.7789978981018 4111.055737003684 5468.6203453093767 18932.896163642406 11122.349588245153 118.49156680703163 1959.210163757205 292.27856713533401 306.37865790724754 1328.1425602883101 10848.320528328419 529.0612755715847 9033.0486204773188 3055.7374594211578 800.39819252490997 882.81957001984119 631.53009578585625 11222.707161165774 927.79333925247192 1685.4522552490234 489.89212687313557 1238.3818825483322 404.14588040113449 354.23087292909622 578.92911061644554 560.83002899587154 699.28632511198521 16072.213611871004 2666.9585058391094 3841.7218996882439
leaf_count=26001 7824 24866 24761 80272 48676 721 9078 1275 1337 5421 55949 2624 43288 14378 3407 4171 2746 60680 4298 6899 2975 5663 1787 1450 2431 2645 4278 68873 10870 16837
internal_value=-0.000187853 -0.0142628 0.00313945 0.000813381 -0.00182444 0.00129402 -0.00421141 -0.0101667 -0.0058221 0.0099274 -0.00863259 -0.0139182 -0.00871403 0.00121417 0.0182474 0.00256423 0.0314641 -0.0100157 0.0113369 0.00943398 0.0129076 0.0208924 0.0224397 0.00631363 0.0307493 -0.00210659 -0.0229108 0.0114176 0.00727273 0.015209
internal_weight=115164 22019.4 93144.9 72556.6 53623.7 36777.7 19146.7 18920.8 14110.5 4624.66 16846 11377.4 14522 5488.98 2433.24 1632.84 750.022 11529.1 20588.2 18685.5 2581.38 2091.49 2665.45 1337.31 933.16 853.109 4810.34 17757.7 17631 6508.68
internal_count=546481 129720 416761 328867 248595 165261 88878 103719 74575 20167 83334 58573 68711 25423 11045 7638 3467 62017 87894 80070 12558 9583 11089 5668 3881 3920 29144 75772 76383 27707
is_linear=0
shrinkage=0.05


Tree=27
num_leaves=31
num_cat=0
split_feature=10 7 37 7 33 33 33 33 33 33 33 33 34 33 33 7 26 3 33 33 33 33 33 33 33 33 33 34 33 33
split_gain=2007.5 1004.29 800.102 437.598 418.983 565.563 466.88 414.001 390.059 385.744 378.664 947.757 720.085 541.637 781.916 346.741 345.187 326.348 315.039 343.783 386.221 312.075 286.298 245.249 243.646 235.074 514.444 668.879 430.633 352.392
threshold=0.0092406241899698344 -0.22855810234541571 0.012174743375471088 -0.14285202583074921 -2387.9999999999995 -1772.4999999999998 -2728.4999999999995 -1925.4999999999998 -2009.4999999999998 -2793.4999999999995 -3410.4999999999995 -3634.4999999999995 3.6467536778901413 -4287.4999999999991 -4350.4999999999991 -0.095687747940189236 0.23667652859960556 -0.096979824147321134 -1643.4999999999998 -2371.4999999999995 -4548.4999999999991 -4413.4999999999991 -4874.4999999999991 -1482.4999999999998 -1241.4999999999998 -3227.4999999999995 -3598.4999999999995 3.0750027876182671 -4287.4999999999991 -2985.4999999999995
decision_type=8 8 8 10 2 2 2 2 2 2 2 2 2 2 2 10 10 10 2 2 2 2 2 2 2 2 2 2 2 2
left_child=-1 17 3 -3 6 7 9 8 15 22 11 13 -13 14 -5 -6 -12 -2 19 20 -19 -22 -4 -7 -20 26 28 -28 -24 -27
right_child=1 2 4 10 5 23 -8 -9 -10 -11 16 12 -14 -15 -16 -17 -18 18 24 -21 21 -23 25 -25 -26 29 27 -29 -30 -31
leaf_value=-0.031233137303921851 0.023401476541818018 0.0006415187538811978 -0.022383315719276431 -0.003758228847075361 0.041234121663642744 -0.009595939040235665 -0.019731891220100051 0.036464147816920256 -0.029128226955869526 0.034437519365567423 -0.022432723628663425 0.05169699381923018 -0.0048819622337348823 -0.018219649014624306 0.058623539484231574 0.0074721790424374535 -0.0082316042015926558 0.028361624821179123 -0.025653232707659786 0.025959350415833443 -0.030479239740756232 0.0046992906175525647 0.0111175537901738 0.0098599709126930453 0.012917736036240805 -0.023641079283938254 0.04652548326936401 0.0054989471874952881 -0.0095324656208241876 0.0083964401192612031
leaf_weight=4936.5424488857388 4686.0014204978943 23469.302243366838 1150.0638419538736 2939.988185569644 1081.1611519008875 2858.7910848557949 2460.628585934639 2859.5181791037321 511.78702914714813 950.42918454110622 6021.9911640435457 1323.743956297636 977.71779043972492 5435.3260196298361 605.83840353786945 2563.9701510816813 14784.597225487232 1618.7718950510025 1122.5998531132936 2917.0424403399229 695.34538079798222 6753.9287487566471 4708.0360138118267 3737.0989719182253 644.4790315926075 1802.5868141800165 1581.8350325077772 2671.0213402658701 5444.0431696772575 1638.5067604333162
leaf_count=40569 19420 108648 6377 13771 4655 13155 11314 11795 2462 4126 32835 6080 4853 27094 2523 11098 71828 6602 4786 12181 3264 28512 20056 16843 2757 8601 6845 12218 24510 7102
internal_value=-4.02692e-05 0.00135939 -0.000784164 -0.00454722 0.00502019 0.0119389 0.00081706 0.0218204 0.0117471 0.003352 -0.00834214 -0.000966273 0.0276609 -0.00830211 0.00690029 0.0174861 -0.0123418 0.0120059 0.0081229 0.0110288 0.00622583 0.00141558 0.00179671 0.00142739 -0.0115858 0.00335496 0.0061597 0.0207586 4.39998e-05 -0.00838613
internal_weight=114953 110016 91578 55558.5 36019.5 13612.3 22407.2 7016.44 4156.92 19946.5 32089.2 11282.6 2301.46 8981.15 3545.83 3645.13 20806.6 18438.2 13752.2 11985.1 9068.05 7449.27 18996.1 6595.89 1767.08 17846 14404.9 4252.86 10152.1 3441.09
internal_count=546880 506311 428789 267632 161157 60008 101149 30010 18215 89835 158984 54321 10933 43388 16294 15753 104663 77522 58102 50559 38378 31776 85709 29998 7543 79332 63629 19063 44566 15703
is_linear=0
shrinkage=0.05


Tree=28
num_leaves=31
num_cat=0
split_feature=9 5 38 32 33 33 33 33 33 33 12 33 33 7 33 32 38 32 32 33 34 33 33 33 33 33 33 34 34 9
split_gain=1736.26 927.625 728.909 608.192 632.792 897.339 601.535 554.299 513.965 1129.03 501.748 448.109 413.391 353.465 349.691 339.795 336.823 321.303 441.567 594.222 517.824 437.808 644.374 423.239 1160.29 644.459 385.851 646.514 497.831 324.698
threshold=0.012530717551007807 -0.068493150684934043 -0.11761614550516551 4.5000000000000009 -1941.4999999999998 -1655.4999999999998 -1643.4999999999998 -1241.4999999999998 -2329.4999999999995 -2634.9999999999995 4.28571428571429 -891.49999999999989 -4915.4999999999991 -0.093093093093093091 -4961.4999999999991 4.5000000000000009 0.15639131572914114 11.500000000000002 8.5000000000000018 -3243.4999999999995 3.3481466162208831 -3540.4999999999995 -4287.4999999999991 -2200.4999999999995 -1787.4999999999998 -2891.4999999999995 -3634.4999999999995 3.7025350203600906 2.8478079206112956 0.04623838156484824
decision_type=8 8 8 2 2 2 2 2 2 2 8 2 2 10 2 2 8 2 2 2 2 2 2 2 2 2 2 2 2 10
left_child=1 -1 -2 4 8 -6 15 -7 9 10 12 -9 -4 -11 -5 -3 17 18 23 20 21 22 -20 25 -25 26 27 -16 -28 -21
right_child=2 6 3 14 5 7 -8 11 -10 13 -12 -13 -14 -15 16 -17 -18 -19 19 29 -22 -23 -24 24 -26 -27 28 -29 -30 -31
leaf_value=0.0031298250958720348 0.015499174880885303 -0.027875591703143361 0.037468694498932004 -0.024342075440864225 0.052223552500274439 -0.010296673570329143 -0.034737212848646344 0.040988296785701359 -0.030891975394211835 0.048289268940354513 0.0084816137040809071 -0.01845154370475325 -0.016310097398610418 -0.00078588573779072093 -0.010811987965527769 -0.006019222086676288 0.014324893040038814 0.01332665400317549 0.046233197328176677 -0.012903649161285932 -0.005615976028588333 0.068642314354040487 -0.0035624660237917917 0.040166414932187054 0.00095224042516916315 -0.017657493371811921 0.046035653186702719 0.017358014560392748 0.0086241991439814578 0.021740990878105885
leaf_weight=5684.499161221087 10065.926448613405 2573.9071412160993 367.82354684174061 1063.6553099602461 999.23914170265198 3633.5825490131974 4984.1355426684022 1175.1947407722473 2450.275034531951 1140.8301900923252 2826.7724006175995 434.24343977868557 12534.929013967514 540.86663301289082 5297.9185627400875 5752.893775716424 7707.1708537787199 6675.1034485548735 1030.5397366434336 11398.517456144094 3509.1536954194307 437.44751997292042 1757.8722643554211 2971.1551649570465 5166.4590473994613 3516.8950416445732 1171.4895125776529 3308.8731166422367 3690.6148743629456 718.97250343859196
leaf_count=28830 42246 16024 1513 6583 4306 17763 39291 5566 11779 5147 13596 2245 62236 2634 22602 30905 31951 28410 4219 53388 15670 1783 8028 12206 22765 15958 5067 14233 16396 2964
internal_value=2.87776e-05 -0.0137781 0.0027724 0.00127453 -0.00508703 0.00879918 -0.0209987 0.000523163 -0.00945133 -0.00643399 -0.0105972 0.0249508 -0.014777 0.0325057 0.00406913 -0.0127753 0.00458696 0.00310522 0.00155371 -0.00423012 0.00767673 0.0221368 0.014841 0.00589387 0.0152699 0.00140198 0.00637865 1.79435e-05 0.0176382 -0.0108481
internal_weight=114587 18995.4 95591.5 85525.6 26103.8 6242.26 13310.9 5243.02 19861.5 17411.2 15729.5 1609.44 12902.8 1681.7 59421.8 8326.8 58358.2 50651 43975.9 18852.5 6735.01 3225.86 2788.41 25123.4 8137.61 16985.8 13468.9 8606.79 4862.1 12117.5
internal_count=546304 115050 431254 389008 126785 29880 86220 25574 96905 85126 77345 7811 63749 7781 262223 46929 255640 223689 195279 86052 29700 14030 12247 109227 34971 74256 58298 36835 21463 56352
is_linear=0
shrinkage=0.05


Tree=29
num_leaves=31
num_cat=0
split_feature=13 33 5 38 33 33 43 33 13 33 33 33 33 4 33 32 33 33 33 33 32 33 33 7 28 0 32 43 28 33
split_gain=1365.88 905.504 846.396 863.182 480.05 837.302 717.7 488.555 475.905 568.323 475.251 478.208 440.656 421.754 417.284 508.235 377.546 356.036 367.655 487.914 355.682 331.741 325.018 313.192 297.489 290.19 289.034 288.866 279.629 256.274
threshold=2.636779683484747e-17 -2154.4999999999995 -0.10396668349442494 0.031278035944005252 -2387.9999999999995 -1822.4999999999998 1.5000000000000002 -4530.4999999999991 0.032203542485319155 -4271.4999999999991 -4413.4999999999991 -2527.4999999999995 -4851.4999999999991 -0.16169894072224059 -2971.4999999999995 10.500000000000002 -1941.4999999999998 -4350.4999999999991 -4548.4999999999991 -4593.4999999999991 4.5000000000000009 -1211.4999999999998 -3150.4999999999995 -0.31360211196263937 -0.041733211907332 0.084415584415584846 3.5000000000000004 2.5000000000000004 -0.048638367890937111 -3227.4999999999995
decision_type=8 2 8 10 2 2 2 2 8 2 2 2 2 10 2 2 2 2 2 2 2 2 2 10 10 10 2 2 10 2
left_child=1 28 4 8 6 16 -2 -8 9 17 -9 14 -10 -3 22 -16 -6 18 19 -4 21 -11 26 -14 -24 -5 -12 -7 -1 -22
right_child=2 13 3 25 5 27 7 10 12 20 11 -13 23 -15 15 -17 -18 -19 -20 -21 29 -23 24 -25 -26 -27 -28 -29 -30 -31
leaf_value=-0.018401828644366867 0.028903795604960144 0.058912834554980975 0.0048406513714585493 0.0039986598888984209 0.028972382211886423 0.015666813718867061 0.038091738158768568 -0.035981022414637319 -0.029393303372958236 -0.024210019381644153 -0.018134958988448909 -0.023514445151816662 0.020609458389237775 -0.035858166833442652 0.010049415612149656 0.06050548106819377 0.069014383911604346 0.047320319277603828 -0.021204338849326525 0.0747789812864149 -0.00060434735958072097 0.024182681282735888 0.0099272283535694599 -0.0002869273708959005 -0.039957056571777338 0.027697381908929522 0.0068422695582407728 -0.0077118362920927655 0.036831603888977917 -0.013583283413723633
leaf_weight=343.90225850045681 2544.934690952301 120.5193847566843 2120.8887610882521 30356.95992654562 2496.9779723137617 3370.6109724193811 815.17001688480377 945.03889052569866 1202.2501141279936 7168.7849391028285 1421.6098882108927 1801.2725662142038 1988.0356451272964 4527.6975203752518 3148.2780046761036 593.11328065395355 770.2749852091074 490.98565359413624 1160.6704908162355 282.60366867482662 6120.3963761031628 372.54749462753534 437.63332030177116 18288.407032512128 942.59024131298065 1349.1410260647535 6252.1089363396168 2173.184133246541 686.73616357147694 10046.468725331128
leaf_count=1428 10739 575 9999 134512 10600 14863 3301 4566 6993 40790 7194 7901 8326 35821 13680 2447 3215 2102 5923 1181 30164 2178 2193 84023 4448 5677 27089 9649 2920 51914
internal_value=-9.47291e-05 -0.0239995 0.00115459 -0.00142742 0.00869653 0.018335 0.00420354 0.000360458 -0.00557048 -0.00989392 -0.00161857 0.00060618 1.80081e-05 -0.0334009 0.00400178 0.0180481 0.0384125 0.00740334 0.00190453 0.013064 -0.0128525 -0.0218194 -0.00180263 0.00176189 -0.02414 0.00500708 0.00221506 0.00650231 0.0184014 -0.00866976
internal_weight=114340 5678.86 108661 80948.1 27712.8 8811.05 18901.7 16356.8 49242 27763.3 15541.6 14596.6 21478.7 4648.22 12795.3 3741.39 3267.25 4055.15 3564.16 2403.49 23708.2 7541.33 9053.94 20276.4 1380.22 31706.1 7673.72 5543.8 1030.64 16166.9
internal_count=546411 40744 505667 383782 121885 38327 83558 72819 243593 144251 69518 64952 99342 36396 57051 16127 13815 19205 17103 11180 125046 42968 40924 92349 6641 140189 34283 24512 4348 82078
is_linear=0
shrinkage=0.05


Tree=30
num_leaves=31
num_cat=0
split_feature=10 7 37 0 43 7 33 33 34 33 33 34 33 33 33 5 34 33 33 33 13 33 7 5 33 33 33 33 33 34
split_gain=1586.05 739.904 641.958 414.307 307.637 337.211 291.408 638.191 316.377 268.728 639.157 385.331 380.289 371.993 369.509 306.095 304.955 332.409 269.066 398.346 262.433 272.496 260.884 220.611 238.656 386.229 350.184 708.424 253.474 219.844
threshold=0.011125773578348342 -0.19998047256395232 0.012174743375471088 0.084415584415584846 3.5000000000000004 -0.11313499963134997 -4548.4999999999991 -4130.4999999999991 3.8680705719571402 -3648.4999999999995 -3458.4999999999995 3.7830519769996935 -2387.9999999999995 -1772.4999999999998 -1925.4999999999998 -0.030769230769230712 3.6901278942132305 -3524.4999999999995 -2728.4999999999995 -2793.4999999999995 2.636779683484747e-17 -2154.4999999999995 -0.36418069611556519 -0.071428571428571216 -2387.9999999999995 -1772.4999999999998 -2742.4999999999995 -2793.4999999999995 -1454.4999999999998 3.6467536778901413
decision_type=8 8 8 10 2 10 2 2 2 2 2 2 2 2 2 8 2 2 2 2 10 2 10 10 2 2 2 2 2 2
left_child=4 6 20 9 5 -1 -2 -8 22 11 16 -4 18 14 15 -14 17 -11 19 -12 21 -3 -9 24 26 -26 27 -22 -27 -6
right_child=1 2 3 -5 29 -7 7 8 -10 10 12 -13 13 -15 -16 -17 -18 -19 -20 -21 23 -23 -24 -25 25 28 -28 -29 -30 -31
leaf_value=0.0067821717310241926 0.024128796192685369 0.011473777002113708 -0.012900525973056898 0.029433139896247996 0.0096617453401676157 -0.036792713988792421 -0.015240300232241663 0.035918651183310238 0.0011944653193832633 0.021161987275629606 -0.0046888830460374495 0.0069263269069252788 0.035311597979690808 -3.7480004483477378e-05 0.032003682016576905 6.8229701618404448e-05 0.0059882131744893683 0.067199805357224404 -0.019923802837885984 0.032051645853719932 -0.0012356889957655705 -0.035138362707975039 0.012360712577827351 -0.0062286482182929807 0.034115104410022946 -0.013311364623866615 -0.024968349573282717 0.090485372094415761 0.016596745348258935 -0.02003908855262139
leaf_weight=504.47463248670101 2821.4211329221725 413.97530627250671 5288.6576433032751 1576.701680034399 931.14753763377666 3702.8519572839141 2803.3600719869137 1303.1202781051397 6478.0225834548473 806.57467564940453 5270.9559671878815 4566.509736508131 777.09061479568481 5974.2927004396915 2562.4047288298607 2973.5587205737829 824.62604838609695 762.98577660322189 2201.9961950033903 857.81406185030937 8563.3630072325468 1292.4680543839931 11971.859617248178 31104.37381015718 1288.4703344702721 1469.7487456649542 1520.8686074316502 215.82676288485527 1367.6397869437933 1882.9307806789875
leaf_count=3165 11594 1735 23954 6660 6609 31867 13026 5288 27564 3449 24102 20801 3385 27126 10634 13079 3620 3201 10243 3703 41052 7595 50725 151217 5731 7010 7493 909 6549 13144
internal_value=1.235e-05 0.00152217 -0.000794765 0.00439616 -0.0230085 -0.0315679 0.00897944 0.00708451 0.0102529 0.0031951 0.00615376 -0.00371352 0.00331422 0.00890556 0.0173687 0.00737024 0.0306072 0.0435416 -0.00493264 0.00045351 -0.0045799 -0.0238305 0.0146732 -0.0038584 0.00125221 0.0114135 -0.00281805 0.00101917 0.00110454 -0.0102114
internal_weight=114080 107059 81680.9 34444.2 7021.4 4207.33 25377.8 22556.4 19753 32867.5 23012.3 9855.17 20618.1 12287.3 6313.05 3750.65 2394.19 1569.56 8330.77 6128.77 47236.7 1706.44 13275 45530.3 14425.9 4125.86 10300.1 8779.19 2837.39 2814.08
internal_count=546230 491445 383248 153957 54785 35032 108197 96603 83577 147297 102542 44755 92272 54224 27098 16464 10270 6650 38048 27805 229291 9330 56013 219961 68744 19290 49454 41961 13559 19753
is_linear=0
shrinkage=0.05


Tree=31
num_leaves=31
num_cat=0
split_feature=9 5 38 32 33 33 33 33 33 33 12 33 33 28 34 33 33 11 33 33 33 32 33 32 33 33 34 32 33 33
split_gain=1339.22 698.538 573.722 582.473 541.187 690.123 501.399 827.284 487.089 455.886 417.13 469.902 371.678 293.364 288.435 284.903 352.755 440.16 279.712 942.122 1267.81 559.59 348.32 817.514 350.127 976.093 921.317 667.871 446.594 390.947
threshold=0.012023118575683099 -0.067072708622362295 -0.099834746305578301 4.5000000000000009 -1941.4999999999998 -1655.4999999999998 -2329.4999999999995 -2387.9999999999995 -1643.4999999999998 -1241.4999999999998 3.0357142857142869 -4915.4999999999991 -882.49999999999989 -0.043491899221280342 3.6362686359073835 -1241.4999999999998 -1428.4999999999998 0.381165514834788 -1772.4999999999998 -2220.4999999999995 -2584.4999999999995 7.5000000000000009 -2793.4999999999995 10.500000000000002 -3227.4999999999995 -3634.4999999999995 3.0056826232918001 7.5000000000000009 -4287.4999999999991 -4376.4999999999991
decision_type=8 8 8 2 2 2 2 2 2 2 8 2 2 10 2 2 2 10 2 2 2 2 2 2 2 2 2 2 2 2
left_child=1 15 -2 4 6 -6 7 10 -3 -7 11 -4 14 -5 -11 16 17 -1 19 20 22 -21 24 -24 25 28 -27 -26 29 -15
right_child=2 8 3 13 5 9 -8 -9 -10 12 -12 -13 -14 18 -16 -17 -18 -19 -20 21 -22 -23 23 -25 27 26 -28 -29 -30 -31
leaf_value=0.037807926960164509 0.011642302285083421 -0.011847116332412823 0.043070895410238785 -0.004687276703713268 0.046648283495402412 -0.01002122664885967 -0.031924079646911852 0.029131684924082153 -0.032773416306896702 0.063249453605066827 0.003717756448093943 -0.016964442210643828 -0.040327029919763342 0.0031450601494136875 0.015053767332400695 0.03767041397171203 -0.036981237125623886 -0.004334688285753902 -0.0025915159637814288 0.038519171395492803 -0.028309219448950408 0.011246588528859559 -0.0095667768579174063 0.056662183856297933 0.019425413793665237 0.051491042001187676 0.0099106332553244268 -0.017671307667589977 -0.0078269790187267662 0.030430230361631561
leaf_weight=765.74635645747185 13533.167312175035 7239.3559022396803 335.8075458407402 9619.3900279998779 937.54696960747242 3526.1280917152762 2285.4399104267359 1450.4552569538355 4515.0761162117124 474.26053463667631 3911.6216418370605 11088.921275347471 205.96589676290751 5453.7974327653646 898.69154400378466 510.37922161072493 614.18567731976509 3246.2915416806936 9978.0847544521093 3167.3664182126522 2948.5271978676319 4630.6890333741903 845.48738294839859 1037.9858465492725 1750.9102916717529 2109.3018923848867 3616.0679932832718 3951.3285421580076 7334.9473642110825 1729.0220786035061
leaf_count=3471 57603 41913 1376 45454 4064 17448 11171 6693 38209 2303 19029 56050 1089 22770 4244 2835 3623 16497 45031 13219 13705 19481 3920 4271 7632 8867 15962 18288 32362 7183
internal_value=-0.000172421 -0.0131636 0.00209398 0.000542504 -0.00582124 0.00721847 -0.00995256 -0.00696125 -0.0198853 -2.28614e-05 -0.0103748 -0.0151998 0.022306 0.00328991 0.0317021 0.0022179 -0.00169333 0.00370874 0.00487034 0.00680046 0.00286726 0.022324 0.00617048 0.0269321 0.00466331 0.00774605 0.0252294 -0.00628051 0.000851135 0.00971305
internal_weight=113712 16891 96820.9 83287.7 25114.8 6042.59 19072.2 16786.8 11754.4 5105.05 15336.4 11424.7 1578.92 58172.9 1372.95 5136.6 4626.22 4012.04 48553.5 38575.4 30777.4 7798.06 27828.8 1883.47 25945.4 20243.1 5725.37 5702.24 14517.8 7182.82
internal_count=545763 106548 439215 381612 123467 29148 94319 83148 80122 25084 76455 57426 7636 258145 6547 26426 23591 19968 212691 167660 134960 32700 121255 8191 113064 87144 24829 25920 62315 29953
is_linear=0
shrinkage=0.05


Tree=32
num_leaves=31
num_cat=0
split_feature=10 10 5 38 33 33 33 33 32 33 33 7 37 33 33 33 33 33 32 34 32 33 33 34 32 33 33 28 33 13
split_gain=1403.88 697.137 455.959 551.103 374.325 303.228 452.655 404.101 336.081 291.161 290.49 281.073 265.863 270.619 282.663 273.822 546.437 272.13 261.711 259.434 240.743 385.803 1173.5 529.345 426.685 293.292 463.203 269.925 252.406 292.046
threshold=0.0092406241899698344 0.023965746894597663 -0.10396668349442494 1.0000000180025095e-35 -2971.4999999999995 -3227.4999999999995 -1925.4999999999998 -1759.4999999999998 11.500000000000002 -4874.4999999999991 -3509.4999999999995 -0.33780761432538642 -0.11065626139019479 -2742.4999999999995 -2793.4999999999995 -2403.4999999999995 -1772.4999999999998 -1241.4999999999998 3.5000000000000004 2.5494451783761538 3.5000000000000004 -1787.4999999999998 -2200.4999999999995 4.0543898706079506 7.5000000000000009 -2667.4999999999995 -2793.4999999999995 -0.11217292484407584 -1695.4999999999998 0.017967776041578624
decision_type=8 10 10 10 2 2 2 2 2 2 2 10 10 2 2 2 2 2 2 2 2 2 2 2 2 2 2 10 2 10
left_child=-1 2 4 18 -2 8 -7 -8 9 -5 -10 -3 -6 14 19 -15 -17 -18 -4 -14 -13 22 25 24 -24 26 27 -22 -23 -30
right_child=1 11 3 5 12 6 7 -9 10 -11 -12 20 13 15 -16 16 17 -19 -20 -21 21 28 23 -25 -26 -27 -28 -29 29 -31
leaf_value=-0.027452248912854551 -0.0023385109391722814 0.018291655170020956 -0.022481709205207631 -0.042461575885354971 0.043917534056901339 -0.016171232374579399 0.032726998328479744 -0.0028473422439615681 0.012115408500326068 0.0055270132535140074 0.076523002589006489 -0.0019086639850393453 -0.029668891073745342 -0.012759180410193798 0.085732657038829888 0.043481398158816395 -0.0080496545473264115 0.027194746119968385 -0.0086807624617883002 0.036171541150282462 0.041564678011506373 -0.017600130813485975 0.050840575639703595 0.0033518972055243839 0.021621222708803983 -0.0081215815937502791 0.045754826192555012 0.0035965296414985585 -0.038737364704063762 0.004675343262581174
leaf_weight=4468.6582297310233 9857.5386131554842 3776.6206982582808 4559.4222927540541 328.52028128504753 623.71210373938084 5214.4601228386164 1046.3838987797499 3366.7984179258347 414.54620482027531 8346.750449359417 303.03757712244987 12386.871176272631 197.87480875849724 1515.0698477327824 205.73425555229187 1032.1471400856972 2122.9416523873806 738.11785817146301 13930.779228582978 613.48576232790947 481.02271856367588 2248.1984452009201 2360.8736579865217 1737.3155428320169 2653.9049918502569 4433.5523024201393 711.41766613721848 17431.653439119458 414.1551272124052 5996.3473597019911
leaf_count=40370 47269 15437 27510 1806 2607 25983 4508 16641 1773 39588 1272 57413 839 7131 854 4479 9835 3470 70948 2697 1995 9833 10126 7179 10911 19304 2872 73627 1981 25831
internal_value=1.56378e-05 0.00114123 -0.00286442 -0.00593709 0.0039529 3.83367e-05 -0.00619733 0.00558748 0.00642987 0.00370975 0.0393149 0.00513114 0.0127509 0.00972555 0.0333874 0.00527564 0.012294 0.00104296 -0.0120839 0.0201144 0.00415381 0.00610593 0.00880459 0.0271371 0.0353772 0.00343619 0.00618757 0.00461612 -0.00318488 0.00187063
internal_weight=113518 109049 54417.3 37510.7 16906.6 19020.5 9627.64 4413.18 9392.85 8675.27 717.584 54631.9 7049.08 6425.37 1017.09 5408.28 3893.21 2861.06 18490.2 811.361 50855.3 38468.4 29809.7 6752.09 5014.78 23057.6 18624.1 17912.7 8658.7 6410.5
internal_count=546089 505719 269210 190029 79181 91571 47132 21149 44439 41394 3045 236509 31912 29305 4390 24915 17784 13305 98458 3536 221072 163659 126014 28216 21037 97798 78494 75622 37645 27812
is_linear=0
shrinkage=0.05


Tree=33
num_leaves=31
num_cat=0
split_feature=10 10 5 38 33 33 33 33 32 38 33 32 37 33 33 33 33 33 33 33 32 33 33 32 33 13 33 32 33 33
split_gain=1306.04 677.886 400.756 503.219 335.509 269.967 431.101 358.758 312.367 259.671 255.728 254.377 237.656 258.006 275.909 242.073 477.579 258.554 269.032 233.935 231.772 306.56 968.003 508.638 325.042 283.83 268.893 263.584 369.773 276.113
threshold=0.0092406241899698344 0.023965746894597663 -0.10049730839303288 1.0000000180025095e-35 -2971.4999999999995 -3227.4999999999995 -1925.4999999999998 -1759.4999999999998 11.500000000000002 -0.16276003467189779 -3509.4999999999995 3.5000000000000004 -0.11065626139019479 -2742.4999999999995 -2793.4999999999995 -2403.4999999999995 -1772.4999999999998 -1241.4999999999998 -1150.4999999999998 -4874.4999999999991 3.5000000000000004 -1772.4999999999998 -2200.4999999999995 7.5000000000000009 -1695.4999999999998 0.016247615253284789 -2584.4999999999995 10.500000000000002 -3874.4999999999995 -4271.4999999999991
decision_type=8 10 10 10 2 2 2 2 2 10 2 2 10 2 2 2 2 2 2 2 2 2 2 2 2 10 2 2 2 2
left_child=-1 2 4 11 -2 8 -7 -8 19 -3 -10 -4 -6 14 -14 -15 -17 -18 -19 -5 -11 22 26 -24 -23 -26 27 -22 29 -29
right_child=1 9 3 5 12 6 7 -9 10 20 -12 -13 13 15 -16 16 17 18 -20 -21 21 24 23 -25 25 -27 -28 28 -30 -31
leaf_value=-0.026754485376186674 -0.0025632500966499463 0.018690241253871715 -0.022266606259091545 -0.039042042876861457 0.040758974686074104 -0.015971815218782558 0.030964202514440254 -0.0026062594754048536 0.012203325768825175 -0.0018195873359236352 0.072655224143164915 -0.0084610725941118466 0.018273393462350334 -0.012510522582921353 0.080950770816083872 0.039474891825962255 -0.0081836070573428205 0.060514797802200496 0.00044654116087592478 0.0048158519469575899 0.0024531006944472273 -0.021567212439426331 0.039212694664119224 0.012406226499951543 -0.038954432784587385 0.0052549649436991223 -0.0090476098521306957 0.018013683439405879 0.028810789354533451 -0.017539745586108903
leaf_weight=4397.9285677969456 10102.282134890556 3244.8991444259882 4428.5129360631108 315.55099645256996 634.17328767478466 5116.7865318953991 1044.7487435638905 3340.4253571331501 417.72591188549995 12487.866922810674 301.00507517158985 13533.382323905826 855.85530610382557 1534.323640152812 220.90308986604214 1069.1787774860859 2205.9895462393761 320.0150398015976 446.45918256044388 8339.1928894668818 14984.070205003023 1763.7961034029722 3205.861868724227 3949.7828700989485 385.94788332283497 6119.9183574914932 3659.2304987609386 1130.850740686059 2572.2769586443901 1056.0658718645573
leaf_count=40516 48531 13246 27116 1774 2635 25689 4489 16526 1777 57864 1263 69262 3724 7289 911 4633 10288 1516 2063 39490 63505 7917 13762 16213 1866 26318 15993 4573 10475 4649
internal_value=-4.17374e-05 0.00103818 -0.00292089 -0.00587414 0.00333528 -0.000173388 -0.00611248 0.00539176 0.00584712 0.00497301 0.0375206 -0.0118648 0.0115128 0.00872488 0.031132 0.00439791 0.0108168 0.000508688 0.025526 0.0032168 0.00410561 0.00601128 0.00832248 0.024416 -0.00252907 0.00263233 0.00340165 0.00570901 0.0159601 0.00084487
internal_weight=113185 108787 54226.5 36837.3 17389.2 18875.4 9501.96 4385.17 9373.47 54560.6 718.731 17961.9 7286.9 6652.72 1076.76 5575.97 4041.64 2972.46 766.474 8654.74 51315.7 38827.8 30558.1 7155.64 8269.66 6505.87 23402.5 19743.3 4759.19 2186.92
internal_count=545873 505357 268976 187386 81590 91008 46704 21015 44304 236381 3040 96378 33059 30424 4635 25789 18500 13867 3579 41264 223135 165271 129170 29975 36101 28184 99195 83202 19697 9222
is_linear=0
shrinkage=0.05


Tree=34
num_leaves=31
num_cat=0
split_feature=10 5 10 32 33 33 33 34 32 32 33 32 28 33 0 33 32 33 33 5 34 34 33 12 33 34 32 33 38 33
split_gain=1199.32 649.428 576.971 451.17 639.944 588.235 583.171 666.827 537.905 462.129 455.376 430.217 423.186 349.46 342.932 273.282 269.149 620.23 735.263 256.369 243.623 236.418 258.867 229.163 233.279 227.034 221.347 225.911 213.522 215.126
threshold=0.0076331482101830691 -0.1598185312848385 0.023364488614158456 4.5000000000000009 -3293.4999999999995 -1211.4999999999998 -3540.4999999999995 3.6571299135007886 8.5000000000000018 2.5000000000000004 -4287.4999999999991 7.5000000000000009 0.048017659845040417 -3670.4999999999995 0.084415584415584846 -4961.4999999999991 11.500000000000002 -2777.4999999999995 -2417.4999999999995 -0.064193934277938888 3.8784656871905567 6.0213873534005655 -4130.4999999999991 2.6357142857142892 -4593.4999999999991 2.7113724724615449 5.5000000000000009 -3342.4999999999995 -0.16919596014487689 -2220.4999999999995
decision_type=8 8 8 2 2 2 2 2 2 2 2 2 10 2 10 2 2 2 2 10 2 2 2 10 2 2 2 2 10 2
left_child=19 28 3 5 6 21 10 26 -6 20 11 12 -5 -12 15 -4 -10 -18 -19 -1 -7 -3 -23 24 -13 -15 27 -8 -2 -30
right_child=1 2 14 4 8 9 7 -9 16 -11 13 23 -14 25 -16 -17 17 18 -20 -21 -22 22 -24 -25 -26 -27 -28 -29 29 -31
leaf_value=0.01727298726533175 0.022320857116777386 -0.017057516741274252 -0.023328238904425428 -0.023096090536404601 0.0012363176875565629 0.031339349050108121 -0.034269930411508366 0.0010348143288699198 -0.020672385266118577 0.068984192492905577 -0.014513036076077197 0.011782761613671235 0.048275429102644429 0.035355135512771023 0.024948386967712798 0.0025988528882386571 -0.049033949923331141 0.080755064224629927 -0.0023856880012472562 -0.034251478127500908 -0.035687761553379042 0.069163011305996322 -0.0042204839326892172 0.0028324138695700746 0.057338733478713572 0.00026950150181316985 0.070475491011716643 0.056708421925026342 0.0032080277235682665 0.01667324397569251
leaf_weight=262.73156559467316 2839.5956570953131 11949.434797823429 1038.7641417384148 852.20122396945953 9096.2181374579668 261.86818749457598 115.84344425797462 962.22502447664738 7020.4394769966602 371.9798629283905 3883.7477579712868 397.92388369143009 274.62138740718365 641.83517478406429 1690.9446221590042 47099.301378965378 505.60108226537704 332.15652537345886 1333.5643541514874 2976.7021143510938 281.08383952081203 160.1586222499609 481.40278282016516 451.8193683475256 956.46060492098331 1637.1712474375963 846.27355927228928 166.02731221914291 9789.8690727949142 4255.6562655568123
leaf_count=2014 11678 67768 6654 3940 43642 1380 555 4817 38164 1872 18834 1675 1127 2768 7129 206956 2491 1449 6737 30573 1533 834 2789 1868 3946 7817 3640 805 42259 18275
internal_value=-8.90718e-05 0.000796388 -0.000844582 -0.0050894 -0.00162165 -0.0126571 0.00779861 0.0316128 -0.00738371 0.0260525 0.00232569 0.0185425 -0.00570192 -0.00539233 0.00281679 0.00203938 -0.0159141 -0.000529523 0.0141932 -0.0300726 -0.00336029 -0.01547 0.0140989 0.0336676 0.0439542 0.0101506 0.0576936 0.0193181 0.00981598 0.00728786
internal_weight=112934 109694 92809.1 42980.1 29474.1 13505.9 11186.1 2090.37 18288 914.932 9095.78 2933.03 1126.82 6162.75 49829 48138.1 9191.76 2171.32 1665.72 3239.43 542.952 12591 641.561 1806.2 1354.38 2279.01 1128.14 281.871 16885.1 14045.5
internal_count=545989 513402 441190 220451 144275 76176 51792 9817 92483 4785 41975 12556 5067 29419 220739 213610 48841 10677 8186 32587 2913 71391 3623 7489 5621 10585 5000 1360 72212 60534
is_linear=0
shrinkage=0.05


Tree=35
num_leaves=31
num_cat=0
split_feature=9 5 5 33 0 8 32 32 33 12 33 33 8 32 33 33 33 33 33 32 33 32 33 33 12 33 33 33 32 33
split_gain=980.999 625.475 453.251 451.668 385.438 371.382 337.875 358.805 329.507 290.891 326.089 278.412 278.314 263.745 254.55 298.521 724.634 303.457 408.928 287.905 756.754 728.277 650.298 1089.81 470.46 466.103 611.107 353.662 398.861 530.19
threshold=0.012530717551007807 -0.064193934277938888 -0.22214841007351402 -1631.4999999999998 0.084415584415584846 0.076434382291732397 3.5000000000000004 1.5000000000000002 -1241.4999999999998 3.0357142857142869 -4130.4999999999991 -4287.4999999999991 0.0058013420084707121 4.5000000000000009 -4961.4999999999991 -4492.4999999999991 -4396.4999999999991 -4287.4999999999991 -4130.4999999999991 10.500000000000002 -3180.4999999999995 8.5000000000000018 -2200.4999999999995 -1787.4999999999998 3.2714285714285745 -2808.4999999999995 -2446.4999999999995 -2891.4999999999995 5.5000000000000009 -4072.4999999999995
decision_type=8 8 8 2 10 10 2 2 2 8 2 2 10 2 2 2 2 2 2 2 2 2 2 2 10 2 2 2 2 2
left_child=1 5 -2 13 6 8 7 -4 11 10 -9 -1 -10 -3 -8 -16 -17 -18 -19 21 24 22 27 -24 -21 -22 -27 28 29 -20
right_child=2 3 4 -5 -6 -7 14 9 12 -11 -12 -13 -14 -15 15 16 17 18 19 20 25 -23 23 -25 -26 26 -28 -29 -30 -31
leaf_value=0.02330636918756469 0.013552195657487021 -0.024117796380084627 0.0029791517846213976 -0.030378613418224478 0.022962306407125928 0.036131255241700293 -0.022823158561750271 -0.033703133651540769 0.0052600981668549764 0.0022212350575513515 -0.010294566662844496 -0.011680080058784287 0.07623396584010593 -0.0041020898574441215 0.012732791679282391 -0.033239896527805367 0.021062316840359661 -0.022471585419314287 0.031735452339529666 0.041422932353542705 -0.025705477265064336 -0.0099892666110418353 0.032417694387631785 0.0010015291967058035 -0.0068432836657359858 0.036089946722840903 -0.00031693515313729957 -0.013843586716461907 0.010012365865911546 -0.014906605663429452
leaf_weight=665.27016238868237 7754.3449980914593 2357.5369315072894 8202.2163425832987 4263.891158811748 1942.0336383730173 723.90880386531353 999.32256057858467 1872.0764985531569 346.98241712898016 3301.2833366543055 7246.609083943069 3914.3035711720586 229.47693458199501 5451.7434957250953 6533.3379130810499 1466.7513949871063 2088.5344323515892 1703.1925704479218 711.12842665612698 2346.0288117825985 1302.6835899800062 11845.838228240609 4713.3330431133509 6662.5507230162621 643.30543981492519 1429.5386455208063 5950.4832289144397 4293.5511398613453 7564.0564042329788 4254.102635294199
leaf_count=2988 32279 15762 37305 38472 8215 3308 6491 10650 1942 16812 38634 21093 1188 30122 26834 7084 8678 8010 3162 9845 6096 55601 19840 29352 2715 5947 26080 19703 32179 19875
internal_value=-6.04093e-05 -0.0107777 0.00196865 -0.0172907 0.000937057 0.00259535 0.000434605 -0.00513655 -0.00211311 -0.0104962 -0.0151004 -0.00659763 0.0335134 -0.0101446 0.00221562 0.00260962 0.00144879 0.0023654 0.00163442 0.0024283 0.0093383 0.000414204 0.00478454 0.0140181 0.031036 0.00186808 0.00673522 -0.00145934 0.0027845 -0.00822645
internal_weight=112779 17953.1 94826.3 12073.2 87072 5879.94 85129.9 20622.2 5156.03 12420 9118.69 4579.57 576.459 7809.28 64507.7 63508.4 56975.1 55508.3 53419.8 51716.6 11672 40044.6 28198.7 11375.9 2989.33 8682.71 7380.02 16822.8 12529.3 4965.23
internal_count=546262 114875 431387 84356 399108 30519 390893 103401 27211 66096 49284 24081 3130 45884 287492 281001 254167 247083 238405 230395 50683 179712 124111 49192 12560 38123 32027 74919 55216 23037
is_linear=0
shrinkage=0.05


Tree=36
num_leaves=31
num_cat=0
split_feature=10 32 10 32 33 33 33 13 32 34 33 33 34 13 33 32 33 32 43 5 13 33 28 28 32 33 34 34 33 32
split_gain=1017.73 518.252 433.541 416.087 782.434 1355.49 709.408 613.073 607.49 672.581 561.734 710.161 527.747 503.817 443.53 650.402 436.348 524.048 637.473 305.48 281.207 281.017 304.785 280.768 277.491 270.302 765.398 526.606 380.136 319.023
threshold=0.0089203315438051035 3.5000000000000004 0.017619263075474293 8.5000000000000018 -2220.4999999999995 -1787.4999999999998 -4786.4999999999991 0.0040759419902683331 10.500000000000002 2.8794659084945744 -4287.4999999999991 -4658.4999999999991 3.1633608800863255 0.060144228742506224 -1454.4999999999998 5.5000000000000009 -2605.4999999999995 5.5000000000000009 1.5000000000000002 -0.26100725565820598 0.041924920245218579 -1414.4999999999998 -0.039296963670599226 -0.047829447980744864 1.5000000000000002 -3634.4999999999995 4.1658894284560182 2.998226044309511 -3293.4999999999995 6.5000000000000009
decision_type=8 2 8 2 2 2 2 8 2 2 2 2 2 8 2 2 2 2 2 10 8 2 10 10 2 2 2 2 2 2
left_child=-1 2 -2 4 6 12 -3 -5 10 -10 11 -9 -6 -12 20 -16 17 18 -8 -20 -7 -17 -23 -18 -4 26 -19 28 -27 -29
right_child=1 3 24 7 5 14 16 8 9 -11 13 -13 -14 -15 15 21 23 25 19 -21 -22 22 -24 -25 -26 27 -28 29 -30 -31
leaf_value=-0.02519501522211795 -0.018156680377043866 0.034129872272179639 0.004896834215523429 -0.036078058206968099 0.050543484881202083 -0.018341319780029956 0.044196023701226328 -0.012250044676469396 0.024617660976375688 0.00152391082014155 -0.014294601160017382 0.035786080928875773 0.021490803954629569 0.011003705763573698 0.047069986751075682 0.020113552066663432 0.0024162796635294236 -0.0077894873689525902 0.018090229048808627 -0.013696056914061129 0.011736707377243557 0.036196915727735368 -0.016833244381810789 -0.029399406892665403 -0.0069146494665194794 0.06757616045855952 0.024494031085037546 0.029597532551953378 0.021007894870012474 -0.0021817142371495686
leaf_weight=3879.3461900800467 5243.2348612174392 1555.3043877035379 8458.3621398955584 1207.64727794379 2430.6628599762917 2903.4720896333456 560.94521190226078 1462.6331983804703 3988.7329633980989 15043.742215260863 12761.071882970631 1623.4027092307806 4379.5358852595091 2326.8721328377724 1051.4157772213221 1349.2454496175051 1061.2002835869789 6158.2382067292929 833.19804663956165 8143.6420213282108 1061.0683545917273 317.94475448876619 1833.0882119014859 2000.9197575896978 12065.993890345097 668.99260592460632 2615.8332726508379 1047.4508823901415 1270.4252674281597 3209.5533435344696
leaf_count=38542 31996 6445 37421 7402 10475 13484 2400 7265 16954 67705 62226 6657 18676 9849 4627 6078 4842 26169 3453 39074 4482 1432 8411 9684 62286 2825 11175 4754 5344 14317
internal_value=-3.05187e-05 0.000868113 -0.00532501 0.00279389 0.0060875 0.0152321 0.00127545 -0.00101742 0.000120578 0.00636379 -0.00641754 0.0130193 0.0318601 -0.0103931 0.00193513 0.0125843 -0.000577934 0.00164548 -0.00751448 -0.0107458 -0.0102912 0.00222551 -0.00899484 -0.0183734 -0.00204698 0.00748134 0.00183527 0.0154761 0.0370714 0.00563768
internal_weight=112513 108634 25767.6 82866.2 44452.1 15326.4 29125.7 38414.1 37206.5 19032.5 18174 3086.04 6810.2 15087.9 8516.23 4551.69 27570.4 24508.3 9537.79 8976.84 3964.54 3500.28 2151.03 3062.12 20524.4 14970.5 8774.07 6196.42 1939.42 4257
internal_count=546450 507908 131703 376205 198147 67665 130482 178058 170656 84659 85997 13922 29151 72075 38514 20548 124037 109511 44927 42527 17966 15921 9843 14526 99707 64584 37344 27240 8169 19071
is_linear=0
shrinkage=0.05


Tree=37
num_leaves=31
num_cat=0
split_feature=10 10 32 34 37 1 43 5 34 5 38 43 38 37 32 25 43 34 34 5 5 32 32 12 8 32 12 32 34 34
split_gain=957.246 497.485 342.172 313.149 287.448 314.768 264.039 258.841 239.691 211.472 225.653 203.907 179.442 162.742 150.055 149.825 142.182 137.278 163.222 131.126 130.021 127.348 193.278 179.056 263.689 250.835 165.585 144.071 127.739 130.324
threshold=0.0080873621365667812 0.019504535669394567 3.5000000000000004 2.9130539740865466 -0.081221467819678858 0.10510032325318987 1.0000000180025095e-35 -0.064193934277938888 3.8907988472957267 -0.069957905526280381 -0.00055524708498128062 2.5000000000000004 -0.11023816184259037 0.018567639257262906 4.5000000000000009 0.98674618370896072 3.5000000000000004 2.4379801953848275 2.2246089421071029 -0.2544428003804769 -0.091977188111314431 8.5000000000000018 11.500000000000002 0.37857142857142823 0.0058013420084707121 5.5000000000000009 1.0000000180025095e-35 5.5000000000000009 7.0397041691513556 4.0766892672816306
decision_type=8 8 2 2 8 10 2 10 2 8 10 2 10 10 2 8 2 2 2 8 10 2 2 10 8 2 10 2 2 2
left_child=7 2 12 11 19 9 8 -1 -5 -6 -11 20 -2 -14 -12 -7 -9 18 -18 -3 -4 23 -23 24 -8 -26 -24 -25 29 -29
right_child=1 4 3 6 5 15 21 16 -10 10 14 -13 13 -15 -16 -17 17 -19 -20 -21 -22 22 26 27 25 -27 -28 28 -30 -31
leaf_value=0.017418699462709988 0.013368861789569978 0.025393758755541992 0.009268645141739076 -0.026377497327845306 0.0052909549207875058 0.011307668257022913 -0.010038398324175994 -0.038667721105439978 0.061139436898658188 -0.0052521352295734234 -0.0037014642942698166 0.01729871748026093 -0.020421517260211065 -0.0016735767552917798 0.0043204877506197959 0.037207821677863177 -0.030711057923633489 -0.019787800060124948 0.14825010073934561 0.0089260040486413006 -0.014328620598633355 -0.014874292764367728 -0.054431838211534626 -0.010900976190581606 0.13127948098255157 0.019417088326494469 0.0065491357510317292 -0.0043945439622954168 -0.037908629850908301 0.010924302991486987
leaf_weight=302.79320557415485 551.75371636450291 1542.3216525018215 1193.9636398553848 109.37513396143913 21128.679822638631 3144.5763710290194 198.27911319583654 2013.1842144429684 274.80515049397945 17332.983958601952 8213.1821942031384 3095.6807663440704 5252.4297007098794 1484.7333379983902 20085.686007142067 678.91962234675884 23.980143927037716 914.15903223305941 27.184349127113819 5590.2140459865332 1142.2009371817112 5985.0173934698105 118.21606730669737 3735.409698009491 93.262796066701412 108.31789992749691 1908.140197686851 2833.5936758741736 196.50313375145197 2722.1990799680352
leaf_count=2339 2653 6356 5368 457 92531 13390 1147 22782 1138 83296 39427 14072 32888 8166 86349 2833 262 8830 293 24357 6114 32503 798 19307 465 544 9106 13377 993 13344
internal_value=-1.82129e-05 0.000784826 -0.0045701 -0.00165801 0.00292109 0.00195446 -0.00478973 -0.0266256 0.0362236 0.0011554 -0.00075947 0.00888309 -0.0140448 -0.0162899 0.00199228 0.0159066 -0.0311031 -0.0153271 0.0643733 0.012487 -0.00226856 -0.00567004 -0.0103554 -0.00187374 0.0309016 0.071171 0.00299155 -0.00325505 0.00171003 0.00311131
internal_weight=112002 108720 31003.9 23715 77716.6 70584 18283.1 3281.3 384.18 66760.5 45631.9 5431.85 7288.92 6737.16 28298.9 3823.5 2978.51 965.324 51.1645 7132.54 2336.16 17898.9 8011.37 9887.57 399.86 201.581 2026.36 9487.71 5752.3 5555.79
internal_count=545485 510979 162440 118733 348539 317826 93179 34506 1595 301603 209072 25554 43707 41054 125776 16223 32167 9385 555 30713 11482 91584 42407 49177 2156 1009 9904 47021 27714 26721
is_linear=0
shrinkage=0.05


Tree=38
num_leaves=31
num_cat=0
split_feature=10 12 3 0 32 38 33 33 33 33 32 32 32 33 33 33 32 34 33 34 32 43 33 33 12 9 33 33 33 32
split_gain=902.31 525.299 338.403 307.832 270.407 260.493 256.84 296.463 490.255 283.968 250.012 286.175 285.084 563.458 1057.17 450.479 357.781 502.941 356.604 356.447 325.199 343.223 282.065 252.023 527.312 282.8 268.852 250.172 287.504 326.064
threshold=0.016369594562570599 1.0000000180025095e-35 -0.12371134020618567 0.084415584415584846 11.500000000000002 -0.087410373156279739 -4287.4999999999991 -1211.4999999999998 -1150.4999999999998 -4350.4999999999991 3.5000000000000004 1.5000000000000002 8.5000000000000018 -2220.4999999999995 -1787.4999999999998 -4807.4999999999991 10.500000000000002 2.8348664905015819 -2584.4999999999995 3.1364389749709747 5.5000000000000009 1.5000000000000002 -2971.4999999999995 -4287.4999999999991 1.4928571428571442 0.039474502977677982 -4658.4999999999991 -1454.4999999999998 -1139.4999999999998 7.5000000000000009
decision_type=8 10 8 10 2 10 2 2 2 2 2 2 2 2 2 2 2 2 2 2 2 2 2 2 8 8 2 2 2 2
left_child=1 -1 -2 10 5 -3 9 -8 -9 -7 11 -4 13 15 19 -12 23 -18 20 -15 21 -17 -23 24 -14 -25 -26 -16 29 -29
right_child=2 4 3 -5 -6 6 7 8 -10 -11 12 -13 16 14 27 18 17 -19 -20 -21 -22 22 -24 25 26 -27 -28 28 -30 -31
leaf_value=-0.031634778241292356 0.014944489437875359 0.010702014552570976 0.003004032363709878 0.020828551915102095 0.013588535274583308 -0.0030828604018301895 -0.014905127351111786 0.059710315344169408 -0.0088308936355484015 0.049854819038208258 0.038319090670115442 -0.0091962473126505923 0.03548546568834892 0.046556941775741663 -0.0096836880470927821 0.023594804712658724 0.022460046165474198 -0.00036345181649995758 -0.020952157654369946 0.020462140441582288 0.0065477092676599832 -0.015837227536050932 0.0076421869235680437 -0.013126299441269407 -0.02909055825835169 0.01019419178824129 0.013403647213612417 0.04177808610746956 -0.0060060664829735344 0.00012920811661833105
leaf_weight=2381.6294825524092 4802.8849673718214 1598.3043782040477 8284.7910457253456 1973.8526222258806 1511.1358838230371 990.49718797206879 12514.34455178678 360.88069181889296 941.59585172683001 340.3809580206871 770.32622037827969 11448.607047207654 1001.6134057790041 2045.9811023622751 3166.6542523652315 843.69489303231239 2975.8871806263924 12778.193340614438 1956.7944595217705 3631.3778503090143 12114.260661020875 5297.1045115292072 1686.3415957987309 10109.785455569625 884.07476575672626 1491.8364042639732 642.88121624290943 1035.2470045089722 1580.2825794965029 860.57937470078468
leaf_count=25905 20570 8083 37024 8319 7883 5152 74223 2102 6640 1395 3220 60869 4167 8940 13971 3485 12533 56751 9163 15427 51047 24702 7588 48566 4779 6179 2641 4363 6929 3719
internal_value=-0.000106593 -0.00954911 0.00202599 0.00130936 -0.00666805 -0.00849597 -0.0105216 -0.0125423 0.01016 0.0104563 0.000853977 -0.00407413 0.00235304 0.00541629 0.0140231 0.000738579 -0.00123343 0.00394782 -0.000583414 0.0298661 0.00141531 -0.00652822 -0.0101675 -0.00701014 0.00729323 -0.0101275 -0.0111996 0.000482579 0.00974381 0.0228723
internal_weight=112022 20638.8 91383.1 86580.2 18257.1 16746 15147.7 13816.8 1302.48 1330.88 84606.3 19733.4 64872.9 34988.6 12320.1 22668.5 29884.3 15754.1 21898.2 5677.36 19941.4 7827.14 6983.45 14130.2 2528.57 11601.6 1526.96 6642.76 3476.11 1895.83
internal_count=546335 131383 414952 394382 105478 97595 89512 82965 8742 6547 386063 97893 288170 152554 53349 99205 135616 69284 95985 24367 86822 35775 32290 66332 11587 54745 7420 28982 15011 8082
is_linear=0
shrinkage=0.05


Tree=39
num_leaves=31
num_cat=0
split_feature=10 3 32 32 26 34 32 13 32 34 9 17 43 34 13 28 26 43 9 43 32 29 34 9 43 8 28 43 32 28
split_gain=869.701 449.99 428.222 327.528 327.93 318.609 288.198 539.576 506.009 549.445 294.448 216.289 194.763 186.183 181.812 169.923 205.424 174.984 167.678 163.97 162.179 158.396 153.826 147.562 147.343 197.845 142.167 133.085 294.791 127.996
threshold=0.0080873621365667812 -0.11966736575380275 3.5000000000000004 1.5000000000000002 0.26928205128205135 4.4467602776460797 8.5000000000000018 0.0069775879048046092 10.500000000000002 2.8794659084945744 0.0051915246910382165 2.5000000000000004 2.5000000000000004 1.4230357494997927 0.067104410371122247 0.1001184710061133 0.30186203139701884 5.5000000000000009 0.012281289509425393 2.5000000000000004 7.5000000000000009 -0.050806994894531554 3.6901278942132305 0.017457831914971095 2.5000000000000004 0.029374849976231524 -0.025027025077678917 1.5000000000000002 5.5000000000000009 0.20799696827021116
decision_type=8 8 2 2 8 2 2 8 2 2 10 8 2 2 10 10 10 2 10 2 2 10 2 10 2 10 10 2 2 10
left_child=21 -2 3 24 -5 -6 10 11 14 12 20 -8 -10 -12 22 16 -15 -17 -18 -11 -4 -1 23 -9 26 -26 -3 28 -20 -19
right_child=1 2 6 4 5 -7 7 8 9 19 13 -13 -14 15 -16 17 18 29 27 -21 -22 -23 -24 -25 25 -27 -28 -29 -30 -31
leaf_value=0.0032698298404770631 0.014730505662388413 0.024741788404678167 0.039595943093933411 -0.025404605878178013 -0.011419269193321374 0.0088974337329192511 -0.034347206637518078 -0.013098859128898428 0.010498804050774567 -0.0041152024386261052 0.055456811696696508 0.1359309050110192 0.033173624458074723 -0.004134656658367976 0.0097140329224886437 0.014710720082072562 0.029623282139279422 -0.021613361089393351 0.034506679972419317 0.0065878890306116551 -0.018989506913386734 -0.030244099714842789 -0.013647213648640764 0.0010756618019254331 -0.026677410719007862 0.00011600034151871018 0.0017218314888709802 0.0028313859093257762 -0.0030499832511958671 0.015221703669237408
leaf_weight=404.41793886572123 5420.2268062233925 1101.0807514116168 852.45077560842037 3024.1437912732363 8516.3562419563532 2495.0578388720751 1375.5221879705787 2739.1202527359128 1806.0109823420644 7489.0809362903237 174.24201303720474 18.90532910823822 1991.091157823801 9175.5898454114795 1559.9318916350603 5407.2812548428774 651.35865593701601 635.97493049502373 1060.7460554838181 6852.6575890183449 137.13203348219395 2749.4876234307885 7028.4605215340853 5569.4639599323273 772.65722884237766 6362.0942596718669 1715.9240418300033 23030.121153831482 1029.688062787056 374.84051382541656
leaf_count=3618 23235 5250 4156 19786 45674 12881 8793 14396 7793 35098 767 87 8333 44965 6634 23066 3185 2652 4461 29680 751 30814 35167 25117 4081 29400 8087 101562 4334 1578
internal_value=-6.45004e-05 0.000688771 -5.05351e-05 -0.00590126 -0.010821 -0.00681574 0.00172687 -0.00153695 -0.000322985 0.00547654 0.00452262 -0.0320386 0.0223888 0.00388049 -0.00654876 0.00366324 0.00228992 0.0111412 0.00457726 0.000998865 0.0314774 -0.0259467 -0.00820284 -0.0035973 0.00103728 -0.00278559 0.0107196 0.00392784 0.0160073 -0.00795382
internal_weight=111521 108367 102947 23987.3 14035.6 11011.4 78959.7 36430.2 35035.8 18138.8 42529.4 1394.43 3797.1 41539.8 16897 41365.6 34947.5 6418.1 25771.9 14341.7 989.583 3153.91 15337 8308.58 9951.76 7134.75 2817 25120.6 2090.43 1010.82
internal_count=545401 510969 487734 125159 78341 58555 362575 171098 162218 80904 191477 8880 16126 186570 81314 185803 158507 27296 113542 64778 4907 34432 74680 39513 46818 33481 13337 110357 8795 4230
is_linear=0
shrinkage=0.05


Tree=40
num_leaves=31
num_cat=0
split_feature=10 38 32 33 10 32 13 32 33 33 33 5 33 33 43 33 33 33 33 33 33 25 21 33 33 32 33 8 33 5
split_gain=773.531 436.563 360.511 647.135 341.691 306.466 407.772 380.702 349.067 833.409 598.202 351.053 305.19 280.768 239.226 302.779 257.766 875.067 601.943 276.582 219.995 205.2 193.982 193.911 490.14 278.619 230.9 338.952 316.277 305.615
threshold=0.011731788838031922 -0.099834746305578301 4.5000000000000009 -1241.4999999999998 0.020080079622140534 8.5000000000000018 0.0069775879048046092 11.500000000000002 -2200.4999999999995 -1787.4999999999998 -2584.4999999999995 0.075944156217164563 -891.49999999999989 -4287.4999999999991 2.5000000000000004 -3874.4999999999995 -3150.4999999999995 -2777.4999999999995 -2417.4999999999995 -3509.4999999999995 -2053.4999999999995 0.51182267157433736 0.77535539599550074 -3634.4999999999995 -3997.4999999999995 7.5000000000000009 -4376.4999999999991 0.19745627337984031 -4786.4999999999991 0.17564071093537517
decision_type=8 8 2 2 8 2 8 2 2 2 2 10 2 2 2 2 2 2 2 2 2 10 8 2 2 2 2 10 2 8
left_child=13 -2 3 4 -3 8 22 -8 10 11 23 -10 -5 -1 15 -9 19 -18 -19 -16 -20 -15 -7 24 25 26 28 -28 -4 -30
right_child=1 2 5 12 -6 6 7 14 9 -11 -12 -13 -14 21 16 -17 17 18 20 -21 -22 -23 -24 -25 -26 -27 27 -29 29 -31
leaf_value=0.042118608020619237 0.0091979992279260028 -0.01609815919767239 0.026153214276439976 0.034681396478324654 -0.0034012378257399496 -0.035032653830962428 -0.0039878310292738939 -0.02387522847312544 0.041051078467171133 0.00016842738595788232 -0.022061337073557726 0.01452097235019717 -0.015688121379886951 -0.0092391627332246967 0.015237143486996086 0.0088679325348248253 -0.043858627502669154 0.058263877929102752 -0.047346608153700141 0.052316638313774769 0.010027223439430617 -0.026391013397097231 0.12476654769900682 0.010542793808383364 -0.016733147605133947 0.028868649319701914 0.031113315753573415 -0.0061986467550734468 -0.022413416861130207 0.015041746257702722
leaf_weight=201.89431493729353 13930.551759883761 7557.1781516745687 640.04269622266293 1407.1655846908689 17731.22203245759 1045.2807381674647 22620.106330752373 1061.2078719139099 2451.5512400865555 6265.5054006502032 2408.8916608989239 2537.5655376911163 382.46604211628437 3538.4772453680634 1439.3921695649624 2109.5197118073702 681.51190540194511 722.74062576889992 195.81945295631886 773.00019805133343 1138.4264525026083 3438.1565506234765 19.342593714594841 7587.8092484772205 3066.8588103801012 1224.5580063909292 1358.940876185894 1102.4644382297993 2110.5746652632952 734.02783460915089
leaf_count=1047 59712 43978 2610 6640 85681 6512 107016 5169 10739 27739 11501 10958 2014 28548 5904 9197 3148 2980 835 3210 4727 31317 93 33585 13467 5012 5853 4601 9342 3007
internal_value=-0.000133724 0.000958908 -0.000311105 -0.00513931 -0.00719558 0.00175443 -0.00170733 -0.000653779 0.0052511 0.0123098 0.00132493 0.0275573 0.0239168 -0.0160096 0.00863213 -0.00209085 0.0154995 0.00524498 0.0215138 0.0281926 0.0016068 -0.0176918 -0.0321293 0.00448533 -4.3421e-06 0.00715054 0.00267781 0.0144013 -0.00560314 -0.0127484
internal_weight=111482 104304 90373.2 27078 25288.4 63295.1 31806.3 30741.7 31488.8 11254.6 20234.2 4989.12 1789.63 7178.53 8121.62 3170.73 4950.89 2738.5 2056.99 2212.39 1334.25 6976.63 1064.62 17825.3 10237.5 7170.61 5946.05 2461.41 3484.65 2844.6
internal_count=546142 485230 425518 138313 129659 287205 148791 142186 138414 49436 88978 21697 8654 60912 35170 14366 20804 11690 8542 9114 5562 59865 6605 77477 43892 30425 25413 10454 14959 12349
is_linear=0
shrinkage=0.05


Tree=41
num_leaves=31
num_cat=0
split_feature=13 8 32 7 38 9 32 10 35 2 34 32 0 32 43 8 5 38 10 3 25 5 43 10 32 32 9 43 12 12
split_gain=707.885 506.325 430.507 412.711 437.128 412.26 282.942 286.608 224.922 214.497 200.646 201.314 186.59 178.748 164.772 161.435 145.613 128.624 141.783 121.437 117.555 103.599 150.49 130.083 103.046 163.159 139.484 104.638 101.192 99.8414
threshold=2.636779683484747e-17 0.0045315411685167293 7.5000000000000009 -0.17965799211526631 0.031278035944005252 0.014881209204471812 3.5000000000000004 0.017115832953209915 -8.0935258495173899e-14 -0.099978965405939299 2.8931418480839728 10.500000000000002 0.073170890838814687 1.5000000000000002 2.5000000000000004 0.050319570366740181 -0.044428670816760434 -0.0079146971529280279 0.0051192033687343722 0.12371134020618559 0.96823103036975877 -0.12841129647624536 1.5000000000000002 0.028255078021835269 11.500000000000002 8.5000000000000018 0.015087778641221669 2.5000000000000004 2.6000000000000036 0.5500000000000016
decision_type=8 8 2 8 10 10 2 8 10 10 2 2 10 2 2 10 10 10 8 8 10 10 2 10 2 2 10 2 10 10
left_child=1 8 5 9 6 15 7 -5 -1 -2 11 -8 20 -9 -13 17 -12 18 -3 -4 -6 22 -11 -23 25 -18 -27 -26 -29 -24
right_child=3 2 19 4 12 -7 10 13 -10 21 16 14 -14 -15 -16 -17 24 -19 -20 -21 -22 23 29 -25 27 26 -28 28 -30 -31
leaf_value=-0.0030531123042077299 0.0197729641345471 -0.045254163926698905 -0.05147510937931226 -0.023580055107914388 0.0012960931467281152 -0.0079495239936223927 0.00081945315778572236 0.0044733035468552864 -0.035772126158212167 0.019622489880977881 5.2002298196613277e-05 0.0052022646979696611 0.01861727355856261 -0.01175491890447572 0.036899413239492876 0.033120974203977319 -0.0039333176706765763 0.20857721950578531 0.095080065938236757 0.095941738256400566 0.011142670636138476 -0.0061252250258874881 0.013020423147096311 0.0049585029760705317 -0.012651065987781297 -0.025695686303882859 -0.0094022714851578915 0.024908794305570674 -0.010822917416129389 0.0029504732811646661
leaf_weight=651.44120806455612 2519.3076580166817 20.864363759756088 313.77808136492968 3317.5952530950308 26016.834891237319 617.48746388405561 5552.6429858878255 2661.6112665534019 2711.6957164034247 2091.1761740297079 12138.020386442542 835.61068549752235 1898.1130657941103 4681.1666733920574 804.9571965560317 367.13624066859484 7739.6150921806693 20.730109423398972 131.03550674766302 14.62091940641403 3430.8947568237782 4189.6247498989105 3186.8639560043812 7190.5016170591116 537.86141029000282 2004.0444178134203 3812.178658246994 701.00417990982533 276.21870648860931 10814.112877964973
leaf_count=5555 10540 134 2257 23160 117770 2625 26150 12236 27780 8847 60670 3919 8010 27226 3453 1772 38798 142 595 59 14741 20047 13797 30737 2835 12721 18679 3177 1317 46616
internal_value=-1.21841e-05 -0.0186957 0.00561414 0.000839248 -0.00111173 0.0199521 -0.0042659 -0.0113832 -0.0294344 0.00580966 -0.00206042 0.00536612 0.0034227 -0.00587251 0.0207547 0.0518714 -0.00402377 0.0917482 0.0758043 -0.0449118 0.0024433 0.00452918 0.00711124 0.000877998 -0.00730636 -0.00868857 -0.0150163 0.00506055 0.014809 0.00524257
internal_weight=111249 4848.79 1485.65 106400 76408.4 1157.25 45062.5 10660.4 3363.14 29991.6 34402.2 7193.21 31345.8 7342.78 1640.57 539.766 27208.9 172.63 151.9 328.399 29447.7 27472.3 16092.2 11380.1 15070.9 13555.8 5816.22 1515.08 977.223 14001
internal_count=546365 40919 7584 505446 374862 5268 234341 62622 33335 130584 171719 33522 140521 39462 7372 2643 138197 871 729 2316 132511 120044 69260 50784 77527 70198 31400 7329 4494 60413
is_linear=0
shrinkage=0.05


Tree=42
num_leaves=31
num_cat=0
split_feature=13 8 38 32 32 11 5 32 32 34 11 35 26 32 26 8 3 9 29 34 9 32 34 26 28 34 5 34 37 37
split_gain=656.206 470.967 388.763 378.716 366.465 347.757 264.558 232.746 442.779 310.768 217.873 217.127 200.366 194.201 196.383 163.358 162.778 159.007 156.637 153.071 135.728 128.018 126.78 119.339 220.738 130.664 118.571 139.885 124.323 115.127
threshold=2.636779683484747e-17 0.0045315411685167293 -0.09415745881464381 7.5000000000000009 4.5000000000000009 0.68348661259294219 0.13861386138614132 8.5000000000000018 11.500000000000002 3.6673996068938686 0.40424860570865656 -9.0538687658181503e-14 0.71446933529195744 1.5000000000000002 0.34214016473544612 0.050319570366740181 -0.09090909090909137 0.012910031495746399 0.2353955882832385 2.8707317708119455 0.017241152637794851 3.5000000000000004 6.4650554357846897 0.25266430680699631 0.10270640240865953 3.714790094103249 -0.085365853658536037 4.7126782928873423 0.073769625525330854 -0.077035583564044871
decision_type=8 8 8 2 2 10 8 2 2 2 8 10 8 2 10 10 10 10 10 2 10 2 2 8 10 2 10 2 10 10
left_child=1 11 16 5 6 15 13 10 9 20 -6 -1 -11 -4 -15 -3 -2 21 23 -10 -9 -16 29 24 -12 -26 -19 28 -28 -8
right_child=2 3 4 -5 7 -7 22 8 19 12 18 -13 -14 14 17 -17 -18 26 -20 -21 -22 -23 -24 -25 25 -27 27 -29 -30 -31
leaf_value=-0.001380819346095638 0.014954090349401032 0.09125997123203855 -0.0012528336627054978 -0.043073059297200463 0.033291430511081903 -0.0075200268028940212 0.025770846958869789 -0.007528265479666652 0.021891423769638339 -0.015955461950029691 -0.0065507451705847115 -0.034766309234985658 -0.0020336369864549252 -0.019787597406580565 -0.00068691975465723669 0.030427101394076735 0.0041879690225512392 -0.00037602623984099972 0.021155241202472082 0.0050400792135380261 0.0038932699811457709 0.067883374417727446 0.03657512379442273 0.0049196343869173853 -0.0087476635909021685 0.033140596149528773 -0.019163403208947577 0.0037988812992210443 0.0097325113924361592 -0.00011109666602296426
leaf_weight=594.15623939782381 5564.3815936222672 152.99245431274176 6657.4585083127022 318.02984139323235 648.459213539958 607.80397306382656 460.77283534407616 3699.2705676555634 1681.9776360541582 7208.2340731844306 5466.7208157256246 2700.6199606582522 4029.0808890014887 4818.2262121066451 151.15917983651161 396.01560272276402 9513.5677031725645 2972.0085856541991 1277.1718249768019 6778.8042862713337 8762.280278339982 123.82701194286346 269.91958592832088 23454.981697373092 267.32688067108393 613.24317670613527 4112.7093157172203 1038.7609777823091 409.27888508141041 6362.5010580122471
leaf_count=5055 23723 739 32867 2315 3091 2625 2061 19928 7192 38090 28139 28264 18405 30621 1125 1914 41510 14662 5324 30256 39209 693 1270 102962 1138 2762 22833 5418 2001 30318
internal_value=-9.03556e-05 -0.0182339 0.00072341 0.0052497 -0.000505388 0.0185346 -0.00534549 0.00156866 -0.0014289 -0.00493439 0.00460701 -0.0287458 -0.0109639 -0.00825213 -0.0116719 0.0473794 0.00816111 -0.00723223 0.00400852 0.00839008 0.000502733 0.0301905 0.00296622 0.0032737 -0.0028085 0.020424 -0.00843826 -0.0127472 -0.0165481 0.0016367
internal_weight=111112 4769.62 106342 1474.84 91264.2 1156.81 27376.6 63887.6 32159.6 23698.9 31727.9 3294.78 11237.3 20283.4 13626 549.008 15077.9 8807.74 31079.4 8460.78 12461.6 274.986 7093.19 29802.3 6347.29 880.57 8532.76 5560.75 4521.99 6823.27
internal_count=546510 40912 505598 7593 440365 5278 143869 296496 153080 115632 143416 33319 56495 110220 77353 2653 65233 46732 140325 37448 59137 1818 33649 135001 32039 3900 44914 30252 24834 32379
is_linear=0
shrinkage=0.05


Tree=43
num_leaves=31
num_cat=0
split_feature=10 10 19 9 3 7 33 33 33 33 33 39 32 32 33 33 43 32 33 33 32 33 12 33 43 28 43 12 33 33
split_gain=615.672 354.847 331.154 227.212 225.892 185.05 163.847 162.585 481.752 476.087 416.299 265.217 215.822 175.412 210.761 230.516 194.077 174.198 165.758 573.302 324.878 289.405 172.969 165.316 232.722 271.13 159.295 200.299 285.772 177.594
threshold=0.0065617635961146715 0.031620439814227137 -0.2619366742510541 0.013607534335544588 -0.1066961416919197 -0.19075144508670519 -4548.4999999999991 -2387.9999999999995 -2728.4999999999995 -2793.4999999999995 -1759.4999999999998 1.0000000180025095e-35 3.5000000000000004 5.5000000000000009 -4548.4999999999991 -4851.4999999999991 1.5000000000000002 1.5000000000000002 -3648.4999999999995 -3293.4999999999995 8.5000000000000018 -3524.4999999999995 0.90000000000000091 -3997.4999999999995 3.5000000000000004 0.077647754520739784 4.5000000000000009 2.8714285714285732 -4130.4999999999991 -3458.4999999999995
decision_type=8 10 8 10 8 10 2 2 2 2 2 10 2 2 2 2 2 2 2 2 2 2 10 2 2 10 2 8 2 2
left_child=5 2 3 6 -4 -1 -2 8 9 13 11 -9 -13 14 15 17 -16 -6 23 21 -21 -20 -23 24 -15 -26 27 28 -18 -28
right_child=1 -3 4 -5 7 -7 -8 10 -10 -11 -12 12 -14 18 16 -17 26 -19 19 20 -22 22 -24 -25 25 -27 29 -29 -30 -31
leaf_value=0.045383543447292597 0.017819132669790825 0.0054706132715013189 0.021111437598366565 -0.0022674501158762954 0.01429129603525614 -0.028553183733437355 -0.012433958780251716 0.029277145546691575 -0.020091090681461671 0.040014202884884414 -0.0012934833543361253 -0.024171604663512425 0.013173092897162259 -0.0080988535526441696 0.037848453058029453 0.026633884710973485 -0.040936345018096253 -0.035045384375102788 0.013826375598776723 0.011110685722352144 -0.017710650293927401 0.065497806796129626 0.024797831911843454 -0.013868661390301965 0.023410710188023223 -0.012937525684476744 0.023577534962688877 0.0025690244765975839 -0.011637470776642456 -0.024644111223535811
leaf_weight=87.99614891409874 470.26964228600264 26407.071100980043 1501.7935383617878 32627.697927512228 349.69274227321148 2210.2331496179104 9262.4765953794122 2397.9077535495162 2909.9803307801485 775.63184421509504 7604.9443012326956 479.41267886012793 2004.4593401402235 2380.4206862896681 210.71546851098537 948.1872096285224 1126.505772203207 366.34765264391899 1567.1184891909361 2038.5327966064215 1879.0002256333828 595.31844241917133 464.91057498008013 1987.0808183029294 1890.9056139737368 704.06777660548687 619.22307081520557 1384.3166630715132 3186.2202801704407 276.05459554493427
leaf_count=569 2225 112006 6575 155585 1487 27700 55450 11375 14746 3435 38104 2560 8898 11999 970 3992 6430 2203 7087 9135 9551 2587 2087 9093 7940 2945 2793 7426 17114 1388
internal_value=-0.000113227 0.000429638 -0.00119356 -0.00426745 0.00209056 -0.0257222 -0.0109722 0.00134173 -0.000935329 0.00151488 0.0060211 0.0174159 0.00596518 0.000155981 -0.00548627 0.0104629 -0.00938792 -0.0109508 0.0036929 0.00940576 -0.00271314 0.0274758 0.0476509 -0.00167732 0.00319168 0.0135487 -0.0108978 -0.0139789 -0.0192905 0.00870862
internal_weight=110714 108416 82009.2 42360.4 39648.7 2298.23 9732.75 38147 25660.2 22750.3 12486.7 4881.78 2483.87 21974.6 8467.26 1664.23 6803.04 716.04 13507.4 6544.88 3917.53 2627.35 1060.23 6962.47 4975.39 2594.97 6592.32 5697.04 4312.73 895.278
internal_count=545455 517186 405180 213260 191920 28269 57675 185345 124408 109662 60937 22833 11458 106227 43803 7682 36121 3690 62424 30447 18686 11761 4674 31977 22884 10885 35151 30970 23544 4181
is_linear=0
shrinkage=0.05


Tree=44
num_leaves=31
num_cat=0
split_feature=12 5 8 10 32 32 34 43 34 2 43 8 32 34 20 37 25 12 5 7 20 34 20 32 12 34 32 7 43 12
split_gain=560.951 360.9 341.412 277.151 257.927 247.21 211.851 237.651 254.649 186.828 169.811 168.424 163.736 176.856 162.822 156.507 137.75 134.565 133.841 127.719 124.783 123.248 109.366 108.765 106.989 111.963 105.2 104.318 98.5005 122.069
threshold=1.0000000180025095e-35 -0.22214841007351402 0.0045315411685167293 0.020636274048026104 7.5000000000000009 3.5000000000000004 2.9014216150426262 1.0000000180025095e-35 3.8231911945101493 0.24977700861105037 2.5000000000000004 0.21629117350744834 1.5000000000000002 3.7830519769996935 0.055809778165040028 -0.069924800458719114 0.90313763219522392 0.14285714285714296 -0.083798882681564421 -0.047796429892711816 0.48752511459988307 7.0397041691513556 1.2871821624503388 11.500000000000002 4.7250000000000014 3.0978349487009709 11.500000000000002 -0.17712848127787054 4.5000000000000009 0.75714285714285712
decision_type=8 8 10 8 2 2 2 2 2 10 2 10 2 2 8 10 10 8 10 10 10 2 10 2 10 2 2 8 2 10
left_child=2 15 -1 5 11 12 10 8 -8 14 -7 -4 22 -14 -5 -2 18 -16 -15 27 -9 23 28 -22 25 -25 -12 -19 -3 -30
right_child=1 3 4 9 -6 6 7 20 -10 -11 26 -13 13 16 17 -17 -18 19 -20 -21 21 -23 -24 24 -26 -27 -28 -29 29 -31
leaf_value=-0.030864307262927316 0.020142089883189173 -0.013304202826401285 0.03693547558763282 -0.031150471762633171 -0.052826377203557512 -0.0036689459363483112 -0.026526253254654537 -0.015582745100687393 0.055175260355563707 0.024208548555272116 0.010610137534592045 -0.045719223073728804 -0.02607202317598999 0.010622613829185279 0.032374438750557753 0.0055892106825802855 0.032588270166211117 0.00334717521171024 -0.018274685005349376 0.0062532836080017003 -0.0039519183771339634 -0.026087285834590523 0.0095124444111129129 -0.023969693848624379 -0.022648232321393402 0.018005985919588439 0.037640861996838193 -0.0013278401391210335 0.09933989163377982 0.0030241287031242603
leaf_weight=2266.4891398847103 2832.3160244822502 1823.5371866896749 454.1772378012538 383.95678903162479 130.46857956796885 2328.8336211964488 134.35352644324303 2352.3756859451532 328.71151675283909 903.47985431551933 3131.2338721603155 71.309116572141647 2638.2948636412621 538.58037234097719 351.14468752592802 5313.047892332077 199.5800968632102 18374.547236189246 1565.1313495635986 10928.741631761193 15471.68130453676 576.01785207539797 1164.3028500750661 178.43939983844757 235.64325919747353 1447.9860603883862 406.6988458558917 34035.495316140354 42.385183744132519 146.94604359567165
leaf_count=26677 11877 10691 2163 1806 1036 11642 565 13603 1354 3769 14493 321 17832 3159 1648 22448 1170 79820 11166 48028 81071 3661 6461 883 1109 6929 1771 158187 230 802
internal_value=-5.56008e-05 0.000530194 -0.0216705 -0.000296644 0.0100965 -0.00390372 -0.0015722 -0.00394663 0.0314704 0.00163025 0.00681584 0.0257191 -0.0115403 -0.0172339 0.00131188 0.0106496 -0.00711034 0.00150758 -0.0108766 0.00133646 -0.00475604 -0.003334 -0.00268491 -0.00257789 0.00883876 0.0134007 0.0137174 0.000311183 -0.00974022 0.0245861
internal_weight=110756 107833 2922.44 99688.1 655.955 34710.7 26592 20725.2 463.065 64977.4 5866.77 525.486 8118.76 4941.59 64073.9 8145.36 2303.29 63689.9 2103.71 63338.8 20262.1 17909.8 3177.17 17333.8 1862.07 1626.43 3537.93 52410 2012.87 189.331
internal_count=546372 516175 30197 481850 3520 188592 137081 109175 1919 293258 27906 2484 51511 33327 289489 34325 15495 287683 14325 286035 107256 93653 18184 89992 8921 7812 16264 238007 11723 1032
is_linear=0
shrinkage=0.05


Tree=45
num_leaves=31
num_cat=0
split_feature=10 38 32 33 33 10 33 33 33 33 33 13 26 33 32 10 34 33 12 33 34 32 33 33 34 32 33 33 10 32
split_gain=538.829 316.869 291.3 619.158 375.287 340.062 319.443 669.935 961.591 599.962 509.723 503.478 439.815 397.737 670.42 352.504 316.258 305.291 289.466 251.349 234.247 296.306 221.394 853.706 1075.12 517.885 399.142 472.575 352.413 336.528
threshold=0.0065617635961146715 -0.09415745881464381 4.5000000000000009 -1211.4999999999998 -912.49999999999989 0.01800684851476721 -1759.4999999999998 -2200.4999999999995 -2584.4999999999995 -2154.4999999999995 -2067.4999999999995 0.017754253926625812 0.74554092171958197 -2793.4999999999995 10.500000000000002 0.028386039641650034 3.6362686359073835 -1295.4999999999998 0.87142857142857177 -1708.4999999999998 3.7364777226057306 1.5000000000000002 -3227.4999999999995 -3634.4999999999995 3.0610489973715933 7.5000000000000009 -4287.4999999999991 -4376.4999999999991 0.050174322180446672 10.500000000000002
decision_type=8 8 2 2 2 8 2 2 2 2 2 8 8 2 2 10 2 2 8 2 2 2 2 2 2 2 2 2 8 2
left_child=-1 -2 3 5 -5 -3 7 8 13 -9 12 17 -11 22 -15 -12 -17 -8 -16 -13 21 -6 23 26 -25 -24 27 -4 -27 -26
right_child=1 2 6 4 20 -7 11 9 -10 10 15 19 -14 14 18 16 -18 -19 -20 -21 -22 -23 25 24 29 28 -28 -29 -30 -31
leaf_value=-0.02445247615218081 0.0070776262168988427 -0.01711552536487071 -0.00012471849290962358 0.04944913428892507 0.070770237204791364 -0.0036330185985697285 -0.040497274546615787 0.045893548477969955 -0.020337440608214713 -0.019906730963503157 0.031032842626936976 -0.021448554454136379 0.024724823779676774 -0.0071221630057984528 0.081181184194898656 0.022587649576769484 -0.010413032923566256 -0.0023408751633510394 0.029983354980393298 0.0015491214525488182 -0.024277311395960038 -0.018671575099993076 0.01381049339125974 0.043324743757341827 -0.0029727009090329388 -0.01704752578445921 -0.0088280839905178314 0.026638760845093173 0.049155820109008319 0.029533182895360513
leaf_weight=2213.8410461321473 15523.965811192989 6120.3543361872435 8095.2778364568949 800.04371907562017 202.90726765245199 19830.103567294776 1486.0928222239017 1332.9782435745001 5017.6289227306843 2023.6668445840478 2798.8922530040145 1355.4840967208147 759.01432946324348 958.35750981420279 441.98094643652439 1459.0319091230631 1445.0334016829729 809.9373504370451 735.50852116197348 9620.7119313105941 426.86334534734488 170.32636255770922 2334.9399032220244 2714.0696718245745 3761.3131383061409 5104.9631007760763 9758.6223580390215 2071.4512669146061 209.25637808442116 1010.0421426296234
leaf_count=28351 67143 39833 36675 3728 963 97956 10312 6060 24637 9547 12722 6629 3082 4610 1871 6368 6153 5367 3099 43741 2290 931 10506 11569 18505 25476 44619 8505 866 4348
internal_value=-3.32732e-05 0.000465535 -0.000639909 -0.00495156 0.025234 -0.00681284 0.00117909 0.00294526 0.00020904 0.0147091 0.00981051 -0.00574494 -0.00773286 0.00298071 0.0239287 0.0183706 0.00616685 -0.0270374 0.0492009 -0.00129093 0.00102043 0.0299532 0.00170457 0.00380347 0.0182 -0.00581687 -0.00160492 0.00532829 -0.0144407 0.00390843
internal_weight=110593 108379 92854.9 27550.6 1600.14 25950.5 65304.3 52032 42213.4 9818.62 8485.64 13272.2 2782.68 37195.8 2135.85 5702.96 2904.07 2296.03 1177.49 10976.2 800.097 373.234 35059.9 27410.8 7485.42 7649.16 19925.4 10166.7 5314.22 4771.36
internal_count=546462 518111 450968 145701 7912 137789 305267 239218 195286 43932 37872 66049 12629 170649 9580 25243 12521 15679 4970 50370 4184 1894 161069 124221 34422 36848 89799 45180 26342 22853
is_linear=0
shrinkage=0.05


Tree=46
num_leaves=31
num_cat=0
split_feature=13 32 5 9 33 33 33 33 33 32 33 33 33 33 32 32 33 32 34 5 28 33 33 12 10 34 33 33 12 33
split_gain=482.792 370.591 338.792 321.125 300.456 655.649 425.796 459.178 343.608 306.861 278.45 272.075 839.756 281.298 334.749 286.515 384.642 255.048 245.069 239.291 228.236 231.866 223.704 355.217 218.561 217.694 225.04 211.475 210.269 200.022
threshold=2.636779683484747e-17 7.5000000000000009 -0.088720928067587398 0.018328143066987528 -2387.9999999999995 -1772.4999999999998 -4530.4999999999991 -4396.4999999999991 -2527.4999999999995 3.5000000000000004 -1941.4999999999998 -2971.4999999999995 -3150.4999999999995 -3997.4999999999995 9.5000000000000018 10.500000000000002 -3342.4999999999995 10.500000000000002 2.1101948345363803 -0.048712851098538172 0.10270640240865953 -4350.4999999999991 -1241.4999999999998 1.2000000000000006 0.017321362264565186 4.4467602776460797 -3841.4999999999995 -1139.4999999999998 0.44285714285714245 -4851.4999999999991
decision_type=8 2 8 10 2 2 2 2 2 2 2 2 2 2 2 2 2 2 2 10 10 2 2 10 10 2 2 2 10 2
left_child=1 19 4 -4 6 10 -2 -8 9 25 24 12 13 14 20 16 -15 18 -13 -1 21 -11 -7 -24 -6 26 -9 -25 -18 -5
right_child=2 -3 3 29 5 22 7 8 -10 11 -12 17 -14 15 -16 -17 28 -19 -20 -21 -22 -23 23 27 -26 -27 -28 -29 -30 -31
leaf_value=0.01149893673668617 0.019972962731724136 -0.034378631080651353 -0.0058914311871752926 -0.017261560282738172 0.070154317650689899 -0.0033942111521890628 -0.029832554717643192 -0.039874130088397117 -0.017326855592926845 0.0017933629232982772 0.053725622937520617 -0.031597567145195495 -0.04541213142574993 -0.019648137467659185 -0.030751282318205442 0.018788074331310758 0.078254550887323693 0.045810053391902084 0.016322300574425998 -0.018120607656577681 -0.029947490404517788 0.03825922333816232 0.050009733083846847 0.042976017610943135 0.017211860649523052 0.016525064704263456 -0.006238228541855257 -0.00996023676416289 0.0093312310530148622 0.0015984696565823284
leaf_weight=1236.9239493981004 2735.2680585980415 1725.1350005865097 24991.293419092894 1447.820883654058 211.18762296438217 4564.8064888194203 1298.8947195708752 793.16064413636923 2218.8772216141224 574.56337049603462 871.40296578407288 292.34050858020782 840.94724386185408 2237.5123359039426 295.89462840557098 1319.7106178179383 133.94582039117813 675.88791750371456 3054.7261580750346 1519.5864656046033 173.45310287177563 1806.4947552978992 570.49675095081329 240.7240332365036 2534.1284100413322 549.22716797888279 1332.9795877858996 872.41330456733704 636.48385052382946 48475.80490424484
leaf_count=6570 11614 17521 140476 7723 968 20554 6417 4437 10016 2441 3821 1239 3967 10081 1345 5635 564 2811 13497 16612 714 7608 2590 1052 10969 2851 6934 3841 2968 218102
internal_value=-0.000130149 -0.0162039 0.000551049 -0.00126462 0.00496222 0.0121581 0.00157703 -0.00118237 0.00101491 0.00378023 0.0291008 0.00718329 0.00186003 0.00739821 0.0195944 -0.000634774 -0.00915639 0.0177942 0.0121369 -0.00482948 0.025426 0.0294598 0.00235137 0.0179293 0.0212845 -0.0115371 -0.0187862 0.00148761 0.0213141 0.00105152
internal_weight=110232 4481.65 105750 74914.9 30835.5 9865.16 20970.4 18235.1 16936.2 14717.3 3616.72 12042 8019.01 7178.06 2850.41 4327.65 3007.94 4022.95 3347.07 2756.51 2554.51 2381.06 6248.44 1683.63 2745.32 2675.37 2126.14 1113.14 770.43 49923.6
internal_count=545938 40703 505235 366301 138934 43795 95139 83525 77108 67092 15758 52870 35323 31356 12108 19248 13613 17547 14736 23182 10763 10049 28037 7483 11937 14222 11371 4893 3532 225825
is_linear=0
shrinkage=0.05


Tree=47
num_leaves=31
num_cat=0
split_feature=10 5 38 10 33 5 33 33 43 33 33 32 33 43 43 32 33 33 33 34 33 34 33 33 33 43 11 32 33 33
split_gain=458.525 306.26 302.543 247.398 214.433 212.456 196.919 196.747 413.461 410.82 356.486 320.744 378.516 298.082 228.242 236.371 242.765 220.507 249.429 201.078 195.511 251.095 246.065 193.775 191.702 216.989 187.322 179.863 351.828 282.763
threshold=0.0065617635961146715 -0.11481807778234958 0.016448899729515912 0.029172395502585349 -4874.4999999999991 -0.054292178409824136 -4961.4999999999991 -2387.9999999999995 1.5000000000000002 -1822.4999999999998 -2527.4999999999995 6.5000000000000009 -4130.4999999999991 1.5000000000000002 3.5000000000000004 3.5000000000000004 -2329.4999999999995 -2793.4999999999995 -4287.4999999999991 4.5003649174722797 -1241.4999999999998 3.3357695831274174 -1139.4999999999998 -3907.4999999999995 -1414.4999999999998 3.5000000000000004 1.0720455850557475 4.5000000000000009 -1211.4999999999998 -2634.9999999999995
decision_type=8 8 10 8 2 10 2 2 2 2 2 2 2 2 2 2 2 2 2 2 2 2 2 2 2 2 10 2 2 2
left_child=5 7 3 27 -4 -1 -5 8 -2 13 11 12 19 -9 -15 16 -16 18 -13 -10 24 -22 -23 -20 25 26 -11 28 -3 -29
right_child=1 2 4 6 -6 -7 -8 9 10 20 -12 17 -14 14 15 -17 -18 -19 23 -21 21 22 -24 -25 -26 -27 -28 29 -30 -31
leaf_value=0.02382490195135667 0.021671542744967007 -0.01434120931605725 -0.032950954534822871 -0.01975794694899052 0.0026304477029309922 -0.028424971606124335 0.0033150375380745218 -0.010890960155319847 -0.031481727367559074 0.01988234478298467 -0.023023853863026227 0.025742710826941979 0.0014157019292730443 0.043476059799925422 0.021890871356982117 0.030589859853281914 -0.050353985957995742 0.040632183503378522 -0.026995305668751041 0.013915621231060715 0.052792943013166282 0.043646585264107821 -0.0095863666893200028 0.0055661050534026868 -0.030260499290652294 -0.017283129515199464 -0.011147799286377342 0.0012197454414330264 0.023840079848384928 -0.010404428296262983
leaf_weight=216.63706486672163 2299.0394660532475 9344.7024166584015 428.39073177427053 995.86088383197784 36596.168775089085 1908.5522015467286 12948.345433339477 505.93153037130833 1579.3935689032078 1534.6550170183182 1650.649048179388 1351.2162344604731 5788.1155599877238 1596.0223907828331 238.7320748269558 900.04360886663198 226.7063015550375 564.66935613751411 544.33549332618713 288.46774208545685 384.29822067171335 304.01269397139549 759.20246192067862 2844.8340986073017 566.31475821882486 1073.0400672405958 712.01805341243744 12239.0928414464 644.99504884332418 9137.5126732774079
leaf_count=1741 9970 57661 2419 6737 166156 26446 56152 2105 8109 6561 7363 5561 26183 7067 998 4058 973 2400 2435 1394 1693 1333 3306 12112 2839 4780 3060 60427 3464 50904
internal_value=-9.89835e-05 0.000353402 -0.00113418 -0.00387397 0.00221875 -0.0230987 0.00166722 0.00511701 0.0019617 0.0111798 -0.0011395 0.00164758 -0.00489991 0.0245776 0.0306369 0.0156302 -0.0132982 0.0110966 0.00757831 -0.0244707 0.00246965 0.0181548 0.00563491 0.000336408 -0.00337294 0.00121384 0.0100482 -0.00633736 -0.011876 -0.00374905
internal_weight=110172 108047 82335.1 45310.5 37024.6 2125.19 13944.2 25711.7 16910.7 8800.98 14611.7 12961 7655.98 3467.44 2961.5 1365.48 465.438 5305.06 4740.39 1867.86 5333.54 1447.51 1063.22 3389.17 3886.03 3319.71 2246.67 31366.3 9989.7 21376.6
internal_count=546407 518220 403920 235345 168575 28187 62889 114300 75527 38773 65557 58194 35686 15201 13096 6029 1971 22508 20108 9503 23572 6332 4639 14547 17240 14401 9621 172456 61125 111331
is_linear=0
shrinkage=0.05


Tree=48
num_leaves=31
num_cat=0
split_feature=13 8 32 11 37 32 32 33 33 26 34 33 35 33 33 33 32 34 33 32 33 33 33 34 33 32 32 34 32 34
split_gain=439.717 355.081 292.843 277.137 263.324 246.717 305.918 283.284 387.136 227.821 252.7 236.087 206.036 185.034 971.374 816.046 646.083 425.357 346.156 721.743 288.769 618.707 606.565 1159.78 426.292 367.755 344.311 309.484 307.593 303.428
threshold=2.636779683484747e-17 0.0045315411685167293 7.5000000000000009 0.6877551727002803 -0.073309369936016042 3.5000000000000004 1.5000000000000002 -4548.4999999999991 -3841.4999999999995 0.27762421447279012 4.4467602776460797 -4130.4999999999991 -9.0538687658181503e-14 -2220.4999999999995 -1772.4999999999998 -2584.4999999999995 7.5000000000000009 3.1717820198074476 -2793.4999999999995 10.500000000000002 -3227.4999999999995 -2971.4999999999995 -3634.4999999999995 3.0610489973715933 -3997.4999999999995 10.500000000000002 7.5000000000000009 4.769412539380407 10.500000000000002 3.9049978834167329
decision_type=8 8 2 10 8 2 2 2 2 8 2 2 10 2 2 2 2 2 2 2 2 2 2 2 2 2 2 2 2 2
left_child=1 12 3 -3 -2 6 7 -6 -9 -8 11 -11 -1 15 16 18 17 -15 20 -20 22 27 24 -24 -7 -25 -23 -22 -26 -27
right_child=4 2 -4 -5 5 13 9 8 -10 10 -12 -13 -14 14 -16 -17 -18 -19 19 -21 21 26 23 25 28 29 -28 -29 -30 -31
leaf_value=0.0017639216601677201 0.0083075728673115811 0.043003290801875156 -0.040262913470982986 -0.0065424136705338797 0.022597811572462753 0.0028487559947550523 -0.022597680489745888 -0.03458306679338885 0.0019385651540806789 -0.029723920195601217 0.0079347167437636736 -0.0066953070277647291 -0.031706057991665322 0.055102413542583939 -0.0033038870326106227 -0.019467532221161057 0.0059022335306794889 0.020862712274410531 -0.0025797578645920891 0.046421908143149393 -0.028664650805876598 0.019766850622069409 0.039163429707961328 -0.0059793664008179342 -0.018031003802025127 0.05793914902745663 -0.0070125527400141654 0.0060167951789955121 0.0065025145668936944 0.0038379807503001965
leaf_weight=567.96042351424694 10013.643228814006 526.10594177991152 285.05529725924134 608.90475340932608 1411.5123506486416 16435.011504590511 2771.3325646668673 804.91192129999399 7364.9072823822498 1357.1958910822868 2351.0915896072984 6184.3954022973776 2414.5540810152888 1350.3970610499382 14779.887336455286 5124.6810967847705 5496.9796638265252 2762.8528375551105 1812.4968203008175 1283.6435362920165 3288.3461292758584 2100.252273850143 2986.8002411276102 4392.1980969384313 5179.0594271719456 450.65348241478205 2801.179370880127 799.6891857162118 1695.9822316244245 609.94560600072145
leaf_count=5053 44097 2604 2276 2643 5960 73491 19751 4217 35666 8205 12264 33609 28185 6230 71314 25329 24170 12336 8631 5444 16733 9152 12817 22116 24604 1891 13172 4496 7389 2735
internal_value=-5.19826e-05 -0.0155342 0.00504443 0.0164233 0.000593434 -0.000214624 -0.00482707 0.00191394 -0.00165964 -0.00992719 -0.00637768 -0.0108396 -0.0253324 0.00118422 0.00474225 -0.000588261 0.0171167 0.0321037 0.00161887 0.0177361 0.000393977 -0.00751722 0.00263392 0.0141194 -0.0015245 0.000401423 0.00446236 -0.0218804 -0.0119789 0.0268258
internal_weight=110012 4402.58 1420.07 1135.01 105609 95595.4 22245.3 9581.33 8169.82 12664 9892.68 7541.59 2982.51 73350.1 24390.1 48959.9 9610.23 4113.25 43835.3 3096.14 40739.1 8989.47 31749.7 8439.6 23310.1 5452.8 4901.43 4088.04 6875.04 1060.6
internal_count=546580 40761 7523 5247 505819 461722 119672 45843 39883 73829 54078 41814 33238 342050 114050 228000 42736 18566 202671 14075 188596 43553 145043 39559 105484 26742 22324 21229 31993 4626
is_linear=0
shrinkage=0.05


Tree=49
num_leaves=31
num_cat=0
split_feature=10 12 2 0 32 20 33 34 33 33 33 32 12 7 33 33 33 33 33 43 34 33 28 43 34 33 33 33 33 33
split_gain=401.667 250.369 207.249 227.212 183.541 176.479 172.235 307.655 231.168 494.966 305.426 185.478 184.154 182.309 175.336 162.397 810.364 408.076 401.457 398.437 396.007 382.742 357.363 274.09 298.86 411.036 529.626 261.132 246.134 244.189
threshold=0.016259671180792409 1.0000000180025095e-35 -0.10459919500825558 0.084415584415584846 11.500000000000002 0.11029910343558764 -1211.4999999999998 4.0543898706079506 -1695.4999999999998 -1925.4999999999998 -3227.4999999999995 6.5000000000000009 2.8714285714285732 -0.12040005539938851 -2431.4999999999995 -3648.4999999999995 -3458.4999999999995 -4548.4999999999991 -4851.4999999999991 3.5000000000000004 3.6256724916861072 -3540.4999999999995 0.031441243469380591 1.5000000000000002 4.1533990164620977 -4413.4999999999991 -4287.4999999999991 -4511.4999999999991 -4376.4999999999991 -4658.4999999999991
decision_type=8 10 8 10 2 8 2 2 2 2 2 2 10 10 2 2 2 2 2 2 2 2 10 2 2 2 2 2 2 2
left_child=1 -1 -2 5 6 -4 8 11 9 10 -3 -8 13 14 -12 17 20 18 -7 -18 21 -17 29 -19 25 -25 28 -26 -27 -20
right_child=2 4 3 -5 -6 15 7 -9 -10 -11 12 -13 -14 -15 -16 16 19 23 22 -21 -22 -23 -24 24 27 26 -28 -29 -30 -31
leaf_value=-0.023849325177551464 0.014221789355921277 -0.0014299794143463895 -0.019960856774560193 0.017576905463355563 0.012083681122868044 -0.0096005958248408119 0.043921102175736942 -0.019903193519711138 -0.023626662704965103 0.028597327631308813 -0.014473826446725586 -0.0096025607193028373 -0.0014888609161397318 -0.03227851307350401 0.049944241065981831 0.017878424658626168 0.0051320869994131236 0.03623547849876143 0.013695610438778759 -0.0035488546423174182 0.0036544025331381592 0.057215546883474813 0.0015693210028385847 -0.036184404328303631 0.051051506880606605 -0.010099212870411628 -0.013520279870309758 -0.00027142562803228422 0.028966248638620098 0.04193328456026952
leaf_weight=1898.4992886595428 3024.8641432225704 6719.9838307052851 1039.0047315582633 1998.0858377069235 1485.3253081291914 2908.0543393492699 607.16166571527719 503.79322225600481 2008.6332571879029 988.63084702193737 1094.4739389196038 220.69400379061699 1241.4219840839505 2269.6353892087936 116.91598822921515 1320.0390504300594 25684.062069021165 361.88352692127228 1975.4884601533413 27233.356765702367 1483.3226718455553 1163.2938718497753 3500.1691763699055 1534.8548747971654 260.84308016300201 602.40233434736729 8976.5648798942566 4972.9572925716639 1219.3560277223587 1250.0922875404358
leaf_count=25928 12926 37974 5398 8462 7796 15971 3726 3608 14605 4985 6097 1669 8062 14808 619 5544 119216 1584 8299 125752 6421 4990 14336 8362 1334 2701 42120 23072 4960 5107
internal_value=-3.74506e-05 -0.00661514 0.00135464 0.000909747 -0.00471911 0.00052018 -0.00630158 0.0109044 -0.00788834 -0.00534532 -0.00827797 0.0296525 -0.0180226 -0.0239189 -0.00825659 0.000772172 0.00229845 -0.00237777 0.00592184 0.000664538 0.0240957 0.0363055 0.0126334 -0.00683744 -0.00772475 -0.0119732 -0.00853181 0.00228642 0.0160484 0.0246393
internal_weight=109664 19155.2 90508.7 87483.8 17256.7 85485.7 15771.3 1331.65 14439.7 12431.1 11442.4 827.856 4722.45 3481.03 1211.39 84446.7 56884.1 27562.7 9633.8 52917.4 3966.66 2483.33 6725.75 17928.9 17567 12333.2 10798.3 5233.8 1821.76 3225.58
internal_count=546432 129877 416555 403629 103949 395167 96153 9003 87150 72545 67560 5395 29586 21524 6716 389769 261923 127846 43713 244968 16955 10534 27742 84133 82549 58143 49781 24406 7661 13406
is_linear=0
shrinkage=0.05


Tree=50
num_leaves=31
num_cat=0
split_feature=13 5 5 38 33 33 33 33 10 32 33 33 33 33 33 33 12 10 32 32 12 33 33 33 33 33 7 26 12 33
split_gain=395.767 314.708 282.803 284.662 232.593 452.877 280.848 228.519 214.282 213.949 313.008 274.851 191.498 475.672 535.627 190.866 280.711 189.617 219.584 184.138 183.666 174.199 167.515 167.226 190.992 162.394 161.718 165.348 158.495 196.738
threshold=2.636779683484747e-17 -0.17045454545454267 -0.091977188111314431 0.026618832293638598 -2387.9999999999995 -1822.4999999999998 -2527.4999999999995 -1955.4999999999998 0.017321362264565186 6.5000000000000009 -2823.4999999999995 -4287.4999999999991 -4807.4999999999991 -4111.4999999999991 -4072.4999999999995 -1241.4999999999998 1.2000000000000006 0.01751890866619055 3.5000000000000004 7.5000000000000009 1.4928571428571442 -3907.4999999999995 -4874.4999999999991 -4271.4999999999991 -4350.4999999999991 -1139.4999999999998 -0.37655327802413602 0.73791713014460525 0.47142857142857203 -2329.4999999999995
decision_type=8 10 8 10 2 2 2 2 10 2 2 2 2 2 2 2 10 8 2 2 10 2 2 2 2 2 10 10 10 2
left_child=1 -1 4 17 6 7 9 8 -6 12 11 -11 -2 20 -15 26 -17 18 -4 -3 -14 -13 -5 24 -20 -18 -7 -28 -10 -30
right_child=2 19 3 22 5 15 -8 -9 28 10 -12 21 13 14 -16 16 25 -19 23 -21 -22 -23 -24 -25 -26 -27 27 -29 29 -31
leaf_value=0.018182850880466925 0.017529742422128576 -0.011014684089314455 -0.022242764801753589 -0.032527328021462951 0.066406997903848505 0.040421193224716968 -0.015397787768976627 0.047407881326779977 0.036743143522651643 0.022068460563341729 0.033340229163113452 -0.024392180469714524 -0.029555393454879886 0.044082804779456385 -0.00074129810521225063 0.046230464237639095 0.038814151931385814 -0.0017049904110284825 -0.0028365618271582521 -0.033712844274091318 -0.0020359833004093444 0.0031833906539843076 0.002870368984182187 -0.0076137415479194479 0.049196442499827103 -0.0076312576940226473 0.0015747332957158665 -0.020413961992827277 0.032887143497637127 -0.0038037483279040767
leaf_weight=616.9027416035533 1299.9440750181675 2160.1033604703844 2525.8618413060904 337.74229468405247 210.28731207549572 210.46645434200764 2151.7649531885982 889.17218804359436 569.90589709579945 1747.6586496829987 1247.0936070159078 700.74690072238445 1853.1986334770918 742.88827949762344 6478.786618731916 561.34883035719395 242.03166894614697 31408.194724589586 459.61552812159061 1523.8506517969072 901.1196611225605 3134.5135719776154 32119.244731813669 8097.5955938696861 286.16191749274731 846.2110662534833 3110.0740190893412 1179.0684741437435 508.10499641299248 1300.402158588171
leaf_count=3067 5756 20586 19452 1973 931 860 9810 3987 2619 7185 5363 3234 9655 3213 30189 2494 1044 151691 2193 17135 4384 13628 144724 48507 1187 3732 14353 5038 2104 5616
internal_value=-2.55999e-06 -0.0148689 0.000605684 -0.00102883 0.00472054 0.0111192 0.00167969 0.0255392 0.0180277 0.00370923 0.0106928 0.00563393 -0.000520853 -0.00287298 0.00386972 0.00296354 0.0175122 -0.00370783 -0.00924079 -0.0204037 -0.020552 -0.00185499 0.00250203 -0.00552714 0.017129 0.00269848 -0.00237012 -0.00446987 0.0137503 0.00650466
internal_weight=109420 4300.86 105119 75234.4 29884.8 9627.07 20257.7 3477.87 2588.7 18105.9 6830.01 5582.92 11275.9 9975.99 7221.67 6149.2 1649.59 42777.4 11369.2 3683.95 2754.32 3835.26 32457 8843.37 745.777 1088.24 4499.61 4289.14 2378.41 1808.51
internal_count=545710 40788 504922 369727 135195 42778 92417 15257 11270 82607 29410 24047 53197 47441 33402 27521 7270 223030 71339 37721 14039 16862 146697 51887 3380 4776 20251 19391 10339 7720
is_linear=0
shrinkage=0.05


Tree=51
num_leaves=31
num_cat=0
split_feature=10 5 20 0 5 33 33 33 33 33 33 33 33 12 33 13 33 33 33 33 5 26 33 33 13 5 12 33 33 33
split_gain=338.879 266.085 232.257 217.161 181.385 179.147 440.706 392.411 973.441 418.594 695.097 996.085 667.899 385.809 669.23 355.791 301.452 665.145 443.992 456.505 625.323 368.55 356.987 477.767 441.999 291.747 280.485 338.721 859.055 342.072
threshold=0.0065617635961146715 -0.22653122115553223 0.11029910343558764 0.084415584415584846 -0.054292178409824136 -4851.4999999999991 -4548.4999999999991 -3670.4999999999995 -3426.4999999999995 -2387.9999999999995 -2728.4999999999995 -2793.4999999999995 -2343.4999999999995 2.6714285714285748 -3540.4999999999995 0.027509868805999548 -1772.4999999999998 -1941.4999999999998 -2024.4999999999998 -2220.4999999999995 -0.0046728971962621815 0.74554092171958197 -1241.4999999999998 -1139.4999999999998 0.017754253926625812 -0.038834951456310433 1.9714285714285738 -4396.4999999999991 -4287.4999999999991 -4130.4999999999991
decision_type=8 8 8 8 10 2 2 2 2 2 2 2 2 8 2 8 2 2 2 2 8 10 2 2 10 10 8 2 2 2
left_child=4 -2 -3 5 -1 -4 15 26 13 10 11 -10 -11 14 -9 -7 17 18 19 -14 -21 -22 24 -24 -18 -19 27 -8 -29 -30
right_child=1 2 3 -5 -6 6 7 8 9 12 -12 -13 16 -15 -16 -17 22 25 -20 20 21 -23 23 -25 -26 -27 -28 28 29 -31
leaf_value=0.022803866157450725 0.0093665220438936981 -0.021263944098158662 -0.012522243586579017 0.016268897565918518 -0.025625592774815388 0.033928194601118539 -0.032837436439147459 0.0085397786100598182 -0.0044433712471023115 0.038174820772092909 -0.018196999098002896 0.034641801454475228 -0.02070831753628137 -0.0033892917034942815 0.044874766283759721 0.0062534229865732309 -0.031631850897875499 0.044435984392639682 -0.021545171101763211 0.034913425087231047 -0.011814573767422672 0.023469723547116003 0.032804615930597698 -0.00039064477378217966 -0.0039790737772686215 0.015131102236791247 0.0008019768042877237 0.024230008503232838 -0.032251867074308556 -0.0092743409005928111
leaf_weight=216.78579200431705 7620.7201005518436 1307.2052870616317 2948.1524343788624 1997.5774383693933 1787.7326884642243 1469.0525637716055 1648.7078148499131 2690.5854934751987 16050.680681496859 1260.3447786644101 8014.046116925776 1814.3581218644977 1372.1380463913083 1475.1532292291522 2395.5651120394468 5544.8143252283335 1640.0559731535614 1119.8605853095651 2054.5505783036351 1872.1968498900533 2401.1147609949112 1069.808677226305 1407.5032819844782 4715.0874327681959 12153.413773648441 3515.4531945586205 6962.5986437126994 1690.6638833284378 2104.8852242007852 7027.8897620290518
leaf_count=1735 32432 8181 16691 8540 26659 6137 9469 12091 81384 5634 40831 7837 6858 6943 10884 22767 11666 5043 10501 8579 11180 4362 6711 23021 58343 15769 33192 6989 11696 34300
internal_value=-1.90049e-05 0.000361361 -0.0003268 -4.87044e-05 -0.020388 -0.000386768 -4.00348e-06 -0.000981886 0.000832051 -0.00115302 -0.00596227 -0.000473914 0.00244599 0.0191239 0.0256535 0.0120499 0.00109458 0.00689134 -0.0012059 0.00501695 0.0116233 -0.000939241 -0.00280711 0.00724051 -0.00726701 0.022211 -0.00723736 -0.0117253 -0.00850938 -0.0145701
internal_weight=109349 107344 99723.5 98416.3 2004.52 96418.7 93470.5 86456.7 67021.9 60460.6 25879.1 17865 34581.5 6561.3 5086.15 7013.87 33321.2 13405.1 8769.81 6715.26 5343.12 3470.92 19916.1 6122.59 13793.5 4635.31 19434.7 12472.1 10823.4 9132.77
internal_count=546425 518031 485599 477418 28394 468878 452187 423283 327637 297719 130052 89221 167667 29918 22975 28904 162033 62292 41480 30979 24121 15542 99741 29732 70009 20812 95646 62454 52985 45996
is_linear=0
shrinkage=0.05


Tree=52
num_leaves=31
num_cat=0
split_feature=10 5 38 33 10 29 33 33 43 43 33 33 33 33 33 28 34 33 33 34 13 32 32 32 33 43 43 32 33 32
split_gain=330.202 244.82 261.901 297.25 250.56 202.913 194.676 580.564 382.657 325.424 348.637 352.418 357.002 365.499 344.866 312.767 268.948 249.22 343.479 356.54 270.989 235.568 214.757 209.091 212.916 201.549 190.827 219.1 406.121 183.645
threshold=0.0076331482101830691 -0.071428571428571216 0.0022586109542336312 -4874.4999999999991 0.043257138727812762 0.27959594259765103 -2371.4999999999995 -1772.4999999999998 1.5000000000000002 1.5000000000000002 -4530.4999999999991 -4413.4999999999991 -2584.4999999999995 -2971.4999999999995 -3150.4999999999995 -0.041733211907332 1.9964150892425432 -1225.4999999999998 -1150.4999999999998 3.3050518377464333 0.017967776041578624 3.5000000000000004 10.500000000000002 4.5000000000000009 -3038.4999999999995 3.5000000000000004 3.5000000000000004 3.5000000000000004 -2329.4999999999995 3.5000000000000004
decision_type=8 8 8 2 8 8 2 2 2 2 2 2 2 2 2 10 2 2 2 2 10 2 2 2 2 2 2 2 2 2
left_child=-1 6 4 -4 -3 -5 9 8 -8 -2 -11 -12 13 14 29 23 22 20 -19 -20 -9 -18 -15 24 -16 -22 -10 28 -28 -13
right_child=1 2 3 5 -6 -7 7 17 26 10 11 12 -14 16 15 -17 21 18 19 -21 25 -23 -24 -25 -26 -27 27 -29 -30 -31
leaf_value=-0.018613460702417265 0.016663758966204773 -0.006587976735419364 -0.019807979627039191 0.00089873661069503862 0.01067955813445921 0.014444995243779438 -0.013077744666250508 -0.032626956837573239 0.040227472713977926 0.026636920289200307 -0.031151478837181681 -0.014309009983608732 -0.017645372076069296 -0.052955461312435261 -0.0090851731033223301 -0.036223608435550128 -0.017132806793323321 0.050618400467522057 0.045285562186241246 -0.01040689671226443 0.0066383683778207941 0.021747483343671742 0.060081984243674405 -0.053327119718378113 0.063245035907078459 -0.015108420275345952 0.036926068270162052 0.02883257002310562 -0.046759881799766922 0.0039166583886950275
leaf_weight=2359.3316715657711 2921.1956754252315 25650.573440376669 1643.3081561550498 38301.683430291712 2288.241880401969 2979.5211382508278 630.20750461518764 770.65973534435034 1902.6710443794727 1070.3912101089954 1028.9249570444226 1662.58564029634 2776.1414245143533 234.31408384442329 208.5825584307313 1279.0686731785536 436.95221311599016 515.03198532015085 382.49927666038275 1155.6193337440491 3168.6244786977768 3593.4370743632317 51.200215145945549 103.70782898366451 198.63707852363586 1605.1772809103131 271.8087597489357 1386.8688164204359 310.68212091177702 8193.8723378479481
leaf_count=32511 12982 137072 10373 178223 9648 12532 2688 4615 8743 4382 5505 9374 12926 1000 1201 6688 2153 2247 1738 5273 14039 15772 222 474 1106 7520 1175 6297 1435 36426
internal_value=-0.000111517 0.00029751 -0.00140603 0.00104629 -0.00517373 0.00187645 0.00366401 0.00882641 0.0230539 0.00103493 -0.00115603 -0.002661 -0.00109659 0.00178154 -0.00282425 -0.0230141 0.0142102 0.000395374 0.0152767 0.0034427 -0.00511528 0.0175323 -0.0326849 0.010055 0.0261967 -0.000673928 0.0289347 0.0180243 -0.00770936 0.000842356
internal_weight=109082 106722 70863.3 42924.5 27938.8 41281.2 35858.9 12099.9 4502.24 23759 20837.8 19767.4 18738.5 15962.4 11646.5 1790 4315.9 7597.61 2053.15 1538.12 5544.46 4030.39 285.514 510.927 407.22 4773.8 3872.03 1969.36 582.491 9856.46
internal_count=546340 513829 347848 201128 146720 190755 165981 55770 20338 110211 97229 92847 87342 74416 55269 9469 19147 35432 9258 7011 26174 17925 1222 2781 2307 21559 17650 8907 2610 45800
is_linear=0
shrinkage=0.05


Tree=53
num_leaves=31
num_cat=0
split_feature=12 5 33 8 26 33 33 33 33 33 33 12 33 33 33 33 9 12 33 33 33 34 9 33 33 13 33 33 43 33
split_gain=318.715 241.609 215.48 213.465 151.788 160.041 135.656 382.167 251.191 1061.79 381.552 562.54 274.654 469.359 451.538 685.602 209.086 203.128 245.545 237.531 652.03 232.127 197.782 194.74 362.364 234.857 189.748 639.869 239.351 231.774
threshold=1.0000000180025095e-35 -0.13667271847383503 -2039.4999999999998 0.3861386138613862 0.049106351289052809 -2700.4999999999995 -4851.4999999999991 -4548.4999999999991 -3670.4999999999995 -3426.4999999999995 -3524.4999999999995 2.0500000000000029 -2387.9999999999995 -2343.4999999999995 -2728.4999999999995 -2793.4999999999995 0.015302083679411134 2.0214285714285745 -4511.4999999999991 -4396.4999999999991 -4287.4999999999991 4.5996548789135385 0.017575991711999875 -2220.4999999999995 -2154.4999999999995 0.024300311583646584 -1941.4999999999998 -1787.4999999999998 3.5000000000000004 -2009.4999999999998
decision_type=8 8 2 10 8 2 2 2 2 2 2 8 2 2 2 2 10 8 2 2 2 2 8 2 2 8 2 2 2 2
left_child=2 -2 -1 4 5 -3 -6 16 17 10 -10 -12 14 -14 15 -11 -8 19 21 -9 -21 -19 -17 -15 -25 -26 28 -28 -27 -30
right_child=1 3 -4 -5 6 -7 7 8 9 12 11 -13 13 23 -16 22 -18 18 -20 20 -22 -23 -24 24 25 26 27 -29 29 -31
leaf_value=0.011311567672750353 0.0052101629253568727 -0.0047960226257143801 -0.024877278615367267 0.0055381671084467447 -0.012799957026024792 -0.029544332678103948 0.049396586692986771 -0.034067212013153242 0.010410184549059447 -0.0061548679171814467 0.056657709609484255 0.00013084026465895639 0.035725132081283965 -0.02192933420590399 -0.019536731474434119 0.06308581754800846 0.0096800705333566408 -0.012961583472505284 -0.0021715679796285845 0.023074984160836198 -0.015575211957745633 0.08761370786314035 0.019803419543045094 0.034553808449375938 -0.0095988444032978279 0.010974250627097098 0.031385410993385682 0.00029978651406318939 -0.010053529336266779 -0.050922906855323684
leaf_weight=515.81679414957762 20623.983289822936 2002.2367261052132 2030.7828928567469 11442.002406649292 2490.6761949211359 969.59273380413651 357.77185113728046 1099.7063643857837 3261.7301635891199 12540.549739696085 1344.489014595747 654.33724474906921 917.71819122135639 1034.2617889270186 5416.7450989931822 360.63312663137913 4491.8345455080271 92.560929417610168 4524.9176438450813 1303.2900458425283 6705.3759153783321 150.89600259065628 984.39974538981915 744.9543067663908 5768.9529324583709 1077.031734533608 1930.5169114395976 11617.747118040919 1888.7176461070776 424.95565252006054
leaf_count=2701 91340 12722 27644 48789 14709 7091 1485 6603 14733 64609 6179 3072 4121 5337 28509 1579 18388 514 21809 5355 34474 768 4204 3222 36269 5208 8624 55295 8466 2051
internal_value=-6.69917e-05 0.000352082 -0.0175472 -0.000818416 -0.00179921 -0.0128704 -0.001337 -0.000921385 -0.00194923 -0.000296475 0.0209515 0.038153 -0.00279666 0.000619367 -0.00729268 -0.00251629 0.0126101 -0.00790052 0.000460252 -0.0122775 -0.00928547 0.0493756 0.0314084 -0.000696311 0.000240056 -0.000885639 0.00208184 0.00472923 -0.00849636 -0.0175601
internal_weight=108769 106223 2546.6 85598.6 74156.6 2971.83 71184.8 68694.1 63844.5 49967.7 5260.56 1998.83 44707.2 25404.9 19302.3 13885.6 4849.61 13876.7 4768.37 9108.37 8008.67 243.457 1345.03 24487.1 23452.9 22707.9 16939 13548.3 3390.71 2313.67
internal_count=545870 515525 30345 424185 375396 19813 355583 340874 321001 251478 23984 9251 227494 128593 98901 70392 19873 69523 23091 46432 39829 1282 5783 124472 119135 115913 79644 63919 15725 10517
is_linear=0
shrinkage=0.05


Tree=54
num_leaves=31
num_cat=0
split_feature=13 32 8 11 38 32 33 33 34 33 33 33 9 9 38 32 32 34 33 10 33 33 33 32 8 33 12 33 10 43
split_gain=286.867 285.914 261.205 254.562 242.385 222.369 348.162 304.629 341.089 237.407 190.093 477.166 212.216 198.425 170.843 170.724 303.088 259.047 201.926 274.339 194.15 271.54 366.515 304.912 264.121 218.299 193.585 188.252 190.389 155.421
threshold=2.636779683484747e-17 7.5000000000000009 0.0045315411685167293 0.7569523591821381 -0.090773268839225638 4.5000000000000009 -1211.4999999999998 -891.49999999999989 3.7268967789120446 -4915.4999999999991 -4851.4999999999991 -4548.4999999999991 0.015302083679411134 0.015302083679411134 -0.015278109334014021 8.5000000000000018 11.500000000000002 4.0664589915953142 -1772.4999999999998 0.03862387543666853 -4984.4999999999991 -3243.4999999999995 -3540.4999999999995 9.5000000000000018 1.1531972789115648 -2808.4999999999995 0.14285714285714296 -4632.4999999999991 0.025567718020373435 2.5000000000000004
decision_type=8 2 8 10 8 2 2 2 2 2 2 2 8 8 8 2 2 2 2 10 2 2 2 2 8 2 8 2 8 2
left_child=1 2 -1 -4 -2 6 9 8 -8 14 -11 13 -13 -12 -6 26 17 18 19 20 -17 22 23 -22 25 -23 -7 28 -25 -18
right_child=4 -3 3 -5 5 15 7 -9 -10 10 11 12 -14 -15 -16 16 29 -19 -20 -21 21 24 -24 27 -26 -27 -28 -29 -30 -31
leaf_value=-0.016767282487216928 0.006094385738410351 -0.030251557663842701 0.040051198823394883 -0.0076978927423049653 0.055414700970491337 0.046608136139480144 0.06556351969465006 -0.018496170160008898 0.0090144271301800024 -0.028982180766636008 0.071136543927844506 -0.016081086694831048 -0.0045326149865018142 0.016598356844821718 -0.0061285627657871591 -0.036345116524624993 -0.0021495950098765339 -0.011917276683466415 -0.012401791235086744 0.023822497361614958 0.019143672746288861 -0.021407726153737219 0.044740524481348853 0.072358971606570302 0.082552507402032127 -0.00015276302979181614 0.0032573163789242072 -0.011837806555581965 0.002565060951336069 0.011972663460509406
leaf_weight=1478.3310726247728 15763.741854697466 1524.9834192097187 537.6072207018733 580.55194456130266 268.50807753205299 259.69569434225559 456.44489830732346 398.80633524805307 641.3291329741478 911.26492330431938 213.9788164794445 5166.0721961036325 17298.167259894311 756.0316503494978 194.41322015970945 364.75283179432154 3143.0379573553801 7869.5787135437131 2986.0014661327004 1299.2103206515312 1959.7879484295845 2085.8132155165076 616.55211414396763 136.32405430078506 79.876248925924301 2870.438051328063 30782.308484166861 2478.96044344455 344.97722497582436 5124.9874652028084
leaf_count=18015 69162 17595 2715 2536 1104 1499 2205 2285 3050 5432 922 35554 87467 3123 853 2707 14824 40738 15364 5330 8724 10992 2656 562 336 13989 140513 11631 1777 22333
internal_value=-0.000129187 -0.0130676 -0.0029751 0.0152597 0.000381246 -0.000634007 -0.00448975 0.0189305 0.032527 -0.00590259 -0.00657706 -0.00570581 -0.0071884 0.0286292 0.0295684 0.000991341 -0.00161063 -0.00455188 -0.000744234 0.00210045 -0.00047981 0.000757522 0.00839976 0.00384574 -0.00764417 -0.00909781 0.00361999 -0.00628198 0.0223335 0.00660418
internal_weight=108593 4121.47 2596.49 1118.16 104471 88707.3 26305 1496.58 1097.77 24808.4 24345.5 23434.2 22464.2 970.01 462.921 62402.3 31360.3 23092.3 15222.7 12236.7 10937.5 10572.7 5536.6 4920.05 5036.13 4956.25 31042 2960.26 481.301 8268.03
internal_count=545993 40861 23266 5251 505132 435970 141995 7540 5255 134455 132498 127066 123021 4045 1957 293975 151963 114806 74068 58704 53374 50667 25350 22694 25317 24981 142012 13970 2339 37157
is_linear=0
shrinkage=0.05


Tree=55
num_leaves=31
num_cat=0
split_feature=12 37 7 32 32 25 34 26 34 43 35 5 32 32 11 13 34 25 34 38 34 34 28 10 1 7 28 38 5 34
split_gain=270.241 226.526 185.903 188.712 187.771 182.366 176.751 173.15 142.954 133.911 127.771 125.855 122.246 289.659 282.734 215.006 177.758 149.986 120.213 185.696 112.36 106.361 105.362 101.876 97.888 95.7006 92.4633 87.8455 83.4072 95.0717
threshold=1.0000000180025095e-35 -0.073309369936016042 -1.0000000180025095e-35 3.5000000000000004 1.5000000000000002 0.50311529503105601 4.4467602776460797 0.37042614904060694 7.0397041691513556 2.5000000000000004 -1.7486012637846212e-14 -0.22214841007351402 11.500000000000002 8.5000000000000018 0.34707310947928471 0.017754253926625812 3.6467536778901413 0.60264029278494258 3.9160150342966822 -0.0022896471676870363 1.4230357494997927 2.8707317708119455 -0.019246055999097011 0.017619263075474293 0.22928382787012561 -0.10790580957660999 -0.019246055999097011 -0.042383134654383418 -0.087054919712345899 3.2042685141289318
decision_type=8 10 10 2 2 10 2 10 2 2 10 8 2 2 8 10 2 8 2 10 2 2 10 8 10 10 10 10 10 2
left_child=5 11 3 4 9 10 23 -8 12 22 18 -2 13 14 -5 -15 -17 21 -1 -20 -16 -14 -3 25 -13 -6 -11 -23 29 -24
right_child=1 2 -4 8 6 -7 7 -9 -10 26 -12 24 17 15 20 16 -18 -19 19 -21 -22 27 28 -25 -26 -27 -28 -29 -30 -31
leaf_value=0.0069170271571081937 0.016750874725449765 0.021267145785467251 0.0083978018190961866 0.038743702544965813 -0.012341321233130668 -0.028739347417224639 -0.014962334765596504 0.0097839006182516338 -0.019005936452970325 -0.022007363419078274 -0.024111717776782438 0.0036696356184209482 0.026328076875114455 -0.019406752946933503 0.047140490788381451 0.0011936293658390315 -0.0082623577167159536 -0.0017663155608796154 0.013567953228272832 0.26873675463317831 0.0017098862044836044 -2.7147626829521319e-05 -0.018622730882729845 -0.010071593550292246 0.068582570543054999 -0.034783764826935286 -0.0015810413146521468 0.014817916874793745 -0.011052621458451916 0.024518792788854316
leaf_weight=681.80056337639689 2593.7612765878439 1144.9713070765138 5553.7940377034247 527.66106250137091 988.6793869882822 1356.3439408242702 1094.8285825401545 1994.8719995990396 952.37570349127054 614.38493854552507 397.76160172373056 8217.0997071191669 991.37576527893543 2266.3343907818198 136.61005422472954 10801.018055871129 9206.116504907608 3556.8169416561723 19.203574754297733 11.34053345769644 36350.402989584953 1833.6011097431183 171.67785947024822 6972.0580609366298 58.490798473358154 914.31700632721186 5639.2146891057491 2182.951258957386 718.64747998863459 498.54998749494553
leaf_count=7086 11043 5844 25342 2825 6808 18335 7911 10328 5678 3050 4643 38298 4365 14935 645 50493 44812 15708 119 171 168230 8260 765 39169 249 7825 27181 10180 3896 2141
internal_value=-7.82514e-05 0.000302516 -0.000478936 -0.00102942 -0.00520865 -0.0164394 -0.00928463 0.00101513 0.000231076 0.000341082 -0.00141114 0.00714053 0.000501084 -0.000305551 0.00240549 -0.00481084 -0.00315746 0.00608489 0.0112645 0.108308 0.00187998 0.0116611 0.0100377 -0.0128703 0.00412843 -0.0231241 -0.00358783 0.00804098 0.00078034 0.0134682
internal_weight=108447 105981 95111.3 89557.5 20752.2 2466.45 11964.8 3089.7 68805.3 8787.45 1110.11 10869.4 67852.9 59288.1 37014.7 22273.5 20007.1 8564.75 712.345 30.5441 36487 5007.93 2533.85 8875.05 8275.59 1903 6253.6 4016.55 1388.88 670.228
internal_count=546335 515981 466391 441049 114918 30354 72041 18239 326131 42877 12019 49590 320453 281940 171700 110240 95305 38513 7376 290 168875 22805 12646 53802 38547 14633 30231 18440 6802 2906
is_linear=0
shrinkage=0.05


Tree=56
num_leaves=31
num_cat=0
split_feature=10 3 5 25 33 33 28 33 33 33 34 32 34 33 28 33 34 33 33 33 33 34 33 33 5 5 32 13 33 33
split_gain=259.927 207.37 184.739 172.177 191.241 393.608 336.931 332.44 491.072 627.336 309.777 356.63 291.797 234.803 365.502 341.955 277.175 275.31 1017.57 706.982 470.249 434.606 338.769 321.005 309.812 308.243 296.892 225.777 223.83 590.347
threshold=0.0065617635961146715 -0.11966736575380275 -0.054292178409824136 0.96440705294314133 -4548.4999999999991 -4658.4999999999991 0.026827788382671591 -4376.4999999999991 -4287.4999999999991 -4130.4999999999991 4.2231771657130812 2.5000000000000004 2.1101948345363803 -4019.4999999999995 0.10270640240865953 -3907.4999999999995 4.0664589915953142 -3293.4999999999995 -3634.4999999999995 -2971.4999999999995 -3824.4999999999995 3.0750027876182671 -3342.4999999999995 -3458.4999999999995 -0.044428670816760434 0.053226698087233355 9.5000000000000018 0.026406929730881035 -1822.4999999999998 -1941.4999999999998
decision_type=8 10 10 10 2 2 10 2 2 2 2 2 2 2 10 2 2 2 2 2 2 2 2 2 10 8 2 10 2 2
left_child=2 -2 -1 4 5 -3 -7 10 -9 12 -6 -12 -10 14 -11 -15 17 18 20 25 -17 22 23 -20 28 -19 -23 -26 29 -21
right_child=1 3 -4 -5 7 6 -8 8 9 13 11 -13 -14 15 -16 16 -18 19 21 24 -22 26 -24 -25 27 -27 -28 -29 -30 -31
leaf_value=0.024765080637111046 0.009577510899437959 -3.6839430974786938e-06 -0.024190414143648718 0.0090917129500384646 -0.026989147707241919 0.042022974912240239 0.0055470198181040778 0.023263943186075081 0.07712990786711145 0.0210952759376275 0.058143795183502794 -0.010161942988632832 -0.025393045827824104 -0.018634023968206233 -0.035721315189924795 0.01347618112734849 -0.0048018996965057126 -0.024806149169462111 0.039373948450110087 0.0086166746641398364 -0.020341658794896914 -0.00034780130277310196 0.077224433629925995 0.00095461149139739398 -0.01196352902930412 0.0017721318403952739 0.037551659269394154 0.0012288302236425747 -0.00020864498708807731 0.052668596471358853
leaf_weight=218.31459277868271 5819.0283541455865 6962.0146821290255 1642.8400094471872 4819.3243002295494 2315.6885905563831 1213.9765661507845 1323.0849056392908 2083.1573407649994 70.989497274160385 2329.1931249797344 247.23292547464371 841.53318056464195 3105.6400445103645 2637.4265798702836 322.21916092932224 1557.9228523373604 23266.983879316598 3763.8624454587698 1985.2063716500998 8841.2958222553134 3021.8811630755663 2229.1590984985232 417.18013699352741 748.7519301995635 4237.9924359694123 1536.0972001925111 672.67360680550337 13816.812644578516 5524.8425022736192 832.1108161881566
leaf_count=1736 25872 32607 26598 20727 12745 4976 5417 8482 334 10487 1271 4168 17285 12715 1347 6943 119106 20431 8567 40864 15523 11054 1753 3768 25771 7316 2985 64521 27312 3880
internal_value=7.64798e-05 0.000400074 -0.0184479 -0.000130124 -0.000593531 0.00614043 0.0230007 -0.00133383 -0.000705723 -0.0013228 -0.0166473 0.00534867 -0.0231019 -0.000432872 0.0141905 -0.000949219 -0.000305457 0.00182155 0.00894462 -0.000142963 -0.00883776 0.0223991 0.035256 0.028852 0.00256016 -0.0171029 0.00843767 -0.0018678 0.00782037 0.012406
internal_weight=108404 106543 1861.15 100724 95904.9 9499.08 2537.06 86405.9 83001.4 80918.2 3404.45 1088.77 3176.63 77741.6 2651.41 75090.2 72452.8 49185.8 10632.8 38553 4579.8 6052.97 3151.14 2733.96 33253.1 5299.96 2901.83 18054.8 15198.2 9673.41
internal_count=546561 518227 28334 492355 471628 43000 10393 428628 410444 401962 18184 5439 17619 384343 11834 372509 359794 240688 50593 190095 22466 28127 14088 12335 162348 27747 14039 90292 72056 44744
is_linear=0
shrinkage=0.05


Tree=57
num_leaves=31
num_cat=0
split_feature=5 8 25 32 38 9 37 26 34 32 11 11 12 43 9 7 34 34 32 12 26 12 0 39 43 32 34 11 32 9
split_gain=240.693 356.781 170.286 158.064 136.898 123.122 102.7 95.6937 91.2061 120.157 100.365 88.8108 88.4886 154.003 85.5608 82.0434 99.858 78.8843 76.4767 117.634 76.0165 76.8503 73.6767 84.999 70.7217 96.8749 95.649 85.9794 77.5791 72.6203
threshold=-0.071428571428571216 0.038888888888888869 0.94879112135875054 11.500000000000002 -0.16276003467189779 1.0864048237967777e-09 -0.069924800458719114 0.65550309976343923 2.8348664905015819 10.500000000000002 0.2924209097765173 0.86727504858070137 2.5357142857142874 3.5000000000000004 0.034737347574399904 -0.071419208904135154 2.7113724724615449 3.4483977193728976 5.5000000000000009 0.51428571428571546 0.51334322453016834 1.0285714285714298 0.09544018505684039 1.0000000180025095e-35 3.5000000000000004 4.5000000000000009 2.9806186551078895 1.534070683666515 1.5000000000000002 0.0095240141428911494
decision_type=10 10 10 2 8 10 10 10 2 2 10 8 10 2 10 10 2 2 2 10 10 10 10 8 2 2 2 10 2 10
left_child=4 5 3 6 18 -2 -3 8 9 10 -6 -9 13 17 -13 -8 -17 -5 -1 -20 -15 -22 23 24 26 -26 -10 -27 29 -28
right_child=1 2 -4 12 7 -7 15 11 22 -11 -12 14 -14 20 -16 16 -18 -19 19 -21 21 -23 -24 -25 25 27 28 -29 -30 -31
leaf_value=0.019186249733659889 -0.024984760041136013 0.0074056154023748643 0.0076739287785680651 -0.014687665243968265 0.037477480805759793 -0.0079009679887197103 -0.0045516740440572729 0.0081219862265367194 -0.0100957479246428 0.026903968790349637 0.0047591455627326393 -0.0076885146218906245 -0.0034138749897713403 0.031674977281251522 0.0018088044227676651 0.0093042145861913436 -0.0014552239730639708 0.016787925031381445 0.035925474322970795 -0.00048591605453562631 0.026423051900749558 -0.0020723784112449315 0.044825585717983327 -0.0053955618378333618 -0.012502102067244295 0.0022404542559238106 -0.0065745150948147181 0.07126921427079215 0.0062331168284966284 0.030954355522978962
leaf_weight=1930.2983360588551 1166.6824087686837 2811.4147506654263 6262.5569995567203 576.31851382553577 247.54005521535873 10982.194052238017 22647.463433280587 1980.472509033978 828.27723885327578 853.42432882636786 4412.776912227273 5383.388537876308 1084.9465450122952 930.91107797622681 4238.5901117026806 2430.3680056482553 19135.066836662591 304.09269094839692 259.66326774656773 1521.9393557161093 453.66496674716473 494.54170705378056 101.28213410079479 3147.632392257452 1369.8267235532403 3566.4947207123041 164.14775544404984 45.688053324818611 8084.4119057767093 600.3763418123126
leaf_count=8448 18976 12415 27109 2660 1478 71820 109022 8616 4208 3784 20612 24741 4670 4068 18362 11385 95110 1428 1089 6305 1999 2053 439 16777 7047 16349 1077 210 40687 2666
internal_value=4.29972e-06 -0.00176056 -0.000105948 -0.00106374 0.00316078 -0.00954156 -0.00186067 0.00219312 0.00403258 0.00965564 0.00649703 -0.00152021 0.00868398 0.0134404 -0.00350484 -0.0024499 -0.000242663 -0.00381604 0.0122913 0.00482094 0.0215255 0.0115611 0.00230129 0.00205942 0.00366016 -0.00118004 0.00615199 0.00311355 0.0076728 0.0228967
internal_weight=108016 69280.2 57131.3 50868.8 38736.2 12148.9 47024.3 35024.3 23421.9 5513.74 4660.32 11602.5 3844.48 2759.53 9621.98 44212.9 21565.4 880.411 3711.9 1781.6 1879.12 948.207 17908.1 17806.9 14659.2 4982.01 9677.21 3612.18 8848.94 764.524
internal_count=545610 362715 271919 244810 182895 90796 227932 167053 115334 25874 22090 51719 16878 12208 43103 215517 106495 4088 15842 7394 8120 4052 89460 89021 72244 23606 48638 16559 44430 3743
is_linear=0
shrinkage=0.05


Tree=58
num_leaves=31
num_cat=0
split_feature=10 1 5 29 8 43 32 10 12 20 32 13 35 37 35 25 8 25 26 8 19 5 32 32 32 5 32 10 39 12
split_gain=241.305 158.293 161.807 150.406 149.599 146.003 142.089 135.878 152.298 121.723 113.363 186.861 154.349 119.035 103.715 103.169 99.7555 103.742 93.2192 85.1956 81.8274 99.4353 81.5068 102.597 134.277 137.287 98.4324 91.8371 86.559 93.046
threshold=0.01604010240706006 0.18636957029585979 -0.26822036333162369 -0.055418231568974262 0.14712398598142298 3.5000000000000004 2.5000000000000004 0.0065617635961146715 0.41428571428571453 0.036631105187564662 6.5000000000000009 -5.898059818321144e-18 -5.50115508701765e-14 -1.2934098236883072e-14 -0.0058252427184610203 0.96823103036975877 0.0058013420084707121 0.58702568284555057 0.44576546655831539 0.030001898974553746 -0.17705576862225561 -0.0046728971962621815 11.500000000000002 8.5000000000000018 4.5000000000000009 0.26811514256719476 10.500000000000002 0.045808158085238977 1.0000000180025095e-35 4.6285714285714326
decision_type=8 10 8 10 10 2 2 10 10 8 2 10 10 10 10 10 10 10 10 10 10 8 2 2 2 8 2 10 10 10
left_child=3 2 5 -1 6 -2 -5 10 16 -4 11 12 -8 -14 -11 20 -9 18 -18 -20 22 -22 23 24 25 28 -25 -28 -16 -30
right_child=1 -3 9 4 -6 -7 7 8 -10 14 -12 -13 13 -15 15 -17 17 -19 19 -21 21 -23 -24 26 -26 -27 27 -29 29 -31
leaf_value=0.0045959511216963397 0.015712394358988867 0.021782630454688572 -0.024290409519050801 -0.020749252240265217 0.011559576725820067 -0.0058437271657011923 0.22842372899184898 -0.0077422921999411587 -0.0082997977634712717 0.0042289494092316677 -0.035097327388110611 -0.013851607642890618 -0.045703756268165738 0.15415477256645579 -0.0032807185146612712 0.0081582339991950852 0.017637585584354874 -0.0017830374732270013 0.09105293599271895 0.0033781452039100346 0.0044112192559069337 -0.0015108841681959542 0.0046528576028144015 -0.010325091770814912 0.0024973825139596208 0.0081887422100186159 -0.0024588141682303851 0.028414074156477988 -0.016229940544283002 0.0032379768115496283
leaf_weight=3081.0691322162747 3149.3804142028093 903.58758969604969 501.16000715643167 2136.353214584291 955.13934319466352 1046.5635962337255 14.281987905502318 874.80858753249049 7698.2887459099293 14787.003503799438 723.61026096343994 455.3962500244379 19.574797537177801 12.028112936764957 5645.2567663788795 3368.5032431334257 828.03172698989511 678.02474918588996 87.933677613735199 40.455955348908901 13133.88005464524 15398.122826658189 3771.9378762766719 7465.4829178676009 11922.450846806169 1668.2980652302504 3241.7008509710431 260.21773348748684 3447.2876793816686 746.70457994937897
leaf_count=18094 13445 3811 2714 19304 4934 4393 210 7038 46654 69195 12530 6963 337 193 29111 14410 4406 4034 433 204 60639 70567 16694 37078 52670 7641 15384 1062 18541 3714
internal_value=-8.23411e-05 0.000960004 0.000749906 -0.00543809 -0.00756669 0.0103358 -0.00891303 -0.00670122 -0.00481295 0.000278692 -0.022437 -0.00416149 0.0920105 0.0303627 0.000423796 -0.000379214 0.00588454 0.0131781 0.0237843 0.0634263 -0.000810367 0.00121518 -0.00232449 -0.00308961 -0.00122133 -0.00507412 -0.00708087 -0.000164737 -0.00732291 -0.0127638
internal_weight=108063 90457.5 89554 17605 14523.9 4195.94 13568.8 11432.4 10207.5 85358 1224.89 501.281 45.8849 31.6029 84856.8 70069.8 2509.25 1634.45 956.421 128.39 66701.3 28532 38169.3 34397.4 23430 11507.5 10967.4 3501.92 9839.25 4193.99
internal_count=546403 421069 417258 125334 107240 17838 102306 83002 62769 399420 20233 7703 740 530 396706 327511 16115 9077 5043 637 313101 131206 181895 165201 111677 59007 53524 16446 51366 22255
is_linear=0
shrinkage=0.05


Tree=59
num_leaves=31
num_cat=0
split_feature=5 13 8 32 32 32 12 38 32 34 32 12 43 12 32 43 34 19 10 10 19 1 43 25 34 28 34 7 43 1
split_gain=211.412 313.265 182.508 168.047 199.415 148.576 128.744 116.839 113.694 245.746 200.365 124.521 215.024 147.89 121.49 165.795 115.799 112.15 101.509 96.3005 86.3655 116.073 82.649 79.5131 88.8843 94.4142 125.007 117.192 78.8767 75.077
threshold=-0.077689437863949815 0.0089632326201683921 0.3632252920250249 4.5000000000000009 1.5000000000000002 7.5000000000000009 0.98571428571428643 -0.16919596014487689 8.5000000000000018 3.3050518377464333 11.500000000000002 1.3142857142857147 1.0000000180025095e-35 0.33571428571428585 10.500000000000002 2.5000000000000004 6.9362455068742035 0.66891500098062651 0.023364488614158456 0.011549337303754133 -0.082877922371790105 0.18636957029585979 1.5000000000000002 0.51907277652168082 2.4379801953848275 0.012328128204543777 2.1575426144600001 -0.020510316506410272 1.5000000000000002 -0.01796415844942972
decision_type=10 10 10 2 2 2 10 8 2 2 2 10 2 10 2 2 2 10 10 10 10 10 2 10 2 10 2 10 2 10
left_child=7 5 3 4 17 23 -6 22 11 14 19 12 -5 -14 -10 18 -13 -3 28 -11 21 -9 -1 24 25 -2 -27 -28 -16 -7
right_child=1 2 -4 8 6 29 -8 20 9 10 -12 16 13 -15 15 -17 -18 -19 -20 -21 -22 -23 -24 -25 -26 26 27 -29 -30 -31
leaf_value=0.025116533936799891 0.0029278279238490082 -0.0028191812804743456 0.0046027233236805463 -0.036087699859181803 -0.017549729373299898 0.05016067952136144 -0.0062381238419802103 -1.5059059926931726e-05 -0.0019981607513272831 -0.030754646843218894 0.0046044300899744988 0.0076688966064186476 0.01654144938143054 -0.0025961001941632172 0.058246608565202841 0.019107363991126346 -0.021172890935407297 0.01343978226581144 0.010511251437466288 -0.0096520495687931994 0.0054325289340509657 0.062964467207106814 0.0071888691689909259 -0.017506685703362338 -0.0029913780629486388 0.016198776370017553 0.065726867847219456 0.2728162344490046 -0.018577966729115918 -0.028583950001178221
leaf_weight=880.6696949750185 69.787824209779501 3962.6908654272556 12387.296043656766 432.41342130303383 3859.4799037314951 30.855015151202679 7223.4366756267846 21401.521840430796 4175.3447403237224 576.80786806344986 2660.6284818425775 9042.1308601200581 1172.3974625617266 7265.6480330824852 35.004484802484512 2229.4241368919611 361.94938604533672 1448.2168218716979 781.0808747112751 8618.5640034452081 12464.216611653566 73.410979002714157 2380.9513737857342 982.75540839135647 1034.2842680290341 28.05580423399806 14.049835056066513 13.297211021184921 733.90773995965719 1595.0234039984643
leaf_count=3947 551 20105 52968 1779 24539 223 42210 102523 20349 4621 12015 41644 5543 33836 191 9978 2013 7174 3402 42907 58136 320 10012 11064 10471 283 84 189 3899 19194
internal_value=-6.08822e-05 -0.00166565 -0.000876352 -0.00211988 -0.00633579 -0.0156931 -0.0101772 0.00299047 -0.000294079 -0.0029179 -0.00747939 0.00255031 -0.00169935 6.29059e-05 0.00388068 0.0103754 0.00655882 0.00153249 -0.00218419 -0.0109758 0.0021218 0.000200233 0.0120295 -0.00704349 0.00182497 0.0416161 0.0903494 0.166422 -0.0150806 -0.0270896
internal_weight=107935 70734.5 66966.4 54579.1 16493.8 3768.11 11082.9 37200.8 38085.3 19810.8 11856 18274.5 8870.46 8438.05 7954.76 3779.42 9404.08 5410.91 1549.99 9195.37 33939.1 21474.9 3261.62 2142.23 1159.47 125.191 55.4029 27.347 768.912 1625.88
internal_count=546170 371232 329173 276205 94028 42059 66749 174938 182177 97362 59543 84815 41158 39379 37819 17470 43657 27279 7492 47528 160979 102843 13959 22642 11578 1107 556 273 4090 19417
is_linear=0
shrinkage=0.05


Tree=60
num_leaves=31
num_cat=0
split_feature=12 2 0 25 5 7 10 26 10 34 32 34 34 43 10 2 34 7 8 8 13 32 12 43 26 28 10 32 26 10
split_gain=196.676 184.437 170.432 160.239 138.533 135.938 145.408 117.552 195.748 103.684 95.4603 148.168 139.963 129.742 102.619 99.8614 93.5238 92.1317 93.9061 124.948 83.016 81.8256 188.581 157.857 88.6162 153.457 86.3118 108.204 94.1308 79.1018
threshold=1.0000000180025095e-35 -0.099978965405939299 0.084415584415584846 0.51554944228330724 -0.069957905526280381 -0.071419208904135154 0.023457370243422673 0.73018200437555281 0.033082682898630707 2.5136478674946821 4.5000000000000009 6.659998797351002 7.1165158891055471 5.5000000000000009 0.012300555318264262 0.003485193155954192 2.788088175025528 -0.25712519865795508 0.17293303064063728 0.0045315411685167293 0.010422354859987297 8.5000000000000018 1.3428571428571445 1.5000000000000002 0.46183972531346767 0.1001184710061133 0.017717439369744823 11.500000000000002 0.39450798039462115 0.027218825731466688
decision_type=8 8 10 10 8 10 8 10 10 2 2 2 2 2 10 10 2 8 8 10 10 2 10 2 10 10 10 2 10 10
left_child=3 -2 4 9 7 6 -6 -3 -9 -1 11 15 13 16 -13 -7 -12 -11 19 -19 -4 22 23 -18 25 -24 27 -23 -29 -5
right_child=1 2 20 29 5 10 -8 8 -10 17 12 14 -14 -15 -16 -17 21 18 -20 -21 -22 26 24 -25 -26 -27 -28 28 -30 -31
leaf_value=0.036478366435456204 0.011478353583813761 0.003880627126136839 0.065370543455433958 -0.031273901991934618 -0.0081457320647450905 -0.013008824046475556 -0.0015454110699474289 -0.0093027440108553183 0.0062374947317122243 0.043984395648961727 0.012730605083842337 -0.011484563614168421 -0.02395743482367527 -0.015430175069545336 0.045840022235665578 -0.001092911899210655 -0.056240108732762001 -0.017113784489724049 -0.065302465596165135 0.030927205300836369 0.012220396850573837 -0.014025596432291532 0.011170336696271587 -0.0011029768648884754 0.0066987294350637216 0.041021359291121627 0.0027454477573471362 0.020487662202307362 -0.023794616963519692 0.0096969426024473455
leaf_weight=160.67969644069672 3524.276909686625 25159.961600758135 76.357097640633583 1096.2462573982775 12558.142980419099 2705.5468776039779 24869.170157551765 4960.7222675681114 3425.7703548371792 81.214199848473072 2694.1528466120362 114.5905648432672 484.6959618665278 890.75236295908689 244.96060001850128 5021.7624203115702 135.15462408959866 622.37162932753563 74.694499857723713 172.95843364670873 1941.0930326879025 2024.3135621398687 1502.115922652185 3284.1963532827795 3434.6534032970667 603.51272048801184 5115.7029809951782 484.08149266988039 159.56648353487253 131.99309915304184
leaf_count=1461 15240 120351 335 17154 71637 17388 115091 22228 14476 446 12537 1111 3096 3905 1251 26638 593 9403 372 922 8248 13110 8354 16222 14723 2669 22966 2439 1069 660
internal_value=-8.53107e-05 0.00023296 -0.000156004 -0.0144222 -0.000446643 -0.00177098 -0.00376004 0.0021718 -0.00295476 -0.000671144 0.000804998 -0.0038051 0.00259625 0.00322939 0.0275704 -0.00526501 0.00408449 -0.0069463 -0.0117005 -0.00666643 0.014232 0.00269325 0.00595118 -0.00328235 0.0116499 0.0197262 -0.00105688 -0.0083477 0.00950966 -0.026871
internal_weight=107755 105415 101891 2340.16 99873.5 66327.1 37427.3 33546.5 8386.49 1111.92 28899.8 8086.86 20812.9 20328.2 359.551 7727.31 19437.5 951.239 870.025 795.33 2017.45 16743.3 8959.63 3419.35 5540.28 2105.63 7783.66 2667.96 643.648 1228.24
internal_count=546095 515677 500437 30418 491854 334799 186728 157055 36704 12604 148071 46388 101683 98587 2362 44026 94682 11143 10697 10325 8583 82145 42561 16815 25746 11023 39584 16618 3508 17814
is_linear=0
shrinkage=0.05


Tree=61
num_leaves=31
num_cat=0
split_feature=20 7 1 28 33 33 33 12 33 33 33 33 33 33 34 33 33 34 12 10 28 33 33 34 33 12 34 33 33 33
split_gain=227.53 184.367 162.352 154.64 196.802 451.656 288.477 129.67 148.33 500.479 370.261 632.354 497.776 405.649 269.964 259.575 256.205 229.845 204.296 179.287 166.567 165.935 491.965 906.658 385.011 447.861 381.746 347.731 267.656 564.751
threshold=0.13997165924775548 -0.17712848127787054 0.086956521739126616 0.039153195493764906 -4548.4999999999991 -4130.4999999999991 -4019.4999999999995 1.0000000180025095e-35 -1941.4999999999998 -1787.4999999999998 -2728.4999999999995 -2793.4999999999995 -2460.4999999999995 -2009.4999999999998 4.0664589915953142 -1454.4999999999998 -2742.4999999999995 2.7245741281253104 0.63571428571428612 0.033664514933993743 0.17852390160007503 -3227.4999999999995 -3634.4999999999995 3.0610489973715933 -2971.4999999999995 2.8285714285714314 4.1658894284560182 -2921.4999999999995 -4287.4999999999991 -4376.4999999999991
decision_type=8 8 8 10 2 2 2 8 2 2 2 2 2 2 2 2 2 2 8 10 8 2 2 2 2 8 2 2 2 2
left_child=-1 3 7 4 -2 -6 -7 -3 10 17 11 20 -12 14 -14 -11 18 -10 -13 -19 21 22 26 -24 25 -23 28 -26 29 -9
right_child=1 2 -4 -5 5 6 -8 8 9 15 12 16 13 -15 -16 -17 -18 19 -20 -21 -22 24 23 -25 27 -27 -28 -29 -30 -31
leaf_value=-0.017241597514866765 0.018975352425217362 -0.016763790594692227 0.0077907993876429431 -0.0048041851847905118 -0.013875772945755351 0.030778125510623196 0.005008714468508025 -0.0078853201494344227 0.055003429636866066 -0.0082995773458093974 -0.024465477409246424 0.086043634548031128 0.0081294302931083709 -0.033616109685688282 -0.014377298144245404 0.005084303713245023 -0.0012056710632345651 0.023629680631382082 0.033536322404860999 -0.004687656476555572 -0.01865282982714862 -0.026314682505921595 0.033299386647350535 -0.00053984579708903752 0.031650505859692223 0.0092389524615908367 0.0063576568082839959 -0.0045434690753256724 -0.014799646389541059 0.030875348973219877
leaf_weight=1867.4744107015431 2331.4871549159288 1380.1885505542159 4937.4559779018164 4628.0171750932932 3152.3191097006202 1149.9232134222984 19546.439513519406 5049.0377880334854 424.0169538334012 6875.4962286502123 4120.2931964471936 256.65453227609396 4618.8688807636499 933.32934314012527 1872.4984095841646 7657.5996022932231 367.87332137674093 1928.2279541194439 665.86588215082884 787.14723490178585 1366.6641029641032 3312.4040498062968 2951.1565013900399 6011.6682054027915 926.34991840273142 1209.073443941772 6614.4464579224586 2339.6736790314317 7292.4294797107577 1154.668315410614
leaf_count=14987 10038 21414 21654 19986 15608 5046 86302 24780 2023 35844 23212 1117 21800 5443 9372 41639 1644 8979 2878 3550 7120 19705 13165 31248 4231 6975 32788 11380 37647 4677
internal_value=5.91288e-05 0.000364327 -0.000972551 0.00362115 0.00511055 0.0037551 0.0064405 -0.00158966 -0.00128496 0.00266322 -0.0026514 -0.000350113 -0.0105286 -0.0027944 0.00163714 -0.00124751 0.0340754 0.0207671 0.0481444 0.0154209 -0.00151216 -0.000876653 0.000859577 0.0106023 -0.0073586 -0.0168074 -0.00348252 0.00572231 -0.00830518 -0.000670969
internal_weight=107729 105861 75053.1 30808.2 26180.2 23848.7 20696.4 70115.6 68735.4 17672.5 51063 39518 11545 7424.7 6491.37 14533.1 1290.39 3139.39 922.52 2715.38 38227.6 36860.9 29073.4 8962.82 7787.5 4521.48 20110.6 3266.02 13496.1 6203.71
internal_count=546252 531265 394285 136980 116994 106956 91348 372631 351217 92035 259182 199355 59827 36615 31172 77483 5639 14552 3995 12529 193716 186596 144305 44413 42291 26680 99892 15611 67104 29457
is_linear=0
shrinkage=0.05


Tree=62
num_leaves=31
num_cat=0
split_feature=5 13 25 32 32 32 28 5 19 12 32 32 34 20 34 12 34 43 43 32 12 38 32 28 43 12 10 13 26 10
split_gain=180.379 261.414 157.884 150.093 219.016 136.571 108.918 124.282 105.147 103.897 96.5257 203.75 185.453 104.231 102.365 101.386 104.883 218.765 141.192 97.5922 86.6532 86.5728 129.27 85.7323 85.2487 97.1308 83.7305 80.3521 79.1531 101.584
threshold=-0.071428571428571216 0.010422354859987297 0.94879112135875054 4.5000000000000009 1.5000000000000002 7.5000000000000009 0.03994880341139307 -0.2760708098159505 -0.19673640532571565 0.79285714285714393 8.5000000000000018 10.500000000000002 2.8094027068525489 0.88531306022451306 4.103469129056033 0.37857142857142823 3.7588718437181075 1.0000000180025095e-35 1.0000000180025095e-35 6.5000000000000009 0.44999999999999979 -0.012806830309608273 9.5000000000000018 0.17181711273975295 2.5000000000000004 0.72857142857142865 0.019601300584765044 0.066265321320437512 0.66710296684118686 0.034277692366837746
decision_type=10 10 10 2 2 2 8 8 8 10 2 2 2 10 2 10 2 2 2 2 8 10 2 10 2 10 10 10 10 10
left_child=6 5 3 4 -3 23 7 -1 -9 -6 13 14 -13 -5 21 -15 17 -17 19 -18 -8 27 -23 -2 25 -14 -11 -12 -10 -30
right_child=1 2 -4 10 9 -7 20 8 28 26 11 12 24 15 -16 16 18 -19 -20 -21 -22 22 -24 -25 -26 -27 -28 -29 29 -31
leaf_value=0.012905997435980891 -0.0068658282762588873 0.0020042502654811938 0.0066631796919551763 0.0066281945072458734 -0.017988313811023709 -0.024776337208547734 0.011229447184498734 0.00027835665115215076 0.0092316815744308868 -0.015190264757493133 -0.01413953756545777 0.018529288209350792 -0.028081602130649554 0.015197928110487946 -0.013310995372279902 -0.041094911328533434 0.043714759486400842 -0.0039941908305592992 0.00036393137638995974 -0.0058377385033156239 -0.0052182616382589492 0.0062882153335398726 -0.0096476436747780676 0.11229749069085743 0.0043870383674381131 -0.002838156631067363 -0.0038042332389850858 0.020009049742293519 -0.0044225492797609952 0.015698167330553858
leaf_weight=3401.2830542176962 2273.4669673964381 6060.2842503413558 6285.9728205278516 8534.1196030452847 2882.7790527828038 1702.2872510887682 923.40129297226667 16873.206629317254 7984.5722550824285 2227.0447512790561 2172.8779918700457 1600.3686980754137 435.22454363852739 926.70138962566853 4003.6384244635701 432.68032740056515 333.22079883515835 4863.5444412082434 4829.0030684247613 141.58066821098328 6030.350903943181 3258.7471554502845 2087.950713455677 15.194695763289927 4580.5014174729586 3062.261274151504 5871.9011683091521 187.09571273624897 2709.0989233180881 816.33031475543976
leaf_count=14564 23935 29841 27183 39304 18562 20425 4257 81425 38846 16053 11486 7191 2509 4333 21024 1776 1351 21970 22611 571 28363 15418 10070 132 20465 14762 31215 796 12314 3467
internal_value=-9.46995e-05 -0.00163186 -0.000866679 -0.0016759 -0.00562595 -0.0140516 0.00263409 0.00387417 0.00279185 -0.00983669 -5.18318e-05 -0.00238859 0.00297939 0.0024396 -0.00682513 -0.000661537 -0.00204804 -0.00702517 0.00292197 0.0289387 -0.00303414 -0.0034557 6.50681e-05 -0.00607469 -0.000101281 -0.00597943 -0.00693516 -0.0114323 0.00647652 0.000236501
internal_weight=107507 68768.4 64777.5 58491.5 17042 3990.95 38738.2 31784.5 28383.2 10981.7 41449.5 21388.7 9678.36 20060.9 11710.3 11526.7 10600 5296.22 5303.8 474.801 6953.75 7706.67 5346.7 2288.66 8077.99 3497.49 8098.95 2359.97 11510 3525.43
internal_count=546219 362983 318491 291308 95671 44492 183236 150616 136052 65830 195637 103721 44927 91916 58794 52612 48279 23746 24533 1922 32620 37770 25488 24067 37736 17271 47268 12282 54627 15781
is_linear=0
shrinkage=0.05


Tree=63
num_leaves=31
num_cat=0
split_feature=37 8 1 11 32 34 32 25 26 43 28 34 7 5 38 32 13 8 43 11 34 28 13 26 34 13 32 34 34 32
split_gain=195.727 168.017 186.047 171.43 278.229 139.013 125.712 163.208 130.446 163.659 101.795 181.074 129.827 97.8787 107.816 121.842 113.591 97.2599 97.0592 129.382 123.108 85.4058 108.131 81.2189 76.8052 75.8654 75.1473 129.316 102.243 75.0918
threshold=-0.07153175726962395 0.003004292398882336 -1.0000000180025095e-35 0.34707310947928471 7.5000000000000009 2.4379801953848275 11.500000000000002 0.96823103036975877 0.57307141282785989 3.5000000000000004 0.011703466215219211 2.1575426144600001 -0.0099984379881287704 -0.065637065637064659 -0.0090864632909904968 9.5000000000000018 0.028322249867350168 0.21629117350744834 3.5000000000000004 1.1316009722021712 3.3995279310293984 0.01846472048338273 0.073358735575634104 0.070996785740375504 4.0664589915953142 0.060757064428358799 4.5000000000000009 6.4650554357846897 7.1165158891055471 1.5000000000000002
decision_type=10 8 10 8 2 2 2 10 8 2 10 2 8 8 10 2 10 10 2 8 2 10 10 10 2 10 2 2 2 2
left_child=18 2 -2 4 17 10 7 13 9 -8 -4 -12 -13 -5 16 26 -15 23 19 25 -20 24 -23 -3 -17 -1 27 -16 -28 -21
right_child=1 3 5 6 -6 -7 8 -9 -10 -11 11 12 -14 14 15 21 -18 -19 20 29 -22 22 -24 -25 -26 -27 28 -29 -30 -31
leaf_value=0.011079057399670885 -0.00227049734840602 0.00942082552219046 -0.0045824489894884298 0.0012150028634588825 -0.022427931520705192 -0.023241149858823348 0.00029751056346465662 0.0088882978196421665 -0.00085754757597383672 0.020203937175132129 -0.01893454359163067 0.068778113411261374 0.25122532556163318 -0.010985756313645484 -0.0043835261121215737 0.0035291933435871881 -0.0023442317808939693 -0.014409080743839259 0.0095737000070416217 0.030759268211754221 -0.011822284357165088 -0.018118698034241928 0.017087108864389456 0.050363997889260798 -0.01289456213076144 0.026654349644774467 0.0022821191331486171 0.024649917007099675 -0.026340680344603053 0.00015491524077553614
leaf_weight=3847.2103948667645 5140.6132822223008 155.69303549081087 269.68296682462096 23072.650228746235 287.15375407040119 2254.3897172696888 1807.6480539143085 3985.5199756622314 4100.7761334329844 2407.8477871865034 40.088873073458672 30.34003097191453 14.368157252669333 6882.0866309255362 10529.877217020839 1971.6725643835962 8499.0833395645022 88.295773185789585 1239.8183062970638 212.40894658118486 1468.7184842005372 2299.4642186686397 240.95849551260471 545.54363593459129 1114.06350011006 981.23342555761337 19706.365558154881 398.02361078187823 317.01652982458472 3554.4540755599737
leaf_count=17354 30711 832 2656 109036 2342 28354 8717 17084 17594 10682 330 228 182 40610 57284 9626 42224 426 5462 932 6412 10832 989 2908 6009 4125 90639 2458 1868 17553
internal_value=1.42715e-06 -0.00073019 -0.00778953 -0.000111409 0.0197179 -0.0186644 -0.000355874 -0.000971297 0.00549155 0.0116679 0.0104421 0.058225 0.127412 -0.00149502 -0.00269843 -0.00122146 -0.00621076 0.0350464 0.00622512 0.00882595 -0.00202839 -0.00798999 -0.0147794 0.0412735 -0.00240038 0.0142443 8.88816e-06 -0.00332605 0.00182895 0.00188066
internal_weight=107463 96159.2 7749.48 88409.7 1076.69 2608.87 87333.1 79016.8 8316.27 4215.5 354.48 84.7971 44.7082 75031.3 51958.6 36577.4 15381.2 789.532 11303.8 8595.31 2708.54 5626.16 2540.42 701.237 3085.74 4828.44 30951.3 10927.9 20023.4 3766.86
internal_count=546459 494621 62461 432160 6508 31750 425652 388659 36993 19399 3396 740 410 371575 262539 179705 82834 4166 51838 39964 11874 27456 11821 3740 15635 21479 152249 59742 92507 18485
is_linear=0
shrinkage=0.05


end of trees

feature_importances:
Column_33=670
Column_32=328
Column_34=143
Column_10=104
Column_5=93
Column_43=83
Column_12=62
Column_38=59
Column_7=56
Column_28=49
Column_9=44
Column_13=44
Column_8=35
Column_26=23
Column_11=21
Column_37=19
Column_25=14
Column_0=12
Column_20=11
Column_2=8
Column_3=8
Column_1=7
Column_19=6
Column_35=6
Column_29=5
Column_39=4
Column_4=1
Column_6=1
Column_14=1
Column_17=1
Column_21=1
Column_22=1

parameters:
[boosting: gbdt]
[objective: binary]
[metric: binary_logloss]
[tree_learner: serial]
[device_type: cpu]
[data_sample_strategy: bagging]
[data: ]
[valid: ]
[num_iterations: 500]
[learning_rate: 0.05]
[num_leaves: 31]
[num_threads: 2]
[seed: 42]
[deterministic: 0]
[force_col_wise: 0]
[force_row_wise: 0]
[histogram_pool_size: -1]
[max_depth: -1]
[min_data_in_leaf: 100]
[min_sum_hessian_in_leaf: 0.001]
[bagging_fraction: 0.8]
[pos_bagging_fraction: 1]
[neg_bagging_fraction: 1]
[bagging_freq: 1]
[bagging_seed: 400]
[bagging_by_query: 0]
[feature_fraction: 0.8]
[feature_fraction_bynode: 1]
[feature_fraction_seed: 30056]
[extra_trees: 0]
[extra_seed: 12879]
[early_stopping_round: 0]
[early_stopping_min_delta: 0]
[first_metric_only: 0]
[max_delta_step: 0]
[lambda_l1: 0]
[lambda_l2: 0]
[linear_lambda: 0]
[min_gain_to_split: 0]
[drop_rate: 0.1]
[max_drop: 50]
[skip_drop: 0.5]
[xgboost_dart_mode: 0]
[uniform_drop: 0]
[drop_seed: 17869]
[top_rate: 0.2]
[other_rate: 0.1]
[min_data_per_group: 100]
[max_cat_threshold: 32]
[cat_l2: 10]
[cat_smooth: 10]
[max_cat_to_onehot: 4]
[top_k: 20]
[monotone_constraints: ]
[monotone_constraints_method: basic]
[monotone_penalty: 0]
[feature_contri: ]
[forcedsplits_filename: ]
[refit_decay_rate: 0.9]
[cegb_tradeoff: 1]
[cegb_penalty_split: 0]
[cegb_penalty_feature_lazy: ]
[cegb_penalty_feature_coupled: ]
[path_smooth: 0]
[interaction_constraints: ]
[verbosity: -1]
[saved_feature_importance_type: 0]
[use_quantized_grad: 0]
[num_grad_quant_bins: 4]
[quant_train_renew_leaf: 0]
[stochastic_rounding: 1]
[linear_tree: 0]
[max_bin: 255]
[max_bin_by_feature: ]
[min_data_in_bin: 3]
[bin_construct_sample_cnt: 200000]
[data_random_seed: 175]
[is_enable_sparse: 1]
[enable_bundle: 1]
[use_missing: 1]
[zero_as_missing: 0]
[feature_pre_filter: 1]
[pre_partition: 0]
[two_round: 0]
[header: 0]
[label_column: ]
[weight_column: ]
[group_column: ]
[ignore_column: ]
[categorical_feature: ]
[forcedbins_filename: ]
[precise_float_parser: 0]
[parser_config_file: ]
[objective_seed: 16083]
[num_class: 1]
[is_unbalance: 0]
[scale_pos_weight: 1]
[sigmoid: 1]
[boost_from_average: 1]
[reg_sqrt: 0]
[alpha: 0.9]
[fair_c: 1]
[poisson_max_delta_step: 0.7]
[tweedie_variance_power: 1.5]
[lambdarank_truncation_level: 30]
[lambdarank_norm: 1]
[label_gain: ]
[lambdarank_position_bias_regularization: 0]
[eval_at: ]
[multi_error_top_k: 1]
[auc_mu_weights: ]
[num_machines: 1]
[local_listen_port: 12400]
[time_out: 120]
[machine_list_filename: ]
[machines: ]
[gpu_platform_id: -1]
[gpu_device_id: -1]
[gpu_use_dp: 0]
[num_gpu: 1]

end of parameters

pandas_categorical:null
