tree
version=v4
num_class=1
num_tree_per_iteration=1
label_index=0
max_feature_idx=43
objective=binary sigmoid:1
feature_names=Column_0 Column_1 Column_2 Column_3 Column_4 Column_5 Column_6 Column_7 Column_8 Column_9 Column_10 Column_11 Column_12 Column_13 Column_14 Column_15 Column_16 Column_17 Column_18 Column_19 Column_20 Column_21 Column_22 Column_23 Column_24 Column_25 Column_26 Column_27 Column_28 Column_29 Column_30 Column_31 Column_32 Column_33 Column_34 Column_35 Column_36 Column_37 Column_38 Column_39 Column_40 Column_41 Column_42 Column_43
feature_infos=[-0.12:0.12000000000000011] [-0.27172392675394719:0.4049280000000004] [-0.4065934065934067:0.63520000000000043] [-0.5228070175438595:1.6033777777777782] [-0.51967213114754085:5.8409090909090926] [-0.78388652584479956:10.172413793103448] [0:99.999999998987491] [-0.92298657718120802:0] [0:11.530303030303031] [0:0.11258566415786367] [0:0.10750550575190457] [0:3445.3822046328423] [-2.5376526277146434e-16:496.55000000000007] [-4.2327252813834091e-17:0.27909186019549898] [0:20] none none [0:5] none [-3.1716658503399993:4.3643552680209208] [7.3304783253464089e-06:4.1994108179251359] [-0.99999999999999867:0.99999999999999989] [0:45.798946525421698] none none [0.0025575447570332483:1] [0.0026041666666666665:1] none [-0.33078749247831551:1.4627374711935675] [-1.4098740350702195:5.5435411369415526] none [1:7] [1:12] [-5029:-875] [0.53062825106217038:8.692439779538228] [-0.9000484848484851:8.9927378358748484] [0:1] [-0.89911730696202941:1.2028688524587903] [-0.91006978897857493:1.6658353162736668] [0:1] none none none [0:7]
tree_sizes=3555 3585 3573 3580 3598 3599 3599 3574 3570 3585 3583 3579 3583 3598 3600 3584 3596 3578 3577 3604 3576 3613 3587 3594 3613 3596 3594 3604 3566 3579 3569 3571 3593 3584 3609 3569 3576 3613 3573 3617 3584 3585 3571 3562 3586 3574 3611 3554 3582 3553 3568 3558 3575 3586 3589 3575 3583 3599 3591 3596 3593 3586 3581 3594 3575 3577 3584 3609 3586 3614 3565 3608 3568 3600 3583 3578 3567 3574 3582 3575 3579 3620 3553 3567

Tree=0
num_leaves=31
num_cat=0
split_feature=13 10 10 38 28 20 10 3 38 13 32 0 13 3 28 7 7 28 32 36 10 19 7 19 19 38 32 32 43 38
split_gain=19050.7 5693.99 4927.38 1732.03 1159.37 1088.68 1318.6 1005.6 1057.05 859.976 580.508 554.951 491.602 468.058 422.829 499.495 395.217 406.85 348.918 346.695 318.866 318.281 284.438 244.089 237.559 228.135 227.464 226.937 226.678 230.457
threshold=0.025721734712406737 0.012268960425933386 0.027376969283260413 -0.12367372179445395 0.048482987828667508 0.24386518982733443 0.023933232211521535 -0.12868392102368134 0.1866405181503589 2.2898349882893855e-17 3.5000000000000004 0.095238095238095469 0.042771978225751621 -0.1242236024844721 0.03698161283647531 -0.1937942997526684 -0.28273909463046465 0.040449905443783858 2.5000000000000004 0.999589153656532 0.020480932261270946 -0.42609352422195768 -0.28628830443346576 -1.0000000180025095e-35 -0.12730825861581696 -0.086680087322778751 3.5000000000000004 8.5000000000000018 1.0000000180025095e-35 0.10896442309746636
decision_type=10 8 10 8 10 8 10 10 10 10 2 10 10 10 10 8 10 10 2 2 10 10 10 8 10 8 2 2 2 8
left_child=1 9 3 13 12 -3 11 22 10 -1 18 14 20 -2 15 -7 -12 -18 -9 -10 25 -8 -4 26 -22 -5 -6 -19 -14 -30
right_child=2 5 7 4 23 6 21 8 19 -11 16 -13 28 -15 -16 -17 17 27 -20 -21 24 -23 -24 -25 -26 -27 -28 -29 29 -31
leaf_value=-0.80782521745077662 -0.67521067139085256 -0.78690803951505528 -0.66534005706909327 -0.73472208565057051 -0.75313428416182215 -0.74103747868855718 -0.74241386130851672 -0.72452596354576548 -0.69844013668631633 -0.78264162588668162 -0.6984853002717496 -0.62177828836322246 -0.75726701137209884 -0.71543279733742882 -0.74490569953787678 -0.76581507303620988 -0.72348755877801052 -0.69942208935544614 -0.74943582714288737 -0.65304235270730893 -0.74851375267058373 -0.71973313991051968 -0.69804303759338748 -0.71988580447706085 -0.73291926470245738 -0.75706054911910825 -0.72864408466280128 -0.7183833775038585 -0.73580028921563212 -0.71224231880954458
leaf_weight=6286.3351908624172 1018.0291053950787 2503.8663030266762 1217.8312532007694 1278.3839828968048 1258.7098107933998 2360.6820504963398 3464.6217074096203 5348.0957834422588 4789.5678976178169 7357.4845609366894 3203.1738203465939 74.106048256158829 969.93668469786644 2498.1826533079147 4339.2479583621025 14698.573978453875 10897.742529988289 3646.7171003222466 1907.0830825567245 461.03143295645714 6641.1260944604874 2794.38824442029 1464.4142102301121 6135.937075227499 3862.4771877229214 10788.004370033741 3842.5844137072563 2781.7093335092068 5624.189998626709 1273.1375370025635
leaf_count=28757 4657 11454 5571 5848 5758 10799 15849 24465 21910 33657 14653 339 4437 11428 19850 67239 49852 16682 8724 2109 30380 12783 6699 28069 17669 49350 17578 12725 25728 5824
internal_value=-0.740904 -0.767432 -0.726517 -0.737487 -0.74033 -0.755333 -0.752482 -0.712638 -0.715028 -0.794245 -0.718916 -0.758369 -0.745397 -0.703788 -0.758842 -0.762386 -0.71462 -0.717603 -0.731074 -0.694454 -0.749149 -0.732288 -0.683195 -0.726605 -0.742779 -0.754694 -0.734687 -0.707627 -0.734635 -0.731452
internal_weight=124787 43879.3 80908.1 45190.7 41674.5 30235.5 27731.6 35717.4 33035.1 13643.8 27784.5 21472.6 30437.3 3516.21 21398.5 17059.3 20529.3 17326.2 7255.18 5250.6 22570 6259.01 2682.25 11237.2 10503.6 12066.4 5101.29 6428.43 7867.26 6897.33
internal_count=570843 200727 370116 206726 190641 138313 126859 163390 151120 62414 127101 98227 139236 16085 97888 78038 93912 79259 33189 24019 103247 28632 12270 51405 48049 55198 23336 29407 35989 31552
is_linear=0
shrinkage=1


Tree=1
num_leaves=31
num_cat=0
split_feature=10 13 13 37 10 38 20 33 33 37 5 7 13 13 37 4 5 0 28 33 9 5 28 5 3 0 43 28 0 43
split_gain=17456.7 5497.13 3393.29 1964.76 1443.27 1401.55 947.328 789.291 723.089 717.96 952.185 717.236 668.534 531.222 460.863 395.466 385.063 377.86 373.794 363.127 345.485 338.622 319.7 338.894 304.516 300.43 253.858 252.808 233.54 217.444
threshold=0.01605121195151633 0.037428545164291886 0.011538461538460576 -0.094685784738667053 0.02485154700324646 0.1866405181503589 0.14232751352153752 -4558.9999999999991 -4854.4999999999991 0.0099931953663079404 -0.13418990177686382 -0.26428225694924623 0.028723680844848137 0.0040686595624544542 0.040394374663374373 -0.096938775510204175 -0.12999999999999992 0.095238095238095469 0.14272263751750938 -4854.4999999999991 0.035162816870569595 -0.096638655462197839 0.053738528492729573 -0.11428571428571437 -0.170232081302746 0.084080852775543682 3.5000000000000004 0.074398071211682709 0.07272727272727332 1.5000000000000002
decision_type=8 10 10 8 10 10 10 2 2 8 8 10 10 10 10 10 10 10 10 2 10 10 10 10 10 10 2 10 10 2
left_child=2 4 21 19 9 8 -6 -8 -5 10 29 -10 22 -12 20 -14 -9 26 -18 -3 -13 -1 23 -4 -21 -7 -11 -15 -16 -2
right_child=1 3 12 5 6 25 7 16 11 17 13 14 15 27 28 -17 18 -19 -20 24 -22 -23 -24 -25 -26 -27 -28 -29 -30 -31
leaf_value=-0.026697254224366453 0.039144916909935233 -0.0097833926686318948 -0.011141160734948807 -0.024830707588774564 -0.043882695135887169 0.03673803578557984 0.043040317208632217 0.022385585058598972 0.034582428343927739 -0.0081726714369905751 -0.053777252129045564 0.005600965565646294 0.033798310814718215 -0.017533153180341272 0.020571356241777566 -0.01097457542432847 0.0021173774210976105 0.099853466674715646 0.046206424930058429 0.077148236006462839 0.020076803662764882 -0.06135347825219626 -0.0091272767665952544 -0.034461280296377364 0.048187513329392181 0.070205799778999212 0.0098037570839669616 0.0057258441399448811 0.049983660017586966 0.0030794472872869736
leaf_weight=765.0401271879673 456.97053405642509 212.84627670049667 1853.0133733153343 1090.4058127850294 783.03175595402718 5571.9334771633148 1867.521654188633 3809.9895617961884 4748.1482707411051 3061.7515300661325 974.00510188937187 15181.837367147207 562.87000176310539 15778.70833529532 8694.8904348015785 3984.3365487158298 10996.446846023202 102.6712366938591 502.71831367909908 1313.8032432943583 5657.7899828255177 8958.0259000509977 2004.4351421147585 9782.4798023700714 2936.2950080484152 762.28507822751999 5477.2182933092117 1261.7052562236786 731.69955496490002 4892.086897611618
leaf_count=3559 2086 973 8535 5008 3640 25154 8492 17335 21509 14055 4512 69205 2561 72536 39522 18256 50108 457 2280 5883 25700 41839 9220 45231 13251 3413 25076 5764 3324 22394
internal_value=5.83357e-05 0.010097 -0.0347826 0.0223909 -0.00144316 0.0190723 0.00990097 0.0123528 0.0152664 -0.00780893 -0.0123634 0.0165151 -0.0220353 -0.0178638 0.0136807 -0.00543242 0.00860931 0.00450455 0.00404485 0.0539482 0.00953104 -0.0586266 -0.0275703 -0.0307474 0.0571399 0.0407657 0.00335809 -0.015811 0.0228544 0.00616052
internal_weight=124777 96866.8 27910.2 46901.9 49964.8 42439 17959.7 17176.7 36104.8 32005.1 23363.5 35014.4 18187.1 18014.4 30266.2 4547.21 15309.2 8641.64 11499.2 4462.94 20839.6 9723.07 13639.9 11635.5 4250.1 6334.22 8538.97 17040.4 9426.59 5349.06
internal_count=570878 441677 129201 212942 228735 192835 81855 78215 164268 146880 107292 159260 83803 82812 137751 20817 69723 39588 52388 20107 94905 45398 62986 53766 19134 28567 39131 78300 42846 24480
is_linear=0
shrinkage=0.05


Tree=2
num_leaves=31
num_cat=0
split_feature=13 13 9 5 38 7 9 38 37 8 33 19 1 1 8 33 33 8 3 2 36 33 33 33 33 33 33 33 33 19
split_gain=15920.4 4371.96 3315.4 1441.64 1406.07 1098.11 1085.67 1034.62 842.764 760.212 595.473 423.604 430.985 411.652 392.062 386.647 380.294 368.643 351.251 347.576 342.355 333.238 333.761 504.326 307.117 273.426 438.036 224.896 218.441 217.236
threshold=0.025721734712406737 2.2898349882893855e-17 0.026201556358234925 -0.12999999999999992 -0.10433650300358431 -0.28273909463046465 0.012986986537429702 0.20399273981755997 0.029742268982655643 0.05399115195712046 -4854.4999999999991 0.16309804492079813 -0.073860045993796405 -0.076923076923077024 0.13864467802810745 -4518.4999999999991 -4684.4999999999991 0.077493240097508811 -0.097560975609756115 0.24437776054485863 0.999589153656532 -2374.4999999999995 -2730.4999999999995 -2765.4999999999995 -2332.4999999999995 -2304.9999999999995 -2129.4999999999995 -2390.4999999999995 -4257.4999999999991 -0.20631806396018773
decision_type=10 8 10 8 8 8 8 10 10 8 2 10 10 10 10 2 2 10 10 8 2 2 2 2 2 2 2 2 2 8
left_child=1 9 4 15 18 13 17 10 21 -1 -7 12 -12 -4 29 -3 -14 28 27 -11 -9 22 23 -6 -23 -26 -27 -2 -5 -8
right_child=2 3 5 6 8 7 14 20 -10 19 11 -13 16 -15 -16 -17 -18 -19 -20 -21 -22 24 -24 -25 25 26 -28 -29 -30 -31
leaf_value=-0.061584618874412023 0.03522678993793818 0.04418904980164181 0.075488772122886322 -0.009772289773378226 -0.0064604964992366707 -0.026773200811428977 -0.020784514838557294 0.035832451976387764 0.012739915961700097 -0.023051412191596315 0.038647116165692358 0.026336959738160606 0.041283134362890134 0.038190569743117138 0.0035307804070456974 0.0022145348135248653 0.0093703837375928908 -0.015548128922078 0.018448242411407269 0.12309516920105415 0.078747728601764364 0.057208940479637239 -0.024852365352014932 0.10811047400327967 -0.05248720879194424 0.070054250412546121 0.0011900061656056117 0.07538748155653012 -0.037480283492885923 -0.0063739357950232129
leaf_weight=7716.8057482838631 1207.9328085631132 618.41398249566555 893.7447823882103 765.84025020897388 15869.762232616544 783.12650969624519 7907.9278411865234 5022.7544276118279 9238.8434074670076 1080.3417565971613 1542.7782987356186 9093.8355837613344 987.51376320421696 4293.8772927075624 3275.5848934799433 4862.2105430364609 17078.678607553244 2947.1769861578941 3053.3540441244841 42.274864181876183 512.1030443161726 256.48930886387825 2674.4650065004826 96.635899931192398 226.7799067646265 237.71399967372417 8079.8087067902088 490.00293637812138 9991.2798160761595 3907.4522065371275
leaf_count=36895 5399 2803 3934 3563 72725 3612 36615 22390 41972 5033 6933 41023 4447 19134 15026 22289 77330 13684 13820 182 2236 1171 12245 441 1037 1075 36954 2186 46828 18041
internal_value=-6.08543e-05 -0.0246392 0.0129193 -0.0165537 0.00299324 0.0231474 -0.0210273 0.0199672 -0.000321848 -0.0559919 0.0162438 0.0174174 0.0132809 0.0446165 -0.0117755 0.00695079 0.0111148 -0.0312153 0.0285861 -0.0175479 0.0398031 -0.00471938 -0.00850529 -0.00576706 0.00329951 0.00168122 0.00315814 0.0468167 -0.0355076 -0.0160188
internal_weight=124756 43115.3 81640.2 34275.9 41431.8 40208.4 28795.3 35020.8 36680.5 8839.42 29485.9 28702.8 19609 5187.62 15091 5480.62 18066.2 13704.3 4751.29 1122.62 5534.86 27441.7 18640.9 15966.4 8800.79 8544.3 8317.52 1697.94 10757.1 11815.4
internal_count=571023 200959 370064 158849 189025 181039 133757 157971 167620 42110 133345 129733 88710 23068 69682 25092 81777 64075 21405 5215 24626 125648 85411 73166 40237 39066 38029 7585 50391 54656
is_linear=0
shrinkage=0.05


Tree=3
num_leaves=31
num_cat=0
split_feature=9 9 12 7 28 37 28 7 20 19 7 19 2 37 33 33 33 33 43 9 32 19 0 33 33 11 32 32 1 33
split_gain=14073.3 4125.26 2389.66 1265.85 1290.9 1141.21 1150.78 1004.48 696.572 604.638 593.318 504.245 479.971 471.139 468.236 402.235 385.693 574.483 341.13 331.219 312.073 281.876 269.615 259.971 266.089 259.078 312.675 326.499 258.611 250.217
threshold=0.012741533393725175 0.025780939895448541 1.0000000180025095e-35 -0.20491515674431979 0.048482987828667508 -0.11679511593351231 0.10162492986174668 -0.14276185192607763 0.11060122363428011 -0.10611207199340196 -0.26971282172801447 0.22351852779617459 0.007352941176470674 -0.073832179892197244 -2159.4999999999995 -4770.4999999999991 -2226.4999999999995 -1773.9999999999998 3.5000000000000004 0.035683861805230858 4.5000000000000009 -0.036484087340064059 0.084080852775543682 -4684.4999999999991 -3540.4999999999995 0.45767100897893337 8.5000000000000018 4.5000000000000009 -0.073860045993796405 -2390.4999999999995
decision_type=8 10 10 8 10 10 10 8 10 8 8 10 10 10 2 2 2 2 2 10 2 8 10 2 2 10 2 2 10 2
left_child=2 3 14 13 9 28 8 15 -7 20 -10 19 -9 29 18 -4 23 -18 -1 -12 -5 -6 -13 -8 -25 26 27 -17 -3 -2
right_child=1 5 7 4 21 6 16 12 10 -11 11 22 -14 -15 -16 25 17 -19 -20 -21 -22 -23 -24 24 -26 -27 -28 -29 -30 -31
leaf_value=-0.031631435576881979 0.025229947469480526 0.069006420997526616 0.068989316313692081 -0.022667625316105239 0.0020690968085115597 -0.044512142853356113 0.047600163660751302 -0.036199030112828864 0.031540993298410994 -0.00085890409903000258 0.0026690491771908138 0.019086028442913912 -0.016172464187131093 0.0092134042344066604 -0.06350941014487925 -0.0059928711920858822 0.056718429680892947 0.012401707197490505 0.085583831937436308 0.015798771057761479 -0.0098592541437720217 0.018005133508781121 0.04849574099100977 0.0014436484403902551 0.029799078741201458 -0.015265199621548384 -0.029019011394261125 0.050383737336906036 0.037633363531398518 0.062014096894770269
leaf_weight=249.41973415017128 1801.9574459344149 1174.7707794755697 182.04403340816498 7685.3690775185823 5334.3335812836885 506.59952245652676 928.08977167308331 10853.728966116905 4460.7160584628582 12836.235744506121 12661.365007549524 7912.4203377068043 4130.4379118680954 7272.7467931807041 5805.2420829534531 469.4990149140358 2968.2496914565563 970.33519208431244 82.636487290263176 7739.4774838984013 12475.154671832919 5783.1461223959923 864.43535892665386 1440.6396037191153 1943.5245247632265 2955.2446038126945 364.05879908800125 566.92871594429016 1489.956118285656 621.85596658289433
leaf_count=1155 8039 5104 821 35537 24382 2413 4116 51506 19769 58897 57455 35444 19378 33033 28521 2200 13162 4322 380 34730 57679 26152 3812 6420 8660 13718 1703 2592 6557 2756
internal_value=2.02796e-06 0.00856485 -0.0329926 -0.000781115 -0.00437651 0.0197257 0.0177308 -0.0244372 0.0136814 -0.00934122 0.0145578 0.0119614 -0.0306786 0.015576 -0.0602064 -0.00382734 0.0344887 0.0458003 -0.0024609 0.00765008 -0.0147419 0.0103588 0.0219826 0.0241573 0.0177282 -0.00687065 0.0108432 0.0248453 0.0514645 0.0346673
internal_weight=124531 98871.4 25659.2 53810.8 44114.2 45060.6 42395.9 19521.9 34145 32996.8 33638.4 29177.7 14984.2 9696.56 6137.3 4537.78 8250.84 3938.58 332.056 20400.8 20160.5 11117.5 8776.86 4312.25 3384.16 4355.73 1400.49 1036.43 2664.73 2423.81
internal_count=570413 448439 121974 246475 202647 201964 190303 91918 153623 152113 151210 131441 70884 43828 30056 21034 36680 17484 1535 92185 93216 50534 39256 19196 15080 20213 6495 4792 11661 10795
is_linear=0
shrinkage=0.05


Tree=4
num_leaves=31
num_cat=0
split_feature=10 10 13 19 20 38 28 3 33 13 4 28 38 32 19 33 28 38 5 5 5 32 10 10 33 33 32 32 33 33
split_gain=13752.9 4251.84 2978.75 1455.07 988.89 831.121 748.642 855.592 679.605 644.733 572.14 563.064 562.097 521.478 434.693 355.45 352.616 341.132 375.686 323.289 309.177 290.313 268.751 238.611 229.305 437.546 222.946 218.995 200.957 193.209
threshold=0.01615608793676809 0.027376969283260413 0.011538461538460576 -0.13747363836577967 0.11060122363428011 -0.093107617896094216 0.12261224218099294 -0.1204939087894125 -4854.4999999999991 0.0079999999999993774 -0.098765432098765246 0.071223447204953744 -0.14836488991103411 4.5000000000000009 0.51309679998301083 -4558.9999999999991 0.069626720293605046 0.033944596176326509 -0.075209394149619843 -0.23958333333333295 -0.094972067039105865 10.500000000000002 0.032491703736845595 0.012918413842818537 -1773.9999999999998 -2189.4999999999995 1.5000000000000002 3.5000000000000004 -1352.4999999999998 -2159.4999999999995
decision_type=8 10 10 10 10 10 10 10 2 10 10 10 8 2 10 2 10 8 8 10 10 2 10 10 2 2 2 2 2 2
left_child=2 3 20 5 -3 8 7 -6 -2 -7 -4 23 -5 26 15 -9 -15 18 -14 -10 -1 22 -17 -12 25 -8 -11 -25 -23 -27
right_child=1 4 10 12 6 9 24 14 19 13 11 -13 17 16 -16 21 -18 -19 -20 -21 -22 28 -24 27 -26 29 -28 -29 -30 -31
leaf_value=-0.024197235825148426 -0.018806549998267894 -0.042183101477739023 0.015211466610473918 0.047130665621250789 0.043394842556778973 -0.045800080607100585 0.027927510987928911 0.032458321885155739 0.033526668402915218 -0.004907591160214695 -0.032230673524579929 0.0028348442604650701 0.011700152610251422 -0.0070601533618432468 0.027317723226075587 0.0017009644420907745 0.01292464264841045 0.015535157160151775 -0.0052346583304950034 0.0077946357320988454 -0.057444227533656779 0.026854156972138922 0.014191318298640541 -0.032285639041181355 0.0095522918483025299 0.1076145455435553 -0.023428333066079443 -0.014419689185699467 -0.0043982351008325224 0.053323552664928921
leaf_weight=763.14657370746136 1695.0937087237835 609.74680955708027 1105.3430459052324 953.44172288477421 3310.3643088936806 1259.2970455884933 2629.4510553926229 2228.5979491025209 1982.7874290198088 2148.0940484851599 6736.1092567145824 2027.4273326545954 6238.7356059998274 13559.289680823684 7353.2768125385046 7838.2362895607948 2636.3562111109495 8794.0948137789965 6893.7086908370256 3175.5012479275465 8353.7501893043518 3939.1141581535339 9558.5265233814716 2412.1096428781748 602.71667757630348 176.34814824163914 6671.1699044704437 5936.8829084485769 591.62674978375435 2316.7740943729877
leaf_count=3691 7869 2956 5035 4171 14385 6091 11589 9911 8832 9898 32106 9360 28364 62630 32621 35374 11939 39526 31633 14326 41786 17574 42785 11324 2668 771 30960 27808 2657 10090
internal_value=2.24699e-06 0.00881672 -0.0313291 -0.000149226 0.0210185 -0.00684685 0.021969 0.0192139 0.00865985 -0.0108916 -0.0196528 -0.0219048 0.00954817 -0.00913427 0.0166735 0.0134333 -0.00380699 0.00791395 0.00281044 0.0176857 -0.0546612 0.0114997 0.0085637 -0.0252298 0.0387243 0.0421566 -0.0189173 -0.0195813 0.0227732 0.0571638
internal_weight=124497 97162.3 27334.8 56007.6 41154.8 33127.6 40545 34819.7 6853.38 26274.2 18217.9 17112.5 22880 25014.9 31509.4 24156.1 16195.6 21926.5 13132.4 5158.29 9116.9 21927.5 17396.8 15085.1 5725.29 5122.57 8819.26 8348.99 4530.74 2493.12
internal_count=570730 439620 131110 256239 183381 152545 180425 155307 31027 121518 85633 80598 103694 115427 140922 108301 74569 99523 59997 23158 45477 98390 78159 71238 25118 22450 40858 39132 20231 10861
is_linear=0
shrinkage=0.05


Tree=5
num_leaves=31
num_cat=0
split_feature=10 10 13 5 37 37 28 43 20 13 13 32 0 37 5 4 5 1 28 28 5 43 10 37 32 28 37 32 43 32
split_gain=12460.2 3882.32 2759.2 1141.07 1370.36 1010.89 1084.84 741.035 717.692 540.628 518.162 446.096 397.525 347.109 409.083 318.328 301.792 264.376 264.013 263.128 266.525 245.174 237.393 227.277 226.386 213.262 211.42 187.518 246.501 162.644
threshold=0.01605121195151633 0.026428700963712505 0.010984046871298603 -0.1569073522905525 0.016159448825438742 -0.08380681099813557 0.099167541588620581 1.5000000000000002 0.11060122363428011 0.0056114738589181047 0.028570137663621858 4.5000000000000009 0.089413984329917109 0.10705278471275227 -0.16452920531487178 -0.096938775510204175 -0.086538461538461883 -0.10151330101904309 0.074398071211682709 0.074398071211682709 -0.1179594557637083 3.5000000000000004 0.032491703736845595 -0.07209244117848311 3.5000000000000004 0.071223447204953744 0.0088766880348482031 8.5000000000000018 5.5000000000000009 7.5000000000000009
decision_type=8 10 10 8 8 10 10 2 10 10 10 2 10 10 10 10 10 10 10 10 10 2 10 10 2 10 10 2 2 2
left_child=2 3 16 7 9 17 8 -2 -7 -5 19 -11 21 14 -10 -12 -1 -3 -13 20 -4 -6 26 -9 -8 -17 -16 28 -26 -30
right_child=1 5 10 4 12 6 24 23 13 11 15 18 -14 -15 22 25 -18 -19 -20 -21 -22 -23 -24 -25 27 -27 -28 -29 29 -31
leaf_value=-0.0251597161274279 0.055474582155817256 0.067381237415560707 -0.0084794358209695272 -0.044267686396924404 -0.001995927837800531 -0.041430619120518292 0.014683913650256076 0.027580401908883806 0.024217049492375849 -0.017616225124858043 0.029885706119633693 -0.0065341785297791961 0.060718020364260376 0.029751669712337482 -0.00091145721458558255 -0.015155048299694327 -0.056846916070055792 0.035505359178030445 0.013174260787391949 -0.0020603808019146836 -0.029547619940007604 0.011491758616179003 0.014020884494205691 0.0056621270333117183 0.049474082506172828 0.015170437008625363 0.012797129768461613 0.02600636653184793 -0.015269178018142329 0.034298637989395198
leaf_weight=831.96320836246014 1047.1060816347599 778.21981304883957 1754.3943599760532 1139.3130052685738 5187.3905483186245 609.28349395096302 1382.2216401994228 1506.9199649989605 5330.5897290557623 10021.417944863439 578.10272838175297 16379.45000718534 349.46282835304737 2930.3999852538109 7808.3368939012289 3290.1267662495375 7761.2557483017445 3963.0752041488886 1895.9597658365965 1210.3734873086214 10399.420259252191 9613.3184343874454 11577.508698016405 5497.4565902799368 3284.2305192500353 703.75151512026787 4395.9691788703203 2427.2144237905741 250.25203216075897 488.61577191948891
leaf_count=4091 4602 3296 8199 5630 23639 3010 6086 6595 23593 46593 2576 75836 1515 12800 35357 15354 39907 17209 8570 5640 50106 43272 51536 24961 14224 3193 19672 10637 1100 2100
internal_value=-8.9331e-05 0.00814991 -0.0304829 -0.00108111 -0.00420945 0.0188938 0.0163356 0.0162425 0.0123269 -0.0104981 -0.0193217 -0.00913841 0.00800908 0.0133491 0.011698 -0.00479197 -0.0537791 0.0407374 -0.00448955 -0.0242924 -0.0265064 0.00676456 0.00889191 0.0103776 0.033047 -0.00981147 0.00402635 0.0369819 0.0436037 0.0175102
internal_weight=124393 97863.7 26529.4 52637.8 44586.3 45225.9 40484.6 8051.48 32652.1 29436.1 17936.2 28296.8 15150.2 32042.8 29112.4 4571.98 8593.22 4741.3 18275.4 13364.2 12153.8 14800.7 23781.8 7004.38 7832.53 3993.88 12204.3 6450.31 4023.1 738.868
internal_count=570899 441833 129066 241213 205055 200620 180115 36158 145968 136629 85068 130999 68426 142958 130158 21123 43998 20505 84406 63945 58305 66911 106565 31556 34147 18547 55029 28061 17424 3200
is_linear=0
shrinkage=0.05


Tree=6
num_leaves=31
num_cat=0
split_feature=10 10 13 19 37 4 20 13 38 13 7 19 28 28 36 4 28 7 1 7 28 33 13 10 33 43 9 1 1 33
split_gain=11312.9 3471.86 2538.12 1198.17 897.515 969.315 612.434 585.18 532.804 524.848 508.737 443.526 426.46 340.446 337.536 327.989 345.866 311.304 273.548 258.722 208.267 196.357 194.474 189.946 187.521 222.988 182.906 157.762 143.138 139.802
threshold=0.01593346836196766 0.026428700963712505 0.0089265740372667223 -0.23138706641699949 -0.08380681099813557 0.13333333333333433 0.14232751352153752 0.0056114738589181047 -0.14836488991103411 0.021374523488477088 -0.20320245159084796 0.53471122259568926 0.0220453034944425 0.056241341160952078 0.97142857142857153 -0.096938775510204175 0.071223447204953744 -0.29912576905573329 -0.080476555413574111 -0.13525339373733827 0.14272263751750938 -4538.4999999999991 0.033372459513265187 0.0090922860469115283 -4110.4999999999991 1.5000000000000002 0.018100468670962464 0.099509483692373016 0.22889276096942826 -4684.4999999999991
decision_type=8 10 10 8 10 10 10 10 8 10 8 10 10 10 2 10 10 10 10 10 10 2 10 10 2 2 10 10 8 2
left_child=2 3 19 7 18 6 -6 -2 -5 23 24 17 26 22 29 -11 -17 -8 -3 -1 21 -19 -12 -4 -9 -26 27 -10 -14 -7
right_child=1 4 9 8 5 14 11 10 12 15 13 -13 28 -15 -16 16 -18 20 -20 -21 -22 -23 -24 -25 25 -27 -28 -29 -30 -31
leaf_value=-0.018108271816046101 -0.044268495779821386 0.057700313125281677 -0.043205638543270392 0.042924645176986256 -0.036340809932815264 0.047842558917095414 0.024869108899238716 -0.0060611399552310289 -0.0073975112499938102 0.018166946435440059 -0.016288506512251461 0.023836512285163057 0.012622517500327252 0.0036377344346283321 0.061194868234686339 -0.018348371309902634 0.010233669571689277 0.020676722991200755 0.030956820505789618 -0.056378504239895558 0.028520378784319018 0.0040312479424568911 -0.0053227540253206751 -0.024584328741615452 0.057356862328855285 0.01084172897850424 0.0050375752675395052 0.074177372061405608 0.078291205464954564 0.024541992377709158
leaf_weight=471.15807458758354 1072.5318380594254 1318.4172035306692 1692.3203925490379 991.4973738193512 668.37143751978874 695.27903468906879 2702.8647704869509 1595.5466472804546 6171.9260332882404 865.8972312361002 12276.906580507755 6301.5967765599489 10288.149088814855 3874.350415199995 746.83253556489944 7198.6746578067541 1240.8756328374147 1967.0028410702944 3480.0988326966763 7044.8460960686207 1051.3725317418575 17845.17618316412 6028.6347463726997 7178.3209804743528 281.82316115498543 3003.989273160696 7329.5596743971109 59.843965411186218 83.655645474791527 8686.7111119329929
leaf_count=2341 5400 5539 8435 4263 3334 2993 11792 7155 28572 3891 57722 27706 46226 17595 3153 34299 5660 8689 14999 37285 4565 80049 27816 34916 1230 13524 33254 260 358 37782
internal_value=8.28364e-06 0.00771385 -0.0295405 -0.000974547 0.0178536 0.0154404 0.0109945 -0.00804673 0.0070082 -0.0194347 -0.00661113 0.0120537 0.00552026 -0.00982726 0.028844 -0.0111391 -0.0141459 0.00890305 0.0383047 -0.0539794 0.00683465 0.00568385 -0.0126771 -0.0281369 0.0080023 0.0148313 -0.000316681 -0.00661414 0.0131522 0.0262687
internal_weight=124214 98522.1 25692.1 53058.4 45463.7 40665.2 30536.4 28133.8 24924.6 18176.1 27061.3 29868 23933.1 22179.9 10128.8 9305.45 8439.55 23566.4 4798.52 7516 20863.6 19812.2 18305.5 8870.64 4881.36 3285.81 13561.3 6231.77 10371.8 9381.99
internal_count=570803 443976 126827 243375 200601 180063 136135 130442 112933 87201 125042 132801 108670 103133 43928 43850 39959 105095 20538 39626 93303 88738 85538 43351 21909 14754 62086 28832 46584 40775
is_linear=0
shrinkage=0.05


Tree=7
num_leaves=31
num_cat=0
split_feature=10 13 13 38 10 9 19 33 32 13 33 33 7 4 4 33 32 20 7 32 32 32 19 3 33 33 35 33 33 7
split_gain=10559.1 3909.93 1553.78 1215.28 1151.44 946.369 683.482 682.582 555.016 517.448 446.516 359.462 343.97 339.814 333.381 300.335 335.76 292.477 292.339 271.823 267.252 248.631 248.074 247.509 243.704 628.283 242.073 233.726 227.057 217.211
threshold=0.013940083192141852 0.0357028500264105 0.0079999999999993774 -0.14836488991103411 0.023826302240510879 0.035943275144689237 -0.23138706641699949 -4538.4999999999991 6.5000000000000009 0.0056114738589181047 -1416.4999999999998 -4854.4999999999991 -0.0046713385247486019 0.12287104622871049 -0.084592145015105633 -2189.4999999999995 8.5000000000000018 0.22258363987092436 -0.16556195882846206 3.5000000000000004 3.5000000000000004 11.500000000000002 -0.16801577190637337 -0.15178571428571261 -1773.9999999999998 -2189.4999999999995 0.087912087911998352 -1470.4999999999998 -2175.4999999999995 -0.11376769134761493
decision_type=8 10 10 8 10 10 8 2 2 10 2 2 10 8 10 2 2 10 10 2 2 2 10 10 2 2 10 2 2 10
left_child=2 4 29 23 6 11 9 -6 17 -2 15 -5 19 18 -4 -10 27 -9 -13 -7 -11 -18 -16 -3 25 -21 -8 28 -17 -1
right_child=1 3 14 5 7 12 26 8 10 20 -12 13 -14 -15 22 16 21 -19 -20 24 -22 -23 -24 -25 -26 -27 -28 -29 -30 -31
leaf_value=-0.022891679684170441 -0.046785225070233166 0.058627187777643711 0.0080898652649903577 -0.017888443100957965 0.032765858224611741 0.0077307801143250135 -0.001178590036688517 -0.038958498175471201 0.0093056463488845245 -0.023027605095334039 -0.017308045548312893 0.013915840924285001 0.044558168768613245 0.01960659923461773 -0.033463093454964947 0.026790260347977005 -0.0031519644781038561 -0.0035679563106548345 0.0029235138880696525 0.01992102468201748 -0.0094790346529704094 0.048130979041570002 -0.018293928897595329 0.032845972668088051 0.0095328477256928154 0.050002214794109712 0.088491618696979288 0.010520573607407355 0.07841925802712757 -0.057169879512170133
leaf_weight=500.05334857106209 1215.6635663509369 1374.06368483603 748.96767219901085 1229.7687608003616 2148.3735400438309 3035.9324062764645 13740.471317768097 631.27670668065548 4694.8201189786196 4973.4170391708612 1119.1327171772718 9660.6708916723728 1735.4911536127329 6785.4293222427368 5790.7391413897276 320.94437728822231 823.54165257513523 7761.0370755791664 16176.522798925638 6116.3502089083195 13573.390084132552 331.47645138204098 5041.9872218817472 2886.7779174596071 2124.1750642806292 2423.6576405912638 75.678904891014099 301.13627038896084 632.89898490905762 6097.742341414094
leaf_count=2545 6304 5707 3471 5730 9446 13263 63523 3124 21162 23615 5193 42913 7353 29704 28626 1441 3709 35112 72919 26614 63654 1479 24606 12333 9254 10400 314 1363 2782 33322
internal_value=-1.28123e-06 0.00604247 -0.035205 0.0155415 -0.00367531 0.0133268 -0.00921899 0.0062449 0.00281592 -0.0151835 0.0120471 0.0086484 0.0235872 0.00964876 -0.0241722 0.016671 0.0310192 -0.00623006 0.00703361 0.0209306 -0.0131122 0.0115656 -0.0264028 0.0411601 0.0246884 0.0284581 -0.000687415 0.0489233 0.0610474 -0.0545719
internal_weight=124072 105892 18179.5 53548.8 52343.3 49288 33578.6 18764.6 16616.3 19762.5 8223.95 33852.4 15435.6 32622.6 11581.7 7104.82 2410 8392.31 25837.2 13700.1 18546.8 1155.02 10832.7 4260.84 10664.2 8540.01 13816.2 1254.98 953.843 6597.8
internal_count=570981 478411 92570 236190 242221 218150 157410 84811 75365 93573 37129 151266 66884 145536 56703 31936 10774 38236 115832 59531 87269 5188 53232 18040 46268 37014 63837 5586 4223 35867
is_linear=0
shrinkage=0.05


Tree=8
num_leaves=31
num_cat=0
split_feature=13 10 10 38 37 28 10 1 33 32 32 28 3 32 33 33 33 33 33 33 32 10 5 33 33 5 32 33 33 33
split_gain=9528.78 2833.66 2782.96 1197.24 1078.46 681.376 549.531 529.931 521.723 512.152 493.17 445.831 428.229 427.287 377.768 1229.16 365.423 363.332 358.486 431.506 370.087 346.476 305.512 295.102 546.625 290.564 277.214 270.129 267.989 262.017
threshold=0.022251237367812645 0.0094015364900262854 0.028771715709011141 -0.10227272727276969 0.03276712159037299 -0.00031308755421245222 0.020201662053502538 -0.094801223241590613 -2730.4999999999995 3.5000000000000004 3.5000000000000004 0.077410998034752543 -0.1204939087894125 2.5000000000000004 -1773.9999999999998 -2207.4999999999995 -4749.4999999999991 -1605.4999999999998 -4730.4999999999991 -4684.4999999999991 10.500000000000002 0.023826302240510879 -0.12798264642082516 -2175.4999999999995 -2159.4999999999995 -0.10158910860197283 7.5000000000000009 -1655.4999999999998 -4538.4999999999991 -1696.4999999999998
decision_type=10 8 10 8 10 10 8 10 2 2 2 10 10 2 2 2 2 2 2 2 2 10 10 2 2 8 2 2 2 2
left_child=1 -1 3 12 9 8 28 -4 21 27 13 25 -2 -9 15 16 -12 23 -18 -20 -21 -3 -10 -8 -25 -11 -17 -5 -7 -16
right_child=2 5 7 4 -6 6 17 10 22 11 14 -13 -14 -15 29 26 18 -19 19 20 -22 -23 -24 24 -26 -27 -28 -29 -30 -31
leaf_value=-0.050909357925764266 0.044315072761900137 -0.018793969365848585 0.049463166938221018 -0.019485188443863918 0.01083439688915161 0.027200673477147705 0.008013882570855748 0.014313820010234433 -0.012666276970961468 0.0048531821247921056 0.046788568905419409 0.015834061391833052 0.014354111036125401 -0.011585511093451233 -0.0092850670117265149 0.059644394189521888 -0.037961021540537508 -0.02939395255248092 0.056831488996961901 0.0085399184646234114 0.027249540358589282 0.011284650134247846 -0.039649425614557136 0.11602247289621875 0.013552702465054465 -0.0074843619707272479 0.036001987718645732 0.00059964621832390974 -0.016973936263483792 0.016474996171527371
leaf_weight=7404.0931279063225 1534.5526732951403 5613.1941699832678 1408.3525314182043 7881.9637464284897 13742.966808274388 362.16680032014847 2769.9204460829496 6168.4911517500877 1340.9312844276428 6453.0100416243076 982.34550321102142 3102.7328660488129 5352.4473553001881 2146.7294686287642 1356.4614425748587 2152.1789616197348 309.90883636474609 537.80081376433372 629.51823280751705 8454.21787558496 3845.2711393982172 1154.2896051257849 4818.752284809947 192.87072640657425 400.20252871513367 18322.589842811227 2924.8504179418087 2125.516093313694 6600.7651714384556 3625.5135640054941
leaf_count=40659 6489 27134 5906 36882 61214 1702 12696 27030 6363 29630 4176 13867 23679 9469 5922 9168 1332 2557 2699 36892 16664 5218 24252 851 1832 85319 12482 9913 32367 15829
internal_value=1.03326e-06 -0.0238965 0.0080586 0.0014481 -0.00116401 -0.0154897 -0.00625926 0.0194343 -0.0232467 -0.0055164 0.0181369 -0.00203335 0.02103 0.00762742 0.021736 0.0249048 0.0173652 0.00876511 0.0151819 0.0164558 0.0143892 -0.0136636 -0.0337753 0.0148674 0.0468764 -0.00427095 0.0460241 -0.0152193 -0.0146763 0.0094612
internal_weight=123715 31195 92519.6 58515.8 51628.8 23790.9 10863.7 34003.8 12927.2 37885.8 32595.5 27878.3 6887 8315.22 24280.3 19298.3 14221.3 3900.79 13238.9 12929 12299.5 6767.48 6159.68 3362.99 593.073 24775.6 5077.03 10007.5 6962.93 4981.98
internal_count=570193 155631 414562 266993 236825 114972 52005 147569 62967 175611 141663 128816 30168 36499 105164 83413 61763 17936 57587 56255 53556 32352 30615 15379 2683 114949 21650 46795 34069 21751
is_linear=0
shrinkage=0.05


Tree=9
num_leaves=31
num_cat=0
split_feature=9 9 12 5 5 2 19 37 32 8 8 33 20 32 33 33 33 43 3 33 32 33 29 33 9 33 32 32 19 33
split_gain=8554.56 2298.71 1897.92 999.851 825.001 751.09 713.999 645.213 499.977 497.062 419.897 381.727 378.946 407.651 302.229 272.435 1213.76 267.089 259.838 255.24 251.99 235.627 235.771 233.626 233.469 225.947 372.848 325.125 213.093 208.745
threshold=0.012741533393725175 0.024099691333788278 1.0000000180025095e-35 -0.10869565217391357 -0.16452920531487178 -0.096491228070176668 -0.060063806220641981 0.016159448825438742 4.5000000000000009 0.075519247360941968 0.077493240097508811 -2159.4999999999995 0.1734269695619742 3.5000000000000004 -4900.4999999999991 -1773.9999999999998 -2058.4999999999995 3.5000000000000004 -0.082765640602980237 -1188.4999999999998 2.5000000000000004 -4919.4999999999991 0.17541041983012182 -4538.4999999999991 0.036216991214469592 -4684.4999999999991 10.500000000000002 10.500000000000002 0.076959291939231247 -2418.4999999999995
decision_type=8 10 10 8 8 10 10 8 2 10 10 2 10 2 2 2 2 2 10 2 2 2 8 2 10 2 2 2 10 2
left_child=2 4 11 9 18 -3 12 8 19 14 28 17 -7 20 -4 16 25 -1 -2 -6 -14 -9 23 -23 -8 26 -15 -27 -5 -29
right_child=1 5 3 10 7 6 24 21 -10 -11 -12 -13 13 15 -16 -17 -18 -19 -20 -21 -22 22 -24 -25 -26 27 -28 29 -30 -31
leaf_value=-0.029997879044537979 0.033621646881954709 0.036083759123473363 0.074239543911829201 -0.034009494919907825 -0.018546135897006159 -0.029836294601074783 0.015322002455742521 -0.021572140287647888 -0.0033374054551967981 0.05992802334316305 -0.0096187661860812849 -0.056931140889771248 0.0037745448185107795 0.038804437990728552 -0.0048989403459200852 0.00044601157007972676 0.05180501343999281 0.067920248421377269 0.0096503310013694218 0.025502384740821973 -0.016838357826563961 0.027710628529388416 0.03528362674746776 0.0029129362027913927 0.026659934096600002 0.0022429628228027524 -0.01340453375582982 0.026149640143336192 -0.019278465331752807 -0.0051456560216946584
leaf_weight=248.48506659269333 1454.5954346656799 3481.7211188077927 125.86028166115284 8067.0326923877001 9986.022070273757 681.84743548929691 12866.333298772573 770.46125291287899 18317.522501066327 367.79988364875317 3432.8454290479422 4954.4653926938772 4761.0259012281895 1377.9194013625383 2910.0954538285732 4505.9569991081953 1909.7412030696869 96.760485470294952 5073.2915343344212 340.07039205729961 2153.2323902249336 1047.0608014911413 692.00222155451775 10226.487973794341 7016.6153588742018 9366.3797411173582 454.84625688195229 2797.0374463945627 3528.8373039662838 658.23756940662861
leaf_count=1173 6280 14753 548 41435 47217 3440 56186 3637 85273 1624 16568 28602 21245 5913 13888 19960 8160 418 22796 1612 9708 4682 3057 46362 29883 41468 2154 12255 17752 2854
internal_value=-3.34536e-05 0.00637478 -0.0270191 -0.0194373 -0.0015279 0.0136512 0.0120424 -0.00413399 -0.00829722 0.00503237 -0.0249792 -0.0533888 0.00699252 0.00788987 -0.00161813 0.0113468 0.0143122 -0.00255479 0.0149918 -0.0170955 -0.00264471 0.00522924 0.00695498 0.00521609 0.0193231 0.00942619 0.0258475 0.00707888 -0.0295266 0.0201878
internal_weight=123671 99938.4 23732.2 18432.5 47907.5 52030.9 48549.2 41379.6 28643.6 3403.76 15028.7 5299.71 28666.2 27984.4 3035.96 21070.1 16564.2 345.246 6527.89 10326.1 6914.26 12736 11965.6 11273.5 19882.9 14654.4 1832.77 12821.7 11595.9 3455.28
internal_count=570903 448895 122008 91815 220916 227979 213226 191840 134102 16060 75755 30193 127157 123717 14436 92764 72804 1591 29076 48829 30953 57738 54101 51044 86069 64644 8067 56577 59187 15109
is_linear=0
shrinkage=0.05


Tree=10
num_leaves=31
num_cat=0
split_feature=13 10 10 38 28 0 7 38 5 33 33 32 32 33 33 32 9 0 3 5 10 32 33 13 0 33 43 12 43 33
split_gain=8194.99 2600.35 2279.86 694.365 739.658 661.577 599.827 637.685 512.247 497.042 485.076 321.358 393.938 332.162 1249.79 337.341 284.833 257.773 252.297 246.07 241.164 237.072 349.191 211.303 209.13 202.456 327.469 199.794 196.916 431.464
threshold=0.022419689340949484 0.0094015364900262854 0.024959623400198892 -0.10227272727276969 0.032617713227057844 0.0034077356586528222 -0.2727272727272726 0.1866405181503589 -0.13855421686747035 -3148.4999999999995 -2374.4999999999995 3.5000000000000004 2.5000000000000004 -1773.9999999999998 -2189.4999999999995 8.5000000000000018 0.018100468670962464 0.058282208588956282 -0.1104294478527607 -0.16452920531487178 0.02903695516583021 10.500000000000002 -4684.4999999999991 2.2898349882893855e-17 0.006492857142857301 -4110.4999999999991 1.5000000000000002 1.0000000180025095e-35 1.5000000000000002 -4749.4999999999991
decision_type=10 8 10 8 10 8 10 10 8 2 2 2 2 2 2 2 8 10 10 8 10 2 2 8 10 2 2 10 2 2
left_child=1 27 3 10 16 8 18 11 -3 20 25 12 -8 14 21 -16 -5 19 -4 -7 -10 22 28 -11 -6 -2 -27 -1 29 -13
right_child=2 5 6 4 24 17 7 -9 9 23 -12 13 -14 -15 15 -17 -18 -19 -20 -21 -22 -23 -24 -25 -26 26 -28 -29 -30 -31
leaf_value=-0.056672264423136602 -0.0057263112617431189 -0.00088767656909824423 0.04231816619274073 -0.013608645064900241 0.001654244162876144 0.029708626042739106 0.0082367392696707023 0.027119586629833811 -0.015015814768762369 -0.044385977187691716 0.04833152371903611 0.032854096241413354 -0.014792542949175234 0.001896374294118321 0.052410300096755118 0.022326280221707882 -0.0030999875270613817 0.055187312871997123 0.022095038204946623 -0.0054917662953220033 0.025421373104453748 0.020289769504454061 0.0020055548779434056 -0.026431347863702395 0.014506013395339419 0.064865481846679965 0.010796534057345639 -0.039808594331878389 0.048893816580821904 -0.028665900068672215
leaf_weight=3832.9997747540474 1463.0643303990364 3088.4440069645643 2152.164825886488 11947.057467117906 8392.3036384880543 545.64588332176208 6733.9815308898687 6307.8430685251951 5695.7260304838419 2216.3076922446489 980.3264140188694 960.0775953233242 2564.0483509749174 5468.7008944898844 2445.0734903365374 1505.641077503562 14009.438109621406 201.34154769778252 5442.0734118968248 5510.2633067369461 394.23608136177063 3794.8844067305326 9697.8539874702692 6287.3494611531496 5082.4070026427507 320.54439710080624 2215.9676929265261 3241.8927853107452 603.22171676158905 405.32853218913078
leaf_count=23141 6444 14371 8867 56972 38092 2448 29822 26515 27846 12094 4237 4069 11549 24177 10361 6506 64694 869 23268 26584 1759 16555 42830 31127 22720 1364 9724 17726 2565 1755
internal_value=-7.11376e-05 -0.022313 0.00738696 -0.000780981 -0.0030028 -0.0144424 0.0149315 0.0125128 -0.019387 -0.023302 0.0168115 0.00981703 0.00188613 0.0127808 0.0158472 0.0409451 -0.00793683 -0.000469725 0.0278262 -0.00232016 -0.0123981 0.0094341 0.00590296 -0.0311109 0.00650169 0.00908573 0.0176293 -0.0489449 0.0251024 0.0145915
internal_weight=123506 31014.2 92492 44411.1 39431.2 23939.3 48080.9 40486.7 17682.1 14593.6 4979.9 34178.8 9298.03 24880.8 19412.1 3950.71 25956.5 6257.25 7594.24 6055.91 6089.96 15461.4 11666.5 8503.66 13474.7 3999.58 2536.51 7074.89 1968.63 1365.41
internal_count=571051 157965 413086 204247 182478 117098 208839 176704 87197 72826 21769 150189 41371 108818 84641 16867 121666 29901 32135 29032 29605 67774 51219 43221 60812 17532 11088 40867 8389 5824
is_linear=0
shrinkage=0.05


Tree=11
num_leaves=31
num_cat=0
split_feature=10 10 10 20 1 0 5 38 20 32 32 28 5 5 4 43 33 33 33 38 33 32 33 20 32 10 28 33 33 3
split_gain=7654.92 2645.04 1302.5 777.108 744.014 637.374 575.79 606.929 552.966 543.095 618.519 410.273 511.563 366.46 358.855 347.587 341.562 392.069 335.014 306.941 306.491 301.991 290.528 286.823 278.504 240.199 228.611 227.981 342.959 231.78
threshold=0.013940083192141852 0.023933232211521535 0.0078159373524208531 0.53903828419576338 -0.073860045993796405 0.084080852775543682 -0.18433179723502172 0.028110934363551058 0.081639688045060929 3.5000000000000004 2.5000000000000004 0.099167541588620581 -0.12404750108776123 -0.076749435665913454 -0.10404944111212054 1.5000000000000002 -3509.4999999999995 -4684.4999999999991 -4963.4999999999991 0.28607037551083997 -4110.4999999999991 7.5000000000000009 -4770.4999999999991 0.44713300013902391 4.5000000000000009 0.040386934896216149 0.063964113644102719 -2189.4999999999995 -1881.9999999999998 -0.055271402943759644
decision_type=8 10 10 8 10 10 8 8 10 2 2 10 10 8 10 2 2 2 2 8 2 2 2 10 2 10 10 2 2 10
left_child=2 3 -1 -2 -3 8 15 13 -6 10 -10 12 22 -8 -4 -5 17 -13 -9 -20 -17 -18 -11 -16 -15 -14 -25 -24 -29 -30
right_child=1 4 14 6 5 -7 7 18 9 11 -12 16 25 24 23 20 21 -19 19 -21 -22 -23 27 26 -26 -27 -28 28 29 -31
leaf_value=-0.050643495819389164 -0.018206459552339151 0.034682704453456815 0.023969415033118672 0.054048206476838646 -0.039894694105164011 0.040081095383532224 0.00012388300714639904 -0.017994127444683684 0.00824156687682529 0.066769522206667917 -0.01598055456847184 0.033242368455049735 0.0049066361100046328 -0.021796680925633603 -0.045018219150282618 -0.013269943824164691 0.047782242872611597 -0.0094378446354006756 0.0057578046430855363 0.032138576280881084 0.019918864420355786 0.02185976338373272 0.014030875768481053 -0.023147206655008148 -0.0073870397428180334 0.019553273373880603 -0.00059714004228479623 0.06137158174176504 0.044357036810164473 0.0060993806190030378
leaf_weight=5695.6126287579536 7674.8359616398811 3467.908286601305 420.51419326663017 544.62026171386242 554.33651785552502 1794.9859430938959 9443.4176425784826 1324.8840758353472 9571.5844187736511 338.92973293364048 3636.9741618484259 914.94432693719864 19560.540816217661 5203.0517623722553 1313.4799417704344 944.35532583296299 1834.6959598064423 1306.3595181256533 10485.099949866533 1232.1808418184519 2641.0759410113096 2898.4698735326529 5667.2452497333288 8358.2279764860868 9431.8434745818377 3266.6810097247362 1298.5524508208036 717.02730856835842 625.73421761393547 1077.8184214383364
leaf_count=34172 37316 14542 1924 2301 2978 7490 43995 6301 42216 1422 16431 3811 86625 25111 7274 4220 7648 5628 47307 5449 11687 12242 24580 42892 44645 13964 6263 3049 2677 4734
internal_value=-6.02795e-05 0.00493891 -0.0311208 -0.00359734 0.0122359 0.0107881 -0.000879256 -0.00284967 0.0097764 0.0103119 0.00157201 0.0133333 0.0108892 -0.00755505 -0.021359 0.0168306 0.0243169 0.00814193 0.00583734 0.00853199 0.0111774 0.031908 0.0214177 -0.0230966 -0.01251 0.00700264 -0.0201149 0.0195171 0.032362 0.0201519
internal_weight=123246 106160 17086.4 48925.4 57234.2 53766.3 41250.5 37120.5 51971.3 51417 13208.6 38208.4 31254 24078.3 11390.8 4130.05 6954.47 2221.3 13042.2 11717.3 3585.43 4733.17 8426.75 10970.3 14634.9 22827.2 9656.78 8087.83 2420.58 1703.55
internal_count=570894 478369 92525 228332 250037 235495 191016 172808 228005 225027 58647 166380 137051 113751 58353 18208 29329 9439 59057 52756 15907 19890 36462 56429 69756 100589 49155 35040 10460 7411
is_linear=0
shrinkage=0.05


Tree=12
num_leaves=31
num_cat=0
split_feature=13 33 13 37 4 28 7 12 33 32 28 34 36 33 8 7 7 33 32 33 33 33 33 32 33 33 33 33 33 12
split_gain=6935.49 2075.16 1754.69 918.079 605.17 597.315 736.826 542.398 448.961 486.09 326.279 338.477 286.647 263.136 259.685 255.064 243.825 242.698 223.118 272.877 239.694 244.107 223.073 219.087 292.212 236.606 222.503 219.46 215.42 208.453
threshold=0.021184515373892741 -1618.4999999999998 0.038204250153611972 -0.079501288016095725 0.1370489499893264 0.047497816671263231 -0.19996806132226122 0.035714285714285532 -4277.4999999999991 4.5000000000000009 -0.043322271354025978 3.5986802504978836 0.999589153656532 -4854.4999999999991 0.29139767031807512 -0.29912576905573329 -0.060705006745711158 -912.49999999999989 5.5000000000000009 -2639.4999999999995 -3228.4999999999995 -3540.4999999999995 -4854.4999999999991 1.5000000000000002 -4854.4999999999991 -4704.4999999999991 -4336.4999999999991 -4919.4999999999991 -3629.4999999999995 2.8714285714285732
decision_type=10 2 10 8 10 10 8 8 2 2 10 2 2 2 10 10 10 2 2 2 2 2 2 2 2 2 2 2 2 8
left_child=1 8 5 17 13 6 -2 -3 23 -10 -11 28 -6 -5 18 -15 -9 22 19 29 21 -20 -4 27 -25 -26 -27 -1 -12 -8
right_child=2 7 3 4 12 -7 14 16 9 10 11 -13 -14 15 -16 -17 -18 -19 20 -21 -22 -23 -24 24 25 26 -28 -29 -30 -31
leaf_value=-0.00078150186323195205 0.0089826393024810911 -0.054463992112078453 -0.014388669486934534 -0.020426270341558191 0.017572462467658222 0.0095785918247295997 -0.02375429195054601 -0.022689497357804865 -0.029556048848477019 -0.030096352173328889 -0.017083274325578067 -0.014562364713216992 0.049667851712411427 0.021841887615625229 0.010761090096494541 0.0056387417259454878 -0.047185298663618945 0.088173952935081817 -0.0016748929329303956 -0.0030243553520122382 -0.010744740717028179 0.026318594973348753 0.030588037011194499 -0.03087637127978024 0.046049153834346254 -0.0064512733157168212 0.06199189096539795 0.061812301346595433 0.011795745026173849 -0.0034782065998395714
leaf_weight=256.75660008192062 8622.4741440266371 4380.5802384763956 288.59195965528488 892.87537622451782 11459.860706940293 10904.480018362403 6150.5035128295422 3342.5087806880474 4605.6902672499418 1704.1818932443857 833.02021370828152 5089.1774530559778 740.62906184792519 2675.2109489738941 1769.6628349423409 26367.997588187456 1459.4121955633163 175.46897630393505 5562.8879446685314 3670.0213321149349 7877.7394778728485 905.53215245902538 6163.4903254359961 617.24156528711319 347.85251986980438 1266.5784795433283 131.02979275584221 308.03443260490894 2872.321628883481 1596.656970217824
leaf_count=1189 38154 27587 1335 4246 48604 48695 29459 17253 23608 8623 3995 25805 3028 11341 7941 116471 8260 718 26029 17377 37084 4294 25789 2960 1589 5986 625 1408 13954 7624
internal_value=-0.000117527 -0.022393 0.00620878 0.0128555 0.0101346 -0.000678652 -0.00377223 -0.041741 -0.0125402 -0.0160136 -0.0100726 -0.00619249 0.0195208 0.0063093 -0.00776666 0.00713124 -0.0301343 0.0301542 -0.00903932 -0.0142552 -0.00488836 0.00224399 0.0285763 0.00538055 -0.00130703 0.00914948 -3.45299e-05 0.0333569 0.00530328 -0.0195755
internal_weight=123038 27214.4 95824.1 48764.1 42136.6 47060 36155.5 9182.5 18031.9 15104.4 10498.7 8794.52 12200.5 29936.1 27533 29043.2 4801.92 6627.55 25763.3 11417.2 14346.2 6468.42 6452.08 2927.49 2362.7 1745.46 1397.61 564.791 3705.34 7747.16
internal_count=571031 142842 428189 211532 183690 216657 167962 53100 89742 75985 52377 43754 51632 132058 129808 127812 25513 27842 121867 54460 67407 30323 27124 13757 11160 8200 6611 2597 17949 37083
is_linear=0
shrinkage=0.05


Tree=13
num_leaves=31
num_cat=0
split_feature=10 10 13 19 37 19 13 5 5 28 32 20 32 10 28 32 28 43 43 43 5 7 19 1 28 32 32 1 34 3
split_gain=6496.32 2438.51 1083.85 965.168 611.137 651.129 559.246 471.056 381.55 381.909 379.763 355.305 331.858 239.491 238.644 223.625 212.452 201.769 194.903 184.194 181.487 186.073 178.978 162.126 155.371 192.744 152.949 139.906 125.557 119.546
threshold=0.013367547365170792 0.024959623400198892 2.2898349882893855e-17 -0.17789009008927495 -0.079501288016095725 -0.18820106915627857 0.0022505074198679686 -0.16187519957924126 -0.19056544437894582 0.0220453034944425 4.5000000000000009 0.056464770120581327 4.5000000000000009 0.0082920198869742921 0.074398071211682709 5.5000000000000009 0.10408035253729038 1.0000000180025095e-35 1.5000000000000002 1.5000000000000002 -0.12202380952380908 -0.018518518518518431 -0.10611207199340196 -0.10151330101904309 0.13105176568195245 10.500000000000002 1.5000000000000002 0.077398901088765917 3.1822118484109185 -0.082765640602980237
decision_type=8 10 10 8 10 10 10 8 8 10 2 10 2 10 10 2 10 2 2 2 10 10 10 10 10 2 2 10 2 8
left_child=2 3 -1 6 23 11 -2 19 18 27 -9 -6 26 -4 -12 17 20 -14 -5 -8 -7 -22 -15 -3 25 -17 -13 29 -27 -10
right_child=1 4 13 8 5 16 7 10 9 -11 14 12 15 22 -16 24 -18 -19 -20 -21 21 -23 -24 -25 -26 28 -28 -29 -30 -31
leaf_value=-0.05126869266703718 -0.044238570649586438 0.046721983015676989 -0.037931567136982258 0.061158873177722665 -0.041043825618349045 0.023266457194057306 0.036562338036606717 -0.018818694301340439 0.014302809791246594 0.0096378163641197313 -0.0082272990350053619 0.0072309224161200385 0.079621661457573559 -0.024727242473031381 0.0096110121891749556 0.0016948117885945226 0.025361601378616053 0.021276347341391222 0.018160332755693703 0.0039817559551007381 0.0079268757751929566 0.023879836083121865 -0.0099568193579228862 0.023565631048094993 0.021183482936970269 0.025219450716601123 -0.0080429093422992957 0.01786459607320524 0.0079021628685692225 -0.0060207305990860709
leaf_weight=4569.1803494095802 1090.5979176014662 887.61201795935631 1918.2329745590687 307.01098562777042 418.97212243080139 3781.3934325277805 492.44112859666348 8663.1824091970921 773.23178571462631 9953.2804856002331 14193.040404647589 2379.0418720245361 167.64448322355747 4743.8961097151041 2160.3004929125309 9560.372463747859 5102.2579418569803 1276.0675269514322 1861.3614137470722 3643.5126715898514 10274.698463186622 2223.3820052742958 3612.9293942600489 5093.0160380899906 1835.0902916938066 1649.579622477293 5269.3593819439411 727.47831472754478 2863.923805013299 11263.829769536853
leaf_count=29792 6294 3589 10983 1270 2338 16176 2092 42235 3469 44540 67700 10474 694 24808 9687 42230 21268 5594 8136 16372 44718 9382 18235 21360 7662 7133 23724 3214 12491 52965
internal_value=4.28379e-06 0.00427035 -0.0310083 -0.00308412 0.0119518 0.0100286 -0.00908544 -0.00777036 0.00420901 0.0022963 -0.0103547 0.0046197 0.00538494 -0.0219987 -0.00587083 0.00920939 0.016459 0.0280514 0.0242483 0.00786091 0.0136687 0.0107649 -0.0183415 0.0270024 0.0074995 0.00571525 -0.00329197 -0.00342833 0.0142312 -0.0047152
internal_weight=122756 107912 14844.2 55129.3 52782.4 46801.8 30243.1 29152.5 24886.2 22717.8 25016.5 25420.1 25001.1 10275.1 16353.3 17352.7 21381.7 1443.71 2168.37 4135.95 16279.5 12498.1 8356.83 5980.63 15909 14073.9 7648.4 12764.5 4513.5 12037.1
internal_count=570625 486807 83818 257974 228833 203884 144380 138086 113594 104188 119622 112340 110002 54026 77387 75804 91544 6288 9406 18464 70276 54100 43043 24949 69516 61854 34198 59648 19624 56434
is_linear=0
shrinkage=0.05


Tree=14
num_leaves=31
num_cat=0
split_feature=10 13 10 19 5 20 38 4 28 1 38 28 13 43 28 32 10 1 38 19 38 33 32 33 33 33 33 12 33 32
split_gain=5976.77 1709.85 1618.65 855.357 540.858 460.055 446.146 375.127 399.124 369.313 343.117 317.518 312.263 284.454 236.287 232.84 227.121 221.637 209.562 245.932 179.182 171.466 169.324 168.565 166.066 502.547 201.605 164.926 162.569 162.242
threshold=0.015717186460178358 2.2898349882893855e-17 0.028903071538293471 -0.036484087340064059 -0.13418990177686382 0.081639688045060929 0.015696525106215557 -0.079166666666666649 0.049443778488373079 -0.094801223241590613 -0.12093391595163876 0.13105176568195245 0.010984046871298603 1.5000000000000002 0.002206526289785462 4.5000000000000009 0.0082920198869742921 0.14665958200495913 -0.11067193675893026 0.036821718089051783 -0.18538123122978598 -4110.4999999999991 7.5000000000000009 -4984.4999999999991 -2374.4999999999995 -2332.4999999999995 -1926.9999999999998 0.5928571428571433 -1520.4999999999998 3.5000000000000004
decision_type=8 10 10 10 8 10 8 10 10 10 8 10 10 2 10 2 10 10 10 10 10 2 2 2 2 2 2 10 2 2
left_child=1 20 3 4 13 -4 12 -3 16 -7 -5 18 -6 28 -12 24 -9 23 -11 -20 -1 22 -15 -8 -14 -26 -27 -10 -2 -25
right_child=2 7 5 10 6 9 17 8 27 11 14 -13 15 21 -16 -17 -18 -19 19 -21 -22 -23 -24 29 25 26 -28 -29 -30 -31
leaf_value=0.071467958521649402 0.026579236933445424 0.0060302694800334344 -0.038427543292288049 0.029032696416030748 -0.035763631882853843 0.03869467725441416 -0.021048431617817318 -0.040640014374332491 0.019989637666413179 0.020869729452102199 -0.00045624903336081665 0.024883157100069934 -0.022998799559619393 -0.020947180431035373 0.010063813954571269 -0.0059621220310876336 -0.020100279110033203 0.079233366143276807 0.0056481032885987124 0.015958977907189156 -0.05077377376415846 0.007752281260027194 0.016459556305748864 -0.0084415026793334819 0.068951665166231954 -0.039913074781283926 -0.0035543402145098756 -0.0084510670816964322 0.10544391665152114 0.0054286509721164413
leaf_weight=30.168274253606796 931.58063159883022 1703.1549198925495 422.31672286987305 1739.5526423305273 1285.2461282461882 1460.2880522459745 889.87626525759697 1526.3502435684204 641.79810665547848 4638.1904216855764 8719.567865177989 4857.8451490998268 4593.38993473351 1141.5571696609259 13761.490467190742 11523.464957073331 11383.344792112708 88.609166696667671 16296.624847069383 8964.2797449529171 4740.5027161538601 5572.1571195274591 411.60203850269318 2909.1014456748962 202.17354255914688 536.25575642287731 1319.1039680689573 2477.2824918627739 70.274604484438896 7659.3653210997581
leaf_count=159 3966 8034 2382 7300 7119 5967 4323 9025 3123 19486 39857 20070 22418 5148 60782 54015 58767 365 70963 38097 31727 25026 1832 13565 940 2581 6363 12099 294 34784
internal_value=-0.000147395 -0.023429 0.00509188 0.000254096 -0.00431649 0.013457 -0.00732588 -0.01628 -0.0186506 0.014062 0.00763889 0.0130271 -0.0119459 0.00716486 0.00598347 -0.0102616 -0.0225288 0.000460133 0.0111008 0.0093071 -0.0500008 0.00365728 -0.011034 -0.000149033 -0.017711 -0.00590608 -0.0140631 -0.00259896 0.0321112 0.00161072
internal_weight=122497 22502.6 99993.9 63354.4 39133.8 36639.5 31006.6 17731.9 16028.8 36217.2 24220.6 34756.9 19459.6 8127.17 22481.1 18174.4 12909.7 11547 29899.1 25260.9 4770.67 7125.32 1553.16 11458.3 6650.92 2057.53 1855.36 3119.08 1001.86 10568.5
internal_count=570577 122934 447643 290678 182739 156965 146473 91048 83014 154583 107939 148616 93436 36266 100639 86317 67792 53037 128546 109060 31886 32006 6980 52672 32302 9884 8944 15222 4260 48349
is_linear=0
shrinkage=0.05


Tree=15
num_leaves=31
num_cat=0
split_feature=10 10 12 19 37 19 37 0 20 20 32 33 32 19 5 43 33 33 33 33 43 32 33 43 32 33 33 32 33 32
split_gain=5615.78 1888.29 1091.92 727.827 585.519 578.193 408.684 351.819 331.471 330.265 316.394 383.483 265.712 263.521 255.87 273.661 228.498 272.257 226.634 199.464 182.857 178.597 191.001 211.844 171.673 300.592 595.784 240.636 222.994 182.597
threshold=0.013797694553098662 0.023933232211521535 0.035714285714285532 -0.094320753312012465 -0.089085373172428747 -0.19774635804546234 -0.060550458715625026 0.084080852775543682 0.081639688045060929 0.4410491853466762 4.5000000000000009 -4749.4999999999991 4.5000000000000009 -0.12730825861581696 -0.19718309859154701 3.5000000000000004 -4730.4999999999991 -4704.4999999999991 -1696.4999999999998 -4854.4999999999991 2.5000000000000004 2.5000000000000004 -1926.9999999999998 2.5000000000000004 10.500000000000002 -2189.4999999999995 -1773.9999999999998 5.5000000000000009 -1352.4999999999998 8.5000000000000018
decision_type=8 10 10 8 10 10 10 10 10 10 2 2 2 10 8 2 2 2 2 2 2 2 2 2 2 2 2 2 2 2
left_child=2 3 -1 6 19 8 18 -7 -6 -8 21 -12 -11 -4 -5 -16 -13 -18 -2 -3 -14 -10 -23 -24 25 -19 29 -28 -26 -27
right_child=1 4 13 14 5 7 9 -9 10 12 11 16 20 -15 15 -17 17 24 -20 -21 -22 22 23 -25 28 26 27 -29 -30 -31
leaf_value=-0.051412621567946105 0.0030300031241633895 -0.048422300708554591 -0.027080138547884072 0.023435045090823739 -0.036124202610070009 0.012817985954422498 -0.024475499435242992 0.037525741814515297 0.0027458995259083247 -0.016017811998016808 0.051927993106879372 -0.039806832078825183 -0.01107098876116171 -0.012037521681171046 -0.0040832740881320854 0.0079169754631287781 0.057362856050074643 -0.0024858340569661953 0.042067826860197992 0.027792632795439406 0.00052332501435114023 -0.018261241605533971 0.030237279084697189 -0.018680382581652284 0.018157438703446275 0.04063221231470155 0.048142960690073608 -0.0055902957362300174 -0.01424006083265485 0.0093040153532569728
leaf_weight=3773.2271597534418 3015.0079470276833 87.353574529290199 6681.9237157851458 1568.6291350275278 508.51444801688194 22478.488817989826 3633.4139196127653 1539.4331119656563 5121.8390040695667 7145.6376601308584 488.11565811932087 256.74330446124077 5724.0056785941124 5159.5624244511127 8752.984517082572 10390.508497864008 271.79388861358166 7674.9650359451771 424.08034443855286 4977.3973634690046 8378.1047608703375 2750.751176327467 494.20027446746826 400.82925827801228 4726.6944978684187 1684.5564668029547 224.98140916228294 2820.3378480523825 598.38317659497261 642.52181911468506
leaf_count=26550 13733 380 36754 6733 2934 96187 18725 6311 22796 35107 2027 1112 27344 26931 40692 46963 1148 33960 1914 20511 39428 12546 2212 1841 20371 7008 984 12530 2692 2761
internal_value=1.78904e-05 0.00411347 -0.0279895 -0.00310236 0.0102402 0.0086792 -0.00831198 0.0144016 0.00388451 -0.010545 0.00460708 0.00817122 -0.00816291 -0.0205258 0.0040209 0.0024301 0.00704121 0.00768634 0.00784383 0.0264781 -0.00418277 -0.00327483 -0.0117332 0.00833004 0.00695144 0.00386372 0.0129346 -0.0016206 0.0145169 0.0319823
internal_weight=122395 106780 15614.7 49032.4 57747.9 52683.1 28320.3 24017.9 28665.2 24881.2 28156.7 19389.1 21247.7 11841.5 20712.1 19143.5 18901 18644.2 3439.09 5064.75 14102.1 8767.62 3645.78 895.03 18372.4 13047.4 5372.4 3045.32 5325.08 2327.08
internal_count=571185 480950 90235 230639 250311 229420 136251 102498 126922 120604 123988 84593 101879 63685 94388 87655 82566 81454 15647 20891 66772 39395 16599 4053 80306 57243 23283 13514 23063 9769
is_linear=0
shrinkage=0.05


Tree=16
num_leaves=31
num_cat=0
split_feature=10 13 13 38 5 38 9 13 32 10 1 4 19 36 6 43 7 10 10 10 32 25 19 20 32 32 32 32 34 38
split_gain=5044.73 1903.76 886.83 708.181 667.411 736.282 483.81 432.323 357.706 240.245 229.307 213.373 207.491 207.04 180.62 172.407 169.199 167.17 165.263 164.234 232.573 156.806 153.728 148.985 143.249 203.23 132.659 177.755 130.303 129.318
threshold=0.012918413842818537 0.035129749345569221 2.2898349882893855e-17 -0.14013051834651716 -0.13418990177686382 0.015696525106215557 0.035162816870569595 2.2898349882893855e-17 4.5000000000000009 0.02839078664475295 0.086956521739129614 -0.089005235602094376 0.55751244897243157 0.999589153656532 23.860034059882704 2.5000000000000004 -0.019605489819547569 0.0073296268242625832 0.021997364749390003 0.021054865693930593 2.5000000000000004 0.68167935015761116 -0.060063806220641981 0.081639688045060929 3.5000000000000004 5.5000000000000009 10.500000000000002 9.5000000000000018 2.8707317708119455 -0.086680087322778751
decision_type=8 10 10 8 8 8 10 10 2 10 10 10 10 2 10 2 10 10 10 10 2 8 10 10 2 2 2 2 2 8
left_child=2 4 -1 14 18 7 12 -6 19 15 16 -4 29 24 -3 -10 21 -13 -2 -9 -21 -7 -19 -20 -8 -26 27 -17 -28 -5
right_child=1 3 11 6 5 10 13 8 9 -11 -12 17 -14 -15 -16 26 -18 22 23 20 -22 -23 -24 -25 25 -27 28 -29 -30 -31
leaf_value=-0.04904149396227294 0.001004686938002186 0.041048382267692009 0.013290399208999862 0.010976315302058098 -0.037493737699904849 0.0051022991526340974 0.0045637173696842755 -0.023177927200601408 -0.014088747160961724 0.0084888573941197323 0.04058728808597032 -0.040191425328582692 0.010383952790725508 0.037594036439800971 0.020930323901584585 -0.0029556253273333704 0.013554667863244892 -0.026037424051114075 -0.029762989992521582 0.002316805755065036 -0.020706832552484945 -0.0070497653027549421 -0.011205851275459139 0.014819369122459583 0.03000812574096734 0.013083522670250917 0.037157262937653784 -0.02627829849250965 0.002551182420419457 0.00044841998962235648
leaf_weight=4093.1035528630018 5202.4892650097609 1648.7312409281731 434.9037602096796 3397.4833795130253 1461.2255705744028 5506.6019401699305 3522.7641886621714 5289.1992525011301 6184.0188113600016 2693.4745428413153 397.08887703716755 1166.0051536262035 10428.938854604959 941.64023077487946 3450.6718848496675 5415.4485608488321 2563.4759837538004 4138.6266797035933 193.95420333743095 2031.1908046603203 2384.516941472888 5125.5431345701218 3023.4416633546352 5540.8376991003752 2139.6546815931797 10371.926603093743 330.62389175593853 962.11297330260277 1534.3973940461874 20618.737834200263
leaf_count=29424 23979 6712 2086 14765 8627 25373 15072 26932 30009 11811 1695 7180 45071 3850 14222 25901 11668 22813 1109 9496 11411 23803 15824 24184 8953 43514 1570 4670 7313 92246
internal_value=-0.000199222 0.00328445 -0.0298267 0.00966229 -0.00354071 -0.00641308 0.0078998 -0.0110089 -0.00956617 -0.005219 0.00315068 -0.0208517 0.00449501 0.0148083 0.0274349 -0.00777828 0.00202412 -0.0226346 0.00745761 -0.0172348 -0.0101161 -0.000755967 -0.0197763 0.0133116 0.0134702 0.0159779 -0.00304384 -0.00647406 0.00868602 0.00193776
internal_weight=122193 109337 12856.1 56520.5 52816.2 41878.9 51421.1 28286.2 26825 17120.1 13592.7 8762.98 34445.2 16976 5099.4 14426.6 13195.6 8328.07 10937.3 9704.91 4415.71 10632.1 7162.07 5734.79 16034.3 12511.6 8242.58 6377.56 1865.02 24016.2
internal_count=571283 493956 77327 244405 249551 200279 223471 137740 129113 81274 62539 47903 152082 71389 20934 69463 60844 45817 49272 47839 20907 49176 38637 25293 67539 52467 39454 30571 8883 107011
is_linear=0
shrinkage=0.05


Tree=17
num_leaves=31
num_cat=0
split_feature=10 10 19 13 37 19 13 38 3 43 0 33 13 32 33 32 33 33 32 33 33 33 33 33 33 32 33 43 33 33
split_gain=4733.12 1842.26 738.866 691.783 491.142 507.378 483.136 339.883 296.066 299.28 296.028 275.32 273.203 268.815 338.421 268.554 202.952 607.011 330.715 388.352 232.667 201.018 199.423 195.515 237.433 206.852 193.318 188.639 188.529 186.301
threshold=0.012268960425933386 0.024032960300222249 -0.17789009008927495 2.2898349882893855e-17 -0.079501288016095725 -0.33407265701789823 0.0068745909195452662 -0.086680087322778751 -0.082765640602980237 3.5000000000000004 0.084080852775543682 -2374.4999999999995 0.0079999999999993774 4.5000000000000009 -4749.4999999999991 4.5000000000000009 -2374.4999999999995 -1773.9999999999998 3.5000000000000004 -2332.4999999999995 -4538.4999999999991 -4730.4999999999991 -4854.4999999999991 -4301.4999999999991 -4336.4999999999991 1.5000000000000002 -1188.4999999999998 2.5000000000000004 -4704.4999999999991 -4301.4999999999991
decision_type=8 10 8 10 10 10 10 10 8 2 10 2 10 2 2 2 2 2 2 2 2 2 2 2 2 2 2 2 2 2
left_child=3 2 6 -1 22 12 -2 11 -4 -10 16 -8 -6 -14 -15 26 20 18 19 -18 -7 -16 -3 24 25 -11 -9 -17 -23 -29
right_child=1 4 8 -5 5 10 7 15 9 23 -12 -13 13 14 21 27 17 -19 -20 -21 -22 28 -24 -25 -26 -27 -28 29 -30 -31
leaf_value=-0.048401159267201697 -0.037351573297425396 -0.04670488104980907 0.023890559231995082 -0.022100213155205339 -0.023345430330214509 0.019328052177307257 -0.0010006948285377489 -0.019064952464419131 -0.0048239118771537005 0.056682569859982129 0.033414820087957438 0.030426284505473522 -0.0044095910507151274 0.051927935133935801 -0.041759966598287249 -0.013637510177434474 0.03712170520767108 0.00340167580340376 0.034469995893584994 -0.014232268236778978 0.0039504145617597769 0.052532191588735136 0.023537651768654508 0.0045163975878703203 0.059345433214339528 -0.00071700530286278883 0.02945276524376127 0.023375117553069782 0.0059865763297011635 -0.0038842879802295466
leaf_weight=3849.2829377651215 1425.3545852601528 102.70241819322109 1562.4930231422186 7133.3742856830359 985.02798739075661 3135.4536559283733 4421.4824633896351 7504.054300531745 10473.977835118771 200.11542101204395 1580.0793424993753 827.30111077427864 7311.8421189934015 411.27850043773651 217.43780101835728 5421.4299103021622 632.97264432907104 4899.8031491339207 4256.7529745101929 879.90775825083256 11414.510024145246 220.71049822866917 6260.624775275588 11056.810733169317 363.26963083446026 727.78496831655502 211.08598563075066 675.8421209603548 15195.617150619626 8636.2512549459934
leaf_count=28683 8736 454 6769 39889 5233 13171 20200 37961 49146 890 6434 3655 32937 1692 952 26412 2708 21185 17734 3820 49164 921 25845 50331 1635 3298 1026 3188 66127 41240
internal_value=-6.80887e-06 0.00309091 -0.00358647 -0.0313184 0.00930411 0.00767415 -0.00896281 -0.00750188 0.00283459 0.001393 0.0124205 0.00395275 0.00244856 0.00353637 0.0071574 -0.0101801 0.0111052 0.0163431 0.0273335 0.00725367 0.00726423 0.00597962 0.022404 0.0066664 0.0250777 0.0116621 -0.0177375 -0.00622272 0.00665295 -0.00190589
internal_weight=121995 111012 53507.3 10982.7 57504.7 51141.4 29122.8 27697.4 24384.5 22822 26799.5 5248.78 24341.9 23356.9 16045 22448.7 25219.4 10669.4 5769.63 1512.88 14550 15633.8 6363.33 12348 1291.17 927.9 7715.14 14733.5 15416.3 9312.09
internal_count=571436 502864 254487 68572 248377 222078 142418 133682 112069 105300 114216 23855 107862 102629 69692 109827 107782 45447 24262 6528 62335 68000 26299 56154 5823 4188 38987 70840 67048 44428
is_linear=0
shrinkage=0.05


Tree=18
num_leaves=31
num_cat=0
split_feature=10 13 10 19 1 37 20 32 32 13 33 33 33 32 6 33 33 43 3 43 1 33 33 34 32 43 33 33 33 33
split_gain=4296.89 1471.79 1130.17 607.293 377.155 335.728 325.96 332.897 404.08 320.801 289.852 965.686 294.803 314.469 279.341 278.996 288.754 254.712 246.474 224.206 216.462 216.368 213.058 204.662 192.893 214.894 228.465 460.883 351.683 444.882
threshold=0.01593346836196766 2.2898349882893855e-17 0.027505854083810174 -0.036484087340064059 -0.080476555413574111 -0.065925791423471533 0.11060122363428011 3.5000000000000004 2.5000000000000004 0.020456549794901704 -1773.9999999999998 -2189.4999999999995 -4684.4999999999991 10.500000000000002 1.0000000180025095e-35 -2159.4999999999995 -2058.4999999999995 3.5000000000000004 -0.1104294478527607 6.5000000000000009 0.14665958200495913 -1696.4999999999998 -1696.4999999999998 4.0613043372021433 4.5000000000000009 2.5000000000000004 -1748.4999999999998 -2028.4999999999998 -2585.4999999999995 -2765.4999999999995
decision_type=8 10 10 10 10 8 10 2 2 10 2 2 2 2 8 2 2 2 10 2 10 2 2 2 2 2 2 2 2 2
left_child=1 -1 3 5 -4 21 -6 8 -8 -3 11 12 -9 19 -7 17 -17 -13 -5 -14 24 -2 -12 -18 -16 -26 27 28 29 -27
right_child=2 9 4 18 6 14 7 10 -10 -11 22 15 13 -15 20 16 23 -19 -20 -21 -22 -23 -24 -25 25 26 -28 -29 -30 -31
leaf_value=-0.046451511930334088 0.0045608350662901566 -0.020841321004411176 0.029664711739212452 0.033918681027844198 -0.030761335215098995 -0.041510547907001975 0.0079044845411157753 0.025773075094013172 -0.015168316716995018 -0.007484783442517292 -0.013497286020340763 0.019544223310554075 0.00068959820253570265 0.017601429088542217 -0.011421603798189763 0.012155419670985879 0.043923548856199611 0.080716445620162502 0.0052688509953356813 0.041263941915858776 0.071426480071275278 0.038057881857191132 0.0081777644887571117 0.015382958984992338 -0.0088250261960263528 0.0029922985558649509 -0.01517617526347511 0.041484659264462161 -0.02217822153744136 0.064311444787221797
leaf_weight=4238.6611484140158 3530.1608940213919 8424.3421337753534 2424.9826622754335 778.47667242586613 499.9616162776947 547.36324387788773 7298.407882630825 2317.6248777359724 2564.3446001261473 9639.8617366105318 1519.9227642267942 254.15719567239285 10500.430518910289 4602.9064695239067 9925.4637660682201 1815.9968340843916 2544.3757437765598 514.9507203400135 21040.802582800388 351.88423836231232 91.239845544099808 558.3255617171526 4462.2811041176319 834.03284963965416 8793.8228649497032 7463.2582374811172 1740.4226944744587 775.02772898972034 1355.4027817249298 308.00343090295792
leaf_count=32095 15732 47251 9921 3207 2958 3360 31384 9544 11440 47822 6525 1074 45133 19311 48411 7506 10392 2108 93756 1487 373 2439 19156 3419 41718 34540 8161 3432 6286 1419
internal_value=-0.000101279 -0.0199355 0.0043484 -0.000259035 0.0105169 -0.0043321 0.00935839 0.00986515 0.00190549 -0.0137137 0.0125067 0.0149857 0.00914379 0.00665011 -0.00610826 0.0323961 0.0282346 0.0605016 0.00629103 0.00200521 -0.00547193 0.00913521 0.0026707 0.0368777 -0.00570302 -0.00292558 0.00153055 0.00446709 0.0013236 0.0054226
internal_weight=121717 22302.9 99414 56907.8 42506.3 35088.5 40081.3 39581.3 9862.75 18064.2 29718.6 23736.4 17772.8 15455.2 31000 5963.51 5194.41 769.108 21819.3 10852.3 30452.6 4088.49 5982.2 3378.41 30361.4 20435.9 11642.1 9901.69 9126.66 7771.26
internal_count=571360 127168 444192 262834 181358 165871 171437 168479 42824 95073 125655 99974 75475 65931 147700 24499 21317 3182 96963 46620 144340 18171 25681 13811 143967 95556 53838 45677 42245 35959
is_linear=0
shrinkage=0.05


Tree=19
num_leaves=31
num_cat=0
split_feature=10 13 37 37 0 13 5 13 7 36 32 32 43 10 5 7 35 34 5 38 0 5 38 32 43 11 13 7 43 8
split_gain=3993.42 1760.51 698.827 577.476 566.36 485.882 405.723 378.59 361.418 356.521 233.017 229.634 285.031 209.97 194.042 180.159 174.053 166.852 156.457 229.206 135.204 128.555 127.917 124.871 122.512 221.249 204.55 122.46 121.855 121.216
threshold=0.011286230221657284 0.029840195016530794 -0.075652660188553475 0.042960341195862124 0.0014419653840719306 0.0079999999999993774 -0.098305084745762814 2.2898349882893855e-17 -0.14276185192607763 0.999589153656532 4.5000000000000009 4.5000000000000009 2.5000000000000004 0.028123648542714288 -0.24489624572807825 -0.10393983010188239 0.087912087911998352 3.166002196318539 -0.13418990177686382 0.029228124555127136 -0.033053637979122745 -0.28757323309289118 0.25042117016173032 1.5000000000000002 3.5000000000000004 0.20516594592561979 1.1449174941446928e-17 -0.11187058874831023 1.0000000180025095e-35 0.02469135802469136
decision_type=8 10 8 10 8 10 8 10 8 2 2 2 2 10 8 10 10 2 8 10 10 8 8 2 2 10 10 10 2 10
left_child=5 4 14 8 6 15 24 -8 21 22 23 -10 -13 16 -3 -1 18 -14 -6 -20 -16 -4 -5 29 26 -26 -2 -7 -28 -9
right_child=1 2 3 9 13 27 7 10 11 -11 -12 12 17 -15 20 -17 -18 -19 19 -21 -22 -23 -24 -25 25 -27 28 -29 -30 -31
leaf_value=-0.0054646614548079326 -0.03056739608344447 0.034002256039445428 0.022113532084601706 0.0085638253902232241 0.012809934357737255 0.00047560097958093727 -0.038200511860287466 -0.030316042049491017 -0.009807401600659009 0.038843434910707297 -0.0077549708662730567 -0.0074422282909020233 0.015266020451792057 0.017734234054399417 0.027220328615996311 -0.047855644841904729 0.075804512274545058 0.0015722993857685856 -0.0074250716798101137 0.0093109966176819423 0.011858019696208052 0.0059023528856440473 0.018843604454534067 -0.024373753953747423 0.070629563965233497 0.0044128408366569116 0.022750483457907894 -0.024525469811511529 -0.0041916094920558828 0.00057539858345179574
leaf_weight=267.86014974117279 698.93839658796787 1991.2583321779966 1310.9188631772995 15265.355709239841 1850.0770697295666 560.05269078910351 1513.5202815979719 439.54888287186623 7008.3791530430317 1187.1653158813715 10923.527864202857 6088.2295857220888 3408.7455829232931 1896.4263212531805 2015.3831850737333 3898.4183426946402 75.005478590726852 6402.8766451328993 7674.0927640497684 2789.3839948624372 4949.9706112146378 18219.358678817749 3774.4908465892076 4393.3932481557131 132.41503617167473 2666.1139817684889 462.9772305637598 3904.4496646672487 4487.8630901873112 1144.223930940032
leaf_count=1743 3872 8086 5474 65109 8412 2981 9552 2286 32556 4849 53201 27816 15120 8227 8362 30548 306 28298 38052 12940 20951 80041 15543 22451 593 12358 2011 22473 21114 5604
internal_value=-6.99733e-05 0.0024388 0.00717403 0.00530684 -0.00580344 -0.0328495 -0.0100811 -0.0142433 0.00199317 0.0122593 -0.0120979 -0.00226725 0.00105631 0.00224068 0.020238 -0.0451302 -0.000131058 0.00632976 -0.000593604 -0.00296352 0.016303 0.00699049 0.0106017 -0.0200347 -0.00100915 0.00754595 -0.00524678 -0.0213892 -0.00167212 -0.00799799
internal_weight=121400 112770 71622.1 62665.5 41147.5 8630.78 26862.5 18414.2 42438.5 20227 16900.7 22908.2 15899.9 14285 8956.61 4166.28 12388.6 9811.62 12313.6 10463.5 6965.35 19530.3 19039.8 5977.17 8448.31 2798.53 5649.78 4464.5 4950.84 1583.77
internal_count=570929 513184 312205 274806 200979 57745 133042 93094 189305 85501 83542 103790 71234 67937 37399 32291 59710 43418 59404 50992 29313 85515 80652 30341 39948 12951 26997 25454 23125 7890
is_linear=0
shrinkage=0.05


Tree=20
num_leaves=31
num_cat=0
split_feature=10 13 12 28 37 13 7 5 4 43 8 5 28 33 32 33 33 33 32 33 32 8 7 33 13 34 35 33 33 33
split_gain=3712.4 1428.51 656.026 645.252 541.986 461.278 443.686 364.873 321.84 311.36 227.518 220.187 218.263 289.33 228.739 314.784 212.457 443.279 206.751 187.922 185.589 185.026 183.4 176.252 175.604 170.749 168.985 166.775 251.547 160.203
threshold=0.012268960425933386 0.03665512126091721 1.0000000180025095e-35 0.0048177015850747905 -0.08380681099813557 0.0089265740372667223 -0.1937942997526684 -0.13418990177686382 0.13333333333333433 3.5000000000000004 0.28696217377174277 -0.21606895528294442 0.14272263751750938 -4277.4999999999991 1.5000000000000002 -4336.4999999999991 -4538.4999999999991 -4831.4999999999991 11.500000000000002 -4854.4999999999991 3.5000000000000004 0.068713875237133695 -0.11187058874831023 -912.49999999999989 0.015125989180950204 3.719650378161234 -1.980637875931279e-13 -4518.4999999999991 -4110.4999999999991 -2189.4999999999995
decision_type=8 10 10 10 8 10 8 8 10 2 10 8 10 2 2 2 2 2 2 2 2 8 10 2 10 2 10 2 2 2
left_child=2 3 -1 5 23 26 27 -5 11 16 20 -6 13 14 -11 -16 17 -9 -15 -13 -8 -17 -4 -3 -24 -19 -2 -7 -29 -14
right_child=1 4 22 7 8 6 10 9 -10 12 -12 19 29 18 15 21 -18 25 -20 -21 -22 -23 24 -25 -26 -27 -28 28 -30 -31
leaf_value=-0.048595950213078609 0.0025058261896469393 0.020769640428864269 -0.0029190265451406717 0.017432246898109689 0.016610634338046375 0.023383020842668824 -0.018407938693999055 -0.019813571637192801 0.013281884189174326 0.056916308142775596 0.013970286874762986 -0.019095768552430281 0.0053038077085264005 -0.0020950005633982188 -0.0052869586362430492 0.091481977609873311 -0.014479118130284942 0.0083085528320210236 0.019259096761628087 0.0034431410792905106 -0.0077676313905112558 0.021760497623505071 -0.033209033740828106 0.072293311705062813 -0.016436640760964832 0.067111477831185526 -0.032986795897858232 -0.014561033776077516 0.0066531696211888924 0.039284071780468374
leaf_weight=2944.2863041758537 394.63207371532917 6257.5617218315601 1210.4800362586975 3764.0370245426893 3155.8339443802834 971.37273275852203 5760.69706992805 583.0508159995079 13126.529453217983 368.20820854604244 969.01806002855301 954.93421150743961 665.85423110425472 12182.440135344863 844.26142737269402 154.10392081737518 4467.6965782046318 204.46940094232559 1249.798968821764 29314.333144366741 14199.471390753984 248.76650351285934 2897.1023818403482 170.50465007126331 3382.7388891875744 311.56703251600266 2232.8237706944346 1862.1856384277344 5597.9466815143824 724.02570185065269
leaf_count=24633 2060 25747 6604 16620 13217 4184 29155 2735 54694 1635 4358 4629 2913 56985 3821 715 21870 871 5815 128409 69022 1114 18836 688 18711 1359 13145 8405 24907 3124
internal_value=-8.89745e-05 0.00259756 -0.0285995 -0.00284148 0.00852699 -0.0075848 -0.00578866 0.00304677 0.00664775 0.000585999 -0.00968988 0.00404243 0.00404725 0.0022962 0.0222891 0.0120656 -0.0096343 0.0100595 -0.000108114 0.00273208 -0.0108385 0.04843 -0.0207393 0.0221363 -0.0241743 0.043812 -0.027656 0.0038952 0.00135772 0.023005
internal_weight=121171 110736 10434.6 57756.4 52979.7 31988.1 29360.7 25768.3 46551.6 22004.2 20929.2 33425.1 16437.5 15047.6 1615.34 1247.13 5566.78 1099.09 13432.2 30269.3 19960.2 402.87 7490.32 6428.07 6279.84 516.036 2627.46 8431.51 7460.13 1389.88
internal_count=570981 502197 68784 274813 227384 155236 140031 119577 200949 102957 102535 146255 76122 70085 7285 5650 26835 4965 62800 133038 98177 1829 44151 26435 37547 2230 15205 37496 33312 6037
is_linear=0
shrinkage=0.05


Tree=21
num_leaves=31
num_cat=0
split_feature=13 13 5 5 28 38 0 8 9 32 28 32 32 32 28 28 9 34 34 8 38 37 28 8 38 28 1 0 0 28
split_gain=3384.03 1441.57 773.389 604.647 600.833 546.818 375.769 349.891 279.473 307.868 273.189 254.663 338.466 254.536 196.523 192.425 190.843 193.247 168.28 162.842 161.374 153.039 151.957 207.103 151.045 138.384 169.51 133.544 129.967 126.452
threshold=0.011538461538460576 0.034772586032831204 -0.094972067039105865 -0.12999999999999992 0.047497816671263231 -0.14836488991103411 0.07272727272727332 1.0000000180025095e-35 0.012986986537429702 6.5000000000000009 0.0059005427376701931 3.5000000000000004 8.5000000000000018 1.5000000000000002 0.077410998034752543 -0.085558969531409637 0.042948838877758126 3.1822118484109185 3.0610489973715933 0.0057475292915718521 -0.016498944973205473 -0.059326563335156839 -0.15301399071324875 0.12802899234560142 0.04447875329098306 -0.0044886367206103577 -0.0013695891348841636 -0.043692388584205259 0.0017452006980803738 -0.073084081902700937
decision_type=8 10 10 8 10 8 10 10 10 2 8 2 2 2 10 10 10 2 2 8 8 10 10 10 8 10 10 10 8 10
left_child=2 3 10 25 8 22 11 -4 -5 24 -1 13 14 15 21 -7 17 -14 -6 -12 -21 29 23 -3 -10 -2 -27 -15 -20 -13
right_child=1 5 7 4 18 6 -8 -9 9 -11 19 12 16 27 -16 -17 -18 -19 28 20 -22 -23 -24 -25 -26 26 -28 -29 -30 -31
leaf_value=-0.014528914172956337 0.0026195115352339133 0.061265745507600958 -0.045660685502266506 -0.01648010405951068 0.016782047076111008 0.069640144218679076 0.024448525753192868 -0.023121107516212533 -0.014373282650028872 -0.00044812796532870579 -0.016213108491197014 0.040441551555095365 0.0082761555356702723 0.017602039835055081 0.019786429525085223 0.0063903031305542705 0.014386114635421122 -0.0033766404739492186 -0.0048787806510201485 0.013969644554185329 0.072409272360670934 0.0065421632643610037 0.021079037781882873 -0.038462579596640047 0.0016448298976591065 0.0050057534272233209 0.025576620995863043 -0.0083458165896612545 0.0081705273190094997 0.013272392788237455
leaf_weight=1437.402087777853 6578.7125712931156 456.36180858314037 4376.546188339591 9964.7155366539955 2194.4306770861149 123.23846399784088 2726.4412386417389 2838.5034169256687 10133.562627792358 11056.774380937219 180.12328471243382 610.7731551527977 5347.8130020648241 533.22638677060604 5798.9064411371946 4957.6174605190754 2939.4977265894413 10629.950710043311 4175.6650253236294 269.99244575202465 210.01984008401632 11488.190375551581 4104.2484786510468 58.761395305395126 1721.7662025243044 2197.9578581750393 1839.6487640887499 7076.616424292326 3513.6575698852539 1433.2209539264441
leaf_count=7900 29737 1849 35119 53498 9893 534 11202 17099 49952 52197 1028 2583 23214 2283 24020 21500 12184 46524 19477 1286 986 50253 16701 239 8000 9794 8093 31777 15965 6092
internal_value=-6.69713e-05 0.00234806 -0.0290242 -0.00358852 -0.00624013 0.00778475 0.00636387 -0.0367933 -0.00948982 -0.00644967 -0.0023004 0.00539591 0.00743232 -0.000741586 0.0120852 0.00792446 0.00267765 0.000523591 0.00456945 0.0243264 0.0395387 0.00878502 0.0242918 0.0498895 -0.0120469 0.00709167 0.0143784 -0.00652763 0.00108414 0.0213909
internal_weight=120974 111662 9312.59 53376.9 42760.6 58284.9 53665.5 7215.05 32876.8 22912.1 2097.54 50939.1 38248.4 12690.7 19331.1 5080.86 18917.3 15977.8 9883.75 660.136 480.012 13532.2 4619.37 515.123 11855.3 10616.3 4037.61 7609.84 7689.32 2043.99
internal_count=570979 507561 63418 256606 208982 250955 232166 52218 163647 110149 11200 220964 164870 56094 82948 22034 81922 69738 45335 3300 2272 58928 18789 2088 57952 47624 17887 34060 35442 8675
is_linear=0
shrinkage=0.05


Tree=22
num_leaves=31
num_cat=0
split_feature=10 10 20 12 5 38 1 7 5 5 32 33 33 33 20 32 33 33 34 32 33 33 33 33 33 33 38 33 32 33
split_gain=3139.56 1361.21 559.7 458.488 415.593 458.988 366.546 353.677 289.736 286.325 221.836 214.895 217.788 351.918 205.957 213.755 320.248 724.601 231.517 212.09 333.846 299.56 205.794 198.403 406.557 196.304 217.797 192.257 191.366 181.092
threshold=0.011286230221657284 0.023933232211521535 0.51430678276198771 1.0000000180025095e-35 -0.18433179723502172 0.029228124555127136 -0.073860045993796405 -0.018518518518518431 -0.070572896442042052 -0.18736366876559316 3.5000000000000004 -4770.4999999999991 -2207.4999999999995 -2332.4999999999995 0.11060122363428011 4.5000000000000009 -1773.9999999999998 -2058.4999999999995 2.9869429724168453 2.5000000000000004 -1926.9999999999998 -1578.4999999999998 -4110.4999999999991 -4257.4999999999991 -4336.4999999999991 -4963.4999999999991 0.28607037551083997 -1787.4999999999998 9.5000000000000018 -2318.4999999999995
decision_type=8 10 8 10 8 8 10 10 8 10 2 2 2 2 10 2 2 2 2 2 2 2 2 2 2 2 8 2 2 2
left_child=3 2 -2 -1 22 8 -3 9 -6 11 -10 -8 13 -13 -11 19 17 -17 27 -16 29 -22 -4 24 -12 -7 -27 -19 -26 -21
right_child=1 6 4 -5 5 25 7 -9 10 14 23 12 -14 -15 15 16 -18 18 -20 20 21 -23 -24 -25 28 26 -28 -29 -30 -31
leaf_value=-0.047053312526155203 -0.016430495360990626 0.023120766271287105 -0.0040742646112938352 -0.021727426706272715 -0.00068506435844689823 -0.014144510781360581 0.045766846842899243 0.018851906554462779 -0.020200817909246643 -0.030823426677745864 -0.0062615871501413428 0.0090487739291694458 0.024117407210179954 -0.048870508594633238 0.0038155004358090801 0.0058470607761974928 -0.0036798734307209157 0.065394333496045357 0.024725169850361786 -0.011476686906518556 0.041479864057772715 -0.0071367937261427213 0.019596775885372366 -0.0098012929371390327 0.074650040980217075 0.0040420929861594412 0.025770729229990064 -0.033396053063464021 0.0025804053524951173 -0.039275234643415459
leaf_weight=2667.8946048095822 7256.8839104920626 3526.9611015468836 1280.8517539203167 5412.6682671234012 11803.593701168895 1304.4229306131601 500.94952073693275 5230.9990213513374 4645.5234414190054 431.1112085878849 1131.3329521417618 4398.5274050533772 2402.109712973237 278.89076295495033 7766.7357281148434 19558.857715889812 6224.0030162483454 663.69185394048691 1903.3708968609571 3140.9073437601328 531.52874654531479 784.4980109333992 3243.0366755872965 10573.788242191076 284.42960743606091 11528.818682268262 1281.4448408782482 53.195893421769142 136.22248256206512 720.19734665751457
leaf_count=23931 38429 14470 5635 33484 56696 6417 2049 21587 24124 2731 5473 18421 10136 1338 34077 83970 27194 2715 7801 14303 2285 3608 14038 52516 1315 52103 5585 215 640 3252
internal_value=1.54903e-05 0.00217615 -0.00350267 -0.0300891 -0.00151562 -0.00304272 0.00749869 0.00648936 -0.0066865 0.00517919 -0.0109103 0.0141193 0.0118799 0.00559534 0.00355703 0.00391551 0.00634242 0.00915493 0.0338464 -0.00140995 -0.00924917 0.0124989 0.0128948 -0.007351 0.00934304 0.00433406 0.00621567 0.0580637 0.0513113 -0.0166618
internal_weight=120667 112587 54470.3 8080.56 47213.5 42689.6 58116.5 54589.6 28574.9 49358.6 16771.3 7580.48 7079.53 4677.42 41778.1 41347 28403.1 22179.1 2620.26 12943.9 5177.13 1316.03 4523.89 12125.8 1551.99 14114.7 12810.3 716.888 420.652 3861.1
internal_count=570538 513123 262971 57415 224542 204869 250152 235682 140764 214095 84068 31944 29895 19759 182151 179420 121895 94701 10731 57525 23448 5893 19673 59944 7428 64105 57688 2930 1955 17555
is_linear=0
shrinkage=0.05


Tree=23
num_leaves=31
num_cat=0
split_feature=10 10 10 19 3 13 33 3 2 0 20 19 7 38 5 26 7 5 33 33 33 33 33 33 33 33 7 5 33 33
split_gain=2949.47 976.52 735.701 571.883 384.078 320.513 307.946 266.884 235.705 233.713 209.729 193.789 191.842 183.798 253.462 167.037 163.028 159.104 157.571 251.924 240.069 300.502 341.307 300.668 173.31 371.598 158.182 174.294 156.607 153.102
threshold=0.013367547365170792 0.028771715709011141 0.0073296268242625832 -0.23905961480767948 -0.066644831976131788 0.0040686595624544542 -1696.4999999999998 -0.11351351351351362 -0.12538503115091174 0.095238095238095469 0.081639688045060929 -0.10611207199340196 -0.0030349083540573414 0.026891815637327014 -0.076749435665913454 0.64749579646627542 -0.2561870052097116 -0.070572896442042052 -4919.4999999999991 -4538.4999999999991 -4382.4999999999991 -4301.4999999999991 -4091.4999999999995 -4072.4999999999995 -4831.4999999999991 -4900.4999999999991 -0.011388648089603213 -0.11999999999999993 -4319.4999999999991 -4770.4999999999991
decision_type=8 10 10 8 10 10 2 8 10 8 10 10 10 8 8 10 10 10 2 2 2 2 2 2 2 2 8 10 2 2
left_child=2 3 -1 4 6 -6 16 -5 -3 18 -10 -4 17 14 -7 -8 -2 29 -9 24 -21 28 -23 -24 25 -20 27 -25 -22 -12
right_child=1 8 11 7 5 13 15 9 10 -11 12 -13 -14 -15 -16 -17 -18 -19 19 20 21 22 23 26 -26 -27 -28 -29 -30 -31
leaf_value=-0.04147298835445886 0.014496791052602471 0.030638824894308303 -0.021349779532996615 0.02695696488237247 -0.033836606587611701 -0.0024414973731698968 0.050136812256935462 -0.015731696488444493 -0.029670012684779992 0.038738840801009478 0.037795076544114195 -0.0064259366192483541 0.022177110712598008 0.00051422568504032892 -0.01337122929315694 0.01173458361670629 -0.0047784006422425702 0.005435111853209702 0.042402113872478511 -0.020260792226824649 0.018171801610239974 -0.02032256749262704 0.072011124051801295 0.0096337757993598706 0.026234253591439965 -0.028535107834217116 0.01227840383593589 -0.0014178286221188854 0.06377952560574944 0.011388420625762263
leaf_weight=3742.0883450359106 1544.872560814023 1233.1658746302128 5160.7244614735246 1204.5080529898405 1118.9948763996363 9092.1491475850344 525.57487943768501 1144.4505974054337 357.98601984977722 450.84550419449806 580.25530277192593 3760.1462547555566 2491.3057963103056 6958.3606099933386 12732.507259234786 613.93778854608536 3783.9091273397207 22823.670113399625 296.46382007002831 1183.5992309600115 747.64005787670612 1646.3091056495905 157.71132047474384 4589.4604967981577 1859.8130403608084 489.3310344517231 3694.0908604115248 16022.531741656363 251.5545105189085 10158.702612146735
leaf_count=31766 6696 5014 31217 5000 7472 42676 2377 5594 2342 1886 2362 20606 10125 32100 63696 2779 17553 96890 1314 5393 3359 7530 677 20232 8026 2234 15879 73858 1085 42747
internal_value=-3.80834e-05 0.00264448 -0.022865 -0.000843411 -0.00519278 -0.00758252 0.00585465 0.00384526 0.00914018 0.00298959 0.00841208 -0.0150594 0.00879021 -0.00656184 -0.0088179 0.0294468 0.00080969 0.00779652 0.00248722 0.00316116 0.00178148 0.00274385 0.00171405 0.00319702 0.0179159 -0.00177199 0.00275051 0.00104292 0.0296539 0.0128152
internal_weight=120417 107754 12663 70108.6 36370.3 29902 6468.29 33738.3 37645.1 32533.8 36411.9 8920.87 36053.9 28783 21824.7 1139.51 5328.78 33562.6 32083 30938.5 28292.9 27109.3 26110.1 24463.8 2645.61 785.795 24306.1 20612 999.195 10739
internal_count=570485 486896 83589 327416 175349 145944 29405 152067 159480 147067 154466 51823 152124 138472 106372 5156 24249 141999 145181 139587 128013 122620 118176 110646 11574 3548 109969 94090 4444 45109
is_linear=0
shrinkage=0.05


Tree=24
num_leaves=31
num_cat=0
split_feature=10 10 13 12 12 7 38 1 38 33 28 28 28 33 12 33 33 33 33 33 33 33 33 5 7 33 33 13 28 7
split_gain=2747.01 1139.97 465.617 433.429 346.11 337.531 348.546 250.505 235.815 283.469 217.536 191.313 185.366 183.095 181.039 170.894 166.61 181.661 169.228 159.803 327.761 176.841 175.957 153.412 153.406 145.348 147.895 143.832 164.853 157.557
threshold=0.011286230221657284 0.023933232211521535 0.029354658750729866 1.0000000180025095e-35 0.064285714285714765 -0.29912576905573329 0.20399273981755997 9.9999999993993799e-06 -0.0966930045851742 -4110.4999999999991 0.0027949049001726165 0.047497816671263231 0.032617713227057844 -4501.4999999999991 1.0785714285714303 -4382.4999999999991 -3683.4999999999995 -3459.4999999999995 -4538.4999999999991 -2207.4999999999995 -1787.4999999999998 -2159.4999999999995 -1926.9999999999998 -0.070572896442042052 -0.10756245255675938 -4730.4999999999991 -4704.4999999999991 0.0079999999999993774 0.0016201527129605542 -0.15263157894736837
decision_type=8 10 10 10 8 10 10 10 8 2 10 10 10 2 10 2 2 2 2 2 2 2 2 8 10 2 2 10 10 10
left_child=3 2 4 -1 -2 -3 11 23 9 -4 -9 13 -10 25 16 -15 18 -18 -13 -19 21 -21 -23 -6 -5 -7 -27 28 -17 -29
right_child=1 5 8 24 7 6 -8 10 12 -11 -12 14 -14 15 -16 27 17 19 -20 20 -22 22 -24 -25 -26 26 -28 29 -30 -31
leaf_value=-0.045659323911532809 -0.040272229603982836 0.017490924616142153 -0.0095276154010911947 -0.00029140638504613687 -0.0046439171140691526 -0.0011459060062365758 0.016948722861563518 -0.0082509540468080258 -0.0038541192098552435 0.021792499805878593 0.0061535425987303514 0.021189597221760212 0.0056045797135511072 -0.02034978128706675 0.0047648679956448607 -0.030075362554741539 0.054363790911654324 0.0057641199843974124 -0.013153851131448261 0.083644008112287241 -0.0038424306116502296 0.01171962823900732 0.057266886481755243 -0.014270969979268484 -0.024076420845852445 0.047990509711630637 0.014534273142660814 0.0057494218411270875 0.010205013931089468 -0.0018936684156260503
leaf_weight=2527.1331053897738 788.82690192013979 6617.2062308341265 987.63626328110695 797.72297347337008 6920.8733194619417 1068.9293761998415 5885.3897718936205 4939.6849965155125 13756.049362674356 2690.4330043196678 5583.9741708040237 666.0926231443882 8308.0584824830294 933.08432811498642 8843.0652615875006 734.11029952764511 406.40193717181683 1312.7090723365545 777.24032232165337 231.52763886749744 506.34898163378239 426.92520248889923 421.27904573082924 10292.303065001965 4513.8611617982388 422.21957744657993 1517.6729466468096 14229.408118471503 388.40051864087582 12815.681930050254
leaf_count=24189 5683 27382 4317 4600 34034 4596 24024 25077 65013 11397 26862 2762 36706 4125 37313 4226 1728 5649 3353 944 2202 1765 1709 53975 29142 1733 6559 61502 1859 56738
internal_value=4.54493e-06 0.00199912 -0.00321402 -0.028614 -0.00761366 0.00685973 0.00549603 -0.00668486 0.00166137 0.0133824 -0.000607763 0.00402115 -0.000292524 0.00191641 0.00899349 0.00070236 0.0168683 0.0230574 0.00269552 0.0186684 0.0293485 0.0449136 0.0343417 -0.0104002 -0.0205043 0.0136585 0.0218161 0.00139974 -0.0161379 0.00212764
internal_weight=120310 112472 54267.8 7838.72 28525.7 58203.7 51586.5 27736.8 25742.2 3678.07 10523.7 45701.1 22064.1 32109.5 13591.6 29100.7 4748.52 3305.19 1443.33 2898.79 1586.08 1079.73 848.204 17213.2 5311.58 3008.82 1939.89 28167.6 1122.51 27045.1
internal_count=571164 513233 263064 57931 145631 250169 222787 139948 117433 15714 51939 198763 101719 141338 57425 128450 20112 13997 6115 12269 6620 4418 3474 88009 33742 12888 8292 124325 6085 118240
is_linear=0
shrinkage=0.05


Tree=25
num_leaves=31
num_cat=0
split_feature=10 10 19 13 37 19 13 32 37 4 28 4 33 36 32 33 28 33 33 33 33 33 33 33 33 33 32 33 32 43
split_gain=2541.81 1031.77 514.706 413.767 329.883 320.921 310.584 250.11 212.191 208.159 224.254 191.448 183.248 181.798 174.309 223.519 169.732 145.342 181.701 193.326 148.465 401.588 323.023 570.63 218.36 312.34 194.63 166.754 163.006 220.391
threshold=0.011286230221657284 0.023826302240510879 -0.23138706641699949 2.2898349882893855e-17 -0.075652660188553475 0.32545385828670648 1.1449174941446928e-17 3.5000000000000004 -0.060550458715625026 -0.13232165386055503 0.012682137404364779 0.13333333333333433 -4854.4999999999991 0.999589153656532 10.500000000000002 -1352.4999999999998 0.069626720293605046 -4749.4999999999991 -4730.4999999999991 -4684.4999999999991 -2189.4999999999995 -2129.4999999999995 -2332.4999999999995 -2374.4999999999995 -1972.4999999999998 -1773.9999999999998 3.5000000000000004 -2700.4999999999995 1.5000000000000002 2.5000000000000004
decision_type=8 10 8 10 10 10 10 2 10 8 10 10 2 2 2 2 10 2 2 2 2 2 2 2 2 2 2 2 2 2
left_child=3 2 6 -1 12 11 -2 -8 -9 -4 -11 14 -3 -7 17 -16 -10 -6 -19 -20 22 -22 23 27 -23 26 -26 -21 -27 -30
right_child=1 4 9 -5 5 13 7 8 16 10 -12 -13 -14 -15 15 -17 -18 18 19 20 21 24 -24 -25 25 28 -28 -29 29 -31
leaf_value=-0.042812714941298971 -0.03766641855338318 -0.047142704060011351 0.021260738565777301 -0.018855256336739724 0.017636741988751495 0.0095386234314494365 -0.015165280745154453 0.0099928850018440527 -0.007871537628496416 -0.0037405076291417722 0.0058103823038786031 0.010124511668540262 0.017581962057985092 0.030989800948711656 0.01221713963503602 -0.017947366017339334 0.0069327918118043648 -0.044654739427217316 0.031305245414930891 -0.0024218343088437226 0.04374395224593966 -0.022455541398891266 -0.031028622840180566 0.048184274772814395 -0.0054135967052337903 0.021118013538301436 0.033072039083120751 -0.017280208434560004 0.0056979304036210284 -0.017108951969549632
leaf_weight=2895.584906116128 849.76019831001759 111.10472811758518 1317.2503121644258 4773.0441950708628 982.07390594482422 14765.039193347096 6905.0766742676497 2348.3547721505165 15383.132626272738 12760.252833768725 11856.924659721553 6599.5649877637625 6945.7398562133312 1058.5139667987823 5023.823616668582 699.66337081044912 2214.8432501703501 247.06901922821999 439.21239238977432 10005.503238558769 568.32185859978199 935.0218358039856 1122.540627732873 521.22031106054783 455.88933379203081 614.3125824034214 1175.7702208310366 2327.5960577726364 1991.1915906667709 2263.242706105113
leaf_count=27896 6392 495 5590 29910 4119 61835 35905 10565 76978 61510 53579 27486 28564 4305 21414 3331 10076 1081 1808 44665 2401 4098 5826 2260 2081 2727 4827 10333 8995 10216
internal_value=-4.89425e-05 0.00184983 -0.00316623 -0.0279013 0.00642126 0.00503952 -0.00790551 -0.00696367 -0.00412442 0.0018959 0.000859702 0.00242921 0.0165629 0.0109736 0.000700185 0.0085297 -0.0060083 -0.0011947 -0.0020106 -0.00154066 -0.00219698 0.00323328 -0.00530658 -0.00306032 0.000136874 0.00338658 0.0223191 -0.00522602 -0.00295825 -0.00643471
internal_weight=120157 112488 53635.6 7668.63 58852.4 51795.6 27701.2 26851.4 19946.3 25934.4 24617.2 35972 7056.84 15823.6 29372.5 5723.49 17598 23649 22666.9 22419.8 21980.6 8003.75 13976.9 12854.3 7435.43 6500.41 1631.66 12333.1 4868.75 4254.43
internal_count=571268 513462 260595 57806 252867 223808 139916 133524 97619 120679 115089 157668 29059 66140 130182 24745 87054 105437 101318 100237 98429 35345 63084 57258 32944 28846 6908 54998 21938 19211
is_linear=0
shrinkage=0.05


Tree=26
num_leaves=31
num_cat=0
split_feature=10 10 19 19 37 37 33 13 0 3 12 32 33 0 33 4 29 0 33 33 33 33 33 33 5 5 43 43 13 33
split_gain=2344.52 1092.21 414.66 370.213 285.167 284.616 272.446 257.138 237.845 242.898 231.157 210.478 179.503 175.41 172.674 169.287 168.025 166.19 175.113 153.244 585.735 323.172 321.104 235.495 187.861 185.169 219.76 178.665 171.596 156.6
threshold=0.0094015364900262854 0.020671273698424069 -0.20631806396018773 -0.49399520573514749 -0.052579817506773423 -0.064552375949102112 -4854.4999999999991 1.1449174941446928e-17 0.084080852775543682 -0.099719045702424944 1.0000000180025095e-35 4.5000000000000009 -1696.4999999999998 0.095238095238095469 -4558.9999999999991 0.24137931034482443 -0.074530388146411372 -0.037974683544303715 -2700.4999999999995 -2374.4999999999995 -1773.9999999999998 -2714.4999999999995 -1926.9999999999998 -2012.4999999999998 0.093167701863353783 -0.028396605961934714 3.5000000000000004 1.5000000000000002 0.028886154341385039 -4538.4999999999991
decision_type=8 10 8 10 10 10 2 10 10 10 10 2 2 10 2 10 8 10 2 2 2 2 2 2 10 10 2 2 10 2
left_child=10 2 5 4 6 -2 -3 -7 9 -5 -1 -9 17 16 -6 -16 -4 -8 -19 21 22 29 23 25 -24 26 -21 -23 -28 -11
right_child=1 3 13 8 14 7 12 11 -10 19 -12 -13 -14 -15 15 -17 -18 18 -20 20 -22 27 24 -25 -26 -27 28 -29 -30 -31
leaf_value=-0.045386939657472133 0.0079173270544945062 -0.052010833765614731 0.012288822349588077 0.021453575917169954 0.012357569653989639 -0.039505099488346934 0.026562302043420638 -0.018115075324648785 0.025652461570042404 0.014394106091510234 -0.023831081279744357 -0.0068240610073030715 0.025702367227780146 0.051184571248043702 -0.004807918811852668 0.014641804138867655 -0.0020570536900063889 0.010901103919322582 -0.0061925035934138001 0.0094402732155113127 0.0004366134437813845 0.024456763802976487 0.053796956701207654 -0.012027498542662366 0.024335392698789187 0.0089729338297454553 0.074067562559443315 -0.014051364949807885 0.031091037423977522 0.0037493976281138168
leaf_weight=2243.1828099042177 2007.4186085760593 182.31204813718796 2321.1805786937475 2790.8258301317692 1843.4548124819994 806.35461623221636 894.5976959168911 6249.5474174246192 1821.938067138195 4425.2005858868361 2791.2941780462861 12155.182254001498 1461.7717094868422 166.7055346518755 18640.33960095048 1190.1933652758598 16914.050302617252 3453.6490830034018 2646.303792282939 817.75760264694691 7880.8555553257465 332.92075894773006 868.76210317015648 792.01165597885847 1434.5687450170517 2693.9539366066456 325.97013266384602 3162.6512407362461 807.97971352934837 15761.156675487757
leaf_count=23079 9204 854 10501 11489 7898 6512 3690 33691 7379 18543 19512 61818 6245 691 85799 4934 81666 14864 11373 3658 34609 1428 3586 3521 5827 11449 1377 13733 3353 68752
internal_value=-3.89035e-05 0.00142505 -0.00516627 0.00503203 0.000781809 -0.00999696 0.00846346 -0.0118689 0.00796566 0.00720014 -0.0334356 -0.0106581 0.00976724 0.000116701 -0.00227988 -0.00364058 -0.000325888 0.006437 0.00348549 0.00618806 0.0100321 0.00365233 0.0198009 0.0131732 0.0354476 0.0174695 0.0291973 -0.0103838 0.0434453 0.0060829
internal_weight=119884 114850 40620.4 74229.2 30312.6 21218.5 8638.63 19211.1 43916.6 42094.6 5034.48 18404.7 8456.32 19401.9 21674 19830.5 19235.2 6994.55 6099.95 39303.8 15621.9 23681.9 7741 5437.67 2303.33 4645.66 1951.71 3495.57 1133.95 20186.4
internal_count=571035 528444 204083 324361 135657 111225 37026 102021 188704 181325 42591 95509 36172 92858 98631 90733 92167 29927 26237 169836 67380 102456 32771 23358 9413 19837 8388 15161 4730 87295
is_linear=0
shrinkage=0.05


Tree=27
num_leaves=31
num_cat=0
split_feature=13 10 25 13 7 19 8 4 37 28 37 34 36 33 33 33 33 37 33 28 33 33 28 10 33 7 33 33 33 34
split_gain=2160.06 1157.91 421.061 417.827 413.659 355.653 300.625 293.927 230.07 219.708 193.102 178.24 176.638 146.786 235.985 203.564 195.435 161.193 154.175 215.277 157.119 139.381 138.462 121.667 117.632 206.945 119.557 206.938 117.185 117.145
threshold=2.2898349882893855e-17 0.019438673715514689 0.28343486150199976 0.025226939623928343 -0.28628830443346576 0.23937708247422801 0.26164173696236231 -1.0000000180025095e-35 -0.07209244117848311 0.032617713227057844 0.0042367973408780077 3.8680705719571402 0.999589153656532 -4538.4999999999991 -4382.4999999999991 -4641.4999999999991 -4301.4999999999991 -0.0496760259180462 -1696.4999999999998 -0.050043826510437914 -2700.4999999999995 -2374.4999999999995 -0.079079407582409819 0.0087191896354205049 -4091.4999999999995 -0.14276185192607763 -4238.4999999999991 -4336.4999999999991 -4620.4999999999991 2.8003208578683441
decision_type=8 10 10 10 10 10 10 8 8 10 8 2 2 2 2 2 2 10 2 10 2 2 10 8 2 10 2 2 2 2
left_child=2 3 7 10 11 6 13 -1 21 24 23 -3 -7 15 -15 -6 -16 18 20 -20 -18 -5 -13 -2 26 -26 27 -10 -17 -11
right_child=1 4 -4 8 5 12 -8 -9 9 29 -12 22 -14 14 16 28 17 -19 19 -21 -22 -23 -24 -25 25 -27 -28 -29 -30 -31
leaf_value=-0.01727214115655144 -0.030158100006604568 0.020051878871741979 -0.040664659949510053 0.0094445148130703378 0.0013456856039366864 0.0075491463432712305 0.007646937193752275 0.051222198495351236 -0.013987359913227627 0.02443515027419248 -0.003656525875287741 0.026085005606809427 0.027035479755733838 -0.022890525385269443 0.028282847486419394 0.065349871962934958 0.0093739553285257966 -0.0040033131729248642 0.048740583659680557 0.0066748843619226688 -0.0078762035853427292 0.044834651687062264 -0.0010840999052796505 -0.013344423008205698 0.0086004087892189354 -0.0088587892627642901 -0.031629271022609089 0.035241856090608467 0.020060248283891871 0.0028171159173073228
leaf_weight=915.90905247628689 1188.6953339725733 5794.5226472765207 3764.1803594082594 1462.7809484153986 2464.254375576973 21234.274648889899 12523.818965896964 188.93862812966108 2189.8684975653887 729.42548711597919 5437.7798296436667 595.53437203168869 1230.343352407217 1346.8099592924118 540.87338969111443 181.23580321669579 2656.5017365813255 23398.164879828691 432.80424930155277 1023.1322783529758 2623.8141361027956 343.55627374351025 2206.0862942188978 11342.445225790143 2486.790594369173 5345.7751230150461 785.72054173052311 236.52483339607716 673.96859121322632 4447.9399643093348
leaf_count=6695 8621 23858 34359 6434 10769 90317 53282 1001 10754 3270 28986 2440 5050 6341 2442 777 11771 107992 1865 4461 11455 1449 9152 61696 11560 26779 3890 1090 2935 20091
internal_value=-7.96417e-05 0.00130235 -0.0326987 -0.00612919 0.00469179 0.00342629 0.000990432 -0.00555901 -0.000751254 -0.00263607 -0.0115249 0.0150456 0.00861637 -0.0013684 -0.00240588 0.00863991 -0.00150649 -0.00204117 0.00477427 0.0191797 0.000802269 0.0161755 0.00469118 -0.0149394 -0.00662005 -0.0033156 -0.0146778 -0.0091885 0.0296581 0.00586282
internal_weight=119792 114923 4869.03 35997.3 78926.1 70330 47865.4 1104.85 18028.4 16222 17968.9 8596.14 22464.6 35341.6 32022.1 3319.46 30675.3 30134.4 6736.25 1455.94 5280.32 1806.34 2801.62 12531.1 11044.7 7832.57 3212.11 2426.39 855.204 5177.37
internal_count=571582 529527 42055 184620 344907 309457 214090 7696 85317 77434 99303 35450 95367 160808 146327 14481 139986 137544 29552 6326 23226 7883 11592 70317 54073 38339 15734 11844 3712 23361
is_linear=0
shrinkage=0.05


Tree=28
num_leaves=31
num_cat=0
split_feature=13 13 33 33 3 25 28 5 32 32 33 33 32 33 32 33 4 33 43 32 33 5 33 32 43 32 33 34 33 33
split_gain=1989.98 923.855 514.254 576.794 401.813 399.713 385.806 419.268 334.715 311.991 296.685 1072.39 419.757 308.829 293.936 356.607 266.954 263.347 246.126 239.659 239.21 228.674 227.036 330.411 218.939 215.308 201.144 270.703 200.914 200.409
threshold=2.2898349882893855e-17 0.029510382602396534 -4538.4999999999991 -4831.4999999999991 -0.1204939087894125 0.30744839092243065 0.047497816671263231 -0.098305084745762814 3.5000000000000004 1.5000000000000002 -2207.4999999999995 -1773.9999999999998 7.5000000000000009 -2585.4999999999995 5.5000000000000009 -1506.4999999999998 -1.0000000180025095e-35 -1300.4999999999998 1.5000000000000002 1.5000000000000002 -4919.4999999999991 0.01969994779052953 -3228.4999999999995 5.5000000000000009 2.5000000000000004 5.5000000000000009 -3668.4999999999995 3.0610489973715933 -4518.4999999999991 -3612.4999999999995
decision_type=8 10 2 2 8 10 10 10 2 2 2 2 2 2 2 2 8 2 2 2 2 10 2 2 2 2 2 2 2 2
left_child=5 2 3 19 -3 16 7 -4 9 17 13 12 21 -10 15 24 -1 -6 -15 20 -2 -12 23 -9 -13 -5 -25 29 -11 -28
right_child=1 4 6 25 8 -7 -8 22 10 28 11 14 -14 18 -16 -17 -18 -19 -20 -21 -22 -23 -24 26 -26 -27 27 -29 -30 -31
leaf_value=-0.018035199079449348 -0.0076966944090981586 0.017820650017882776 0.00016623474327734551 0.054241667306048291 0.0024932825002052946 -0.040220942333021231 0.0042247962205151915 -0.017749257497771294 0.0046202924122024812 -0.029899466525405038 0.056221959948743828 0.012842882919830226 0.015058242914024743 0.017113250336239141 -0.0030563275403174706 0.042429111228375331 0.042821160498023814 0.035221763235840163 -0.015307384273759049 -0.018384371987024386 0.053189810739089544 0.028554781592904754 -0.017052851132192053 -0.0074787542615352854 -0.044433531199685156 0.019332837671155755 -0.0019045287819574033 0.0017430776973854452 -0.0058048603519800842 0.057493107705709562
leaf_weight=978.09444005787373 374.40401569008827 5363.5444922894239 9036.1585001498461 710.41552239656448 5920.6468147933483 3543.7122795805335 6873.8675754293799 3894.4591430574656 28736.64550177753 956.06316374242306 1186.9326568692923 566.37212556600571 4437.4540359377861 702.90546046197414 9045.8548649400473 850.64627912640572 220.90283032506704 685.83080613613129 3501.9227647036314 1324.3592243641615 283.43896405398846 2014.2356983572245 12461.502608001232 2882.8105449602008 236.51893942058086 1167.756136521697 205.20386962592602 1746.5323962941766 9102.4289935529232 461.13871406018734
leaf_count=7347 1809 22085 42971 3152 25719 33470 32943 20975 125216 4442 4926 2537 18439 3055 39503 3695 1186 3040 15225 6594 1266 8213 68176 14426 1068 5157 1030 9587 41475 2290
internal_value=-3.92189e-05 0.00127278 -0.0046961 0.0126819 0.00464545 -0.0317777 -0.00648212 -0.00888039 0.0036054 -0.00255063 0.005606 0.0107033 0.0250134 0.00276841 0.000486901 0.0198705 -0.00682305 0.00589089 -0.00988775 -0.00613112 0.0185369 0.0388132 -0.0126559 -0.00669388 -0.00402984 0.032537 0.00143626 0.0120876 -0.00809506 0.0392013
internal_weight=119473 114730 41422 3860.37 73308 4742.71 37561.7 30687.8 67944.5 16665 51279.5 18338 7638.62 32941.5 10699.4 1653.54 1199 6606.48 4204.83 1982.2 657.843 3201.17 21651.6 9190.14 802.891 1878.17 5295.69 2412.87 10058.5 666.343
internal_count=571017 529014 210376 17978 318638 42003 192398 159455 296553 74676 221877 78381 31578 143496 46803 7300 8533 28759 18280 9669 3075 13139 116484 48308 3605 8309 27333 12907 45917 3320
is_linear=0
shrinkage=0.05


Tree=29
num_leaves=31
num_cat=0
split_feature=13 13 33 33 33 33 32 6 32 33 33 33 33 43 25 33 33 28 33 33 33 33 12 43 32 0 33 28 5 33
split_gain=1883.36 783.533 414.611 580.488 648.591 496.414 919.875 522.708 460.952 391.721 392.005 386.489 812.944 504.628 379.88 357.638 407.453 401.314 339.559 324.197 873.238 500.332 373.572 324.058 329.678 321.779 306.748 354.365 272.608 269.623
threshold=2.2898349882893855e-17 0.025721734712406737 -2374.4999999999995 -2332.4999999999995 -2207.4999999999995 -1773.9999999999998 3.5000000000000004 37.790723257615731 8.5000000000000018 -4518.4999999999991 -4831.4999999999991 -2730.4999999999995 -2765.4999999999995 1.5000000000000002 0.28343486150199976 -4854.4999999999991 -4749.4999999999991 -0.10604116515816818 -2745.4999999999995 -3629.4999999999995 -3459.4999999999995 -3524.4999999999995 1.121428571428573 2.5000000000000004 4.5000000000000009 -0.049999999999999982 -1696.4999999999998 -0.075966077647065741 0.11318750916591859 -2058.4999999999995
decision_type=8 10 2 2 2 2 2 10 2 2 2 2 2 2 10 2 2 10 2 2 2 2 10 2 2 10 2 10 10 2
left_child=14 9 11 -4 25 6 -6 26 28 10 -2 12 15 -13 -1 -3 -17 -18 -14 -19 21 -21 -23 -11 -25 -5 -7 -28 -8 -10
right_child=1 2 3 4 5 7 8 -9 29 23 -12 13 18 -15 -16 16 17 19 -20 20 -22 22 -24 24 -26 -27 27 -29 -30 -31
leaf_value=-0.0053821040871277455 -0.0053427505133170454 -0.016970441022115951 0.039460278156683848 0.029685980724789521 -0.012901091390001366 -0.0089744908981648705 0.044696071141780036 -0.0016746351871844479 -0.00028537589189007865 -0.01394383273750277 0.031381203597928335 0.026683404346680019 0.090169225487210347 -0.012689815969286361 -0.039169451570170016 0.023665293904565839 0.029250672308727244 -0.003235050676836158 0.025366062148606081 0.010517993216256516 0.00046937874771531491 0.072761136826969719 0.024252083227114724 -0.014704641916713286 0.0014165015981570952 -0.039423649563345875 0.057606327105451695 0.017100130457787618 0.022124643914043993 0.030895323239174967
leaf_weight=1086.4931412041187 1558.0537677407265 2348.9834389984608 1428.8944570869207 200.50738866627216 2087.2550860643387 826.86405147612095 2608.4553343653679 13297.120140150189 2261.1209823787212 11363.958374321461 1361.7883106768131 908.67068728804588 340.84061941504478 7793.2042474001646 3550.4417930170894 2272.9647452682257 1295.5598822981119 20793.268577635288 496.76462794840336 1741.7279518842697 13622.188166603446 821.13280779123306 768.18777540326118 4338.2939265072346 11789.354273654521 1052.8221996277571 669.05894409120083 2797.8937451541424 2745.8927244395018 999.89304240047932
leaf_count=7692 7665 11325 6101 833 9302 3586 10786 58837 9598 61385 6132 3933 1437 34426 34406 9442 5539 91760 2103 7709 61142 3492 3271 23297 60415 4710 2814 12396 11152 4174
internal_value=-1.28939e-05 0.00125123 0.00373631 0.00833513 0.00682991 0.00838906 0.0168798 0.00322313 0.0240949 -0.0056275 0.011785 0.00105881 0.00294327 -0.00857837 -0.0312526 0.00200728 0.00308627 0.00188819 0.0517359 0.000949038 0.00608085 0.0290288 0.0493146 -0.00747685 -0.00292004 -0.0283675 0.0183906 0.0249171 0.0331207 0.00927526
internal_weight=119228 114591 84179.3 30975.8 29546.9 28293.6 10702.6 17590.9 8615.36 30411.4 2919.84 53203.5 44501.6 8701.87 4636.93 43664 41315 39042.1 837.605 37746.5 16953.2 3331.05 1589.32 27491.6 16127.6 1253.33 4293.82 3466.95 5354.35 3261.01
internal_count=570860 528762 369868 134289 128188 122645 45012 77633 35710 158894 13797 235579 197220 38359 42098 193680 182355 172913 3540 167374 75614 14472 6763 145097 83712 5543 18796 15210 21938 13772
is_linear=0
shrinkage=0.05


Tree=30
num_leaves=31
num_cat=0
split_feature=10 10 5 10 20 12 19 43 33 43 33 33 34 33 33 5 29 0 33 0 33 7 2 33 33 33 11 33 33 4
split_gain=1814.2 740.379 386.457 341.28 300.586 288.278 259.066 222.427 314.397 253.567 275.867 363.843 266.57 233.43 367.502 226.181 173.116 168.931 162.223 159.615 157.703 144.833 146.055 142.393 241.54 190.707 154.778 134.804 132.138 130.141
threshold=0.0105685979128357 0.019438673715514689 -0.22471891522096357 0.034628920385854571 0.45340492122941073 1.0000000180025095e-35 0.22351852779617459 1.5000000000000002 -4831.4999999999991 2.5000000000000004 -4277.4999999999991 -4336.4999999999991 2.8931418480839728 -3629.4999999999995 -3228.4999999999995 -0.11428571428571437 -0.1601524344537549 -0.037974683544303715 -4110.4999999999991 0.095238095238095469 -4900.4999999999991 -0.0088495575221239058 -0.12538503115091174 -4854.4999999999991 -4749.4999999999991 -4900.4999999999991 0.77387095797475081 -4730.4999999999991 -1506.4999999999998 -0.079166666666666649
decision_type=8 8 8 10 10 10 8 2 2 2 2 2 2 2 2 10 10 10 2 8 2 10 10 2 2 2 8 2 2 10
left_child=5 4 -3 6 -2 -1 17 8 20 15 11 -11 13 -12 -15 18 -16 -4 -9 -8 -6 22 -5 25 -25 26 -19 -26 -10 -7
right_child=1 2 3 21 7 29 19 9 28 10 12 -13 -14 14 16 -17 -18 23 -20 -21 -22 -23 -24 24 27 -27 -28 -29 -30 -31
leaf_value=-0.042232227739657492 -0.021425134853746596 0.014534492996733588 0.014178644573049582 0.029085715012424879 0.025053566518801192 0.014917356709578429 0.0046693227463678226 -0.017820014526104509 0.025035352307549403 0.00038686798538794371 -0.014742210466473088 0.052310997679845761 -0.0066274188017595055 0.047411099105012247 0.10589322886417354 -0.016312616294323075 5.8607649327205783e-05 0.047983790015547499 0.0055130130386576463 0.030222795693464533 -0.032477095294497972 0.023252320323440465 0.0062477721812722329 0.02511203634167802 -0.041611765614647467 -0.049017337285960923 -0.013222730535749575 -0.0020073931578750656 0.083193225697917886 -0.021500376661006144
leaf_weight=2036.8098038211465 2699.2784935534 7472.752970546484 1628.5980481505394 733.04594598710537 170.21254429221153 262.75497730076313 18605.132510110736 1032.8194207400084 875.00866213440895 892.2767208814621 666.57883021235466 542.5010888427496 10614.288378685713 741.9743567109108 39.861513018608093 6884.0632902979851 1259.5332266837358 113.78212183713913 2672.3680683001876 631.8578594326973 396.83054693043232 1553.6724793165922 15562.184703856707 825.4651865363121 216.20110009610653 358.26081843674183 1119.9771629273891 34657.071618683636 109.9386064261198 3696.5715465024114
leaf_count=23692 16634 31252 7019 2984 808 1615 80460 4933 4152 4287 3273 2455 52909 3511 173 36984 6181 508 12666 2609 2031 6291 65712 3476 953 1785 5595 159732 492 25736
internal_value=-0.000145484 0.00127573 0.00368483 0.0026181 -0.00551898 -0.0269469 0.000761963 -0.00392278 0.0144517 -0.00504787 -0.000811513 0.0200198 -0.003055 0.0109477 0.0193364 -0.0109516 0.00330529 -0.00158422 -0.000991058 0.00550865 -0.0152078 0.00866589 0.00727514 -0.00227263 -0.00162016 -0.0169033 -0.00757803 -0.00225293 0.0315269 -0.0190836
internal_weight=119072 113076 83478 76005.2 29597.5 5996.14 58156.3 26898.3 1551.99 25346.3 14757 1434.78 13322.2 2707.95 2041.37 10589.3 1299.39 38919.4 3705.19 19237 567.043 17848.9 16295.2 37290.8 35698.7 1592.02 1233.76 34873.3 984.947 3959.33
internal_count=570908 519865 368376 337124 151489 51043 262137 134855 7483 127372 72789 6742 66047 13138 9865 54583 6354 179068 17599 83069 2839 74987 68696 172049 164161 7888 6103 160685 4644 27351
is_linear=0
shrinkage=0.05


Tree=31
num_leaves=31
num_cat=0
split_feature=12 13 33 33 33 33 33 33 43 1 1 43 3 33 33 3 32 5 33 33 28 33 28 5 33 43 43 43 33 33
split_gain=1601.06 780.061 442.894 585.735 607.079 492.352 443.828 800.609 436.113 431.785 377.192 346.038 345.451 340.245 971.448 494.304 321.895 304.299 296.787 284.808 364.056 265.099 264.92 238.577 237.347 234.003 229.072 298.39 221.887 228.827
threshold=1.0000000180025095e-35 0.023269423920798057 -2374.4999999999995 -2332.4999999999995 -2207.4999999999995 -2159.4999999999995 -2730.4999999999995 -2765.4999999999995 1.5000000000000002 -0.11111111111111098 0.0029854732310198311 5.5000000000000009 0.01217038539553761 -1773.9999999999998 -1926.9999999999998 -0.051724137931034302 4.5000000000000009 -0.11253608111775314 -2012.4999999999998 -1696.4999999999998 -0.074492480219376073 -1444.4999999999998 -0.12822544493057059 0.28401183431952565 -3148.4999999999995 1.5000000000000002 6.5000000000000009 5.5000000000000009 -2058.4999999999995 -2129.4999999999995
decision_type=8 10 2 2 2 2 2 2 2 10 8 2 10 2 2 10 2 8 2 2 10 2 8 10 2 2 2 2 2 2
left_child=-1 10 6 12 9 -6 7 16 -8 -5 17 -9 -4 14 18 19 -3 -2 28 -15 -21 -17 -18 -16 -19 -22 27 -24 29 -7
right_child=1 2 3 4 5 13 8 11 -10 -11 -12 -13 -14 15 23 21 22 24 -20 20 25 -23 26 -25 -26 -27 -28 -29 -30 -31
leaf_value=-0.036173100881303745 0.00048236141625513393 -0.0047680783149130091 0.06167897894262564 0.059234047233497268 0.053303444091061553 0.021396881117787415 0.022074769616855207 0.079428517521185002 -0.013304286118461456 -0.03731635931926839 0.001937563570337638 0.016914825781494509 0.013692053072960654 -0.0082101984582143156 0.040771390178470701 -0.0088070593836461729 0.040542914045054196 -0.0074636927072927062 -0.013955586548243552 0.055441555982080087 0.075404149430954956 0.0050083005413766044 0.0036994959678174713 0.016211687277831122 -0.021149809453993428 0.01225275033094771 0.037013903627481477 -0.033722618314669099 0.028363248094826571 -0.0073818656280625608
leaf_weight=2996.9225193858147 4208.4308544248343 14593.818471282721 765.54996933043003 128.79083812236786 578.69596083462238 1035.9149194359779 972.49611106514931 460.36099237203598 8350.8323425650597 1147.8092862218618 8079.4060747697949 426.40764482319355 735.23481078445911 931.61366459727287 2801.9959766864777 7151.0700031220913 492.42125038802624 5741.6112380325794 2108.2933904528618 691.96401557326317 154.29412952065468 6749.8911819607019 31651.47938297689 1528.1039108783007 7066.875542268157 2975.7861776947975 504.82117579877377 541.79984302818775 1097.008939743042 2072.8355735242367
leaf_count=31068 20719 67609 3262 532 2355 4241 4215 1933 37309 5182 42040 1799 3117 4022 11671 32174 2117 31227 9495 2900 669 30174 139734 6164 43773 12966 2130 2275 4595 8899
internal_value=-9.1559e-05 0.000842676 0.00300243 0.00765998 0.00619021 0.00763296 0.000379914 0.00229432 -0.00961397 -0.0275758 -0.00695848 0.0493685 0.0381702 0.0067309 0.013864 0.00266081 0.00142073 -0.0111822 0.00135511 0.016579 0.0226213 -0.00209873 0.00414194 0.0321042 -0.0150148 0.0153657 0.00359376 0.0030697 0.00903016 0.00220795
internal_weight=118743 115746 90649.3 32654.9 31154.1 29877.5 57994.4 48671.1 9323.33 1276.6 25096.3 886.769 1500.78 29298.8 10644.2 18654.6 47784.3 17016.9 6314.05 4753.66 3822.04 13901 33190.5 4330.1 12808.5 3130.08 32698.1 32193.3 4205.76 3108.75
internal_count=570366 539298 401539 142418 136039 130325 259121 217597 41524 5714 137759 3732 6379 127970 45065 82905 213865 95719 27230 20557 16535 62348 146256 17835 75000 13635 144139 142009 17735 13140
is_linear=0
shrinkage=0.05


Tree=32
num_leaves=31
num_cat=0
split_feature=10 10 1 19 19 33 7 33 33 33 33 33 12 5 33 32 3 12 19 28 4 28 36 34 33 33 33 33 33 3
split_gain=1591.62 711.15 358.494 311.936 284.363 257.748 356.168 237.705 288.503 206.02 233.461 290.872 193.489 192.612 175.309 171.403 171.638 166.648 163.949 163.163 147.129 157.342 140.191 134.547 125.756 124.718 279.965 143.452 120.4 118.578
threshold=0.0094015364900262854 0.019438673715514689 -0.076923076923077024 0.58009484805782885 -0.12730825861581696 -4854.4999999999991 -0.33326830537130958 -4900.4999999999991 -4919.4999999999991 -4749.4999999999991 -4730.4999999999991 -4684.4999999999991 1.0000000180025095e-35 0.23155737704917925 -4601.4999999999991 11.500000000000002 -0.035714285714285858 0.14285714285714296 -0.57867348880567337 -0.14208097304973713 -0.12471121782046256 0.047497816671263231 0.999589153656532 3.088764545090386 -4641.4999999999991 -3855.4999999999995 -3148.4999999999995 -3493.4999999999995 -4181.4999999999991 -0.064417938706396102
decision_type=8 8 8 10 10 2 10 2 2 2 2 2 10 10 2 2 10 10 10 10 10 10 2 2 2 2 2 2 2 10
left_child=12 4 19 5 17 7 14 8 -4 -8 -11 -12 -1 15 -7 18 -17 -2 -13 -3 -6 -22 23 -5 -15 -18 27 -27 -16 -19
right_child=1 2 3 22 20 6 9 -9 -10 10 11 13 -14 24 28 16 25 29 -20 -21 21 -23 -24 -25 -26 26 -28 -29 -30 -31
leaf_value=-0.041640731629256016 -0.034843046172493675 0.048727608609461237 -0.013474630018940739 0.014140645649347762 0.023517524475664495 0.047311013960603832 0.020676422352823624 -0.04751548363615752 0.048864285487152416 -0.040607380832300616 0.031639119510585928 -0.0061474110368723942 -0.020537030067095396 -0.041275165555777843 -0.0098241090958420957 0.023589202433243864 -0.015895885420474005 0.0030366680055616182 0.00048735490601043796 0.014915558080521009 -0.0045541860781564024 0.0077432349544066734 0.024937245102182561 0.0044874200980644574 0.0068349986645708091 0.02490782236249113 -0.00055096396189192008 0.091185334381667232 0.015968800205721997 -0.010199184537252635
leaf_weight=1851.5853422656655 631.52927608788013 397.77187705039978 1917.5850811898708 5108.4257031828165 636.54018859565258 397.8843640089035 1255.4162910431623 448.14448091387749 205.48535138368607 348.48129940032959 737.19462689757347 17237.318278707564 2627.2337391227484 137.69671909511089 524.11058916151524 1255.3854815065861 762.98973245918751 1912.4640747830272 20248.667302891612 3463.4428789466619 9279.3784475922585 3614.1819398477674 1207.476520255208 12303.622375622392 10018.426866173744 236.7558276206255 1761.3467261940241 124.61325138807297 3308.9456585645676 14688.985215045512
leaf_count=23036 5744 1693 9602 21597 2716 1624 5201 2217 894 1521 3021 80403 19521 570 2221 5431 3375 9238 91230 14307 46872 16374 4946 52112 42870 1026 7893 527 13881 79060
internal_value=-2.31647e-05 0.00112383 0.00352039 0.00279818 -0.00537389 0.00106727 0.00174991 -0.0144257 -0.00744104 0.00065777 0.000182411 0.000453057 -0.0292615 9.08722e-06 0.0157212 -0.00149715 0.00815599 -0.00963342 -0.00256353 0.0183988 5.13886e-05 -0.00110711 0.00846204 0.00731953 0.00618272 0.00144198 0.00767391 0.0477627 0.012442 -0.00867443
internal_weight=118649 114170 83407.2 79546 30763.1 60926.4 58355.2 2571.21 2123.07 54124.3 52868.9 52520.4 4478.82 51783.2 4230.94 41627.1 4141.09 17233 37486 3861.21 13530.1 12893.6 18619.5 17412 10156.1 2885.71 2122.72 361.369 3833.06 16601.4
internal_count=570723 528166 368162 352162 160004 273507 260794 12713 10496 243068 237867 236346 42557 233325 17726 189885 18252 94042 171633 16000 65962 63246 78655 73709 43440 12821 9446 1553 16102 88298
is_linear=0
shrinkage=0.05


Tree=33
num_leaves=31
num_cat=0
split_feature=10 10 5 8 7 5 28 5 33 33 33 7 43 33 33 33 32 38 33 33 33 32 37 8 7 33 43 33 1 28
split_gain=1483.83 720.316 337.601 293.03 278.183 336.194 230.892 216.709 223.859 236.034 204.784 319.62 193.228 155.447 152.931 267.771 224.29 149.949 150.365 146.65 186.362 161.277 146.466 177.842 133.356 127.992 174.444 334.562 164.459 128.527
threshold=0.0082920198869742921 0.019438673715514689 -0.22019537006227149 0.29139767031807512 -0.023871657797700504 -0.06910539280744453 -0.00031308755421245222 -0.076749435665913454 -4518.4999999999991 -4382.4999999999991 -4854.4999999999991 -0.016252824983123523 1.5000000000000002 -3906.4999999999995 -4238.4999999999991 -4336.4999999999991 9.5000000000000018 0.21353553293150276 -4963.4999999999991 -4301.4999999999991 -4336.4999999999991 1.5000000000000002 -0.056920582627686504 0.0019129817447930411 -0.20164481439687962 -2207.4999999999995 1.5000000000000002 -2318.4999999999995 -0.1244109586563079 -0.067014676352521674
decision_type=8 8 8 10 10 10 10 8 2 2 2 8 2 2 2 2 2 8 2 2 2 2 10 10 10 2 2 2 10 10
left_child=-1 4 25 7 5 12 -7 8 -4 -10 17 22 -2 14 15 16 -14 -9 -19 20 21 -8 -12 -24 -15 26 27 -3 -29 -27
right_child=1 2 3 -5 -6 6 19 10 9 -11 11 -13 13 24 -16 -17 -18 18 -20 -21 -22 -23 23 -25 -26 29 -28 28 -30 -31
leaf_value=-0.032124874053285582 0.023131251970224156 0.039152322556489573 0.021526477716241013 0.0077972814832562359 0.006913010415802355 -0.018387475903131233 0.062202075566390846 -0.030643103484823644 -0.024588906764374766 0.0045724549434248574 0.0060548791634204777 0.014645154098719488 -0.017791665147878759 0.013219051767495903 -0.026783737586662942 0.059767860755833416 0.064384270123937437 -0.012562557767085765 0.027998042958952807 -0.0084825711489041992 0.058514057268100987 -0.0094004255948113343 -0.028209322587364017 -0.0027110402292907076 -0.0024973069653389719 0.044926432414922737 0.0047296664318545447 0.061111335911211012 -0.053393663081700841 0.01668919726849994
leaf_weight=3500.0515768751502 788.63198898732662 942.63451777398586 1869.2555660009384 18530.427736416459 3945.587765365839 7460.9924272373319 92.022054567933083 967.08216519653797 727.51108254492283 15020.636780291796 4857.0436945930123 3166.0163534730673 937.25310425460339 1690.5527455061674 1161.2109714895487 156.10911566019058 91.106475725769997 1385.1404485404491 273.63528627157211 7845.9735242053866 181.24820759892464 540.88253591954708 700.96973630040884 27977.609733320773 6695.119684047997 528.0297337025404 4449.8059107661247 38.74138155579567 164.53989109396935 1701.7365527153015
leaf_count=36344 3629 3840 7928 77553 19219 43722 432 4834 3304 66902 20998 13500 4567 7653 5817 719 426 6994 1334 41467 805 2683 3991 127647 35274 2176 18583 167 805 7161
internal_value=-5.42012e-05 0.000922833 0.00336077 0.00233583 -0.00550653 -0.00727933 -0.0119407 0.000558614 0.0051671 0.0032253 -0.00150584 -0.000540758 -0.00075616 -0.00251161 -0.0138897 -0.0012488 -0.0105114 -0.0149947 -0.00587159 -0.00638663 0.0138119 0.00101032 -0.00197442 -0.00333428 0.000671113 0.0132462 0.00920964 0.0266062 -0.0315713 0.023376
internal_weight=118388 114888 83300.8 75475.3 31586.7 27641.1 16121.1 56944.9 17617.4 15748.1 39327.5 36701.6 11520 10731.4 2345.68 1184.47 1028.36 2625.86 1658.78 8660.13 814.153 632.905 33535.6 28678.6 8385.67 7825.49 5595.72 1145.92 203.281 2229.77
internal_count=570474 534130 367717 334985 166413 147194 89109 257432 78134 70206 179298 166136 58085 54456 11529 5712 4993 13162 8328 45387 3920 3115 152636 131638 42927 32732 23395 4812 972 9337
is_linear=0
shrinkage=0.05


Tree=34
num_leaves=31
num_cat=0
split_feature=10 10 19 13 1 5 38 0 35 34 33 33 5 5 33 10 33 33 37 0 28 33 0 20 32 32 33 33 32 33
split_gain=1391.4 600.615 371.48 254.075 217.39 217 215.405 206.067 147.001 141.597 153.045 241.103 134.339 122.624 121.173 120.065 118.14 157.462 138.309 115.974 115.244 114.805 114.787 108.993 112.91 135.143 142.798 271.224 204.329 111.459
threshold=0.0078159373524208531 0.024032960300222249 -0.047915283940342453 1.1449174941446928e-17 -0.073860045993796405 -0.10158910860197283 0.015696525106215557 0.00072530147524452204 -0.012393037372931402 2.8003208578683441 -3612.4999999999995 -3263.4999999999995 -0.17794486215538893 -0.086538461538461883 -981.49999999999989 0.016268460205457958 -2374.4999999999995 -2332.4999999999995 -0.053604892976802647 0.095238095238095469 -0.14208097304973713 -2527.4999999999995 0.084080852775543682 0.056464770120581327 4.5000000000000009 5.5000000000000009 -1773.9999999999998 -2189.4999999999995 10.500000000000002 -2159.4999999999995
decision_type=8 10 8 10 10 10 10 10 10 2 2 2 10 10 2 10 2 2 10 10 10 2 10 10 2 2 2 2 2 2
left_child=13 2 3 -2 20 16 15 8 -6 10 -4 -12 -9 -1 -13 -7 21 -18 -19 -11 -3 -5 -14 -10 -25 -26 27 28 -27 -29
right_child=1 4 9 5 7 6 -8 12 23 19 11 14 22 -15 -16 -17 17 18 -20 -21 -22 -23 -24 24 25 26 -28 29 -30 -31
leaf_value=0.0043230524981747471 -0.031004150189638431 0.046593225723305716 -0.0022969373938496276 -0.00060124823445135641 0.010485531121013428 -0.017185154971869454 -0.00081038399016481106 0.017118220189758542 -0.028916749267680383 -1.6331199609322439e-05 0.048227006518294008 0.0071925102629742318 0.004727085511100626 -0.035455026130647153 0.062443214657485417 -0.0080028446701911546 0.092757806089926675 0.03100151456449874 0.0016032707256020545 0.036419953148041299 0.013857942462205812 -0.02475555639166024 0.018512127432578847 -0.0046943754667934552 0.015913036279914344 -0.0052724464387972694 -0.0073731251884680523 0.037509231372286581 0.010356131950530399 0.012191996242948028
leaf_weight=207.47910872846842 992.00392107665539 293.31260734796524 1416.0660917311907 7609.2791886329651 3654.2525371462107 5701.086031742394 6925.7973057925701 3028.9374015927315 326.37684072554111 19752.757554881275 529.49528521299362 1840.4401142597198 18792.39338041842 2926.5632719248533 104.89190079271793 9479.4840162098408 57.08364549279213 526.05051362514496 1670.7527984380722 220.8304992467165 3224.9651457816362 525.94037926197052 1642.1002949178219 8295.6896750032902 1665.3374141305685 6860.5947043374181 3922.8093392401934 525.17005243897438 3008.4668202549219 2524.4808585941792
leaf_count=1548 9212 1228 6587 36326 15682 34349 33966 12516 2414 93734 2361 8587 80071 32646 482 49002 258 2266 8131 911 13218 2468 6680 36763 7041 29844 17190 2202 12599 10362
internal_value=4.92304e-05 0.000944136 -0.00268043 -0.00607746 0.0045428 -0.00531651 -0.00811755 0.00376164 0.00107118 0.00208639 0.0108126 0.0183137 0.00729143 -0.0328216 0.0101716 -0.0114513 0.000643652 0.0107734 0.00864303 0.000386513 0.016587 -0.00216282 0.00583484 -0.000196929 0.000152794 0.00232554 0.000981965 0.00351902 -0.000508259 0.0165518
internal_weight=118251 115117 57352 33487.5 57764.9 32495.5 22106.4 54246.6 30783.2 23864.5 3890.89 2474.83 23463.4 3134.04 1945.33 15180.6 10389.1 2253.89 2196.8 19973.6 3518.28 8135.22 20434.5 27128.9 26802.5 18506.9 16841.5 12918.7 9869.06 3049.65
internal_count=570644 536450 288640 175978 247810 166766 117317 233364 134097 112662 18017 11430 99267 34194 9069 83351 49449 10655 10397 94645 14446 38794 86751 118415 116001 79238 72197 55007 42443 12564
is_linear=0
shrinkage=0.05


Tree=35
num_leaves=31
num_cat=0
split_feature=12 13 33 33 43 37 32 1 43 5 33 33 33 33 33 33 32 33 33 33 12 33 33 33 33 12 32 32 33 33
split_gain=1263.02 574.932 359.628 416.948 334.279 320.189 306.831 258.922 235.021 227.584 223.612 589.142 339.786 800.761 733.856 758.793 547.83 299.645 246.494 212.746 411.893 267.248 208.297 583.975 310.699 276.062 275.867 385.613 352.295 398.485
threshold=1.0000000180025095e-35 0.029679770693890318 -4538.4999999999991 -4831.4999999999991 2.5000000000000004 -0.07209244117848311 4.5000000000000009 0.086956521739129614 4.5000000000000009 -0.083154108601708784 -1760.4999999999998 -2028.4999999999998 -2129.4999999999995 -2189.4999999999995 -2585.4999999999995 -2765.4999999999995 11.500000000000002 -3228.4999999999995 -1444.4999999999998 -3540.4999999999995 0.54285714285714382 -3995.4999999999995 -3629.4999999999995 -3459.4999999999995 -3524.4999999999995 1.1071428571428588 8.5000000000000018 3.5000000000000004 -2189.4999999999995 -1564.4999999999998
decision_type=8 10 2 2 2 8 2 10 2 10 2 2 2 2 2 2 2 2 2 2 10 2 2 2 2 10 2 2 2 2
left_child=-1 2 3 -2 9 -3 8 22 -6 -4 11 12 13 14 15 17 -17 19 -12 21 -21 -8 -7 24 -24 -26 27 -25 -29 -30
right_child=1 5 4 -5 6 7 10 -9 -10 -11 18 -13 -14 -15 -16 16 -18 -19 -20 20 -22 -23 23 26 25 -27 -28 28 29 -31
leaf_value=-0.033461812620813144 -0.0054773838279178443 0.011967411295912543 -0.0037630358472876923 0.02708030162845107 -0.013711484943250987 -0.0033146875002544197 0.016556823422300703 0.012151273961118762 0.019078162935543156 -0.015700806082747373 -0.029310894190020639 0.039185020743765446 -0.031608379574345598 0.069546140653028166 -0.044305381527755178 0.025651878458831656 0.13713005974076428 -0.014973108959993729 0.0043754114616242025 0.052933275796739357 0.0064711797816956688 -0.006807270372594626 0.0091934505800435069 -0.0027105993469566047 0.068120415291128236 0.020000816832418424 -0.0041652080521608018 0.0012064348972670473 0.028179486450525981 0.005829917546219171
leaf_weight=2742.2663611546159 1983.7032501325011 9822.3075964599848 6931.5778017044067 1950.0420005172491 5704.0089146047831 17519.667091950774 1806.1830609738827 5989.4281250238419 604.38079711794853 9415.5249847397208 1086.0979073569179 1142.1263604313135 722.33920583873987 444.63143917918205 823.96446520090103 301.1969900354743 173.79790788143873 2113.9968065917492 1086.0979607403278 638.04677354544401 1889.9509898722172 3796.7117536440492 1199.9215247482061 9893.2883457839489 626.08256994187832 568.89164175093174 13041.551071569324 6194.6479722857475 4022.7178674191236 3955.4732595384121
leaf_count=31115 9836 40970 34899 8483 30542 77651 8441 24677 2993 55486 5594 5539 3830 1929 4213 1465 853 10909 6396 3075 9999 19011 5257 44493 2605 2400 56822 27585 16383 17535
internal_value=7.51262e-05 0.000871735 -0.00374115 0.0106622 -0.00520594 0.00357069 -0.00122928 0.0022618 -0.01057 -0.0106389 0.00244777 0.00478658 0.00169572 0.00370238 0.0011663 0.00466139 0.0664411 0.00179703 -0.0124677 0.0061572 0.0181978 0.00072452 0.00122304 0.00323556 0.0271656 0.0452121 0.00169114 0.00486472 0.0101526 0.0170989
internal_weight=118191 115448 42614.4 3933.75 38680.6 72834 22333.5 63011.7 6308.39 16347.1 16025.1 13852.9 12710.8 11988.5 11543.8 10719.9 474.995 10244.9 2172.2 8130.89 2528 5602.89 57022.2 39502.6 2394.9 1194.97 37107.7 24066.1 14172.8 7978.19
internal_count=570986 539871 223493 18319 205174 316378 114789 275408 33535 90385 81254 69264 63725 59895 57966 53753 2318 51435 11990 40526 13074 27452 250731 173080 10262 5005 162818 105996 61503 33918
is_linear=0
shrinkage=0.05


Tree=36
num_leaves=31
num_cat=0
split_feature=10 10 20 5 33 8 33 33 33 33 33 33 43 33 43 5 33 33 32 34 33 33 28 32 34 32 33 33 33 33
split_gain=1231.27 499.947 282.906 281.729 212.244 287.532 247.752 246.08 280.036 227.729 309.976 209.032 206.371 253.387 213.521 221.019 207.158 342.459 287.673 229.403 211.474 249.888 198.788 183.311 172.374 166.832 219.81 438.09 241.173 239.234
threshold=0.0082920198869742921 0.019438673715514689 0.43429547208909158 -0.22019537006227149 -4854.4999999999991 0.53254242390477824 -4538.4999999999991 -4382.4999999999991 -4301.4999999999991 -4900.4999999999991 -4919.4999999999991 -4181.4999999999991 1.5000000000000002 -4831.4999999999991 2.5000000000000004 -0.11999999999999993 -4277.4999999999991 -4336.4999999999991 1.5000000000000002 2.8931418480839728 -3629.4999999999995 -3228.4999999999995 0.096759854930188627 9.5000000000000018 4.2377228844097417 11.500000000000002 -2418.4999999999995 -2765.4999999999995 -3148.4999999999995 -3493.4999999999995
decision_type=8 8 10 8 2 8 2 2 2 2 2 2 2 2 2 10 2 2 2 2 2 2 10 2 2 2 2 2 2 2
left_child=-1 2 -2 -3 9 6 -6 24 -9 10 -5 -10 13 -4 15 -14 17 18 -16 20 -18 -22 -21 -19 -8 -13 27 28 29 -27
right_child=1 3 12 4 5 -7 7 8 11 -11 -12 25 14 -15 16 -17 19 23 -20 22 21 -23 -24 -25 -26 26 -28 -29 -30 -31
leaf_value=-0.030255692858433603 -0.020529246729810276 0.011899109843648156 -0.012615231165982963 -0.011182553493774538 0.011031105848715113 0.011215145708481731 -0.026633895202875308 0.026837247598329457 -0.015030010997650698 -0.039259907685808781 0.042710136212553235 0.00026950765109106284 0.00081706815229477803 0.028602544512031633 0.060925033520261886 -0.014226109924144768 -0.013351741364512143 0.061880696795296466 -0.013707291777266187 -0.0079653829217835453 0.040019318993259737 0.0049228833891344749 0.011403606706101256 -0.013856052233866024 0.0031823062132478696 0.013569904089990745 0.00022222371482087699 0.081260885072731728 -0.009985762037921302 0.068505865075381325
leaf_weight=3277.6388960182667 2546.8856587931514 7795.7169644832611 575.14483040571213 2111.3073463439941 5962.6047897189856 8294.7650332823396 1399.4443471729755 1026.7533970028162 2089.2119449079037 579.99766066670418 305.40924078226089 48822.510624669492 3577.7969763278961 1060.196447327733 155.10610644519329 7689.2504695728421 706.81230808794498 454.57702106237411 770.59783512353897 10053.426969736814 814.21419398486614 1344.9484769105911 1525.7365698963404 96.930103838443756 741.62043406069279 701.37008059024811 2303.9338654279709 277.30696013569832 662.31576246023178 276.22308078408241
leaf_count=36260 17297 32612 2934 10674 24880 34405 6564 4500 9349 2871 1327 219175 17091 5058 681 43457 3592 2023 3796 52785 3825 6706 7008 429 3413 2998 10164 1140 2902 1137
internal_value=-3.88838e-05 0.000824418 -0.00455573 0.00284941 0.00191566 0.00245423 0.00132341 0.000330574 0.000964844 -0.0111243 -0.00437194 0.000483016 -0.00314435 0.0141064 -0.00418191 -0.00944922 -0.000454634 0.0173797 -0.00120229 -0.00227844 0.0103867 0.0181577 -0.00541321 0.0485696 -0.0163062 0.00109402 0.0106305 0.0231382 0.0133097 0.0290923
internal_weight=118000 114722 31371.6 83350.5 75554.8 72558.1 64263.3 58300.7 56159.6 2996.71 2416.72 55132.9 28824.7 1635.34 27189.4 11267 15922.3 1477.21 925.704 14445.1 2865.97 2159.16 11579.2 551.507 2141.06 53043.7 4221.15 1917.22 1639.91 977.593
internal_count=571053 534793 166682 368111 335499 320627 286222 261342 251365 14872 12001 246865 149385 7992 141393 60548 80845 6929 4477 73916 14123 10531 59793 2452 9977 237516 18341 8177 7037 4135
is_linear=0
shrinkage=0.05


Tree=37
num_leaves=31
num_cat=0
split_feature=10 10 19 2 19 12 5 1 43 43 32 1 38 28 29 5 8 35 28 34 32 29 28 5 34 34 43 11 34 28
split_gain=1148.32 490.25 268.793 260.211 240.77 174.688 161.218 198.997 182.763 137.074 127.181 122.329 122.004 168.435 119.06 112.787 106.671 102.274 102.089 135.016 97.7712 92.2637 92.0206 87.1459 85.8587 85.3136 91.2661 85.1374 84.1242 83.4676
threshold=0.0073296268242625832 0.020480932261270946 -0.24732179321954736 -0.084415584415584485 -0.57867348880567337 0.14285714285714296 -0.083154108601708784 0.09065155807365434 1.5000000000000002 2.5000000000000004 10.500000000000002 -0.064516129032257938 -0.11809582526391681 0.012682137404364779 -0.047543773944108046 -0.11999999999999993 0.28696217377174277 -0.014760147601503347 0.048482987828667508 3.2352410579795579 10.500000000000002 0.35669079209452753 -0.15301399071324875 -0.13418990177686382 3.1403734504631191 3.3232342169449427 1.5000000000000002 1.6144998915013569 2.847807942661571 0.0038052576864228854
decision_type=8 8 10 8 8 10 8 10 2 2 2 10 10 10 10 10 8 10 10 2 2 8 10 10 2 2 2 10 2 10
left_child=14 2 5 11 10 -2 8 9 -6 -8 16 22 -4 27 -1 -7 17 -5 20 -20 -17 -9 -3 -16 29 -15 -27 -14 -22 -10
right_child=1 3 12 4 6 15 7 21 24 -11 -12 -13 13 25 23 18 -18 -19 19 -21 28 -23 -24 -25 -26 26 -28 -29 -30 -31
leaf_value=-0.0064098740049407521 -0.033433881983799034 0.04788038931829619 0.017077610341562466 0.0082859540034887526 0.024710659070949596 -9.662163456066731e-06 -0.0034737957584525534 0.0091606905408884668 0.0059699631512968405 0.0035110218482574565 0.0051537605911906488 0.0051266323818630931 -0.0063309631785138133 0.011253009664311623 0.055744539132576813 -0.013714350239797474 0.0028123019826991839 -0.0069442201761102072 0.017211733651472976 -0.0077360001230891611 0.021841239960201903 0.028995492684351504 0.017394029976464113 -0.037891253456140826 0.002984076837483981 0.026859324663882463 -0.00096071701283061161 0.029602186548692969 -0.0061155657669397919 0.018965399706563094
leaf_weight=373.28455588966608 670.44610589742661 272.20703959465027 1008.6776493042707 1196.504199296236 1592.0810280516744 3974.5210905447602 11232.878478609025 3618.5524294823408 2847.0342185944319 18746.050271183252 5097.5367500185966 2464.7507057934999 8633.0934177786112 2868.4358705431223 25.124439775943756 9393.9053573459387 4789.7715511023998 13998.554221063852 748.20047057420015 1970.9868493229151 329.8369762673974 699.65453347563744 2729.497705295682 2263.8176990151405 6764.3985698521137 312.546138048172 5193.3676682412624 168.05151257663965 1460.8558578267694 2183.0044128224254
leaf_count=3510 6864 1173 4303 5373 6599 19092 51086 14848 12311 80771 22639 10372 45316 13289 236 54441 20738 65273 3537 10078 1777 2861 11273 28230 29210 1413 25095 840 8359 9217
internal_value=-0.000129024 0.000622746 -0.00414223 0.00286007 0.00206971 -0.00837711 0.00415567 0.00233933 0.00880924 0.000893863 -0.00189588 0.0133809 0.000177553 -0.000814949 -0.0325934 -0.00743747 -0.00369403 -0.00574495 -0.00956077 -0.000871484 -0.0116733 0.0123744 0.0201587 -0.0368635 0.00666278 0.0042611 0.000618503 -0.00564485 -0.000966057 0.0116099
internal_weight=117628 114965 36732.9 78232.5 72766 18548.8 47683.7 34297.1 13386.5 29978.9 25082.4 5466.46 18184.2 17175.5 2662.23 17878.3 19984.8 15195.1 13903.8 2719.19 11184.6 4318.21 3001.7 2288.94 11794.4 8374.35 5505.91 8801.14 1790.69 5030.04
internal_count=570124 538148 194404 343744 320926 104148 206903 149566 57337 131857 114023 22818 90256 85953 31976 97284 91384 70646 78192 13615 64577 17709 12446 28466 50738 39797 26508 46156 10136 21528
is_linear=0
shrinkage=0.05


Tree=38
num_leaves=31
num_cat=0
split_feature=12 10 2 0 33 38 38 0 32 32 33 33 33 33 33 33 43 33 33 43 6 33 33 43 32 33 33 33 32 33
split_gain=1047.68 522 308.835 338.634 192.11 191.978 205.497 183.12 165.131 213.286 410.122 422.914 366.92 312.051 228 636.348 214.345 196.778 281.874 277.879 220.216 194.026 274.393 220.286 243.247 193.497 690.405 181.123 189.726 276.942
threshold=1.0000000180025095e-35 0.016268460205457958 -0.084415584415584485 0.0056497175141232434 -2159.4999999999995 -0.065738067229851968 0.028110934363551058 0.084080852775543682 4.5000000000000009 8.5000000000000018 -2207.4999999999995 -1538.4999999999998 -2585.4999999999995 -4789.4999999999991 -2506.4999999999995 -2765.4999999999995 6.5000000000000009 -1444.4999999999998 -1090.4999999999998 3.5000000000000004 39.871619110885185 -1926.9999999999998 -1643.4999999999998 2.5000000000000004 1.5000000000000002 -2332.4999999999995 -2374.4999999999995 -2606.4999999999995 5.5000000000000009 -3629.4999999999995
decision_type=8 8 8 8 2 10 10 8 2 2 2 2 2 2 2 2 2 2 2 2 10 2 2 2 2 2 2 2 2 2
left_child=4 5 -3 8 -1 -2 -7 -5 21 10 12 -12 13 -10 15 -11 27 19 -19 20 -13 25 -23 -24 -25 26 -4 28 -15 -30
right_child=1 2 3 7 -6 6 -8 -9 9 14 11 17 -14 16 -16 -17 -18 18 -20 -21 -22 22 23 24 -26 -27 -28 -29 29 -31
leaf_value=-0.00029051301945464027 0.0047508844890644863 0.013103480872082818 -0.0083270738707846674 0.0044057982378219842 -0.037676968858569214 -0.01231683165929548 0.0017970959777196935 0.019298204029260493 0.051081204736321856 0.00041549142683497219 0.028308591218599466 0.040561759660122904 -0.022409543598545689 -0.013583620120356341 -0.0084777830950193214 0.085236785971223389 0.052730776139922567 0.026198217715577777 -0.01689027378041083 -0.032651857030481346 -0.013223972433984042 0.038404161930876882 0.016000060867621086 0.013535524476549946 -0.021771069444741026 -0.02221060880962953 0.039671726150036064 0.044256652684470321 -0.0038256704139756903 0.016188035889677609
leaf_weight=408.81868851184845 2869.2851934060454 5956.6876703649759 11740.984153211117 30597.071253165603 2154.077868103981 12192.127482324839 3270.8857000768185 2213.503742441535 324.61567835509777 11257.646091073751 3090.0659213289618 337.49019807577133 1667.6174411475658 2225.4659363180399 9214.1969434395432 225.54857668280602 198.66139869391918 1303.3019861355424 535.50541298091412 737.96006891131401 436.37198123335838 529.65452436357737 1310.3866702541709 734.24395538121462 1453.6629370748997 1945.8360676020384 800.23700445890427 228.94612482190132 5073.826433762908 2621.6456487327814
leaf_count=2208 14649 24927 55762 134145 28834 75860 16598 9087 1324 50722 12826 1506 8251 10087 41962 930 830 5895 2502 3424 2011 2308 6193 3307 6921 9229 3416 1023 22512 11750
internal_value=-9.52074e-05 0.000608863 0.00207454 0.00135105 -0.0317133 -0.00712724 -0.00933132 0.00541049 -0.000945612 0.000881534 0.00473953 0.014967 -0.000598196 0.0028097 -0.00261934 0.00208152 0.0012955 0.00266285 0.0136498 -0.0107004 0.0102326 -0.00484157 0.00486545 -0.000212433 -0.00992246 -0.00754049 -0.00526434 0.000288773 -0.000725877 0.00299247
internal_weight=117656 115093 96761.1 90804.4 2562.9 18332.3 15463 32810.6 57993.9 39478.9 18781.5 6440.7 12340.8 10673.2 20697.4 11483.2 10348.5 3350.63 1838.81 1511.82 773.862 18515 4027.95 3498.29 2187.91 14487.1 12541.2 10149.9 9920.94 7695.47
internal_count=570999 539957 432850 407923 31042 107107 92458 143232 264691 177555 83941 28164 55777 47526 93614 51652 46202 15338 8397 6941 3517 87136 18729 16421 10228 68407 59178 45372 44349 34262
is_linear=0
shrinkage=0.05


Tree=39
num_leaves=31
num_cat=0
split_feature=10 10 0 3 13 8 32 32 28 0 28 29 12 28 12 1 43 37 14 43 32 19 13 28 28 2 32 34 28 32
split_gain=982.221 429.904 340.788 313.313 221.085 217.601 193.845 193.978 159.554 157.435 122.262 118.241 105.23 104.584 107.837 103.703 99.678 97.7452 106.613 126.048 125.68 103.711 95.5055 93.3921 91.606 100.057 88.2607 97.1619 86.2541 82.2938
threshold=0.0073296268242625832 0.02903695516583021 0.0056497175141232434 -0.064417938706396102 0.018451536055765976 0.0051607077248326813 4.5000000000000009 1.5000000000000002 -0.13446767796381917 -0.0530292327056937 0.0027949049001726165 -0.04838717572007422 0.90000000000000036 -0.022978968376954931 2.414285714285719 0.14665958200495913 1.0000000180025095e-35 -0.050621808090318458 1.0000000180025095e-35 1.5000000000000002 3.5000000000000004 -0.71489862289409845 0.031644783835720003 0.0032839858368071185 -0.0044886367206103577 -1.6653345369377346e-16 8.5000000000000018 2.8819995850723745 0.096759854930188627 1.5000000000000002
decision_type=8 10 8 8 10 8 2 2 8 10 10 10 10 10 8 10 2 10 10 2 2 10 10 10 10 10 2 2 10 2
left_child=11 2 3 8 5 -5 7 -6 -2 -3 -4 -1 29 16 -15 17 -9 18 -11 20 -20 -19 -22 -8 -7 -26 28 -28 -25 -12
right_child=1 9 10 4 6 24 23 13 -10 15 12 -13 -14 14 -16 -17 -18 21 19 -21 22 -23 -24 26 25 -27 27 -29 -30 -31
leaf_value=-0.0043334823184870306 0.028887061883882837 0.019821208607760377 -0.0003547758915557679 -0.024946916870626158 0.0014297251244809411 -0.014027348118256476 -0.004426111501934729 -0.034741847154993809 0.0031248815046095377 0.01364876654004007 0.028815308841329282 -0.035169751519461355 0.0032690947529541835 -0.022794128406577924 -0.0060443785935832689 0.017912308148560662 -0.0043400464578026883 -0.0031161351069520231 -0.051673222194094516 0.005912887395682187 -0.050371914843021649 0.0042171665496870021 0.019985188013344708 0.002481529941503309 -0.010148088566588519 0.0065082490821167073 0.010151505361099593 -0.005455984706006646 0.015349184738108588 0.0099367216643249864
leaf_weight=362.71361946314573 649.88033402711153 1741.2625146955252 11346.286840908229 2474.6185523793101 3306.5242687836289 2998.1652546823025 10842.390282720327 292.18942785263062 7992.337679490447 4582.2333930879831 666.75506889820099 2175.1747609674931 8296.4796141088009 3282.4620653241873 1358.6736744567752 1367.8306499868631 3489.3704347684979 6371.5012344792485 206.25955322384834 2374.230292737484 65.78089664876461 19816.704796366394 180.82146835327148 5065.4702187106013 1890.8814764618874 1723.411770299077 1239.4401556551456 5101.4970419555902 1753.0342097580433 4300.4507228285074
leaf_count=3437 2817 7175 54659 18578 15875 18448 52804 1451 36540 19157 2989 28479 37237 16753 6764 5567 17949 27796 905 9778 366 83574 742 23545 10758 9983 5637 23513 7450 19448
internal_value=4.63639e-06 0.000684947 -0.00141331 -0.00365465 -0.0053355 -0.0122991 -0.00356453 -0.00883273 0.00506215 0.00514766 0.00345558 -0.0307626 0.00671511 -0.0128615 -0.0178907 0.00441693 -0.0066891 0.0038675 0.00893773 0.00130194 -0.022872 0.002433 0.00121751 -0.000990065 -0.00756583 -0.00220581 0.00184098 -0.00240524 0.0057898 0.0124708
internal_weight=117315 114777 78070.3 53460.3 44818.1 9087.08 35731.1 11729.2 8642.22 36706.6 24610 2537.89 13263.7 8422.7 4641.14 34965.4 3781.56 33597.5 7409.33 2827.09 452.862 26188.2 246.602 24001.8 6612.46 3614.29 13159.4 6340.94 6818.5 4967.21
internal_count=570174 538258 383198 268865 229508 57767 171741 58792 39357 155060 114333 31916 59674 42917 23517 147885 19400 142318 30948 11791 2013 111370 1108 112949 39189 20741 60145 29150 30995 22437
is_linear=0
shrinkage=0.05


Tree=40
num_leaves=31
num_cat=0
split_feature=10 3 0 10 33 28 1 43 33 33 33 33 33 32 33 5 32 33 33 33 33 33 28 33 32 13 32 33 10 33
split_gain=910.7 413.487 492.486 269.933 225.256 363.373 238.542 201.379 169.324 242.604 285.46 268.113 164.091 225.796 272.78 191.426 153.093 283.38 472.046 190.641 449.973 296.961 287.393 209.084 284.775 190.496 174.552 161.859 262.795 247.494
threshold=0.0078159373524208531 -0.066644831976131788 0.0056497175141232434 0.015717186460178358 -1696.4999999999998 -0.074492480219376073 -0.039285714285714417 1.5000000000000002 -2374.4999999999995 -2714.4999999999995 -2765.4999999999995 -2745.4999999999995 -1773.9999999999998 3.5000000000000004 -2332.4999999999995 -1.6653345369377346e-16 4.5000000000000009 -1773.9999999999998 -2058.4999999999995 -2129.4999999999995 -2175.4999999999995 -2585.4999999999995 0.12261224218099294 -2765.4999999999995 11.500000000000002 0.012046902990349348 1.5000000000000002 -4221.4999999999991 0.046575674018574084 -3855.4999999999995
decision_type=8 8 8 8 2 10 10 2 2 2 2 2 2 2 2 10 2 2 2 2 2 2 10 2 2 10 2 2 8 2
left_child=-1 4 3 -3 6 -6 -2 -7 9 10 -4 -12 13 14 -10 -15 26 18 19 20 21 23 -22 -18 -25 -19 27 28 -5 -29
right_child=1 2 8 16 5 7 -8 -9 12 -11 11 -13 -14 15 -16 -17 17 25 -20 -21 22 -23 -24 24 -26 -27 -28 29 -30 -31
leaf_value=-0.02861335922152768 0.012324093548723655 -0.010740754641629751 0.0024746781361853162 0.033158563706406907 0.052379568950722946 0.073499399811811278 -0.00038310976897137607 0.0079573820132530209 0.025546575202961372 -0.011980232065470865 0.087855480205380018 0.015858873189602798 0.0035424707640723616 0.0382076093522105 -0.018570795612252038 0.0143278491464605 0.0013564739222498752 -0.032903176934283823 0.022965781463662939 -0.019508494585934802 0.07711968833916244 -0.013012787555748934 0.015828195523719332 0.0096515856509833201 0.081602891023015933 -0.0060484204318250285 -0.0095446613892959924 -0.04354120339143433 -0.035239048817288211 0.0010627667419192755
leaf_weight=2722.2138608321548 6339.2353720292449 10255.154456973076 18869.855886653066 759.34174206852913 664.31571243703365 122.91906125843525 8848.056729093194 2517.3255928531289 573.74977026879787 2874.9736108854413 182.14614045619965 445.78787091374397 6418.2851069122553 1199.9362486451864 899.95527291297913 2791.8123428151011 19213.025813683867 731.38768573105335 2508.0355693921447 1166.63675262779 292.33700886368752 3748.0434686690569 553.13689577579498 502.87983267009258 189.28153896331787 6800.3678558766842 10796.972272187471 338.20713812112808 172.3004597723484 3865.6998334154487
leaf_count=33953 27020 62933 85533 3279 2860 521 39289 11063 2425 13120 778 1887 28911 5101 4120 11669 86592 5406 10476 5426 1221 17991 2252 2250 776 30885 52999 1660 920 17559
internal_value=-3.08362e-05 0.000647871 -0.000669014 -0.00333124 0.00749508 0.0193255 0.00492093 0.0110088 0.00414095 0.00157898 0.00357831 0.0367431 0.00896422 0.0153312 -0.00139481 0.0215062 -0.00185972 -4.11064e-05 0.00226202 0.000238834 0.00117921 -0.000101932 0.0370208 0.00232912 0.0293277 -0.00865621 -0.00593529 0.00165306 0.0205089 -0.00252565
internal_weight=117363 114641 96149.3 61892.8 18491.9 3304.56 15187.3 2640.24 34256.5 22372.8 19497.8 627.934 11883.7 5465.45 1473.71 3991.75 51637.7 35705.1 28173.4 25665.3 24498.7 23653.2 845.474 19905.2 692.161 7531.76 15932.5 5135.55 931.642 4203.91
internal_count=570875 536922 456169 302625 80753 14444 66309 11584 153544 101318 88198 2665 52226 23315 6545 16770 239692 163275 126984 116508 111082 107609 3473 89618 3026 36291 76417 23418 4199 19219
is_linear=0
shrinkage=0.05


Tree=41
num_leaves=31
num_cat=0
split_feature=12 5 38 10 0 43 5 19 8 0 8 32 32 38 43 37 32 32 11 32 43 32 5 11 8 2 28 26 7 32
split_gain=919.889 408.14 396.51 346.365 186.428 186.375 183.371 169.206 169.738 155.88 150.039 129.558 328.32 144.123 136.561 156.822 155.552 241.102 126.547 126.492 112.605 167.884 108.254 107.179 106.551 106.499 106.352 105.439 103.12 102.324
threshold=1.0000000180025095e-35 -0.16452920531487178 0.028110934363551058 0.01605121195151633 0.084080852775543682 1.5000000000000002 -0.067567567567567363 -0.86824664385925943 0.098771469105617418 -0.037974683544303715 0.0051607077248326813 4.5000000000000009 2.5000000000000004 -0.074006333840534219 2.5000000000000004 -0.019922078409142171 10.500000000000002 9.5000000000000018 0.40471683634208039 3.5000000000000004 2.5000000000000004 11.500000000000002 -0.33959443432852443 0.40471683634208039 0.058823529411764837 -0.096491228070176668 -0.027033460405955816 0.046269535431385143 -0.029740683210112303 10.500000000000002
decision_type=8 8 8 10 8 2 8 10 10 10 10 2 2 10 2 10 2 2 10 2 2 2 10 10 10 8 10 10 10 2
left_child=10 5 3 6 25 7 -3 8 -2 -5 -1 12 13 -11 15 -13 17 18 27 -14 -8 -22 -7 24 -24 -4 -21 -16 -27 -9
right_child=1 2 4 9 -6 22 20 29 -10 11 -12 14 19 -15 16 -17 -18 -19 -20 26 21 -23 23 -25 -26 28 -28 -29 -30 -31
leaf_value=-0.037404867389808083 0.013803810661100575 -0.0017067388820769436 0.019047937849991717 0.011565159981118189 0.019483232087270826 0.020079741664800109 -0.020180896123952869 0.031150510441642732 -0.050746087551733071 0.018455797275205254 -0.0077970431049281877 0.0017923750456334247 -0.01873121403650194 -0.00097450354615120124 -0.015323844364069656 -0.0091656099300750048 0.0120819431561688 -0.0157543899629435 0.002652092586726087 0.0027035980336944428 -0.01191587920729969 0.020703443746472826 0.0038034574269924003 0.003725855647357992 0.056834086749664871 0.00026333117394817499 -0.015317664691872455 0.052743785647753318 0.0058725522216101899 -0.016663710313586749
leaf_weight=1846.0439713485539 350.93238557130098 4346.5029624477029 965.74633310735226 2333.7145406603813 1723.8876487314701 1215.4292125180364 4212.6280505657196 1714.1866579502821 143.48142398893833 1135.6245022118092 556.99478181451559 6705.7073917686939 4130.8745376616716 5979.3607144802809 76.120242923498154 6363.3163891583681 3866.0929208621383 1907.0093484371901 9731.0730739235878 1777.5243957638741 4445.3005646765232 432.86863975226879 186.73775603622198 12955.60403816402 192.22282008826733 23452.675143182278 1517.70024061203 225.23965957015753 12593.353081643581 119.70698750019073
leaf_count=27218 1476 24564 4028 9929 7105 4990 28372 7184 719 5054 3758 30660 21204 29025 354 30792 17079 8916 44405 8515 27886 2639 1020 55966 800 103150 7538 1030 55131 488
internal_value=7.45915e-05 0.000715469 -0.000522261 -0.00309621 0.00341064 0.00789637 -0.0101539 0.0210308 -0.0049289 -0.00102326 -0.0305421 -0.00169993 -0.00554885 0.00212677 0.000238371 -0.00354308 0.00336511 0.000542527 0.00364032 -0.0129029 -0.0141926 -0.00902137 0.00579459 0.00449252 0.0307026 0.00266203 -0.00559656 0.0355506 0.00222302 0.0280294
internal_weight=117204 114801 97922.3 59186.7 38735.7 16878.3 13437.3 2328.31 494.414 45749.4 2403.04 43415.6 14541.1 7114.99 28874.6 13069 15805.5 11939.4 10032.4 7426.1 9090.8 4878.17 14550 13334.6 378.961 37011.8 3295.22 301.36 36046 1833.89
internal_count=570995 540019 467376 297962 169414 72643 83461 9867 2195 214501 30976 204572 71336 34079 133236 61452 71784 54705 45789 37257 58897 30525 62776 57786 1820 162309 16053 1384 158281 7672
is_linear=0
shrinkage=0.05


Tree=42
num_leaves=31
num_cat=0
split_feature=13 37 37 5 25 9 4 28 32 32 1 32 34 11 11 36 32 8 3 34 34 26 32 1 32 5 11 7 25 32
split_gain=782.653 385.528 350.168 369.504 309.014 241.934 187.878 161.905 189.36 383.939 192.646 129.682 152.724 128.144 127.018 122.704 121.943 106.771 103.508 93.161 91.4198 89.4866 84.8087 79.6494 80.7225 77.8452 77.2579 84.1815 94.169 89.8023
threshold=2.2898349882893855e-17 -0.061847287866432503 0.011134723156985606 -0.067567567567567363 0.28343486150199976 0.013352248216263532 -1.0000000180025095e-35 -0.079079407582409819 2.5000000000000004 3.5000000000000004 -0.11111111111111098 10.500000000000002 2.8243462541691211 1.0465034856286171 0.40471683634208039 0.999589153656532 8.5000000000000018 0.21629325423986615 -0.021390374331550718 1.4230357494997927 4.359908625274012 0.75589393237610014 9.5000000000000018 -0.0018281535648977385 8.5000000000000018 -0.14285714285714282 0.53464024005521049 -0.029740683210112303 0.63739917392902723 1.5000000000000002
decision_type=8 8 8 8 10 10 8 8 2 2 10 2 2 10 10 2 2 10 10 2 2 10 2 10 2 10 8 10 10 2
left_child=4 7 3 11 6 -5 -1 8 -2 10 -10 14 -13 21 -3 26 -11 -7 -14 -6 -8 -12 -18 -16 -25 -21 -4 -28 29 -29
right_child=1 2 15 5 19 17 20 -9 9 16 13 12 18 -15 23 -17 22 -19 -20 25 -22 -23 -24 24 -26 -27 27 28 -30 -31
leaf_value=-0.0091543387206355058 0.042508527551208118 0.025097076643634066 0.016454901360114634 -0.013861102010254015 0.11345712459660784 -0.0057274056406398099 0.069009186069683856 0.0044300064547322885 0.043532347351422501 0.029710959867763717 -0.010684135262159966 0.027461841311245919 0.014112197875584587 -0.036120234467220493 -0.0032650588588925833 0.015546083076270315 -0.027719159568882368 0.0015991254961670528 -0.0036751115001692719 -0.0079202084763033819 -0.010173001757872986 0.051254231619607127 0.014073570927567853 0.0058244674836575435 -0.008892013943523026 -0.03509520213252524 0.00053026867144219912 0.031744416828206716 0.0034236056130184096 0.0090004747253386672
leaf_weight=802.46515248715878 572.76864605396986 499.02090512216091 967.48112411797047 7916.1501269862056 11.039965748786924 19982.426444023848 131.7272001132369 9631.4968034252524 128.74173392355442 1695.7641670927405 299.87401512265205 960.94906686991453 1561.4805436655879 588.62695936858654 10468.578692220151 1887.3616872280836 130.83408582210541 6620.2647537440062 1717.4834113270044 296.32709831744432 50.399025179445744 72.392471373081207 1681.4794886559248 6085.3788007125258 1100.2870972007513 2381.1721876487136 26158.065418481827 571.16049946844578 10294.617376506329 1807.3570755049586
leaf_count=6739 2490 2335 4346 50021 64 97669 644 41206 564 7117 1346 4226 7047 2681 50075 8142 551 28947 8018 1890 360 304 7168 28692 5217 32365 115380 2544 44704 8314
internal_value=1.36042e-06 0.000737123 -0.000392458 -0.00294262 -0.0227137 -0.00618756 0.00125091 0.00826142 0.0153985 0.0120212 -0.0139041 0.00205943 0.00993261 -0.0215995 0.000220553 0.00308915 0.0200738 -0.00390415 0.00479541 -0.03149 0.0470974 0.00136065 0.0110565 -0.000482615 0.00357104 -0.0320877 0.00249841 0.00215069 0.00549532 0.014462
internal_weight=117073 113400 98598.1 56912 3673.13 34518.8 984.591 14802 5170.48 4597.71 1089.64 22393.2 4239.91 960.893 18153.3 41686 3508.08 26602.7 3278.96 2688.54 182.126 372.266 1812.31 17654.2 7185.67 2677.5 39798.7 38831.2 12673.1 2378.52
internal_count=571166 529104 465677 282247 42062 176637 7743 63427 22221 19731 4895 105610 19291 4331 86319 183430 14836 126616 15065 34319 1004 1650 7719 83984 33909 34255 175288 170942 55562 10858
is_linear=0
shrinkage=0.05


Tree=43
num_leaves=31
num_cat=0
split_feature=12 10 19 32 33 43 10 33 28 32 33 33 33 33 33 33 12 33 33 33 33 33 33 33 33 33 33 32 37 12
split_gain=809.099 368.327 286.958 258.545 265.224 252.725 224.463 178.219 173.859 158.6 341.857 235.426 253.646 259.533 232.674 184.039 168.038 155.738 151.585 303.526 153.549 151.432 161.003 182.334 151.178 150.768 213.23 212.024 175.97 157.468
threshold=1.0000000180025095e-35 0.031601402900937943 0.51309679998301083 3.5000000000000004 -1232.4999999999998 1.5000000000000002 0.011494905132107597 -882.49999999999989 -0.15301399071324875 1.5000000000000002 -4221.4999999999991 -3855.4999999999995 -3459.4999999999995 -3493.4999999999995 -4919.4999999999991 -3083.4999999999995 1.2071428571428584 -2044.4999999999998 -2360.4999999999995 -2374.4999999999995 -2730.4999999999995 -2374.4999999999995 -1760.4999999999998 -1456.4999999999998 -2585.4999999999995 -4501.4999999999991 -4165.4999999999991 2.5000000000000004 -0.022354805945637154 3.0428571428571454
decision_type=8 10 8 2 2 2 8 2 8 2 2 2 2 2 2 2 10 2 2 2 2 2 2 2 2 2 2 2 10 10
left_child=17 2 3 4 9 -6 -5 -7 -8 10 14 -12 13 -13 -2 -14 -15 -1 19 20 -17 24 -23 -24 -4 29 27 28 -27 -11
right_child=1 -3 21 6 5 7 8 -9 -10 25 11 12 15 16 -16 18 -18 -19 -20 -21 -22 22 23 -25 -26 26 -28 -29 -30 -31
leaf_value=-0.002804502253620176 -0.0071936938023170697 0.0055988008184409497 0.002392195444219372 -0.015031481969430174 0.084828956753214127 0.018632013521068743 0.031481442385466803 -0.037376594435203435 -0.00034308694017843005 -0.036789816169396819 -0.041717298209294887 5.6275794504383378e-05 -0.031453154830160222 0.10307951200196684 0.0455290941525733 0.023906097825549994 0.023867739298064228 -0.035750316640689415 -0.013582283990106907 0.064358432281859265 -0.02676841359443996 0.018819037593533056 -0.0087508733262957016 0.011808499311992236 -0.016255153108830758 0.085364983282619447 -0.012855572394233562 -0.0089012986008197899 -0.0087303579497621953 0.0023223178905924669
leaf_weight=444.79236517101526 336.96849253028631 27798.977398522198 14183.341637037694 2642.422400213778 119.80356101691723 713.17864033579826 433.34091600030661 177.35091864317656 44424.281891852617 1159.8420740067959 474.98498898744583 507.23256937414408 802.32361423224211 125.46527338027954 552.16569422185421 265.59383188933134 143.56357787549496 1853.2517625913024 1388.0868807435036 216.27996621280909 341.95997104793787 2914.6539352610707 1773.4701184332371 2751.6698916256428 1177.1157296448946 158.66937105357647 8165.5784126520157 278.3100752979517 72.340176001191139 330.72079883515835
leaf_count=2665 1711 116703 64615 19867 564 4120 1941 861 210774 6106 2494 2527 4290 550 2410 1292 670 28463 7313 945 1637 12771 8138 13359 5407 772 43577 1482 413 1700
internal_value=1.17475e-06 0.000591096 -0.00101583 -0.00273571 -0.00816287 0.0166499 -0.000869867 0.00747778 -3.56504e-05 -0.00979923 -0.002655 -0.00853386 -0.00437567 0.0211114 0.0255479 -0.0109394 0.0608092 -0.0293736 -0.00349848 0.0134918 -0.00461591 0.00379907 0.00965412 0.00375097 0.000963196 -0.0134219 -0.0108978 0.0204899 0.0558992 -0.0281118
internal_weight=116728 114430 86630.7 63830.5 16330.4 1010.33 47500 890.53 44857.6 15320.1 5154.62 4265.49 3790.51 776.261 889.134 3014.24 269.029 2298.04 2211.92 823.834 607.554 22800.3 7439.79 4525.14 15360.5 10165.5 8674.9 509.32 231.01 1490.56
internal_count=570137 539009 422306 318016 85434 5545 232582 4981 212715 79889 25839 21718 19224 3747 4121 15477 1220 31128 11187 3874 2929 104290 34268 21497 70022 54050 46244 2667 1185 7806
is_linear=0
shrinkage=0.05


Tree=44
num_leaves=31
num_cat=0
split_feature=12 5 38 10 43 20 5 8 10 5 29 7 26 2 34 32 43 32 32 11 5 8 25 9 35 34 36 20 11 32
split_gain=714.687 359.426 348.821 295.084 176.909 181.952 168.123 150.109 132.223 207.17 128.875 128.663 115.678 103.333 101.823 130.859 93.1205 90.9318 365.45 90.3294 90.714 88.1869 87.2451 96.7713 86.514 86.433 83.8002 81.0106 80.968 82.1409
threshold=1.0000000180025095e-35 -0.16452920531487178 0.029228124555127136 0.016268460205457958 1.5000000000000002 0.46531243956441187 -0.064633853148503603 0.0051607077248326813 0.03303865130270385 -0.036363636363637757 -0.092549000859713196 -0.018518518518518431 0.59668724279835406 -0.096491228070176668 2.8003208578683441 10.500000000000002 2.5000000000000004 4.5000000000000009 5.5000000000000009 0.40471683634208039 -0.33959443432852443 0.28696217377174277 0.27917711133258843 5.4942376676777365e-10 -0.016183100435878003 3.7623615564016326 0.999589153656532 1.0642113253118917 0.47139350772345373 5.5000000000000009
decision_type=8 8 8 10 2 10 8 10 10 10 10 10 10 8 2 2 2 2 2 10 10 10 10 10 10 2 2 10 10 2
left_child=7 4 3 6 5 -2 28 -1 9 12 -8 13 -5 -4 15 -12 24 -7 -19 -6 25 -11 23 -9 -10 -21 27 -13 29 -3
right_child=1 2 11 8 19 17 10 22 16 21 14 26 -14 -15 -16 -17 -18 18 -20 20 -22 -23 -24 -25 -26 -27 -28 -29 -30 -31
leaf_value=-0.03518104629255097 -0.020476839784484877 0.066090963400820699 0.017369043728314257 0.0044085703763022416 0.028935104418522914 0.015666024248755305 0.0089747846113402783 0.087278581578347267 0.020013704738798141 -0.0067790299654501649 -0.008857422038720671 0.015157004012025202 -0.0039944263036223813 0.00077262868365156649 -0.016875088504906186 0.036919493691146534 0.0092526054907256464 0.07072072810695483 0.0072312933110447305 0.027406014459742944 0.0033773340062435023 0.014357220294783261 -0.018653311855597713 0.0020679778714233431 -0.0028922944341160731 -0.00091979044441008499 0.023309080826739818 0.0040822436107523074 -0.0030583836229442665 -0.00097501845715852644
leaf_weight=1707.2867628894746 246.58763186633587 86.888008914887905 971.61541643738747 11418.291119650006 391.60973966121674 1158.5251483470201 604.31712786108255 45.102889135479927 455.88256053626537 17706.978705361485 783.59991852194071 2128.6350176483393 6386.3729906603694 27017.978641413152 7582.4754544869065 194.95953777432442 4645.5460255667567 423.9696974158287 487.01125383377075 790.22745914757252 12985.486827895045 507.64948875457048 373.39543233439326 127.5370012447238 4303.9131676778197 408.54500499367714 811.19985062628984 7362.8745621964335 4568.9472917020321 96.209220878779888
leaf_count=27494 1246 600 4039 54952 1873 4852 3354 209 1919 86486 5071 9501 29319 118708 50323 1197 19499 1744 2010 3236 56053 2278 2791 758 18615 1683 3448 31473 25599 688
internal_value=3.13372e-06 0.000551794 -0.000613301 -0.00301404 0.00728596 0.0201224 -0.00938387 -0.0278828 -0.00106242 -0.00244089 -0.0133409 0.00310715 0.00139449 0.00134875 -0.0149162 0.000262766 0.00421666 0.0249599 0.0367792 0.00524626 0.00459224 -0.00618995 -0.00506341 0.0243296 -0.000698409 0.0177525 0.00788425 0.00656595 -0.00175185 0.0308509
internal_weight=116780 114526 97634.3 59342 16892 2316.09 13917.4 2253.32 45424.6 36019.3 9165.35 38292.3 17804.7 27989.6 8561.03 978.559 9405.34 2069.51 910.981 14575.9 14184.3 18214.6 546.035 172.64 4759.8 1198.77 10302.7 9491.51 4752.04 183.097
internal_count=571018 539766 467069 299900 72697 9852 86832 31252 213068 173035 59945 167169 84271 122747 56591 6268 40033 8606 3754 62845 60972 88764 3758 967 20534 4919 44422 40974 26887 1288
is_linear=0
shrinkage=0.05


Tree=45
num_leaves=31
num_cat=0
split_feature=10 3 19 33 28 1 43 10 33 33 33 32 33 33 43 32 33 32 33 32 32 33 12 33 33 33 33 33 20 9
split_gain=662.319 358.037 374.414 207.607 292.177 193.654 175.8 170.072 156.674 371.342 255.382 241.684 295.921 172.506 170.436 167.413 182.413 161.967 193.865 153.354 266.807 244.92 230.325 212.52 307.866 145.522 241.987 134.321 132.358 127.248
threshold=0.0073296268242625832 -0.066644831976131788 -0.23138706641699949 -1696.4999999999998 -0.074492480219376073 -0.047619047619042447 1.5000000000000002 0.019245114470826743 -2374.4999999999995 -1773.9999999999998 -2585.4999999999995 3.5000000000000004 -2332.4999999999995 -1480.4999999999998 3.5000000000000004 8.5000000000000018 -2028.4999999999998 8.5000000000000018 -882.49999999999989 4.5000000000000009 1.5000000000000002 -2639.4999999999995 2.4500000000000024 -4221.4999999999991 -3855.4999999999995 -3459.4999999999995 -3083.4999999999995 -1605.4999999999998 0.43429547208909158 0.015835029830939457
decision_type=8 8 8 2 10 10 2 8 2 2 2 2 2 2 2 2 2 2 2 2 2 2 8 2 2 2 2 2 10 8
left_child=-1 3 7 5 -5 -2 -6 28 10 11 19 12 -10 -11 -12 -13 -17 18 -15 20 23 22 -22 29 -25 -26 -27 -8 -3 -4
right_child=1 2 8 4 6 -7 27 -9 9 13 14 15 -14 17 -16 16 -18 -19 -20 -21 21 -23 -24 24 25 26 -28 -29 -30 -31
leaf_value=-0.026986764388738052 0.012284804500566808 -0.020592837461042162 0.050947639609772472 0.047822731845881455 0.069389004708707278 0.00033830120207517826 0.034745794759312214 -0.0020207386541921833 0.021764595333636685 -0.0086304575040835364 -0.0048403973079725535 0.024454969134346093 -0.016505089819702938 0.013518391436415762 -0.031371549481139016 -0.00046202918765646185 0.044548399742355853 -0.0071109812730315893 -0.037917007019432764 0.0040309288422623454 -0.018468705104030498 0.051969805869989165 0.0028227290708262463 -0.045957997276491101 0.022047043700812036 -0.031581677157629058 0.012949565447538905 0.0028985526834761407 -0.0066274949986954157 0.012430478833317557
leaf_weight=2240.8422621078789 5116.8356318250299 1981.5379184260964 369.74169601500034 664.87778308242559 121.79907156527042 10064.624780163169 392.45673428475857 32951.884553179145 859.23463162779808 3945.7331926971674 1588.0067069455981 4220.4976829439402 1225.7153210937977 3606.5986431539059 978.20295234024525 1522.1800003349781 264.16094277799129 1857.12923733145 192.99858720600605 19527.826697379351 3998.8967040032148 155.00890616327524 1861.470545090735 317.50311115384102 908.21241973340511 493.81965596228838 798.16084826737642 2117.2411003857851 11799.953581623733 510.47475215792656
leaf_count=32015 21677 15062 1587 2882 517 44683 1652 152953 3590 17925 7291 17785 5747 16835 4481 6684 1151 8998 849 87567 19244 713 8832 1574 3953 2392 3429 9372 67557 2157
internal_value=-6.60773e-05 0.00046118 -0.000766355 0.00683441 0.0182082 0.00436481 0.0107257 -0.0039714 0.00227791 0.00604293 0.000163499 0.0139335 -0.000733661 -0.000606304 -0.0149537 0.0190244 0.00619403 0.00499078 0.0109058 0.00150394 -0.00373828 -0.0100649 -0.0117058 0.00746184 6.82271e-05 0.00671013 -0.00407113 0.0078787 -0.00863547 0.0286099
internal_weight=116654 114413 95934.9 18477.8 3296.37 15181.5 2631.5 46733.4 49201.6 17694.2 31507.3 8091.79 2084.95 9602.46 2566.21 6006.84 1786.34 5656.73 3799.6 28941.1 9413.29 6015.38 5860.37 3397.91 2517.7 2200.19 1291.98 2509.7 13781.5 880.216
internal_count=571154 539139 458356 80783 14423 66360 11541 235572 222784 79564 143220 34957 9337 44607 11772 25620 7835 26682 17684 131448 43881 28789 28076 15092 11348 9774 5821 11024 82619 3744
is_linear=0
shrinkage=0.05


Tree=46
num_leaves=31
num_cat=0
split_feature=12 3 0 33 28 13 1 33 0 5 33 33 33 7 25 33 33 33 33 33 5 32 28 33 32 32 33 2 33 33
split_gain=620.234 321.595 377.288 220.186 268.783 209.221 191.792 152.342 147.02 139.796 170.009 204.338 159.528 148.422 136.537 123.856 229.288 122.91 195.665 189.103 167.398 130.698 143.802 125.629 120.288 126.983 144.28 113.863 111.947 110.346
threshold=1.0000000180025095e-35 -0.062216928332221914 0.00072530147524452204 -1696.4999999999998 -0.074492480219376073 0.021374523488477088 -0.047619047619042447 -1493.4999999999998 0.095238095238095469 -0.079997225001438674 -4518.4999999999991 -4382.4999999999991 -4854.4999999999991 -0.016252824983123523 0.27917711133258843 -4854.4999999999991 -4789.4999999999991 -1760.4999999999998 -1911.9999999999998 -1232.4999999999998 -0.081481481481481086 4.5000000000000009 -0.046707558765100805 -4518.4999999999991 3.5000000000000004 1.5000000000000002 -929.49999999999989 -0.00036731224576541649 -1456.4999999999998 -2058.4999999999995
decision_type=8 8 8 2 10 10 10 2 8 8 2 2 2 8 10 2 2 2 2 2 10 2 10 2 2 2 2 10 2 2
left_child=14 3 5 6 -5 17 -2 -6 9 10 -4 -12 -11 -14 -1 -8 -17 18 21 -19 -21 23 -23 -3 25 26 -7 29 -9 -24
right_child=1 2 8 4 7 24 15 28 -10 12 11 -13 13 -15 -16 16 -18 19 -20 20 -22 22 27 -25 -26 -27 -28 -29 -30 -31
leaf_value=0.0044925647233464506 0.011611198570025428 0.004921010986626677 0.027671797072800611 0.045181200061257143 0.025766327271548775 -0.002107259870129346 -0.022484187400738639 -0.045978773414922763 0.019873502082269016 -0.019568473311072032 -0.027238823524166733 0.0072285493173499726 -0.00076337633481882703 0.0073754859938470032 -0.031672750882296791 0.048120709939582763 0.00016173493846692683 -0.027600786753005726 0.035757915215566725 0.033586355504699267 -0.01334526818048775 -0.020138654099420974 -0.0076275688925324277 -0.022367878839716852 -0.00028950938124630441 -0.011149527559708484 0.037971047137731084 0.0095731716896733307 0.0052978528943340647 0.067653404189262314
leaf_weight=303.91082071512938 5322.8077209368348 525.46264459937811 953.20055729150772 700.5252725481987 1079.1651260405779 3945.9745848253369 576.46496963500977 113.18000012636185 1239.5415336638689 940.04327762126923 453.73524279892445 8221.9406745582819 21475.02930316329 7578.2958409711719 1847.466172169894 255.33439201116562 10406.844303786755 1890.383694216609 265.69875506311655 264.17489817738533 676.72325471043587 1068.3113600462675 2724.5195888951421 2136.8469532653689 31427.179279759526 6065.4359586238861 238.10841633379459 1913.1217623203993 1788.035326808691 49.562861874699593
leaf_count=2841 22592 2610 4017 3075 4717 17913 2940 497 5154 4765 2112 37145 101991 33004 28175 1068 46184 13463 1510 1648 5982 6338 15190 13612 141738 30207 1095 10536 8213 296
internal_value=3.35499e-05 0.000534192 -0.000696229 0.00625117 0.0173125 -0.00347183 0.00379271 0.010762 0.00291689 0.00238642 0.00762812 0.00542592 0.000703651 0.00135957 -0.0265639 8.97507e-05 0.00131024 -0.00943764 -0.00648794 -0.0184844 -0.00016833 -0.00782138 -0.00358405 -0.0169818 -0.00182354 -0.00652721 0.000173522 0.000189085 0.00224534 -0.00628257
internal_weight=116447 114296 94053.3 20242.4 3680.91 53191.5 16561.5 2980.38 40861.8 39622.2 9628.88 8675.68 29993.4 29053.3 2151.38 11238.6 10662.2 11514.8 8683.52 2831.28 940.898 8417.83 5755.52 2662.31 41676.7 10249.5 4184.08 4687.2 1901.22 2774.08
internal_count=570628 539612 450326 89286 16502 262138 72784 13427 188188 183034 43274 39257 139760 134995 31016 50192 47252 71185 50092 21093 7630 48582 32360 16222 190953 49215 19008 26022 8710 15486
is_linear=0
shrinkage=0.05


Tree=47
num_leaves=31
num_cat=0
split_feature=12 5 28 34 33 10 33 33 33 32 32 5 33 43 33 33 33 33 33 33 10 33 2 8 33 33 43 33 1 33
split_gain=581.723 305.573 276.54 259.835 304.306 245.039 238.865 248.514 224.898 188.124 216.853 177.108 158.161 178.618 157.97 181.061 296.288 176.408 175.434 185.739 152.666 155.899 141.951 141.057 148.227 136.499 187.647 342.358 159.23 148.319
threshold=1.0000000180025095e-35 -0.18736366876559316 0.048482987828667508 3.0978349487009709 -3594.4999999999995 0.018310918758111628 -3459.4999999999995 -3493.4999999999995 -4277.4999999999991 7.5000000000000009 9.5000000000000018 -0.055999999999999765 -3228.4999999999995 3.5000000000000004 -4749.4999999999991 -2207.4999999999995 -1760.4999999999998 -4831.4999999999991 -2159.4999999999995 -1926.9999999999998 0.025292349217926967 -1898.4999999999998 0.034685579226221182 0.0051607077248326813 -1170.4999999999998 -2207.4999999999995 1.5000000000000002 -2318.4999999999995 -0.1244109586563079 -1643.4999999999998
decision_type=8 8 10 2 2 8 2 2 2 2 2 10 2 2 2 2 2 2 2 2 10 2 8 10 2 2 2 2 10 2
left_child=23 25 5 4 8 11 7 -6 9 -4 -11 -3 13 -13 17 -16 18 -5 -17 -20 -21 -22 -19 -1 -25 26 27 -2 -29 -27
right_child=1 2 3 14 6 -7 -8 -9 -10 10 -12 12 -14 -15 15 16 -18 22 19 20 21 -23 -24 24 -26 29 -28 28 -30 -31
leaf_value=-0.033523096879333379 0.029039760202349371 -0.0012868073350887615 -0.01032347156410391 -0.011644020144083184 0.020850209376163269 -0.00039653906190171076 0.012739810625130918 0.073399108405127853 -0.019701410733077438 0.069121968608798143 0.0050849476100033441 -0.016897031105216172 -0.01609777187974985 0.0030056972976353884 -0.004638586555142374 0.055698840628025915 -0.0054984377931435067 0.045970336051022825 -0.00083493746909301173 0.03341294562137781 0.069425002574830599 0.0059270950661784137 0.0079973920355384323 -0.0090357086686965356 0.12874776929042872 0.025665719006175314 0.001215794450848553 0.05448002426390363 -0.051524466369720134 0.0053889607426722778
leaf_weight=1582.4237294122577 1437.3681053966284 8023.5473512634635 477.0271335542202 383.63508217781782 620.16660678386688 52284.949738532305 4781.6538645625114 353.0871075540781 1156.8253189176321 233.04584865272045 305.52160353958607 1765.4976447448134 6496.2814806178212 3118.5592956617475 11172.695230215788 228.20683362334967 3879.2128722444177 528.84423054754734 2000.6044377237558 1120.8663903474808 102.78947460651398 1622.0973786562681 460.34073792397976 513.35939747467637 20.291305497288704 1867.9573914259672 7864.3490930274129 42.519229680299759 212.339534714818 1743.7498953193426
leaf_count=27408 5915 44046 2013 1790 2652 239992 20433 1454 5053 965 1270 10581 42923 17779 49561 952 17641 2165 8640 5019 421 6631 1867 3494 238 7775 33436 202 1084 7785
internal_value=-5.00378e-05 0.00043094 -0.00050208 0.0035792 0.0113166 -0.00217735 0.0173355 0.0399144 -0.0046278 0.012542 0.0327947 -0.00697585 -0.0109868 -0.00418878 0.000726205 -0.00039315 0.00490439 0.0171367 0.0128568 0.0108394 0.0190466 0.00971106 0.0282987 -0.0260264 -0.00379669 0.00759533 0.00446583 0.0195698 -0.0338393 0.015876
internal_weight=116400 114284 101115 29426.6 7927.33 71688.8 5754.91 973.254 2172.42 1015.59 538.567 19403.9 11380.3 4884.06 21499.3 20126.5 8953.78 1372.82 5074.56 4846.36 2845.75 1724.89 989.185 2116.07 533.651 13168.3 9556.58 1692.23 254.859 3611.71
internal_count=571185 540045 483848 128527 33840 355321 24539 4106 9301 4248 2235 115329 71283 28360 94687 88865 39304 5822 21663 20711 12071 7052 4032 31140 3732 56197 40637 7201 1286 15560
is_linear=0
shrinkage=0.05


Tree=48
num_leaves=31
num_cat=0
split_feature=13 3 0 25 33 28 10 1 4 33 33 33 33 33 33 32 32 34 33 33 33 33 32 33 33 33 8 33 32 33
split_gain=533.442 270.849 318.688 247.217 198.039 258.426 186.322 174.768 165.07 138.089 133.418 211.839 395.529 223.573 246.251 153.438 189.003 124.33 119.347 197.228 394.016 149.292 118.033 116.91 289.223 180.022 124.251 115.791 106.908 127.227
threshold=2.2898349882893855e-17 -0.066644831976131788 0.0056497175141232434 0.30744839092243065 -1696.4999999999998 -0.03306296071560718 0.015717186460178358 -0.042316258351892726 -1.0000000180025095e-35 -1605.4999999999998 -4538.4999999999991 -4382.4999999999991 -4301.4999999999991 -4091.4999999999995 -4072.4999999999995 1.5000000000000002 3.5000000000000004 3.7875922857682265 -2374.4999999999995 -2730.4999999999995 -2765.4999999999995 -2745.4999999999995 3.5000000000000004 -1696.4999999999998 -2058.4999999999995 -2585.4999999999995 0.073534033349354835 -4336.4999999999991 5.5000000000000009 -1188.4999999999998
decision_type=8 8 8 10 2 10 10 10 8 2 2 2 2 2 2 2 2 2 2 2 2 2 2 2 2 2 10 2 2 2
left_child=3 4 6 8 7 17 22 -2 -1 -7 15 -12 27 -14 -15 -8 -17 -6 19 20 -4 -22 -3 24 25 -24 -26 -13 29 -25
right_child=1 2 18 -5 5 9 10 -9 -10 -11 11 12 13 14 -16 16 -18 -19 -20 -21 21 -23 23 28 26 -27 -28 -29 -30 -31
leaf_value=-0.0091310639432432318 0.010465324727111487 -0.017216812110478468 0.0019180526008509295 -0.028855849333428326 0.047108929834703342 0.036731130865977679 0.026809484843615179 -0.00056894842984388748 0.041749088064215567 -0.0015697279001999508 -0.018972693411439409 0.013460253602972538 -0.017262757612140345 0.061643424878110913 -0.0015772466808177848 -0.026720907245364259 0.0068727573732936436 0.018102117558215617 0.0073531013289945216 -0.010713830165688285 0.084694564264355898 0.025730863188886066 -0.0031406377170666005 -0.021549320472387837 0.04295154670492813 -0.028110944323975231 -0.0012367899674575009 0.047866225587357383 -0.02627878098702496 0.037768185262871901
leaf_weight=830.98998462036252 5842.546235255897 2854.2644678577781 18906.174913354218 2303.5554480962455 745.35155047476292 279.13887833058834 791.08824576437473 9301.5689096525311 197.24558751657605 1499.5776643678546 1805.1586704701185 511.42099057137966 2332.7704266905785 154.64430432021618 38657.583408661187 479.99856305867434 3278.166236653924 732.42883832007647 11916.391094736755 3025.1818353831768 179.52918296307325 267.0155123770237 5945.0090223923326 202.43096104264259 456.93020816147327 821.54906088113785 244.05234409868717 468.60024037957191 1096.0268874689937 163.33465477079153
leaf_count=7356 24784 18348 86045 33423 3249 1176 3364 41300 1163 6577 8816 2353 11099 650 177952 2454 13754 3138 52756 13894 761 1112 34205 1352 2657 4967 1347 2008 7986 1124
internal_value=-3.83713e-05 0.000543228 -0.000536823 -0.0197564 0.00609341 0.0172794 -0.00272655 0.00368804 0.000629234 0.00444093 -0.00135587 -0.00219996 -0.00148121 -0.00222894 -0.00132535 0.00679512 0.00258212 0.0327324 0.00331104 0.00115862 0.0030145 0.0494367 -0.00836575 -0.0055365 -0.00300522 -0.00617236 0.027567 0.0299116 -0.0184675 0.00493924
internal_weight=116290 112958 94557.3 3331.79 18400.6 3256.5 60263 15144.1 1028.24 1778.72 48479.4 43930.2 42125 41145 38812.2 4549.25 3758.16 1477.78 34294.3 22377.9 19352.7 446.545 11783.6 8929.33 7467.54 6766.56 700.983 980.021 1461.79 365.766
internal_count=571170 529228 449004 41942 80224 14140 294436 66084 8519 7753 222450 202878 194062 189701 178602 19572 16208 6387 154568 101812 87918 1873 71986 53638 43176 39172 4004 4361 10462 2476
is_linear=0
shrinkage=0.05


Tree=49
num_leaves=31
num_cat=0
split_feature=10 37 28 13 32 32 33 34 33 33 33 32 33 33 9 32 32 43 33 33 33 33 43 33 33 26 33 33 8 28
split_gain=529.728 255.856 314.255 241.422 208.482 335.182 338.13 252.098 443.834 369.362 307.548 286.949 240.678 239.688 222.071 215.64 243.034 238.887 212.269 249.604 207.322 204.586 199.76 197.004 193.561 181.922 184.651 220.181 178.178 167.996
threshold=0.0073296268242625832 -0.056920582627686504 0.0027949049001726165 0.010984046871298603 4.5000000000000009 1.5000000000000002 -3459.4999999999995 3.166002196318539 -3594.4999999999995 -3293.4999999999995 -4277.4999999999991 7.5000000000000009 -3313.4999999999995 -4749.4999999999991 0.030868834273753722 8.5000000000000018 10.500000000000002 5.5000000000000009 -2189.4999999999995 -1787.4999999999998 -4789.4999999999991 -2795.4999999999995 6.5000000000000009 -2585.4999999999995 -3083.4999999999995 0.74432737569873508 -3493.4999999999995 -4221.4999999999991 0.26164173696236231 0.15833657862853853
decision_type=8 8 10 10 2 2 2 2 2 2 2 2 2 2 8 2 2 2 2 2 2 2 2 2 2 10 2 2 8 10
left_child=-1 -2 3 -3 5 6 25 8 10 12 11 20 -10 -9 -7 18 17 -17 23 29 -6 -18 -12 -11 -8 26 27 -4 -13 -20
right_child=1 2 4 -5 7 14 24 13 9 15 22 28 -14 -15 -16 16 21 -19 19 -21 -22 -23 -24 -25 -26 -27 -28 -29 -30 -31
leaf_value=-0.025094602318758069 0.0060804460684430739 -0.018587955864845934 0.035374299492356889 -0.0028593108306405306 0.034644633787390071 -0.015246893514253868 -0.02788473487092169 0.022422599181771901 0.032209108231137588 0.015650667970587336 -0.017639805714725895 0.044497064543157161 0.10120485627898659 -1.8139644883686362e-05 0.003962667710469157 -0.018994483413426012 -0.019562343057844836 0.056072029687658842 0.052448008517528281 0.0049684483190677135 -0.032282451802849076 0.023515856707514854 0.040415210876589606 -0.022367988004383263 0.00083934614893947819 -0.0032014554965088386 0.054017962613027118 -0.0030447893730776183 -0.0066822544423529029 0.020283802106142231
leaf_weight=2078.8374986946583 16757.84923516959 2597.1757312044501 826.22153965383768 40232.269121080637 160.97217461466789 5791.3607745878398 702.31322749704123 1248.0726129412651 1326.4569614976645 1245.6305400580168 2492.9878216460347 681.80718970298767 139.70791336894035 25531.044192377478 2032.5491708368063 1377.3779561370611 348.12428617477417 114.81859914213419 978.28786095231771 788.0548150986433 411.55001518130302 1323.2285468131304 157.53588874638081 469.04523719847202 3556.5740709453821 694.63819321990013 467.06245709955692 679.73917741328478 226.57587207853794 693.94057908654213
leaf_count=31954 72605 20583 3576 197046 655 29712 3412 5160 5758 5432 11350 2868 614 116688 8754 6350 1584 473 4093 3736 1782 5940 644 2219 16033 2941 2010 3376 943 2851
internal_value=-8.17092e-05 0.000374199 -0.000608629 -0.0038131 0.00191122 -0.00316474 0.00484579 0.00379646 0.00952803 0.0158722 -0.00399223 0.0142584 0.0387836 0.00102774 -0.0102565 0.0112947 0.00144845 -0.0132184 0.0187556 0.0281677 -0.013465 0.0145431 -0.0141893 0.00525076 -0.00389741 0.0188042 0.0265517 0.0180332 0.0317315 0.0391005
internal_weight=116132 114053 97295.1 42829.4 54465.7 14750.5 6926.55 39715.2 12936.1 8804.67 4131.43 1480.91 1466.16 26779.1 7823.91 7338.51 3163.55 1492.2 4174.96 2460.28 572.522 1671.35 2650.52 1714.68 4258.89 2667.66 1973.02 1505.96 908.383 1672.23
internal_count=571142 539188 466583 217629 248954 69814 31348 179140 57292 39050 18242 6248 6372 121848 38466 32678 14347 6823 18331 10680 2437 7524 11994 7651 19445 11903 8962 6952 3811 6944
is_linear=0
shrinkage=0.05


Tree=50
num_leaves=31
num_cat=0
split_feature=12 5 38 10 33 33 33 32 4 33 33 33 33 33 3 1 33 33 33 33 33 33 32 33 33 33 32 6 33 33
split_gain=464.527 262.021 355.264 234.517 162.482 408.736 730.681 211.96 173.442 153.332 359.028 283.253 453.293 290.982 262.038 236.118 181.079 227.027 171.373 155.148 606.355 224.022 149.071 159.354 143.435 229.657 141.452 140.819 138.631 189.62
threshold=1.0000000180025095e-35 -0.084780514367093926 0.015696525106215557 0.03303865130270385 -4518.4999999999991 -4091.4999999999995 -4072.4999999999995 7.5000000000000009 -0.062204457000615658 -2207.4999999999995 -2159.4999999999995 -2332.4999999999995 -2374.4999999999995 -2506.4999999999995 -0.050847457627118058 -0.11111111111111098 -2462.4999999999995 -2418.4999999999995 -2955.4999999999995 -3019.4999999999995 -3036.4999999999995 -3068.4999999999995 10.500000000000002 -4336.4999999999991 -1773.9999999999998 -1926.9999999999998 3.5000000000000004 37.991991320631257 -4854.4999999999991 -4257.4999999999991
decision_type=8 8 8 10 2 2 2 2 10 2 2 2 2 2 10 10 2 2 2 2 2 2 2 2 2 2 2 10 2 2
left_child=-1 4 3 28 8 7 -7 -6 26 11 -11 12 13 18 -12 -13 -15 -18 19 20 21 -8 23 -9 25 -16 -2 -22 -3 -30
right_child=1 2 -4 -5 5 6 9 22 -10 10 14 15 -14 16 24 -17 17 -19 -20 -21 27 -23 -24 -25 -26 -27 -28 -29 29 -31
leaf_value=-0.02414960284923209 -0.027804590224140748 -0.027805802395945448 0.0018542395973237436 0.0034689809300331993 -0.016218238746117272 0.074445200084379951 0.0014830239886617007 -0.0021554431753123692 0.025179551808479445 0.045307615060012678 0.018477702123175319 0.050059066054048557 0.047898174762765373 -0.034288083344464197 -0.0014309477098505845 -0.039919815904566683 0.011747717809830712 -0.024963893240311397 0.011853128038963955 -0.020344140960277625 0.10776574429730859 -0.038589774470934 -0.015872096123478674 0.053720639456610632 -0.0038855286608006135 0.038595807799012928 0.010692050180006841 0.032230953818135614 0.0047167815446358761 -0.0076128413854947138
leaf_weight=1984.054942548275 321.19736498594284 758.77374409139156 41902.943697549403 6948.4046956673265 3678.6714686080813 375.56319087743759 6730.979278549552 234.02457708120346 1751.5836261510849 642.24372889101505 3088.9323031827807 82.425803929567337 535.10434453189373 793.16301651299 936.88535255938768 631.55074828863144 904.94752432405949 787.67817481607199 4593.6392700225115 856.69197681546211 154.32834354043007 367.82226289063692 303.50102896988392 280.59050165116787 4525.0377694666386 580.34080569446087 928.11865331232548 102.80713730305433 3532.8447314351797 26578.228959783912
leaf_count=30895 1459 4289 186260 29557 17295 1563 30813 1060 7382 2733 13792 379 2221 3631 4247 3258 3898 3424 20396 4026 730 1855 1340 1204 21396 2486 3877 511 16873 147448
internal_value=-0.00016408 0.000253697 -0.0013167 -0.00483012 0.00391563 0.00284639 0.00519592 -0.011099 0.0150278 0.00420759 0.0091729 0.0012738 0.00266348 0.00108061 0.00663137 -0.0295321 -0.0145742 -0.00533635 0.00411933 -0.000206481 0.0021388 -0.000593336 0.0119199 0.0283106 0.000575269 0.0138793 0.000794619 0.0775657 -0.00669814 -0.00616624
internal_weight=115893 113909 79721.2 37818.3 34187.8 31186.9 26690.1 4496.79 3000.9 26314.6 9773.44 16541.1 15827.2 15292.1 9131.2 713.977 2485.79 1692.63 12806.3 8212.63 7355.94 7098.8 818.116 514.615 6042.26 1517.23 1249.32 257.135 30869.8 30111.1
internal_count=570298 539403 384427 198167 154976 142258 121359 20899 12718 119796 44654 75142 71505 69284 41921 3637 10953 7322 58331 37935 33909 32668 3604 2264 28129 6733 5336 1241 168610 164321
is_linear=0
shrinkage=0.05


Tree=51
num_leaves=31
num_cat=0
split_feature=12 5 38 10 43 33 33 33 33 33 33 33 1 33 11 33 33 33 33 33 4 33 33 33 43 33 33 43 33 33
split_gain=471.946 247.535 359.991 228.486 161.527 324.022 368.913 361.165 359.628 267.44 555.363 302.325 205.599 203.22 198.523 193.853 183.616 224.766 227.797 207.568 169.772 162.732 207.853 165.322 165.039 153.999 152.853 150.733 145.691 202.167
threshold=1.0000000180025095e-35 -0.076749435665913454 0.015696525106215557 0.033401152038180462 1.5000000000000002 -2374.4999999999995 -1643.4999999999998 -2585.4999999999995 -2606.4999999999995 -2318.4999999999995 -1520.4999999999998 -4091.4999999999995 -0.11111111111111098 -2654.4999999999995 1.2247681781218189 -2955.4999999999995 -4518.4999999999991 -4382.4999999999991 -4277.4999999999991 -4110.4999999999991 -0.068020222697533536 -2332.4999999999995 -2226.4999999999995 -2159.4999999999995 6.5000000000000009 -4336.4999999999991 -1655.4999999999998 3.5000000000000004 -1232.4999999999998 -1142.4999999999998
decision_type=8 8 8 10 2 2 2 2 2 2 2 2 10 2 10 2 2 2 2 2 10 2 2 2 2 2 2 2 2 2
left_child=-1 4 3 -3 9 7 21 8 15 11 12 20 -11 -13 -9 16 -6 -18 25 -20 -2 -7 -23 27 26 -19 -25 -24 -8 -30
right_child=1 2 -4 -5 5 6 28 14 -10 10 -12 13 -14 -15 -16 -17 17 18 19 -21 -22 22 23 24 -26 -27 -28 -29 29 -31
leaf_value=-0.024360281287210697 -0.004906672510495951 -0.0067335813319493445 0.0019634859680461997 0.0036170198394861251 0.018092633552517109 0.044327098254651573 -0.0053668501694972698 -0.023564899665908256 0.058055186971670759 0.044144479820843602 0.061013260855055762 0.079011799257614632 -0.037146894288537728 0.027740835355182326 0.010529209113077038 0.010928132560347871 -0.020016232112080978 0.0081196036856169725 -0.018901336250876248 0.00014745654668038422 0.022600381109893979 -0.040577573039982599 0.018173574530196007 0.0095881568835097138 0.099605961096518314 0.05347675109707567 0.046220731182802594 0.063823263265087943 0.038876930367121698 0.0017184479277487061
leaf_weight=1959.2743244953454 976.87053792178631 29506.219273231924 41637.789259344339 6507.6489891633391 1067.7570677548647 570.34994713962078 3567.6758189946413 2364.1886212155223 277.97216080129147 87.217878147959709 221.66457986086607 298.90922273695469 718.8561876937747 546.86093699932098 521.06910241395235 3722.8844984397292 1776.6233830153942 511.65100467205048 1695.1590839773417 9145.8566369861364 1317.4549704939127 156.66247442364693 380.11208970099688 3465.9674588441849 55.299443110823631 295.06025446951389 310.24968978762627 344.92036896944046 505.76103401184082 1325.0470186546445
leaf_count=31208 4225 161869 185024 27639 4493 2362 17332 10691 1240 407 1014 1279 3524 2334 2274 16528 8343 2357 8220 42454 5551 735 1743 15184 234 1255 1332 1470 2624 6090
internal_value=-2.90246e-05 0.000389589 -0.00120267 -0.00486324 0.00380244 0.00259868 0.00970971 -0.000954484 0.00161252 0.0130622 -0.00907683 0.0203082 -0.0283511 0.0458608 -0.0174076 0.000751168 -0.0018632 -0.00345046 -0.00092369 -0.00283111 0.0108885 0.0191021 0.0160496 0.0179966 0.0138536 0.0247093 0.0125978 0.0398905 0.000517234 0.0119835
internal_weight=115839 113880 77651.7 36013.9 36228.1 32060.3 10682 21378.2 18493 4167.83 1027.74 3140.1 806.074 845.77 2885.26 18215 14492.1 13424.4 11647.7 10841 2294.33 5283.56 4713.21 4556.55 3831.52 806.711 3776.22 725.032 5398.48 1830.81
internal_count=571035 539827 374532 189508 165295 146961 49106 97855 84890 18334 4945 13389 3931 3613 12965 83650 67122 62629 54286 50674 9776 23060 20698 19963 16750 3612 16516 3213 26046 8714
is_linear=0
shrinkage=0.05


Tree=52
num_leaves=31
num_cat=0
split_feature=10 32 32 32 33 33 28 33 33 33 43 32 33 33 13 32 34 5 33 33 32 43 33 5 33 33 33 28 33 33
split_gain=407.295 236.203 393.6 270.178 703.768 626.051 613.231 493.087 691.505 450.412 335.474 299.672 393.341 411.669 392.177 376.06 357.014 267.489 263.841 310.345 487.564 263.827 258.615 251.657 242.28 355.6 695.766 270.745 242.058 267.263
threshold=0.0073296268242625832 3.5000000000000004 1.5000000000000002 8.5000000000000018 -2189.4999999999995 -1564.4999999999998 -0.04408878677757503 -1444.4999999999998 -1142.4999999999998 -4749.4999999999991 2.5000000000000004 10.500000000000002 -3962.4999999999995 -4641.4999999999991 0.057170031023637428 9.5000000000000018 2.8707317708119455 0.077676642159952194 -2585.4999999999995 -4382.4999999999991 7.5000000000000009 3.5000000000000004 -1352.4999999999998 0.021364745491165852 -3995.4999999999995 -3313.4999999999995 -3293.4999999999995 0.10408035253729038 -929.49999999999989 -4221.4999999999991
decision_type=8 2 2 2 2 2 10 2 2 2 2 2 2 2 8 2 2 10 2 2 2 2 2 10 2 2 2 10 2 2
left_child=-1 2 28 4 9 17 -7 10 -9 -3 -8 12 13 -5 -14 -15 -13 -6 19 20 -11 -20 -18 -17 27 -26 -27 -21 29 -2
right_child=1 3 -4 11 5 6 7 8 -10 18 -12 16 14 15 -16 23 22 -19 21 24 -22 -23 -24 -25 25 26 -28 -29 -30 -31
leaf_value=-0.022365734239607492 0.020386714721067466 0.019883281973825748 -0.008143028187536535 -0.0075722165009519133 0.034084793458513216 0.036333061091681378 0.0013185226330303934 0.030954102282188263 -0.012372042188106381 -0.020576538841197867 -0.032717128001132516 0.016156063976672502 -0.012725565453850021 0.045826066439331424 0.007660305796107914 0.034546185466010827 0.0020336274793580707 0.014383899194056193 -0.004012838124183014 0.016224936137931984 0.027418118148383221 -0.03299015414163621 -0.017668039216635133 -0.018108851904714462 -0.0087419933393147048 0.066122325073772067 0.0029819491373444446 -0.026694768666313581 0.030767454616161774 -0.0016481537794594933
leaf_weight=1983.7489064112306 1639.470818080008 2633.0671682655811 17398.865275669843 1974.8287875652313 3510.0544482916594 1219.8304223120213 1305.5806280523539 1897.0725087225437 1789.8377860710025 3287.958017244935 1625.2286854684353 4158.9499324001372 13063.226957425475 1020.0690292418003 2879.1628518998623 369.38318648934364 14185.242536306381 3384.0643900372088 2086.6179318875074 4260.7639504298568 630.65444648265839 1259.6966178119183 1887.2734738364816 588.35346746444702 7124.1787526234984 460.32701366394758 8360.4068548157811 402.11910773813725 781.29028619453311 8567.121485542506
leaf_count=31910 7211 10984 88328 8915 15408 5689 6380 9227 8965 15255 8126 18845 64669 4392 11974 1613 65180 13954 10936 18930 2589 6175 10805 2575 34501 2239 39367 1708 3713 40444
internal_value=9.5161e-05 0.000486867 -0.00346421 0.00180075 0.00445001 0.0134243 0.00375717 -0.00224747 0.00992111 0.000116193 -0.0175553 -0.00118595 -0.00554326 0.00857613 -0.00904392 0.0247002 0.0030989 0.0244144 -0.00175116 4.57216e-05 -0.0128524 -0.0149211 -0.00027979 0.00219933 0.00249832 -0.00043345 0.00627705 0.0125236 0.00394451 0.00189128
internal_weight=115734 113751 28386.7 85363.9 45237.5 14731.7 7837.55 6617.72 3686.91 30505.8 2930.81 40126.5 19895 3952.63 15942.4 1977.81 20231.5 6894.12 27872.7 24526.4 3918.61 3346.31 16072.5 957.737 20607.8 15944.9 8820.73 4662.88 10987.9 10206.6
internal_count=571007 539097 139696 399401 210433 67749 38387 32698 18192 142684 14506 188968 94138 17495 76643 8580 94830 29362 131700 114589 17844 17111 75985 4188 96745 76107 41606 20638 51368 47655
is_linear=0
shrinkage=0.05


Tree=53
num_leaves=31
num_cat=0
split_feature=10 5 0 0 13 33 5 33 33 1 33 33 43 33 29 33 33 33 12 3 33 33 33 33 33 33 33 33 5 33
split_gain=413.884 217.36 196.728 222.945 186.775 146.156 129.691 152.382 159.883 113.332 110.786 151.943 174.318 107.552 104.307 96.298 451.152 164.627 157.738 134.05 105.419 231.651 175.007 163.763 131.179 136.069 129.847 151.427 123.424 109.825
threshold=0.0078159373524208531 -0.25068685984285205 0.001117115679998282 -0.043692388584205259 0.022600455999464596 -3148.4999999999995 -0.043475754958964101 -1232.4999999999998 -1403.4999999999998 0.18591473135622352 -2189.4999999999995 -2115.4999999999995 3.5000000000000004 -4963.4999999999991 -0.13248027245794528 -3629.4999999999995 -3459.4999999999995 -3524.4999999999995 1.6571428571428581 -0.046013263938864117 -2374.4999999999995 -1773.9999999999998 -1926.9999999999998 -2332.4999999999995 -2226.4999999999995 -2129.4999999999995 -2730.4999999999995 -2765.4999999999995 0.31372549019608115 -2745.4999999999995
decision_type=8 8 8 10 10 2 8 2 2 10 2 2 2 2 10 2 2 2 10 8 2 2 2 2 2 2 2 2 10 2
left_child=14 -2 3 -3 5 -5 7 8 10 13 -7 12 -12 -4 -1 -6 17 -17 -19 -18 26 22 23 -22 -25 -26 27 -21 -24 -29
right_child=1 2 9 4 15 6 -8 -9 -10 -11 11 -13 -14 -15 -16 16 19 18 -20 20 21 -23 28 24 25 -27 -28 29 -30 -31
leaf_value=0.042468220076287963 0.009636531098697422 0.0095128212260126559 -0.021160082807072905 -0.0020294780092873824 -0.0045358328848727073 -0.013287930121431455 -0.019195979176971072 0.021293820175538769 -0.033955419820699696 0.019901628689897283 -0.0078365479227299039 -0.0033627639458335221 0.07009362568587589 0.0022826302289473393 -0.023550750980803392 0.010935398822013409 0.0040098785739319694 0.057184398456848598 0.012328404423325652 -0.0051601420405195785 0.025989946813687805 -0.0062786417505675558 0.029857813747674523 -0.036574712807266006 0.019181285765257829 -0.0074745151798719586 -0.016172350610202023 0.068482426273838479 0.00048004262383015981 0.0078196884080564116
leaf_weight=61.567958429455757 5917.5050069093704 3960.702723428607 495.00241602957249 6023.8167120665312 14808.816284991801 1718.4897216409445 3686.5725014247 447.72323009371758 568.71149256080389 903.92877143621445 123.02824925631285 967.35848066583276 172.19073691964149 42205.930002085865 2118.6351135410368 1077.2245309948921 8756.523620262742 526.27725133299828 312.29107719659805 5800.2169616520405 551.54413641989231 6708.1922021880746 1185.4212556928396 275.9828264862299 659.0614165365696 1750.0007241219282 2888.0414418429136 117.99003709852695 511.91280613839626 202.93465904891491
leaf_count=575 25009 16752 2539 33064 68239 10015 26430 3192 4698 3737 567 5765 749 193064 33534 4877 39171 2185 1326 27528 2350 31197 4909 1351 2718 7931 13706 483 2078 852
internal_value=-0.000107828 0.000307317 -0.000206674 -0.00197573 -0.00273614 -0.00786062 -0.0124319 -0.00619385 -0.00966079 0.00238175 -0.00502599 0.00621931 0.0376174 0.00201088 -0.0216864 -0.00121344 0.000357286 0.0238673 0.0404796 -0.00117429 -0.00337247 -0.000229912 0.00799398 0.00117465 -0.00392275 -0.00018213 -0.00743344 -0.0033103 0.0209975 0.0301227
internal_weight=115504 113323 107406 63801 59840.3 13707.9 7684.07 3997.5 3549.78 43604.9 2981.07 1262.58 295.219 42700.9 2180.2 46132.4 31323.6 1915.79 838.568 29407.8 20651.3 11642.1 4933.92 3236.59 2685.04 2409.06 9009.18 6121.14 1697.33 320.925
internal_count=570591 536482 511473 312133 295381 84480 51416 24986 21794 199340 17096 7081 1316 195603 34109 210901 142662 8388 3511 134274 95103 52534 21337 14350 12000 10649 42569 28863 6987 1335
is_linear=0
shrinkage=0.05


Tree=54
num_leaves=31
num_cat=0
split_feature=12 0 0 3 33 26 43 5 32 33 33 33 33 33 33 32 10 33 43 5 32 33 11 32 33 33 33 33 33 43
split_gain=376.205 221.137 260.693 193.278 164.589 153.462 216.353 139.385 132.494 248.304 412.841 174.08 323.133 312.607 189.767 322.804 154.775 145.225 135.528 129.939 126.28 124.065 164.864 118.698 230.596 237.825 115.695 199.486 195.388 120.119
threshold=1.0000000180025095e-35 -0.043692388584205259 0.0029498525073764497 -0.051724137931034302 -1696.4999999999998 0.65124005975132915 3.5000000000000004 -0.18736366876559316 4.5000000000000009 -1773.9999999999998 -2058.4999999999995 -2129.4999999999995 -2189.4999999999995 -2585.4999999999995 -2765.4999999999995 11.500000000000002 0.031777073407773991 -2606.4999999999995 3.5000000000000004 -0.088235294117645122 1.5000000000000002 -4854.4999999999991 1.6686592769326298 8.5000000000000018 -1444.4999999999998 -1142.4999999999998 -4221.4999999999991 -3855.4999999999995 -4919.4999999999991 1.5000000000000002
decision_type=8 10 10 8 2 10 2 8 2 2 2 2 2 2 2 2 10 2 2 8 2 2 8 2 2 2 2 2 2 2
left_child=19 -2 3 4 -3 6 -6 -4 20 10 11 12 13 14 -10 17 -12 -16 -15 -1 26 -9 -23 24 -11 -26 28 -28 -5 -29
right_child=1 2 7 8 5 -7 -8 21 9 23 16 -13 -14 18 15 -17 -18 -19 -20 -21 -22 22 -24 -25 25 -27 27 29 -30 -31
leaf_value=0.0026549687191042941 0.011164316201091326 0.00022008142154518299 0.011638518005066541 -0.020941357536527941 0.035998981086590776 0.0034361992709612908 -0.016770082801630525 -0.013935958928237336 -0.00072244617182786028 -0.018620925404918862 0.029237453637938223 -0.022165733993769511 0.027572245703797627 -0.010264226735250907 -0.016742157882075195 0.082559106205104732 0.0034841579855828496 0.035939551346306033 -0.033760744925737732 -0.029292191837835737 -0.010653943029727369 0.0019627755555010062 0.024161202842787232 -0.015698112187998083 0.028648697770491824 -0.0081931600325334791 -0.041719682663166606 0.078822948140350402 0.032086535086859443 -0.0021467499627935522
leaf_weight=407.15884946659207 4514.0188104808331 13114.092713318765 4115.1422387734056 248.55736736953259 1049.8737976774573 1728.1127785071731 238.33816869556904 1189.4570156484842 18919.553898051381 1307.4181516990066 1566.4673346355557 996.61622833460569 960.47960948944092 2061.9773735180497 305.88599469512701 184.08707654476166 929.64353774487972 228.56396706402302 873.77359697967768 1458.1282051280141 10388.668006230146 37106.393277354538 855.70378483831882 4137.9108776859939 825.75410510599613 932.94183604419231 329.26015657186508 46.362192772328854 576.88157372176647 3807.5271220840514
leaf_count=3199 19145 59427 17309 1252 5217 7698 1159 6000 90782 6741 7195 4990 4042 10853 1450 804 3779 1054 4450 27787 56478 169621 3809 23136 4235 5541 1818 225 2434 19048
internal_value=-4.61009e-05 0.000319805 -0.000129194 -0.00211241 0.00264232 0.0131735 0.0262359 0.002885 -0.00365782 -0.00192516 0.000273413 -0.00169782 -0.000831053 -0.00203957 0.00023541 0.0254564 0.019646 0.00578781 -0.0172575 -0.0223187 -0.00750986 0.00196493 0.00246315 -0.0101734 -0.00271754 0.00910506 -0.000988508 -0.00436418 0.0161187 -0.00117269
internal_weight=115405 113539 109025 65758.7 16130.4 3016.32 1288.21 43266.7 49628.3 34231.1 27027 24530.9 23534.3 22573.8 19638.1 718.537 2496.11 534.45 2935.75 1865.29 15397.3 39151.6 37962.1 7204.02 3066.11 1758.7 5008.59 4183.15 825.439 3853.89
internal_count=570678 539692 520547 323808 73501 14074 6376 196739 250307 169052 129399 118425 113435 109393 94090 3308 10974 2504 15303 30986 81255 179430 173430 39653 16517 9776 24777 21091 3686 19273
is_linear=0
shrinkage=0.05


Tree=55
num_leaves=31
num_cat=0
split_feature=10 32 32 28 32 34 32 32 5 43 34 28 32 34 28 43 28 7 10 13 43 37 25 10 43 1 43 12 11 43
split_gain=357.649 200.01 336.769 292.486 229.228 288.501 174.187 240.133 171.967 193.12 154.23 152.42 237.336 152.078 149.974 148.753 148.016 144.959 134.723 133.977 130.418 123.097 121.825 120.791 107.535 107.296 107.042 113.402 106.841 105.6
threshold=0.0105685979128357 3.5000000000000004 2.5000000000000004 -0.079079407582409819 8.5000000000000018 3.553917445348898 10.500000000000002 9.5000000000000018 -0.19718309859154701 1.5000000000000002 2.8707317708119455 0.044444385115011566 7.5000000000000009 4.4891978521044527 -0.01640101650804816 5.5000000000000009 -0.044997680448660794 -0.10579204838067245 0.017563034025161586 0.013406569039707326 5.5000000000000009 -0.046101290399150611 0.30367295153053037 0.040017190327115537 3.5000000000000004 -0.11111111111111098 4.5000000000000009 0.70000000000000018 0.47139350772345373 6.5000000000000009
decision_type=8 2 2 10 2 2 2 2 10 2 2 10 2 2 10 2 10 10 10 10 2 10 8 10 2 10 2 10 10 2
left_child=17 2 3 -2 8 6 7 15 9 19 14 12 28 25 -8 22 -14 -1 26 -3 -13 -9 -6 -12 -19 -4 -5 -28 -10 -30
right_child=1 4 13 18 5 -7 10 21 11 -11 23 20 16 -15 -16 -17 -18 24 -20 -21 -22 -23 -24 -25 -26 -27 27 -29 29 -31
leaf_value=0.01035707566486473 0.023764307744259455 -0.027916756438767718 0.02275220192091525 -0.013045342851339726 -0.0076270951591610016 -0.005399993376066948 0.0035073469931590109 0.0016328187922899939 0.013761124734194536 0.0079676380515028098 0.00016853260196843212 0.0089228840660390083 0.029655700512870253 0.0011306876068611421 0.023026806816610752 0.050874871816873335 0.0065783226365132095 -0.025250473958408855 0.00079706177399073083 0.037688473214060478 -0.0078574047443602506 -0.015281810995421944 0.010078371054753501 0.024238070722562524 -0.0085307861568750167 -0.016425079774989689 0.065048568884757352 -0.0006230448241180852 -0.0032775996411103995 0.016345531949242428
leaf_weight=531.21685631200671 1244.3395715281367 85.070146933197975 179.78028272092342 3133.8516398333013 1408.7324187159538 19787.40042296052 1637.3925232738256 1629.2972395792603 1057.6898538917303 4895.6101804003119 5220.5122733190656 11733.131667573005 851.6201987452805 1792.9772620014846 2466.2528719604015 180.4418031796813 3773.8846465572715 2074.0932124368846 14739.717833127826 913.19045451283455 1284.7070658355951 3165.2980581149459 3130.5617176145315 579.05696398019791 1793.0593611560762 6265.8918436467648 88.7424486130476 253.56460137665272 18687.571883540601 711.70811140537262
leaf_count=3771 5897 554 804 18318 6553 92723 7400 7191 5647 20974 24511 50437 3800 9538 10876 742 17935 30542 66765 3853 5375 15455 14303 2385 16956 32259 394 1208 90482 3236
internal_value=-0.000150715 0.000403878 -0.00327625 0.000310981 0.00162907 -0.0011511 0.00317873 -0.00165274 0.0041066 0.0120546 0.00782048 0.00287709 0.000598788 -0.0117495 0.0152384 0.0063534 0.0108272 -0.0141339 -0.00129113 0.0320977 0.00726687 -0.00953389 0.00458363 0.00257175 -0.0174982 -0.0153324 -0.0101456 0.0164022 -0.00171395 -0.00255768
internal_weight=115296 110898 27698.9 19460.2 83199.1 39204.9 19417.5 9514.33 43994.2 5893.87 9903.21 38100.3 25082.5 8238.65 4103.65 4719.74 4625.5 4398.37 18215.9 998.261 13017.8 4794.6 4539.29 5799.57 3867.15 6445.67 3476.16 342.307 20457 19399.3
internal_count=570884 519615 135183 92582 384432 182139 89416 44244 202293 25381 45172 176912 121100 42601 18276 21598 21735 51269 86685 4407 55812 22646 20856 26896 47498 33063 19920 1602 99365 93718
is_linear=0
shrinkage=0.05


Tree=56
num_leaves=31
num_cat=0
split_feature=10 37 0 8 33 33 34 26 28 33 5 43 32 33 33 7 33 33 28 33 33 19 10 32 13 19 33 32 1 33
split_gain=329.455 200.805 252.533 179.968 170.432 208.282 181.528 131.881 145.689 128.849 147.229 127.612 248.292 196.851 144.869 127.984 140.837 146.845 149.761 122.385 115.203 111.475 105.409 104.272 102.035 100.366 97.244 100.915 96.3996 108.39
threshold=0.0073296268242625832 -0.048765803732805695 0.00072530147524452204 0.0051607077248326813 -1972.4999999999998 -1998.4999999999998 3.9070099585665958 0.60053264677929563 -0.071511703412657238 -4854.4999999999991 0.20726599686401839 3.5000000000000004 2.5000000000000004 -4181.4999999999991 -2058.4999999999995 -0.32617767537122366 -2700.4999999999995 -4110.4999999999991 -0.073084081902700937 -2654.4999999999995 -2700.4999999999995 -0.72801103968801806 0.017256974105146036 3.5000000000000004 0.012985917571211905 0.79981199959728888 -4749.4999999999991 7.5000000000000009 -0.10151330101904309 -2527.4999999999995
decision_type=8 10 10 10 2 2 2 10 10 2 8 2 2 2 2 10 2 2 10 2 2 10 10 2 10 10 2 2 10 2
left_child=25 4 3 24 5 9 7 -6 -9 22 11 12 13 -11 15 -14 17 23 -19 -18 -13 -5 -2 -17 -3 -1 -25 -28 -21 -30
right_child=1 2 -4 21 6 -7 -8 8 -10 10 -12 20 14 -15 -16 16 19 18 -20 28 -22 -23 -24 26 -26 -27 27 -29 29 -31
leaf_value=-0.026106860290014623 -0.0042972565913653605 -0.023192579381937192 0.0022593330370016223 -0.0062573046235212442 0.034686961342663018 -0.037128702432137943 0.001774809381500504 0.034367973826384068 0.0031786011122182344 -0.035533063450192096 0.017555597239775355 -0.00086929234758964307 0.014816622317013523 0.042073184545735616 0.066295803086772798 -0.028119067801087767 -0.044642186256198861 0.028683969419397649 0.003472133647112212 0.031293021678617437 -0.023065532378684098 -0.00060271169786402039 -0.037416259710498508 0.026632854444569178 -0.0075053829402047514 0.004938427909976081 -0.015796805061676755 0.013717208158476785 0.010151190765814132 -0.018079828843421158
leaf_weight=1547.5791846625507 1204.0291585922241 1436.7762063890696 40600.056451573968 11653.905104115605 1089.4460620060563 329.53790480643511 2151.8685140907764 536.26479140669107 1240.5558913126588 92.887873858213425 1871.9809354022145 2689.4100045859814 1674.3231900036335 679.13659077137709 89.785103172063828 419.80891277641058 244.01479785889387 890.68436741828918 1739.1032410413027 151.1410973072052 746.9394129216671 34573.086829677224 300.14041794091463 280.18512128293514 3721.4155765175819 312.9877711199224 859.48176620900631 436.82734647393227 467.87217302620411 1244.007678501308
leaf_count=27362 6156 14111 186219 58961 4892 1453 9345 2338 5342 444 7857 11897 7032 3013 379 2014 1158 3867 7809 651 3321 165160 1583 1163 19739 4610 3842 1840 2040 5616
internal_value=-1.48672e-05 0.000327497 -0.000687978 -0.00301668 0.00468639 0.00222069 0.0127502 0.0209901 0.0125919 0.00302702 0.00446465 0.0025359 0.00558692 0.0327358 0.00312028 0.00244561 -0.000630678 0.00424964 0.0120111 -0.0113456 -0.00569396 -0.00202824 -0.0109058 -0.0059748 -0.0118749 -0.0208844 -7.79481e-05 -0.00585124 -0.00698453 -0.010364
internal_weight=115275 113415 91985.2 51385.2 21429.4 16411.3 5018.14 2866.27 1776.82 16081.8 14577.6 12705.6 9269.26 772.024 8497.23 8407.45 6733.13 4626.09 2629.79 2107.04 3436.35 46227 1504.17 1996.3 5158.19 1860.57 1576.49 1296.31 1863.02 1711.88
internal_count=571214 539242 444190 257971 95052 73135 21917 12572 7680 71682 63943 56086 40868 3457 37411 37032 30000 20535 11676 9465 15218 224121 7739 8859 33850 31972 6845 5682 8307 7656
is_linear=0
shrinkage=0.05


Tree=57
num_leaves=31
num_cat=0
split_feature=12 37 2 25 8 32 32 0 43 11 5 32 34 32 32 11 34 35 9 43 11 26 11 32 43 43 32 0 7 32
split_gain=271.156 199.385 237.534 126.338 119.638 161.405 184.174 115.868 112.78 201.889 121.654 112.536 106.431 102.983 119.599 100.671 86.4805 79.5497 78.0808 73.3949 69.198 69.0777 96.8177 68.8022 72.5316 93.3353 68.3364 67.9605 67.8792 65.2386
threshold=1.0000000180025095e-35 -0.048765803732805695 3.3306690738754701e-16 0.27917711133258843 1.0000000180025095e-35 10.500000000000002 9.5000000000000018 0.07272727272727332 3.5000000000000004 1.2024612225594327 0.1964285714285722 4.5000000000000009 2.8003208578683441 1.5000000000000002 3.5000000000000004 0.47139350772345373 4.8516394862522079 -0.012931034482790536 0.041132982411507084 1.0000000180025095e-35 0.20516594592561979 0.046269535431385143 0.40471683634208039 1.5000000000000002 1.5000000000000002 1.0000000180025095e-35 6.5000000000000009 -0.02809997437375877 -0.11187058874831023 1.5000000000000002
decision_type=8 10 10 10 10 2 2 10 2 8 8 2 2 2 2 8 2 10 10 2 10 10 8 2 2 2 2 10 10 2
left_child=3 8 4 20 -3 6 11 15 9 17 -10 23 -7 -11 27 -4 21 -2 -8 -18 -1 -13 26 24 25 -6 -23 -15 -25 -17
right_child=1 2 7 -5 5 12 18 -9 10 13 -12 16 -14 14 -16 29 19 -19 -20 -21 -22 22 -24 28 -26 -27 -28 -29 -30 -31
leaf_value=0.030570292817342599 0.021322830178682771 -0.011416672996201974 0.016322136969445313 -0.025146892399966776 0.0085407159311669881 0.017897977841955934 -0.017681327372929385 0.011986452676442064 -0.0054822609395269277 0.030882066254328024 0.011236761074256144 -0.020233768806151482 0.0015664668341740422 0.0025101792490416358 0.0008118872816734997 0.0061117890474597552 0.03447805048673936 0.0089163759563629409 0.010283721552652293 -0.0094065276782927167 -0.02030192137279168 0.084101333841720638 0.0013577045062114334 -0.004740744052551208 -0.0028179819084452815 0.076233915123867402 0.019487503566881819 -0.027478798143792865 -0.013616264870403367 5.7152756531343462e-05
leaf_weight=175.88290137052536 1500.9276139773428 4203.5271467864513 1062.1059177815914 1500.8996641598642 251.46229517459869 1230.1248285621405 2950.4166739247739 2588.8443477749825 4382.8690806403756 232.95575072616339 1447.3446907997131 358.90821970626712 5277.5955601595342 261.8447208404541 3760.4190126433969 5019.0147034749389 98.556821405887604 9284.825924243778 272.67282761633396 2861.7715562582016 107.82529762014747 48.424589920789003 13879.831297494471 4685.2189249172807 3405.0164368450642 63.850547127425671 264.06397292762995 678.31491257250309 3987.7285389006138 39178.472886383533
leaf_count=1577 6572 27181 5150 28197 1134 5473 15690 10689 19429 1199 6062 2161 25009 1169 17121 22681 413 41264 1130 15003 1301 261 65536 23817 16535 296 1242 3293 22901 180873
internal_value=-2.48777e-05 0.000279888 -0.000737263 -0.0193629 -0.00339603 -0.00254541 -0.00395958 0.00169872 0.00460761 0.0068105 -0.00133178 -0.00273566 0.00465354 -0.0015678 -0.00317598 0.00111027 -0.000155333 0.0106428 -0.0153155 -0.0079455 0.0112359 0.00142951 0.00197735 -0.00638164 -0.000693495 0.0222485 0.0295003 -0.0191265 -0.00882161 0.00074471
internal_weight=115022 113237 91687.6 1784.61 43839.2 39635.6 33127.9 47848.4 21549.5 15719.3 5830.21 29904.8 6507.72 4933.53 4700.58 45259.6 17511.6 10785.8 3223.09 2960.33 283.708 14551.2 14192.3 12393.3 3720.33 315.313 312.489 940.16 8672.95 44197.5
internal_count=570359 539284 443175 31075 223782 196601 166119 219393 96109 70618 25491 149299 30482 22782 21583 208704 84616 47836 16820 15416 2878 69200 67039 64683 17965 1430 1503 4462 46718 203554
is_linear=0
shrinkage=0.05


Tree=58
num_leaves=31
num_cat=0
split_feature=13 0 32 32 32 32 43 29 43 43 32 32 3 12 37 10 5 12 32 7 29 32 11 13 3 8 32 26 10 43
split_gain=278.592 181.032 184.948 324.019 189.252 290.12 181.503 175.249 164.035 155.013 353.46 268.087 233.386 189.973 148.193 140.246 139.914 139.06 137.724 145.765 150.416 136.665 147.147 125.56 124.222 121.955 121.436 111.84 103.246 102.732
threshold=2.2898349882893855e-17 -0.043692388584205259 3.5000000000000004 2.5000000000000004 8.5000000000000018 10.500000000000002 2.5000000000000004 -0.0010853001518575549 5.5000000000000009 1.5000000000000002 5.5000000000000009 4.5000000000000009 0.09765019567575918 1.4357142857142879 -0.070403280929676168 0.024435961215851662 -0.21202680658735065 2.5928571428571443 1.5000000000000002 -0.093601682524686744 0.043680266338655967 6.5000000000000009 0.34627548190719143 0.054897333540259677 -0.082765640602980237 0.25004617657923905 9.5000000000000018 0.091572429508476036 0.013367547365170792 1.5000000000000002
decision_type=8 10 2 2 2 2 2 10 2 2 2 2 10 10 8 10 8 10 2 8 8 2 10 10 10 10 2 10 8 2
left_child=7 -2 3 14 9 8 16 -1 23 10 11 24 -13 -12 -3 -15 -7 -8 29 -20 -21 22 28 26 -4 -5 -6 -24 -11 -16
right_child=1 2 4 25 5 6 17 -9 -10 21 13 12 -14 15 18 -17 -18 -19 19 20 -22 -23 27 -25 -26 -27 -28 -29 -30 -31
leaf_value=-0.0043646184217532918 0.010090724809563316 0.015366125549908098 0.039305630140999998 -0.014834732631896034 -0.0041633937617963947 0.013486154013888552 0.011854320382629326 -0.028836041884705621 0.027235966629395952 0.11496873734109486 -0.019965416999031441 0.054891549518667787 -0.0010033553982932394 0.04035978594789822 0.018640523837314849 0.00073011336930379404 -0.0040984258982485105 -0.0017779353287531046 0.00014305883540010895 -0.021831483024843543 -0.0014209795887474019 0.0056655486850979795 -0.015691212637444465 0.0020542196136486566 -0.00070561871382411557 0.0030621626073686313 -0.013193649655307643 1.8045822917196657e-05 0.022709684296247243 0.00084051416361053907
leaf_weight=1641.4926734231412 4500.2512813508511 1411.8597918599844 252.15580666065216 6719.4511362612247 7573.9826807975769 1298.7357261776924 6470.4755822047591 1319.860137052834 364.80522881448269 33.378147810697556 889.32078974694014 895.98089955747128 235.93085268139839 296.60669005662203 890.4153863042593 902.66830857098103 8768.5304210446775 2631.5149149149656 4037.389595746994 2225.5653636157513 1518.5856285616755 17043.054321050644 1201.4453516602516 3394.0163609534502 840.93050218373537 1108.9835660606623 7322.0824623405933 19885.108683399856 331.46426529437304 9042.2667738646269
leaf_count=20169 19067 6107 1061 36411 36279 5354 28885 21929 1525 268 3918 3839 962 1345 4125 3787 42309 11782 19896 12470 7147 78302 7644 14267 3718 5103 36474 92921 1486 42586
internal_value=-0.00013416 0.000265769 -0.0001452 -0.00373074 0.00105341 -0.00152359 0.00279626 -0.0152714 -0.00596254 0.00333038 0.0123185 0.0261856 0.0432411 -0.0024541 -0.000223512 0.0105314 -0.00182991 0.00791304 -0.00146604 -0.00644701 -0.0135532 0.00232319 -0.000332305 -0.00662471 0.00852427 -0.0122994 -0.00860217 -0.000877018 0.0311501 0.0024362
internal_weight=115048 112087 107587 26954.5 80632.2 37824.1 19169.3 2961.35 18654.9 42808 4313.59 2225 1131.91 2088.6 19126.1 1199.27 10067.3 9101.99 17714.2 7781.54 3744.15 38494.5 21451.4 18290.1 1093.09 7828.43 14896.1 21086.6 364.842 9932.68
internal_count=571136 529038 509971 133845 376126 176875 88330 42098 88545 199251 18630 9580 4801 9050 92331 5132 47663 40667 86224 39513 19617 180621 102319 87020 4779 41514 72753 100565 1754 46711
is_linear=0
shrinkage=0.05


Tree=59
num_leaves=31
num_cat=0
split_feature=13 32 5 38 29 10 29 43 20 32 32 32 28 8 32 32 12 8 1 28 5 38 35 29 2 43 32 34 37 34
split_gain=268.175 205.146 159.47 218.174 143.114 126.697 124.889 95.7759 140.373 96.3369 283.277 116.295 101.134 91.2439 86.9441 131.991 85.8285 83.7725 81.4068 78.33 96.5104 79.9885 77.5205 75.2704 73.1122 70.7216 108.233 75.3464 70.6981 77.5947
threshold=2.2898349882893855e-17 7.5000000000000009 -0.10158910860197283 0.064029351008346294 -0.058518353847971383 0.01615608793676809 -0.0005518527348822819 1.5000000000000002 0.58992919106680197 4.5000000000000009 5.5000000000000009 1.5000000000000002 0.13837231238994843 0.11940819644792801 1.5000000000000002 4.5000000000000009 2.2928571428571454 0.020306630324073208 0.080291970802919402 -0.032465663120163475 -0.098305084745762814 -0.017848853574524422 0.051919433231716446 0.080616653259122581 -0.11729859295202065 3.5000000000000004 11.500000000000002 7.1131013904367784 -0.037579108661508091 5.7492337248780814
decision_type=10 2 8 8 10 10 10 2 10 2 2 2 10 10 2 2 10 10 10 10 10 8 8 10 8 2 2 2 10 2
left_child=1 6 7 4 -4 25 19 8 13 11 12 -10 -11 -2 -7 16 -16 -13 24 -1 21 -21 -3 -19 -5 28 27 -27 -6 -30
right_child=2 22 3 18 5 14 -8 -9 9 10 -12 17 -14 -15 15 -17 -18 23 -20 20 -22 -23 -24 -25 -26 26 -28 -29 29 -31
leaf_value=-0.017506938199363647 -0.0014363172644263121 -0.03316225156331748 0.0018882097216804926 0.022035407587515772 0.0045500489154307452 0.0062312481149519715 -0.021202266870612003 0.002554931365650871 0.030710592113989955 0.059793509441814566 0.0055211872528825355 0.014171893352500306 -0.0079353603681180437 -0.052456270350379725 -0.012013169252445763 -0.0010352696096459309 -0.00091561526477095152 -0.01818719420429989 0.0088714432229372153 0.014545282954119113 -0.00092710110606643271 0.061953944930365969 0.022541735360531508 0.043689303454449623 0.0013178082628052176 -0.0055952398390769677 0.01757776388423658 -0.036471154357463946 -0.017151954870879667 0.0035595194475312019
leaf_weight=283.66167645156384 544.79758580029011 1173.2682439498603 14214.347208820283 434.6890624910593 521.7592980414629 2699.7562793418765 681.53177960962057 25888.591906711459 407.14349873363972 510.65850548446178 731.37930503487587 533.44477750360966 61.786569058895111 104.43013030290604 5590.9198250547051 20731.733784802258 2531.0038658678532 568.13993658125401 4922.9946697950363 246.23766247928143 551.98725942149758 139.3067315556109 65.969169184565544 53.803170502185822 20928.500065721571 4434.2751364558935 497.07948630303144 206.80420015752316 4102.0090344101191 508.25186076760292
leaf_count=2075 2437 18708 66022 1796 3126 12596 10719 116003 1761 2180 3090 2334 259 508 29367 96044 12726 2455 20277 1550 9095 781 317 225 90515 27560 2890 1575 27981 3881
internal_value=4.06485e-05 -0.0143658 0.000445779 -0.000683155 -0.00244607 -0.00391913 -0.00405503 0.0036065 0.0113502 0.0161052 0.0261399 0.00773187 0.0524832 -0.00964302 -0.0023491 -0.00315194 -0.00855488 -0.000365527 0.00307509 0.00551461 0.0124801 0.0316752 -0.0301969 -0.0128344 0.00173936 -0.00874279 -0.00459614 -0.00697106 -0.0128944 -0.0148686
internal_weight=114870 3141.96 111728 82324.1 56037.9 41823.6 1902.73 29404.2 3515.58 2866.36 1303.82 1562.53 572.445 649.228 31553.4 28853.7 8121.92 1155.39 26286.2 1221.19 937.532 385.544 1239.24 621.943 21363.2 10270.2 5138.16 4641.08 5132.02 4610.26
internal_count=570853 43245 527608 396356 283768 217746 24220 131252 15249 12304 5529 6775 2439 2945 150733 138137 42093 5014 112588 13501 11426 2331 19025 2680 92311 67013 32025 29135 34988 31862
is_linear=0
shrinkage=0.05


Tree=60
num_leaves=31
num_cat=0
split_feature=10 5 8 43 20 8 20 2 29 29 19 13 11 32 32 20 10 26 34 7 32 32 32 28 8 29 43 39 34 26
split_gain=273.236 155.116 215.953 110.297 194.197 109.273 109.136 105.131 98.6668 94.6445 102.185 92.9835 82.9057 131.825 95.6093 127.698 108.177 116.984 100.216 82.2879 81.7279 347.087 166.088 119.874 113.922 79.0216 77.6739 112.947 98.3354 79.9188
threshold=0.0073296268242625832 -0.067567567567567363 0.14530403489213564 1.5000000000000002 0.44713300013902391 0.0087944313750765186 3.3990838416849218 -0.12538503115091174 0.11958874568655335 -0.064777690811621658 -0.56583736989934386 0.017541656365094624 0.45767100897893337 8.5000000000000018 10.500000000000002 1.0971109106867538 0.033210482372397106 0.76358261564106134 4.9894115996801247 -0.31448732038069954 4.5000000000000009 5.5000000000000009 1.5000000000000002 0.13837231238994843 0.019607843137254947 0.091045982313226706 1.5000000000000002 1.0000000180025095e-35 4.3128102996742443 0.9365319138733037
decision_type=8 8 8 2 10 10 10 8 10 10 10 10 10 2 2 10 10 10 2 10 2 2 2 10 10 10 2 8 2 8
left_child=6 3 5 4 -2 11 19 -4 26 -7 -11 -3 13 -5 16 18 17 -14 -16 -1 22 23 -6 -22 -24 -26 27 -9 -29 -28
right_child=1 2 7 12 20 9 -8 8 -10 10 -12 -13 14 -15 15 -17 -18 -19 -20 -21 21 -23 24 -25 25 -27 29 28 -30 -31
leaf_value=0.1204150696962652 -0.021661565710384204 -0.023169411561959237 0.020616956330213189 0.020737881571718367 0.03157465684399885 0.00243259402383215 0.028347239300250623 -0.025417073231355204 0.0053180043838652073 -0.0089769708325815028 -0.0022160885417023208 -0.0061724653252686369 8.3059712545613339e-05 -0.0127785792300181 0.013866530494604798 -0.0037854037047101671 0.007432357632491407 -0.009675482528151343 -0.0077489847616870602 -0.023830745769507704 0.055711904133270387 0.0030781273029403971 0.013805490708721861 -0.0081195389458978712 -0.016909599513376825 0.044121672013847035 -0.00051361913924918021 -0.0088763682075728798 0.011225245259738744 0.0082894147949574663
leaf_weight=9.9471254497766477 429.62233899533749 1297.9107692837715 689.50059640407562 1236.0826678350568 526.10999371111393 5992.3149104490876 110.5960502512753 697.81010880321264 9660.2621148526669 8583.2738710381091 16019.84777700901 2117.2298925071955 18314.097414817661 384.67205851525068 4097.2751368023455 2100.2479144632816 3950.8188484162092 3689.8844890818 616.97101560235023 1638.8502519913018 638.24309379607439 1024.2059964761138 728.68893773853779 83.132629528641701 818.72009783983231 56.710990607738495 23409.090895652771 2100.1400071084499 856.53034490346909 2897.3578647375107
leaf_count=73 2388 12796 2854 6425 2271 28143 1498 3482 40538 47779 82774 11118 88033 2941 18182 9149 16698 16261 2857 30276 2742 4400 3266 346 3657 242 103251 10010 4085 12165
internal_value=-0.000182746 0.000121639 -0.00121496 0.0026888 0.0102333 -0.0041492 -0.0197353 0.0012607 0.000923855 -0.00320232 -0.00457475 -0.0126321 0.00174427 0.012783 0.0011983 0.00646912 -0.000185567 -0.00155337 0.0110376 -0.0229605 0.0137687 0.0217895 0.00719622 0.0483559 -0.000799277 -0.012956 -0.000492945 -0.00732338 -0.00305305 0.000455936
internal_weight=114776 113017 74321.3 38695.5 4305.43 34010.6 1759.39 40310.7 39621.2 30595.4 24603.1 3415.14 34390 1620.75 32769.3 6814.49 25954.8 22004 4714.25 1648.8 3875.81 1745.58 2130.23 721.376 1604.12 875.431 29960.9 3654.48 2956.67 26306.4
internal_count=570700 538853 358995 179858 19312 182610 31847 176385 173531 158696 130553 23914 160546 9366 151180 30188 120992 104294 21039 30349 16924 7488 9436 3088 7165 3899 132993 17577 14095 115416
is_linear=0
shrinkage=0.05


Tree=61
num_leaves=31
num_cat=0
split_feature=10 33 33 33 33 33 33 33 33 33 33 34 33 5 13 33 33 33 12 33 33 33 33 33 3 33 33 1 28 33
split_gain=235.975 149.764 264.394 263.31 257.344 443.847 373.108 627.979 255.625 224.273 216.444 189.619 198.628 187.685 176.797 183.198 655.346 310.741 259.494 257.515 456.936 385.785 637.762 332.414 320.814 261.006 200.292 188.24 180.714 170.839
threshold=0.0073296268242625832 -4854.4999999999991 -4558.9999999999991 -4900.4999999999991 -4382.4999999999991 -4301.4999999999991 -4091.4999999999995 -4072.4999999999995 -4919.4999999999991 -4336.4999999999991 -4581.4999999999991 4.5459506856108653 -4480.4999999999991 -0.22019537006227149 0.019909818805285678 -3629.4999999999995 -3459.4999999999995 -3524.4999999999995 2.7428571428571487 -2374.4999999999995 -2332.4999999999995 -2730.4999999999995 -2765.4999999999995 -2207.4999999999995 0.011527377521612594 -2159.4999999999995 -2745.4999999999995 -0.1244109586563079 -0.061860915974069598 -3995.4999999999995
decision_type=8 2 2 2 2 2 2 2 2 2 2 2 2 10 10 2 2 2 10 2 2 2 2 2 10 2 2 10 10 2
left_child=-1 3 10 8 11 9 -7 -8 -2 -6 -3 -4 -13 -9 29 -16 17 -17 -19 21 24 22 28 27 -21 -25 -24 -22 -18 -15
right_child=1 2 4 -5 5 6 7 13 -10 -11 -12 12 -14 14 15 16 19 18 -20 20 23 -23 26 25 -26 -27 -28 -29 -30 -31
leaf_value=-0.018253665549743437 -0.0095943514803170649 0.0072629583474399326 -0.017867492629557679 -0.034085996069809825 0.0062482884580561419 -0.012842734973025858 0.054398133098702617 0.00804063814453191 0.029417403864008269 0.038857766803485731 0.040086638904498734 0.02860554849209785 -0.013796151604242411 0.046666533795122617 -0.0057665613665094095 0.0086201314711125115 0.015197006884579046 0.046568223724365899 0.0013668386323624309 0.055938120234717593 0.061053860293938306 -0.012432715615214404 0.068540931344178921 0.0376421638926214 0.0081381577501595023 0.0023801978694871755 0.02147983341627973 -0.030317191624149677 -0.0032350896187211577 -0.0065487520217849928
leaf_weight=1737.5760213024914 2213.6077551171184 7195.0342348963022 3297.961122341454 848.15404757112265 1016.0297453552485 5340.3449494093657 542.39774958044291 7435.125847928226 518.20662553608418 1096.0670889392495 539.92962312698364 518.71859437227249 590.73205797374249 152.76718272268772 9452.7675062343478 2234.4653732553124 1466.4126182645559 1415.5759393572807 409.32653643190861 677.71667450666428 59.673784360289574 8116.226750023663 387.59248052537441 534.61596447229385 728.19725432991982 28523.552310556173 542.59055049717426 1017.593748986721 14272.993281543255 11821.514972575009
leaf_count=31945 11350 30257 16076 4678 4701 25833 2329 31724 2251 4637 2273 2410 2809 725 43892 10085 6947 5890 1740 2877 271 38230 1604 2241 3058 127657 2258 4891 67431 77850
internal_value=3.22529e-05 0.000313516 0.000642868 -0.00974981 -3.52238e-05 0.000500366 -2.96222e-06 0.000760686 -0.00219409 0.0231709 0.00955417 -0.0118523 0.00602857 0.000434711 -0.000256507 0.000705925 0.00171911 0.0211219 0.0364295 0.000320796 0.00331771 -0.00349294 0.000859732 0.00201784 0.03118 0.00302895 0.0410894 -0.0252558 -0.0015178 -0.00586983
internal_weight=114703 112966 109386 3579.97 101651 97243.5 95131.5 89791.1 2731.81 2112.1 7734.96 4407.41 1109.45 89248.7 81813.6 69839.3 60386.5 4059.37 1824.9 56327.2 31541.3 24785.8 16669.6 30135.4 1405.91 29058.2 930.183 1077.27 15739.4 11974.3
internal_count=570920 538975 520696 18279 488166 466871 457533 431700 13601 9338 32530 21295 5219 429371 397647 319072 275180 17715 7630 257465 140995 116470 78240 135060 5935 129898 3862 5162 74378 78575
is_linear=0
shrinkage=0.05


Tree=62
num_leaves=31
num_cat=0
split_feature=12 3 0 32 32 34 43 12 28 32 32 1 10 0 13 1 10 14 5 43 34 34 32 43 32 32 43 28 28 28
split_gain=224.389 163.582 204.368 108.217 106.958 128.031 112.441 109.303 101.929 133.164 202.8 105.693 102.081 93.7835 88.9586 85.9384 84.1984 79.0235 78.84 76.4042 107.614 75.6723 72.6965 172.337 99.3113 165.028 99.2979 72.8867 72.3845 71.978
threshold=1.0000000180025095e-35 -0.062216928332221914 0.001117115679998282 7.5000000000000009 4.5000000000000009 5.0950989765338059 2.5000000000000004 0.14285714285714296 -0.079079407582409819 2.5000000000000004 3.5000000000000004 -0.11111111111111098 0.048684850831607389 0.095238095238095469 0.010984046871298603 -0.028304981202926956 0.018779209634122284 1.0000000180025095e-35 -0.1179594557637083 2.5000000000000004 3.0978349487009709 5.0162859106738305 5.5000000000000009 6.5000000000000009 10.500000000000002 9.5000000000000018 5.5000000000000009 0.021307087581197159 -0.0088153777796767582 0.11238286233711071
decision_type=8 8 8 2 2 2 2 8 8 2 2 10 10 8 10 10 10 10 8 2 2 2 2 2 2 2 2 10 10 8
left_child=3 8 4 -1 16 6 14 28 9 -2 11 -11 17 18 -6 -12 -3 -13 -4 21 -21 -20 23 26 25 -24 27 -9 -8 -7
right_child=1 2 13 -5 5 29 7 22 -10 10 15 12 -14 -15 -16 -17 -18 -19 19 20 -22 -23 24 -25 -26 -27 -28 -29 -30 -31
leaf_value=-0.0080207409967703262 0.032233292232927251 -0.011394630554208952 0.0065226732266546895 -0.034066432633859368 -0.017909725546061319 -0.011167460771539461 -0.020870948559314192 -0.0039507663667319335 0.0021581378490803816 0.032106964396222674 0.019630267816702011 -0.012240756669159842 0.0545915764428389 0.015546916485627707 -0.0025162498862511306 0.0041542838585639525 -0.0036537710936327735 -0.045792229329058368 -0.0046616214907231083 0.00826997025988516 0.00018087667265205055 0.0057395123409481989 0.0010625448526203193 0.054577005996814865 0.007949251715631175 -0.015559970546456371 -0.040255269820562545 0.020132877555244049 0.052926212849085136 0.0071703654526094332
leaf_weight=1016.8336172625422 608.68910852819681 5142.3845901638269 6668.0118673890829 656.15528364107013 1024.3896454311907 4188.8666311949492 41.447879437357187 555.4184058457613 14748.597669996321 121.75973498821259 2089.4899296015501 663.81929257512093 46.842770084738731 1238.3247297257185 11199.546316385269 1571.845282882452 11086.099771484733 238.57097573578358 9361.3742514997721 5620.3891017585993 15316.002877816558 2150.3922610357404 11696.23606371507 208.11968469619751 3963.5498239137232 1711.6694123148918 108.00174956023693 723.22426340728998 167.55288371071219 613.48095434904099
leaf_count=17233 2770 33098 29183 13949 8705 22940 417 2739 65527 576 9021 3192 195 5214 53875 6920 53006 1113 45504 24825 70780 11084 54406 863 17852 8450 461 3156 1107 2795
internal_value=-5.87021e-05 0.000210717 -0.000674988 -0.018236 -0.0027337 -0.00122166 -5.87863e-05 0.00233017 0.00430137 0.0102197 0.00738819 -0.0117497 -0.0173752 0.00199976 -0.00380625 0.0129863 -0.00610665 -0.021111 0.00157089 0.000553307 0.0023524 -0.00271869 0.00193389 0.0121505 0.000995973 -0.00105951 0.00578275 0.00967139 0.0382912 -0.00882488
internal_weight=114547 112874 92784.5 1672.99 52430 36201.5 31399.2 19175.2 20089.6 5341.02 4732.33 1070.99 949.233 40354.5 12223.9 3661.34 16228.5 902.39 39116.2 32448.2 20936.4 11511.8 18966.2 1594.76 17371.5 13407.9 1386.64 1278.64 209.001 4802.35
internal_count=570956 539774 450460 31182 263870 177766 152031 89451 89314 23787 21017 5076 4500 186590 62580 15941 86104 4305 181376 152193 95605 56588 87927 7219 80708 62856 6356 5895 1524 25735
is_linear=0
shrinkage=0.05


Tree=63
num_leaves=31
num_cat=0
split_feature=13 37 1 32 28 25 11 32 32 32 34 32 4 1 11 26 2 1 34 5 36 25 9 32 28 35 43 5 34 28
split_gain=201.766 164.434 171.508 163.893 144.084 118.86 138.669 118.654 114.234 192.328 105.723 89.8802 88.7163 85.1023 100.223 91.4939 73.7876 72.5764 69.27 68.7919 65.5308 70.1482 63.0202 83.1839 64.0766 62.8996 58.4163 65.0839 57.3425 57.2354
threshold=2.2898349882893855e-17 -0.048765803732805695 9.9999999993993799e-06 7.5000000000000009 -0.079079407582409819 0.30744839092243065 0.71551583561652954 3.5000000000000004 2.5000000000000004 3.5000000000000004 5.0950989765338059 8.5000000000000018 0.0035131376899020243 -0.14874292897548733 1.0465034856286171 0.72515588087215843 -0.10507934843823051 0.14665958200495913 1.4230357494997927 -0.096638655462197839 0.999589153656532 0.65031677292593948 0.020683164146927849 1.5000000000000002 -0.011524463116723407 -0.012393037372931402 3.5000000000000004 -0.098305084745762814 2.0856528016791152 -0.02171979535588826
decision_type=10 8 10 2 8 10 10 2 2 2 2 2 10 10 10 10 10 10 2 8 2 10 8 2 10 10 2 8 2 10
left_child=3 4 7 5 8 6 -1 22 -2 13 16 -11 19 -10 15 -15 -9 -5 -7 -4 21 -14 23 -3 -25 -6 27 -18 -28 -20
right_child=1 2 12 17 25 18 -8 10 9 11 -12 -13 20 14 -16 -17 26 -19 29 -21 -22 -23 -24 24 -26 -27 28 -29 -30 -31
leaf_value=0.030052062965843531 0.029898318793317009 -0.0033558646568073039 0.0031752417344336863 -0.029101160507967756 0.010323355043502944 0.12651820685210149 -0.012880758223820295 0.019611843634119365 0.051698989304803045 0.020817124303788948 -0.0085096146581905823 0.00638228044968857 0.0069264908285447862 -0.0061491552834057857 -0.024326264455183891 0.045976800633204279 0.0016659436419933207 0.07048177101949793 -0.033965390811263652 -0.0036111256745112365 0.01320847400449196 0.0011641774558261786 -0.00359469189502429 -0.0091843125995168719 -0.023028008989014043 0.00027965138283655663 0.016701994214666054 -0.0055937285909046551 0.00090551852807312745 -0.0081837836367887901
leaf_weight=435.2616785094142 688.76231604069471 2129.9286156594753 5611.7776938825846 1145.7375156916678 1786.5450390279293 8.6670535281300527 331.18491937592626 460.80068103969097 54.969123348593712 2064.9843867346644 4442.9888668730855 2257.1597616374493 7136.1708143725991 385.29320858418941 684.70165596157312 107.71841218322515 4820.9336590394378 18.593307733535767 299.07645961269736 11161.319723881781 1556.2919512614608 20322.496877990663 5784.7752566710114 1698.28996617347 1645.9810567423701 12230.151529088616 596.96308814734221 8585.2781590819359 15273.194586738944 768.23294169083238
leaf_count=3165 3097 11751 25305 18850 7785 55 3021 1940 282 8932 23873 9815 32468 1853 3366 460 22417 85 4580 56641 6876 90129 27073 10896 10191 53997 2641 44895 71409 13294
internal_value=-4.53867e-05 0.000299311 -0.000605614 -0.0128264 0.00437397 -0.0035465 0.0115006 -0.00278188 0.0106917 0.00831021 -0.00131546 0.0132788 0.00155407 -0.00911108 -0.0119494 0.00523988 -0.000240592 -0.0275109 -0.014265 -0.00134061 0.00322743 0.00266173 -0.00723365 -0.0110791 -0.0159979 0.00155981 -0.000553063 -0.00298312 0.00149971 -0.0154082
internal_weight=114494 111487 91227.2 3006.75 20260.3 1842.42 766.447 45439.1 6243.59 5554.83 34180.2 4322.14 45788.1 1232.68 1177.71 493.012 29737.2 1164.33 1075.98 16773.1 29015 27458.7 11259 5474.2 3344.27 14016.7 29276.4 13406.2 15870.2 1067.31
internal_count=571142 528092 438505 43050 89587 24115 6186 227086 27805 24708 167175 18747 211419 5961 5679 2313 143302 18935 17929 81946 129473 122597 59911 32838 21087 61782 141362 67312 74050 17874
is_linear=0
shrinkage=0.05


Tree=64
num_leaves=31
num_cat=0
split_feature=10 33 33 33 32 33 33 33 33 33 11 32 34 33 33 8 43 33 33 33 34 32 33 33 28 32 33 33 33 33
split_gain=204.344 143.704 233.22 220.198 259.456 219.338 409.557 364.924 602.685 219.299 210.295 181.948 178.028 211.858 173.115 183.662 183.089 166.043 684.755 347.054 344.79 290.101 351.325 472.775 487.173 373.694 330.14 340.363 309.51 823.319
threshold=0.0073296268242625832 -4854.4999999999991 -4900.4999999999991 -4558.9999999999991 5.5000000000000009 -4382.4999999999991 -4301.4999999999991 -4091.4999999999995 -4072.4999999999995 -4919.4999999999991 1.0240647896902757 1.5000000000000002 4.5459506856108653 -4480.4999999999991 -4336.4999999999991 0.092001719690455799 2.5000000000000004 -3629.4999999999995 -3459.4999999999995 -3493.4999999999995 4.2217108890024422 8.5000000000000018 -1926.9999999999998 -1643.4999999999998 -0.04408878677757503 5.5000000000000009 -1444.4999999999998 -1142.4999999999998 -2332.4999999999995 -2374.4999999999995
decision_type=8 2 2 2 2 2 2 2 2 2 10 2 2 2 2 8 2 2 2 2 2 2 2 2 10 2 2 2 2 2
left_child=-1 2 9 4 10 12 14 11 -9 -2 -3 -8 -5 -14 16 -16 -7 -10 19 20 -19 22 25 -24 -25 28 -26 -28 29 -20
right_child=1 3 -4 5 -6 6 7 8 17 -11 -12 -13 13 -15 15 -17 -18 18 21 -21 -22 -23 23 24 26 -27 27 -29 -30 -31
leaf_value=-0.017376315656100629 -0.0094222630042015403 0.040996812576275556 -0.032682188758741446 -0.016820007382861598 0.0031623245222894164 0.032673834719345068 -0.036286816561095593 0.053482573716153808 -0.0049978072495355328 0.026559130771172682 0.009040255172448915 -0.0091328671033292265 0.029528964071534405 -0.014372380137884572 0.05579573997073365 0.014859044684142307 -0.010336397792079637 0.021057046506370532 -0.0064588658787683344 0.043959997131956974 -0.013167754377092999 -0.0043797337260755853 0.020149212617920548 0.023393874966847167 -0.010654762862592773 0.0063908773391377904 0.018163778270109822 -0.0063830038282418379 -0.018450665670674594 0.031358210553832241
leaf_weight=1668.7728219851851 2216.6645370051265 959.85270369797945 838.60409900546074 3283.745055347681 5642.8449660986662 420.70818720757961 712.68582852184772 537.90794658660889 12290.26159606874 523.47264738380909 1110.3330337256193 4590.4799645245075 521.6632317751646 580.73213793337345 566.07904289662838 530.9997631162405 600.76322586834431 2829.0833586379886 12816.786583282053 1105.7322869002819 994.60155815631151 24588.142369657755 5379.2733139321208 2326.1710965409875 5379.3037813305855 10364.426152475178 3007.2979637794197 2662.4462264366448 3683.0131296999753 1621.297675602138
leaf_count=31826 11442 4105 4734 16121 23556 1989 3754 2318 58411 2270 4752 22040 2413 2780 2415 2190 2728 12876 64337 4658 4864 119454 23135 11051 26802 49502 15519 13200 18704 6863
internal_value=-7.88521e-06 0.000249326 -0.00960965 0.000572704 0.00871682 -4.682e-05 0.000447674 -3.77671e-05 0.00071665 -0.00254842 0.0238571 -0.0127821 -0.0109834 0.00640212 0.0221903 0.0359819 0.00737801 0.000397909 0.00126186 0.019289 0.0121546 2.46959e-05 0.00231717 0.00763127 0.00259678 -0.00118155 -0.00178167 0.00663689 -0.00551263 -0.00221227
internal_weight=114354 112685 3578.74 109107 7713.03 101394 97007.5 94888.9 89585.7 2740.14 2070.19 5303.17 4386.14 1102.4 2118.55 1097.08 1021.47 89047.8 76757.6 4929.42 3823.68 71828.2 47240 18754.5 13375.2 28485.5 11049 5669.74 18121.1 14438.1
internal_count=570809 538983 18446 520537 32413 488124 466810 457488 431694 13712 8857 25794 21314 5193 9322 4605 4717 429376 370965 22398 17740 348567 229113 89707 66572 139406 55521 28719 89904 71200
is_linear=0
shrinkage=0.05


Tree=65
num_leaves=31
num_cat=0
split_feature=12 33 33 34 32 32 28 32 33 33 28 33 33 33 43 33 34 33 43 33 33 33 33 32 33 33 33 33 43 34
split_gain=179.124 150.43 274.916 184.271 143.937 166.721 211.615 159.185 480.194 460.208 435.394 375.23 605.289 351.217 298.836 274.634 263.556 252.9 320.817 299.255 277.434 290.756 231.488 228.07 304.523 257.144 478.344 226.824 220.704 236.935
threshold=1.0000000180025095e-35 -882.49999999999989 -929.49999999999989 3.7875922857682265 3.5000000000000004 2.5000000000000004 -0.060977853000239071 8.5000000000000018 -2207.4999999999995 -1564.4999999999998 -0.04408878677757503 -1444.4999999999998 -1090.4999999999998 -2527.4999999999995 2.5000000000000004 -4749.4999999999991 3.587675992085281 -4730.4999999999991 1.5000000000000002 -4704.4999999999991 -2585.4999999999995 -4382.4999999999991 -2542.4999999999995 5.5000000000000009 -2606.4999999999995 -3313.4999999999995 -3293.4999999999995 -4091.4999999999995 3.5000000000000004 4.2534825309903086
decision_type=8 2 2 2 2 2 10 2 2 2 10 2 2 2 2 2 2 2 2 2 2 2 2 2 2 2 2 2 2 2
left_child=-1 2 4 -4 5 6 -2 8 13 -10 28 14 -13 15 -12 -6 -9 -17 27 -20 21 -21 -22 24 -23 -25 -27 -19 29 -11
right_child=1 -3 3 -5 7 -7 -8 16 9 10 11 12 -14 -15 -16 17 -18 18 19 20 22 23 -24 25 -26 26 -28 -29 -30 -31
leaf_value=-0.016601177585179389 0.016880556349682357 -0.034333468694987317 0.043574942332047492 0.0042998473513611579 0.015980390539093881 -0.0090677518469201232 -0.0021539680828761439 0.0028002173323930617 0.019868693288349993 0.051976378381624423 0.0012615820948673787 0.018187261693079482 -0.029999626968459554 -0.030697787439003227 -0.031170089498190265 -0.034301556102248047 -0.0053521933796512192 -0.010598443141657459 0.036945482982923529 -0.016383171808313359 -0.032234572551164693 -0.0074507598977880457 0.022591010019441086 -0.00086557179197661567 0.037746437327187958 0.061530960336037749 0.009083357643850409 0.040285009301488699 -0.020275330660457155 -0.0044555151626205786
leaf_weight=1605.8002178445458 1598.3997884243727 314.16129144653678 604.4624207764864 590.305324845016 2588.8267329037189 8217.5332364924252 16884.071328621358 20028.971426274627 6936.7907758839428 790.35576938092709 1298.2706104442477 2940.7437767274678 837.23533933609724 934.8094849139452 1568.323476485908 560.89090338349342 19630.311671245843 303.20390684902668 495.03107933700085 2698.160365447402 1217.2072900384665 7823.1665931716561 228.70764316618443 6726.0587162002921 391.32272358238697 480.03072793781757 4607.6514005661011 788.79276889562607 187.43427082151175 243.24946618825197
leaf_count=31031 7880 1494 2956 2926 10848 44277 82741 92780 29747 3641 6479 14624 4490 5296 8119 2433 94746 1315 2032 12921 6090 38153 1113 31127 1778 2302 21514 3601 850 1139
internal_value=-1.96522e-05 0.000216998 0.00031374 0.0241701 5.69707e-05 -0.00314234 -0.000507826 0.00107021 0.00311794 0.0104808 0.0022015 -0.00284135 0.0075086 -0.000534009 -0.0164819 0.000441374 -0.00123501 -0.00108703 -0.000363803 -0.00153784 -0.00232595 -0.000974819 -0.0235625 0.00110096 -0.00529765 0.00555013 0.0140319 0.0261567 0.0296434 0.0386957
internal_weight=114120 112514 112200 1194.77 111006 26700 18482.5 84305.5 44646.3 14802.4 7865.61 6644.57 3777.98 29843.9 2866.59 28909.1 39659.3 26320.2 25759.3 24667.3 24172.3 22726.4 1445.91 20028.2 8214.49 11813.7 5087.68 1092 1221.04 1033.61
internal_count=570443 539412 537918 5882 532036 134898 90621 397138 209612 69089 39342 33712 19114 140523 14598 135227 187526 124379 121946 117030 114998 107795 7203 94874 39931 54943 23816 4916 5630 4780
is_linear=0
shrinkage=0.05


Tree=66
num_leaves=31
num_cat=0
split_feature=10 7 37 19 43 11 10 43 34 43 32 32 32 32 34 9 10 12 12 29 0 32 32 13 43 13 11 32 32 43
split_gain=175.131 126.611 125.066 135.346 119.384 194.124 98.6807 95.1577 102.144 115.832 80.5491 159.452 102.558 117.6 166.567 124.55 97.7824 94.8877 86.8348 79.55 78.0811 75.9696 107.662 100.766 73.7333 73.1799 70.7471 75.737 71.5239 69.7292
threshold=0.012268960425933386 -0.09271523178807943 -0.048765803732805695 -0.5537007701969251 3.5000000000000004 1.174535743064534 0.037447950815241882 2.5000000000000004 3.353406724494858 4.5000000000000009 3.5000000000000004 1.5000000000000002 9.5000000000000018 10.500000000000002 2.8593355435749763 0.040742484726226394 0.021238806302630357 2.5214285714285745 0.42857142857142899 0.19544105832038547 -0.030042918454936948 10.500000000000002 9.5000000000000018 0.0096696511984702572 2.5000000000000004 0.047858091704408974 0.45767100897893337 5.5000000000000009 4.5000000000000009 1.5000000000000002
decision_type=8 10 10 8 2 8 8 2 2 2 2 2 2 2 2 8 10 10 10 10 10 2 2 10 2 10 10 2 2 2
left_child=1 26 4 19 5 -2 -6 -3 9 -9 11 -5 -12 15 25 -14 17 -13 -16 21 -7 22 -4 -23 -25 -15 27 28 -1 -20
right_child=2 7 3 10 6 20 -8 8 -10 -11 12 16 13 14 18 -17 -18 -19 29 -21 -22 23 -24 24 -26 -27 -28 -29 -30 -31
leaf_value=0.035481486610109463 0.010283030560038424 -0.019448323005706411 -0.0039540836269311777 0.0032654297583204137 -0.0065515787682417365 0.009200110424675596 0.0078298584824833869 0.0053598495476012637 -0.011109266668092387 0.089367224524420585 0.0035915376986242736 -0.020614545373943281 -0.012674394884325511 0.020307393299723173 -0.032394730073734522 0.01467651820224033 -0.0029718615451585473 -0.00044779552229602318 -0.017180152952212733 0.0099909024561026447 -0.0051027852699649873 -0.03228170780301786 -0.015517601351182542 -0.0032366069822807805 0.0092211891202060078 0.00014093651214303746 0.00077753403897070283 -0.021623610227484869 0.12904160315090196 0.00022842350020984794
leaf_weight=111.52695155516267 10000.350594907999 2220.9094352908432 18968.410016324371 6809.3938709422946 4008.2216263413429 1259.8503042683005 1698.1492480039597 699.18459653109312 2237.3250868059695 43.591235294938087 30737.708535343409 1980.6221187636256 3253.5413929596543 1408.2177216634154 228.67067833244801 477.29915274679661 4898.8895065225661 826.75592491775751 624.37192764878273 1076.360861569643 3933.0352188944817 209.09559859707952 2251.8611879274249 2304.8334454074502 2450.5930064842105 661.01742652058601 1358.6270977444947 45.90088015794754 25.007612574845552 7305.6955832727253
leaf_count=901 44071 33156 96729 30621 17852 5638 7037 6134 18662 256 138227 11499 15728 6396 2085 1959 22762 4523 3118 4530 18444 1906 11947 11171 10985 2718 8780 659 211 32474
internal_value=-6.75165e-05 -0.00788435 0.000423312 -0.000415609 0.0038944 0.00621035 -0.00227183 -0.0116141 -0.00577561 0.01029 0.000926594 -0.00230944 0.00197753 -0.00157656 0.00119522 -0.0091753 -0.0072355 -0.0146756 -0.00201817 -0.00333092 -0.00163275 -0.00387853 -0.00518119 0.0016895 0.00318321 0.0138652 0.00470325 0.0339387 0.0526179 -0.00114224
internal_weight=114115 6742.07 107373 86473.3 20899.6 15193.2 5706.37 5201.01 2980.1 742.776 59212.2 14515.7 44696.5 13958.8 10228 3730.84 7706.27 2807.38 8158.74 27261.2 5192.89 26184.8 21220.3 4964.52 4755.43 2069.24 1541.06 182.435 136.535 7930.07
internal_count=571179 68759 502420 409378 93042 68153 24889 58208 25052 6390 272110 69405 202705 64478 46791 17687 38784 16022 37677 137268 24082 132738 108676 24062 22156 9114 10551 1771 1112 35592
is_linear=0
shrinkage=0.05


Tree=67
num_leaves=31
num_cat=0
split_feature=12 0 19 32 32 34 32 32 28 28 43 13 34 7 5 28 12 34 32 32 43 7 28 2 9 13 1 43 43 43
split_gain=158.242 137.023 128.585 124.774 209.769 187.743 132.787 154.022 207.936 119.533 110.567 108.345 107.204 104.765 103.463 101.458 92.9632 92.9016 89.778 153.981 138.881 123.138 120.03 88.1742 87.3195 87.094 83.7058 80.7254 73.8679 69.4224
threshold=1.0000000180025095e-35 -0.043692388584205259 0.62651426227893192 10.500000000000002 9.5000000000000018 2.8003208578683441 3.5000000000000004 2.5000000000000004 -0.061860915974069598 -0.089200894286309257 2.5000000000000004 0.045871546695509191 4.5070057850850134 -0.3090305291424546 -0.028396605961934714 0.035168411053672653 0.56428571428571483 6.0989727296192617 8.5000000000000018 7.5000000000000009 5.5000000000000009 -0.14276185192607763 -0.068311912869502778 0.003937007874016075 0.011409178689576487 0.076675576105682805 9.9999999993993799e-06 3.5000000000000004 3.5000000000000004 3.5000000000000004
decision_type=8 10 10 2 2 2 2 2 10 8 2 10 2 10 8 10 10 2 2 2 2 10 10 10 8 10 8 2 2 2
left_child=14 -2 3 4 6 11 7 8 -3 -6 24 -5 -9 -8 29 18 -4 -12 19 21 23 -15 28 -20 -7 27 -10 -11 -21 -1
right_child=1 2 16 5 9 10 13 12 26 25 17 -13 -14 15 -16 -17 -18 -19 20 22 -22 -23 -24 -25 -26 -27 -28 -29 -30 -31
leaf_value=-0.0079149553721250664 0.0087445505681878113 0.016365485417351926 0.0093611323225821219 0.021350038057093977 0.0063185944481325643 -0.022889565889231436 0.010493122642255374 -0.014260984999506753 -0.0065702335385368531 -0.0088149331810324898 0.006941166582431566 -0.00044812086255365414 0.001362239175020879 0.0014603777527531555 -0.025496302508757812 0.0034793053482868792 0.0015226777287367073 -0.021834679383595717 -0.014558392227484658 0.046266644062153965 0.1026796116225463 -0.007166808280781191 0.0057180969666352109 0.0031098419048480441 -0.0022415912669845437 0.015207453177040552 0.0017579826093205729 -0.02024884608414413 -0.010053696809870357 0.034462195119467735
leaf_weight=455.18131574243307 4494.3936239555478 1476.2626145966351 4670.2647497355938 1916.823543176055 1003.5641537457705 558.08025051280856 2539.7621787637472 4915.8652937933803 8044.0998484455049 3880.5028756260872 5488.4028092585504 811.32551357150078 1413.8093415684998 8715.315799549222 999.2987630404532 13364.462697140872 19901.359047725797 295.58921767771244 2716.4084873497486 306.77163174003363 27.568146944046021 7872.0215969607234 3028.1657773368061 954.19690652191639 6205.4281445406377 278.25363813340664 4827.9366417527199 2563.4491540528834 71.855801865458488 122.69485372304916
leaf_count=5508 19184 7289 22070 8790 4497 4756 10878 27187 42018 20517 24871 3351 8176 40926 24697 59692 88581 1540 14115 1319 115 43106 15071 4657 29304 1166 23297 12589 325 922
internal_value=-3.0177e-05 0.000190624 -0.000165849 -0.00110366 -0.00202098 0.00297979 -0.00102674 -0.00427429 -0.00140814 -0.00977775 0.000395105 0.0148675 -0.0107713 0.000669181 -0.0157578 -4.12337e-06 0.00301251 0.00547059 -0.00196907 -0.000645359 -0.00912571 -0.00263391 0.00903672 -0.00996542 -0.00394533 -0.0121808 -0.00344656 -0.0133634 0.0355782 0.00108257
internal_weight=113919 112342 107848 83275.9 68000.3 15275.6 60274.5 20678 14348.3 7725.77 12547.5 2728.15 6329.67 39596.5 1577.17 37056.8 24571.6 5783.99 23692.3 19994.1 3698.17 16587.3 3406.79 3670.61 6763.51 6722.21 12872 6443.95 378.627 577.876
internal_count=570514 539387 520203 409552 336940 72612 298171 107967 72604 38769 60471 12141 35363 190204 31127 179326 110651 26411 119634 100747 18887 84032 16715 18772 34060 34272 65315 33106 1644 6430
is_linear=0
shrinkage=0.05


Tree=68
num_leaves=31
num_cat=0
split_feature=37 8 19 28 37 5 11 29 43 34 43 11 1 11 20 28 7 34 28 1 43 34 11 39 29 34 37 20 12 10
split_gain=155.933 251.104 119.683 107.124 106.68 92.5367 125.985 97.6187 111.935 84.5607 83.8707 81.598 81.0305 81.6514 84.3664 71.549 69.8299 65.2602 67.7691 62.1449 61.9196 61.8392 61.7452 61.7369 60.2323 63.9941 59.993 59.163 57.2978 54.6262
threshold=-0.048765803732805695 0.0051607077248326813 -0.59071447875700434 -0.069962500702955246 -0.022888865307579661 -0.037878787878788171 0.51656672130502168 0.11958874568655335 3.5000000000000004 3.5130357529000902 1.0000000180025095e-35 0.29236676918222959 -0.028304981202926956 1.0595214033681615 0.72859834601071716 0.010116259090962566 -0.019605489819547569 2.998226044309511 0.0016201527129605542 0.074627294498301869 1.5000000000000002 2.6210322124986196 0.75614575655064131 inf -0.012754068472528393 3.1591235665908397 -2.0006218903745318e-13 3.0890435165951273 0.14285714285714296 0.015717186460178358
decision_type=10 8 8 8 10 8 10 8 2 2 2 8 8 8 8 10 10 2 8 10 2 2 10 8 10 2 10 10 10 8
left_child=3 4 16 11 -2 6 15 8 9 10 23 -1 -13 21 -15 -4 29 18 -10 -9 22 -14 -8 -7 25 26 -6 -27 -20 -3
right_child=1 2 5 -5 24 7 20 19 17 -11 -12 12 13 14 -16 -17 -18 -19 28 -21 -22 -23 -24 -25 -26 27 -28 -29 -30 -31
leaf_value=0.10250241903560697 -0.0041571766562412465 -0.010017706789867315 0.0067164969575140097 0.0011688776801912272 -0.0036580568860959486 -0.035110181841215803 0.032908929830931015 0.0011549446538493232 -0.0065363974008608317 -0.002326796486613414 -0.0085687222744676977 0.012903354890343909 -0.011415112524232796 -0.016585477441147922 0.0063633713763545027 0.028866932322806974 0.011510631526578897 -0.0013156477958225254 0.057564100819000374 0.010465783272792475 0.0015982877294026861 0.014633520462865014 0.0073424479469678594 0.0090047643815167108 -0.024336937749830732 -0.019815702926465104 0.043656110925047481 0.043598744087198188 0.0070166958940524361 -0.0028254504568053771
leaf_weight=23.062876548618078 2692.5375336222351 3015.9590668939054 736.62597453966737 13937.950634408742 269.75767680257559 526.95106791704893 279.72414890676737 5077.0890704616904 1036.2756239138544 6229.3142881393433 3610.616734161973 4182.213182516396 273.91463389992714 839.54340674728155 765.7898413836956 721.79830361157656 776.52327129617333 16573.98177389428 56.789082136005163 2769.8219163715839 18415.328692622483 1354.591028958559 1516.2560006156564 93.35791040956974 1627.6398441307247 830.12699645012617 89.135194703936577 38.485326386988163 4387.9919926077127 21180.703830748796
leaf_count=124 15117 20404 3795 62594 2011 2474 1222 21583 4992 32045 18699 18491 1199 4127 3434 3399 4087 77394 300 11427 86366 6024 6636 474 28442 9664 2010 535 19187 102732
internal_value=-9.42178e-05 -0.000983212 -0.000325576 0.00375471 -0.011297 0.000851062 0.00348666 -0.000563946 -0.00177191 -0.00603174 -0.0114866 0.00859955 0.00830752 0.00236389 -0.00563822 0.0176791 -0.00324827 0.000248432 0.004978 0.00444151 0.00246255 0.0102521 0.0113244 -0.0284708 -0.0180302 -0.00966768 0.00809296 -0.017006 0.00766252 -0.00372192
internal_weight=113930 92552.8 87005.1 21377.1 5547.68 62031.9 21669.7 40362.2 32515.3 10460.2 4230.93 7439.11 7416.05 3233.84 1605.33 1458.42 24973.2 22055 5481.06 7846.91 20211.3 1628.51 1795.98 620.309 2855.15 1227.51 358.893 868.612 4444.78 24196.7
internal_count=570988 474995 417216 95993 57779 289993 101418 188575 155565 53692 21647 33399 33275 14784 7561 7194 127223 101873 24479 33010 94224 7223 7858 2948 42662 14220 4021 10199 19487 123136
is_linear=0
shrinkage=0.05


Tree=69
num_leaves=31
num_cat=0
split_feature=12 3 0 25 0 1 9 31 35 13 37 43 11 11 6 25 32 32 10 2 1 31 4 7 20 11 4 32 12 20
split_gain=136.211 122.012 138.217 96.4823 86.525 80.9713 97.8955 83.606 74.7936 75.5597 73.3854 73.3674 77.0324 70.1787 57.6986 52.4114 50.007 47.37 64.3406 47.2718 44.2805 44.1018 55.3718 58.0022 43.1155 52.0246 62.9486 60.1996 57.2379 44.2819
threshold=1.0000000180025095e-35 -0.061151079136690205 0.00072530147524452204 0.56504820624414431 0.095238095238095469 -0.02363466780355172 0.005819553195650114 1.5000000000000002 -0.0034538054059541352 0.022771207535379132 -0.0048785446180346073 2.5000000000000004 0.34627548190719143 0.47139350772345373 78.136336802932973 0.11942371475953567 8.5000000000000018 3.5000000000000004 0.018779209634122284 -0.11729859295202065 -0.025274262384624598 6.5000000000000009 0.022231072474154904 -0.15835939504356608 1.3861993561192036 1.0870134157440641 -0.14114917279206049 10.500000000000002 0.60000000000000087 0.68676173496852333
decision_type=8 8 8 10 8 10 8 2 10 10 10 2 8 8 8 10 2 2 10 10 10 2 10 8 10 8 8 2 10 10
left_child=3 5 8 -1 13 7 15 -2 17 10 -10 -12 16 -4 19 -7 -13 18 -3 -11 -21 22 23 -15 25 27 29 28 -8 -27
right_child=1 2 4 -5 -6 6 24 -9 9 14 11 12 -14 21 -16 -17 -18 -19 -20 20 -22 -23 -24 -25 -26 26 -28 -29 -30 -31
leaf_value=-0.0050824176680659807 0.014296935298153728 -0.014007713997208125 0.014388920382043466 -0.031000228636214489 0.014756981263694124 0.027518173183937091 -0.013187787321623455 0.004160586148369015 -0.010890079191159946 0.019297062570382606 -0.010337759903789698 0.050026934405679582 0.0010842452517554749 0.0034953894296763225 0.0079231636920789553 0.14241837018287334 -0.0049359754620669043 0.0025717344642057038 0.00077511658005945951 -0.0058724628413110375 -0.0014874652057029029 -0.0027035281705769612 0.0037785584454697301 -0.0028191136975957432 0.013766178528383414 -0.028987183402423258 -0.0019105628478297389 0.014802322600560379 0.0026165438571229761 -0.0062963676934618398
leaf_weight=959.21154873073101 2640.038393445313 1127.0031710714102 986.61544405668974 573.93004916235805 1217.6059113591909 22.638826154172421 695.50712707638741 8866.2157904133201 5665.6547096930444 243.2827376127243 1488.567287966609 139.84280049800873 1960.6399576887488 5842.3544534221292 1356.0705125927925 17.672428630292416 58.778264869004488 10298.024957813323 2121.8518446460366 8331.4546366333961 18633.281640343368 7001.4613257721066 15711.864684849977 9632.8493768647313 520.13329315930605 420.3607287555933 2787.8657454699278 809.07503269612789 3249.556301727891 440.14898546040058
leaf_count=17486 11667 7411 4792 13498 5164 142 3255 39120 35775 1005 12153 845 12013 26032 5849 115 496 49995 10405 38117 86552 32318 68814 50545 2276 1995 12874 3454 14661 1889
internal_value=1.79332e-05 0.000220046 -0.000558161 -0.0147847 0.00163072 0.00371079 0.000147707 0.00648631 -0.00227748 -0.00341785 -0.00732876 -0.00179747 0.0040901 0.00122274 -0.00214267 0.0778903 0.0337617 0.000911039 -0.00435294 -0.00264436 -0.00284232 0.000882589 0.00168767 -0.000435199 -0.000203523 -0.00106828 -0.00555941 0.00237826 -0.000169729 -0.0173809
internal_weight=113820 112286 91817.2 1533.14 40392.8 20469.2 8962.96 11506.3 51424.5 37877.6 9313.48 3647.83 2159.26 39175.1 28564.1 40.3113 198.621 13546.9 3248.86 27208 26964.7 38188.5 31187.1 15475.2 8922.65 8402.51 3648.38 4754.14 3945.06 860.51
internal_count=570713 539729 448281 30984 187665 91448 40661 50787 260616 192805 61282 25507 13354 182501 131523 257 1341 67811 17816 125674 124669 177709 145391 76577 40404 38128 16758 21370 17916 3884
is_linear=0
shrinkage=0.05


Tree=70
num_leaves=31
num_cat=0
split_feature=10 33 33 34 32 32 33 33 28 33 33 43 33 8 33 33 10 32 12 28 33 43 33 34 33 33 32 33 33 43
split_gain=141.965 133.012 224.44 164.469 131.428 148.973 456.257 356.923 378.56 343.366 537.132 290.769 249.516 236.407 209.284 548.415 240.913 239.111 245.395 249.532 257.136 201.747 195.574 194.198 189.639 184.366 183.839 316.443 430.281 233.689
threshold=0.0073296268242625832 -882.49999999999989 -929.49999999999989 3.8928396509170695 3.5000000000000004 8.5000000000000018 -2189.4999999999995 -1564.4999999999998 -0.046707558765100805 -1444.4999999999998 -1090.4999999999998 2.5000000000000004 -2585.4999999999995 0.36049006886914864 -3228.4999999999995 -3524.4999999999995 0.025071526177652268 9.5000000000000018 1.6214285714285719 -0.03306296071560718 -3962.4999999999995 3.5000000000000004 -4789.4999999999991 4.2534825309903086 -3594.4999999999995 -2606.4999999999995 5.5000000000000009 -3313.4999999999995 -3293.4999999999995 1.5000000000000002
decision_type=8 2 2 2 2 2 2 2 10 2 2 2 2 10 2 2 8 2 8 10 2 2 2 2 2 2 2 2 2 2
left_child=-1 2 4 -4 -2 6 12 13 21 11 -11 -10 22 -8 15 17 -16 18 19 -7 -21 23 -6 -9 -22 26 29 -28 -29 -24
right_child=1 -3 3 -5 5 14 7 8 9 10 -12 -13 -14 -15 16 -17 -18 -19 -20 20 24 -23 25 -25 -26 -27 27 28 -30 -31
leaf_value=-0.014818117966023382 -0.0029608203101924645 -0.03235146435479349 0.039553099824053618 0.0015875677718125095 0.01866948251724897 -0.039240765809613942 0.025080960619245501 0.05122365177870758 0.0028793657517972859 0.018773742871302374 -0.027048545128690333 -0.028767932794050932 -0.013543147816946611 0.0052251273273734499 -0.0093663334349299143 0.031453922407951383 0.00062130566874365957 -0.003526453131672277 -0.0040877178388140671 0.047805039329673144 -0.011664350818247375 -0.020989500435119157 0.023370846822583235 -0.0027294388907558569 0.033627411683018464 0.030240091018308643 -0.0021196661481906265 0.058272782639724165 0.0084784143106116771 -0.0078630722278839674
leaf_weight=1583.289178384468 26343.599650926888 311.81756101548672 628.355014603585 522.44464220106602 1500.8790529221296 147.42739634215832 4623.9781069159508 729.29002083465457 1332.4069475606084 2871.4451707415283 822.79615317285061 1594.1931409612298 3246.3750838711858 2218.2177323997021 11316.739927314222 1567.0203759744763 12943.304798930883 10362.616824001074 1407.5493516549468 877.77252733707428 482.37324240058661 165.28388836234808 640.6123334094882 216.23414656147361 443.70313902944326 497.28125078231096 10106.44703797996 480.21401374042034 4492.7414293587208 9188.3265462741256
leaf_count=32061 133196 1470 2960 2492 6420 679 20102 3361 6564 13786 4404 8268 17097 9222 63065 6796 55508 48457 6186 3685 2405 755 2847 1004 2077 2230 45832 2243 20775 44768
internal_value=4.92684e-05 0.000259289 0.000350267 0.0223174 0.000121737 0.00108531 0.00306208 0.010326 0.00296504 -0.00156669 0.00856802 -0.0143597 -0.000448782 0.0186438 -0.00115028 0.00343153 -0.00403769 0.000231306 0.0118247 0.0233031 0.0284148 0.0299759 0.00113111 0.038885 0.0100359 9.49965e-05 -0.000506834 0.00296115 0.0132868 -0.00582737
internal_weight=113665 112081 111770 1150.8 110619 84275.2 44726.7 14573.8 7731.65 6620.84 3694.24 2926.6 30152.9 6842.2 39548.5 15288.5 24260 13721.4 3358.83 1951.28 1803.85 1110.81 26906.5 945.524 926.076 25405.6 24908.3 15079.4 4972.96 9828.94
internal_count=570715 538654 537184 5452 531732 398536 209678 67466 38142 33022 18190 14832 142212 29324 188858 70285 118573 63489 15032 8846 8167 5120 125115 4365 4482 118695 116465 68850 23018 47615
is_linear=0
shrinkage=0.05


Tree=71
num_leaves=31
num_cat=0
split_feature=13 0 29 5 8 19 36 34 34 11 38 26 9 11 25 10 11 0 43 12 10 26 26 34 28 8 25 29 43 34
split_gain=126.053 110.609 110.277 110.205 165.627 92.9654 89.5681 87.3536 78.4343 67.7701 82.5751 67.9035 107.253 66.0216 80.6445 64.7132 63.217 61.7907 59.1082 57.3756 72.1356 95.6256 56.062 55.8509 53.9434 51.9911 51.7811 56.2178 55.7843 93.6746
threshold=3.6429192995512958e-18 -0.049999999999999982 0.0025225634438155267 -0.04624277456647418 0.065966857487578259 0.49301813503361563 0.16666666666666627 1.4230357494997927 7.1131013904367784 1.1362874659485775 -0.14836488991103411 0.71347509738900883 0.044519792329283707 0.40471683634208039 0.27917711133258843 0.026889269382018566 1.5755196278299943 0.07272727272727332 1.5000000000000002 0.92142857142857171 0.011494905132107597 0.44688072344322355 0.35437015963331758 2.7504658133048774 0.032617713227057844 0.0081653488347867027 0.12729684108994457 0.12889779590302788 2.5000000000000004 3.9522043336703749
decision_type=8 10 10 8 8 10 2 2 2 10 10 10 10 10 10 10 10 10 2 10 10 10 10 2 10 10 8 10 2 2
left_child=2 -2 13 5 8 9 -6 -4 25 10 -3 12 16 14 -1 -13 -11 26 23 20 21 -7 -18 -12 -22 -5 -8 28 29 -28
right_child=1 3 7 4 6 19 17 -9 -10 11 18 15 -14 -15 -16 -17 22 -19 -20 -21 24 -23 -24 -25 -26 -27 27 -29 -30 -31
leaf_value=0.029318012542837574 0.0094733702654138368 0.011122519781892571 0.14483112024642616 -0.012398752780526431 -0.0040435546474454206 0.017306618749697678 0.0067524874347806825 -0.031235097991201968 -0.027942959012178494 0.0010458884729091301 -0.011769845063002209 -0.014085820422745638 -0.052480685492613033 -0.017099877343778488 -0.0067866960827334651 -0.0017589517154230753 0.080424369332151247 0.00876313375373723 0.00031601490215406634 0.0026774644316729357 0.0055822323086170992 0.096715777444951828 0.015337362358154326 0.014477852152608415 0.01813984813865439 -0.0041739347640073329 -0.0085603413073875329 0.0042793703124669744 0.0004910434904317997 0.0016479348027467163
leaf_weight=246.08083489909768 3107.3819319978356 2243.6197412610054 7.1214165464043608 2350.9089151769876 11400.256512932479 124.75688732974231 3038.617490246892 654.82575236260891 408.0434038285166 4185.4606419242918 239.57395941019058 2044.5849117338657 91.278406269848347 526.07760680280626 416.32728682644665 2221.5541772246361 44.087545484304428 2390.294155806303 20047.667465031147 5347.8752658814192 3089.8546906560659 54.461767245084047 132.55948061496019 1315.6678993180394 1182.4693555086851 10516.577731531113 5246.6726534739137 6229.8789394125342 20825.008620169014 3931.0409807227552
leaf_count=1882 13256 9509 45 21214 52459 834 13411 13029 3658 20786 1081 9547 508 7416 7536 9497 211 9978 99049 23919 14035 336 649 5922 5038 60331 25504 26255 94687 19282
internal_value=-4.22227e-05 0.000171987 -0.0129856 -9.39032e-05 -0.00136617 0.00189825 -0.000116508 -0.0293409 -0.00636101 0.000613433 0.00199267 -0.00315857 0.00116002 -0.00387615 0.006626 -0.00766671 0.00228246 0.000958089 0.00104447 0.00616805 0.0103615 0.0414378 0.0315818 0.0104346 0.00905786 -0.00567662 0.000483025 -4.27589e-05 -0.000940222 -0.00418789
internal_weight=113661 111810 1850.43 108703 66337.3 42365.5 53061.8 661.947 13275.5 32566.1 23846.5 8719.53 4453.39 1188.49 662.408 4266.14 4362.11 41661.5 21602.9 9799.42 4451.54 179.219 176.647 1555.24 4272.32 12867.5 39271.2 36232.6 30002.7 9177.71
internal_count=570864 540956 29908 527700 326779 200921 241576 13074 85203 156759 115561 41198 22154 16834 9418 19044 21646 189117 106052 44162 20243 1170 860 7003 19073 81545 179139 165728 139473 44786
is_linear=0
shrinkage=0.05


Tree=72
num_leaves=31
num_cat=0
split_feature=3 8 33 26 33 33 32 12 33 33 33 32 34 10 32 33 12 28 33 33 2 10 12 32 33 33 33 33 10 33
split_gain=134.692 176.283 149.027 166.25 128.938 133.493 407.561 206.539 192.048 438.934 180.316 178.527 162.128 159.569 158.98 175.848 194.92 155.472 139.526 312.961 220.291 138.141 132.365 283.8 599.312 276.974 268.274 214.378 253.996 190.155
threshold=-0.051724137931034302 1.0000000180025095e-35 -1696.4999999999998 0.58127540650406517 -882.49999999999989 -1204.4999999999998 5.5000000000000009 1.4214285714285737 -1760.4999999999998 -1926.9999999999998 -1881.9999999999998 1.5000000000000002 4.3444543512114846 0.013656047032164161 4.5000000000000009 -2028.4999999999998 1.3500000000000012 0.058621372101396722 -2332.4999999999995 -2346.4999999999995 0.023569023569023687 0.029571866016116426 2.9142857142857168 1.5000000000000002 -2639.4999999999995 -3459.4999999999995 -3493.4999999999995 -4221.4999999999991 0.030950442503854148 -2765.4999999999995
decision_type=8 8 2 10 2 2 2 10 2 2 2 2 2 8 2 2 8 10 2 2 10 10 8 2 2 2 2 2 8 2
left_child=2 -2 -1 -4 5 8 7 -7 9 14 12 17 -11 -13 18 -16 -17 -10 19 22 -21 -12 23 25 -25 26 27 28 -3 -27
right_child=1 4 3 -5 -6 6 -8 -9 11 10 21 13 -14 -15 15 16 -18 -19 -20 20 -22 -23 -24 24 -26 29 -28 -29 -30 -31
leaf_value=0.0014749869176931803 -0.010204856667111569 0.034363940437988939 0.025918672269458799 0.0051094914736295079 -0.033347672551720033 0.049141297741457847 -0.0038406397069880461 0.013393199414043294 0.023355678564677892 0.042701996982477626 0.019199166010373549 -0.02812864827372193 -0.0093051491915153526 -0.0069190462683205306 0.00059295353199427677 0.074655399175939302 0.001110987788863417 -0.010827423860948641 -0.016872366615494884 0.071226117648324691 0.0024171566432514128 7.0609380959110316e-06 0.003308201401991707 -0.01563195810649869 0.056713462092818828 -0.030714950810061238 0.047816238151092233 -0.010936571438486082 -0.018762450306731258 0.00037283133808253208
leaf_weight=20065.892250854522 4780.9380816463381 869.63636314868927 1390.1669189967215 3100.5764918625355 294.73676953464746 667.72099157422781 2679.4711503945291 1023.2282859608531 855.87490998953581 845.72942160815001 1924.7603990957141 982.34692043066025 182.12581767886877 9117.2175614535809 43561.472937338054 169.64055100828409 192.13565894961357 544.09815027564764 2056.8755352944136 236.26701039075851 229.11572159826756 1828.1314655095339 4333.8604830130935 7351.8766630068421 297.86500625312328 760.18410044163465 469.90622226893902 994.41425648331642 303.498435087502 1393.719329290092
leaf_count=90823 52793 3679 6766 13884 1434 3620 13244 4600 4179 3641 8306 8070 861 44332 204813 739 810 2429 10293 1029 940 7600 21994 39850 1379 4135 1956 5002 1476 5999
internal_value=3.96031e-05 -0.00086541 0.00331766 0.0115512 -0.000334895 -0.000218882 0.00828893 0.0275094 -0.000686585 0.000323997 0.014932 -0.00666254 0.0334868 -0.00898203 -0.000780667 0.000881264 0.0355967 0.0100704 -0.00456346 -0.00309494 0.0373503 0.00985019 -0.004217 -0.0068384 -0.012815 0.00270362 0.0135674 0.00614255 0.0206198 -0.0105991
internal_weight=113503 88946.8 24556.6 4490.74 84165.9 83871.2 4370.42 1690.95 79500.8 68001.2 4780.75 11499.5 1027.86 10099.6 63220.5 43923.2 361.776 1399.97 19297.2 17240.3 465.383 3752.89 16775 12441.1 7649.74 4791.36 2637.46 2167.55 1173.13 2153.9
internal_count=570676 459203 111473 20650 406410 404976 21464 8220 383512 324502 20408 59010 4502 52402 304094 206362 1549 6608 97732 87439 1969 15906 85470 63476 41229 22247 12113 10157 5155 10134
is_linear=0
shrinkage=0.05


Tree=73
num_leaves=31
num_cat=0
split_feature=5 8 5 1 11 5 29 32 38 43 4 26 10 20 1 36 37 10 32 43 32 28 37 25 20 20 32 32 43 28
split_gain=127.712 194.944 122.286 84.1866 76.918 76.1863 71.6583 67.9358 63.8349 61.4668 78.613 67.4365 95.2145 59.3268 70.4198 65.1717 53.2412 51.5692 56.205 87.0757 52.3647 51.2631 56.1397 51.971 48.427 47.9908 47.7773 57.113 57.7104 56.9245
threshold=-0.064633853148503603 0.010756820642516486 0.23155737704917925 -0.022857142857144404 0.45767100897893337 -0.33959443432852443 -0.051034362343995492 8.5000000000000018 0.0015456946028971077 3.5000000000000004 -0.0013986528783340166 0.41876128158844772 0.021427746148690491 0.35686599659578172 -0.035991531996939545 0.26315789473684253 -0.055793991416407389 0.017457508388013184 10.500000000000002 1.5000000000000002 2.5000000000000004 -0.073084081902700937 -0.094685784738667053 0.076708437110834388 3.3990838416849218 2.3952222512795758 6.5000000000000009 8.5000000000000018 1.0000000180025095e-35 -0.056462003895073061
decision_type=10 10 10 10 8 8 10 2 10 2 10 10 10 8 10 2 10 10 2 2 2 8 10 8 10 10 2 2 2 10
left_child=4 3 6 -2 7 -6 -3 9 17 11 -11 25 -13 14 -7 21 -4 18 -8 -20 -19 22 23 -15 -5 -1 -22 28 -28 -30
right_child=1 2 16 24 5 13 8 -9 -10 10 -12 12 -14 15 -16 -17 -18 20 19 -21 26 -23 -24 -25 -26 -27 27 -29 29 -31
leaf_value=0.0057531902079803673 0.00023163211590869601 0.0017012068765675647 0.012159212510851938 -0.016370822533241163 0.013312675736149016 0.017575269209552036 -0.013371668516436451 -0.0066955864361852527 -0.0012404709718815505 0.0074018381460786726 0.047061724633950558 0.062389500720949558 0.0051497394056842262 0.00022724684155816019 -0.012698728608629582 0.0036844053626895312 0.002337888965384748 0.0047151570547671398 0.097383755413362028 -0.00038399031193153655 -0.010055333754825528 -0.0018199140146568438 0.00086242167153568463 0.02409198574036293 0.021507947755777863 -0.034439747430573979 -0.031131930541527016 -0.0056481980498635388 0.026628471581638703 0.0029367218381194994
leaf_weight=543.18812962993979 1171.0500483065844 11676.467879209667 1520.5566739737988 3209.868664862588 1397.5827613323927 225.34856390953064 3024.143682571128 372.44216880761087 24425.034520857036 209.70439115911722 309.15039708465338 124.97717313654721 173.52703372389078 363.71087948977947 1301.3469071164727 21003.998966805637 14917.443371400237 1571.8158220797777 23.746055342257023 556.53613419272006 3195.3356613889337 13719.063177213073 2277.9990003556013 612.00281149893999 86.657221941277385 86.029955521225929 99.768323317170143 3810.2409173175693 325.25953757762909 1149.8241968005896
leaf_count=3258 6127 54500 6325 43961 5997 1020 21263 3200 116664 969 1545 751 780 1568 7656 97729 63623 7852 155 3515 17236 64262 10596 2734 1382 443 450 18472 1453 5463
internal_value=0.000128497 -0.00117476 -0.000493503 -0.0112842 0.00228728 0.00183986 -0.00172653 0.0123477 -0.00277477 0.0172507 0.0310325 0.00954283 0.0291148 0.00143396 -0.00823012 0.00182246 0.00324639 -0.00549893 -0.0106367 0.00361682 -0.00367484 -0.000481707 0.00516075 0.0151961 -0.0153751 0.000257804 -0.00521178 -0.00233777 0.00567158 0.00816081
internal_weight=113484 70763.7 66296.2 4467.58 42720.1 40901.1 49858.2 1819.02 38181.7 1446.58 518.855 927.722 298.504 39503.5 1526.7 37976.8 16438 13756.7 3604.43 580.282 10152.2 16972.8 3253.71 975.714 3296.53 629.218 8580.43 5385.09 1574.85 1475.08
internal_count=570949 368441 316971 51470 202508 191562 247023 10946 192523 7746 2514 5232 1531 185565 8676 176889 69948 75859 24933 3670 50926 79160 14898 4302 45343 3701 43074 25838 7366 6916
is_linear=0
shrinkage=0.05


Tree=74
num_leaves=31
num_cat=0
split_feature=10 7 35 0 37 13 28 12 43 28 43 11 5 37 19 13 20 38 26 11 0 28 22 12 31 43 3 28 11 9
split_gain=107.758 100.56 93.2206 114.721 94.0524 84.9632 80.4981 108.321 72.5927 60.9074 57.7118 59.541 55.9193 55.6249 54.1265 66.7372 47.3895 65.5444 48.8869 45.5442 47.1664 45.4835 44.0279 41.6019 41.5207 46.6322 61.9576 39.1139 38.3148 36.5511
threshold=0.012268960425933386 -0.093601682524686744 -0.0042988047834671131 0.00072530147524452204 -0.034232305507415843 0.082081409643442196 0.061449482006281163 0.58571428571428541 4.5000000000000009 -0.15301399071324875 3.5000000000000004 1.2570047847745534 -0.21202680658735065 0.00055586436905696879 -0.73469141353913536 0.01447018716237815 2.0022859128766686 -0.10227272727276969 0.46241688035116696 0.55020446007848278 0.095238095238095469 0.15319763081332818 1.4470322025709732 0.3642857142857146 3.5000000000000004 6.5000000000000009 0.071923343764762962 0.27947121862159252 1.1782931380639579 0.0053045388897785383
decision_type=8 10 10 10 10 10 10 10 2 10 2 8 8 10 8 10 10 10 10 8 10 10 8 10 2 2 10 8 8 10
left_child=1 16 4 5 10 14 13 8 21 -7 11 29 -5 -3 15 -4 -1 -18 -19 -14 24 -8 -22 -15 27 28 -27 -21 -26 -2
right_child=2 6 3 12 -6 9 7 -9 -10 -11 -12 -13 19 23 -16 -17 17 18 -20 20 22 -23 -24 -25 25 26 -28 -29 -30 -31
leaf_value=0.0022825624881361631 0.073363837400347978 -0.016867618357346965 -0.017246728800271068 0.0086116753910041779 0.0010534662141304253 0.054255505574077725 0.022112693372208409 -0.0053578902736551616 0.14077791662348724 0.0079368770686878542 0.00039813227187094686 0.0017628103729550862 0.0093945767337315217 0.012116058047332833 -0.0011711276078965004 -0.0039380087880801166 -0.01004707934937165 0.022884633358769543 0.097378212984897905 0.0022493814092640523 0.004352845342926113 0.13103963950032391 0.025695265344757315 -0.008832242167944716 -0.00054237639235349953 0.031165804211931027 -0.0082661296014568206 -0.013650288048162105 -0.0067487578420368823 0.013291519217104746
leaf_weight=1373.0318627990782 25.480951644480228 2601.0143663268536 1020.9367286376655 2779.0773771777749 14200.574733998626 75.234355121850967 169.23256180249155 631.86024571210146 15.586024232208727 1253.3041927665472 1855.1052709817886 1415.1325350180268 1636.0315682776272 290.97959094122052 32528.81765171513 12177.907202534378 55.615825273096561 45.08630459010601 43.056179730221629 19502.341632403433 794.83760169893503 10.158756934106348 347.20349673554301 1277.6683939211071 8966.3280863761902 240.90128137171268 169.85859373211861 394.63505244255066 3441.0896991863847 4049.6885791569948
leaf_count=9455 137 40843 7791 11727 67373 389 1710 3868 83 5190 8294 6679 7825 2106 156822 58295 328 314 257 88513 3329 149 1527 9385 40874 1066 704 1842 15320 18521
internal_value=0.000110158 -0.00613364 0.000490676 -0.00025136 0.00342936 -0.00190476 -0.00955668 0.00469514 0.0372738 0.0105599 0.00802258 0.0105988 0.00178151 -0.0123828 -0.0022669 -0.00496744 0.00514229 0.0324555 0.0592735 0.00124672 0.000853001 0.0282811 0.0108414 -0.00494639 0.000504321 -0.00171494 0.0148598 0.00193403 -0.00226366 0.0136671
internal_weight=113388 6513.29 106874 85328.5 21546 47056.2 4996.5 826.838 194.977 1328.54 7345.41 5490.3 38272.3 4169.66 45727.7 13198.8 1516.79 143.758 88.1425 35493.2 33857.2 179.391 1142.04 1568.65 32715.2 12818.2 410.76 19897 12407.4 4075.17
internal_count=570716 68498 502218 401214 101004 228487 58144 5810 1942 5579 33631 25337 172727 52334 222908 66086 10354 899 571 161000 153175 1859 4856 11491 148319 57964 1770 90355 56194 18658
is_linear=0
shrinkage=0.05


Tree=75
num_leaves=31
num_cat=0
split_feature=37 8 43 11 2 11 32 8 11 32 13 32 20 32 34 28 20 26 43 32 25 5 36 25 32 34 32 32 19 43
split_gain=107.235 197.092 119.506 127.861 90.5844 90.8501 74.7858 73.2854 72.3564 68.9529 71.0735 76.5326 68.457 64.9247 89.913 90.1429 70.0673 64.2483 64.5011 62.6654 61.7028 58.022 53.442 60.2554 53.7229 53.4289 56.5332 53.3213 51.818 59.7787
threshold=-0.039735099337841077 0.0044464215104784719 3.5000000000000004 1.1007400839211392 -0.0098102796907643657 0.45767100897893337 1.5000000000000002 0.20805325682349798 0.91080726223892639 3.5000000000000004 0.040517049649984378 8.5000000000000018 0.39087439875251823 10.500000000000002 2.6210322124986196 -0.050043826510437914 0.88047849087857455 0.25764791515025481 2.5000000000000004 6.5000000000000009 0.98307471950346159 -0.017595307917888322 0.49999999999999573 0.56504820624414431 6.5000000000000009 4.1247117720770987 6.5000000000000009 6.5000000000000009 -0.50644364835414157 1.5000000000000002
decision_type=10 8 2 8 10 8 2 8 10 2 10 2 8 2 2 10 10 10 2 2 10 10 2 10 2 2 2 2 8 2
left_child=2 22 3 13 8 17 -5 -4 -3 28 -11 -12 -7 14 19 -16 -15 -6 27 -1 -14 -18 -2 24 -24 -9 -27 -19 29 -8
right_child=1 4 7 6 5 12 9 25 -10 10 11 -13 20 16 15 -17 21 18 -20 -21 -22 -23 23 -25 -26 26 -28 -29 -30 -31
leaf_value=0.0032540877663626562 -0.0058670714608111711 -0.0060056227399628865 -0.0055025016844405831 0.024267977427079965 0.0048666136904220924 -0.008565250298278905 -0.030784925085271204 0.010621803324226948 -0.00051475135273937984 -0.0047692747457627983 0.01606604461000222 3.5616847884245378e-05 0.00046422409582249648 0.022728346276344746 0.01348901617745289 0.0027619775934348131 0.0098350152363175531 0.038055702572040891 0.045501670766392277 -0.018364088337585387 0.0092902555056369376 -0.03116056319800907 -0.0010576313327760789 -0.029471845349475626 -0.020815553612441754 0.014310314294648891 -0.016374535296015329 0.0010523691892179877 0.00087016789110352401 -0.0048858975286519063
leaf_weight=890.88358943909407 2170.1451866179705 10207.634126596153 5460.8251776695251 302.57223401591182 1300.4179811924696 2024.2211012765765 462.60509664565325 1497.8993754982948 14554.515060286969 2556.6971163004637 1247.2219630777836 1847.3902998715639 52014.270446632057 1373.3714016899467 4429.5286755785346 3510.6104787513614 404.89188073202968 142.91657529771328 228.24012540653348 537.45048027485609 2058.5944445207715 109.69225645065308 672.9083196092397 666.73046455718577 703.9776265360415 223.71039842069149 456.21841806173325 305.38349808566272 581.52795583754778 429.80893956124783
leaf_count=4114 13695 51587 24992 1621 7635 12012 2483 6358 69583 12343 5361 8176 245970 5991 20088 16463 1752 840 1126 2367 8536 486 11503 15161 11116 959 1917 1780 2784 2114
internal_value=6.28848e-05 -0.000782716 0.00285929 0.0050134 -0.000246123 0.000833544 -7.83933e-05 -0.00240969 -0.00277824 -0.00111226 0.0013997 0.00649636 0.000462291 0.00837334 0.00666869 0.00874622 0.0168322 0.011368 0.0238648 -0.00488035 0.000800238 0.00109612 -0.0113313 -0.0171339 -0.0111595 0.00534541 -0.0062786 0.0128489 -0.0107435 -0.0183113
internal_weight=113373 87050 26322.9 18684.3 82836.2 58074 7427.82 7638.65 24762.1 7125.25 5651.31 3094.61 56097.1 11256.4 9368.47 7940.14 1887.96 1976.96 676.54 1428.33 54072.9 514.584 4213.76 2043.62 1376.89 2177.83 679.929 448.3 1473.94 892.414
internal_count=570913 450544 120369 86143 399069 277899 34882 34226 121170 33261 25880 13537 266518 51261 43032 36551 8229 11381 3746 6481 254506 2238 51475 37780 22619 9234 2876 2620 7381 4597
is_linear=0
shrinkage=0.05


Tree=76
num_leaves=31
num_cat=0
split_feature=33 33 43 32 32 28 32 33 33 28 33 33 33 43 33 33 33 10 5 28 34 43 33 33 32 43 12 28 33 33
split_gain=115.264 173.853 186.284 106.939 124.393 173.771 122.693 380.188 308.138 352.449 306.323 284.36 522.731 261.558 224.849 222.579 945.502 220.978 170.506 168.049 166.484 169.665 158.965 518.249 237.686 228.163 216.399 188.121 217.561 217.96
threshold=-882.49999999999989 -929.49999999999989 1.5000000000000002 3.5000000000000004 2.5000000000000004 -0.060977853000239071 8.5000000000000018 -2207.4999999999995 -1564.4999999999998 -0.04408878677757503 -2527.4999999999995 -1444.4999999999998 -1090.4999999999998 2.5000000000000004 -4789.4999999999991 -2506.4999999999995 -2765.4999999999995 0.023723718912536936 0.3031259971282711 0.19676914835765366 4.1797571473727695 3.5000000000000004 -3228.4999999999995 -3540.4999999999995 9.5000000000000018 3.5000000000000004 1.6357142857142872 -0.040887303268765419 -3962.4999999999995 -4319.4999999999991
decision_type=2 2 2 2 2 10 2 2 2 10 2 2 2 2 2 2 2 8 10 10 2 2 2 2 2 2 8 10 2 2
left_child=1 3 -3 4 5 -1 7 10 18 20 14 13 19 -11 -5 16 22 -17 -9 -13 21 -10 23 24 26 -24 27 -8 29 -29
right_child=-2 2 -4 6 -6 -7 15 8 9 11 -12 12 -14 -15 -16 17 -18 -19 -20 -21 -22 -23 25 -25 -26 -27 -28 28 -30 -31
leaf_value=0.014870727431049511 -0.030798010368143461 0.062793661480476701 0.01013852811136696 0.01881898282244357 -0.008112796428698962 -0.0021943501970613324 -0.042832544258222228 0.020447752333897007 0.047056646317796477 0.0022401793117027874 -0.029059746301740415 0.01787847437094944 -0.027799174176115184 -0.028287309029758918 -0.00096612590717173148 -0.012857689634161821 0.072670251509526315 -0.0012181701251184856 0.0023459875081810033 -0.043496782750883166 -0.002810271454285725 -0.014318571531756741 0.0016289282464752441 0.026418444174596368 -0.0043045230044695083 -0.0171652642697557 -0.0040852660551108574 0.022140387534172919 0.0082965412952295311 0.071055685422289891
leaf_weight=1636.0416228286922 304.17098999023438 200.16140344552696 1044.4628964122385 1515.5514469519258 8110.4561629351228 16915.863030336797 106.90984040498734 5631.1096179112792 764.34969160333276 1283.2064004987478 931.45688895881176 3064.4791649971157 885.11249789223075 1548.239734120667 27356.083273436874 6529.9190896209329 462.81917933374643 10858.53826899454 1691.6909175813198 115.74185793474317 346.15219954773784 132.0559166315943 3998.8080612532794 2088.078618504107 9854.2760088965297 2708.7752422690392 1384.17296628654 550.94440121948719 935.91301988810301 388.19558563828468
leaf_count=8211 1541 1022 6318 6491 46428 86602 500 25466 3616 6436 5568 20006 6851 8277 128989 47149 1973 47206 7032 498 1666 616 19240 9307 46292 13156 6141 2290 4522 1642
internal_value=-6.0078e-05 2.26327e-05 0.0186066 -0.000184264 -0.00294755 -0.000689428 0.00068116 0.00246254 0.00882438 0.00212936 -0.00083804 -0.00228694 0.00618606 -0.0144523 7.24488e-05 -0.00134142 0.00194442 -0.00558918 0.0162659 0.0156448 0.0266419 0.038015 0.000457633 0.00326997 -0.000386178 -0.00596088 0.0110847 0.0216791 0.0253574 0.0423596
internal_weight=113344 113040 1244.62 111795 26662.4 18551.9 85132.6 45265.2 15462.1 8139.34 29803.1 6896.78 4065.33 2831.45 28871.6 39867.4 22478.9 17388.5 7322.8 3180.22 1242.56 896.406 22016.1 15308.5 13220.4 6707.58 3366.14 1981.96 1875.05 939.14
internal_count=571052 569511 7340 562171 141241 94813 420930 221512 80464 47966 141048 42068 27355 14713 135480 199418 105063 94355 32498 20504 5898 4232 103090 70694 61387 32396 15095 8954 8454 3932
is_linear=0
shrinkage=0.05


Tree=77
num_leaves=31
num_cat=0
split_feature=10 33 33 33 5 28 33 33 33 33 33 32 12 43 32 33 12 33 32 9 3 43 37 33 33 33 28 33 32 33
split_gain=100.143 98.1554 204.822 172.178 169.68 97.1679 94.1568 179.834 298.637 294.387 316.718 166.523 164.407 177.402 152.686 239.164 283.868 152.197 132.941 161.021 119.237 109.06 101.426 101.265 451.076 180.634 186.334 168.349 166.693 223.083
threshold=0.012268960425933386 -4854.4999999999991 -4900.4999999999991 -4919.4999999999991 -0.27096774193548367 0.029421520343736952 -4538.4999999999991 -4382.4999999999991 -4301.4999999999991 -4091.4999999999995 -4072.4999999999995 1.5000000000000002 2.1500000000000026 2.5000000000000004 2.5000000000000004 -4165.4999999999991 2.55714285714286 -4336.4999999999991 1.5000000000000002 0.017570272307779588 0.058265189654184042 2.5000000000000004 -0.022354805945637154 -3668.4999999999995 -3428.4999999999995 -3524.4999999999995 0.09238341519733112 -3701.4999999999995 8.5000000000000018 -1926.9999999999998
decision_type=8 2 2 2 10 10 2 2 2 2 2 2 10 2 2 2 10 2 2 10 10 2 10 2 2 2 10 2 2 2
left_child=-1 2 3 5 -3 -2 18 12 17 11 -11 -10 -8 -14 15 22 -17 21 19 -6 -19 -9 -13 27 25 -25 -27 -12 29 -26
right_child=1 4 -4 -5 6 -7 7 8 9 10 23 14 13 -15 -16 16 -18 20 -20 -21 -22 -23 -24 24 28 26 -28 -29 -30 -31
leaf_value=-0.006061032930382417 -0.0048210951044722148 0.009145581765565975 -0.030372821090914839 0.024624440529642043 0.054859452500577777 -0.049026891046213938 -0.020171256185013961 0.025525766208655144 -0.036411836700207638 0.043753744323198049 -0.0025153046301379222 0.06909003958632616 -0.0093934616897869971 0.032339449921631867 -0.012934559852902297 -0.044272052911254189 0.061558056037113541 0.043137270397228381 0.0031828324262928014 0.0082380566759258627 0.0035451395907120488 -0.0093812688939848843 0.0068986658672759195 0.0057687921821437827 -0.0015849122122702187 0.033100575253564038 0.0071165117491029072 -0.025450713902353313 -0.0039632586991405032 0.0059040514714175903
leaf_weight=6459.445035699755 2050.2086585685611 5534.8114985972643 785.57275132834911 515.59514556825161 284.54256364703178 132.33319875597954 2109.0448203161359 379.64609558880329 632.34821257740259 418.94180728495121 9380.102618843317 187.24925275892019 869.14764465391636 360.17479760944843 3394.1066709756851 232.93257333338261 87.040621124207973 748.16587035357952 7032.9547287300229 530.49968741834164 254.97516451776028 544.93236756324768 100.87761728465557 3337.5634832978249 24544.436473347247 1748.4290830865502 1139.6821822971106 874.69449912011623 21710.778051044792 16716.683166250587
leaf_count=68563 10742 23819 4561 2222 1180 670 11092 1768 3366 1770 44369 866 4222 1734 16225 1313 447 3107 29552 2171 1034 2455 552 15296 119097 7724 4784 4170 103791 77831
internal_value=-1.58238e-05 0.000350355 -0.0079042 -0.00136238 0.000629125 -0.00750141 0.000146263 -0.000312867 0.00012694 -0.000316955 0.000393922 -0.0125681 -0.0116999 0.00283372 -0.00880081 0.0142717 -0.0154836 0.019586 0.00539817 0.0245142 0.0330739 0.0049521 0.0473159 0.000165292 0.000852461 0.0136914 0.022847 -0.00447161 -0.000416853 0.00144919
internal_weight=113098 106638 3483.71 2698.14 103155 2182.54 97620 89772 86433.6 84505.9 79871.3 4634.55 3338.37 1229.32 4002.21 608.1 319.973 1927.72 7848 815.042 1003.14 924.578 288.127 79452.4 69197.6 6225.67 2888.11 10254.8 62971.9 41261.1
internal_count=570493 501930 18195 13634 483735 11412 459916 427013 409965 401601 378832 22769 17048 5956 19403 3178 1760 8364 32903 3351 4141 4223 1418 377062 328523 27804 12508 48539 300719 196928
is_linear=0
shrinkage=0.05


Tree=78
num_leaves=31
num_cat=0
split_feature=33 33 43 20 0 0 35 34 20 19 37 13 33 33 32 28 1 33 39 6 32 6 33 32 33 28 33 33 33 33
split_gain=98.2331 154.014 135.709 101.263 94.1414 95.06 105.029 88.9596 83.3188 81.539 77.727 72.7909 83.4067 100.156 105.382 70.6032 75.4133 69.5902 102.372 64.032 62.4885 76.9724 71.5827 66.9924 63.4554 98.1292 78.6333 143.404 115.425 74.4055
threshold=-882.49999999999989 -929.49999999999989 1.5000000000000002 0.056464770120581327 -0.043692388584205259 0.00072530147524452204 -0.0032154340836253455 3.8928396509170695 0.89522537697440974 0.62651426227893192 -0.034232305507415843 0.021184515373892741 -1618.4999999999998 -1216.4999999999998 6.5000000000000009 -0.13446767796381917 -1.6653345369377346e-16 -4963.4999999999991 inf 13.570137513703878 10.500000000000002 25.62801111525491 -4984.4999999999991 9.5000000000000018 -1090.4999999999998 -0.054249981978947627 -1972.4999999999998 -1998.4999999999998 -1956.4999999999998 -1926.9999999999998
decision_type=2 2 2 8 10 10 10 2 10 10 8 10 2 2 2 10 10 2 8 8 2 8 2 2 2 10 2 2 2 2
left_child=1 3 -3 -1 8 6 10 19 -5 11 -6 12 15 -14 -15 -8 -17 -7 -19 -4 23 -22 -23 24 26 -26 27 -13 -28 -30
right_child=-2 2 7 4 5 17 9 -9 -10 -11 -12 20 13 14 -16 16 -18 18 -20 -21 21 22 -24 -25 25 -27 28 -29 29 -31
leaf_value=-0.020705666760986726 -0.028369720952559258 0.056519487410745223 -0.012984486846309937 0.015219600899095846 0.0066381005298800921 -0.018370657423609618 -0.03717451018962302 -0.0056484926952654517 0.0012354246827918542 0.0023354826824366405 -0.000656663532057307 -0.0035365085959278781 -0.026107102787263903 0.014260130897659054 -0.019801167430097202 -0.0088485194607933991 0.0030462139464432149 0.0013181775496079471 0.02299928641881982 0.031459364549089951 0.019915583453570883 -0.046699763275615251 0.00089941710692177158 -0.010583768164240129 0.059107911554088559 -0.030090196877692987 0.049835485313701737 -0.038341891047871314 -0.02729222381221659 0.0027332538981757583
leaf_weight=597.14649012126029 305.46898470446467 189.80882634781301 97.898021396249533 1842.3522715643048 5511.3706563450396 441.14219219982624 164.59196338057518 466.71671160310507 2524.9080593287945 6444.4468296095729 10821.864435531199 15720.386673547328 1192.260830860585 421.10164396651089 492.86399392969906 3229.4247890282422 2268.6181510705501 44041.072006698698 551.26315927505493 470.70779711380601 544.90573494136333 80.211775913834572 5167.7894543558359 3123.4044273793697 33.683891773223877 364.40914530307055 126.71887315809727 301.62146167457104 214.60700266063213 5350.5992377847433
leaf_count=8733 1552 980 1220 7949 26155 2391 1068 2836 10689 33148 55118 74598 14216 6754 9816 20013 15260 203844 2423 2196 2416 420 22940 14814 147 1726 589 1413 1118 24489
internal_value=-5.3964e-05 2.27181e-05 0.0176542 -0.000170885 -6.03898e-05 -0.000355141 -0.00163199 0.0105289 0.00713472 -0.00287276 0.00180483 -0.00373788 -0.00806609 -0.0165608 -0.00410772 -0.00490647 -0.00394048 0.00139071 0.00158621 0.0238074 -0.00265418 0.00202908 0.000171899 -0.00372924 -0.00276102 -0.0225429 -0.00239834 -0.00419174 0.00264981 0.0015754
internal_weight=113103 112798 1225.13 111573 110976 106608 61574.9 1035.32 4367.26 45241.6 16333.2 38797.2 7768.86 2106.23 913.966 5662.63 5498.04 45033.5 44592.3 568.606 31028.3 5792.91 5248 25235.4 22112 398.093 21713.9 16022 5691.93 5565.21
internal_count=571031 569479 7232 562247 553514 534876 326218 6252 18638 244945 81273 211797 67127 30786 16570 36341 35273 208658 206267 3416 144670 25776 23360 118894 104080 1873 102207 76011 26196 25607
is_linear=0
shrinkage=0.05


Tree=79
num_leaves=31
num_cat=0
split_feature=5 8 33 33 9 33 33 5 22 33 33 4 33 33 33 28 33 33 32 32 33 33 33 32 33 33 32 32 37 33
split_gain=96.4257 183.734 108.502 266.477 140.202 108.222 107.951 135.566 111.002 99.9471 241.07 132.349 126.265 280.626 436.61 120.979 120.131 119.669 115.198 169.696 156.071 180.153 165.843 272.734 148.735 133.508 115.17 211.443 120.781 110.649
threshold=-0.044849136757257872 0.010756820642516486 -1232.4999999999998 -1403.4999999999998 0.0086266673972165437 -1431.4999999999998 -4854.4999999999991 0.22479370739876872 0.53668732941286668 -4538.4999999999991 -4382.4999999999991 -0.069196428571428367 -4277.4999999999991 -4091.4999999999995 -4072.4999999999995 -0.045966281164987528 -4336.4999999999991 -4641.4999999999991 10.500000000000002 8.5000000000000018 -1655.4999999999998 -2418.4999999999995 -2765.4999999999995 11.500000000000002 -2058.4999999999995 -1722.9999999999998 2.5000000000000004 1.5000000000000002 -0.037579108661508091 -3036.4999999999995
decision_type=8 8 2 2 10 2 2 8 10 2 2 10 2 2 2 10 2 2 2 2 2 2 2 2 2 2 2 2 10 2
left_child=2 -2 3 5 -4 9 8 -8 -3 11 -11 17 16 15 -15 26 -12 -1 19 29 21 22 -20 -24 -23 -26 27 -14 -29 -16
right_child=1 6 4 -5 -6 -7 7 -9 -10 10 12 -13 13 14 18 -17 -18 -19 20 -21 -22 24 23 -25 25 -27 -28 28 -30 -31
leaf_value=-0.0088489795003060378 -0.012483612426251994 -0.00049384897452227122 0.043881751381028775 -0.021468342017037026 0.0075180197935924391 0.034092909075253496 -0.0016920416195703965 0.0034378076605056152 -0.021416688945142599 -0.016212581444171845 0.0047980119046352708 0.016277351053570869 -0.04321748207355057 0.054684143595128944 -0.0033985549318645324 -0.026393854401081381 0.038791792024868731 0.036278792411621623 0.0084511146765539856 -0.0098407316272337876 0.054252743913494696 -0.019876537169572217 0.016133718373375187 0.08479635083344772 0.024689727402731815 -0.0040157390044272797 -0.014367317971850063 0.071722667995580955 0.0053719371543681721 0.0044943136104426866
leaf_weight=1178.1302153766155 3431.7331153415143 1296.4822499677539 301.71146848984063 1259.7639473956078 2182.499268040061 259.07658828049898 44358.680598568171 18148.091531645507 1240.4049280434847 1954.249093927443 635.37519428133965 2461.9450779855251 100.36965341866016 396.69718922674656 6475.3625131472945 1199.96396420151 439.78073987364769 167.83206596970558 3059.174438893795 3537.0420145429671 175.05822608619928 903.50256909430027 524.76399414986372 199.64475205540657 582.97333663888276 1327.248388916254 832.58313811570406 150.60641677677631 125.94503783434629 14129.334209790453
leaf_count=5308 44646 7066 2707 9120 10529 1213 219442 77399 6829 9733 2920 10563 525 1757 31889 6331 1840 693 13922 16990 757 4164 2317 846 2843 5796 3884 656 660 67477
internal_value=-2.98676e-05 -0.00120793 0.00178043 0.00118093 0.0119345 0.00187998 -0.000613015 -0.000202651 -0.010724 0.0016742 0.000875226 0.00938506 0.00183494 0.00129712 0.00256244 -0.0151456 0.0187028 -0.00322186 0.00189361 0.000277018 0.00765632 0.0064199 0.0135451 0.0350569 -0.00316127 0.00474477 -0.00398614 0.0189449 0.0415057 0.00201385
internal_weight=113036 68475.4 44560.6 42076.4 2484.21 40816.7 65043.7 62506.8 2536.89 40557.6 36749.7 3807.91 34795.4 33720.3 31310.8 2409.47 1075.16 1345.96 30914.1 24141.7 6772.37 6597.31 3783.58 724.409 2813.72 1910.22 1209.5 376.921 276.551 20604.7
internal_count=570822 355382 215440 202204 13236 193084 310736 296841 13895 191871 175307 16564 165574 160814 148758 12056 4760 6001 147001 116356 30645 29888 17085 3163 12803 8639 5725 1841 1316 99366
is_linear=0
shrinkage=0.05


Tree=80
num_leaves=31
num_cat=0
split_feature=33 33 43 0 33 33 33 33 33 33 33 33 34 33 33 8 43 2 34 34 33 33 33 33 33 4 33 33 33 33
split_gain=86.2803 145.718 123.611 97.8866 83.2654 204.102 171.223 167.268 178.061 279.845 266.378 375.465 163.624 207.319 117.59 151.609 117.186 107.39 106.266 103.627 275.969 667.829 234.086 195.919 233.442 165.685 154.005 275.49 193.266 372.568
threshold=-882.49999999999989 -929.49999999999989 1.5000000000000002 -0.056458194902397556 -4854.4999999999991 -4900.4999999999991 -4919.4999999999991 -4538.4999999999991 -4382.4999999999991 -4301.4999999999991 -4091.4999999999995 -4072.4999999999995 4.3128102996742443 -4420.4999999999991 -4336.4999999999991 0.11267605633802814 2.5000000000000004 -0.030769230769230934 2.7504658133048774 4.0491724635231083 -3629.4999999999995 -3459.4999999999995 -3524.4999999999995 -3995.4999999999995 -4035.4999999999995 -0.011764705882352842 -2448.4999999999995 -2585.4999999999995 -2639.4999999999995 -2700.4999999999995
decision_type=2 2 2 10 2 2 2 2 2 2 2 2 2 2 2 8 2 10 2 2 2 2 2 2 2 10 2 2 2 2
left_child=1 3 -3 -1 5 6 -5 -6 12 14 -11 -12 17 -14 16 -16 18 -9 -10 20 25 22 -22 24 -21 -13 27 28 29 -23
right_child=-2 2 -4 4 7 -7 -8 8 9 10 11 19 13 -15 15 -17 -18 -19 -20 23 21 26 -24 -25 -26 -27 -28 -29 -30 -31
leaf_value=0.010418513556372555 -0.027233303817375116 0.0530667345312602 0.010163576977859454 -0.0078576744921659905 0.0068074781430050579 -0.03104185275324281 0.024137017812216739 -0.0043191047896775723 -0.033374373694478793 -0.011763751563658473 0.043318044958244623 -4.0509223200904144e-05 0.017413479004916622 -0.032308504149670951 0.043985263983573573 0.005806066887004746 -0.0089510791239732629 -0.026051863106574591 0.035953444494490984 -0.0048148157898253649 0.012427447089734386 0.0006132848320964014 0.038723605154506596 -0.0033967016812097603 0.053877394019354985 -0.014218721385995595 0.0032660029889662202 -0.016934822743733143 0.020530074737032722 -0.028799181739903298
leaf_weight=2150.9677602946758 290.62164442054927 200.38633563928306 1035.1989836581051 2105.4697247445583 8081.6804833933711 752.24052488058805 521.79509045183659 866.22968269139528 65.191250115633011 5112.34895414114 496.92448478192091 3907.2166603654623 811.84287639707327 282.6280532926321 667.8571455180645 425.80550508201122 589.68921858817339 1653.3810805603862 363.3391081392765 347.41263960301876 2010.393304631114 14824.030355468392 1461.6021430268884 27676.554761713371 330.67029632627964 4359.7117954045534 26380.064744822681 2854.881165497005 1059.3200738355517 1160.9914311096072
leaf_count=9215 1493 1037 6260 11148 33987 4543 2267 4331 301 25460 2177 19037 3999 1403 2792 1739 2695 8729 1688 1538 9302 70929 6058 148902 1464 20435 142909 13850 4746 5895
internal_value=-2.49706e-05 4.5282e-05 0.0171216 -0.000144254 -0.000352373 -0.00807824 -0.00150328 -0.000105566 -0.000677362 -0.000259044 -0.000672215 -1.94704e-05 -0.0115684 0.00457364 0.0177365 0.0291206 0.00550885 -0.0185802 0.0254068 -0.000268802 0.000941926 0.00234761 0.0234973 -0.00274615 0.0238067 -0.00751764 0.000760905 -0.00256006 -0.000152328 -0.00152294
internal_weight=112846 112556 1235.59 111320 109169 3379.51 2627.26 105790 97708.1 94094 91982.1 86869.8 3614.08 1094.47 2111.88 1093.66 1018.22 2519.61 428.53 86372.8 58018.2 49751.3 3472 28354.6 678.083 8266.93 46279.3 19899.2 17044.3 15985
internal_count=570329 568836 7297 561539 552324 17958 13415 534366 500379 481917 472702 447242 18462 5402 9215 4531 4684 13060 1989 445065 293161 253689 15360 151904 3002 39472 238329 95420 81570 76824
is_linear=0
shrinkage=0.05


Tree=81
num_leaves=31
num_cat=0
split_feature=35 0 13 28 13 4 28 1 5 5 38 12 13 25 6 2 25 5 10 7 20 28 29 10 38 10 1 28 0 19
split_gain=92.6575 106.034 110.346 91.5735 87.6448 81.8829 58.0187 57.3003 57.6373 50.4686 91.5128 59.9623 50.4443 48.4767 42.9825 58.0499 39.5475 39.4821 49.1517 38.6158 53.9909 39.8856 38.5501 56.563 89.6235 38.0779 38.0001 37.6721 37.4179 37.0963
threshold=-0.0056440234078679033 0.0014419653840719306 0.018451536055765976 -0.00031308755421245222 0.082081409643442196 -0.049724366319618123 -0.12822544493057059 0.22889276096942826 -0.16187519957924126 -0.061728395061726109 -0.024681013723274799 0.80714285714285761 0.010381207636091938 0.38821702594081114 19.385971343189279 -0.045977011494252644 0.96158764509148165 -0.096638655462197839 0.048684850831607389 -0.029740683210112303 1.1891080087671013 0.022713568501565428 -0.026113298831523763 0.010827520111900404 -0.0040442131052139665 0.018310918758111628 -0.073860045993796405 -0.14208097304973713 -0.090909090909090703 -0.23138706641699949
decision_type=10 10 10 10 10 8 10 10 8 8 10 10 10 10 10 8 10 10 10 10 10 10 10 10 10 8 10 10 10 10
left_child=5 2 3 12 14 13 26 8 -3 10 -5 22 17 28 15 -4 -16 27 -19 -10 -21 -22 -12 24 -24 -7 -6 -2 -1 -9
right_child=1 7 4 9 6 25 -8 29 19 -11 11 -13 -14 -15 16 -17 -18 18 -20 20 21 -23 23 -25 -26 -27 -28 -29 -30 -31
leaf_value=-0.01817319619222902 -0.035091878157934006 0.0061127098452073026 0.011711294518691876 -0.0053596065221527302 0.070523225622194555 -0.0040784181529694664 0.0083693151750074534 0.050972825702347714 -0.00058016664691254373 -0.0062855041579533717 0.013872473565491639 -0.0016916998324943235 -0.0073878919894582 0.016674280178461461 -0.0022308735290442368 -0.0038614277669538274 0.0059740055740702021 -0.023960073646790883 0.10834249932170997 0.0086780258781463237 0.0076499552173180775 -0.0020750532129364964 0.15235516868108409 0.033983780535853457 -0.0072410305463494421 0.0022705721821641655 0.0086353015616362615 -0.0024569715444508924 0.0062358962246202741 0.012600949908821039
leaf_weight=161.37456455826759 106.74895270168781 5005.4931355416775 1371.161698371172 795.70656328648329 65.302528373897076 3120.5409413650632 1249.1597667261958 76.364217013120651 26196.038903273642 2464.8202754687518 164.28073988109827 197.23554499074817 2120.8532718904316 1178.2059417888522 39450.18446656689 1061.8701573014259 1525.4246866926551 1349.1670708954334 7.0567909479141226 3011.5500133633614 1409.3443992845714 4185.4678943157196 26.714368592947721 180.87379139661789 13.115322533994911 9709.910613656044 39.994299881160259 515.26831996813416 5799.8492381870747 359.532575070858
leaf_count=729 812 21513 6113 4496 343 18390 5173 362 124423 27329 1120 1128 13911 5901 186497 5348 6523 24421 57 14098 6528 17781 236 1085 206 43981 188 4036 27002 1518
internal_value=2.46937e-05 -0.000639192 -0.00211488 -0.00754641 -0.00115123 0.00311471 0.0113738 0.00129343 0.00109601 -0.0020012 0.00566251 0.0207262 -0.0127448 0.0074068 -0.00154204 0.00491475 -0.00192543 -0.0184879 -0.0232717 0.000374474 0.00328021 0.000374696 0.0322113 0.0458619 0.0998025 0.000726411 0.0470167 -0.00805769 0.00557512 0.0193233
internal_weight=112919 92948.7 52704.9 7941.84 44763.1 19969.9 1354.46 40243.8 39807.9 3842.75 1377.93 582.22 4099.09 7139.43 43408.6 2433.03 40975.6 1978.24 1356.22 34802.4 8606.36 5594.81 384.984 220.703 39.8297 12830.5 105.297 622.017 5961.22 435.897
internal_count=571248 475245 289022 78837 210185 96003 5704 186223 184343 35600 8271 3775 43237 33632 204481 11461 193020 29326 24478 162830 38407 24309 2647 1527 442 62371 531 4848 27731 1880
is_linear=0
shrinkage=0.05


Tree=82
num_leaves=31
num_cat=0
split_feature=5 25 5 8 26 33 33 33 43 32 33 33 33 33 33 33 33 6 34 33 32 33 1 28 32 33 33 3 34 33
split_gain=87.6489 91.7501 96.8205 139.722 107.166 90.589 297.824 276.445 236.993 162.015 191.081 175.499 250.159 387.409 174.019 156.47 144.314 110.269 109.851 104.505 294.645 149.848 98.1083 95.0937 89.3645 114.922 134.204 112.513 103.564 120.938
threshold=-0.27096774193548367 0.93552544063851029 -0.037878787878788171 0.011389824114920068 0.63164625117781681 -2374.4999999999995 -2332.4999999999995 -2585.4999999999995 1.5000000000000002 4.5000000000000009 -2639.4999999999995 -2700.4999999999995 -3036.4999999999995 -3019.4999999999995 -4900.4999999999991 -2207.4999999999995 -4810.4999999999991 38.640781697280637 4.1797571473727695 -2765.4999999999995 11.500000000000002 -2606.4999999999995 -0.094801223241590613 -0.10604116515816818 8.5000000000000018 -1773.9999999999998 -2058.4999999999995 -0.044444444444444335 3.9880572622396131 -1911.9999999999998
decision_type=8 8 8 8 10 2 2 2 2 2 2 2 2 2 2 2 2 10 2 2 2 2 10 10 2 2 2 10 2 2
left_child=-1 2 4 -4 5 7 -7 9 -9 10 11 12 14 17 -2 22 -11 -14 -16 23 21 -21 -8 -18 28 26 -26 -27 29 -17
right_child=1 -3 3 -5 -6 6 15 8 -10 16 -12 -13 13 -15 18 24 19 -19 -20 20 -22 -23 -24 -25 25 27 -28 -29 -30 -31
leaf_value=0.0068415422808133994 0.025974139409302585 0.0041553117400902999 -0.012416997127868782 -0.0015644428036178518 -0.0025611846722199271 0.049095082109549791 0.04150028852411778 0.022334935287301686 -0.022809897183215896 0.074311225884478735 0.048523454567395694 -0.035493338586695074 0.11274587269814806 0.0023883950008741022 -0.014947643736682066 0.00075903396379508063 0.035026465247430111 0.036819398950638162 0.0036545951806062488 -0.016793430385921876 0.091483721448061911 0.040358360956005035 -0.030081643233498864 0.0042577384882441947 -0.021422668292227866 0.013024502062712976 0.032236819975793633 -0.015600512790397715 0.00080438076585042653 0.021300955410722161
leaf_weight=4397.6793399825692 364.92972909659147 10195.395460458472 3138.5747756585479 53874.61105491966 13843.291221184656 402.24261818826199 53.721736088395119 344.61715416610241 1858.423331707716 78.525806978344917 170.72906316071749 439.90539044886827 123.55296429991722 553.01347722858191 3019.5654993280768 1005.3304147496819 257.78370762616396 78.013636276125908 1076.5711979568005 267.56085874885321 135.25911900401115 200.73958096653223 439.24263659119606 9706.9814596995711 159.89440827257931 470.47249180451035 429.58319486305118 1269.8061535004526 1862.3320169448853 2493.9791335109621
leaf_count=19052 1563 44491 42461 260969 62426 1699 255 1582 9551 333 840 2361 646 2809 16410 4982 1167 443 6107 1317 578 935 2627 46984 892 2108 2233 8943 10056 13467
internal_value=-7.81898e-05 -0.000359138 -0.000828226 -0.00216188 0.00102152 0.00284071 0.00709137 0.000886421 -0.015748 0.00311103 -0.00359204 -0.0051653 -0.00260733 0.0240178 -0.00711091 0.00502698 0.00677916 0.0833596 -0.0100585 0.00627737 0.02648 0.007705 -0.0222809 0.00505371 0.00677722 -0.00139883 0.0176818 -0.00786193 0.0103299 0.0153994
internal_weight=112712 108315 98119.3 57013.2 41106.1 27262.8 8586.6 18676.2 2203.04 16473.1 5826.28 5655.55 5215.65 754.58 4461.07 8184.36 10646.9 201.567 4096.14 10568.3 603.56 468.3 492.964 9964.77 7691.4 2329.76 589.478 1740.28 5361.64 3499.31
internal_count=570287 551235 506744 303430 203314 140888 47262 93626 11133 82493 31179 30339 27978 3898 24080 45563 51314 1089 22517 50981 2830 2252 2882 48151 42681 14176 3125 11051 28505 18449
is_linear=0
shrinkage=0.05


Tree=83
num_leaves=31
num_cat=0
split_feature=38 8 33 33 28 34 32 33 12 33 33 33 9 8 43 33 33 33 33 33 33 33 33 43 43 28 32 6 34 12
split_gain=99.0409 187.998 99.1906 246.176 142.004 129.038 123.407 107.831 138.152 106.007 233.154 227.634 149.077 128.159 126.897 133.178 211.38 122.047 148.097 115.219 299.964 719.942 297.106 277.781 248.732 122.071 113.016 132.017 119.824 109.043
threshold=-0.066849491036111916 0.0044464215104784719 -1232.4999999999998 -1142.4999999999998 0.19676914835765366 3.8928396509170695 1.5000000000000002 -1188.4999999999998 2.5214285714285745 -1748.4999999999998 -1926.9999999999998 -1998.4999999999998 0.009031432839188289 0.40767890645939436 2.5000000000000004 -1444.4999999999998 -1605.4999999999998 -1669.4999999999998 -1260.4999999999998 -2189.4999999999995 -2730.4999999999995 -2765.4999999999995 -2159.4999999999995 5.5000000000000009 3.5000000000000004 0.053738528492729573 8.5000000000000018 48.40821268150389 4.2966046709196313 6.9678571428571452
decision_type=10 10 2 2 10 2 2 2 10 2 2 2 10 10 2 2 2 2 2 2 2 2 2 2 2 10 2 10 2 10
left_child=-1 -2 9 7 5 6 -5 -4 -9 10 11 19 -11 29 17 16 26 -14 -19 20 21 -3 24 -23 25 -21 27 28 -16 -12
right_child=1 2 3 4 -6 -7 -8 8 -10 12 13 -13 14 -15 15 -17 -18 18 -20 22 -22 23 -24 -25 -26 -27 -28 -29 -30 -31
leaf_value=0.002659542594604848 -0.011278456866430905 -0.00039303196540136504 0.0081767157821022972 0.042898610426260426 -0.056821942197696346 -0.0067126787727475176 0.0063285761022652889 0.059171958090209788 0.013406895420103601 -0.029100434347647752 0.018923027528205252 -0.023474943524554922 -0.01474630344263426 -0.00053966112854195831 0.0091106792193957568 0.003799499425103449 -0.024583370817963676 0.010126315553377868 -0.030360042773083368 -0.020851871935533492 -0.0094518124028421455 0.068469067724000646 0.0010885440288737082 0.014905521140475232 0.049575109400383975 0.055332976165391783 -0.016716380241246883 -0.0044216671256037312 0.0619656660752314 -0.009787236488640598
leaf_weight=27436.499927386642 4071.4591111224145 43678.426565162838 450.12047853693366 270.15519838780165 104.7668988853693 1972.8944295942783 1579.1586432754993 388.97177221998572 286.263073541224 620.02956353314221 3064.3132782280445 1090.8434182181954 787.30523689836264 1835.980159714818 309.00523587316275 1637.6939593330026 2071.2116848304868 3074.0445373281837 243.78888683393598 247.63658482581377 9001.073903106153 511.77516849339008 4441.0535680986941 459.26238125562668 644.19574999809265 66.75270839035511 912.80004766583443 1036.289870582521 164.21227069944143 370.73353230953217
leaf_count=126681 51467 211440 2436 1198 438 9787 7463 1948 1257 6207 13256 5693 3713 7677 1491 7643 10898 14951 1308 1106 44697 2181 19636 1930 2856 293 4285 4677 783 1695
internal_value=4.61036e-05 -0.000793594 -0.000268652 0.00651606 0.000607756 0.00218191 0.0116709 0.0271333 0.03977 -0.000718098 4.13145e-05 -0.000842426 -0.00529372 0.0101246 -0.00385172 -0.00840699 -0.0128557 0.00295178 0.00715145 -0.000424332 -0.00112501 0.00055363 0.00653753 0.0431356 0.0317823 -0.00467592 -0.00282791 0.00557045 0.027452 0.0158244
internal_weight=112829 85392.2 81320.8 5052.33 3926.98 3822.21 1849.31 1125.36 675.235 76268.4 65412 60141 10856.4 5271.03 10236.4 6131.21 4493.52 4105.14 3317.83 59050.2 53650.5 44649.5 5399.64 971.038 958.585 314.389 2422.31 1509.51 473.218 3435.05
internal_count=571091 444410 392943 24527 18886 18448 8661 5641 3205 368416 312460 289832 55956 22628 49749 29777 22134 19972 16259 284139 260248 215551 23891 4111 4255 1399 11236 6951 2274 14951
is_linear=0
shrinkage=0.05


end of trees

feature_importances:
Column_33=735
Column_32=298
Column_43=148
Column_28=140
Column_10=132
Column_5=115
Column_13=94
Column_34=80
Column_12=66
Column_0=60
Column_37=59
Column_1=58
Column_19=58
Column_7=55
Column_38=53
Column_8=49
Column_20=43
Column_11=42
Column_3=39
Column_4=30
Column_9=29
Column_25=23
Column_29=23
Column_2=22
Column_26=20
Column_36=15
Column_35=13
Column_6=11
Column_31=3
Column_39=3
Column_14=2
Column_22=2

parameters:
[boosting: gbdt]
[objective: binary]
[metric: binary_logloss]
[tree_learner: serial]
[device_type: cpu]
[data_sample_strategy: bagging]
[data: ]
[valid: ]
[num_iterations: 500]
[learning_rate: 0.05]
[num_leaves: 31]
[num_threads: 2]
[seed: 42]
[deterministic: 0]
[force_col_wise: 0]
[force_row_wise: 0]
[histogram_pool_size: -1]
[max_depth: -1]
[min_data_in_leaf: 100]
[min_sum_hessian_in_leaf: 0.001]
[bagging_fraction: 0.8]
[pos_bagging_fraction: 1]
[neg_bagging_fraction: 1]
[bagging_freq: 1]
[bagging_seed: 400]
[bagging_by_query: 0]
[feature_fraction: 0.8]
[feature_fraction_bynode: 1]
[feature_fraction_seed: 30056]
[extra_trees: 0]
[extra_seed: 12879]
[early_stopping_round: 0]
[early_stopping_min_delta: 0]
[first_metric_only: 0]
[max_delta_step: 0]
[lambda_l1: 0]
[lambda_l2: 0]
[linear_lambda: 0]
[min_gain_to_split: 0]
[drop_rate: 0.1]
[max_drop: 50]
[skip_drop: 0.5]
[xgboost_dart_mode: 0]
[uniform_drop: 0]
[drop_seed: 17869]
[top_rate: 0.2]
[other_rate: 0.1]
[min_data_per_group: 100]
[max_cat_threshold: 32]
[cat_l2: 10]
[cat_smooth: 10]
[max_cat_to_onehot: 4]
[top_k: 20]
[monotone_constraints: ]
[monotone_constraints_method: basic]
[monotone_penalty: 0]
[feature_contri: ]
[forcedsplits_filename: ]
[refit_decay_rate: 0.9]
[cegb_tradeoff: 1]
[cegb_penalty_split: 0]
[cegb_penalty_feature_lazy: ]
[cegb_penalty_feature_coupled: ]
[path_smooth: 0]
[interaction_constraints: ]
[verbosity: -1]
[saved_feature_importance_type: 0]
[use_quantized_grad: 0]
[num_grad_quant_bins: 4]
[quant_train_renew_leaf: 0]
[stochastic_rounding: 1]
[linear_tree: 0]
[max_bin: 255]
[max_bin_by_feature: ]
[min_data_in_bin: 3]
[bin_construct_sample_cnt: 200000]
[data_random_seed: 175]
[is_enable_sparse: 1]
[enable_bundle: 1]
[use_missing: 1]
[zero_as_missing: 0]
[feature_pre_filter: 1]
[pre_partition: 0]
[two_round: 0]
[header: 0]
[label_column: ]
[weight_column: ]
[group_column: ]
[ignore_column: ]
[categorical_feature: ]
[forcedbins_filename: ]
[precise_float_parser: 0]
[parser_config_file: ]
[objective_seed: 16083]
[num_class: 1]
[is_unbalance: 0]
[scale_pos_weight: 1]
[sigmoid: 1]
[boost_from_average: 1]
[reg_sqrt: 0]
[alpha: 0.9]
[fair_c: 1]
[poisson_max_delta_step: 0.7]
[tweedie_variance_power: 1.5]
[lambdarank_truncation_level: 30]
[lambdarank_norm: 1]
[label_gain: ]
[lambdarank_position_bias_regularization: 0]
[eval_at: ]
[multi_error_top_k: 1]
[auc_mu_weights: ]
[num_machines: 1]
[local_listen_port: 12400]
[time_out: 120]
[machine_list_filename: ]
[machines: ]
[gpu_platform_id: -1]
[gpu_device_id: -1]
[gpu_use_dp: 0]
[num_gpu: 1]

end of parameters

pandas_categorical:null
