tree
version=v4
num_class=1
num_tree_per_iteration=1
label_index=0
max_feature_idx=43
objective=binary sigmoid:1
feature_names=Column_0 Column_1 Column_2 Column_3 Column_4 Column_5 Column_6 Column_7 Column_8 Column_9 Column_10 Column_11 Column_12 Column_13 Column_14 Column_15 Column_16 Column_17 Column_18 Column_19 Column_20 Column_21 Column_22 Column_23 Column_24 Column_25 Column_26 Column_27 Column_28 Column_29 Column_30 Column_31 Column_32 Column_33 Column_34 Column_35 Column_36 Column_37 Column_38 Column_39 Column_40 Column_41 Column_42 Column_43
feature_infos=[-0.12:0.12000000000000011] [-0.30350510510510498:0.37468493150684945] [-0.34602076124567482:0.62909090909090892] [-0.52631578947368429:1.6033777777777782] [-0.5525046116744704:5.2180451127819545] [-0.63724137931034486:9.4772727272727337] [0:99.999999998989509] [-0.91935999999999996:0] [0:9.0454065469904954] [0:0.089463197007432049] [0:0.076005598361966478] [0:2366.6980106475853] [0:496.55000000000007] [-4.163336342344337e-17:0.27749788710120954] [0:20] none none [0:6] none [-3.1643928874535838:4.3643463267553075] [1.613539439946223e-05:4.1989372754911969] [-0.99999999999999978:0.99726736817551731] [0:45.319180968864195] none none [0.0026041666666666665:1] [0.0026041666666666665:1] none [-0.33164740552513955:1.4627374711935657] [-1.4380737940635209:5.1223101513735152] none [1:7] [1:12] [0:3769] [0.40546510810816438:8.6995980780714959] [-1:8.9927378358748484] [0:1] [-0.88727989113877803:1.1265264897621496] [-0.89522164205698718:1.7613708412586715] [0:1] none none none [0:7]
tree_sizes=3553 3579 3588 3580 3569 3592 3596 3567 3604 3573 3576 3577 3573 3597 3590 3583 3581 3569 3583 3605 3586 3595 3579 3585 3597 3579 3590 3580 3556 3581 3562 3581 3582 3581 3597 3576 3559 3598 3563 3590 3569 3591 3601 3574 3589 3588 3575 3558 3565 3582 3586 3575 3555 3555 3553 3605 3567 3590 3582 3558 3582 3572 3585 3572 3565 3581 3570 3568 3605 3575 3577 3594 3564 3571 3616 3578 3561

Tree=0
num_leaves=31
num_cat=0
split_feature=10 9 13 13 13 20 38 38 28 38 7 28 7 28 19 10 19 32 10 36 10 0 32 32 2 0 32 10 32 3
split_gain=13356.2 4607.81 1783.13 1515.94 1094.37 1052.91 1008.29 844.958 731.048 722.579 669.585 665.475 636.757 587.266 435.041 404.518 382.98 343.042 340.053 322.243 263.794 256.378 214.766 194.486 190.329 176.59 170.011 161.089 160.988 155.693
threshold=0.023993653059334652 0.01118863687925393 0.045540205815801475 0.033109776734898934 0.0084900288394299719 0.15761594921369357 -0.15918797927950537 -0.1043061416272885 0.047141161649348666 0.20134407659485679 -0.19374787559483339 0.14583928790295117 -0.27214821043934961 0.032294292656644567 -0.10444691333760438 0.013709851511131426 -0.10444691333760438 3.5000000000000004 0.028817639307220731 0.99959903769045755 0.041415690275204399 0.094908430597202234 9.5000000000000018 3.5000000000000004 0.007596138819767507 -0.066810495138814638 4.5000000000000009 0.015695779538093185 6.5000000000000009 -0.094760578392727932
decision_type=10 8 10 10 10 10 10 8 10 10 8 10 10 10 10 10 8 2 10 2 10 10 2 2 8 10 2 10 2 10
left_child=1 4 5 8 -1 -2 -4 -5 10 17 -3 12 29 23 18 -6 26 25 28 -11 22 27 -19 -9 -10 -8 -12 -18 -14 -7
right_child=2 3 6 7 15 11 9 13 24 19 16 -13 14 -15 -16 -17 21 20 -20 -21 -22 -23 -24 -25 -26 -27 -28 -29 -30 -31
leaf_value=-0.75075694575686913 -0.73080666986377629 -0.68677872023554842 -0.62459728839243467 -0.65521614838068065 -0.72815239600169768 -0.64062882749172811 -0.62350160813436595 -0.70817265014541209 -0.69458291542709905 -0.64859531746262156 -0.72207622839510366 -0.64428452134324155 -0.69980453225765549 -0.67615147737206682 -0.67153200059399742 -0.70828104778817391 -0.71065131834904749 -0.66093078048774068 -0.67833675527224901 -0.60065273912175421 -0.64815591145913132 -0.58528069688634143 -0.67566127084456884 -0.69202731659850725 -0.67599528422870103 -0.68127587218330954 -0.7106480223792766 -0.69518651986138669 -0.68553722157321983 -0.66469796320793995
leaf_weight=3926.1659225225449 901.39747223258018 3608.2613558769226 1924.1240682899952 2141.6260021924973 6109.6449068784714 832.38457611203194 136.69005876779556 2450.8483012616634 3254.7372299432755 4114.2817200124264 5187.3209435641766 1571.0451868474483 4188.6375500261784 5961.3784913420677 8112.3546278476715 4409.4788176119328 2813.2773170173168 6650.1717190742493 7735.0099216401577 383.13288459181786 2433.4837661087513 47.863782793283463 3940.636368483305 7806.2490402162075 2387.4009612798691 4083.1146056354046 8733.2480706870556 4194.6483506560326 3744.9514146447182 3484.2607651054859
leaf_count=17636 4049 16208 8643 9620 27444 3739 614 11009 14620 18481 23301 7057 18815 26778 36440 19807 12637 29872 34745 1721 10931 215 17701 35065 10724 18341 39229 18842 16822 15651
internal_value=-0.687785 -0.703437 -0.669594 -0.696066 -0.72823 -0.67757 -0.65929 -0.684734 -0.702949 -0.66236 -0.706674 -0.675953 -0.677724 -0.688632 -0.680931 -0.719823 -0.710097 -0.667015 -0.685797 -0.644511 -0.663001 -0.700607 -0.666412 -0.695885 -0.686718 -0.679404 -0.714907 -0.701395 -0.69307 -0.660057
internal_weight=117268 63032.1 54235.7 48586.9 14445.3 30570 23665.6 18360.1 30226.8 21741.5 24584.6 29668.6 28097.6 16218.5 23781 10519.1 20976.4 17244.1 15668.6 4497.41 13024.3 7055.79 10590.8 10257.1 5642.14 4219.8 13920.6 7007.93 7933.59 4316.65
internal_count=526757 283135 243622 218248 64887 137318 106304 82472 135776 97661 110432 133269 126212 72852 106822 47251 94224 77459 70382 20202 58504 31694 47573 46074 25344 18955 62530 31479 35637 19390
is_linear=0
shrinkage=1


Tree=1
num_leaves=31
num_cat=0
split_feature=10 13 13 38 28 9 37 38 20 10 33 33 28 37 7 5 28 33 1 1 10 5 34 0 5 43 28 33 33 43
split_gain=11985.2 4248.85 1514.87 1276.49 1495.42 1120.03 1040.2 854.449 843.637 537.186 525.133 453.216 459.067 441.364 411.591 362.25 354.725 285.983 273.067 256.715 254.994 248.98 235.32 231.46 218.245 213.277 198.231 190.699 262.151 188.698
threshold=0.023993653059334652 0.019576442000875497 0.038134669881010282 -0.1043061416272885 0.047141161649348666 0.0064616825793911391 -0.092362208741296123 0.20134407659485679 0.15761594921369357 0.016256410679891704 510.50000000000006 484.50000000000006 0.14583928790295117 0.038435077811439407 -0.28189910979228483 -0.13297872340425507 0.048200288046326249 2653.5000000000005 0.1616962636460483 -0.051477868375072837 0.013709851511131426 -0.072131147540983639 3.0610489973715933 0.083832335329341437 -0.16113488232779702 3.5000000000000004 0.12961053524038707 1438.5000000000002 740.50000000000011 5.5000000000000009
decision_type=10 8 10 8 10 8 10 10 10 8 2 2 10 10 10 10 10 2 10 10 10 10 2 10 8 2 10 2 2 2
left_child=1 5 8 17 9 -1 19 14 -2 -5 18 -10 15 21 -8 -13 29 24 -7 -4 -12 -11 27 -9 -3 -22 -24 28 -6 -16
right_child=2 3 6 4 22 10 7 23 11 13 20 12 -14 -15 16 -17 -18 -19 -20 -21 25 -23 26 -25 -26 -27 -28 -29 -30 -31
leaf_value=-0.05783261205159218 -0.041215356786518512 0.023311946906124079 0.061068792005060935 -0.025590887829075988 0.041786939157502041 -0.0033182566839071378 0.035132086877633022 0.035435051293107159 0.024852809435769466 -0.0077389394528370077 -0.040972797435228053 0.016013642907611755 0.046514324108434028 0.0073604820184615324 0.0089135535991477065 -0.00067211983901095792 0.023430503613427838 0.056854376789902517 0.12530639046267789 0.033996416556755234 -0.035301557092848067 -0.018902718436299152 -0.0012879396145486039 0.067580613266574566 -0.0040144142440610483 -0.01765291679953614 0.018106717622963283 0.031148085637408097 -0.01888063997476612 0.043006104178770585
leaf_weight=4383.1960573494434 876.42794668674469 2477.318998247385 2023.7437427341938 8492.9054790884256 266.43055853247643 1326.8786279857159 2740.4481293261051 4370.3334167599678 3653.540294572711 9659.6243638694286 4742.9438360333443 4454.8278908580542 654.90325516462326 2900.2670741230249 13733.432927042246 12055.064004763961 7400.0240694731474 468.13052652776241 42.587320879101753 1543.5543865412474 3214.3411491066217 10341.121648401022 5855.0671398788691 642.27991409599781 1036.3242969214916 3662.1598281115294 1700.0217903703451 1583.9907683879137 536.88254687190056 418.23090696334839
leaf_count=20072 3995 11068 8972 38459 1194 6003 12186 19392 16341 43563 21566 19917 2901 13056 61377 54031 33018 2091 188 6851 14546 46709 26269 2827 4639 16552 7620 7101 2409 1865
internal_value=-3.99041e-05 -0.0149537 0.0170941 -0.00689443 -0.00949887 -0.0359777 0.0238621 0.0207588 0.00683927 -0.0148508 -0.0286026 0.00886232 0.00545873 -0.0108678 0.0168805 0.00383016 0.0145597 0.0201433 0.000681681 0.0493547 -0.0320541 -0.013511 0.00740021 0.039554 0.0152522 -0.0259026 0.00307618 0.0210844 0.00124065 0.00992111
internal_weight=117257 62690.2 54566.8 45318.1 41336.3 17372.1 32872 29304.7 21694.8 31393.9 12988.9 20818.3 17164.8 22901 24292.1 16509.9 21551.7 3981.77 1369.47 3567.3 11619.4 20000.7 9942.39 5012.61 3513.64 6876.5 7555.09 2387.3 803.313 14151.7
internal_count=526778 283105 243673 204178 186380 78927 146488 130665 97185 141787 58855 93190 76849 103328 108446 73948 96260 17798 6191 15823 52664 90272 44593 22219 15707 31098 33889 10704 3603 63242
is_linear=0
shrinkage=0.05


Tree=2
num_leaves=31
num_cat=0
split_feature=13 9 9 38 5 37 5 38 13 7 36 1 0 8 33 33 3 33 8 29 13 37 37 20 0 9 7 7 29 14
split_gain=10556.1 2454.84 2287.49 1763.02 1023.84 928.204 738.294 748.749 719.344 653.121 442.888 457.354 393.412 388.806 320.148 339.423 290.464 283.364 279.576 278.951 270.822 253.921 224.511 217.687 210.585 207.439 200.389 225.235 181.839 176.535
threshold=0.029411557626741195 0.011330640605478849 0.034624165828850202 -0.13106682683091217 -0.13095238095238068 0.052631578947287767 -0.16366867015382866 0.027938850817000652 0.0084900288394299719 -0.16521680918812245 0.99959903769045755 -0.11044900776045395 0.07308331203680031 0.047948626715750071 484.50000000000006 174.50000000000003 -0.11842105263157891 120.50000000000001 0.073773032634435257 -0.083213489124236387 0.0040404040404036102 0.014032900044323006 0.011075658658523226 0.27064808077121488 0.07308331203680031 0.017562547300615905 -0.0033755298299986132 -0.28189910979228483 -0.050844643716172491 1.0000000180025095e-35
decision_type=10 8 10 8 8 10 8 8 10 8 2 10 10 10 2 2 10 2 10 8 10 8 10 10 10 10 10 8 8 10
left_child=1 4 3 16 13 9 23 14 18 -5 11 -4 28 17 15 -8 29 -1 -6 -11 -16 -21 -10 -3 -7 -22 27 -13 -9 -2
right_child=2 6 10 5 8 24 7 12 22 19 -12 26 -14 -15 20 -17 -18 -19 -20 21 25 -23 -24 -25 -26 -27 -28 -29 -30 -31
leaf_value=0.093012617574069353 0.063837622211141101 -0.032770831152879841 0.061786350070307319 0.010324622981622622 -0.062000451478606937 0.016166967212068711 -0.028611247072806895 0.019528973983797788 -0.035816859442055239 0.0098203975652617643 0.060856194312061997 0.035887362594054333 0.08114069828526585 0.040767309713723471 -0.049211537330022107 0.012434501695610068 0.02814161348236759 -0.017948609255739885 -0.01802408535589186 -0.01019422037632382 -0.023297808923320007 0.0011497276068710371 -0.01653496550931002 0.010130255093204275 0.04557177726654852 -0.012699033396048774 0.042299876943323808 0.019703895088447318 -0.0040803831644920024 0.019705608888441795
leaf_weight=60.340198293328285 1285.5257056206465 315.64329233765602 836.24232797324657 11714.380268260837 3499.7998063862324 8808.5047407001257 733.12341399490833 952.95585952699184 7387.6292187720537 3166.6875762492418 941.52073039114475 2566.8540350794792 150.26589326560497 458.47371505200863 761.03215965628624 1609.2565776407719 2312.2820307314396 1238.1997652649879 403.03051844239235 13608.713140428066 10853.206867232919 7737.8849268704653 1897.3844928443432 4677.431801661849 654.09281948208809 8033.868603259325 1365.0203961580992 13237.888862758875 5656.8380564749241 275.09210583567619
leaf_count=271 5634 1443 3666 52304 16378 39219 3313 4269 33909 14126 4119 11258 660 2058 3486 7228 10214 5662 1843 61308 49346 34716 8691 20948 2901 36298 5996 58699 25544 1209
internal_value=-3.34197e-07 -0.0178006 0.0126498 0.00700082 -0.0346707 0.0042553 -0.0103289 -0.013411 -0.0394476 0.000613093 0.0274264 0.0256783 0.00114213 0.00118336 -0.0178848 -0.00041209 0.0393909 -0.0127925 -0.0574592 -0.00402784 -0.0199678 -0.00608218 -0.0318766 0.00741821 0.0181995 -0.0187895 0.0239197 0.0223323 -0.000676544 0.0560584
internal_weight=117199 48688.5 68510.7 49563.2 14944.9 45690.3 33743.6 28750.5 13187.8 36227.7 18947.5 18006 6760.06 1757.01 21990.5 2342.38 3872.9 1298.54 3902.83 24513.3 19648.1 21346.6 9285.01 4993.08 9462.6 18887.1 17169.8 15804.7 6609.79 1560.62
internal_count=526716 221347 305369 221631 68812 204574 152535 130144 60821 162454 83738 79619 30473 7991 99671 10541 17057 5933 18221 110150 89130 96024 42600 22391 42120 85644 75953 69957 29813 6843
is_linear=0
shrinkage=0.05


Tree=3
num_leaves=31
num_cat=0
split_feature=9 9 9 7 38 28 28 20 7 32 19 43 19 37 26 1 43 12 7 28 37 32 32 33 33 7 34 19 33 32
split_gain=9031.18 2260.12 1763.63 1269.25 1162.82 1051.85 1006.06 849.087 844.72 539.708 516.902 403.081 399.937 399.744 380.409 375.875 429.748 375.035 355.135 351.091 375.543 321.016 293.893 345.681 277.381 238.364 235.672 235.504 227.682 312.93
threshold=0.019267172263173326 0.0093143483758825491 0.033934409799104649 -0.27214821043934961 -0.10236308476590299 0.047141161649348666 0.047141161649348666 0.15761594921369357 -0.14044468526017603 3.5000000000000004 -0.081616634723169393 3.5000000000000004 -0.23995518928957396 -0.092362208741296123 0.13700627021845921 -0.12322961228481365 1.5000000000000002 0.049999999999999968 -0.16877904859817086 0.081313210746686806 -0.080358904439692055 4.5000000000000009 8.5000000000000018 2726.5000000000005 3275.5000000000005 -0.18268609352732576 3.1284025735609906 0.050576510133129547 484.50000000000006 5.5000000000000009
decision_type=8 10 10 8 8 10 10 10 8 2 10 2 10 10 10 10 2 10 8 10 10 2 2 2 2 8 2 10 2 2
left_child=1 8 3 13 -3 10 12 -4 11 15 18 -1 25 -2 -13 -9 -17 -10 -5 20 -11 -7 23 -23 -25 -6 -24 -8 -14 -30
right_child=2 4 7 5 6 21 27 9 17 19 -12 14 28 -15 -16 16 -18 -19 -20 -21 -22 22 26 24 -26 -27 -28 -29 29 -31
leaf_value=-0.023242287911069085 0.054360889259117764 0.020497150170531192 -0.042509301446541893 0.0031743557642486143 -0.0089580970657685745 0.0025128407169491378 -0.0055711517795617328 0.077371561512962317 -0.064179802118913817 0.042153956365480721 0.0073121278207711766 0.0020657281127555243 0.010594952203267907 0.021704851159324051 0.093848637832276385 -0.033738170940661845 0.012517666151395369 -0.039033976180740747 -0.011148153879076354 0.040074566834053679 0.019906046914704389 0.019641801045609194 0.028143524564683765 0.057891157861698572 0.0029289919284452414 -0.025640151119987149 0.0025428204814784993 0.012743566705272942 -0.022994780176623209 -0.0056741889986298118
leaf_weight=1318.8310062140226 1297.8707764744759 2684.6759666800499 482.53363606333733 6408.4269234389067 2541.1159950196743 3469.7606366723776 3642.7136521041393 195.87874820828438 1971.9969286620617 2346.5715186744928 10315.111799016595 413.8001587241888 1115.9147650450468 3371.4701623022556 155.24785752594471 575.47411346435547 3940.1825541108847 5977.1899721771479 13332.485175400972 4842.6584298610687 9896.0196201652288 3387.2045779973269 1311.7966611087322 1283.9861675947905 279.53227534890175 13610.47616712749 2856.5266922265291 3387.520316272974 4585.9685443341732 6045.2493250519037
leaf_count=6063 5622 11924 2251 28606 11462 15427 16426 841 9457 10222 46107 1897 5026 14860 698 2540 17368 27989 60265 21149 43605 15031 5821 5672 1246 62427 12698 15171 20904 27529
internal_value=2.65047e-05 -0.0167937 0.0114949 0.00603304 -0.0112131 0.00332321 -0.0136504 0.0230943 -0.0381317 0.0245466 -0.00175887 -0.00806622 -0.0179102 0.0307818 0.027106 0.00956416 0.00662283 -0.045272 -0.00649869 0.0286783 0.0241704 0.0154568 0.0203819 0.0286182 0.0480648 -0.0230156 0.0105995 0.0032538 -0.0108905 -0.0131457
internal_weight=117044 47450.7 69593.5 47314.2 37613.6 42644.8 34929 22279.3 9837.07 21796.8 30056 1887.88 27898.7 4669.34 569.048 4711.54 4515.66 7949.19 19740.9 17085.2 12242.6 12588.8 9119.05 4950.72 1563.52 16151.6 4168.32 7030.23 11747.1 10631.2
internal_count=526304 216973 309331 211355 170869 190873 158945 97976 46104 95725 134978 8658 127348 20482 2595 20749 19908 37446 88871 74976 53827 55895 40468 21949 6918 73889 18519 31597 53459 48433
is_linear=0
shrinkage=0.05


Tree=4
num_leaves=31
num_cat=0
split_feature=10 10 19 13 20 13 38 13 32 28 38 5 32 28 28 28 33 33 32 34 32 32 3 5 32 32 32 28 32 28
split_gain=9078.58 3385.16 1295.63 1091.43 754.927 715.184 640.856 629.821 552.966 542.9 623.67 534.182 490.72 470.308 453.454 334.967 327.12 317.312 255.549 362.915 253.495 303.196 251.001 243.214 234.573 231.914 226.499 229.81 219.523 210.12
threshold=0.023993653059334652 0.013414337655440686 -0.23163828457708149 0.046598714443074653 0.11297776638017075 0.014989682705815115 -0.15918797927950537 0.0059907361153669946 4.5000000000000009 0.032294292656644567 -0.11485662124434635 -0.15416666666666676 4.5000000000000009 0.12204057395378097 0.10022553179885109 0.074793628054823411 1597.5000000000002 430.50000000000006 10.500000000000002 2.8243462428830353 2.5000000000000004 3.5000000000000004 -0.082437275985662847 -0.10824742268041192 3.5000000000000004 9.5000000000000018 5.5000000000000009 -0.072364765293397873 8.5000000000000018 0.062263886424002851
decision_type=10 8 8 10 10 10 10 10 2 10 8 8 2 10 10 10 2 2 2 2 2 2 10 10 2 2 2 10 2 10
left_child=1 5 7 4 -2 -1 -5 -3 20 10 -4 22 -13 24 17 -14 -15 26 25 -20 -6 -22 -9 -23 -8 -19 -10 -28 -16 -7
right_child=3 2 9 6 8 29 13 11 14 -11 -12 12 15 16 28 -17 -18 18 19 -21 21 23 -24 -25 -26 -27 27 -29 -30 -31
leaf_value=-0.051044998275086198 -0.042292583049149693 -0.052088988885965297 0.028589828270776788 0.050223471967136196 0.0073286198527742711 -0.030025790756605122 0.0065266268385320058 0.026195288087275077 0.070328860395323892 0.012036685241769068 -0.0072927756187309775 -0.026765999816287418 -0.013819208807336884 0.017321340115222905 0.04442913867451706 0.010133531874800955 0.045808670856858073 0.0078607055929538535 0.046186046843169098 0.011513589037712985 -0.019499759194406312 0.026903008984001487 -0.0035034457618202705 -0.0083938825811243813 0.020052257975362184 -0.012390248469629869 0.054739736405280806 0.015027923552951381 0.015540257640842634 -0.0052224247666535261
leaf_weight=5152.8995663672686 710.77496738731861 1097.3616194576025 1324.4606924653053 1964.5669282078743 5981.4830566197634 5987.2655114233494 4289.2183605730534 920.09623818099499 278.68018524348736 7695.1754483729601 14129.77105948329 7591.7597870379686 12124.294594362378 1610.8344265967607 1716.2096253335476 1659.3578678816557 2691.5500561594963 9067.8444506376982 958.62521852552891 3547.7790205031633 2610.5634849816561 838.05806018412113 3137.2313592135906 1168.5276451855898 12687.828384593129 1674.8944740891457 450.87898077070713 1897.4278259277344 1066.0859196335077 995.88274367153645
leaf_count=24817 3362 5257 5805 8360 26652 27907 18917 4040 1225 34359 64273 34879 55544 6988 7485 7414 11631 40405 4239 15761 11669 3684 14099 5233 55510 7462 1987 8384 4674 4527
internal_value=-8.02576e-05 -0.0132417 -0.00745857 0.0146554 0.00866088 -0.0369151 0.0228996 -0.0150012 0.00981955 0.00118557 -0.00421756 -0.013401 -0.016558 0.020377 0.014583 -0.0109356 0.0351429 0.0116605 0.00889559 0.0188893 0.000534829 -0.00826648 0.00323145 0.006348 0.016635 0.00470339 0.0277103 0.0226527 0.0333599 -0.0264885
internal_weight=117027 61815.6 49679.5 55211.8 31967.8 12136 23244 26530.1 31257.1 23149.4 15454.2 25432.7 21375.4 21279.4 20658.4 13783.7 4302.38 17876.1 15249.1 4506.4 10598.6 4617.15 4057.33 2006.59 16977 10742.7 2626.99 2348.31 2782.3 6983.15
internal_count=526549 282921 225670 243628 142222 57251 101406 121233 138860 104437 70078 115976 97837 93046 91622 62958 18619 79463 67867 20000 47238 20586 18139 8917 74427 47867 11596 10371 12159 32434
is_linear=0
shrinkage=0.05


Tree=5
num_leaves=31
num_cat=0
split_feature=10 13 9 37 4 28 5 20 5 5 32 37 36 28 37 32 43 10 32 1 28 32 0 10 32 43 37 32 2 32
split_gain=8425.21 3221.18 1166.76 1120.51 1239.94 716.176 850.984 636.776 619.677 477.14 439.708 422.753 367.356 354.168 334.25 295.775 287.718 285.25 267.329 266.105 266.023 239.64 235.771 227.154 183.249 323.869 178.81 176.835 168.978 167.846
threshold=0.023791568291724772 0.022698352083745581 0.0064616825793911391 -0.084731308745541842 0.12365783547387922 0.072051954430458739 -0.15199999999999972 0.15761594921369357 -0.13513068953483456 -0.16113488232779702 4.5000000000000009 0.033249910618492147 0.99959903769045755 0.047141161649348666 -0.073100508592592137 3.5000000000000004 1.0000000180025095e-35 0.039894863554131431 2.5000000000000004 -0.042857142857142864 0.047141161649348666 3.5000000000000004 0.07308331203680031 0.013709851511131426 3.5000000000000004 1.5000000000000002 -0.12944445870017543 8.5000000000000018 3.3306690738754701e-16 6.5000000000000009
decision_type=10 8 8 10 10 10 8 10 10 10 2 10 2 10 10 2 2 10 2 10 10 2 10 10 2 2 10 2 10 2
left_child=1 2 -1 19 7 6 14 -5 16 22 18 15 21 23 -3 -8 -9 20 -10 26 -12 -6 -4 -11 25 -21 -2 -22 -25 -18
right_child=3 5 9 4 12 -7 11 8 10 13 17 -13 -14 -15 -16 -17 29 -19 -20 24 27 -23 -24 28 -26 -27 -28 -29 -30 -31
leaf_value=-0.052009996318967459 0.058624216989611434 0.030764009122722993 -0.0033723515546280856 -0.036163325961044351 0.010141226247060051 0.012215162236919413 -0.023404319848994333 0.048710349416549927 0.0027518724686962552 -0.037344460497219463 0.0023370724666199141 0.0027190192724662653 0.061120809830867734 -0.0091448865616160831 0.0033152232440141977 -0.010177895229020052 0.00966252365897592 0.024361195388378856 -0.014283276296222489 -0.056397938986792864 0.025385628405481444 0.027557952805386789 0.1046442448447284 -0.028887962632408028 0.030947254696268269 0.023188963060024128 0.034503716918766976 0.0055013962993304272 -0.01422284268002915 0.023056760257420903
leaf_weight=4090.2919776290655 1355.6961765885353 1508.9989858716726 2187.8150718063116 826.02554433047771 2565.1265589445829 5748.398162856698 5754.8292602002621 746.02511391043663 5492.323400631547 4937.2883437275887 11512.519291430712 4793.4721564650536 690.97636753320694 2763.8727279752493 4184.9265675097704 15919.529252201319 4618.8350310623646 2556.4228323101997 3965.9860305786133 184.08738109469414 2539.8440801203251 8584.7099600434303 51.712408393621445 5823.3562868833542 1705.3190502077341 418.26774847507477 1773.4801086485386 1997.4843968003988 2964.0493165701628 4738.3600129932165
leaf_count=20294 5730 6549 9953 3948 11247 25484 26588 3251 24463 23583 51204 21549 2927 12690 18764 72915 20308 11135 17788 815 11095 37146 218 27169 7347 1825 7653 8784 13741 20733
internal_value=-5.86427e-05 -0.0129743 -0.0278171 0.01388 0.0115725 -0.00404027 -0.00694567 0.00726942 0.00820939 -0.0225332 0.00438683 -0.010718 0.0257435 -0.0254745 0.0105897 -0.0136897 0.0188277 0.00884904 -0.00439118 0.0354544 0.00637826 0.0235511 -0.000878165 -0.0287629 0.0225734 -0.00113381 0.0449538 0.0166319 -0.0239413 0.0164452
internal_weight=117000 60728.5 22818.4 56271.5 50834.6 37910.2 32161.8 38993.8 38167.8 18728.1 28064.6 26467.8 11840.8 16488.6 5693.93 21674.4 10103.2 18606.3 9458.31 5436.85 16049.8 11149.8 2239.53 13724.7 2307.67 602.355 3129.18 4537.33 8787.41 9357.2
internal_count=526896 279497 107648 247399 224029 171849 146365 172709 168761 87354 124469 121052 51320 77183 25313 99503 44292 82218 42251 23370 71083 48393 10171 64493 9987 2640 13383 19879 40910 41041
is_linear=0
shrinkage=0.05


Tree=6
num_leaves=31
num_cat=0
split_feature=10 10 13 10 20 13 19 38 19 28 1 38 13 7 35 7 28 4 28 38 28 37 28 33 43 33 43 28 7 28
split_gain=7714.59 3025.57 1153.18 962.694 759.653 659.583 576.837 538.944 525.563 517.558 467.396 447.57 446.834 396.343 305 275.22 235.047 234.986 220.7 206.034 202.307 192.978 192.26 181.588 164.552 164.529 162.351 162.092 161.019 184.097
threshold=0.023993653059334652 0.013414337655440686 0.029411557626741195 0.031775644949067185 0.11297776638017075 0.0073509344438391555 -0.19554892707129495 -0.10236308476590299 -0.23163828457708149 0.032294292656644567 -0.10154970553036023 -0.1043061416272885 0.0040404040404036102 -0.016391627180799836 0.088384941539196862 -0.30207933000256204 0.034095117137065679 -0.097115519400947023 0.036104540255125217 -0.14959044928798662 0.072051954430458739 0.062717770034793965 0.15086305538850767 913.50000000000011 1.5000000000000002 534.50000000000011 1.5000000000000002 0.047141161649348666 -0.2030023970006761 0.072051954430458739
decision_type=10 8 10 10 10 10 10 8 8 10 10 10 10 10 10 10 10 10 10 10 10 10 10 2 2 2 2 10 8 10
left_child=1 5 8 6 -5 -1 11 23 12 21 -6 -2 -3 15 18 -12 25 -7 -10 -8 -19 -9 -21 -4 -25 -17 -27 -13 -14 -30
right_child=3 2 7 4 10 17 19 9 14 -11 13 27 28 -15 -16 16 -18 20 -20 22 -22 -23 -24 24 -26 26 -28 -29 29 -31
leaf_value=-0.058926538067363303 0.019895030732048066 -0.052787163671475193 0.005475573773319079 -0.042680482483172966 0.055382174788036309 0.012099315370215569 0.04184934798368576 -0.0094431098895849802 -0.010406961563114062 0.0088517548377701483 0.030979692142286998 -0.0056893849594015656 -0.0034562580335766725 0.040359560499195292 0.10281352942303496 0.025130099466939254 0.022518700390711875 -0.033394960130848153 0.0065956413254390119 0.011551035028992058 -0.010036264052911921 0.01194094390084212 0.032658470767814633 0.068228740609507871 0.025030233905236822 -0.01562402724555185 0.010274122274232446 0.0068115439234988362 -0.021500071344701915 -0.00022086431094587089
leaf_weight=2328.6439757794142 2634.0724985152483 971.90229503810406 1098.5886232554913 468.55516609549522 982.45813843607903 331.85416835546494 680.01082301139832 12290.881982684135 7356.2486176043749 7407.5891249477863 3541.4241991490126 10441.122379899025 1730.4409609884024 2218.9555317759514 64.823648989200592 1760.7302248775959 7645.3580471873283 8123.4497363716364 2577.2571484744549 11207.950606763363 1046.3390448391438 1154.1013596504927 1193.7521334439516 258.58813546597958 1494.6112733930349 650.70681765675545 8641.7385890483856 3449.8817183077335 11937.383996784687 1111.0255101770163
leaf_count=11938 11410 4852 4791 2284 4139 1530 2873 56291 33928 32862 15166 46744 7794 9448 271 7690 33079 39094 11601 49222 4835 5162 5107 1118 6494 2875 37948 15121 55881 5011
internal_value=-0.000133472 -0.0123639 -0.00693018 0.0133675 0.0204057 -0.0350784 0.00720808 0.00102749 -0.0142559 -0.00176059 0.0215676 0.000998507 -0.0199473 0.0202094 -0.00529016 0.0181989 0.0157783 -0.0292337 -0.00599562 0.0150521 -0.0307296 -0.00760753 0.0135828 0.0214143 0.0314018 0.011116 0.0084606 -0.00258473 -0.0177876 -0.0196882
internal_weight=116800 61283.7 49453.4 55516.7 25909.9 11830.3 29606.8 23704.4 25749.1 20852.6 25441.4 16525.1 15750.8 24458.9 9998.33 22240 18698.5 9501.64 9933.51 13081.7 9169.79 13445 12401.7 2851.79 1753.2 11053.2 9292.45 13891 14778.9 13048.4
internal_count=526559 283453 226056 243106 112629 57397 130477 106718 119338 94315 110345 73275 73538 106206 45800 96758 81592 45459 45529 57202 43929 61453 54329 12403 7612 48513 40823 61865 68686 60892
is_linear=0
shrinkage=0.05


Tree=7
num_leaves=31
num_cat=0
split_feature=10 9 10 13 20 19 13 1 32 38 38 33 33 32 32 32 35 7 33 33 8 10 33 32 33 33 36 32 33 33
split_gain=6919.75 2260.78 1525.25 768.704 745.17 710.416 640.211 534.351 545.168 457.364 434.502 369.378 821.535 416.613 363.039 338.299 337.833 324.38 282.125 283.944 239.573 238.124 206.585 201.138 238.761 198.381 195.298 194.874 190.512 185.748
threshold=0.021166671795789044 0.01118863687925393 0.028688052115434085 0.0084900288394299719 0.11297776638017075 -0.047342210781870085 0.025103015925740314 -0.080645161290322551 3.5000000000000004 -0.096970250550842393 -0.10059213338325677 3261.5000000000005 2848.5000000000005 8.5000000000000018 2.5000000000000004 4.5000000000000009 0.088384941539196862 -0.020927111826798846 350.50000000000006 374.50000000000006 0.26158038147138968 0.013557177103296255 430.50000000000006 9.5000000000000018 1025.5000000000002 3334.5000000000005 0.99959903769045755 4.5000000000000009 3352.5000000000005 682.50000000000011
decision_type=10 8 10 10 10 10 10 10 2 8 10 2 2 2 2 2 10 8 2 2 10 10 2 2 2 2 2 2 2 2
left_child=1 3 5 -1 -4 10 16 -6 14 -8 -2 12 18 -14 -9 17 27 -11 -10 -20 -12 -5 -21 24 29 -13 -24 -3 -27 -17
right_child=2 6 4 21 7 -7 9 8 11 15 20 25 13 -15 -16 23 -18 -19 19 22 -22 -23 26 -25 -26 28 -28 -29 -30 -31
leaf_value=-0.05410100813333827 0.013675165614339192 -0.025884720656903438 -0.039771078360339857 -0.032363953164658052 0.04208991846597792 0.011561930680585355 0.017798879374850078 0.011769227795119269 0.030957591555709364 -0.0206724647781312 -0.0087663682333217804 -0.019018471488100208 0.055592872630260817 0.023396114745533863 -0.011762001047002306 0.0072813602003912381 0.098410837364811266 0.008219658904512402 -0.02308517988815199 0.040064871495722743 0.0091186742007218404 -0.016081662600527725 0.013338614011326534 -0.0081570095987791701 -0.0010107292145831663 0.0652251381359885 0.041832035534539215 -0.013021998125829985 0.0055535927248196379 0.038264697464418691
leaf_weight=3200.8646645396948 3136.3665036857128 4472.9013814926147 565.3708236515522 5474.6390687227249 2176.7146512717009 12850.198457762599 2381.8683309853077 6105.0846493244171 3278.5658127814531 4989.2199907451868 15137.55668336153 815.62825319170952 2420.9561183303595 1717.5188727527857 2240.6717754602432 1284.5671411901712 63.257254108786583 1206.3879145532846 478.87926253676414 843.50114257633686 2136.6842191666365 3806.9746745377779 13606.747767880559 5467.0262749642134 5491.3444253951311 150.61674682796001 629.18609692156315 8618.0739657729864 1195.2146067768335 775.93238797783852
leaf_count=16758 13620 21045 2796 26882 9180 56612 10431 26703 14075 23096 68721 3536 10333 7383 9932 5799 260 5429 2058 3630 9502 17934 59062 24929 24878 647 2675 40186 5197 3520
internal_value=4.59728e-05 -0.0147202 0.0100834 -0.0329721 0.0171817 0.00235249 -0.00816414 0.0180847 0.0165241 -0.00286759 -0.00344563 0.0202003 0.0220594 0.0422308 0.00545155 -0.00542945 -0.0168599 -0.0150467 0.0176277 0.0148188 -0.00655413 -0.0256856 0.0160225 -0.000852657 0.0044352 0.000439393 0.0145979 -0.0174169 0.0122316 0.0189489
internal_weight=116719 47233.1 69485.5 12482.5 36224.7 33260.8 34750.6 35659.3 33482.6 21596.3 20410.6 25136.8 22975.4 4138.47 8345.76 19214.5 13154.2 6195.61 18836.9 15558.3 17274.2 9281.61 15079.4 13018.9 7551.84 2161.46 14235.9 13091 1345.83 2060.5
internal_count=526809 221147 305662 61574 157207 148455 159573 154411 145231 98082 91843 108596 99216 17716 36635 87651 61491 28525 81500 67425 78223 44816 65367 59126 34197 9380 61737 61231 5844 9319
is_linear=0
shrinkage=0.05


Tree=8
num_leaves=31
num_cat=0
split_feature=10 13 10 37 28 38 28 20 10 37 33 13 32 33 43 10 5 33 1 14 5 38 1 33 13 37 43 43 1 32
split_gain=6286.27 2595.23 973.502 884.182 1015.8 639.392 830.694 517.413 448.208 417.578 378.067 341.564 335.214 290.927 282.178 280.852 265.763 247.78 204.731 220.143 202.091 212.201 196.884 196.715 196.257 191.601 187.641 187.246 184.693 184.417
threshold=0.023993653059334652 0.022054958466155395 0.011297414200273513 -0.080358904439692055 0.10022553179885109 -0.10236308476590299 0.032294292656644567 0.11297776638017075 0.032434883788353748 0.0036014405761943817 1597.5000000000002 0.0017404590294615274 4.5000000000000009 3261.5000000000005 4.5000000000000009 0.016256410679891704 -0.16113488232779702 2653.5000000000005 -0.071729957805907116 1.0000000180025095e-35 -0.11545293072824118 0.065612859060246623 0.094488188976378132 133.50000000000003 0.0040404040404036102 0.05743536148036766 1.5000000000000002 1.0000000180025095e-35 0.0029542738304583209 4.5000000000000009
decision_type=10 8 8 10 10 8 10 10 10 8 2 10 2 2 2 8 8 2 10 10 10 10 10 2 10 10 2 2 8 2
left_child=1 2 24 18 7 17 15 -5 12 11 14 -4 23 -12 -6 -7 26 -3 -2 -20 27 -22 -11 -9 -1 -17 -13 -14 29 -8
right_child=3 5 9 4 10 6 28 8 -10 22 13 16 20 -15 -16 25 -18 -19 19 -21 21 -23 -24 -25 -26 -27 -28 -29 -30 -31
leaf_value=-0.058463460970496095 0.043568633970517523 0.010632210076719982 -0.049104500178419712 -0.03737473833767796 0.020208163800941863 -0.020700581620878705 -0.016684705997569604 0.033591263675951145 0.013774698671483926 -0.0064440721602056876 0.038049403141322879 0.057586199524213538 0.064972515022492419 -0.0054094928010456423 -0.013120701107623298 -0.0095372912556187794 -0.024053778390437687 0.049127323640647202 0.033543097634900119 0.010030481644957697 -0.00081015404789602178 0.014422185598488478 0.087844962799466714 -0.0066910986707001798 -0.037596796876163463 0.0099403806833204718 -0.0061905234435227349 0.013765705341021625 0.011226073366057169 0.0041009828511426125
leaf_weight=1606.3204017281532 1922.5731510668993 3549.3253736197948 1207.3578872531652 661.79257503151894 3271.1924349665642 5813.4514967650175 1458.3872203081846 314.95727933943272 15753.494656935334 3890.843212261796 4511.691273227334 127.75402492284775 185.66275699436665 421.03111128509045 788.06493274867535 16983.339801192284 9053.4021331518888 473.82144314050674 2401.1181443482637 1700.5530671626329 8066.9444724917412 3190.7778904289007 56.163105428218842 8032.629345074296 3774.9849940240383 1363.9972370266914 1185.9325212836266 4642.84498013556 6044.3576281666756 3977.4892641603947
leaf_count=8743 8004 15454 6304 3315 13962 27566 6618 1373 68212 18338 19044 575 792 1813 3382 78543 43398 2035 10265 7254 35801 13846 231 35785 19028 6084 5441 20252 26829 17815
internal_value=-8.46466e-05 -0.0112426 -0.0254999 0.0120123 0.00982543 -0.00372906 -0.00586192 0.00647641 0.00719854 -0.0191463 0.0250395 -0.0239355 0.00295861 0.03434 0.0137377 -0.0111237 -0.0210043 0.0151659 0.0301054 0.0237948 0.00717741 0.00350715 -0.00510241 -0.00517123 -0.0438255 -0.00808926 1.16662e-05 0.0157347 0.00521185 -0.00147559
internal_weight=116432 60566.9 20902.8 55865.3 49841.1 39664.2 35641 40849.1 40187.3 15521.5 8991.98 11574.4 24433.8 4932.72 4059.26 24160.8 10367.1 4023.15 6024.24 4101.67 16086.2 11257.7 3947.01 8347.59 5381.31 18347.3 1313.69 4828.51 11480.2 5435.88
internal_count=526102 283002 102058 243100 217577 180944 163455 179376 176061 74287 38201 55718 107849 20857 17344 112193 49414 17489 25523 17519 70691 49647 18569 37158 27771 84627 6016 21044 51262 24433
is_linear=0
shrinkage=0.05


Tree=9
num_leaves=31
num_cat=0
split_feature=9 5 9 7 4 19 8 2 8 8 38 33 32 32 20 33 33 33 2 32 37 9 32 32 20 11 20 7 32 32
split_gain=5180.55 1621.07 1365.27 1108.86 1374.61 582.33 570.083 403.457 350.645 348.811 354.707 347.36 333.787 300.147 294.662 291.907 294.115 278.101 265.333 255.651 245.657 228.372 171.025 167.498 163.688 162.383 159.914 156.68 154.192 231.439
threshold=0.019267172263173326 -0.13095238095238068 0.0093143483758825491 -0.28189910979228483 0.13068456833582667 -0.081616634723169393 0.13461538461538472 -0.075949367088607597 1.0000000180025095e-35 0.11824758563190442 -0.12254006005442196 120.50000000000001 4.5000000000000009 5.5000000000000009 0.15761594921369357 484.50000000000006 444.50000000000006 3275.5000000000005 0.11243791734987309 4.5000000000000009 -0.10676208150818899 0.039393053103695584 2.5000000000000004 3.5000000000000004 0.48563246970739421 1.0977874719631384 0.22476048457406192 -0.13631379435515203 1.5000000000000002 4.5000000000000009
decision_type=8 8 10 8 10 10 10 10 10 10 10 2 2 2 8 2 2 2 10 2 10 10 2 2 10 8 10 8 2 2
left_child=1 9 8 7 5 12 13 -2 -3 10 -1 -12 20 15 -14 16 19 -10 23 -4 -5 25 27 -6 -15 -16 -9 -22 -8 -30
right_child=3 2 6 4 18 -7 28 26 17 -11 11 -13 14 24 21 -17 -18 -19 -20 -21 22 -23 -24 -25 -26 -27 -28 -29 29 -31
leaf_value=0.029264073690136252 0.04506185283406075 -0.051274615612023469 -0.017642466677097006 0.01891647003145551 0.0044859605348594924 0.00977111065821238 0.020543145680715857 -0.030711652150216519 -0.023008038748003719 0.044257568246994033 0.060885722872756266 -0.0026682447325080739 -0.035932503385570434 -0.02683323690029267 0.0049953506135380901 -0.025908519679230208 0.066636724803122077 -0.051102842892800752 0.031390122615583833 0.075617385272277821 0.0053605883156329767 0.016379633542643258 -0.018604497741622299 0.019527349369537206 -0.0094172984814360691 -0.0043599111086829031 0.02073763343612969 -0.012596574780118056 -0.019539705287937737 0.0035383788195967785
leaf_weight=1175.8366601616144 2072.9531018435955 2549.3335040211678 780.8312413841486 720.21892954409122 2444.9036426544189 16946.394286289811 834.08936755359173 155.18597213923931 4290.8672055602074 576.55617202818394 222.46586906909943 6404.500145688653 506.07996831834316 1524.6153121590614 10147.35189332068 8764.3222618401051 151.68157617747784 1108.3460805118084 3793.3031620085239 81.118962541222572 2093.5568162798882 2659.0715453475714 4373.4638053923845 7617.5374159216881 11723.686952114105 8543.8565581142902 5641.7507900744677 2893.7209591120481 1470.7240056395531 4156.9237529337406
leaf_count=5083 8589 13875 3651 3146 10657 74373 3756 754 21501 2509 978 29419 2530 7319 44796 41690 694 5769 16041 368 9292 11399 19899 32532 54839 38568 23963 13155 6806 18819
internal_value=-5.71705e-05 -0.0131507 -0.0176003 0.00843876 0.0062196 0.00227936 -0.0126429 0.0261302 -0.0359915 0.00672879 0.00395576 -0.000534751 -0.00169586 -0.0163257 0.00177564 -0.0229705 0.00243262 -0.0287753 0.0201209 -0.00886569 -0.00922237 0.00266946 -0.0113874 0.0158727 -0.0114215 0.000719008 0.0193603 -0.00505853 0.000480688 -0.00249283
internal_weight=116425 45815.9 37436.5 70609.3 62739.5 48883.7 29488 7869.89 7948.55 8379.36 7802.8 6626.97 31937.3 23026.3 21856.4 9777.95 1013.63 5399.21 13855.7 861.95 10081 21350.3 9360.74 10062.4 13248.3 18691.2 5796.94 4987.28 6461.74 5627.65
internal_count=526770 217076 179087 309694 276388 217158 137942 33306 41145 37989 35480 30397 142785 108561 97293 46403 4713 27270 59230 4019 45492 94763 42346 43189 62158 83364 24717 22447 29381 25625
is_linear=0
shrinkage=0.05


Tree=10
num_leaves=31
num_cat=0
split_feature=13 10 10 19 38 28 32 13 13 33 33 7 32 43 10 43 0 1 32 19 10 33 33 38 3 33 33 5 33 32
split_gain=5190.29 1837.51 1682.15 629.575 587.351 669.294 544.967 453.864 421.193 375.701 884.601 366.66 356.11 316.474 300.355 284.551 278.391 277.62 352.392 272.946 255.284 244.462 225.564 215.562 196.561 182.816 178.221 208.773 172.529 171.093
threshold=0.025718336064688138 0.026663318319092851 0.013709851511131426 -0.23995518928957396 -0.09531147106062908 0.048200288046326249 3.5000000000000004 0.0073509344438391555 0.0017404590294615274 3261.5000000000005 2813.5000000000005 -0.27214821043934961 8.5000000000000018 3.5000000000000004 0.02655595490789333 1.5000000000000002 0.083832335329341437 -0.11044900776045395 2.5000000000000004 0.31864727812296778 0.025927770273795041 3304.5000000000005 2653.5000000000005 -0.09531147106062908 -0.041020412890399698 3334.5000000000005 521.50000000000011 -0.038759689922480405 2696.5000000000005 4.5000000000000009
decision_type=10 10 8 8 8 10 2 10 10 2 2 10 2 2 8 2 10 10 2 8 10 2 2 10 10 2 2 8 2 2
left_child=2 4 7 8 22 19 17 -1 -4 10 11 15 -12 26 -15 -8 -13 -3 23 -6 29 -11 -2 -19 -23 -9 27 -5 -24 -10
right_child=1 6 3 13 5 -7 9 25 20 21 12 16 -14 14 -16 -17 -18 18 -20 -21 -22 24 28 -25 -26 -27 -28 -29 -30 -31
leaf_value=-0.053986811301916827 0.010738403376040382 0.053180470835643569 -0.038387159337599279 0.034329949427650712 -0.010620048201302898 0.0080588793334267807 0.059103968768806747 -0.024872558340268826 -0.02366853653027861 -0.026332541789642713 0.050854411783804468 0.011234992840941076 0.023315816821074448 0.004084623357853384 0.036168047973978289 0.023343937846283774 0.043638088266914628 0.033839256468573234 -0.012620342574014558 0.00048907942311208932 0.00038256482280532979 0.027666880155809565 0.11321559721304469 0.0058767714455584073 -0.0035782387790972781 -0.047859392987443156 -0.014588602502520294 -0.0085572466513316545 0.032273571050884728 -0.01120159770948507
leaf_weight=2132.1154472976923 4790.1726292073727 285.44186151027679 1731.4480867236853 461.88324336707592 17275.054498836398 10274.295352905989 658.56357043981552 6606.1138839423656 4290.6043649166822 645.53861536085606 2813.4997285455465 16824.476759076118 2014.44972422719 3998.8992173820734 892.24387788772583 3582.2262609601021 690.04654873907566 775.40720428526402 2587.3210904896259 8131.8354667276144 3122.1428066194057 835.64908361434937 72.742719516158104 6201.2032189965248 1265.8136987090111 995.2725675702095 3242.4409987330437 735.83645880222321 693.21899047493935 7674.5821983963251
leaf_count=12144 20718 1167 8887 2046 80024 45092 2733 33191 20575 2802 11769 72363 8538 18464 3879 15004 2875 3297 11458 36875 13872 3564 311 27016 5465 5127 15079 3372 2969 36190
internal_value=-4.37411e-05 0.00701211 -0.0158563 -0.00925156 -0.00035498 -0.00270971 0.0147661 -0.0336005 -0.0150303 0.0181833 0.0200024 0.0157057 0.039364 0.00116401 0.00993729 0.0288972 0.0125116 0.00459007 0.00313986 -0.00706441 -0.0123498 0.000579449 0.0147669 0.00898463 0.00884642 -0.0278823 -0.00850037 0.00798158 0.0399606 -0.0156721
internal_weight=116301 80417 35883.6 26150.1 41237.3 35681.2 39179.6 9733.5 16818.8 29330.3 26583.3 21755.3 4827.95 9331.3 4891.14 4240.79 17514.5 9849.37 9563.93 25406.9 15087.3 2747 5556.13 6976.61 2101.46 7601.39 4440.16 1197.72 765.962 11965.2
internal_count=526866 354040 172826 122364 185989 161991 168051 50462 79524 125113 113282 92975 20307 42840 22343 17737 75238 42938 41771 116899 70637 11831 23998 30313 9029 38318 20497 5418 3280 56765
is_linear=0
shrinkage=0.05


Tree=11
num_leaves=31
num_cat=0
split_feature=10 10 9 20 1 20 32 5 28 43 0 38 28 32 38 5 33 33 32 33 32 33 33 43 33 0 28 0 5 3
split_gain=4843.24 2055.37 937.23 652.214 551.621 508.142 508.755 471.018 604.803 444.009 410.835 397.322 404.922 345.78 292.453 325.549 287.814 635.568 372.237 257.339 308.023 246.109 221.739 214.408 204.754 197.001 190.515 195.452 190.065 185.654
threshold=0.016256410679891704 0.027353912435862819 0.0060313878924530022 0.55925329758152298 -0.074242706457777127 0.11297776638017075 3.5000000000000004 -0.18472669114172521 0.073425678377250309 1.5000000000000002 0.083832335329341437 -0.088790911624815824 0.047141161649348666 2.5000000000000004 0.033530514923950434 -0.047368421052632385 3261.5000000000005 2848.5000000000005 8.5000000000000018 350.50000000000006 10.500000000000002 374.50000000000006 941.50000000000011 2.5000000000000004 2863.5000000000005 -0.040356934747753363 0.073425678377250309 0.094908430597202234 -0.081481481481481197 -0.13000000000000003
decision_type=8 10 10 8 10 10 2 8 10 2 10 10 10 2 8 8 2 2 2 2 2 2 2 2 2 10 8 10 10 10
left_child=2 3 -1 25 29 -6 13 9 14 -5 16 -4 28 -7 15 -9 17 19 24 -8 21 -21 -11 -18 -19 -2 27 -16 -13 -3
right_child=1 4 11 7 5 6 10 8 -10 22 -12 12 -14 -15 26 -17 23 18 -20 20 -22 -23 -24 -25 -26 -27 -28 -29 -30 -31
leaf_value=-0.048944277782179635 0.040305223128019693 0.050212083344426145 0.010103977422434837 0.049615063387003618 -0.035741268647431004 0.0079964386368770943 0.02458689786780803 -0.0014196130356553273 0.012117859392304579 -0.0044673189989572889 0.04446276431320665 -0.013499068547210788 -0.0043964065332013835 -0.013516690405128262 0.0044259779391923907 -0.01356258292333176 0.011976410285904869 0.088737192790655492 0.015797657759727649 -0.030821012405279472 0.020401588791359813 0.0069761802789997194 0.017241686982049462 -0.017535625903668303 0.041131465692570347 -0.014414707004282049 -0.020861132776057709 0.061250162430378653 -0.027335499029565426 0.024240214519335137
leaf_weight=2792.2068282663822 167.40014818310738 1107.011936917901 1192.3693312555552 770.28808750212193 559.75551815330982 6956.9450213313103 3556.4007554799318 11645.027975440025 7097.50631031394 1923.5642942339182 1179.1986345201731 3336.0088097304106 3390.7278271466494 2553.3341659009457 8510.7895967513323 10493.214728489518 1303.0400900691748 251.01935647428036 1740.1465993225574 446.80519245564938 4919.8676390498877 11928.371970072389 3027.6889569610357 1166.2722323685884 2254.1657223105431 9433.2906025052071 748.18528093397617 154.06538209319115 9694.7342932075262 1818.2142325490713
leaf_count=16030 743 4518 5412 3272 2944 30202 15045 53452 30938 8415 4866 16341 15784 11404 38260 48904 5612 1055 7369 1917 21025 51303 13232 5092 9356 44249 3461 655 48318 7632
internal_value=8.42554e-05 0.0047993 -0.022031 -0.00164434 0.013131 0.0115531 0.0122451 0.000912419 -0.00106971 0.0143016 0.0155617 -0.0177646 -0.0197881 0.00222056 -0.00403627 -0.00717521 0.0143254 0.0159279 0.0335621 0.0123376 0.0098188 0.00561151 0.00880773 -0.00196232 0.0459016 -0.0134606 0.00334611 0.00543634 -0.0237932 0.0340689
internal_weight=116118 95711.6 20406 53971 41740.5 38815.3 38255.6 44370.3 38648.8 5721.54 28745.3 17613.8 16421.5 9510.28 31551.3 22138.2 27566.1 25096.8 4245.33 20851.4 17295 12375.2 4951.25 2469.31 2505.19 9600.69 9413.04 8664.85 13030.7 2925.23
internal_count=526806 424921 101885 245581 179340 167190 164246 200589 175670 24919 122640 85855 80443 41606 144732 102356 117774 107070 17780 89290 74245 53220 21647 10704 10411 44992 42376 38915 64659 12150
is_linear=0
shrinkage=0.05


Tree=12
num_leaves=31
num_cat=0
split_feature=13 13 13 37 7 8 32 32 38 28 7 8 28 28 32 32 33 38 33 38 33 33 32 2 33 33 26 32 9 33
split_gain=4509.12 1194.57 1041.07 637.175 625.087 558.824 458.963 442.642 441.309 422.36 482.55 413.241 255.125 252.742 249.819 256.047 392.388 248.669 243.742 239.956 236.191 201.594 194.97 230.21 189.805 284.066 187.475 186.245 181.97 179.97
threshold=0.025718336064688138 0.044247015794322851 0.0017404590294615274 -0.095477386934721284 -0.19995800083998314 0.076880958843941541 3.5000000000000004 2.5000000000000004 0.20134407659485679 0.10022553179885109 -0.15816143135902813 0.054457399173224348 0.073425678377250309 0.010827658085253071 3.5000000000000004 5.5000000000000009 2953.5000000000005 -0.09531147106062908 510.50000000000006 0.073215939516625653 740.50000000000011 696.50000000000011 1.5000000000000002 0.010261847802595094 430.50000000000006 653.50000000000011 0.08560977559831566 8.5000000000000018 0.023493161328749262 293.50000000000006
decision_type=10 10 8 8 8 10 2 2 10 10 8 8 10 8 2 2 2 8 2 10 2 2 2 10 2 2 10 2 8 2
left_child=2 6 11 -3 18 20 7 17 14 10 24 -1 -7 -13 -5 16 29 -2 -4 -12 21 -6 23 -19 -8 -26 -22 -11 -24 -16
right_child=1 3 4 8 5 12 9 -9 -10 27 19 13 -14 -15 15 -17 -18 22 -20 -21 26 -23 28 -25 25 -27 -28 -29 -30 -31
leaf_value=-0.050690824651906476 0.029281256997444927 0.033081961480426504 0.029043049132597056 -0.00078113787226279563 -0.010840948117732008 -0.0088083275419000833 0.024829776276734446 -0.020594210058193091 0.024294270141468635 0.02936599057633878 -0.0051509013041264422 -0.029388222798885446 0.012510413081590436 0.022964700302125135 0.038267875550271314 0.0083249815347234257 0.057573193930528704 -0.0064486166140791078 -0.00036016114203120061 0.0098440400180719867 -0.03227650844296219 0.043455634611710675 -0.020423412055289095 0.017538582444243792 -0.01446996212996994 0.010747297444678117 -0.019332964306404497 0.0065321898959965034 0.0019227317509318519 0.00914092847691933
leaf_weight=2610.191810682416 653.76165017485619 3790.0181947499514 870.53151565790176 5609.1350445449352 3048.3979085981846 7720.2788568884134 1889.4162734746933 3967.2196536064148 5383.7916172742844 2246.6070710420609 15449.483492210507 813.72806237637997 1715.1293544471264 321.66376069188118 675.76517345011234 15228.806574225426 669.4277016967535 2128.7983062714338 3702.7494774907827 3224.8904852718115 3805.093184158206 181.10745689272881 2170.2598938196898 1886.7547693103552 1277.8522347658873 8859.2974833101034 10565.1643037498 1482.2266337573528 1570.1563389152288 2464.2793489247561
leaf_count=15191 2807 15710 3786 24728 14555 36526 8111 18324 22410 9523 70727 4057 7720 1492 2875 65531 2844 9647 16615 14124 19928 885 10103 8369 5597 38805 51845 6380 6999 10684
internal_value=7.56674e-05 0.00660392 -0.0148126 0.0137636 -0.011859 -0.0147509 0.00143055 -0.00682726 0.0113256 0.0043991 0.00246911 -0.0397374 -0.0049331 -0.0145563 0.00849278 0.0112251 0.0228186 -0.000332824 0.00523679 -0.00256141 -0.0200144 -0.00779605 -0.00282904 0.00482205 0.0102803 0.0075685 -0.0227603 0.0202895 -0.0110429 0.0154093
internal_weight=115982 80627.9 35354 33821.2 31608.5 27035.2 46806.7 12377 30031.2 34429.8 30700.9 3745.58 9435.41 1135.39 24647.4 19038.3 3809.47 8409.73 4573.28 18674.4 17599.8 3229.51 7755.97 4015.55 12026.6 10137.1 14370.3 3728.83 3740.42 3140.04
internal_count=526898 354298 172600 144782 151860 131459 209516 56249 129072 153267 137364 20740 44246 5549 106662 81934 16403 37925 20401 84851 87213 15440 35118 18016 52513 44402 71773 15903 17102 13559
is_linear=0
shrinkage=0.05


Tree=13
num_leaves=31
num_cat=0
split_feature=10 10 13 19 20 32 38 5 28 28 37 32 13 28 32 1 19 28 37 43 5 32 10 32 37 7 43 32 32 28
split_gain=4201.37 1748.96 882.396 724.648 480.496 451.53 368.064 359.025 325.847 317.803 422.95 311.115 292.659 266.867 239.155 352.301 225.803 218.461 310.235 215.699 186.164 164.376 182.544 162.421 161.215 149.552 142.658 237.743 195.159 135.555
threshold=0.016256410679891704 0.026663318319092851 0.0093908991189175384 -0.18605707138624991 0.069576914817035027 3.5000000000000004 -0.080234340526977241 -0.15416666666666676 0.072051954430458739 0.10022553179885109 -0.080358904439692055 4.5000000000000009 0.011377919685116597 0.077993082895717963 2.5000000000000004 -0.12322961228481365 -0.63664260321398747 0.022034480513234787 -0.073100508592592137 1.5000000000000002 -0.14978438260934226 3.5000000000000004 0.011297414200273513 10.500000000000002 -0.073100508592592137 -0.018724529360326033 5.5000000000000009 7.5000000000000009 7.5000000000000009 -0.10378408588887834
decision_type=8 10 10 8 10 2 10 8 10 10 10 2 10 10 2 10 10 10 8 2 10 2 10 2 10 10 2 2 2 10
left_child=2 3 -1 7 -3 14 -4 19 21 10 29 -9 -13 -14 24 -16 23 18 -5 -2 -18 -8 -23 -12 -6 -22 28 -28 -11 -7
right_child=1 4 6 17 5 9 8 11 -10 26 16 12 13 -15 15 -17 20 -19 -20 -21 25 22 -24 -25 -26 -27 27 -29 -30 -31
leaf_value=-0.046990456403439282 0.032387503829912206 -0.039278969943766298 0.007177239188862471 0.024396082404126784 0.028456161571452334 0.045811270517899828 -0.031003091423839352 -0.018176707259933374 -0.00026322689866186717 0.038843754945323772 -0.0018257598873906242 -0.034441370085085396 -0.0068476062118995873 0.013522405606255897 0.069722457336754626 -0.012036496817606082 0.023485823655140309 0.010334050571408284 -0.0019390078455433103 0.00071499457935706541 0.0084371879151343924 -0.029729123471567011 -0.014478201146453488 0.014462365257225385 0.0054538244474359315 0.025680499586422063 -0.031947241142731876 0.022736404015870317 0.019840108412862444 0.023045301698602742
leaf_weight=2784.7418489456177 608.41138522326946 460.3507764339447 1480.8939042836428 1230.366833627224 853.35580469667912 849.09467242658138 3511.9221336245537 7862.5389004945755 2041.6365366280079 2376.251830264926 5288.930421769619 845.90555948019028 12177.988662734628 1852.4612266868353 137.85875214636326 2978.2780708670616 3577.4317857921124 9568.8563225418329 12278.436578780413 4615.7435965240002 10565.039803028107 2654.6790721863508 7520.3908468931913 2153.7851749062538 7094.5512092262506 1427.3309375941753 276.45985095202923 707.21619035303593 3131.2372035980225 2843.630214497447
leaf_count=16698 2596 2508 6797 5246 3583 3483 17867 37538 9414 9767 22964 4478 56765 8093 554 13352 15153 41963 55976 20531 45453 14035 36906 9232 30790 5967 1158 2909 13032 11768
internal_value=-3.17266e-05 0.0043209 -0.0208784 -0.00200411 0.0115398 0.0120683 -0.0166531 -0.00741637 -0.0188968 0.0149838 0.0125719 -0.010132 -0.0058801 -0.00415812 0.00332062 -0.00841946 0.0100513 0.00455389 0.000459563 0.00440361 0.0134756 -0.0216763 -0.0184572 0.00288772 0.00792355 0.0104895 0.0249068 0.00736769 0.0280394 0.02828
internal_weight=115756 95761.5 19994.3 51040.7 44720.8 44260.5 17209.5 27963 15728.6 33196.4 26705.2 22738.9 14876.4 14030.4 11064 3116.14 23012.5 23077.7 13508.8 5224.15 15569.8 13687 10175.1 7442.72 7947.91 11992.4 6491.17 983.676 5507.49 3692.72
internal_count=526576 424859 101717 233186 191673 189165 85019 130001 78222 140886 114020 106874 69336 64858 48279 13906 98769 103185 61222 23127 66573 68808 50941 32196 34373 51420 26866 4067 22799 15251
is_linear=0
shrinkage=0.05


Tree=14
num_leaves=31
num_cat=0
split_feature=10 10 13 19 5 20 32 1 19 28 38 28 13 36 38 28 32 33 33 12 38 32 33 43 43 33 5 33 34 33
split_gain=3768.18 1610.2 842.378 832.586 436.366 396.235 333.378 331.476 332.34 308.868 302.967 318.837 229.748 222.271 201.184 218.179 198.224 189.171 244.839 177.743 176.301 169.286 157.357 196.709 187.681 243.639 155.751 154.957 152.713 145.657
threshold=0.016256410679891704 0.028817639307220731 0.012836076653847289 -0.035994971608376988 -0.23926380368098135 0.069576914817035027 4.5000000000000009 -0.095076194874162953 0.10421780995539751 0.032294292656644567 -0.077548315818480748 0.072051954430458739 0.011377919685116597 0.99959903769045755 -0.12254006005442196 0.0075699912598286966 3.5000000000000004 3261.5000000000005 2967.5000000000005 0.049999999999999968 0.18532481836021689 2.5000000000000004 280.50000000000006 1.0000000180025095e-35 1.0000000180025095e-35 323.50000000000006 -0.12903225806451593 3304.5000000000005 4.0698807254103899 280.50000000000006
decision_type=8 10 10 10 8 10 2 10 10 10 10 10 10 2 8 8 2 2 2 10 8 2 2 2 2 2 8 2 2 2
left_child=2 3 19 4 -2 -3 20 -7 16 12 -4 -12 -8 -10 -5 -16 21 18 22 -1 26 -9 23 -18 -24 -26 -6 -19 -20 -11
right_child=1 5 10 14 6 7 9 8 13 29 11 -13 -14 -15 15 -17 17 27 28 -21 -22 -23 24 -25 25 -27 -28 -29 -30 -31
leaf_value=-0.055150571210796931 0.015631257383756848 -0.036906656048591037 0.006105839183484606 0.024493464814119115 -0.0036031736450742313 0.036330271582645082 -0.028353831022198291 0.0059093170035295073 0.01685152402816964 0.032253346878112252 -0.019920981069030827 0.0021033740224959577 -0.0054480462750484604 0.043598882629732411 -0.00047199402742390846 0.0098283069112345793 0.047049518126148229 -0.030483341353561462 0.041993423858464246 -0.032895766595131153 0.016989787211022702 -0.012907155755243413 -0.032186502584730332 0.0073925511029017694 0.054047627042156147 0.0088038341091030529 -0.018064664625639947 0.0042148292077835948 0.0085064743908009732 0.0037334204727862055
leaf_weight=1319.3206079006195 2267.2004284709692 403.90094223618507 1585.360272705555 1467.2584952414036 2349.1364650577307 1447.9980480819941 1178.0105494856834 4067.6585980951786 10861.148121356964 485.02832989394665 12179.948982998729 1899.517326399684 15482.118703916669 836.53537805378437 9110.7506906539202 11799.191082105041 637.95730942487717 437.5078199505806 1083.8919223248959 2804.0953430086374 445.84278348088264 1692.7502726465464 270.39567759633064 613.3230100274086 305.11360505223274 12013.523881480098 8975.785720795393 1216.2530142664909 496.3748763948679 5814.7964958250523
leaf_count=8533 9708 2254 7289 6142 10618 5895 6104 17571 45801 2109 61456 8693 71487 3433 41236 51601 2650 1914 4490 15721 2007 7627 1135 2570 1282 51118 42826 5204 2059 25923
internal_value=-4.61646e-05 0.00405841 -0.0199091 -0.00101703 -0.00562168 0.012341 -0.00700906 0.0128938 0.0119111 -0.00350156 -0.0146163 -0.0169496 -0.00706768 0.0187643 0.00659618 0.00534032 0.00840031 0.0111062 0.0128297 -0.0400164 -0.0138508 0.00037992 0.0107008 0.0276114 0.00901997 0.00992445 -0.0150649 -0.00496468 0.0314749 0.00592919
internal_weight=115548 95759.5 19788.2 59375.1 36997.9 36384.3 34730.7 35980.4 34532.4 22960 15664.8 14079.5 16660.1 11697.7 22377.2 20909.9 22834.7 17074.3 15420.6 4123.42 11770.8 5760.41 13840.3 1251.28 12589 12318.6 11324.9 1653.76 1580.27 6299.82
internal_count=526456 424764 101692 269761 170782 155003 161074 152749 146854 105623 77438 70149 77591 49234 98979 92837 97620 72422 65304 24254 55451 25198 58755 5220 53535 52400 53444 7118 6549 28032
is_linear=0
shrinkage=0.05


Tree=15
num_leaves=31
num_cat=0
split_feature=10 10 9 19 37 19 0 5 38 19 20 32 0 38 43 3 33 5 33 38 38 38 6 32 34 32 43 32 0 11
split_gain=3510 1418.99 759.865 646.354 436.656 502.715 333.769 324.991 327.937 310.208 289.711 234.25 229.432 222.758 211.344 179.816 183.843 172.154 191.627 166.077 157.632 152.264 151.058 146.337 142.113 136.725 229.427 155.073 125.83 131.139
threshold=0.016256410679891704 0.027353912435862819 0.0060313878924530022 -0.20437116788144982 -0.080358904439692055 0.10421780995539751 0.094908430597202234 -0.13513068953483456 0.016103724873082762 -0.16683157630512876 0.069576914817035027 4.5000000000000009 0.07308331203680031 -0.14124568115027467 3.5000000000000004 -0.071170084439083278 2726.5000000000005 -0.081481481481481197 133.50000000000003 -0.066815976110510586 -0.11728303789523346 0.19283814427704818 1.0000000180025095e-35 4.5000000000000009 3.0927440999241704 5.5000000000000009 1.0000000180025095e-35 10.500000000000002 -0.032699892602719154 1.0411954040760885
decision_type=8 10 10 8 10 10 10 8 8 10 10 2 10 8 2 10 2 8 2 10 10 10 10 2 2 2 2 2 10 10
left_child=2 3 -1 7 28 10 13 15 22 19 -6 -12 24 -5 17 16 -2 18 -15 -4 -11 25 -9 -24 -7 26 -13 -27 -3 -30
right_child=1 4 9 6 5 12 -8 8 -10 20 11 21 -14 14 -16 -17 -18 -19 -20 -21 -22 -23 23 -25 -26 27 -28 -29 29 -31
leaf_value=-0.044935166978951953 0.0098201494335446986 0.035737987126947 -0.0048862283606000432 0.026335174256053979 -0.03708004272377264 0.022677914027691322 0.055693203740511878 -0.046163019677253815 -0.0011126219761780954 0.032483481460512435 -0.0024039802471481431 0.072245360924980476 0.034356276425506309 0.052681055626738173 0.0069714023110337853 -0.0021198806965548505 0.054828109499572633 -0.0076637410302647577 0.0030301919556383738 -0.024246518562734885 -0.0093364478403664651 0.02173838234621546 -0.019639624481535237 -0.0091670297383898165 0.010624972879923309 0.0015578442597813653 0.013368180025730446 0.013158741027923748 0.02815305655332212 0.0082277331886115735
leaf_weight=2527.6035433411598 1657.1381144821644 1684.042417511344 1281.6584983021021 1045.7123127728701 411.09656952321529 3488.2300775945187 313.28942885994911 353.81827348470688 7653.8656760305166 232.4089635014534 6992.898778706789 195.6740381270647 1611.1082664132118 204.909937530756 13094.044282138348 4804.8521274477243 262.87849682569504 6393.17127597332 3764.1445452570915 8161.6896918565035 7396.5346073061228 1924.1638531833887 5333.1749401092529 8906.1632340103388 8182.0838688015938 9007.0292273163795 1071.5161556303501 4235.1676081269979 1790.022212639451 1532.9594935625792
leaf_count=16053 7124 6885 6106 4342 2340 14723 1317 2062 35102 1013 30735 801 6614 888 58011 21730 1125 29154 16830 42079 36562 7933 26016 41998 34511 38680 4570 18001 7429 6386
internal_value=-6.85524e-05 0.00387145 -0.0193491 -0.00151071 0.0107435 0.00887384 0.00441165 -0.00658338 -0.00949492 -0.0155611 0.00453049 0.00526069 0.0166693 0.00375595 0.00274934 0.0030485 0.0159824 -0.0025858 0.00559351 -0.0216189 -0.00806244 0.0085222 -0.0138913 -0.0130894 0.0142276 0.00676953 0.0224597 0.00526809 0.0246038 0.0189611
internal_weight=115513 95913.2 19599.9 53787.2 42126 37119 24815.3 28971.9 22247 17072.3 23837.5 23426.4 13281.4 24502 23456.3 6724.87 1920.02 10362.2 3969.05 9443.35 7628.94 16433.6 14593.2 14239.3 11670.3 14509.4 1267.19 13242.2 5007.02 3322.98
internal_count=527120 425307 101813 245699 179608 158908 110542 135157 105178 85760 103060 100720 55848 109225 104883 29979 8249 46872 17718 48185 37575 69985 70076 68014 49234 62052 5371 56681 20700 13815
is_linear=0
shrinkage=0.05


Tree=16
num_leaves=31
num_cat=0
split_feature=13 10 10 1 38 7 32 20 7 7 5 13 43 1 32 43 32 32 32 9 32 10 32 32 43 32 5 2 32 12
split_gain=3251.76 1152.29 1050.77 559.718 491.856 468.952 362.911 317.588 277.165 274.937 260.888 255.875 221.331 203.278 201.997 316.861 332.717 193.789 188.052 182.476 177.945 170.269 169.669 233.977 169.262 161.024 183.65 164.582 158.79 158.625
threshold=0.024948277202177918 0.012291440398207683 0.028688052115434085 0.0043307093326785404 -0.1043061416272885 -0.016391627180799836 4.5000000000000009 0.24866042700508464 -0.32883892861471331 -0.0033755298299986132 -0.16113488232779702 0.0073509344438391555 2.5000000000000004 0.1616962636460483 8.5000000000000018 1.5000000000000002 5.5000000000000009 3.5000000000000004 11.500000000000002 0.041236094826732801 4.5000000000000009 0.02529951905065753 9.5000000000000018 10.500000000000002 3.5000000000000004 1.5000000000000002 -0.13297872340425507 0.010742773734632729 5.5000000000000009 1.4357142857142866
decision_type=10 8 10 10 8 10 2 8 10 10 8 10 2 10 2 2 2 2 2 8 2 10 2 2 2 2 10 8 2 10
left_child=1 11 4 7 -2 6 25 -3 -4 17 -9 -1 14 21 15 16 -8 -10 19 22 -12 24 -14 -24 -5 27 -27 -6 -17 -18
right_child=2 3 8 13 5 -7 12 10 9 -11 20 -13 18 -15 -16 28 29 -19 -20 -21 -22 -23 23 -25 -26 26 -28 -29 -30 -31
leaf_value=-0.049418504821775379 0.014307021715306626 -0.034120115988254908 0.025815443095461105 -0.011861302639919269 -0.009799791116264998 0.013378148705373658 0.065464578471354271 0.0023808877003344002 0.0021051359505595071 0.027015036679721369 -0.02196095727637808 -0.026485590000943329 0.0044092287727762426 0.076203455334160217 -0.011032240974080527 -0.015298121030506293 -0.023498562546942554 0.011698817976880294 0.019718437180760589 0.040496738730244848 -0.010020228396891092 0.016742349832357308 -0.021041701132927512 0.0075778069569321736 0.0050839097494453913 0.00064969074382998325 -0.016789202955990547 0.012912609825287694 0.0056222146569461272 0.03004762714412279
leaf_weight=1626.3602489233017 5852.3058062195778 1681.0968261510134 3348.1236364245415 2525.9241865426302 1928.9601320773363 4939.9957890808582 372.80638618767262 2875.420622587204 7063.955649331212 2364.7762783020735 4788.4523222148418 4824.3820371627808 10320.388086944818 92.863424673676491 6150.8179452717304 1647.1652879863977 265.71343843638897 20655.596402153373 1742.1193274855614 305.13710318505764 8954.9565600007772 1519.5017529726028 1725.8023029863834 1218.2848843336105 3537.6333166956902 1891.6771491318941 7476.6429935246706 1359.9578980207443 2018.6287541538477 288.46136647462845
leaf_count=10990 24772 9325 13759 12286 8953 21502 1619 12847 30701 9690 23857 26365 46191 380 28247 7569 1184 86751 7801 1317 43386 6653 7911 5518 16901 8637 35584 6085 9190 1265
internal_value=7.15519e-05 -0.0133536 0.00532047 -0.00865658 0.000695508 -0.00112933 -0.00298058 -0.01341 0.0121688 0.0106501 -0.0113151 -0.0322674 0.000393571 0.002676 -0.00510792 0.00282616 0.0289427 0.009254 0.00425373 0.00226831 -0.0141806 0.00177557 0.0013889 -0.00919874 -0.00197504 -0.00992639 -0.0132679 -0.00040828 -0.003778 0.00437352
internal_weight=115364 32426.6 82937.3 25975.8 49504.9 43652.6 38712.6 18299.9 33432.5 30084.3 16618.8 6450.74 26055.3 7675.92 10743.6 4592.78 926.981 27719.6 15311.7 13569.6 13743.4 7583.06 13264.5 2944.09 6063.56 12657.2 9368.32 3288.92 3665.79 554.175
internal_count=527236 162990 364246 125635 223345 198573 177071 89415 140901 127142 80090 37355 117812 36220 49074 20827 4068 117452 68738 60937 67243 35840 59620 13429 29187 59259 44221 15038 16759 2449
is_linear=0
shrinkage=0.05


Tree=17
num_leaves=31
num_cat=0
split_feature=13 10 7 4 0 13 43 37 32 32 13 32 10 32 43 33 33 36 32 33 33 3 10 32 33 33 32 33 32 0
split_gain=2977.93 1326.45 769.92 668.632 553.165 342.151 350.822 332.961 307.755 290.342 281.401 278.197 258.983 256.885 243.311 465.522 380.434 238.341 228.243 295.934 355.682 200.289 198.577 181.848 202.522 283.522 199.255 175.064 180.42 173.165
threshold=0.029571320002068861 0.012291440398207683 -0.27530555885383351 0.16004495641405928 0.0010851875142787739 0.0017404590294615274 3.5000000000000004 -0.073100508592592137 3.5000000000000004 3.5000000000000004 0.0084900288394299719 7.5000000000000009 0.028084584952509744 2.5000000000000004 2.5000000000000004 3261.5000000000005 2967.5000000000005 0.99959903769045755 8.5000000000000018 2813.5000000000005 253.50000000000003 -0.089204295197868197 0.024679305833709128 10.500000000000002 2324.5000000000005 2263.5000000000005 9.5000000000000018 653.50000000000011 7.5000000000000009 0.094908430597202234
decision_type=10 8 8 10 8 10 2 8 2 2 10 2 10 2 2 2 2 2 2 2 2 10 10 2 2 2 2 2 2 10
left_child=1 10 21 7 5 6 -3 -4 13 -7 -1 -8 29 -9 18 16 23 -5 19 20 -10 -2 -11 26 25 -25 -16 28 -22 -6
right_child=2 4 3 17 12 9 11 8 14 22 -12 -13 -14 -15 15 -17 -18 -19 -20 -21 27 -23 -24 24 -26 -27 -28 -29 -30 -31
leaf_value=-0.047589775194149142 0.030254081488164011 -0.039504189420374265 0.01399091033049641 0.013810725469379137 -0.0016417246764074663 -0.018283583032240994 0.050024345837320738 -0.0017386207517405578 0.028063683125130513 -0.0087191757323050491 -0.02431944597905648 -0.032497715674901229 0.018514690809635258 -0.018555072918434803 0.0064678611412644464 -0.017118015943181086 0.030495025567401246 0.04450761032023786 -0.0082343195993141785 0.029729105757726304 -0.020803630474906645 0.014277868018811358 0.0040082747943723353 0.017765706564634463 -0.019405609506316628 0.090223410725160103 -0.011572832200439519 0.0023939403870133769 0.033415430635700565 0.071048262579224863
leaf_weight=1726.8574427962303 3374.2350810319185 1761.7355988919735 5279.7778399139643 10372.784342065454 11697.558919757605 6153.1142429858446 220.53887352347374 8135.6719006299973 977.43319226801395 12281.044688791037 5245.3533965349197 190.21850934624672 1955.7499677240849 3150.3422493934631 10908.682099655271 1860.1496357768774 1871.4491128623486 673.38920831680298 7102.161007925868 993.27007874846458 1856.3895154893398 4686.5143070369959 4083.7682224661112 2867.6024953424931 342.39771908521652 141.67763639986515 1780.3165315240622 3265.4856260567904 167.25773827731609 82.509519621729851
leaf_count=11927 13738 9893 22610 43348 55592 29890 1074 36519 4177 59168 28642 1059 8438 14795 47674 8300 7881 2728 31636 4402 8138 19511 17896 12477 1483 609 7929 14709 712 338
internal_value=-5.04566e-05 -0.0100187 0.00643233 0.00453508 -0.00637819 -0.0108527 -0.0298023 0.00210646 0.000724974 -0.00902449 -0.030083 0.011809 0.00166485 -0.00643271 0.00309156 0.00668934 0.00916171 0.015682 -0.00186153 0.00437284 0.000353798 0.0209655 -0.0055431 0.00667277 0.0170312 0.021177 0.00393668 -0.004767 -0.0163223 -0.00113259
internal_weight=115205 45398.4 69807 61746.2 38426.2 24690.4 2172.49 50700.1 45420.3 22517.9 6972.21 410.757 13735.8 11286 34134.3 19772.3 17912.1 11046.2 14362 7259.84 6266.57 8060.75 16364.8 16040.7 3351.68 3009.28 12689 5289.13 2023.65 11780.1
internal_count=527293 223917 303376 270127 183348 118980 12026 224051 201441 106954 40569 2133 64368 51314 150127 86353 78053 46076 63774 32138 27736 33249 77064 70172 14569 13086 55603 23559 8850 55930
is_linear=0
shrinkage=0.05


Tree=18
num_leaves=31
num_cat=0
split_feature=10 10 19 37 19 13 0 4 37 32 32 13 0 29 0 33 13 43 33 33 12 34 19 43 33 33 7 34 33 33
split_gain=2808.15 1061.99 573.31 528.66 523.986 354.942 291.621 288.056 265.101 262.044 251.755 306.681 226.215 221.707 230.508 193.16 172.309 160.016 196.942 252.983 159.029 155.897 155.125 152.146 218.748 321.02 147.078 145.363 149.42 297.16
threshold=0.020994207490799534 0.010565478870957318 0.076953962130875408 -0.06988761512784257 -0.17676206274038744 0.0017404590294615274 0.083832335329341437 0.10824122266409643 -0.074749871209532678 4.5000000000000009 10.500000000000002 0.010135062565158134 -0.037730108890942575 -0.063439438013403321 0.094908430597202234 350.50000000000006 0.0040404040404036102 3.5000000000000004 740.50000000000011 709.50000000000011 2.3857142857142883 3.0927440999241704 -0.57624758041520985 2.5000000000000004 740.50000000000011 682.50000000000011 -0.19374787559483339 2.9014216150426262 1409.5000000000002 1742.5000000000002
decision_type=10 8 10 10 8 10 10 10 10 2 2 10 10 8 10 2 10 2 2 2 10 2 10 2 2 2 8 2 2 2
left_child=1 16 3 12 5 -3 21 10 -7 -10 15 -12 -2 -6 17 -5 -1 26 19 -19 -21 -4 -17 -11 25 -25 -15 28 -20 -30
right_child=2 4 6 7 13 8 -8 -9 9 23 11 -13 -14 14 -16 22 -18 18 27 20 -22 -23 -24 24 -26 -27 -28 -29 29 -31
leaf_value=-0.050209548026270381 0.033118318734637407 -0.04667852504898818 0.01691955502949424 0.0087812475050930289 0.012066243627231596 0.010048346466196834 0.033386400054673492 0.009412545430003149 -0.02099506319581132 -0.015459102757334649 -0.044635630047677136 0.0098786259064683815 0.010761012821604216 0.010313454645583824 0.059240968474409822 -0.0090709493194739647 -0.027557211317321247 0.0099015405761540831 -0.013547528403588808 0.1045175763695208 -0.00038264644866989371 0.0080292929939978375 -0.00083407895818589936 -0.00015306890096571468 -0.0077374348353878956 0.061229343360574763 -0.01181836069102289 -0.0069092647916387806 0.057828651405824688 0.0011534050613846306
leaf_weight=1126.2152581363916 1392.7588845044374 744.69167140126228 7116.0749124288559 2723.9681363105774 2684.2151026129723 1330.1752871125937 1517.1365578919649 7227.7781912982464 6731.4919451773167 5092.0434851199389 269.89854349195957 5848.3549479842186 6029.6411053687334 846.4337230026722 144.93370306491852 12481.790609642863 3297.5819335728884 1197.8516245037317 425.39176404476166 124.81889656186104 50.847831010818481 16060.440429702401 10545.329199656844 777.80842278897762 6470.8377620130777 293.33071818947792 6635.7750346213579 4848.0790794491768 364.25945790112019 633.54947043955326
leaf_count=8239 5735 4884 30259 11822 12100 5927 6193 30557 34089 24871 1460 25448 25458 3779 604 56957 18838 5453 2003 561 227 68444 47458 3664 31540 1382 32001 22770 1659 2939
internal_value=-0.000136532 -0.0100954 0.00599156 0.00272298 -0.00748708 -0.0127641 0.0121491 0.000400565 -0.0115438 -0.0130269 -0.0016433 0.0074738 0.0149562 -0.00118607 -0.00351532 -0.00380945 -0.0333241 -0.00411659 0.000970934 0.0181191 0.0741536 0.0107589 -0.00529885 -0.00878143 -0.00427292 0.0166565 -0.00931467 -0.00278481 0.011265 0.0218432
internal_weight=115034 43820.3 71213.2 46519.5 39396.5 21440.4 24693.7 39097.1 20695.7 19365.5 31869.3 6118.25 7422.4 17956.2 15271.9 25751.1 4423.8 15127 7644.8 1373.52 175.667 23176.5 23027.1 12634 7541.98 1071.14 7482.21 6271.28 1423.2 997.809
internal_count=527321 217530 309791 204895 190453 106357 104896 173702 101473 95546 143145 26908 31193 84096 71996 116237 27077 71392 35612 6241 788 98703 104415 61457 36586 5046 35780 29371 6601 4598
is_linear=0
shrinkage=0.05


Tree=19
num_leaves=31
num_cat=0
split_feature=10 10 13 19 2 19 37 37 13 32 0 38 20 5 43 43 5 0 8 4 25 0 5 32 11 37 38 32 32 4
split_gain=2534.7 1114.13 615.228 570.499 296.264 304.142 292.509 285.714 257.155 279.681 245.583 232.74 220.947 206.348 237.614 194.592 176.231 162.533 157.622 144.724 161.217 141.786 131.781 123.686 122.303 120.202 129.248 117.555 177.225 117.424
threshold=0.015695779538093185 0.028817639307220731 0.0084900288394299719 -0.23995518928957396 -0.084728584996411435 0.10421780995539751 -0.06568422126165567 -0.056918978370749211 0.0040404040404036102 4.5000000000000009 0.083832335329341437 0.028964342767006771 0.11297776638017075 -0.18774728282117467 1.5000000000000002 3.5000000000000004 -0.073732718894009106 0.083832335329341437 0.26530612244897961 -0.0026881720430107499 0.63230504890298722 -0.031914893617021205 -0.096182019647651204 7.5000000000000009 1.208633114573497 -0.052815090116316625 0.20134407659485679 8.5000000000000018 5.5000000000000009 -0.1994328483550272
decision_type=8 10 10 8 10 10 10 10 10 2 10 10 10 8 2 2 10 10 10 8 10 10 10 2 10 10 8 2 2 10
left_child=2 3 29 6 21 12 24 -4 -8 -10 13 16 -6 14 -5 27 -9 22 -11 -17 -21 -3 -7 -18 -2 -14 -27 28 -15 -1
right_child=1 4 7 10 5 17 8 11 9 18 -12 -13 25 15 -16 19 23 -19 -20 20 -22 -23 -24 -25 -26 26 -28 -29 -30 -31
leaf_value=0.0779855761377692 0.012089038011134897 0.034917131195012503 0.01493354775820898 0.047408803608031763 -0.029109897407199971 0.022190439423888143 -0.035435504272373679 -0.0099546383471816619 -0.01384655124639874 -0.0044433725334621999 0.035396731083390448 -0.002819840039897264 0.012705943712805057 -0.0041493851685222901 0.0094813168258335873 -0.0026018237976498113 -0.029232179785500745 0.033044836980204988 0.013244264336903093 0.016629476509305199 0.0038672393392033366 0.014645009606451008 0.0096220501292357194 -0.016560170310766356 -0.0068795058540979323 0.0020066417431668601 0.015502106424332389 -0.01014057794454274 0.014526331501248178 -0.044537513385088677
leaf_weight=19.74214032292366 2965.5313577651978 1572.6974428743124 788.25435569882393 483.64896570146084 465.63770508766174 2868.8661178797483 803.89301663637161 3566.4581159502268 9143.033748537302 16450.470582634211 607.91886638104916 2702.1764935553074 4756.8658477813005 4893.8645986020565 2825.2686668932438 4028.6595275253057 4173.6333263069391 1125.6220305860043 1363.9953169822693 3893.9393003582954 6788.6650773882866 1910.1289837360382 7639.0488144904375 3575.0411506295204 1191.0947327166796 14340.427623018622 2024.6153240203857 4024.9314533472061 1715.6458945274353 2063.6205473095179
leaf_count=95 13078 6419 3628 1990 2761 11930 4797 18303 44433 76395 2532 13148 20007 22400 12109 18312 22658 4557 5975 17156 29455 7911 31883 19066 5185 61445 8324 18464 7658 14713
internal_value=-4.81857e-05 0.00303825 -0.0179365 -0.00109347 0.00992527 0.00847078 -0.00571652 -0.0143567 -0.00756865 -0.00673764 0.00394911 -0.0160038 0.00495877 0.00328193 0.015025 0.00174886 -0.0191523 0.0149878 -0.00308909 0.00547374 0.00851923 0.023799 0.0130535 -0.0233856 0.00665354 0.00570982 0.00367624 -0.003404 0.000698314 -0.0433765
internal_weight=114773 97884.5 16888.9 61180.6 36703.9 33221.1 31918 14805.6 27761.4 26957.5 29262.5 14017.3 21587.5 28654.6 3308.92 25345.7 11315.1 11633.5 17814.5 14711.3 10682.6 3482.83 10507.9 7748.67 4156.63 21121.9 16365 10634.4 6609.51 2083.36
internal_count=526787 435176 91611 279939 155237 140907 149863 76803 131600 126803 130076 73175 92537 127544 14099 113445 60027 48370 82370 64923 46611 14330 43813 41724 18263 89776 69769 48522 30058 14808
is_linear=0
shrinkage=0.05


Tree=20
num_leaves=31
num_cat=0
split_feature=13 10 28 37 37 5 13 32 32 33 33 33 13 5 32 32 43 33 33 9 28 37 32 14 12 12 32 32 33 33
split_gain=2278.63 1173.44 670.316 570.406 430.692 391.169 295.595 291.321 319.057 506.608 435.544 289.517 274.275 266.101 250.533 233.293 321.449 320.561 377.36 279.685 222.543 216.064 209.656 207.079 205.546 191.377 189.221 184.124 174.799 173.423
threshold=0.033282588586271332 0.012291440398207683 0.010827658085253071 -0.095477386934721284 0.11439907204495704 -0.13913795025843481 0.0017404590294615274 3.5000000000000004 8.5000000000000018 2529.5000000000005 253.50000000000003 3459.5000000000005 0.0073509344438391555 -0.13297872340425507 6.5000000000000009 10.500000000000002 1.5000000000000002 740.50000000000011 709.50000000000011 0.039393053103695584 -0.080777902176158919 0.0044977511243248234 8.5000000000000018 1.0000000180025095e-35 2.8214285714285743 1.7285714285714291 2.5000000000000004 10.500000000000002 2324.5000000000005 682.50000000000011
decision_type=10 8 10 8 10 8 8 2 2 2 2 2 10 8 2 2 2 2 2 10 10 8 2 8 8 10 2 2 2 2
left_child=1 12 5 23 7 -3 -7 26 9 10 -9 -11 -1 -4 24 17 -17 18 -10 -19 -13 -15 -16 -2 -8 -20 -5 -24 -26 -12
right_child=3 2 13 4 -6 6 14 8 15 11 29 20 -14 21 22 16 -18 19 25 -21 -22 -23 27 -25 28 -27 -28 -29 -30 -31
leaf_value=-0.04601683017656534 0.031328749804873039 0.0005514507418270542 0.016713645799455813 0.00071080527417110976 0.017123101425723802 -0.037985058220207972 -0.020223871668469007 0.029992218811576422 0.0030122148476930295 0.035310722090794604 -0.0076614104600372492 0.076453071972723857 -0.021471990210858799 -0.0054153031209540773 0.0072119899771651902 -0.020152255661077003 0.010210657771547952 -0.014318789026580781 0.086183751301258132 0.012864717259856513 0.0006431353737278195 0.0062999237257642497 -0.018222937804979283 0.010745981714865909 0.0044574751290792523 0.010859732749132232 -0.013567030217812949 -0.0022578143864354465 -0.023269794928881579 0.0061728780471673166
leaf_weight=1437.4552895128727 2977.8447688817978 7583.5146333128214 2927.1922740340233 8295.5028849095106 6765.6542912721634 1091.7130643129349 8462.6127507984638 1668.1311949342489 2027.7467860430479 2755.555140376091 3010.9130908548832 105.27964046597481 5466.4747593700886 8071.2765861451626 2452.1719919145107 977.47608442604542 8054.9551137834787 5749.0341418385506 228.71992935240269 1132.6557685434818 1202.7568691521883 7681.1536242961884 3382.344888523221 2072.4448317140341 1811.4341876208782 133.5728659927845 3221.7388278245926 3874.8735678941011 828.33961182832718 9148.314560264349
leaf_count=10988 12215 34355 12964 36664 27894 6747 41826 6992 8882 11431 12960 456 30781 38523 11604 4393 34425 25346 991 4705 5309 34777 16425 8493 8896 577 14924 18511 4079 39738
internal_value=2.59653e-05 -0.00730429 -0.00454107 0.0068073 0.00531709 -0.00923575 -0.0126243 0.00364298 0.00584688 0.0105952 0.00603402 0.0261156 -0.0265824 0.00286978 -0.011294 0.00120577 0.00692483 -0.00436568 0.0114101 -0.00984466 0.00674483 0.000297241 -0.00542773 0.0228824 -0.0164242 0.0584127 -0.00328316 -0.00969862 -0.00424312 0.00274718
internal_weight=114599 55070.6 48166.6 59528.3 54478 29487 21903.5 47712.4 36195.1 17891 13827.4 4063.59 6903.93 18679.6 20811.8 18304.2 9032.43 9271.73 2390.04 6881.69 1308.04 15752.4 9709.39 5050.29 11102.4 362.293 11517.2 7257.22 2639.77 12159.2
internal_count=526871 270476 228707 256395 235687 142443 108088 207793 156205 76886 59690 17196 41769 86264 101341 79319 38818 40501 10450 30051 5765 73300 46540 20708 54801 1568 51588 34936 12975 52698
is_linear=0
shrinkage=0.05


Tree=21
num_leaves=31
num_cat=0
split_feature=13 7 28 1 13 13 5 25 4 2 32 8 0 1 5 32 32 34 38 5 34 7 37 7 8 34 9 32 32 3
split_gain=2175.9 721.737 768.347 568.655 419.828 352.948 301.403 242.528 236.536 207.768 187.687 186.129 175.864 171.689 166.948 159.325 158.498 182.967 154.846 150.986 140.831 140.523 136.277 149.994 134.565 122.217 124.836 114.418 101.5 99.6629
threshold=0.023023040465721695 -0.27214821043934961 0.10022553179885109 0.0056510481117489917 1.1796119636642291e-17 0.037551033166926769 -0.11178328118615054 0.33864895029809844 -1.0000000180025095e-35 -0.075949367088607597 3.5000000000000004 0.073773032634435257 0.07308331203680031 -0.074242706457777127 -0.16113488232779702 8.5000000000000018 10.500000000000002 2.8478079206112956 0.13438924464727944 -0.040133779264214457 3.4291354369416145 -0.13735936552530434 0.029531090324171675 -0.15464365365840546 0.099103563424673427 2.6354730848759527 0.039393053103695584 11.500000000000002 4.5000000000000009 0.039473684210526445
decision_type=10 8 10 8 10 10 8 10 10 10 2 8 10 10 8 2 2 2 10 8 2 8 10 8 10 2 8 2 2 10
left_child=3 9 5 4 7 16 -6 8 -1 -2 20 -8 14 -7 -5 28 22 -18 21 -10 29 -15 23 -3 -16 -17 27 -27 -12 -4
right_child=1 2 10 12 6 13 11 -9 19 -11 15 -13 -14 18 24 25 17 -19 -20 -21 -22 -23 -24 -25 -26 26 -28 -29 -30 -31
leaf_value=-0.025935720117608835 0.029297858036111232 -0.0013787489529443558 -0.0061475926339436739 0.023127490291815548 -0.0023488659171546251 0.017044438884067592 -0.022337214436209646 -0.045512079256116826 0.08110787812485587 0.012368411123367069 0.065040900514821517 -0.0094871898847589849 0.055378520602970271 0.0050121898903685335 -0.0091375025195915231 0.037017627349673989 0.022978929813266977 -0.00028615562884002466 0.010700138228817605 -0.015022597550266218 -0.008580444909760546 -0.0023707668653454093 0.0025960454600437153 -0.009850664709868534 0.0067918334710684843 -0.0064563661461391857 0.021091487441145182 0.018978982841193502 0.02086184621565907 0.024660574694671415
leaf_weight=783.67498461157084 2425.5124039649963 8116.9259164482355 390.4557378590107 626.92207776010036 4139.5742200314999 2226.9517156779766 8192.1900296956301 1850.2361035346985 94.772466666996479 7168.5897411704063 132.96285229921341 4295.7253255993128 139.05111211538315 12191.381601840258 4092.9106115028262 344.44128125905991 1030.6783866435289 4693.2771470099688 5026.1308528631926 71.785586774349213 1465.5579731911421 13673.797274008393 4608.455832734704 14661.861931800842 1961.0176748931408 1827.9851336628199 950.50390213727951 583.20159833133221 5852.9934911876917 801.08642953634262
leaf_count=4906 9815 36695 1700 2778 19557 9378 44934 12803 450 29757 543 21237 576 52701 21127 1431 4688 21432 20999 486 6323 60794 20588 70340 9242 7744 3870 2448 24109 3381
internal_value=-5.97886e-05 0.00370219 0.00212152 -0.0126972 -0.0170575 -1.34393e-05 -0.0140411 -0.0349673 -0.0144352 0.0166484 0.0135715 -0.0179169 -0.000275737 0.00363623 -0.00143409 0.0167989 -0.00366389 0.00390305 0.00266963 0.0396762 0.00179886 0.00110914 -0.00524538 -0.00683181 -0.0039776 0.00865171 0.00574532 -0.000304235 0.0218432 0.0145651
internal_weight=114421 88172.8 78578.6 26247.9 19428 66229.5 16627.5 2800.47 950.233 9594.1 12349.2 12487.9 6819.9 33118.3 6680.85 9692.09 33111.2 5723.96 30891.3 166.558 2657.1 25865.2 27387.2 22778.8 6053.93 3706.13 3361.69 2411.19 5985.96 1191.54
internal_count=526832 388736 349164 138096 104373 297615 85728 18645 5842 39572 51549 66171 33723 143872 33147 40145 153743 26120 134494 936 11404 113495 127623 107035 30369 15493 14062 10192 24652 5081
is_linear=0
shrinkage=0.05


Tree=22
num_leaves=31
num_cat=0
split_feature=10 10 13 20 32 32 1 32 33 33 33 28 38 28 20 32 1 1 32 33 33 34 32 28 33 33 33 33 32 33
split_gain=1981.19 796.808 577.507 383.691 268.681 418.923 262.664 244.067 392.19 492.84 429.829 307.77 238.532 262.547 236.459 225.393 209.504 198.816 197.243 238.409 384.86 221.444 207.756 193.243 191.266 181.71 242.538 187.839 180.196 569.19
threshold=0.01592582189238308 0.028817639307220731 0.010810763754155652 0.60818337367334718 3.5000000000000004 1.5000000000000002 6.274173847131693e-09 8.5000000000000018 2848.5000000000005 253.50000000000003 3261.5000000000005 -0.060392095618195592 -0.065724054446106281 0.032294292656644567 0.069576914817035027 7.5000000000000009 -0.095076194874162953 -0.037735849056603703 3.5000000000000004 3261.5000000000005 2831.5000000000005 4.0698807254103899 2.5000000000000004 -0.12643955920482522 653.50000000000011 350.50000000000006 374.50000000000006 430.50000000000006 10.500000000000002 740.50000000000011
decision_type=8 10 10 8 2 2 8 2 2 2 2 10 10 10 10 2 10 10 2 2 2 2 2 10 2 2 2 2 2 2
left_child=2 3 -1 17 5 6 -5 8 9 -6 -10 -12 -4 -14 -3 -13 -16 -2 22 20 25 -22 -18 -11 -25 -20 -27 -28 29 -9
right_child=1 14 12 4 7 -7 -8 28 10 23 11 15 13 -15 16 -17 18 -19 19 -21 21 -23 -24 24 -26 26 27 -29 -30 -31
leaf_value=-0.037119308333175192 0.0088530064663847573 -0.031798809165861884 0.0045642954003252151 -0.0057814047421068078 0.030473470873599796 -0.012891650884377232 0.018251832071207043 0.014153225852632715 0.041764984983703624 0.040938444543628216 0.056884054470729042 -0.010495865194717241 -0.018758700294014607 -0.003003900082676677 0.027633511935180627 0.030087403074709508 0.0063215089926879327 -0.010470687666080825 0.019155152864481714 -0.005189552542646407 0.031841791026483678 0.0080794318429829887 -0.011474826623051868 -0.011780163454422224 0.0030218844022784227 -0.027632324682922822 0.029615692703781029 0.0062693139646835582 0.0042887589791955512 -0.015098941246183271
leaf_weight=2617.2224586978555 1504.1853646486998 357.32032997906208 1969.7041640877724 2205.7525061666965 1576.1641247868538 6979.021751254797 2346.1080398857594 2372.9105278849602 1578.2238494753838 296.88207755982876 270.90137779712677 1355.4899606406689 9003.4877407103777 3743.9855898916721 1459.6367827802896 457.63190266489983 6277.6913463920355 11567.773768678308 3471.8758023381233 2236.3572189509869 3284.0231966227293 1397.7473221421242 2219.8588414341211 2702.0898970812559 11347.146552845836 502.99235683679581 915.52396188676357 14618.006796017289 7998.9930077493191 5558.186553388834
leaf_count=19001 6791 2266 9453 10249 6763 32904 10410 10680 6775 1267 1173 6188 49020 18448 5905 2042 26773 56023 14271 9517 13413 5738 9956 12043 51113 2118 3776 61343 35942 25196
internal_value=8.99759e-05 0.00287609 -0.0154779 -0.000669209 0.00143637 -0.00519498 0.00660574 0.00358944 0.00732773 0.00393435 0.0220811 0.00717453 -0.0116293 -0.0141315 0.00867709 -0.00025265 0.0090746 -0.00824712 0.00829894 0.0104297 0.0118737 0.0247475 0.00167248 0.00101857 0.000175006 0.00878412 0.00653882 0.00764532 -0.00100644 -0.00634696
internal_weight=114193 96858.5 17334.4 60117.5 47045.5 11530.9 4551.86 35514.6 19584.5 15922.3 3662.25 2084.02 14717.2 12747.5 36741 1813.12 36383.7 13072 34924.1 26426.5 24190.2 4681.77 8497.55 14346.1 14049.2 19508.4 16036.5 15533.5 15930.1 7931.1
internal_count=526557 430635 95922 275559 212745 53563 20659 159182 87364 71186 16178 9403 76921 67468 155076 8230 152810 62814 146905 110176 100659 19151 36729 64423 63156 81508 67237 65119 71818 35876
is_linear=0
shrinkage=0.05


Tree=23
num_leaves=31
num_cat=0
split_feature=13 10 7 4 0 5 13 13 37 19 36 33 3 33 10 11 38 5 33 35 33 37 34 5 33 33 33 33 33 34
split_gain=1814.92 851.581 531.929 455.344 447.955 247.049 236.836 235.58 219.061 261.835 214.683 180.335 153.038 148.371 178.495 130.328 120.374 136.743 119.487 126.938 113.288 112.839 109.1 108.032 106.779 145.114 138.999 121.056 95.5469 106.513
threshold=0.028789449600088942 0.012291440398207683 -0.28538804452670813 0.13068456833582667 0.0028997519474824878 -0.15416666666666676 0.0017404590294615274 0.0073509344438391555 -0.063009430067176284 0.54472704442955411 0.99959903769045755 510.50000000000006 -0.066417495201077578 1874.5000000000002 0.035246581398330638 1.2526821009739304 0.027938850817000652 -0.16113488232779702 202.50000000000003 0.088384941539196862 3334.5000000000005 -0.10676208150818899 3.0468977391027221 -0.04301075268817172 1485.5000000000002 350.50000000000006 1569.5000000000002 1583.5000000000002 3396.5000000000005 3.0056826232918001
decision_type=10 8 8 10 8 8 10 10 8 10 2 2 10 2 10 10 10 10 2 10 2 10 2 8 2 2 2 2 2 2
left_child=1 7 12 8 5 -3 -7 -1 15 -10 24 18 -2 14 -8 20 17 -13 19 23 21 -4 -11 -6 25 -5 -26 -28 29 -9
right_child=2 4 3 10 11 6 13 28 9 22 -12 16 -14 -15 -16 -17 -18 -19 -20 -21 -22 -23 -24 -25 26 -27 27 -29 -30 -31
leaf_value=-0.044089366827574319 0.024386769220546139 0.00098724091626607637 0.022817628825744715 0.017211590261079449 0.021726205889093617 -0.031001257707462915 -0.0078460961636402354 0.0030017802997991932 -0.0027090695474107414 0.013980096109911442 0.036916533720370924 0.012013999186689975 0.009838044591056222 -0.015875673821505964 0.025439383355279118 -0.0046560422212726747 0.009501193441715277 -0.0065397775129912728 0.027655533049135695 0.072965178243533338 0.037757315486492415 0.0063600189421052378 0.0030615029638843983 -0.015056390589202082 0.038128224121539614 -0.00079719891124531157 -0.029831534114116487 0.012651686047060377 -0.038519869923405378 -0.020709633154169918
leaf_weight=1330.9050120636821 3805.7449404746294 4650.0960469245911 1349.1863318681717 1565.6022220700979 312.45812222361565 1489.8732996508479 10323.396252006292 541.26560334861279 31880.104919135571 3195.9377913028002 765.67747902870178 1190.5417124480009 3442.622778609395 7067.0871413499117 419.12237466871738 1476.6217171251774 2385.9997954666615 5987.0834682732821 1071.7277181744576 60.80501189827919 395.37241350114346 4567.2892493009567 8052.2303314507008 552.77748112380505 531.80843788385391 3918.0488022863865 171.75710287690163 7070.3737788498402 634.62768846750259 3789.6305775046349
leaf_count=11061 15450 21168 5589 6470 1379 9301 50804 3056 143255 13860 3098 5292 14202 35199 1809 6298 10913 29327 4782 251 1689 19780 35099 2650 2221 16443 731 29307 3890 22042
internal_value=-0.00017127 -0.00846141 0.0046299 0.00319598 -0.00545656 -0.00935833 -0.011851 -0.0254083 0.000998734 -0.000394961 0.0111739 0.00262601 0.0174768 -0.010249 -0.00654745 0.00871625 -0.000228071 -0.00346229 0.0162889 0.00313414 0.0118446 0.010113 0.0061638 -0.00177328 0.00968715 0.00434438 0.0134559 0.0116441 -0.0204012 -0.0177462
internal_weight=113996 41807.4 72188.4 64940 35511 23949.6 19299.5 6296.43 50916.7 43128.3 14023.3 11561.4 7248.37 17809.6 10742.5 7788.47 9563.62 7177.63 1997.77 926.041 6311.85 5916.48 11248.2 865.236 13257.6 5483.65 7773.94 7242.13 4965.52 4330.9
internal_count=526416 212924 313492 283840 172875 118281 97113 40049 225570 192214 58270 54594 29652 87812 52613 33356 45532 34619 9062 4280 27058 25369 48959 4029 55172 22913 32259 30038 28988 25098
is_linear=0
shrinkage=0.05


Tree=24
num_leaves=31
num_cat=0
split_feature=10 13 33 28 5 2 1 0 38 32 33 33 33 33 33 33 33 13 5 7 35 33 3 3 33 12 13 28 33 28
split_gain=1637.74 890.477 465.656 318.478 365.766 290.877 283.343 318.911 228.086 229.871 225.645 518.915 219.936 219.186 215.947 182.339 250.386 180.83 165.43 173.51 151.055 150.678 252.797 144.714 144.416 143.832 140.005 169.55 138.318 136.582
threshold=0.02488625266312065 0.019576442000875497 3261.5000000000005 0.072051954430458739 -0.16113488232779702 0.0024691358024692138 -0.069327315720707036 0.0016868878697298142 0.033530514923950434 5.5000000000000009 740.50000000000011 682.50000000000011 913.50000000000011 1134.5000000000002 1801.5000000000002 2387.5000000000005 2696.5000000000005 1.1796119636642291e-17 -0.21390374331550818 -0.005139187238088482 -0.011571973516169341 2653.5000000000005 0.0048361746565970263 -0.071170084439083278 3187.5000000000005 2.7000000000000024 0.022698352083745581 -0.13812608360179696 510.50000000000006 0.072051954430458739
decision_type=10 8 2 10 8 8 10 10 8 2 2 2 2 2 2 2 2 10 10 10 8 2 10 10 2 10 10 10 2 8
left_child=1 2 5 4 12 17 -2 20 9 15 11 -11 -3 -12 -15 25 21 -1 -9 -20 -8 -17 -23 -14 28 -6 27 -22 -19 -10
right_child=6 3 -4 -5 8 -7 7 18 29 10 13 -13 23 14 -16 16 -18 24 19 -21 26 22 -24 -25 -26 -27 -28 -29 -30 -31
leaf_value=-0.038456958161507501 0.019136536798587483 -0.0056026352896209521 -0.037514114188763208 0.0070746430315633451 -0.021199355951355026 -0.0010881761276599581 0.011152012649218076 0.022938307362480172 0.001862089124784058 -0.0030734870941439146 -0.023775164743377167 0.05409693041688679 0.025929931809732749 0.0079898974737306564 -0.0092917324023962938 0.0033321168028050937 -0.011756626196316936 0.0031579099735133329 0.0061523263681104202 0.01890102656221735 -0.052310761965754266 0.095877585337132004 -0.0012162046749148731 0.0065522544665487618 0.055909718888373677 -0.0042821289229912057 0.0016565996810707557 -0.0065827408216047201 -0.018645699635802909 -0.021254758906455229
leaf_weight=963.91374518722296 3930.6478418856859 2442.3740603029728 2287.533957451582 7314.1381984651089 6708.3800716549158 3627.596342921257 3654.2362008541822 2161.6634695827961 8705.1548713594675 1778.0141871720552 1752.91827455163 510.97878488898277 1467.4461630582809 2513.0048741698265 6440.3757970482111 357.31887775659561 1889.3052503019571 823.93227459490299 15599.077616602182 3219.7768513858318 219.10159660875797 150.90461194515228 120.62776573002338 2805.5202371478081 70.340676337480545 1545.9747600257397 21278.368814170361 2709.3641611039639 6207.359275996685 689.5815092921257
leaf_count=7485 16119 10690 15339 31850 33675 19127 15614 8932 39909 8351 8531 2365 6141 12203 31274 1776 9483 4102 66506 13144 1201 737 580 12526 378 7749 90742 12901 34126 3299
internal_value=-0.000232111 -0.00579973 -0.0168831 -0.00251626 -0.00427536 -0.0128471 0.00622178 0.00518243 -0.0064302 -0.00903722 -0.00456025 0.00968884 0.00636595 -0.00760669 -0.00444118 -0.0144379 -0.0026605 -0.0181358 0.0098383 0.00833354 0.00167637 0.0246677 0.0527438 0.013207 -0.0153776 -0.0180309 0.000245936 -0.010004 -0.0160907 0.000165293
internal_weight=113945 61172.7 13980.7 47192 39877.9 11693.1 52772.2 48841.6 33162.5 23767.8 12995.3 2288.99 6715.34 10706.3 8953.38 10772.5 2518.16 8065.55 20980.5 18818.9 27861.1 628.851 271.532 4272.97 7101.63 8254.35 24206.8 2928.47 7031.29 9394.74
internal_count=526855 301696 80557 221139 189289 65218 225159 209040 159932 116724 62724 10716 29357 52008 43477 54000 12576 46091 88582 79650 120458 3093 1317 18667 38606 41424 104844 14102 38228 43208
is_linear=0
shrinkage=0.05


Tree=25
num_leaves=31
num_cat=0
split_feature=10 10 13 19 2 19 37 28 32 13 32 33 0 33 36 32 33 34 13 28 4 37 32 0 4 34 13 28 37 33
split_gain=1582.89 656.106 488.808 349.768 244.686 293.701 206.026 233.554 184.949 183.383 173.98 187.231 167.797 161.464 156.038 151 189.015 190.712 138.375 135.246 176.301 134.57 125.142 121.946 120.368 119.504 115.419 114.646 116.515 114.536
threshold=0.015695779538093185 0.026663318319092851 0.0073509344438391555 -0.18605707138624991 -0.084728584996411435 -0.29701869527831487 -0.049922776049219013 0.062263886424002851 3.5000000000000004 0.011377919685116597 10.500000000000002 350.50000000000006 0.094908430597202234 374.50000000000006 0.99959903769045755 3.5000000000000004 3334.5000000000005 3.1112881340356844 0.042800409970902599 inf -0.17986708194420079 -0.098768241766301598 2.5000000000000004 -0.027777777777777731 -0.1994328483550272 3.0927440999241704 0.010135062565158134 0.12540880726792605 -0.052815090116316625 2996.5000000000005
decision_type=8 10 10 8 10 10 10 10 2 10 2 2 8 2 2 2 2 2 10 8 10 10 2 10 10 2 10 10 10 2
left_child=2 3 24 8 23 10 -4 15 22 -10 11 -6 19 -13 25 -8 17 29 -11 20 -5 -20 -2 -3 -1 -7 -12 28 -15 -17
right_child=1 4 6 12 5 14 7 -9 9 18 26 13 -14 27 -16 16 -18 -19 21 -21 -22 -23 -24 -25 -26 -27 -28 -29 -30 -31
leaf_value=0.085048971461556072 -0.0068462632377777931 0.02753525438185855 0.0095170669502611452 0.026016140650291432 0.013491573113275061 0.014964089103418954 -0.026157526199330917 0.0018513322542177636 -0.024175204365287611 -0.0036024328458260308 -0.035026677476096606 -0.039524476746478646 0.037260413538900722 0.004561133223332639 0.028361864445291124 0.001234272742367282 -0.035224769172181057 -0.014506650302698501 0.034185733291785945 -0.019619665009847336 0.0023351988753950795 0.0037613184537585243 -0.02032210489922763 0.010049006194798673 -0.042000394865374671 0.0063561389199926254 0.012137648322561444 0.011465021064632853 -0.0062974880723277631 0.055345569644559715
leaf_weight=18.861831709742546 4481.4906121566892 1961.9453449249268 1071.2882879823446 814.72476540505886 2016.2706257402897 5724.4944839477539 2822.5406185388565 2146.2278684824705 956.38473808020353 16827.109451636672 134.01635739207268 292.69528576731682 352.91816756129265 3329.6596613824368 1087.9137499183416 1566.6664109230042 845.94866840541363 5945.7361458092928 415.86356264352798 669.82334889471531 22254.654148459435 2883.5856202542782 2798.6336896494031 2027.2876304090023 1603.5801862701774 13637.508505254984 4041.5649567991495 1421.6940857619047 9573.3762931078672 104.30329467356205
leaf_count=91 22168 8002 5072 3473 8464 23882 16044 10412 5760 79307 767 1259 1492 14228 4431 8193 5002 32776 1733 3232 99467 12845 14080 8369 13613 57011 16864 5848 42621 570
internal_value=1.7352e-05 0.00241269 -0.0144962 -0.00139279 0.00682427 0.00568098 -0.0115845 -0.0132675 -0.00515573 -0.00278313 0.00149902 -0.000791611 0.00303723 -0.00276178 0.00993642 -0.0161429 -0.0128027 -0.0103124 -0.00176661 0.00252845 0.00317152 0.00759602 -0.0120267 0.0186489 -0.0405234 0.00890113 0.0106239 -0.00201061 -0.00349539 0.00461194
internal_weight=113829 97703.6 16125.2 52455.2 45248.4 41259.2 14502.7 13431.4 28363.1 21082.9 20809.3 16633.7 24092.1 14617.4 20449.9 11285.2 8462.65 7616.71 20126.6 23739.2 23069.4 3299.45 7280.12 3989.23 1622.44 19362 4175.58 14324.7 12903 1670.97
internal_count=527076 435303 91773 243557 191746 175375 78069 72997 135893 99645 90051 72420 107664 63956 85324 62585 46541 41539 93885 106172 102940 14578 36248 16371 13704 80893 17631 62697 56849 8763
is_linear=0
shrinkage=0.05


Tree=26
num_leaves=31
num_cat=0
split_feature=10 10 13 19 0 19 5 32 37 43 7 43 37 0 5 34 13 32 33 33 33 33 33 7 33 29 32 32 34 33
split_gain=1440.25 603.059 458.405 333.505 223.783 227.877 219.976 213.371 204.79 187.123 176.441 175.452 170.136 163.731 139.932 138.032 131.069 129.839 141.543 234.561 194.743 150.582 144.295 125.605 124.941 119.309 110.071 206.571 140.056 110.053
threshold=0.015695779538093185 0.026663318319092851 0.0073509344438391555 0.076953962130875408 -0.049704899957842878 0.40908527381167231 -0.14123251111092169 4.5000000000000009 -0.058084772370537378 1.5000000000000002 -0.31687684346244188 2.5000000000000004 0.014630905119206507 0.088015444015444047 -0.070707070707070538 3.7762026262282671 0.01188561449892974 4.5000000000000009 3261.5000000000005 2848.5000000000005 2863.5000000000005 3304.5000000000005 2789.5000000000005 -0.024218988751860678 1134.5000000000002 -0.056377294593293464 10.500000000000002 9.5000000000000018 2.8707317708119455 2813.5000000000005
decision_type=8 10 10 8 10 10 8 2 10 2 10 2 10 10 10 2 10 2 2 2 2 2 2 8 2 10 2 2 2 2
left_child=2 3 -1 6 -3 10 9 -8 -4 -2 15 16 14 -5 -10 -6 -9 -12 19 22 -21 -20 -19 26 -11 -16 27 -13 -28 -24
right_child=1 4 8 13 5 -7 7 11 12 24 17 23 -14 -15 25 -17 -18 18 21 20 -22 -23 29 -25 -26 -27 28 -29 -30 -31
leaf_value=-0.039677877500890461 0.025681994971669987 0.02169739660871926 0.013974753571840371 0.0030809587742151126 0.021539623207374972 0.011692157768157027 -0.013060986259367361 -0.033859424282840771 -0.0074595944256006025 -0.008672056575070709 -0.0031052692370734433 -6.0840921904401655e-05 -0.0029034372715376158 0.036139079767932562 -0.0043453504902311929 0.0013722148366163507 -0.0077913391857022968 0.0041869435797785874 -0.030989679030392292 0.075263161520602168 0.015750458237666937 0.00014338817577118972 -0.047777322221356985 0.017785569249231161 0.0057448679865931863 -0.022658304272615018 0.03847106590590698 -0.02153241503446671 0.0031849429944295553 -0.0040685180552045867
leaf_weight=1570.3161057531834 819.38038465380669 2266.9251781105995 763.19141826033592 18889.603610366583 2222.7254288643599 11252.996176898479 8712.2280382588506 523.82123799622059 3360.1986642181873 2413.8902263492346 8452.0929139703512 6433.774992197752 3378.8865342363715 382.13066433370113 1047.6780498921871 1372.2278811484575 6067.9089139401913 14250.374080196023 539.17266230285168 144.69981542229652 2748.0992909222841 1388.8249823004007 231.61372382938862 958.65585803985596 3981.5492680817842 5887.0721199214458 345.4060066640377 1356.3027825057507 1513.1298622116446 380.77324947714806
leaf_count=13648 3473 9295 3490 84121 9176 46544 43893 3354 17974 10786 37149 30116 17050 1578 5595 5693 28781 60394 2370 606 11274 6030 1199 4238 17898 34107 1608 6566 7107 1880
internal_value=-0.000120757 0.00215812 -0.0140224 -0.0014934 0.00638638 0.00557889 -0.00453597 -0.00668598 -0.0112318 0.00318558 0.00341087 -0.0034567 -0.0126387 0.00373645 -0.0158339 0.0138415 -0.00986288 0.00207812 0.00430386 0.00570102 0.0187273 -0.00856311 0.00316566 0.000524329 0.000303354 -0.0198916 -0.00119069 -0.00379918 0.00974281 -0.0205998
internal_weight=113656 97648.3 16007.3 52397.8 45250.5 42983.6 33126 25911.2 14437 7214.82 31730.6 17199 13673.8 19271.7 10294.9 3594.95 6591.73 28135.7 19683.6 17755.6 2892.8 1928 14862.8 10607.3 6395.44 6934.75 9648.61 7790.08 1858.54 612.387
internal_count=526993 435129 91864 243519 191610 182315 157820 125663 78216 32157 135771 81770 74726 85699 57676 14869 32135 120902 83753 75353 11880 8400 63473 49635 28684 39702 45397 36682 8715 3079
is_linear=0
shrinkage=0.05


Tree=27
num_leaves=31
num_cat=0
split_feature=10 13 19 3 28 28 34 37 10 11 36 33 7 12 33 33 33 7 33 33 33 33 33 33 12 33 34 13 1 37
split_gain=1361.85 644.872 413.045 404.753 299.642 260.776 257.299 217.905 182.964 174.164 170.987 149.852 146.168 145.785 144.626 303.294 162.568 169.867 168.957 145.482 129.761 131.686 122.949 169.585 120.364 119.3 118.373 117.844 107.783 106.318
threshold=0.019243940650937773 0.011377919685116597 0.37309591246731405 -0.092878565745753858 0.12961053524038707 0.048200288046326249 3.0056826232918001 -0.067081297201299114 0.032434883788353748 1.208633114573497 0.99959903769045755 3740.5000000000005 -0.23838696563154757 0.049999999999999968 740.50000000000011 682.50000000000011 928.50000000000011 -0.1228005675954592 1801.5000000000002 1786.5000000000002 280.50000000000006 174.50000000000003 1526.5000000000002 350.50000000000006 2.8642857142857139 3758.5000000000005 3.0927440999241704 0.0017404590294615274 0.14518624483747924 0.011633167572329019
decision_type=8 10 10 8 10 10 2 10 10 10 2 2 8 10 2 2 2 10 2 2 2 2 2 2 10 2 2 10 10 10
left_child=1 13 3 9 8 7 -7 -3 28 12 26 14 -2 -1 15 -9 24 -18 19 -19 21 -8 23 -6 -16 -13 -4 -10 29 -5
right_child=2 5 10 4 22 6 20 11 27 -11 -12 25 -14 -15 16 -17 17 18 -20 -21 -22 -23 -24 -25 -26 -27 -28 -29 -30 -31
leaf_value=-0.046065027355954975 0.024134392048224956 0.0098007889818315895 0.013801752761624634 -0.0051997557617043466 0.022160166404171441 0.024769302283329509 -0.0098859943918334983 -0.0073213225445272305 -0.020059161289597598 -0.00021612279966180061 0.027122048800771428 0.12908531124964778 0.0085159278248675991 -0.023062871101313498 -0.035625279089090404 0.036791971950645763 -0.0027781110461723036 -0.0086111668536258453 -0.019592748468810924 0.043348350303187594 -0.0040949642070222348 0.068130061557779426 0.018358288071245038 -0.011082053177538827 -0.0023034420253767261 -0.0043827977560458595 0.0055902358312483955 0.004494305134940783 0.049548354940114885 0.0012377100310812209
leaf_weight=1025.2137901186943 2820.5660714656115 1414.9646608680487 6220.5341761559248 26753.597434319556 606.3665561825037 1080.9455336630344 93.80983991920948 2633.7669410854578 509.23022717237473 2348.5466564893723 1238.6683090627193 34.41029492020607 3194.7844346016645 2099.4148207902908 1190.2331284284592 457.29278960824013 4461.5776130408049 4478.4279278963804 6410.9470269232988 138.8942533582449 4519.1563401371241 127.74492850899696 2775.6700929403305 1044.6059093922377 350.90204387903214 32.609159007668495 14904.153116434813 12106.352826744318 95.447595477104187 8436.3197560012341
leaf_count=9505 11518 6227 26262 124861 2492 4853 439 13277 2884 9993 5081 197 13860 14330 6217 2193 22192 23859 34849 736 21177 567 11440 4382 1829 187 63270 50981 406 37390
internal_value=-6.19614e-05 -0.00908826 0.00325821 0.00111783 -0.000514622 -0.00663626 0.00275598 -0.0091672 -0.00166482 0.011331 0.00906694 -0.0104966 0.0158393 -0.03061 -0.0107452 -0.000795182 -0.0125511 -0.0110102 -0.0143406 -0.00704817 -0.00226336 0.0350968 0.0119317 0.0011271 -0.0280382 0.0641447 0.00800826 0.0035032 -0.00351254 -0.00365646
internal_weight=113605 30550.3 83054.8 60691.5 52327.6 27425.7 5821.66 21604 47900.9 8363.9 22363.4 20189.1 6015.35 3124.63 20122 3091.06 17031 15489.8 11028.3 4617.32 4740.71 221.555 4426.64 1650.97 1541.14 67.0195 21124.7 12615.6 35285.4 35189.9
internal_count=527454 162634 364820 270207 234836 138799 27036 111763 216522 35371 94613 105536 25378 23835 105152 15470 89682 81636 59444 24595 22183 1006 18314 6874 8046 384 89532 53865 162657 162251
is_linear=0
shrinkage=0.05


Tree=28
num_leaves=31
num_cat=0
split_feature=13 33 7 28 43 33 33 5 11 37 33 33 38 7 3 32 43 13 33 33 19 33 7 2 33 33 33 32 12 33
split_gain=1187.05 549.3 475.962 511.054 410.349 426.555 293.782 269.899 321.362 256.845 236.966 232.499 231.093 241.953 207.927 205.89 204.462 180.356 177.795 165.847 158.157 157.805 140.095 132.245 125.661 133.793 133.566 125.337 123.708 117.969
threshold=0.022698352083745581 3410.5000000000005 -0.25 0.10022553179885109 3.5000000000000004 405.50000000000006 1526.5000000000002 -0.067669172932330809 0.25193962977771822 0.002224257490504256 3261.5000000000005 202.50000000000003 0.12987174236238244 -0.14906832298136649 -0.076388074905630474 1.5000000000000002 4.5000000000000009 1.1796119636642291e-17 107.50000000000001 2667.5000000000005 -0.43744052485599944 3740.5000000000005 -0.061775165119335999 -0.054980264803949956 3207.5000000000005 1569.5000000000002 1597.5000000000002 10.500000000000002 0.88571428571428668 2453.5000000000005
decision_type=10 2 8 10 2 2 2 10 10 10 2 2 10 8 10 2 2 10 2 2 8 2 10 10 2 2 2 2 10 2
left_child=1 4 14 12 5 11 16 8 -6 -9 24 15 13 -4 -2 18 -5 -7 -1 29 -15 -22 -3 -19 25 28 -27 -25 -8 -10
right_child=2 22 3 6 7 17 10 9 19 -11 -12 -13 -14 20 -16 -17 -18 23 -20 -21 21 -23 -24 27 -26 26 -28 -29 -30 -31
leaf_value=-0.0054633586638313802 0.019024471605949472 -0.023540767696585061 0.0025717104489661226 0.004808157812807484 0.061450996492169008 -0.036309760514814111 0.075571808448848476 -0.013409569909084984 0.0044860956340938484 0.0050634277647618143 -0.012610109665905568 0.037119095272960888 0.0082579671835754289 -0.0082350878871149686 0.0060991635839485973 -0.016846701792436365 -0.025236262055317895 0.022329755531238518 0.053566248342789093 0.038205076334979785 -0.0017424153801158006 0.077888656031419645 -0.048351868549088475 -0.020429441849282033 0.040859186067613795 -0.019801640969898057 0.016646605033953352 -0.0041134557269989968 0.023304708784058038 -0.04631748117746913
leaf_weight=268.7589496076107 5337.0516146272421 1724.5180490911007 20769.245367914438 4069.3837319612503 291.22830332815647 1277.8169857561588 177.23890417814255 4512.5245684087276 2593.220925912261 3227.4023127630353 639.19958755373955 480.99845376610756 6429.1863087564707 14532.265056580305 7461.555266097188 942.33286135643721 657.8085722476244 218.57284463942051 242.80333986133337 363.66591119766235 21999.513685300946 62.391616880893707 849.06298714876175 5837.276762381196 611.00357432663441 263.26056930422783 5556.2450913339853 1474.3294927626848 313.37087959051132 119.53370881080627
leaf_count=1294 21763 10635 91665 16939 1395 9123 736 25177 12757 16603 2736 2257 26846 69308 31167 4655 2756 1032 1129 1826 100480 299 6723 31277 2493 1138 22921 7822 1319 599
internal_value=-0.000114743 -0.00987753 0.00256809 0.00106736 -0.00730414 -0.0142715 0.0104046 -0.000565578 0.0112503 -0.00570668 0.016518 0.00698579 -0.000731161 -0.00173865 0.011489 -0.00298334 0.000627351 -0.0189411 0.0225539 0.00649808 -0.00418502 -0.00151722 -0.0317263 -0.0159938 0.0192082 0.0171117 0.0149978 -0.0171394 0.0421869 0.00224751
internal_weight=113303 24424 88878.7 76080.1 21850.5 10742.9 12287.5 11107.6 3367.65 7739.93 7560.32 1934.89 63792.6 57363.4 12798.6 1453.9 4727.19 8808 511.562 3076.42 36594.2 22061.9 2573.58 7530.18 6921.12 6310.12 5819.51 7311.61 490.61 2712.75
internal_count=526870 134304 392566 339636 116946 58589 51038 58357 16577 41780 31343 9335 288598 261752 52930 7078 19695 49254 2423 15182 170087 100779 17358 40131 28607 26114 24059 39099 2055 13356
is_linear=0
shrinkage=0.05


Tree=29
num_leaves=31
num_cat=0
split_feature=13 33 5 28 33 43 32 33 5 11 37 7 11 32 33 32 33 33 43 13 43 32 32 33 33 32 33 43 32 33
split_gain=1036.31 525.717 435.608 427.674 362.864 473.691 269.166 251.819 223.501 223.521 215.257 253.905 239.181 237.19 210.45 199.866 205.583 175.498 176.363 173.467 172.98 307.343 286.455 218.378 303.11 179.136 285.267 169.61 272.589 225.947
threshold=0.022860570012049167 3410.5000000000005 -0.23458942076967468 0.10022553179885109 510.50000000000006 3.5000000000000004 4.5000000000000009 1526.5000000000002 -0.079838968882262315 0.3953774759451551 -0.074749871209532678 -0.016391627180799836 1.2257633623400268 4.5000000000000009 3261.5000000000005 1.5000000000000002 107.50000000000001 174.50000000000003 1.0000000180025095e-35 1.1796119636642291e-17 2.5000000000000004 10.500000000000002 9.5000000000000018 968.50000000000011 682.50000000000011 8.5000000000000018 253.50000000000003 1.5000000000000002 3.5000000000000004 1423.5000000000002
decision_type=10 2 8 10 2 2 2 2 10 10 8 10 10 2 2 2 2 2 2 10 2 2 2 2 2 2 2 2 2 2
left_child=1 4 27 10 15 19 -7 -5 9 -8 12 13 -4 -12 -9 16 -1 -17 -19 -6 25 22 23 24 -22 26 -15 28 -2 -29
right_child=2 -3 3 7 5 6 8 14 -10 -11 11 -13 -14 20 -16 17 -18 18 -20 -21 21 -23 -24 -25 -26 -27 -28 29 -30 -31
leaf_value=-0.0022211096801219329 -0.0099897028089944596 -0.030642702070948376 0.013051249467531785 0.0010002293761480847 -0.035331100150371893 -0.016048874253215616 0.057980470175027957 0.018079173818466004 -0.0023974316816938214 0.010205050668183675 -0.0065946058872230415 0.0096438412822135323 -0.0090574019663267769 0.035160156868532022 -0.011625643116888932 -0.015204227438956773 0.052140784493948558 0.041405945897559748 0.0021879763653685682 -0.015001481006452551 0.00071202530447141371 0.014016231161091361 -0.015928846115774973 -0.00091461655353537144 0.030379285552712351 -0.0080980316093080523 -0.00068600661871117265 0.00072058050844572093 0.048400820705156646 0.020317507029375539
leaf_weight=277.89169757813215 270.72084349393845 2554.3671935796738 5491.780506297946 4860.0049079209566 1220.0265253484249 2563.5360304936767 285.22191035747528 7006.9275248497725 5719.150425709784 1728.4114113599062 19024.325787216425 5064.2691696435213 1573.9272422641516 611.33540819585323 651.71884544193745 906.25951774418354 464.81411200761795 393.72285719960928 1054.290747821331 7498.2528735846281 2008.6093014925718 5012.0377022922039 2440.5858962386847 10826.288189828396 1506.8639680296183 9466.0125811398029 6024.7401327490807 2757.1398594975471 763.80649262666702 3152.7820021808147
leaf_count=1340 1122 17505 23043 20236 8874 14045 1340 28889 30783 8404 89327 21788 6634 2555 2796 4478 2157 1795 5128 40289 8769 21837 11275 48360 6571 42888 27192 11478 3089 12984
internal_value=-0.00010279 -0.00916612 0.00242287 0.00139941 -0.00668511 -0.00927009 -0.00200822 0.00990234 0.00264647 0.0169722 -0.000142135 -0.00108467 0.00812642 -0.00203919 0.0155514 0.00918598 0.0318007 0.0020517 0.0128516 -0.0178464 0.00024766 0.00315127 -9.355e-05 0.0026012 0.0134285 -0.00368241 0.00261625 0.0144443 0.0331209 0.011175
internal_weight=113180 24665.9 88513.9 81569.4 22111.6 19014.6 10296.3 12518.7 7732.78 2013.63 69050.8 61985.1 7065.71 56920.8 7658.65 3096.98 742.706 2354.27 1448.01 8718.28 37896.5 21794.4 16782.3 14341.8 3515.47 16102.1 6636.08 6944.45 1034.53 5909.92
internal_count=526971 136138 390833 362160 118633 103735 54572 51921 40527 9744 310239 280562 29677 258774 31685 14898 3497 11401 6923 49163 169447 96812 74975 63700 15340 72635 29747 28673 4211 24462
is_linear=0
shrinkage=0.05


Tree=30
num_leaves=31
num_cat=0
split_feature=10 10 5 37 43 10 33 43 33 33 12 33 13 34 11 20 1 20 4 5 26 37 33 33 33 43 25 33 33 33
split_gain=1100.17 555.427 361.43 414.061 382.644 315.965 288.076 242.33 224.886 301.984 175.354 174.096 167.525 158.227 163.969 157.134 147.959 139.588 139.003 134.853 129.113 126.682 124.297 317.876 308.74 123.067 119.095 117.051 221.115 112.883
threshold=0.013995861876002606 0.031775644949067185 -0.17125683257482707 0.0013299350198934248 1.5000000000000002 0.0085406396493599192 2653.5000000000005 3.5000000000000004 3261.5000000000005 2967.5000000000005 1.7285714285714291 3459.5000000000005 0.0040404040404036102 3.0750027876182671 0.51812688662226358 0.4453237665991297 -0.10154970553036023 0.11297776638017075 -0.097115519400947023 -0.081481481481481197 0.66710296684118686 -0.067081297201299114 1396.5000000000002 1569.5000000000002 740.50000000000011 2.5000000000000004 0.66041621588204391 1200.5000000000002 1188.5000000000002 202.50000000000003
decision_type=8 10 8 8 2 10 2 2 2 2 8 2 10 2 10 10 10 10 10 8 10 10 2 2 2 2 10 2 2 2
left_child=5 2 4 12 29 -1 -6 10 9 13 -5 -8 -4 22 -15 -7 -3 -18 -17 20 -14 -21 24 26 -9 -13 -24 28 -26 -2
right_child=1 16 3 7 6 15 11 8 -10 -11 -12 25 19 14 -16 18 17 -19 -20 21 -22 -23 23 -25 27 -27 -28 -29 -30 -31
leaf_value=-0.033951133924607656 0.012270971377072861 0.02650718111094862 -0.02637231021192394 -0.010840107564764584 -5.3381917009799762e-05 -0.033806914024960874 0.032923950697669783 0.03063007015321836 -0.011559956215330262 0.027459795528622599 0.0023592189522336372 0.020685449850052481 0.0025969003890979367 0.024670669247379914 0.00023737901663785349 0.019341655397648119 -0.025038085707006455 0.0074758476105009387 -0.010835197621600502 0.0030081486824197414 -0.011271460723835279 -0.0087815780004422139 0.066880250741717773 0.008232202921315818 -0.0077117744793153385 -0.024355695325237924 0.029476341105672967 -0.0309926374591557 0.080159425819481031 0.039914388222644807
leaf_weight=1879.5135868191719 572.67486959695816 1016.0042617619038 971.56737827509642 5006.3638954311609 8337.6139864996076 713.16271141916513 1206.859829954803 671.90300036966801 1809.0843676179647 1630.5027628093958 5058.8488782048225 333.06936242431402 7708.7371019124985 731.89632768929005 11108.632132023573 402.02411738783121 334.43103126436472 25500.297908738256 7513.8858007267118 2572.2422008067369 2145.3061639219522 19952.040427744389 338.88007405400276 2184.6595204919577 856.10700877010822 278.44113448262215 572.06072950363159 468.26613268256187 78.125374764204025 1039.930009290576
leaf_count=15257 2373 4126 6712 23212 36002 5111 5186 2861 8194 6892 23115 1471 36626 3269 49058 1908 2272 106154 43181 11454 9706 97367 1504 9573 3792 1231 2424 2127 352 4284
internal_value=3.33505e-05 0.0016132 -0.000579976 -0.0020637 0.00747184 -0.0153741 0.00387925 0.0021451 0.00527102 0.00690444 -0.00420603 0.0219112 -0.00591477 0.00493415 0.00174767 -0.0113278 0.00779101 0.00705495 -0.00930261 -0.00530091 -0.000422356 -0.00743521 0.012232 0.0185784 0.00276129 0.000176713 0.043391 -0.01059 -0.000363527 0.0300975
internal_weight=112993 102485 75633.8 63865.2 11768.6 10508.6 10156 30515.3 20450.1 18641 10065.2 1818.37 33349.9 17010.5 11840.5 8629.07 26850.7 25834.7 7915.91 32378.3 9854.04 22524.3 5170 3095.6 2074.4 611.51 910.941 1402.5 934.232 1612.6
internal_count=526794 461337 348785 298238 50547 65457 43890 136373 90046 81852 46327 7888 161865 74960 52327 50200 112552 108426 45089 155153 46332 108821 22633 13501 9132 2702 3928 6271 4144 6657
is_linear=0
shrinkage=0.05


Tree=31
num_leaves=31
num_cat=0
split_feature=13 28 13 38 7 5 28 32 32 33 33 43 43 33 33 1 43 33 33 32 12 32 1 32 32 38 32 33 12 43
split_gain=897.863 463.096 466.168 348.383 283.676 254.285 231.029 207.27 252.788 482.128 268.913 253.771 295.113 191.513 190.564 180.211 175.563 169.175 484.23 283.094 207.446 174.22 163.093 179.513 149.127 151.472 145.876 240.477 254.835 231.094
threshold=0.033109776734898934 0.010827658085253071 1.1796119636642291e-17 -0.14124568115027467 -0.19995800083998314 -0.072131147540983639 0.12961053524038707 3.5000000000000004 8.5000000000000018 2529.5000000000005 280.50000000000006 1.0000000180025095e-35 1.5000000000000002 3027.5000000000005 3157.5000000000005 -1.0000000180025095e-35 1.0000000180025095e-35 2296.5000000000005 2263.5000000000005 5.5000000000000009 4.5571428571428632 11.500000000000002 0.005333333333333524 1.5000000000000002 2.5000000000000004 -0.084401757743088265 10.500000000000002 740.50000000000011 1.3214285714285723 5.5000000000000009
decision_type=10 10 8 8 8 8 10 2 2 2 2 2 2 2 2 10 2 2 2 2 8 2 8 2 2 8 2 2 10 2
left_child=1 2 -1 -2 -4 15 22 24 9 10 -9 -12 -13 16 -11 -3 -10 18 19 20 -6 -20 -7 -24 25 -5 27 28 -18 -29
right_child=3 5 4 7 17 6 -8 8 13 14 11 12 -14 -15 -16 -17 26 -19 21 -21 -22 -23 23 -25 -26 -27 -28 29 -30 -31
leaf_value=-0.033395940648353738 0.01664970738693269 0.001310763185657053 0.0017712334299487449 0.021772528650255391 -0.018365822675298668 -0.0091825816196992281 0.01590935819220362 0.019040796236763424 -0.016703662837911634 0.033198358699391022 -0.034106334931009875 0.043914376175315711 0.0012476309464522686 -0.010996917809787812 0.013835307274271104 0.018991781766479757 0.03514564394781055 -0.016614434842913976 0.0020314865525017409 -0.0018980086832527058 0.0051218594344583958 0.1318500570108706 0.024828511372394047 -0.001526726985680716 -0.011147492801719528 -0.0010863705081984507 0.008876022764349482 -0.007726151419972265 0.0012696069267943587 0.041515905366357887
leaf_weight=1784.763675943017 5093.232407271862 2948.8104639574885 6944.1490665078163 788.73749516904354 6489.7919008657336 7813.7153325229883 1541.1069051474333 2550.994057610631 1087.845767185092 2133.1308894306421 487.33092184364796 419.19574697315693 12203.653270840645 2949.0314933508635 3142.7720607966185 2818.6999177411199 836.25298447906971 6469.3121847063303 37.20381735265255 9137.8491219803691 1099.3232237920165 84.642739653587341 747.75912702828646 4752.6471820324659 3597.3028595596552 8927.0808307826519 8044.0745185762644 5938.6702597737312 1651.5464909821749 248.22109206020832
leaf_count=14589 20699 13811 30730 3341 34450 40539 6916 10545 5104 8719 2050 1822 52505 12842 13248 13021 3555 35506 192 46205 5890 438 3486 22518 16709 39171 33922 25805 6974 1027
internal_value=-3.73746e-05 -0.00480315 -0.00856416 0.00413927 -0.00709967 0.00104133 -0.00241816 0.00298087 0.00471525 0.00859164 0.00418783 0.00129772 0.00266456 0.000804969 0.0216641 0.00995184 0.00275953 -0.00974142 -0.00710245 -0.0078259 -0.0149635 0.0922121 -0.00453957 0.00205617 -0.00245068 0.000769332 0.00402595 -0.000471542 0.0126568 -0.00575054
internal_weight=112769 52669.8 32047 60099.1 30262.3 20622.7 14855.2 55005.8 41692.7 20937.1 15661.2 13110.2 12622.8 20755.6 5275.9 5767.51 17806.6 23318.1 16848.8 16727 7589.12 121.847 13314.1 5500.41 13313.1 9715.82 16718.8 8674.69 2487.8 6186.89
internal_count=526329 268291 168000 258038 153411 100291 73459 237339 178118 88889 66922 56377 54327 89229 21967 26832 76387 122681 87175 86545 40340 630 66543 26004 59221 42512 71283 37361 10529 26832
is_linear=0
shrinkage=0.05


Tree=32
num_leaves=31
num_cat=0
split_feature=10 10 19 13 19 13 32 13 5 36 34 3 28 32 43 33 33 1 28 33 19 32 32 33 33 33 12 28 32 28
split_gain=955.028 484.664 306.555 248.373 179.927 176.551 185.045 151.84 150.442 148.421 136.589 135.815 142.94 123.86 121.45 115.687 150.179 134.757 165.071 123.722 107.254 107.231 364.533 114.965 105.94 105.552 105.422 102.811 101.502 118.888
threshold=0.013414337655440686 0.02613378968618427 -0.23995518928957396 0.0073509344438391555 -0.60660887777372519 0.0040404040404036102 3.5000000000000004 0.042352687122268015 -0.18774728282117467 0.99959903769045755 2.788088175025528 -0.11176470588235281 0.010036515558931933 10.500000000000002 1.5000000000000002 323.50000000000006 374.50000000000006 -0.071729957805907116 -0.17167939907207921 202.50000000000003 1.0000000180025095e-35 1.5000000000000002 4.5000000000000009 2296.5000000000005 2653.5000000000005 2726.5000000000005 1.2214285714285726 0.074793628054823411 2.5000000000000004 -0.068314310379080992
decision_type=8 10 8 10 10 10 2 10 10 2 2 8 10 2 2 2 2 10 10 2 10 2 2 2 2 2 10 10 2 10
left_child=3 2 5 -1 13 -2 28 27 14 -10 -5 -4 -13 15 25 19 -17 -18 -19 -3 -12 23 -23 26 -16 -6 -14 -8 29 -7
right_child=1 4 11 10 8 6 7 -9 9 -11 20 12 21 -15 24 16 17 18 -20 -21 -22 22 -24 -25 -26 -27 -28 -29 -30 -31
leaf_value=-0.037278102485575289 -0.03037363272782 -0.0068190471657302056 0.020801631883417031 0.0069386512910911058 0.038132688106033735 0.018365774597299368 -0.0054348278779123797 0.007819019577767209 0.0049584774011201182 0.023369304268121761 -0.019894995555588324 -0.0023101348068934515 0.03673152698817473 0.009467798942105702 0.0071870596426195053 -0.032454663044342788 0.017103313776295089 -0.041350656682181158 -0.0024741583115809483 0.022390935149976587 -0.0071478924011473656 -0.017242130083572189 0.0071737920850129706 -0.0046124334263697659 0.025374954665522049 -0.036673365878315982 0.0089788380589854375 0.0072285531181327072 -0.019066786914857803 -0.0095924018958076195
leaf_weight=1166.9274157360196 690.7699286043644 578.25297945737839 926.05300912261009 807.03286052495241 733.71115820109844 419.94075395166874 16124.331185311079 3094.240828499198 24853.739120215178 1145.1220700442791 4132.1012564897537 13386.562115617096 721.86053535342216 3316.885851867497 3102.2432695925236 418.55691975355148 857.03978462517262 280.63718880712986 10093.805390842259 971.65246176719666 2747.347351744771 1826.4464937075973 9378.4459421932697 491.16634248197079 1079.1485793441534 50.394510164856911 650.57725015282631 1779.707498639822 2828.7026314884424 4022.1226626113057
leaf_count=11990 5296 2442 3888 4596 2983 2101 78959 13741 104809 4702 25134 63018 3125 13911 12778 1786 3519 1415 44295 4040 15701 8415 41026 2163 4517 219 2857 7880 14793 20530
internal_value=-2.10307e-05 0.0013232 -0.00181293 -0.0157845 0.00504452 -0.00539917 -0.00478891 -0.0024085 0.00729248 0.00576938 -0.0125215 0.00198008 0.00132124 0.000830218 0.0152673 -0.00134024 -0.00304755 -0.00195166 -0.0035258 0.011493 -0.0148044 0.00504099 0.00319389 0.0161467 0.0118811 0.0333249 0.0235759 -0.00417606 -0.0116636 -0.00694931
internal_weight=112676 103822 56340.9 8853.41 47481.2 28959.8 28269 20998.3 30964.4 25998.9 7686.48 27381.1 26455.1 16516.8 4965.5 13199.9 11650 11231.5 10374.4 1549.91 6879.45 13068.5 11204.9 1863.6 4181.39 784.106 1372.44 17904 7270.77 4442.06
internal_count=526629 469208 267792 57421 201416 143300 138004 100580 130008 109511 45431 124492 120604 71408 20497 57497 51015 49229 45710 6482 40835 57586 49441 8145 17295 3202 5982 86839 37424 22631
is_linear=0
shrinkage=0.05


Tree=33
num_leaves=31
num_cat=0
split_feature=10 10 33 32 32 32 43 33 33 33 33 33 33 1 32 11 33 43 33 33 5 5 28 0 0 43 10 3 32 13
split_gain=905.795 430.112 276.38 236.854 315.298 277.272 453.016 348.142 295.04 294.136 447.314 271.475 246.544 245.81 244.359 312.219 234.686 204.894 342.624 276.531 198.352 174.121 173.466 167.162 179.666 161.982 152.631 152.387 144.702 150.917
threshold=0.013709851511131426 0.02488625266312065 3334.5000000000005 3.5000000000000004 1.5000000000000002 8.5000000000000018 1.5000000000000002 2529.5000000000005 3261.5000000000005 1555.5000000000002 1498.5000000000002 2432.5000000000005 3574.0000000000005 0.010814988094740909 5.5000000000000009 1.5405960289383354 1396.5000000000002 2.5000000000000004 740.50000000000011 444.50000000000006 -0.26645663536772374 -0.12709664670498286 -0.053972013590804807 0.07308331203680031 -0.045454545454545352 1.0000000180025095e-35 0.0085406396493599192 -0.064061651737242029 10.500000000000002 0.0073509344438391555
decision_type=8 10 2 2 2 2 2 2 2 2 2 2 2 8 2 8 2 2 2 2 10 10 10 10 10 2 10 8 2 10
left_child=2 3 26 4 13 6 27 11 -9 10 17 14 22 -2 15 21 -16 -7 19 -19 -3 -8 -10 24 -22 -6 -1 -5 -11 -30
right_child=1 20 -4 5 25 9 7 8 12 28 -12 -13 -14 -15 16 -17 -18 18 -20 -21 23 -23 -24 -25 -26 -27 -28 -29 29 -31
leaf_value=-0.027471381096329663 -0.0064196454448993377 0.015359669474137553 -0.034960948883895906 0.055648109578252475 -0.034784857667622841 -0.010121683276941434 0.0005726745830227964 0.030400206139965431 0.032534449765672796 -0.017739842905960236 0.040354792116244577 -0.029879410551092441 0.029572964789233998 0.017924084568796628 -0.0018207592618928682 0.042998087723130046 0.015609491969582355 0.0029205615239347887 -0.0060024715733152049 0.038949750394211571 0.015514165932304515 -0.017124999498394945 -0.016130380271464059 0.016960792375270338 0.002210063338738872 -0.011516836819582281 -0.0082895424582597865 0.020374609667632677 -0.04303263157674226 -0.0015941652422498086
leaf_weight=1221.9056933820248 2772.7863894030452 3882.439452111721 1441.1307331845164 427.66093429923058 836.35432122647762 4003.9340108335018 2318.3704200461507 1756.6031597554684 215.53059093654156 4401.1155949607491 681.00932928919792 802.57573645561934 590.80971971154213 1656.4491776078939 4379.7975036650896 291.48293995857239 3454.2167371213436 1105.7575900703669 2965.1888968870044 1027.3930460885167 2693.0683365911245 3470.0421138480306 1217.5284802094102 2239.9444538503885 43975.747161544859 7078.1976226493716 6855.2830174863338 1077.9952692687511 234.86763072758913 3406.9824077934027
leaf_count=9749 13697 16048 11702 1801 4078 19172 10453 8025 977 21704 3051 3785 2755 7408 20356 1281 15882 4918 13988 4560 11077 17316 5850 9141 188646 36262 40043 4826 1852 16075
internal_value=-3.29533e-05 0.00133126 -0.0147902 -0.00198361 -0.00799762 -2.12007e-05 0.00401989 0.00187306 0.0154071 -0.00455566 0.00126779 -0.00160365 0.00239391 0.00268444 2.73412e-05 -0.00749414 0.00586468 -0.00165661 0.00499137 0.0202734 0.0044817 -0.0100367 -0.00881124 0.00361819 0.00297779 -0.0139756 -0.0111913 0.0303936 -0.0116392 -0.00426659
internal_weight=112482 102964 9518.32 50172.6 12343.8 37828.9 20002.6 18497 3780.47 17826.2 9783.28 14716.5 2023.87 4429.24 13913.9 6079.9 7834.01 9102.27 5098.34 2133.15 52791.2 5788.41 1433.06 48908.8 46668.8 7914.55 8077.19 1505.66 8042.97 3641.85
internal_count=526478 464984 61494 240072 61445 178627 93307 86680 17607 85320 45689 69073 9582 21105 65288 29050 36238 42638 23466 9478 224912 27769 6827 208864 199723 40340 49792 6627 39631 17927
is_linear=0
shrinkage=0.05


Tree=34
num_leaves=31
num_cat=0
split_feature=10 19 0 32 32 13 13 5 37 28 0 37 35 32 32 33 33 28 28 34 33 33 34 33 28 28 1 33 32 32
split_gain=757.765 402.298 441.056 287.578 275.688 264.741 232.671 190.383 178.275 227.406 176.319 161.041 152.087 150.596 175.52 157.544 179.881 144.666 140.445 166.863 137.34 158.876 133.977 150.884 128.546 126.14 125.692 120.926 116.668 116.532
threshold=0.013414337655440686 -0.17676206274038744 -0.03901716870949589 3.5000000000000004 2.5000000000000004 0.0040404040404036102 0.011377919685116597 -0.18774728282117467 -0.058084772370537378 0.077993082895717963 0.094908430597202234 -0.074749871209532678 0.073077114268841128 10.500000000000002 9.5000000000000018 1134.5000000000002 1555.5000000000002 -0.10138227222431674 0.022034480513234787 3.0927440999241704 3334.5000000000005 3320.5000000000005 2.788088175025528 1423.5000000000002 0.0012709092498818647 0.10022553179885109 -0.028169014084506835 1092.5000000000002 7.5000000000000009 8.5000000000000018
decision_type=8 10 10 2 2 10 10 8 8 10 10 10 10 2 2 2 2 8 8 2 2 2 2 2 10 10 8 2 2 2
left_child=5 2 26 4 11 -1 12 -3 17 13 18 -4 24 14 -10 -15 -17 -8 -9 -20 21 22 23 -7 -5 -24 -2 -16 -26 -21
right_child=1 7 3 6 -6 20 8 10 9 -11 -12 -13 -14 15 27 16 -18 -19 19 29 -22 -23 25 -25 28 -27 -28 -29 -30 -31
leaf_value=-0.03983415758740716 0.024405693738625483 0.013229991990073426 0.017766792306061551 -0.026533263399462482 -0.018392609759733034 -0.0090713178096666434 0.021552926494165861 -5.3492254826604166e-06 -0.0029713959295102916 0.0083826068800886937 0.025154520889889644 -0.005643594701895736 0.067436035251596707 -0.0066646432291321937 -0.0023142179264072685 0.026668020815656016 0.0033383947642704362 0.0040185588015257002 0.013552297323561186 0.0061857008580053045 -0.029225950730493722 0.11161340332398995 -0.013595461488460459 0.038419354779088359 0.017818405345570477 0.012899439725631043 0.00077428257100548492 -0.021792857461662971 -0.023443624535360964 -0.0037158120819175003
leaf_weight=895.96591199934483 2031.2113900259137 5846.7587757110596 806.19151708483696 1472.9709910005331 4787.8339063152671 378.56783082336187 1481.2354735434055 19061.908140905201 16364.120476126671 5314.1324262470007 923.17730098962784 8274.3321266844869 53.15203894674778 2543.2637050151825 1202.8324262350798 1082.3399542123079 3492.0152707397938 5714.4425188004971 5350.0795514956117 9774.7918391153216 924.99517379701138 27.327766411006451 5686.2337302342057 299.62180515378714 387.1800679191947 487.7658937945962 778.29399843513966 2360.3302322775126 307.26570644974709 4269.4539615735412
leaf_count=10042 8543 24327 3420 9506 24224 2129 6249 86507 76532 22345 3756 39982 228 11649 5679 4878 15821 24391 22499 41607 6464 168 34562 1632 2007 2473 3363 11452 1891 18160
internal_value=8.06676e-05 0.00127004 -0.00146957 -0.0024455 -0.00868411 -0.0140925 -0.000374441 0.00481089 0.000509686 -0.00107322 0.00356088 -0.00356516 -0.0161233 -0.00293122 -0.00516108 0.00331173 0.00885843 0.00762802 0.00304251 0.00603812 -0.0111374 -0.00870523 -0.00918508 0.0119099 -0.0181724 -0.0115023 0.0178593 -0.0152174 -0.000438465 0.00317564
internal_weight=112380 103679 58453.1 55643.6 13868.4 8700.48 41775.3 45226.2 39554.7 32359 39379.4 9080.52 2220.57 27044.9 19927.3 7117.62 4574.36 7195.68 38456.2 19394.3 7804.51 6879.52 6852.19 678.19 2167.42 6174 2809.51 3563.16 694.446 14044.2
internal_count=526486 469016 272160 260254 67626 57470 192628 196856 178996 148356 172529 43402 13632 126011 93663 32348 20699 30640 168773 82266 47428 40964 40796 3761 13404 37035 11906 17131 3898 59767
is_linear=0
shrinkage=0.05


Tree=35
num_leaves=31
num_cat=0
split_feature=13 33 3 43 33 28 12 0 33 33 8 9 32 5 14 38 5 25 33 0 4 33 33 28 33 33 4 25 13 12
split_gain=639.536 422.337 331.943 308.789 297.255 293.912 267.948 217.341 187.796 183.998 188.016 166.989 161.497 158.642 158.353 155.41 154.005 149.628 141.893 132.414 125.184 122.914 192.02 119.89 172.166 117.527 115.106 126.555 109.567 107.265
threshold=0.021030577335931788 3261.5000000000005 -0.10894203736120754 2.5000000000000004 405.50000000000006 0.15086305538850767 0.50000000000000067 0.0043111896619311149 3244.5000000000005 1409.5000000000002 0.0054225044962927802 0.043474460703379229 4.5000000000000009 -0.081481481481481197 1.0000000180025095e-35 -0.14522632923308418 -0.12123837075969489 0.11605619210141395 202.50000000000003 0.07308331203680031 -0.05454545454545489 1512.5000000000002 350.50000000000006 -0.049800188506797051 847.50000000000011 1038.5000000000002 -0.0043557174522768629 0.50879772961816316 1.1796119636642291e-17 13.325000000000003
decision_type=10 2 8 2 2 10 10 10 2 2 10 8 2 8 10 8 8 10 2 10 10 2 2 10 2 2 10 10 10 10
left_child=1 3 14 4 13 7 9 12 11 -5 -11 25 23 -1 15 17 -9 -2 -15 -18 -3 22 -7 24 -4 -8 -12 -28 -6 -27
right_child=2 20 5 6 28 21 8 16 -10 10 26 -13 -14 18 -16 -17 19 -19 -20 -21 -22 -23 -24 -25 -26 29 27 -29 -30 -31
leaf_value=0.028270281079541937 0.019364043046454265 -0.0027297227467185277 -0.014752109370567958 -0.0011438423941409418 -0.032128501435299765 0.019918526905534899 0.0060748639322336026 0.010253726230448441 0.099806760336000236 -0.010448055647999652 0.0147710196743408 0.06351630428792833 -4.0815266065989913e-05 -0.013967606255186449 0.0026685687192095375 0.010311099771229255 0.00044458062555891736 0.050629177617390768 0.032973129232340491 0.014765831765730906 -0.032571052488957315 0.015983760424081336 -0.010980438018393051 -0.0086168660397718307 0.0079608363572287975 -0.007032469500134488 0.06869690850208976 0.027093078240101355 -0.014719223146833264 -0.029373769193703204
leaf_weight=545.52126076072454 1173.2231161445379 423.47026178240776 1178.4715423732996 1072.789142139256 1102.0835421010852 831.45881026983261 1537.6046692058444 6356.3064305633307 42.884706944227219 282.75469384342432 440.23644726723433 87.382776886224747 32887.361827239394 843.4954603984952 2755.1697565168142 2634.9243011474609 22051.320934712887 567.91773164272308 198.96560642123222 1741.4926030635834 2066.2095623165369 4297.8053333461285 1272.0387322157621 12166.128174692392 2857.1498401463032 4533.53185646981 352.50841330736876 379.65765569359064 5022.6007950678468 609.48235675692558
leaf_count=2433 4768 2621 5562 5628 8714 3382 7724 27367 221 2210 2332 370 146960 4362 11418 11238 99159 2306 944 7152 15872 17574 5285 57628 13403 25080 1714 1939 27986 3508
internal_value=-3.75785e-05 -0.00825848 0.00169407 -0.00544972 -0.0128537 0.000831008 0.000664984 -1.53763e-06 -0.0044948 0.0145667 0.026149 -0.00515569 -0.00205373 0.00642384 0.0120586 0.0179706 0.00333987 0.029562 -0.00500843 0.00149281 -0.0274953 0.0111366 0.00123313 -0.00613968 0.00132826 -0.00605393 0.0349753 0.0471236 -0.0178519 -0.00968007
internal_weight=112312 19541.2 92770.8 17051.5 7712.67 85639.5 9338.83 79238.2 6810.89 2527.95 1455.16 6768 49089.1 1587.98 7131.23 4376.07 30149.1 1741.14 1042.46 23792.8 2489.68 6401.3 2103.5 16201.7 4035.62 6680.62 1172.4 732.166 6124.68 5143.01
internal_count=526860 113658 413202 95165 44439 383472 50726 357231 36903 13823 8195 36682 223553 7739 29730 18312 133678 7074 5306 106311 18493 26241 8667 76593 18965 36312 5985 3653 36700 28588
is_linear=0
shrinkage=0.05


Tree=36
num_leaves=31
num_cat=0
split_feature=10 10 13 5 43 37 33 32 37 19 43 32 32 33 33 33 33 33 33 3 43 34 34 32 3 32 33 33 9 33
split_gain=687.244 306.238 306.007 232.197 281.733 261.632 214.153 162.23 159.171 148.075 145.613 145.569 264.243 132.65 123.175 213.667 109.297 124.513 583.114 118.546 108.653 139.861 123.968 125 108.61 108.12 213.083 222.334 168.52 134.271
threshold=0.015695779538093185 0.032434883788353748 0.0017404590294615274 -0.18774728282117467 1.5000000000000002 0.005964535213341172 2653.5000000000005 4.5000000000000009 -0.048991354466912489 -0.12574639889640202 2.5000000000000004 5.5000000000000009 4.5000000000000009 3396.5000000000005 3261.5000000000005 3108.5000000000005 3108.5000000000005 2696.5000000000005 2653.5000000000005 -0.033447555407210221 2.5000000000000004 3.8659011068458278 3.0750027876182671 11.500000000000002 -0.053097345132743605 8.5000000000000018 2848.5000000000005 2878.5000000000005 0.011468451481786645 2432.5000000000005
decision_type=8 10 10 8 2 8 2 2 10 10 2 2 2 2 2 2 2 2 2 10 2 2 2 2 10 2 2 2 10 2
left_child=2 3 24 4 11 7 -6 16 -4 -10 -8 12 -2 -12 15 20 17 18 -5 -20 21 -7 23 -22 -1 26 29 -28 -27 -9
right_child=1 -3 8 5 6 14 10 25 9 -11 13 -13 -14 -15 -16 -17 -18 -19 19 -21 22 -23 -24 -25 -26 28 27 -29 -30 -31
leaf_value=0.014558245118904762 0.020506235418811136 0.0062988528316940129 0.0099401691736958897 -0.010892568653435915 -0.00014961253942322116 -0.0086321038247494219 0.03466656971207753 0.0014663208754907521 -0.014437499715560458 -0.0037150993071451443 0.02040434282344137 -0.0040832352407111196 0.074322801172768502 -0.026574135675038687 -0.0080994025796856887 0.024530402238419517 0.004806778649716543 -0.02654201596313311 0.089695636939568224 0.027876231726904663 0.0086732214792078679 0.0051030445288357791 0.0018809825590142854 0.034805744352857694 -0.042986761965354878 -0.02303062556066357 0.081481228613494217 0.01324200784202228 -0.0028619503398627948 -0.017546850143363209
leaf_weight=90.69254295527935 791.17320862412453 25009.018662072718 1126.1332898512483 9373.0242733284831 6833.6465453132987 4161.1763827353716 832.12834358215332 7043.6927454173565 7216.0703873410821 5814.1835936978459 405.72334741801023 284.08977594971657 320.48826132714748 238.64621683955193 2529.1847112476826 1149.978019759059 1315.9531636163592 1082.3308709710836 155.0979879796505 155.09872888028622 4416.1232185512781 3341.9043893143535 11333.602884754539 510.50115956366062 855.14576437324286 1133.973670579493 129.17791604250669 1571.3265827745199 11951.667318738997 1069.5669703856111
leaf_count=799 3253 104710 5436 46739 29177 18945 3546 32543 43374 32315 1708 1179 1301 1048 11365 4741 6640 5412 706 732 19084 15201 49381 2136 10063 6840 581 7196 55666 5230
internal_value=-1.15619e-05 0.00153112 -0.00993416 -0.000121974 0.0070725 -0.00124061 0.00358133 -0.00410767 -0.00809446 -0.0096531 0.0208492 0.0278585 0.0360214 0.00300558 0.00241405 0.00348137 -0.0087955 -0.0104582 -0.00866046 0.0587859 0.00246274 -0.00251441 0.00475939 0.0113811 -0.037469 -0.00163442 0.00233283 0.0184258 -0.00460972 -0.00104018
internal_weight=112241 97138.3 15102.2 72129.3 9705.9 62423.4 8310.14 34980.9 14156.4 13030.3 1476.5 1395.75 1111.66 644.37 27442.5 24913.3 12081.5 10765.6 9683.22 310.197 23763.3 7503.08 16260.2 4926.62 945.838 22899.4 9813.76 1700.5 13085.6 8113.26
internal_count=527047 435060 91987 330350 41212 289138 35479 168285 81125 75689 6302 5733 4554 2756 120853 109488 60229 53589 48177 1438 104747 34146 70601 21220 10862 108056 45550 7777 62506 37773
is_linear=0
shrinkage=0.05


Tree=37
num_leaves=31
num_cat=0
split_feature=10 10 19 10 32 2 19 3 28 28 32 12 32 5 11 43 28 28 32 1 3 36 5 28 4 26 10 19 12 43
split_gain=652.549 363.574 270.813 173.518 169.921 159.754 154.604 134.144 154.484 113.563 113.042 101.278 129.453 120.938 120.735 139.648 119.548 156.211 99.7894 98.1979 96.6834 96.5342 96.4142 93.4722 144.814 93.3593 126.074 92.6239 91.3366 85.1246
threshold=0.012291440398207683 0.02488625266312065 0.40908527381167231 0.0075109496556398933 3.5000000000000004 -0.084728584996411435 -0.48939830887947672 -0.082437275985662847 0.026549945098077617 -0.10867377234002049 10.500000000000002 3.9071428571428579 1.5000000000000002 -0.060267857142857088 1.4331046437886779 1.5000000000000002 -0.084019382244942972 0.0024945377079236947 11.500000000000002 -0.033333333333333263 0.0053763440860218345 0.97124369469941285 -0.066150853038012533 inf -0.14030162885885364 0.82244210731802558 0.030697719267175596 -0.05884847634426376 0.049999999999999968 1.0000000180025095e-35
decision_type=8 10 8 10 2 10 10 10 10 8 2 10 2 10 8 2 10 10 2 10 8 2 10 8 10 10 10 10 10 2
left_child=3 2 4 -1 11 19 10 9 28 18 -7 12 14 29 15 -2 -17 -18 -6 -3 -19 22 25 24 -4 -8 -27 -5 -9 -14
right_child=1 5 23 27 7 6 21 8 -10 -11 -12 -13 13 -15 -16 16 17 20 -20 -21 -22 -23 -24 -25 -26 26 -28 -29 -30 -31
leaf_value=-0.033912375767004919 0.039068967295723088 0.016466414734595376 0.022614987444039399 -0.01790731953471951 0.035761816609820862 -0.0025009040021367053 0.011712886338923791 -0.036537823244406742 0.0021841311608476388 0.0031960417812937642 0.007027164195197529 0.0012171055464078461 -0.03740856367222288 -0.023357000709620507 -0.034963900453914155 0.074629650721115812 -0.022245567661606291 -0.0090932149853186171 -0.050846982366071561 -0.0027238050137292896 0.019201377788989449 0.017828150774059703 0.0023666963810077646 -0.014644061240011412 0.0029458037981652495 -0.01583935506388438 0.007836067439467867 -0.0040003559796752738 -0.0057843415540211017 -0.0048997724764653951
leaf_weight=1120.6804258152843 212.08829273283482 3532.0567804425955 1005.7065865546465 2874.4870552793145 465.99368638545275 15591.639391355217 6783.5522767007351 244.80445768684149 7930.6698019057512 2177.7004229947925 3889.5041278228164 1607.1341553330421 223.61552374064922 3109.4433268383145 269.4270925745368 47.808415770530701 818.18197873234749 565.08918949961662 35.814433068037033 821.71303851902485 648.27532504498959 1429.9727528244257 18096.430581972003 680.83548633754253 13460.142386510968 806.59907867014408 1856.57267588377 2051.9833569079638 17530.048733524978 2024.1409285366535
leaf_count=11145 981 14526 4289 19705 1987 68881 28569 2302 36609 9721 16440 8383 1073 17342 1356 225 4434 2923 164 3410 2996 5876 76212 3378 61368 3414 7639 12477 88016 10307
internal_value=-0.000179457 0.000733052 -0.00219022 -0.0161544 -0.00444817 0.0036701 0.00284575 -0.00250904 -0.00361879 0.00813722 -0.000598579 -0.0102268 -0.0125495 -0.0169697 -0.00330272 0.000419987 -0.0035221 -0.00536125 0.0295805 0.0128445 0.006024 0.00516167 0.00450406 0.00346114 0.00431326 0.00859845 0.000665454 -0.0121148 -0.00620789 -0.00813387
internal_weight=111912 105865 53056.9 6047.15 37910.2 52808 48454.3 28385 25705.5 2679.51 19481.1 9525.2 7918.07 5357.2 2560.87 2291.44 2079.35 2031.55 501.808 4353.77 1213.36 28973.1 27543.2 15146.7 14465.8 9446.72 2663.17 4926.47 17774.9 2247.76
internal_count=526148 482821 257854 43327 188819 224967 207031 138799 126927 11872 85321 50020 41637 28722 12915 11559 10578 10353 2151 17936 5919 121710 115834 69035 65657 39622 11053 32182 90318 11380
is_linear=0
shrinkage=0.05


Tree=38
num_leaves=31
num_cat=0
split_feature=10 3 0 0 1 32 33 33 12 43 11 33 32 13 13 33 32 33 11 33 33 33 32 43 13 33 32 33 13 33
split_gain=617.458 314.267 424.607 230.41 215.582 203.341 268.554 265.886 171.168 158.228 188.411 166.111 151.66 148.103 144.602 138.888 205.069 160.119 130.738 123.382 255.706 284.161 192.616 131.645 117.122 137.831 165.529 191.295 116.095 115.999
threshold=0.012453973423543175 -0.082437275985662847 0.0010851875142787739 0.083832335329341437 -0.033333333333333263 4.5000000000000009 3261.5000000000005 2967.5000000000005 0.049999999999999968 2.5000000000000004 0.32229441857794688 2907.5000000000005 8.5000000000000018 0.0059907361153669946 5.8980598183211455e-18 405.50000000000006 5.5000000000000009 374.50000000000006 1.2257633623400268 2848.5000000000005 2432.5000000000005 2263.5000000000005 11.500000000000002 6.5000000000000009 0.025718336064688138 510.50000000000006 1.5000000000000002 107.50000000000001 0.057393971431191328 2863.5000000000005
decision_type=8 8 8 8 10 2 2 2 10 2 8 2 2 10 10 2 2 2 8 2 2 2 2 2 8 2 2 2 10 2
left_child=8 4 5 -4 -2 24 7 9 -1 14 12 19 -11 -9 -7 16 -16 -18 -6 20 21 23 -23 -12 25 26 27 -3 -13 -21
right_child=1 2 3 -5 18 6 -8 13 -10 10 11 28 -14 -15 15 -17 17 -19 -20 29 -22 22 -24 -25 -26 -27 -28 -29 -30 -31
leaf_value=-0.04220316811934386 0.014211616747431592 -0.012903685706077906 0.002924046103000046 0.020364646877691409 0.0065080371789981275 -0.028075105269830914 -0.013285883535119135 -0.048283260648515874 -0.012701502288407066 0.058406801583042338 0.0015117243813318386 -0.036693329601043816 -0.029929822961328147 0.020125153648534698 0.038372682035934108 -0.0069250802945137668 -0.0032375630995079042 0.048935389039897997 -0.0088277309389747111 0.070057243511462364 -0.020140169632580952 0.018405861123670122 0.083714182370044243 0.036073770056356445 -0.0048369344753264008 -0.018007602279413653 -0.016779380276113021 0.050705213073945793 0.0099896887621266917 0.014249845661607301
leaf_weight=537.41754261404276 6898.8177383169532 205.28226923942566 37125.533914469182 1995.5208656340837 4166.0480487272143 648.90525791049004 3946.804294064641 82.265225663781166 5775.0221108719707 247.15199522674084 14800.426924869418 462.45112828910351 60.477239347994328 2069.3513844311237 414.07445266842842 8695.9589262083173 2210.5409097224474 157.5397235006094 2085.3765329122543 110.95610105991364 1246.4750223457813 338.75272506475449 169.33820226788521 280.74184775352478 11553.280672222376 4097.9689660742879 527.08821311593056 278.62288489937782 187.0457082092762 579.00791069865227
leaf_count=7042 29068 1007 166812 8213 17894 4297 19739 599 38138 1070 66621 2233 422 8719 1707 40571 9945 679 9231 475 5632 1520 734 1195 53427 22819 2664 1261 758 2396
internal_value=-2.26423e-05 0.00088504 -0.000143253 0.00381367 0.00811749 -0.00304371 -0.000964416 0.000519963 -0.0152132 -0.000674268 0.00223761 0.00158084 0.0410406 0.0175096 -0.00511227 -0.00381409 0.00590968 0.000233312 0.00139227 0.00250104 0.00165175 0.00339417 0.040172 0.00215511 -0.00762458 -0.0139285 0.00260587 0.023721 -0.0232493 0.0232245
internal_weight=111954 105642 92491.6 39121.1 13150.2 53370.5 36708.3 32761.5 6312.44 30609.8 18482.8 18175.2 307.629 2151.62 12127 11478.1 2782.16 2368.08 6251.42 17525.7 16835.7 15589.3 508.091 15081.2 16662.2 5108.96 1010.99 483.905 649.497 689.964
internal_count=526888 481708 425515 175025 56193 250490 169312 149573 45180 140255 83056 81564 1492 9318 57199 52902 12331 10624 27125 78573 75702 70070 2254 67816 81178 27751 4932 2268 2991 2871
is_linear=0
shrinkage=0.05


Tree=39
num_leaves=31
num_cat=0
split_feature=10 12 0 0 19 3 0 19 13 28 34 1 13 28 43 12 32 13 13 28 31 25 34 28 43 2 28 32 34 32
split_gain=526.56 367.186 228.718 268.78 211.099 169.184 137.092 136.29 122.799 118.609 112.916 92.2106 88.1654 86.3258 81.6948 162.537 105.236 75.998 74.4244 74.3731 75.5347 74.292 86.7947 81.7877 71.7018 70.6003 70.3583 67.9777 65.2259 63.325
threshold=0.019243940650937773 0.049999999999999968 -0.043478260869565237 0.00070383985455335651 -0.17676206274038744 -0.065217391304347713 0.083832335329341437 -0.58853354118762569 0.020122128834302516 -0.13812608360179696 2.8003208578683441 -0.023407022106632088 0.0084900288394299719 -0.17167939907207921 2.5000000000000004 0.15000000000000022 8.5000000000000018 0.021200792309428895 1.0000000180025095e-35 0.10022553179885109 5.0000000000000009 0.56135369780070177 7.0054263020428182 0.049203448852176972 4.5000000000000009 0.0055140724449670451 -0.15731550280923537 3.5000000000000004 4.2143470814835746 10.500000000000002
decision_type=8 10 10 10 10 8 10 10 10 8 2 10 10 8 2 10 2 8 10 10 2 10 2 10 2 10 10 2 2 2
left_child=1 -1 9 5 8 11 19 12 25 -2 24 -4 -7 -13 18 16 28 -11 -9 -5 -21 22 23 -12 27 -3 -8 -6 -16 -17
right_child=2 4 3 6 10 7 26 14 -10 17 21 13 -14 -15 15 29 -18 -19 -20 20 -22 -23 -24 -25 -26 -27 -28 -29 -30 -31
leaf_value=-0.039947112415757061 0.042553802117727642 -0.017437979942653579 0.0086926704189042407 0.0029679331749517496 -0.010773395985392859 -0.024003593299276871 -0.03870176538216797 -0.02670392111650188 -0.0053091463763764359 0.054736841756820878 -0.0005454354886589778 -0.039613962204760905 -0.0057439861396064613 0.00020603348881767042 0.067812656617572131 4.4289091769800361e-06 -0.042784062146618111 0.0099057209624286973 -0.0031297192373852208 0.012516141175173443 -0.0026701260993847319 -0.0064565780482104028 -0.027078627785562071 0.013163720282074534 0.054239025743009629 -0.0038821239015944041 0.018863343638979277 0.013272363107902186 -0.0083089670927959085 0.0099427757169465031
leaf_weight=762.8148038983345 322.86954173445702 4539.9463577196002 5890.3146947473288 26441.197273537517 362.8693273961544 698.20941054821014 54.521230578422546 349.28861717134714 9460.8315438702703 96.941677898168564 4271.185199201107 141.28193116933107 12432.165875300765 3715.3376330137253 176.10737305879593 11107.941343732178 31.194592848420143 3804.5575307011604 8069.4595794081688 4154.2433183342218 1019.8212667703629 5269.4736771956086 251.24469751864672 1459.7736126035452 90.549614384770393 1218.2203478962183 2008.9583969712257 1546.8641054183245 33.493417158722878 1873.1087463796139
leaf_count=9537 1355 29468 25213 116116 1918 4526 238 2135 48928 427 22528 685 57165 16310 763 48601 195 15867 36360 17023 4183 26690 1547 6914 405 7227 8217 7413 155 7924
internal_value=5.26823e-05 -0.00571275 0.00209761 0.00148542 -0.00479552 -0.00106426 0.00485568 -0.00269621 -0.00881304 0.0134298 -0.000181649 0.00475753 -0.00671494 -0.00125272 -0.000257851 0.00219353 0.0428969 0.0110197 -0.0041078 0.0040407 0.00952289 -0.00212766 0.0016855 0.00294652 0.0107647 -0.01457 0.0173424 0.00870342 0.0556487 0.00143849
internal_weight=111655 29233.8 82421 78196.6 28471 44517.9 33678.7 34771 15219 4224.37 13252 9746.93 13130.4 3856.62 21640.6 13221.8 240.795 3901.5 8418.75 31615.3 5174.06 11251.7 5982.2 5730.96 2000.28 5758.17 2063.48 1909.73 209.601 12981.1
internal_count=526033 162575 363458 345809 153038 200032 145777 157824 85623 17649 67415 42208 61691 16995 96133 57638 1113 16294 38495 137322 21206 57679 30989 29442 9736 36695 8455 9331 918 56525
is_linear=0
shrinkage=0.05


Tree=40
num_leaves=31
num_cat=0
split_feature=10 20 10 0 0 32 33 43 35 28 5 33 33 38 28 33 28 5 7 43 33 33 33 33 33 33 32 28 32 20
split_gain=531.054 336.587 232.638 182.8 219.222 163.789 178.255 178.09 138.769 133.784 134.992 126.079 168.088 133.238 144.174 158.656 121.511 111.747 158.144 111.257 264.544 320.134 159.544 238.801 110.83 269.883 107.897 129.927 153.426 101.128
threshold=0.019243940650937773 0.35137828449607561 0.0085406396493599192 -0.043478260869565237 0.00070383985455335651 3.5000000000000004 3623.0000000000005 6.5000000000000009 -0.01246105919004392 0.097640549379983149 -0.18472669114172521 3740.5000000000005 3758.5000000000005 0.033530514923950434 -0.065913048660920279 847.50000000000011 -0.15731550280923537 -0.12903225806451593 -0.016391627180799836 3.5000000000000004 740.50000000000011 696.50000000000011 1384.5000000000002 1801.5000000000002 2967.5000000000005 3261.5000000000005 4.5000000000000009 0.0056663496158671917 6.5000000000000009 0.24866042700508464
decision_type=10 8 8 10 10 2 2 2 10 10 8 2 2 8 10 2 10 10 10 2 2 2 2 2 2 2 2 10 2 10
left_child=1 -1 -3 16 8 7 9 11 -5 10 -7 13 -13 14 15 -4 -2 -6 -19 -12 21 -21 -22 26 -25 -26 -24 -28 -29 -10
right_child=3 2 5 4 17 6 -8 -9 29 -11 19 12 -14 -15 -16 -17 -18 18 -20 20 22 -23 23 24 25 -27 27 28 -30 -31
leaf_value=-0.029057995673530346 0.048956066837097023 -0.024535930459860092 -0.026888170154964086 0.0072602593021026153 0.010306139571569351 0.012915403180946174 -0.033133521724971554 0.045944290979464099 -0.016589799211034827 0.01265774173217369 -0.0067759729674632873 0.11443353394114744 -0.01247456751402797 0.00106620920044614 -0.019548023579233013 0.014939176258677946 0.010552297169997348 0.0011020256362913588 0.010706246635107029 0.0072014869308645868 -0.01539887606445918 0.060751679612981072 -0.029388833265618548 -0.014011917545244185 0.032961928036481535 -0.015749201574021272 0.032890364938021763 0.054929133514707996 0.0030421842869762165 -0.0012988295158331449
leaf_weight=1439.5530464723706 218.10645282268524 1362.0597493201494 337.07987684011459 4818.2388688847423 7013.5239132940769 1443.8759215399623 431.69136771559715 139.63964218646288 1113.9492473229766 1730.0774780586362 9481.7592397928238 46.37665867805481 59.650807119905949 1541.6927350610495 4384.7470998093486 692.41858942806721 3702.3742901533842 19863.996126532555 5465.4762154519558 1194.5925911590457 1912.700247310102 364.17612431943417 145.07845874875784 2252.6861127391458 495.26053597778082 667.7315571308136 718.50336509943008 156.37445792555809 1602.2289063856006 36873.176613539457
leaf_count=11774 921 12221 1809 21206 29551 6405 2910 631 7020 7650 49806 333 329 7406 25212 3600 15324 87395 22542 5628 9910 1650 820 11844 2560 3672 3853 812 8076 163779
internal_value=-5.07876e-05 -0.00542071 -0.00432871 0.00216322 0.0016141 -0.00340505 -0.00131235 -0.0099714 -0.000733331 -0.000692591 -0.00182287 -0.011077 0.0430353 -0.0119019 -0.0155945 0.00124401 0.0126888 0.00472089 0.00317438 -0.0029434 0.000878054 0.0197125 -0.00281457 0.00117194 -0.00754051 0.00499445 0.0125208 0.0149754 0.00765596 -0.00174723
internal_weight=111669 32600 31160.4 79068.8 75148.4 29798.3 22596.7 7201.61 42805.4 22165 20435 7061.97 106.027 6955.94 5414.25 1029.5 3920.48 32343 25329.5 18991.1 9509.33 1558.77 7950.56 6037.86 3415.68 1162.99 2622.19 2477.11 1758.6 37987.1
internal_count=526649 178911 167137 347738 331493 154916 115596 39320 192005 112686 105036 38689 662 38027 30621 5409 16245 139488 109937 98631 48825 7278 41547 31637 18076 6232 13561 12741 8888 170799
is_linear=0
shrinkage=0.05


Tree=41
num_leaves=31
num_cat=0
split_feature=10 32 32 32 32 34 43 32 32 13 12 13 12 32 3 28 1 28 3 0 31 43 5 5 32 11 32 34 28 10
split_gain=490.877 342.031 388.809 295.959 328.781 373.811 313.411 723.617 388.056 299.073 272.905 252.875 227.379 219.046 221.762 203.702 228.35 193.417 190.24 185.162 180.197 162.142 165.436 160.223 159.051 159.838 158.266 149.155 145.757 145.164
threshold=0.0093503637403269859 3.5000000000000004 2.5000000000000004 8.5000000000000018 10.500000000000002 2.8707317708119455 1.5000000000000002 5.5000000000000009 6.5000000000000009 0.047156752694064434 1.4071428571428581 0.057393971431191328 0.32857142857142901 4.5000000000000009 0.052897099718916991 -0.062383020873289764 6.274173847131693e-09 -0.01885401840909422 -0.04255319148936159 -0.028436018957345984 3.5000000000000004 2.5000000000000004 -0.20662894422079844 0.16296296296296267 9.5000000000000018 0.82947524072590784 1.5000000000000002 3.7184382656144543 -0.076886428532857723 0.018782564764720198
decision_type=8 2 2 2 2 2 2 2 2 8 8 10 8 2 10 10 8 10 8 10 2 2 8 8 2 8 2 2 8 10
left_child=-1 2 15 6 11 17 7 13 9 -8 -9 24 -7 18 -15 -2 29 -6 -3 20 -4 22 -14 -21 25 -5 -18 -27 -26 -17
right_child=1 3 19 4 5 12 8 10 -10 -11 -12 -13 21 14 -16 16 26 -19 -20 23 -22 -23 -24 -25 28 27 -28 -29 -30 -31
leaf_value=-0.023873759976405787 0.016232382572932576 0.043533399095657677 0.024419920544683959 -0.013283049376466755 0.0041857986990749083 -0.040392400813543214 -0.0042097073508187231 -0.023172864696841225 0.0091014846907539557 0.0096464174066395354 0.011644670546685946 0.0063362666021430925 0.014731574638297966 0.064860953118413556 0.019028674798355114 -0.018661929314111533 0.0096353818755859702 0.026701901453051513 0.0022529590081858406 -0.019720934195799778 -0.018128934426827639 0.0063077619403451414 -0.0066573982901689966 -0.00037528342112292458 0.0011972374350255484 0.0093273136213806035 -0.0047533264322407714 -0.0076013072028944381 -0.016717529575729768 -0.0038789199094895603
leaf_weight=2101.3686461448669 1679.749350965023 501.92433893680573 591.53205962479115 2725.1371896490455 1636.608208887279 339.78682205080986 16621.484341703355 957.48820952326059 17137.874183602631 5085.9432028084993 1365.3252014666796 3564.3582420647144 1036.3961810842156 870.03893422335386 378.85376845300198 2202.6161570027471 4953.0058831572533 2286.0226564779878 628.66831959784031 5922.8026509732008 429.51601938903332 7399.6759326979518 7079.1424421221018 1306.3454337492585 1382.134508728981 2866.1482749432325 3111.7567279115319 2383.0126450955868 6360.0281950607896 6748.7005957886577
leaf_count=19054 7923 2109 2632 13100 7326 3083 79773 4482 76521 21119 5883 14854 4289 3662 1535 12725 21966 10148 2760 31011 1913 32673 32966 6157 6320 12916 14576 11004 31605 30884
internal_value=6.37712e-05 0.000522928 -0.00436868 0.00211857 -0.00104156 0.00348785 0.00495293 0.0171445 0.00347712 -0.000963286 -0.00270749 -0.00568768 6.87269e-05 0.0365236 0.0509577 -0.000378881 -0.00201867 0.0173077 0.0205793 -0.01341 0.00652124 0.000954835 -0.00392592 -0.0162251 -0.00841461 -0.00345845 0.00408356 0.00164206 -0.0135194 -0.00751652
internal_weight=111653 109552 26946 82606.1 39058.5 19777.6 43547.6 4702.3 38845.3 21707.4 2322.81 19280.8 15855 2379.49 1248.89 18695.8 17016.1 3922.63 1130.59 8250.2 1021.05 15515.2 8115.54 7229.15 15716.5 7974.3 8064.76 5249.16 7742.16 8951.32
internal_count=526969 507915 129787 378128 180284 90485 197844 20431 177413 100892 10365 89799 73011 10066 5197 88074 80151 17474 4869 41713 4545 69928 37255 37168 74945 37020 36542 23920 37925 43609
is_linear=0
shrinkage=0.05


Tree=42
num_leaves=31
num_cat=0
split_feature=13 1 7 2 8 8 5 1 34 7 26 11 32 28 5 34 32 28 11 28 32 38 34 9 1 5 9 28 9 28
split_gain=381.267 302.16 226.548 225.878 210.419 169.61 167.887 167.274 161.048 157.891 150.932 132.776 117.32 114.217 143.992 112.481 164.43 110.016 98.9591 93.9936 91.214 115.513 88.5182 90.0592 86.3273 86.0636 81.9394 129.927 81.9192 81.3589
threshold=0.022698352083745581 0.005333333333333524 -0.33499886518384014 -0.054980264803949956 0.38762285437430782 0.0019550360812131688 -0.073732718894009106 -0.0046948356807511851 3.7623615564016326 -0.016391627180799836 0.74148693568336432 1.6006972824122065 4.5000000000000009 -0.13812608360179696 -0.11178328118615054 3.2430803944720448 8.5000000000000018 0.026549945098077617 0.41868394731335801 0.12540880726792605 1.5000000000000002 0.14881373916513221 4.8793869352545185 0.022483712570950751 0.067117358263912533 -0.072131147540983639 0.045727864578415607 -0.15731550280923537 0.038105380330120751 -0.0047782158449245033
decision_type=10 10 8 8 10 8 8 10 2 10 10 10 2 8 8 2 2 10 10 10 2 8 2 10 10 8 10 10 10 10
left_child=1 3 8 -1 6 7 10 -5 -2 12 11 26 20 -7 18 17 19 -14 -15 -17 -8 22 23 -22 25 29 27 -4 -18 -3
right_child=2 24 4 5 -6 13 9 -9 -10 -11 -12 -13 15 14 -16 16 28 -19 -20 -21 21 -23 -24 -25 -26 -27 -28 -29 -30 -31
leaf_value=0.020982137098291654 0.02017211411145281 0.00043981784459950693 0.036106380594041115 -0.0099020300984350648 0.0070283854208495061 -0.040925973394391038 -0.00024134351966680081 -0.032610213682889098 -0.00030572750056396479 0.0064780537535384991 -0.0034721051712474599 0.069915939469753843 -0.0014339584083177372 0.023005955187261118 -0.010062309616834119 -3.8810164704427928e-05 -0.0092325461293166124 0.0091614821670927306 -0.0015726225567666984 0.016491181739715245 -0.018340854111061716 0.017559835344603252 0.0014656480758013825 -0.0075313472061086647 0.037062962876486666 -0.0013331070529741301 -0.053970760873849305 0.0046129346382502608 0.0036588670597341314 0.021786516548158531
leaf_weight=593.1510002836585 2662.2662821263075 843.5805771201849 333.19577249884605 1715.6081020832062 11812.030187115073 256.01177694648504 3688.6199506670237 1537.9708786010742 1501.6944081783295 4929.0811665058136 6669.4879475980997 79.02529801428318 5751.7801363319159 496.28851896524429 9811.2231927514076 6575.0165954083204 9245.1254173219204 4267.8149684965611 2342.5506015270948 989.39881408214569 3679.801720649004 377.9513508528471 1290.5915658026934 4045.0176280885935 186.73007847368717 4246.0502983778715 58.779992416501045 19123.467733472586 1421.8481992185116 947.93153120577335
leaf_count=2886 10876 4231 1430 10027 48859 1563 16851 15169 6132 21246 28272 346 26338 2327 58203 29378 42561 18297 11733 4046 19419 1676 6372 18566 812 22897 260 85803 5922 4476
internal_value=-8.79239e-05 -0.00582667 0.00140198 -0.00932163 0.00083988 -0.010434 -0.000168018 -0.0206362 0.012787 -0.00198061 0.00302473 0.0052361 -0.00298933 -0.00786199 -0.00719284 -0.00117663 -0.0035155 0.00307914 0.00272423 0.00212325 -0.00690393 -0.00952021 -0.0106555 -0.0126806 0.00358008 0.00254452 0.00497418 0.00515226 -0.00751419 0.0117349
internal_weight=111479 22977.1 88502 16752.8 84338 16159.7 72526 3253.58 4163.96 46262 26264 19594.5 41333 12906.1 12650.1 28251 18231.4 10019.6 2838.84 7564.42 13082 9393.36 9015.41 7724.82 6224.29 6037.56 19515.4 19456.7 10667 1791.51
internal_count=526974 134324 392650 101908 375642 99022 326783 25196 17008 210672 116111 87839 189426 73826 72263 126542 81907 44635 14060 33424 62884 46033 44357 37985 32416 31604 87493 87233 48483 8707
is_linear=0
shrinkage=0.05


Tree=43
num_leaves=31
num_cat=0
split_feature=10 10 19 0 32 32 13 0 32 28 32 43 32 32 33 33 7 3 32 33 33 33 33 32 33 33 28 33 43 43
split_gain=424.317 297.528 238.427 171.184 137.382 132.954 125.123 114.916 111.24 108.959 103.111 329.423 326.801 174.348 172.286 210.738 114.987 109.328 103.738 163.028 111.571 382.369 123.69 108.195 211.572 238.133 216.03 165.39 145.234 143.427
threshold=0.0096576465017368003 0.032434883788353748 -0.23995518928957396 -0.03901716870949589 3.5000000000000004 2.5000000000000004 0.0059907361153669946 0.094908430597202234 8.5000000000000018 -0.060392095618195592 10.500000000000002 1.5000000000000002 5.5000000000000009 4.5000000000000009 1134.5000000000002 1555.5000000000002 -0.023121387283236979 -0.047297297297297196 9.5000000000000018 740.50000000000011 653.50000000000011 740.50000000000011 350.50000000000006 8.5000000000000018 2529.5000000000005 3261.5000000000005 -0.053972013590804807 3574.0000000000005 2.5000000000000004 5.5000000000000009
decision_type=8 10 8 10 2 2 10 8 2 10 2 2 2 2 2 2 8 10 2 2 2 2 2 2 2 2 10 2 2 2
left_child=-1 2 3 -2 5 9 8 -4 -6 -5 11 12 13 17 -12 -16 18 -8 20 -20 22 -22 -13 24 -23 -26 -27 28 -28 -25
right_child=1 -3 7 4 6 -7 10 -9 -10 -11 14 16 -14 -15 15 -17 -18 -19 19 -21 21 23 -24 29 25 26 27 -29 -30 -31
leaf_value=-0.021234744145175486 0.016333044451614386 0.0051928994808179696 0.0013934324010449392 0.012862591588367448 0.00091902085952201996 -0.016514143586043428 0.043437782488023102 0.023632970457436599 -0.034165131618627775 -0.0071125407034299763 -0.0064344643130483494 0.0035964284895353259 -0.0045228534463655828 0.065865671402103809 0.025620884189275463 0.002226041145741721 0.010740093032973087 -0.0058201630940128458 0.012359844120419277 -0.01842773528692522 0.033025304484907425 -0.0061771290664596485 -0.020342422040576371 -0.015488279410742132 0.027351852946916107 0.040134575407590356 0.002285105300812996 0.021995438698156369 -0.038283667458583893 0.045134641226151545
leaf_weight=2315.3977255001664 1049.2495119199157 24926.022702097893 40172.287568807602 770.48380976170301 372.45164061337709 3811.1962263956666 231.98677761852741 589.37701851129532 574.31596142053604 5991.2117014452815 2860.4273699149489 744.95574480295181 801.54524461179972 368.93564044684172 1370.5671639665961 3233.7833032608032 1076.2446110323071 218.97384114563465 503.46733100712299 2945.9333408996463 713.02397134155035 8234.7609258070588 1957.4086574167013 2698.5428469851613 1136.325662791729 238.80872409790754 366.58271185308695 276.04372803121805 554.02217070013285 101.22568532824516
leaf_count=20965 4548 104354 183126 3915 2391 20979 978 2464 5525 31150 13345 3291 3618 1554 6290 15435 5061 1003 2299 14893 3274 40351 9284 13270 5115 1092 1826 1383 2863 433
internal_value=-5.43652e-05 0.000396006 -0.00102802 -0.00361607 -0.00411263 -0.00904587 -0.00246102 0.001715 -0.0203633 -0.00483641 -0.00190773 -0.0035543 0.0181798 0.0403743 0.00320282 0.00918993 -0.00518979 0.0195195 -0.00602729 -0.013934 -0.00442501 -0.00266646 -0.0137432 -0.00453684 -0.00226739 0.0102514 -0.00328546 -0.0119506 -0.0221293 -0.0132965
internal_weight=111206 108890 83964.1 43202.5 42153.2 10572.9 31580.3 40761.7 946.768 6761.7 30633.6 23168.8 1621.44 819.896 7464.78 4604.35 21547.3 450.961 20471.1 3449.4 17021.7 14319.3 2702.36 13606.3 10806.5 2571.78 1435.46 1196.65 920.605 2799.77
internal_count=526075 505110 400756 215166 210618 56044 154574 185590 7916 35065 146658 111588 7153 3535 35070 21725 104435 1981 99374 17192 82182 69607 12575 66333 52630 12279 7164 6072 4689 13703
is_linear=0
shrinkage=0.05


Tree=44
num_leaves=31
num_cat=0
split_feature=10 32 32 32 34 28 37 28 32 43 12 5 28 43 32 32 43 10 5 28 32 43 43 12 3 4 34 38 37 12
split_gain=384.891 273.439 325.13 266.015 281.064 248.03 325.284 213.444 204.506 186.324 185.376 178.573 172.149 148.078 183.525 226.837 153.179 142.738 135.227 134.648 134.38 129.486 126.027 129.042 123.754 121.668 120.212 117.24 126.711 115.652
threshold=0.011297414200273513 3.5000000000000004 2.5000000000000004 8.5000000000000018 3.553917445348898 0.073425678377250309 -0.064310668646519006 -0.10867377234002049 7.5000000000000009 5.5000000000000009 0.10714285714285718 -0.13513068953483456 -0.068314310379080992 2.5000000000000004 10.500000000000002 9.5000000000000018 5.5000000000000009 0.017560195188426723 -0.26645663536772374 0.034095117137065679 7.5000000000000009 3.5000000000000004 6.5000000000000009 5.3357142857142907 -0.033447555407210221 -0.13453831954351911 4.4875121511018561 -0.050843159261279795 0.0013299350198934248 0.83571428571428619
decision_type=8 2 2 2 2 10 10 10 2 2 8 10 10 2 2 2 2 10 8 10 2 2 2 8 8 10 2 10 10 8
left_child=27 2 12 5 10 6 7 -3 11 -7 -5 -8 24 18 15 16 -15 22 -12 -13 -11 25 23 -14 -2 -10 -4 -1 -29 -6
right_child=1 3 26 4 29 9 8 -9 21 20 13 19 17 14 -16 -17 -18 -19 -20 -21 -22 -23 -24 -25 -26 -27 -28 28 -30 -31
leaf_value=0.010515376327618066 0.027974424588320109 0.036780920226733758 -0.015478596697283784 -0.041981397725558187 -0.028433074170852168 0.014855892601902407 0.0054866104900229661 0.0097720643793115253 0.086370512576616709 -0.028358541447732408 0.018085451348405172 -0.0062109649433831869 -0.017727402327899731 0.0070851824730073995 0.015103682835881314 -0.010669841665916892 0.054085686914040726 0.00059745783807365997 -0.0037191150414140786 0.0051086578276477871 0.0063083091465273413 0.0062074056351256492 0.045275417113970373 0.012180966896648066 -0.0028545357325821378 0.021326058314862128 -0.00072223171362973456 -0.025361829815306765 -0.0063227781300643901 -0.0045198560323370584
leaf_weight=403.88770209997892 890.01366659998894 922.40368119627237 6232.0616133213043 222.12587679177523 519.40429733321071 7943.5486732646823 7120.3202931880951 3534.3396771848202 78.87702776491642 437.05985160171986 794.91047038882971 13323.722190022469 2456.6469774469733 3744.2798729762435 4731.6027696058154 2243.2138657197356 181.76927012205124 13920.867573276162 6741.3805055320263 3272.3012233674526 775.62609328329563 4463.4580426812172 94.730149313807487 422.70390719920397 513.23804648220539 812.12877810746431 1772.7634084895253 2220.9198039136827 1440.8711774423718 19042.632691532373
leaf_count=2757 3956 3889 31441 2197 3924 32954 31796 14918 329 1817 3234 64908 13739 16737 20392 10292 750 62768 31170 14642 3153 20318 425 2253 2542 3666 9206 20679 9537 86542
internal_value=5.01048e-05 0.000622763 -0.00380589 0.00206256 -0.000967238 0.0047756 0.00278379 0.015362 0.000855462 0.012069 0.00342291 -0.00113718 -0.000129105 0.00396993 0.00769571 0.00201406 0.00926122 -0.00152678 -0.00141922 -0.00397903 -0.00618585 0.00968139 -0.0114698 -0.0133367 0.0166988 0.0270842 -0.0122106 -0.0150503 -0.0178702 -0.00515479
internal_weight=111274 107208 26303 80905.1 38221.3 42683.8 33527.6 4456.74 29070.8 9156.23 18659.3 23716.3 18298.2 18437.2 10900.9 6169.26 3926.05 16894.9 7536.29 16596 1212.69 5354.46 2974.08 2879.35 1403.25 891.006 8004.83 4065.68 3661.79 19562
internal_count=526931 493958 126330 367628 175238 192390 154466 18807 135659 37924 84772 111346 85683 82575 48171 27779 17487 79185 34404 79550 4970 24313 16417 15992 6498 3995 40647 32973 30216 90466
is_linear=0
shrinkage=0.05


Tree=45
num_leaves=31
num_cat=0
split_feature=10 19 3 7 10 1 20 32 34 33 28 36 28 33 34 11 33 33 33 32 33 34 33 32 33 33 9 28 33 33
split_gain=366.81 265.659 297.881 199.973 187.419 162.968 154.19 145.482 137.888 134.621 109.758 109.452 102.479 107.991 100.574 102.573 95.1958 247.994 102.052 136.546 94.7267 91.681 88.6338 159.381 148.57 150.147 143.789 140.917 140.183 171.641
threshold=0.0093503637403269859 0.52361745343799215 -0.060810810810810904 -0.019759223332233119 0.019243940650937773 -0.023407022106632088 0.4320825113574705 3.5000000000000004 2.8243462428830353 3334.5000000000005 -0.069550958763931095 0.99959903769045755 -0.073806530648865609 3334.5000000000005 7.0054263020428182 1.6006972824122065 740.50000000000011 696.50000000000011 1134.5000000000002 7.5000000000000009 3623.0000000000005 3.7623615564016326 484.50000000000006 1.5000000000000002 202.50000000000003 253.50000000000003 0.018836927894979514 -0.072364765293397873 1384.5000000000002 1569.5000000000002
decision_type=8 8 10 10 10 10 10 2 2 2 10 2 8 2 2 10 2 2 2 2 2 2 2 2 2 2 10 10 2 2
left_child=-1 2 5 4 6 12 -4 21 -3 -7 -11 -10 13 -2 15 16 17 -9 19 -18 -20 -8 23 26 -25 -26 -6 -27 -24 -30
right_child=1 8 3 -5 22 9 7 14 11 10 -12 -13 -14 -15 -16 -17 18 -19 20 -21 -22 -23 28 24 25 27 -28 -29 29 -31
leaf_value=-0.021202371104118777 0.01386277773364219 0.01232682774561146 -0.022266247724427462 0.0085225439422259193 0.047517401261593206 -0.0025457174026163542 -0.022183889617901131 0.00030849884051835363 0.0023313055242599706 0.065691846615485092 0.011720779043554478 0.020150915338150752 0.0053208730805202713 0.052821015700945023 -0.029080264932367917 0.046277758087388807 0.006640138470089158 0.05300626059083579 -0.0023560298679247585 -0.028847094532245394 -0.034259588469860824 -0.0066585298758520027 -0.0069598034758959664 -0.015724882412040665 0.023118702846936779 0.027306607130369309 0.0058833887297271049 -0.0035711601353518802 0.013721608641648168 -0.0015665668495273987
leaf_weight=1996.6385067775846 3171.9077629894018 4842.9252446740866 1639.7104999534786 3786.5184332504869 370.46198630332947 7429.2493442669511 1969.4205342382193 2298.4866782799363 21833.722096119076 113.41531569510698 556.02795066684484 897.12738976627588 6599.5423588827252 188.44866100698709 371.96764598041773 106.05293186753988 383.5947529822588 247.2697883322835 7540.944851025939 924.02016305178404 240.07386690378189 1838.6775462478399 11742.933759309351 1084.9627331271768 901.97255530953407 420.94245938956738 471.09857323765755 3023.3112122640014 2001.5240886285901 22186.914420053363
leaf_count=19148 13620 20950 11527 16955 1623 33290 11581 11357 96712 489 2554 3772 28793 797 2221 477 1981 1122 40382 5059 1700 10903 53774 4839 3752 1809 2041 13009 8891 101837
internal_value=3.52331e-05 0.000423606 -0.00101001 -0.00262029 -0.00332627 0.00465682 -0.00766706 -0.00616344 0.00466664 -0.00061062 0.0208644 0.0030346 0.00893993 0.0160476 -0.00348344 -0.00267246 -0.00311867 0.00542704 -0.00551235 -0.0184368 -0.00334038 -0.0146877 -0.00152017 0.00396387 0.000826579 0.00495837 0.024211 0.000202593 -0.00247755 -0.000301514
internal_weight=111180 109183 81609.5 63550.9 59764.3 18058.6 17560.2 15920.5 27573.8 8098.69 669.443 22730.8 9959.9 3360.36 12112.4 11740.4 11634.4 2545.76 9088.63 1307.61 7781.02 3808.1 42204.1 6272.75 5431.19 4346.23 841.561 3444.25 35931.4 24188.4
internal_count=526965 507817 386383 306840 289885 79543 98310 86783 121434 36333 3043 100484 43210 14417 64299 62078 61601 12479 49122 7040 42082 22484 191575 27073 23409 18570 3664 14818 164502 110728
is_linear=0
shrinkage=0.05


Tree=46
num_leaves=31
num_cat=0
split_feature=10 10 5 38 33 33 33 33 33 33 3 33 34 13 32 33 33 33 32 33 32 33 28 0 28 28 33 33 32 28
split_gain=330.498 267.712 229.914 339.69 147.812 142.404 230.426 180.012 157.891 163.098 187.327 146.329 138.492 130.864 125.407 128.328 373.552 131.458 222.155 140.465 143.988 136.21 128.305 125.261 122.907 121.642 128.077 131.402 132.026 186.085
threshold=0.0085406396493599192 0.03422567108082069 -0.11178328118615054 0.017003605616666809 3740.5000000000005 2653.5000000000005 2696.5000000000005 3542.5000000000005 2813.5000000000005 2878.5000000000005 -0.035442426761363992 2515.5000000000005 3.9009615468842616 0.0040404040404036102 4.5000000000000009 740.50000000000011 696.50000000000011 1134.5000000000002 7.5000000000000009 1801.5000000000002 10.500000000000002 1711.5000000000002 0.12540880726792605 0.094908430597202234 -0.061371522797414001 -0.15731550280923537 2115.5000000000005 120.50000000000001 4.5000000000000009 -0.04310892410301178
decision_type=8 10 8 8 2 2 2 2 2 2 10 2 2 10 2 2 2 2 2 2 2 2 10 8 10 10 2 2 2 10
left_child=-1 2 5 4 13 11 -7 8 -8 -10 -11 25 -6 -4 -15 16 -16 18 -17 20 21 -19 -21 -5 -9 -2 27 -27 29 -29
right_child=1 -3 3 23 12 6 7 24 9 10 -12 -13 -14 14 15 17 -18 19 -20 22 -22 -23 -24 -25 -26 26 -28 28 -30 -31
leaf_value=-0.023792121540199107 0.030176881693465236 0.0054630559224489207 -0.025210746697087873 0.00089485451180232811 0.1158629577334937 0.051564557009275563 -0.017373581827731809 0.042850623172984242 0.042807736527528256 0.026015997540411909 -0.00032476207453875123 -0.015860992950950677 -0.0066258502147405196 -0.009818142371372806 -0.00054507174622852011 0.010416835321204356 0.048787000654186896 -0.0057650084218131689 -0.021859660037127762 -0.0074900505691156962 0.019892482101164611 0.020181873270192774 0.024348578012297686 0.025147155824138602 -0.022069968586073047 0.028326359725856495 0.012834598784041898 0.0028493105950341967 0.0029289496408832346 -0.015897300748053188
leaf_weight=1445.8130537383258 388.07530749589205 20237.617043018341 870.64219729602337 30750.759232372046 48.203769072890282 327.4745349958539 391.00091394037008 82.251554176211357 490.83714985102415 1224.8207462131977 1503.522379014641 1156.1182433962822 44.269838362932205 11393.38478898257 3604.3206537663937 687.76363058388233 429.45828204602003 2727.6958488747478 2370.9860888272524 9774.936447404325 1100.6130064800382 620.94038066267967 327.01389462500811 541.79525031149387 641.49080786108971 405.48552297055721 2320.4869629554451 2553.2734964936972 9774.8060035221279 2748.9441040866077
leaf_count=15154 1643 84639 8386 138542 329 1419 1819 353 2219 5328 6923 5155 328 61612 16603 3247 1906 13992 11914 49786 5293 3274 1422 2280 3285 1699 10346 11567 43055 12983
internal_value=-4.28178e-05 0.000270651 -0.00090606 -0.00244448 -0.00590434 0.00327776 0.0111229 0.00806706 0.0126296 0.0162738 0.0115003 0.00138761 0.057224 -0.00607651 -0.00557225 -0.00333719 0.00470709 -0.00517983 -0.0146023 -0.00319918 0.00420306 -0.000953657 -0.00645939 0.00131476 -0.0146919 0.00248383 0.00188017 0.000238341 -0.000517065 -0.0068699
internal_weight=110985 109539 89301.4 65292.8 34000.2 24008.6 4661.4 4333.92 3610.18 3219.18 2728.34 19347.2 92.4736 33907.8 33037.1 21643.7 4033.78 17609.9 3058.75 14551.2 4449.25 3348.64 10102 31292.6 723.742 18191.1 17803 15482.5 15077 5302.22
internal_count=526501 511347 426708 318914 178092 107794 21346 19927 16289 14470 12251 86448 657 177435 169049 107437 18509 88928 15161 73767 22559 17266 51208 140822 3638 81293 79650 69304 67605 24550
is_linear=0
shrinkage=0.05


Tree=47
num_leaves=31
num_cat=0
split_feature=10 33 33 0 0 3 43 33 33 11 32 32 38 34 33 43 13 33 28 34 32 32 33 33 34 34 33 32 0 5
split_gain=318.813 206.611 190.595 184.382 235.737 173.722 144.343 177.874 201.75 180.393 148.823 147.238 136.571 135.651 153.989 194.98 131.385 121.598 137.463 120.679 118.67 122.916 140.793 185.496 117.268 114.074 152.393 198.016 113.377 112.89
threshold=0.015695779538093185 3334.5000000000005 3124.5000000000005 -0.043478260869565237 0.00070383985455335651 -0.064061651737242029 2.5000000000000004 3261.5000000000005 3108.5000000000005 0.25193962977771822 8.5000000000000018 10.500000000000002 -0.039494069719500695 2.8478079206112956 1409.5000000000002 2.5000000000000004 1.0000000180025095e-35 3334.5000000000005 -0.064719284309954259 2.8478079206112956 9.5000000000000018 4.5000000000000009 484.50000000000006 444.50000000000006 3.8763952908575412 4.9722408461192762 3320.5000000000005 8.5000000000000018 0.07308331203680031 -0.24402322125512374
decision_type=8 2 2 10 10 8 2 2 2 8 2 2 10 2 2 2 10 2 10 2 2 2 2 2 2 2 2 2 10 8
left_child=1 2 13 -2 5 17 16 8 9 10 -8 20 24 14 -1 -16 -7 -5 -19 -13 21 22 23 -11 -3 26 27 -4 29 -6
right_child=3 12 25 4 28 6 7 -9 -10 11 -12 19 -14 -15 15 -17 -18 18 -20 -21 -22 -23 -24 -25 -26 -27 -28 -29 -30 -31
leaf_value=-0.0084375022231649426 0.010975127897295458 0.034596139679426291 0.055749097242647386 0.0023332640938852293 0.01383263917428978 -0.028326129199828267 0.058080574211753104 -0.013350137532701195 0.019911281633812408 -0.010336080316968204 -0.049624941061078329 0.025445287467274702 -0.031312777643742788 -0.0085733362488540493 -0.0059926826244856403 0.040722107501046011 -0.0058212326235782957 0.052958355746641796 0.0094274660816602764 0.0033380637189850955 -0.016784876014316899 0.0017382932825349775 -0.01014214805804544 0.04139365968751741 -0.026988257122475892 -0.00098985412813825746 0.14553748076699605 -0.026326159018854624 0.012891563863579997 0.0019944349331962254
leaf_weight=896.79804100468755 4422.8329038545489 164.67535543441772 232.58347027748823 10214.734159857035 2139.3594145774841 675.78133868426085 211.79538050293922 2510.1967830434442 1286.19783885777 371.68755201995373 37.796065382659435 794.22550146281719 1269.4347149729729 10251.667746283114 390.37264694273472 522.12566009163857 16085.213265307248 250.32779107987881 658.20722404867411 2771.2658872008324 1412.3572490140796 9950.9563187137246 5257.8578775078058 324.67899818718433 145.68443682789803 327.50549299642444 31.047626417130232 107.43238101899624 2942.7920705527067 34322.118581458926
leaf_count=4994 18515 1155 1383 44736 8800 4957 907 12112 5334 1705 278 3370 11895 63079 2632 2703 76698 1057 2956 12096 6754 43945 25122 1432 975 1991 175 757 12126 152320
internal_value=-2.97096e-05 -0.00698685 -0.00487499 0.00100258 0.000524287 -0.00165934 -0.00314058 -0.000728178 0.000685081 -0.000485086 0.0417705 -0.000990121 -0.0240437 -0.00634568 0.00627644 0.0207372 -0.0067286 0.00389237 0.0214215 0.00826252 -0.00289514 -0.00166175 -0.00734405 0.0137828 0.00568812 0.0205169 0.039499 0.0298164 0.00345098 0.00268904
internal_weight=110980 14339.3 12759.5 96640.4 92217.5 52813.3 41690 24929 22418.8 21132.6 249.591 20883 1579.79 12061 1809.3 912.498 16761 11123.3 908.535 3565.49 17317.5 15905.2 5954.22 696.367 310.36 698.569 371.063 340.016 39404.3 36461.5
internal_count=526959 91739 77714 435220 416705 243459 194710 113055 100943 95609 1185 94424 14025 73408 10329 5335 81655 48749 4013 15466 78958 72204 28259 3137 2130 4306 2315 2140 173246 161120
is_linear=0
shrinkage=0.05


Tree=48
num_leaves=31
num_cat=0
split_feature=10 32 32 32 33 33 33 28 32 33 33 13 34 33 32 26 28 1 33 32 33 33 33 33 33 0 31 28 33 32
split_gain=301.669 215.298 289.102 243.039 543.212 515.104 478.736 312.698 230.761 421.669 545.477 299.057 288.675 255.487 162.839 158.864 155.223 161.838 154.604 355.789 186.184 176.061 161.579 271.64 176.579 153.287 170.295 151.184 149.739 235.733
threshold=0.011297414200273513 3.5000000000000004 2.5000000000000004 8.5000000000000018 2831.5000000000005 253.50000000000003 3261.5000000000005 -0.05184721735637203 10.500000000000002 740.50000000000011 374.50000000000006 0.060676714104449872 2.8003208578683441 350.50000000000006 7.5000000000000009 0.25680346080148592 -0.062383020873289764 6.274173847131693e-09 653.50000000000011 7.5000000000000009 323.50000000000006 280.50000000000006 2432.5000000000005 2481.5000000000005 2495.5000000000005 -0.029118019274025849 1.5000000000000002 -0.090620198934940097 484.50000000000006 1.5000000000000002
decision_type=8 2 2 2 2 2 2 10 2 2 2 10 2 2 2 10 10 8 2 2 2 2 2 2 2 10 2 10 2 2
left_child=-1 2 16 4 5 -3 -6 -8 9 10 13 -11 -10 -5 -9 -12 -2 -18 19 21 -21 -7 -20 -24 -25 26 -4 -26 29 -19
right_child=1 3 25 8 6 18 7 14 12 11 15 -13 -14 -15 -16 -17 17 28 22 20 -22 -23 23 24 27 -27 -28 -29 -30 -31
leaf_value=-0.013626526293766922 0.014517202156422677 0.020192284021032316 0.042571319048282423 0.0027509779457859759 0.024783776955537091 0.009305035095343403 0.034706222962357029 -0.012578162536633283 0.016117303165390454 -0.012520126183148812 0.05532538345541798 0.0078753063605829024 -0.000112199078796119 -0.031784020984255298 0.016300623752042193 0.020415928195353945 -0.0061747805772218427 0.03042727863946796 0.0028105859103030552 0.044967713367308114 0.0011331969464317899 -0.016394894583335384 -0.029821627620843241 0.031839109847991411 -0.037227365972341504 -0.014058856418296803 -0.0051694053657759947 0.0014919278629089996 0.00034422582088721745 -0.013010340579760943
leaf_weight=3947.1158187314868 1667.169863909483 3311.9176979809999 251.10573065280914 1883.4758133217692 5334.9417988732457 780.64259299635887 563.47608475387096 2178.6669347882271 3300.4332920014858 11944.742301460356 408.83794257044792 2115.6780260801315 16133.480406437069 748.30584506690502 629.08239939808846 1606.4299383088946 8734.098381087184 1076.6128924787045 21159.766412258148 425.9025059491396 561.75092183053493 4554.0346769690514 1068.4261782094836 384.27260062098503 310.55300462245941 6961.6573630869389 729.34138412773609 1339.6617260202765 6370.9879330098629 439.98754687607288
leaf_count=33045 7772 13882 1105 8548 22583 3250 2496 10553 14397 57769 1872 8750 73866 3236 2921 6851 42596 4660 96864 1774 2415 20655 4906 1718 1800 36378 3260 6346 28913 1999
internal_value=-5.19106e-05 0.000448957 -0.00348652 0.00172745 0.004323 0.00146167 0.0154634 0.000713965 -0.00117172 -0.00513565 0.00792182 -0.00945122 0.00264403 -0.00706851 -0.00610781 0.027498 -2.74171e-05 -0.00148626 -0.000566583 -0.00753054 0.0200358 -0.0126341 0.00124807 -0.00940719 0.0013136 -0.011452 0.00705764 -0.00579463 0.00370545 0.0178254
internal_weight=110923 106975 26231 80744.5 42603.1 33896.9 8706.17 3371.23 38141.4 18707.5 4647.05 14060.4 19433.9 2631.78 2807.75 2015.27 18288.9 16621.7 30585 6322.33 987.653 5334.68 24262.7 3102.91 2034.49 7942.1 980.447 1650.21 7887.59 1516.6
internal_count=527180 494135 126683 367452 192163 153610 38553 15970 175289 87026 20507 66519 88263 11784 13474 8723 85940 78168 139728 28094 4189 23905 111634 14770 9864 40743 4365 8146 35572 6659
is_linear=0
shrinkage=0.05


Tree=49
num_leaves=31
num_cat=0
split_feature=12 37 2 14 32 28 37 34 33 33 0 43 32 10 32 32 33 9 33 33 33 33 33 13 33 33 33 33 43 43
split_gain=290.275 231.016 316.006 206.387 185.805 190.812 179.017 150.455 224.269 147.582 144.264 140.712 135.688 133.057 132.716 251.356 190.467 212.434 137.445 124.584 347.623 185.365 136.516 118.179 111.923 309.982 327.605 153.354 112.99 109.218
threshold=1.0000000180025095e-35 -0.048991354466912489 0.0012182741619016781 1.0000000180025095e-35 4.5000000000000009 -0.030131097605344621 -0.1162595560791642 3.7988536803227713 3623.0000000000005 3334.5000000000005 0.094908430597202234 1.0000000180025095e-35 6.5000000000000009 0.045788779689440333 1.5000000000000002 3.5000000000000004 484.50000000000006 0.017562547300615905 955.50000000000011 3261.5000000000005 2813.5000000000005 2863.5000000000005 2432.5000000000005 0.014343774066679435 1409.5000000000002 740.50000000000011 682.50000000000011 1742.5000000000002 6.5000000000000009 6.5000000000000009
decision_type=8 8 10 8 2 10 10 2 2 2 10 2 2 8 2 2 2 8 2 2 2 2 2 10 2 2 2 2 2 2
left_child=-1 3 4 6 -3 23 -2 8 24 -8 14 12 -9 -5 16 -16 17 -4 -18 20 22 -22 -17 -6 25 26 -7 -26 -27 -20
right_child=1 2 10 13 5 7 9 11 -10 -11 -12 -13 -14 -15 15 19 18 -19 29 -21 21 -23 -24 -25 27 28 -28 -29 -30 -31
leaf_value=-0.025362470962865216 0.023472536429023971 -0.0088033855363498208 0.052733629713071307 -0.0074823193711746798 -0.024435588200354942 0.0051148539726375347 0.004575236831732157 0.05037201380008887 -0.035735562880857163 0.024327994149980714 0.020567132342095767 -0.0054225837984118027 -0.015547988740281717 0.011982707879136141 -0.0091217618359569902 0.0021036207865434242 -0.021112417034313782 0.0083117153376870683 0.0044205784557484378 -0.0073480789210807447 0.046096903702009806 0.012547973271224633 -0.010465330378808988 -0.0060770762476778494 0.025067369884157677 -0.012421659721341946 0.05488407873479513 0.0059241895327144878 0.05976299093661698 0.032198518573411522
leaf_weight=1121.4574856348336 1691.478753618896 13483.684365361929 476.40377415716648 4156.2410165518522 1003.8652917928994 2221.6338476762176 11757.651292867959 222.33784843981266 343.44149337336421 1028.3235633447766 1023.7275778800249 8942.6000683158636 120.30203747749329 1113.0616037100554 5689.0391842871904 24376.061850085855 475.55341706424952 618.60205799341202 3205.997452698648 3094.0890603475273 457.43347756564617 4120.7251683175564 2370.4315720424056 6914.8761644437909 1281.5349922552705 2922.2311789244413 388.46648044139147 5696.5143360234797 55.235829517245293 397.76683058589697
leaf_count=11860 7020 71001 2110 17718 6814 9764 52497 914 2623 4828 4243 44719 523 4681 28126 109811 2205 2648 14503 14759 1916 17551 10768 33398 5991 13756 1686 26676 231 1685
internal_value=-5.35212e-05 0.00020533 -0.000870267 0.00510228 -0.00392535 -0.00174111 0.00818613 0.000636293 0.00412772 0.00616387 0.00200608 -0.00421775 0.0272273 -0.00337062 0.00158645 0.000614195 0.00912272 0.0276383 0.0041526 0.00222344 0.00316887 0.0159001 0.000989686 -0.0084044 0.00521725 -5.61864e-05 0.0125221 0.00943988 -0.0110825 0.00748658
internal_weight=110771 109649 89902.6 19746.8 43596.7 30113 14477.5 22194.3 12909.1 12786 46305.8 9285.24 342.64 5269.3 45282.1 40107.8 5174.32 1095.01 4079.32 34418.7 31324.7 4578.16 26746.5 7918.74 12565.6 5587.57 2610.1 6978.05 2977.47 3603.76
internal_count=527025 515165 428421 86744 218096 147095 64345 106883 60727 57325 210325 46156 1437 22399 206082 182931 23151 4758 18393 154805 140046 19467 120579 40212 58104 25437 11450 32667 13987 16188
is_linear=0
shrinkage=0.05


Tree=50
num_leaves=31
num_cat=0
split_feature=10 12 20 0 3 35 28 32 33 1 4 37 28 33 33 12 33 32 33 0 2 28 12 11 32 32 32 28 33 28
split_gain=257.999 271.609 176.201 151.388 152.674 103.82 112.675 91.5102 116.272 88.0023 89.8345 85.3079 84.1894 98.6685 91.9097 114.696 96.1851 166.018 83.7944 83.5172 121.114 78.5648 78.4121 74.8666 74.712 115.949 73.8153 102.525 127.539 98.9304
threshold=0.023993653059334652 0.049999999999999968 0.48563246970739421 0.003105590062111641 -0.064061651737242029 -0.012976129338246987 0.15086305538850767 4.5000000000000009 3623.0000000000005 -0.035714285714285636 0.014925373134328514 -0.034038638454498886 0.0018075199003139827 740.50000000000011 1365.5000000000002 0.78571428571428559 1742.5000000000002 6.5000000000000009 709.50000000000011 0.00070383985455335651 -0.1255549121791161 0.15590548960623149 1.1357142857142872 0.4532166447403711 1.5000000000000002 4.5000000000000009 1.5000000000000002 0.010827658085253071 2653.5000000000005 -0.023220344202725656
decision_type=10 8 8 8 8 10 10 2 2 10 10 10 10 2 2 10 2 2 2 10 10 10 10 10 2 2 2 10 2 10
left_child=1 21 9 4 -4 11 19 26 -9 -3 -11 -2 -5 18 -15 16 17 -16 24 20 -7 -1 -8 -21 -14 -26 27 28 -6 -28
right_child=5 2 3 12 7 6 22 8 -10 10 -12 -13 13 14 15 -17 -18 -19 -20 23 -22 -23 -24 -25 25 -27 29 -29 -30 -31
leaf_value=-0.0343142056373048 0.01631747772312506 0.0096848213020188575 0.0051252803637159118 -0.0011620754961013807 -0.02336962136729355 0.017562940139774146 0.019439547957761497 -0.0021262379830775343 -0.027249663590196645 -0.016566388289479789 -3.4703308043733584e-05 0.0036545262165175621 0.034544035539058937 -0.0078818321925725517 0.06541667480562724 0.00070059242527571665 0.0073611972928825558 0.013987350730442086 0.049064377338148869 0.023067842245443049 -0.001632064315207987 0.1254465297595779 0.0049706341708411154 0.0027940602304722352 -0.017023187039885351 0.015516757988547347 -0.0051204081616455198 0.0071170148132810506 0.01743576366476168 -0.018336314133148495
leaf_weight=732.68776822835207 2236.2489665597677 474.31667176634073 4531.563687980175 8331.8014012873173 802.14189673215151 848.97293709218502 1290.6988892555237 17136.571116134524 473.24947730824351 3704.7846933677793 1056.0013069137931 3282.0389739349484 316.85113467276096 1520.4185572490096 227.42963965237141 3725.5245684981346 1323.7687243893743 506.13172575086355 170.85394239425659 466.30217942595482 25663.783632859588 7.7770236395299426 3410.9797931909561 19411.738528236747 358.07363943010569 1162.6651067063212 2600.3109614104033 1369.8130798190832 251.53997229784727 3109.2166380807757
leaf_count=10486 9420 2326 20944 42170 4574 3538 5260 87033 3213 22544 5558 13943 1393 7289 1048 17769 6192 2286 715 2005 112701 86 13919 82168 1735 5084 14787 6820 1515 17793
internal_value=-8.65067e-05 -0.00256262 -0.00214367 -0.00119214 -0.0033376 0.00227076 0.00156706 -0.00482734 -0.00280141 -0.0108532 -0.0128995 0.0087861 0.00248926 0.00575634 0.00305727 0.00593336 0.0154091 0.0299322 0.015571 0.000819552 -0.00101742 -0.0326363 0.00894262 0.00326965 0.0124568 0.00785489 -0.00921394 -0.00190262 -0.0136284 -0.0123173
internal_weight=110504 53893.5 53153 47917.9 30274.4 56610.8 51092.5 25742.8 17609.8 5235.1 4760.79 5518.29 17643.5 9311.72 7303.27 5782.85 2057.33 733.561 2008.44 46390.8 26512.8 740.465 4701.68 19878 1837.59 1520.74 8133.02 2423.49 1053.68 5709.53
internal_count=526314 283360 272788 242360 156679 242954 219591 135735 90246 30428 28102 23363 85681 43511 34584 27295 9526 3334 8927 200412 116239 10572 19179 84173 8212 6819 45489 12909 6089 32580
is_linear=0
shrinkage=0.05


Tree=51
num_leaves=31
num_cat=0
split_feature=10 5 5 5 43 12 26 10 33 33 33 33 12 33 33 9 38 33 33 33 33 4 33 33 6 9 12 33 29 33
split_gain=265.927 191.476 169.381 150.032 197.786 172.56 165.907 171.72 153.053 206.862 282.265 232.301 201.819 163.298 120.94 123.19 119.711 145.069 116.571 143.403 125.548 114.684 107.704 101.579 101.285 99.0543 95.8042 101.788 94.1452 93.9823
threshold=0.012291440398207683 -0.26645663536772374 0.22524689724338678 -0.072131147540983639 2.5000000000000004 0.61428571428571466 0.68242356529758119 0.029989564495761786 1801.5000000000002 1384.5000000000002 740.50000000000011 696.50000000000011 0.85714285714285754 1948.5000000000002 133.50000000000003 0.0170410627935778 -0.050843159261279795 3396.5000000000005 1786.5000000000002 1626.5000000000002 1498.5000000000002 0.022727272727272822 1597.5000000000002 174.50000000000003 48.943638148444904 0.04451362046380896 0.5857142448425311 1526.5000000000002 -0.038532192675252236 1569.5000000000002
decision_type=8 8 10 8 2 8 10 10 2 2 2 2 10 2 2 10 10 2 2 2 2 10 2 2 10 10 10 2 10 2
left_child=16 -2 3 6 5 -5 14 -8 9 10 11 -6 18 -10 15 -3 -1 24 19 20 -11 -15 -14 -16 -18 -25 27 -26 -23 -22
right_child=1 2 -4 4 8 -7 7 -9 13 12 -12 -13 22 21 23 -17 17 -19 -20 -21 29 28 -24 25 26 -27 -28 -29 -30 -31
leaf_value=0.0090786929300417235 0.0098916078148974951 0.05059041243867033 0.0048064776801551301 -0.016639905018749047 0.0034529556300445744 -0.0042632053270066517 -0.010038389752040347 0.0032477337935452608 -0.020280459269107289 0.016458168379021792 -0.0080164741005075025 0.033420068729501783 0.010266459338532248 -0.0072922295415580197 -0.027248887373056214 -0.011218311124041973 -0.018341306428463346 -0.034186064631274736 0.076173189974885883 0.0018879206897188994 0.057176592073388502 0.014005142365526899 -0.0087525863978881371 0.0043568500118148111 -0.0034485362595087447 -0.049537734298676923 -0.0083154985457466815 0.041306750826953384 -0.00077185947621833122 0.016158547303198361
leaf_weight=670.14433577656746 5242.4164172038436 269.03716465085745 15977.03223747015 3379.0472886003554 5538.1045888215303 16908.519466988742 4992.4684125632048 4741.9854038655758 1390.5644703358412 984.12901058793068 6327.476356998086 732.19940501451492 1790.1146401390433 5715.7359589785337 260.78914421796799 115.10567611455917 1886.7183898538351 719.27455363050103 93.671637326478958 794.10256130993366 457.7095549851656 1386.0232195481658 1274.2432594075799 21561.045811388642 287.69305338710546 85.594094775617123 1689.4310590550303 227.50696345791221 4848.0532255470753 200.96279890835285
leaf_count=4327 21873 1165 67645 19412 24773 81582 22312 19908 6830 4529 29789 3093 8278 28189 1233 492 16144 8414 433 3732 1961 5824 6356 101307 1759 474 11119 1501 21471 1012
internal_value=1.72878e-05 0.00057739 8.82376e-05 -0.000810826 -0.00247354 -0.00632464 0.00187959 -0.00356626 4.14837e-06 0.00298708 -0.000566057 0.00695229 0.0109875 -0.00406378 0.00425772 0.0320699 -0.0107199 -0.0134779 0.0214374 0.0193334 0.0277663 -0.00217669 0.00235782 0.00377004 -0.00983731 0.00414374 -0.00255962 0.0163149 0.00251351 0.0446619
internal_weight=110547 105066 99823.7 83846.7 51820.7 20287.6 32026 9734.45 31533.1 18192.7 12597.8 6270.3 5594.93 13340.4 22291.6 384.143 5480.77 4810.62 2530.58 2436.9 1642.8 11949.8 3064.36 21907.4 4091.35 21646.6 2204.63 515.2 6234.08 658.672
internal_count=526937 483673 461800 394155 247264 100994 146891 42220 146270 83956 57655 27866 26301 62314 104671 1657 43264 38937 11667 11234 7502 55484 14634 103014 30523 101781 14379 3260 27295 2973
is_linear=0
shrinkage=0.05


Tree=52
num_leaves=31
num_cat=0
split_feature=10 37 28 11 43 13 33 1 5 33 33 32 33 33 10 33 33 33 33 33 5 32 32 12 33 33 6 33 43 33
split_gain=243.903 207.472 243.291 206.546 190.703 176.652 147.707 145.878 135.122 145.645 177.137 133.036 126.054 127.798 110.499 138.885 109.352 145.328 125.96 150.244 107.579 106.991 104.436 200.05 123.069 451.309 133.317 108.411 116.87 102.031
threshold=0.0085406396493599192 -0.058084772370537378 0.00059038860195640113 1.2214419198013911 3.5000000000000004 0.0059907361153669946 2653.5000000000005 -0.0065359477124183321 -0.061696658097685979 3459.5000000000005 2682.5000000000005 4.5000000000000009 2878.5000000000005 2848.5000000000005 0.020994207490799534 3740.5000000000005 430.50000000000006 392.50000000000006 941.50000000000011 968.50000000000011 0.11827956989247336 3.5000000000000004 3.5000000000000004 2.4857142857142871 1991.5000000000002 2053.5000000000005 38.056586063246336 2432.5000000000005 2.5000000000000004 2696.5000000000005
decision_type=8 8 10 10 2 10 2 8 10 2 2 2 2 2 10 2 2 2 2 2 8 2 2 10 2 2 10 2 2 2
left_child=-1 3 5 4 6 -3 -2 11 9 10 -9 -4 13 -12 15 22 17 -16 -18 -20 -6 -5 23 24 -7 26 -26 28 -24 -8
right_child=1 2 7 21 20 14 29 8 -10 -11 12 -13 -14 -15 16 -17 18 -19 19 -21 -22 -23 27 -25 25 -27 -28 -29 -30 -31
leaf_value=-0.021124887887881232 0.00907221991039814 -0.02088116911256864 -0.0086697947977906718 -0.019328256550610701 -0.0084966493843294903 -0.025436544872489676 0.06451420588908717 0.0066638732461581449 0.0017319214779569847 -0.022377296319596021 0.0220406291686608 0.0007109542549841683 0.012883806378336358 0.06439143923708239 0.0043306094552588922 0.078373203174976036 -0.0096219067854773025 0.038851674210483307 0.049467376686762876 -0.00036612314713173398 0.01098606511966674 0.00020797283040810497 -0.0060560638157957534 0.0063447936065362046 0.15161459626220675 -0.017354362165987534 0.039890167710964874 -0.012776499121386254 0.0050558009788290803 0.021356820048926778
leaf_weight=1348.7960138507187 6928.3325945436954 1412.7825115323067 5212.8981335386634 939.42070928215981 2068.5712312534451 2273.2833937332034 148.14692679047585 6685.9909402877092 24652.260085210204 355.33194839209318 407.13930189236999 13744.87816002965 951.62207210436463 316.69052980840206 2369.6090974211693 48.641902565956116 4194.5239238739014 349.8923319876194 152.69958771765232 15933.323576465249 1077.6790696531534 2759.2386621460319 5797.0785836651921 990.63384277373552 50.797790564596653 697.62814898043871 56.288446947932243 2736.7581277191639 3998.3619312047958 1811.8878848031163
leaf_count=15146 29878 11792 25514 4255 8931 13571 618 29865 111331 1948 1859 61570 4327 1332 10165 278 18992 1487 647 71918 4529 11767 30301 5841 293 4291 332 15493 20846 7751
internal_value=6.96066e-06 0.000268159 -0.0006267 0.00557984 0.00875579 -0.00350758 0.0125005 0.00163401 0.00362388 0.00897459 0.0103069 -0.00186851 0.0248448 0.04057 -0.00288853 -0.00599091 -0.000642758 0.00877211 -0.00190524 0.000106931 -0.00182327 -0.00475402 -0.0062381 -0.0131983 -0.0194881 -0.002684 0.0928881 -0.00397845 -0.00152036 0.0246188
internal_weight=110471 109122 93389.1 15733.3 12034.6 41062.3 8888.37 52326.8 33369 8716.77 8361.44 18957.8 1675.45 723.83 39649.5 16649.5 23000 2719.5 20280.5 16086 3146.25 3698.66 16600.8 4068.63 3078 804.714 107.086 12532.2 9795.44 1960.03
internal_count=526868 511722 443993 67729 51707 206247 38247 237746 150662 39331 37383 87084 7518 3191 194455 91246 103209 11652 91557 72565 13460 16022 90968 24328 18487 4916 625 66640 51147 8369
is_linear=0
shrinkage=0.05


Tree=53
num_leaves=31
num_cat=0
split_feature=12 5 8 28 34 33 33 43 33 5 33 43 10 33 33 33 2 6 33 2 43 11 11 26 33 43 5 33 33 33
split_gain=234.708 213.821 255.417 169.115 207.154 143.812 199.476 201.604 162.923 135.03 134.126 185.792 127.68 125.65 117.424 133.522 136.214 112.91 109.222 103.199 91.3756 205.712 149.928 130.295 118.605 89.5836 105.344 84.4743 178.937 162.418
threshold=1.0000000180025095e-35 -0.16366867015382866 0.24344122353025324 0.047141161649348666 3.1441522951149259 1438.5000000000002 740.50000000000011 1.5000000000000002 1569.5000000000002 -0.067669172932330809 928.50000000000011 1.5000000000000002 0.01745593894669711 1526.5000000000002 955.50000000000011 941.50000000000011 -0.0095648037179685824 53.085317000562121 1470.5000000000002 -0.11732347780489281 1.0000000180025095e-35 0.36677315640132574 0.92469742996611892 0.60070057911268171 253.50000000000003 3.5000000000000004 -0.040133779264214457 3367.5000000000005 3187.5000000000005 3261.5000000000005
decision_type=8 8 10 10 2 2 2 2 2 10 2 2 10 2 2 2 10 10 2 10 2 10 8 10 2 2 8 2 2 2
left_child=25 10 3 9 5 6 7 -5 13 20 11 -2 17 18 15 16 -12 -11 -7 -4 22 -22 24 -23 -3 -1 -27 28 -6 -30
right_child=1 2 19 4 27 8 -8 -9 -10 12 14 -13 -14 -15 -16 -17 -18 -19 -20 -21 21 23 -24 -25 -26 26 -28 -29 29 -31
leaf_value=-0.031173467538760533 0.014904669839033833 0.039883724047394487 0.025727235996982706 -0.019044892773266171 -0.0019140997652858493 0.052419623607627988 -0.01428019449840349 0.034516098678578647 0.0130217403999298 -0.015206886319778276 0.034230002088385024 -0.005498708120459119 -0.00378561669537658 0.080942258954885216 0.0073546488512676953 0.06754849500689164 -0.053851923641080761 -0.0038918422755336041 -0.0082799999902070463 0.0031630359707355213 0.021626886845096144 0.0026326229328280017 -0.01261200276115728 -0.0069097002447172347 -0.036857827059432476 0.038181777229146251 -0.029160429572980446 -0.015436711145770984 0.043414777736903803 -0.0067589187313943262
leaf_weight=830.94239826127887 1451.2787535488605 246.23531478643417 518.34727334976196 249.67555052042007 9429.9399177506566 174.11102050542831 1013.3526465073228 592.86589467525482 2122.9718983396888 5575.1028849817812 151.401421636343 4825.7636681199074 23397.516430653632 163.71612310409546 11214.459854930639 175.85253131389618 61.811919495463371 3646.992561403662 129.03343379497528 22603.314499408007 1114.8336714431643 10603.337834473699 2610.0786046683788 5398.7292654849589 63.288573503494263 114.23048194125295 118.12693260237575 988.00939889997244 428.23811592906713 258.75623977929354
leaf_count=9810 6015 1116 2124 1048 43047 769 4504 2489 9165 37853 633 20880 111844 694 48196 736 259 21498 567 95267 5346 54725 12843 24612 275 656 1339 4887 1905 1239
internal_value=-0.000121265 0.000106349 -0.000872585 -0.00241211 0.00216928 0.01129 0.000666795 0.018644 0.0189027 -0.00376512 0.00510644 -0.000781361 -0.00574953 0.0456453 0.00829151 0.0352957 0.00869449 -0.0107322 0.0265828 0.00366889 -0.000534467 0.000860049 -0.00871016 -0.000586737 0.0241923 -0.023499 0.00394604 -0.00148209 -0.000119295 0.0245169
internal_weight=110272 109209 91328.4 68206.8 15550.7 4445.73 1855.89 842.541 2589.83 52656.1 17880.6 6277.04 32619.6 466.861 11603.5 389.066 213.213 9222.1 303.144 23121.7 20036.5 17116.9 2919.6 16002.1 309.524 1063.3 232.357 11104.9 10116.9 686.994
internal_count=526341 514536 437817 340426 70314 19236 8041 3537 11195 270112 76719 26895 171195 2030 49824 1628 892 59351 1336 97391 98917 84683 14234 79337 1391 11805 1995 51078 46191 3144
is_linear=0
shrinkage=0.05


Tree=54
num_leaves=31
num_cat=0
split_feature=10 5 7 38 33 0 32 32 33 33 32 33 33 43 33 43 33 33 33 33 33 43 33 33 33 33 12 33 33 33
split_gain=212.425 158.108 153.46 153.127 175.055 138.112 131.126 232.251 320.449 319.17 214.831 281.768 406.858 238.06 229.327 226.04 181.214 177.984 168.057 158.319 180.134 191.576 156.308 518.854 197.829 239.806 185.243 167.471 155.279 147.965
threshold=0.013709851511131426 -0.25448565235121146 -0.018724529360326033 -0.051765902429531656 3334.5000000000005 -0.043478260869565237 4.5000000000000009 8.5000000000000018 2848.5000000000005 2863.5000000000005 10.500000000000002 740.50000000000011 374.50000000000006 5.5000000000000009 350.50000000000006 2.5000000000000004 1134.5000000000002 240.50000000000003 3674.5000000000005 3474.5000000000005 3510.5000000000005 3.5000000000000004 2296.5000000000005 2263.5000000000005 1742.5000000000002 1498.5000000000002 1.1785714285714299 2967.5000000000005 3542.5000000000005 3108.5000000000005
decision_type=8 8 10 10 2 10 2 2 2 2 2 2 2 2 2 2 2 2 2 2 2 2 2 2 2 2 10 2 2 2
left_child=3 -2 5 -1 -5 -3 29 8 17 -10 11 12 14 18 -9 16 -12 -8 -13 -11 -21 -22 23 24 25 -17 -27 -24 -18 -7
right_child=1 2 -4 4 -6 6 7 10 9 19 15 13 -14 -15 -16 22 28 -19 -20 20 21 -23 27 -25 -26 26 -28 -29 -30 -31
leaf_value=0.0083255344794677753 0.008433144404178616 0.0087247919391048642 0.0063668054432427226 -0.0073803122563369326 -0.030467246535523202 -0.0051719490764580234 0.017746031324910646 0.00073597177075332724 0.063086665646912649 0.019564449930777363 -0.014356246141930996 -0.012808540527165119 0.024647577038990037 0.039260732307577803 -0.036592907552568887 0.006671874564244791 0.004328915821470351 -8.382425842214851e-05 0.054955762729630153 -0.046825642123391548 0.02402387934228993 -0.0080504054079054872 -0.027786120763837796 0.0801697294125744 -0.010877008649368533 0.054610475905908076 0.011859045035174818 0.0070831173273600348 -0.02485158973566258 0.0067349312022383775
leaf_weight=1281.9277545586228 6177.0164429619908 3901.0373791307211 9071.0397831425071 6187.9927935227752 946.68906024470925 23186.74270953238 1503.5465447232127 1534.9115358740091 323.29077237844467 2787.3822177127004 2885.6500022225082 10352.939817409962 1528.6822621673346 229.59014196693897 562.11643008887768 3604.7958903685212 4501.896537207067 20258.43446842581 92.310071267187595 177.6313564479351 820.75203639268875 1075.7293416261673 579.94242125749588 261.75215655565262 1099.8410911746323 530.19836249947548 485.3216697126627 847.63522927090526 507.26680847257376 2940.0165689438581
leaf_count=7583 25828 16380 38222 43151 10435 113036 6235 7052 1367 11568 13679 49570 6565 961 2467 15626 20663 91858 601 835 3703 5068 2583 1119 4975 2224 2087 3663 3086 14369
internal_value=4.91642e-05 0.000680167 0.000179487 -0.00758495 -0.0104437 -0.000468767 -0.000902549 0.00045089 0.00380946 0.0149801 -0.00260613 -0.00701237 0.00503032 -0.0111027 -0.00927018 0.00151112 -0.00437568 0.00114805 -0.0122097 0.011781 0.00132099 0.00583058 0.0077835 0.0113312 0.00818117 0.0127179 0.0341794 -0.00708224 0.00137387 -0.00383208
internal_weight=110244 101827 95650.5 8416.61 7134.68 86579.4 82678.4 56551.6 26946.8 5184.79 29604.9 14300.6 3625.71 10674.8 2097.03 15304.3 7894.81 21762 10445.2 4861.49 2074.11 1896.48 7409.49 5981.91 5720.16 4620.32 1015.52 1427.58 5009.16 26126.8
internal_count=526559 465390 439562 61169 53586 401340 384960 257555 120634 22541 136921 67216 16084 51132 9519 69705 37428 98093 50171 21174 9606 8771 32277 26031 24912 19937 4311 6246 23749 127405
is_linear=0
shrinkage=0.05


Tree=55
num_leaves=31
num_cat=0
split_feature=3 0 13 43 14 38 5 0 9 32 32 28 25 32 28 28 5 11 43 1 26 10 1 28 26 12 34 43 32 32
split_gain=217.448 298.836 189.206 170.294 141.144 171.706 141.06 126.727 113.797 112.95 132.99 130.373 108.187 104.786 95.3845 95.2308 89.7275 94.2754 85.9588 85.44 85.3398 85.0591 99.4603 97.2707 84.0028 83.4926 83.4068 97.4468 94.4121 177.504
threshold=-0.064061651737242029 0.00070383985455335651 0.0017404590294615274 2.5000000000000004 1.0000000180025095e-35 -0.1541702859971654 -0.038759689922480405 0.094908430597202234 0.034624165828850202 4.5000000000000009 1.5000000000000002 -0.032842131185596743 0.11605619210141395 11.500000000000002 0.0012709092498818647 -0.073806530648865609 -0.044444444444444224 0.54378818092209857 6.5000000000000009 0.011173184357542111 0.58908568443051212 0.028688052115434085 -0.0059880239520955772 -0.14567262911906861 0.70580221189293169 1.5928571428571445 5.0983408278980304 2.5000000000000004 10.500000000000002 9.5000000000000018
decision_type=8 8 10 2 10 8 8 8 8 2 2 10 10 2 10 8 8 10 2 10 8 8 10 10 10 10 2 2 2 2
left_child=4 2 3 -2 5 12 -5 14 9 10 19 -12 -1 15 -3 -7 17 -16 20 -4 -10 24 -23 -24 -6 -13 27 -11 29 -29
right_child=1 7 8 6 21 13 -8 -9 18 26 11 25 -14 -15 16 -17 -18 -19 -20 -21 -22 22 23 -25 -26 -27 -28 28 -30 -31
leaf_value=0.012207391234670923 -0.027180289539258551 -0.0011313247977195176 -0.0045336517221643583 0.036121324818191421 0.0068481843378568252 0.011362529513613462 -0.019709089927734368 0.018548580413598803 -0.037242143858889611 -0.0053513873124080092 -0.0033139559412055739 -0.020757702610313858 0.035132912354512144 0.022641199759196002 0.029732848153022035 0.000896132760024381 0.0020021864076020263 0.0072456451247366318 0.031615720746459401 0.011873880914973545 0.0021704304240264673 0.0070480642124628387 -0.045955532079904944 -0.0046344566583318477 -0.021041284637258927 -0.0084779926539435956 -0.0090686176014648356 0.0014836600958455185 0.0090021507736788037 -0.017399476404799566
leaf_weight=1508.2463807240129 1463.7272527851164 16022.627701297402 3201.7284190617502 223.91822764277458 377.74266187101603 2999.4907619580626 228.67670875787735 1165.3360854387283 139.69715252518654 8543.2529496848583 3330.4879500195384 3396.0992949530482 781.13022471964359 789.70228600502014 509.35692394524813 7890.4077165946364 16296.866056039929 5486.6683038696647 244.02715407311916 1054.8501222357154 8167.2463089227676 2642.5143306553364 164.69069334119558 1053.3320754021406 946.53031335771084 2336.6541969925165 3770.1554755866528 10843.610369030386 3166.3211062476039 1405.860560439527
leaf_count=6243 16003 77809 16289 1378 1691 13232 2351 4891 635 41985 18018 18584 3237 3414 2266 36039 72703 24451 1000 4698 34315 10983 818 4412 4153 12719 20248 50689 14398 7245
internal_value=5.15192e-05 -0.000967699 -0.00347608 -0.0188921 0.00489369 0.00750861 0.00791262 0.00230534 -0.00288048 -0.00397355 -0.00775782 -0.0111817 0.0200295 0.00505432 0.00181132 0.00377898 0.00392629 0.00915591 0.00236686 -0.000467595 0.00150763 -0.00215144 0.0015994 -0.0102215 -0.0130859 -0.0157525 -0.00215577 -0.00106797 0.00130585 -0.00068354
internal_weight=110151 90997.2 51516.3 1916.32 19153.8 13969 452.595 39480.9 49600 41049 13319.8 9063.24 2289.38 11679.6 38315.5 10889.9 22292.9 5996.03 8550.97 4256.58 8306.94 5184.81 3860.54 1218.02 1324.27 5732.75 27729.2 23959 15415.8 12249.5
internal_count=526897 442675 260555 19732 84222 62165 3729 182120 240823 204873 70308 49321 9480 52685 177229 49271 99420 26717 35950 20987 34950 22057 16213 5230 5844 31303 134565 114317 72332 57934
is_linear=0
shrinkage=0.05


Tree=56
num_leaves=31
num_cat=0
split_feature=37 0 10 14 43 33 9 43 33 33 13 32 33 33 43 33 33 34 33 33 33 33 43 10 33 34 9 0 28 32
split_gain=202.137 241.815 204.213 158.953 159.858 159.066 155.713 126.896 154.542 194.657 134.085 127.744 146.917 272.761 149.963 124.199 209.804 124.127 152.263 170.641 147.709 140.13 136.202 112.902 111.416 143.991 107.432 106.494 105.181 121.972
threshold=-0.048991354466912489 0.0033337964249329226 0.0096576465017368003 1.0000000180025095e-35 3.5000000000000004 174.50000000000003 0.031864124049363694 2.5000000000000004 3261.5000000000005 3108.5000000000005 1.1796119636642291e-17 4.5000000000000009 2696.5000000000005 2682.5000000000005 5.5000000000000009 484.50000000000006 444.50000000000006 3.1441522951149259 1396.5000000000002 740.50000000000011 1742.5000000000002 709.50000000000011 6.5000000000000009 0.027479033228242786 3334.5000000000005 3.9617646446706218 0.0060313878924530022 0.094908430597202234 -0.15731550280923537 2.5000000000000004
decision_type=8 8 8 8 2 2 10 2 2 2 10 2 2 2 2 2 2 2 2 2 2 2 2 8 2 2 10 8 10 2
left_child=3 2 -2 4 5 23 -6 10 9 11 -4 12 13 15 -15 16 -9 18 19 21 -20 -13 -21 -1 28 -26 -22 -3 -7 -30
right_child=1 27 7 -5 6 24 -8 8 -10 -11 -12 17 -14 14 -16 -17 -18 -19 20 22 26 -23 -24 -25 25 -27 -28 -29 29 -31
leaf_value=-0.033816123471177371 -0.021294951155953538 0.0016357763552967621 -0.023288178278762013 -0.002847466075471935 -0.0070642311207354805 0.034373141904790246 0.01722106840803125 -0.011469854132221716 -0.011207830348469103 0.016929799442870905 -0.0047637623785061079 0.008250890190786694 -0.02845392265860295 0.093272597554786021 0.0035984227971449477 -0.0082357208538567008 0.038842615234534923 -0.0013799658229324474 0.027952726080967119 -0.012195435071779538 0.061609199068380444 0.063162373317476858 0.050056908655107105 0.0029248009234017825 0.046454801442235738 0.0078166280259453942 0.0050308427897144932 0.016803291227096284 0.025972856248207034 0.0070994895582341695
leaf_weight=310.78475792706013 1504.5339271463454 35618.34415403381 1029.1843483522534 5254.2918006703258 2908.556115463376 440.38802410662174 853.81378747522831 435.80422146618366 3122.2217255085707 1697.3219253160059 19213.195185419172 942.76987294852734 669.6502400636673 109.39757539331913 81.24701526761055 5724.6528277397156 395.02068996429443 12606.786340482533 1224.0111266151071 2008.9648805037141 86.781697567552328 132.51391912996769 91.883029788732529 639.02583061158657 516.86258590221405 451.98176129162312 2528.7263542711735 1196.1388058960438 968.97518111020327 7345.8034866303205
leaf_count=1553 16848 162773 9309 22406 13167 1896 3554 2029 16051 7239 96184 4107 3216 518 356 28871 1738 58815 5455 9278 458 549 379 2932 2410 2085 11245 5031 4398 32174
internal_value=8.16742e-06 -0.000991553 -0.00313439 0.00459891 0.00730914 0.0104329 -0.00155304 -0.00260996 -0.000642989 0.00050492 -0.0057056 -0.000526151 -0.00611664 -0.00389935 0.0550561 -0.00561387 0.0124515 0.00158663 0.00691745 -0.00118139 0.013617 0.015018 -0.00947276 -0.00909709 0.0123406 0.0284295 0.00690809 0.00212858 0.0105602 0.00929893
internal_weight=110110 90419.1 53604.7 19690.5 14436.2 10673.8 3762.37 52100.1 31857.8 28735.5 20242.4 27038.2 7415.77 6746.12 190.645 6555.48 830.825 19622.4 7015.65 3176.13 3839.52 1075.28 2100.85 949.811 9724.01 968.844 2615.51 36814.5 8755.17 8314.78
internal_count=527024 440449 272645 86575 64169 47448 16721 255797 150304 134253 105493 127014 36728 33512 874 32638 3767 90286 31471 14313 17158 4656 9657 4485 42963 4495 11703 167804 38468 36572
is_linear=0
shrinkage=0.05


Tree=57
num_leaves=31
num_cat=0
split_feature=12 0 0 3 35 20 32 5 7 11 2 36 32 25 11 5 26 43 38 34 7 9 34 34 43 32 43 32 5 11
split_gain=201.721 162.82 169.951 140.336 105.897 103.249 102.639 102.321 101.943 100.404 99.897 80.1491 78.4288 76.1571 65.51 62.0996 73.8521 71.9082 152.729 75.1553 61.7127 60.3435 58.4936 57.103 55.9459 55.8073 103.731 75.1324 58.2312 62.9913
threshold=1.0000000180025095e-35 -0.043478260869565237 0.0043111896619311149 -0.04975124378109446 -0.01246105919004392 0.90444734534519577 10.500000000000002 -0.21390374331550818 -0.016391627180799836 1.1015627059606568 3.3306690738754701e-16 0.99959903769045755 4.5000000000000009 0.3193973100278078 0.46681878037386487 -0.044444444444444224 0.58493193882377692 1.0000000180025095e-35 -0.10827104828090571 4.158101222371581 -0.33499886518384014 1.1135646549513895e-09 4.0698807254103899 3.4547369007380513 3.5000000000000004 8.5000000000000018 5.5000000000000009 7.5000000000000009 0.21917808219178117 1.2432752819209265
decision_type=8 10 10 8 10 10 2 8 10 8 10 2 2 10 8 8 8 2 10 2 10 10 2 2 2 2 2 2 10 8
left_child=13 5 3 4 -3 -2 20 -4 15 -8 12 -10 -5 21 -12 16 -9 19 -19 -17 -6 24 -14 -11 -1 27 -27 28 29 -22
right_child=1 2 7 10 6 -7 9 8 11 23 14 -13 22 -15 -16 17 -18 18 -20 -21 25 -23 -24 -25 -26 26 -28 -29 -30 -31
leaf_value=-0.048628300250988216 0.018353982147270624 0.012654219183582291 0.011190863405414149 -0.0089942173728496232 0.0096817650783099837 0.002994977366477131 0.017907793364798058 0.0067543134474455689 0.0053056332334973262 0.010563897732052926 0.017117277620957161 0.022978853184761658 -0.0013286710035853605 -0.030092813281185085 -0.0008556718172005799 -0.022080140427987852 -0.0015225184339288222 0.021026673111243052 -0.0015987303496430413 0.0025185238983144232 -0.00077791878809981843 -0.019925583366205452 -0.0071255620574747092 -0.011271853772812007 0.044698343493855 -0.0094668579438103133 0.077154284265427697 0.016510140524864089 0.012888334698493382 -0.013347393443647403
leaf_weight=19.377462916076183 1921.7114303782582 2125.0838256031275 3088.9344745725393 8564.2705084979534 1158.6411066874862 2541.0949081555009 1537.6894375309348 6520.6144363805652 6384.5864438787103 548.51398541778326 520.44592040777206 713.17483545839787 13072.671700417995 759.05551202967763 19625.475942220539 812.43620040267706 4593.8056249320507 782.76161058247089 15829.201290350407 502.60468473285437 5473.5728792287409 146.17625135183334 6523.1428261101246 659.27401593327522 93.745896685868502 2849.1271001324058 34.986647322773933 613.694062076509 625.29534155130386 1218.6727488078177
leaf_count=198 8160 9534 12794 47176 4939 10611 6615 31113 27361 2373 2614 3092 64644 9844 92481 3816 19895 3316 73174 2375 25889 1236 34908 2968 631 13042 144 2678 2708 5849
internal_value=4.88962e-05 0.000256139 -0.000143737 -0.00170928 0.00222048 0.00960866 0.000714136 0.00245634 0.00170977 0.00943363 -0.00307961 0.00708142 -0.0050028 -0.0221011 -0.000391362 0.000396932 0.00333334 -0.00142359 -0.000532613 -0.0126786 -0.00128513 0.00129328 -0.00325837 -0.0013552 0.028712 -0.00246001 -0.00841607 -0.000294142 -0.00170345 -0.00306685
internal_weight=109860 108841 104379 65150.6 16844.6 4462.81 14719.5 39228.1 36139.2 2745.48 48306 7097.76 28160.1 1018.36 20145.9 29041.4 11114.4 17927 16612 1315.04 11974 259.3 19595.8 1207.79 113.123 10815.3 2884.11 7931.24 7317.54 6692.25
internal_count=526178 514269 495498 318562 76739 18771 67205 176936 164142 11956 241823 30453 146728 11909 95095 133689 51008 82681 76490 6191 55249 2065 99552 5341 829 50310 13186 37124 34446 31738
is_linear=0
shrinkage=0.05


Tree=58
num_leaves=31
num_cat=0
split_feature=10 5 26 6 7 10 43 32 32 11 32 3 8 11 32 43 3 32 1 43 25 32 11 11 43 11 32 32 12 32
split_gain=167.734 163.391 241.08 201.608 162.271 104.418 100.735 161.142 281.716 103.345 98.8102 129.529 108.225 110.666 94.094 84.7733 82.6472 96.9696 89.412 78.2624 73.983 74.1045 72.6735 71.6067 69.8799 189.372 69.6871 144.518 105.954 101.281
threshold=0.032434883788353748 -0.096182019647651204 0.72557878866030523 1.0000000180025095e-35 -0.018724529360326033 0.016256410679891704 1.5000000000000002 5.5000000000000009 4.5000000000000009 0.95534515849470425 10.500000000000002 -0.0046296296296297048 0.11281770438396944 0.55155872846970488 11.500000000000002 1.0000000180025095e-35 -0.044117647058823421 3.5000000000000004 -0.095076194874162953 1.5000000000000002 0.20552753461529136 8.5000000000000018 1.5405960289383354 1.454357686121752 1.0000000180025095e-35 1.6737331393215327 6.5000000000000009 8.5000000000000018 1.6357142039707731 2.5000000000000004
decision_type=10 8 10 8 10 8 2 2 2 10 2 10 10 10 2 2 10 2 10 2 10 2 10 10 2 8 2 2 10 2
left_child=1 2 6 20 5 14 7 8 9 -1 12 -12 22 -14 -5 -9 17 18 -11 -4 21 -3 -8 -15 -7 26 29 -28 -29 -26
right_child=-2 3 19 4 -6 24 10 15 -10 16 11 -13 13 23 -16 -17 -18 -19 -20 -21 -22 -23 -24 -25 25 -27 27 28 -30 -31
leaf_value=0.02551803198479928 0.0036290449179465396 0.041942237139402969 0.011375529778047193 -0.0093024805799318249 0.0044399277283803306 -0.0085313466035676321 -0.00016514826599841584 -0.036754227575613883 0.055168380526946975 0.048065554537439548 0.018070596202551862 -0.0011685059976622707 0.042430945200166853 0.0045887838369495599 0.0093306747702497032 0.0041457461589665288 -0.026683291159274727 0.033548621704208401 -0.025383234131888872 -0.0095411383229373307 -0.034303413419257009 -0.049872238418661979 0.037136876921695906 0.068077282285952695 0.00032397591189526156 0.017894743561854821 0.0060437441516424592 0.00079650068190311092 -0.0081787445714550499 -0.0078004652604459898
leaf_weight=595.55599777400494 24958.692063130438 67.183579597622156 495.87684521079063 8889.6869416311383 8068.169419977814 3820.9301092326641 13063.410358346999 179.23521155118942 469.23377756774426 51.364655748009682 2288.8388534858823 1416.1555290520191 291.71088679134846 970.22802586108446 733.42966122552752 432.18381704390049 238.74420213699341 222.68721783161163 214.33510779589415 4556.3676003441215 653.39857329055667 32.660343647003174 131.89068052917719 46.542812496423721 6396.4373812973499 1225.8581770956516 6440.588244497776 7635.5134683251381 5775.4736512005329 9583.1256458386779
leaf_count=2556 104874 705 2103 56901 36807 18562 62437 750 1963 222 10246 6856 1249 4180 4451 1962 1082 934 982 19870 10429 357 627 195 31201 5346 28578 35907 26746 47811
internal_value=2.52809e-05 -0.00103306 0.00230007 -0.00247506 -0.0021445 -0.00319644 0.00469927 0.0143205 0.0218832 0.010075 0.00342938 0.0107169 0.00156779 0.0152835 -0.00788235 -0.00784393 -0.00257351 0.00921237 -0.0111842 -0.00748817 -0.0281779 0.0119084 0.000207696 0.00749498 -0.00209333 -0.00142951 -0.00209063 -0.000112292 -0.00306871 -0.00454834
internal_weight=109946 84986.8 25664.4 59322.5 58569.2 50501 20612.1 2403.34 1791.92 1322.69 18208.8 3704.99 14503.8 1308.48 9623.12 611.419 727.131 488.387 265.7 5052.24 753.242 99.8439 13195.3 1016.77 40877.9 37057 35831.1 19851.6 13411 15979.6
internal_count=526889 422015 118214 303801 292310 255503 96241 10451 7739 5776 85790 17102 68688 5624 61352 2712 3220 2138 1204 21973 11491 1062 63064 4375 194151 175589 170243 91231 62653 79012
is_linear=0
shrinkage=0.05


Tree=59
num_leaves=31
num_cat=0
split_feature=10 19 8 5 43 38 3 35 32 7 29 34 4 43 37 8 34 1 32 32 28 25 32 37 22 43 32 32 3 37
split_gain=178.659 166.92 149.937 137.564 158.349 120.736 109.84 97.228 122.015 89.0342 84.1031 89.3507 85.245 75.0832 85.5387 74.161 73.8977 68.0144 65.8394 137.883 125.537 68.9187 63.5346 62.424 57.264 57.0138 58.8058 56.5389 58.2308 56.4517
threshold=0.0075109496556398933 -0.48939830887947672 0.25008722958827639 -0.076691640878079156 1.5000000000000002 0.015165065149888803 -0.047297297297297196 -0.0058997050147688293 10.500000000000002 -0.32242184982275213 -0.047297727277846813 4.5277488930852572 -0.12211601344466248 2.5000000000000004 -0.034038638454498886 1.0000000180025095e-35 3.4160846460127714 0.14518624483747924 5.5000000000000009 4.5000000000000009 0.11278810983956594 0.1937850379549905 10.500000000000002 -0.055858365989537466 1.6130469167077204 6.5000000000000009 5.5000000000000009 1.5000000000000002 -0.066417495201077578 -0.02313624678666892
decision_type=8 8 10 8 2 8 10 10 2 10 10 2 10 2 10 8 2 10 2 2 10 10 2 10 10 2 2 2 10 10
left_child=10 2 6 4 18 13 7 -2 9 -9 11 12 -1 14 -5 29 -10 25 19 21 -21 -3 -15 -4 -6 -7 -27 -23 -29 -8
right_child=1 3 23 5 24 17 15 8 16 -11 -12 -13 -14 22 -16 -17 -18 -19 -20 20 -22 27 -24 -25 -26 26 -28 28 -30 -31
leaf_value=-0.042059920568761032 0.0086541801553500029 -0.008746464113945215 0.013812732270674047 0.0023068716732688277 0.0032140274448700492 0.0012268310698792045 -0.0094695091573959635 0.0093981206260042999 0.019426055634611642 -0.0068281624379739839 -0.032075949023013493 -0.020702154286276777 0.081609073694297873 -0.0020511114644755721 -0.010061531368107723 -0.0049827213235901771 0.00026493934186927058 0.01261090132389037 0.0038910591460925986 0.054524188670273636 -0.0064753330377567203 0.04092978950936884 0.0090910092108925505 0.0020074943251102641 0.02508558394418578 0.02121591733950505 -0.016177890890577227 0.031259314334376585 0.0013762847403829062 -0.03057115076850991
leaf_weight=18.816443733870983 2633.7625053226948 285.13194562494755 1348.1481071487069 1872.1368371807039 19169.032691646367 25777.174052506685 897.05765387788415 959.65385657548904 907.38811915367842 7100.3269376084208 626.38970974087715 120.65743243694305 53.705596413463354 7333.6045149080455 5518.4226542375982 20682.557329110801 1129.5988132879138 1488.1860152333975 685.61724163591862 444.6727147102356 104.08800669014454 228.87859614193439 1549.8043328635395 6611.375082924962 304.01564891636372 639.87788822501898 125.81005471199751 257.1591882109642 445.32756301760674 490.10925697907805
leaf_count=161 12020 1212 5606 8787 86836 113584 4764 4073 3916 33628 9111 1240 610 36914 31022 107784 5004 6163 2919 1855 425 948 7192 28713 1323 2704 559 1104 1967 4628
internal_value=7.64354e-05 0.000251326 -0.0021839 0.0018236 0.00506301 0.000220609 -0.00359987 9.86636e-05 -0.00213302 -0.0048962 -0.023181 0.00566094 0.0495221 -0.00320498 -0.00692843 -0.00573334 0.00880037 0.0022094 0.0170408 0.022148 0.0429539 0.0127625 -0.000107251 0.00400701 0.00355549 0.00162622 0.0150717 0.0193474 0.0123156 -0.0169251
internal_weight=109808 108989 42760 66228.9 21923.9 44305 34800.5 12730.7 10097 8059.98 819.569 193.179 72.522 16274 7390.56 22069.7 2036.99 28031 2450.88 1765.26 548.761 1216.5 8883.41 7959.52 19473 26542.9 765.688 931.365 702.487 1387.17
internal_count=526772 515650 210136 305514 98589 206925 175817 58641 46621 37701 11122 2011 771 83915 39809 117176 8920 123010 10430 7511 2280 5231 44106 34319 88159 116847 3263 4019 3071 9392
is_linear=0
shrinkage=0.05


Tree=60
num_leaves=31
num_cat=0
split_feature=10 10 5 26 4 25 29 34 43 32 32 11 29 32 34 12 11 11 6 5 29 34 4 0 43 28 43 20 28 34
split_gain=159.466 138.598 123.951 233.217 183.173 132.451 132.179 101.828 101.786 169.71 287.789 142.517 93.1834 86.3431 109.571 105.433 100.15 101.862 91.2722 80.0139 79.7132 80.6804 89.3243 79.2924 75.2394 73.4701 73.2247 94.9601 87.3782 77.8767
threshold=0.0075109496556398933 0.034034455488658175 -0.067669172932330809 0.76386864269517341 0.011363636363636577 0.70406573844491083 0.14337084670163378 3.0750027876182671 1.5000000000000002 5.5000000000000009 4.5000000000000009 0.9491194418866401 -0.083213489124236387 10.500000000000002 2.8003208578683441 0.34285714285714292 1.6006972824122065 0.36677315640132574 25.278720737640288 0.26829268292683001 -0.057356531932704215 4.4875121511018561 -0.12211601344466248 0.061485747057825287 3.5000000000000004 0.012809880101714763 1.5000000000000002 0.4453237665991297 -0.059165511918406084 4.0578530801286421
decision_type=8 10 8 10 8 8 10 2 2 2 2 10 10 2 2 10 10 10 10 10 10 2 10 8 2 10 2 10 10 2
left_child=20 2 3 8 12 7 23 -6 9 10 11 -2 -4 16 -15 -16 17 24 -18 -14 21 22 -1 -7 -10 -12 27 -3 -28 -30
right_child=1 26 4 -5 5 6 -8 -9 13 -11 25 -13 19 14 15 -17 18 -19 -20 -21 -22 -23 -24 -25 -26 -27 28 -29 29 -31
leaf_value=-0.041045688217354742 0.024912866234899814 -0.03078265314144428 0.0013597343884829984 -0.0078600100415135762 0.014038383420593565 -0.0047984203826049697 0.0060971153271839355 0.0023591038119430679 0.0058104547328190516 -0.0066169448084391338 0.064617313358676862 -0.0043875297199212227 -0.0071929134365012878 0.023676156515274209 -0.036694105077834639 0.0063517996159643186 -0.022907924911413642 0.00012320531057084433 0.07730621604599669 0.0098030044956968036 -0.029799084544497513 -0.018374344443410615 0.095164290910491875 0.010705459283183975 0.041492704621999103 0.028894812602595937 0.012838366654977033 -0.00048998396381224674 0.0058327728503824276 -0.0016511614753785661
leaf_weight=16.860340371727943 751.95144421607256 310.0124458745122 4449.9107892103493 5286.5637384206057 2491.9686353653669 14611.280458055437 4179.1754824891686 7432.7537948489189 347.78672510758042 876.46103424578905 337.42958103120327 926.17726314812899 20167.474976588041 946.26878860220313 147.48382183164358 4008.0870867222548 31.91510596498847 19132.354283388704 78.866181209683418 717.11803226172924 649.02106039971113 94.373359732329845 42.067225597798824 874.02148056030273 256.83238648623228 251.00468926131725 2903.5860373079777 1563.1895925402641 10710.580062389374 5146.2491919845343
leaf_count=157 3261 1791 20807 23022 11169 68176 17737 34876 2166 3960 1449 4198 112821 4235 1486 18237 170 91646 345 3328 9499 982 441 3708 1183 1029 12152 6510 44714 21444
internal_value=6.98755e-05 0.000233449 -0.000628659 0.00177432 -0.00208904 0.000582797 -0.00179376 0.00529162 0.00358734 0.0120669 0.0192918 0.00874166 -0.00520959 0.00251913 0.00832068 0.00482407 0.00102784 0.000761752 0.0484354 -0.00660932 -0.0221395 0.0102883 0.0561919 -0.00392335 0.0209677 0.0493794 0.00392289 -0.00550338 0.00486409 0.0034039
internal_weight=109739 108937 88302.9 33379.2 54923.7 29589.2 19664.5 9924.72 28092.6 3143.02 2266.56 1678.13 25334.5 24949.6 5101.84 4155.57 19847.8 19737 110.781 20884.6 802.322 153.301 58.9276 15485.3 604.619 588.434 20633.6 1873.2 18760.4 15856.8
internal_count=526699 515620 429009 156387 272622 135666 89621 46045 133365 13897 9937 7459 136956 119468 23958 19723 95510 94995 515 116149 11079 1580 598 71884 3349 2478 86611 8301 78310 66158
is_linear=0
shrinkage=0.05


Tree=61
num_leaves=31
num_cat=0
split_feature=10 7 7 28 33 33 33 33 2 0 33 28 12 20 29 34 33 33 33 34 33 33 33 33 33 33 12 33 10 33
split_gain=157.935 136.542 163.177 119.01 102.966 106.343 141.814 103.469 98.9634 120.809 92.1877 101.038 86.0291 81.9348 80.149 98.8956 77.7408 77.6857 214.266 105.646 162.535 102.045 138.019 101.735 138.064 83.7209 81.9039 77.6161 75.9043 72.8718
threshold=0.0075109496556398933 -0.016391627180799836 -0.14247263531657259 0.047141161649348666 3740.5000000000005 740.50000000000011 682.50000000000011 941.50000000000011 -0.059478079885851902 0.0016868878697298142 174.50000000000003 -0.073806530648865609 4.0535714285714262 0.72481073744284552 -0.055506581327190219 4.4875121511018561 1025.5000000000002 3261.5000000000005 3090.5000000000005 3.3160008886978156 280.50000000000006 1438.5000000000002 1569.5000000000002 740.50000000000011 682.50000000000011 1541.5000000000002 0.36428571428571432 444.50000000000006 0.029855681507735102 3334.5000000000005
decision_type=8 10 8 10 2 2 2 2 10 10 2 10 10 10 10 2 2 2 2 2 2 2 2 2 2 2 10 2 10 2
left_child=14 2 8 4 5 6 12 -7 10 -10 -2 29 -4 -6 15 -1 -9 18 19 21 -21 23 25 24 -5 -23 -24 -22 -27 -12
right_child=1 -3 3 17 13 7 -8 16 9 -11 11 -13 -14 -15 -16 -17 -18 -19 -20 20 27 22 26 -25 -26 28 -28 -29 -30 -31
leaf_value=0.058979023953650414 -0.019970826933786729 0.005898732414949202 -0.0034704170861731332 0.0012918753463136651 -0.026091118915223262 -0.015691518930174019 0.022059255655459031 0.01129158509396367 -0.0015765053269856583 0.0044739588203398673 0.012887733321351506 0.0035538849769266366 0.0099996346813309642 0.075935337748325851 -0.030343359495229646 -0.021491448211855797 -0.0050334500373486061 -0.0099087514182981951 0.019686451980005747 0.013244128458011423 -0.020535889665661191 0.021616860722868298 0.031055736848399931 -0.011651283052181372 0.04889207265149028 0.087070103778552288 0.0033858969831336745 -0.0041762680219806095 0.012992807156834242 0.045109633745214262
leaf_weight=61.583100844174623 316.10025623440742 9434.1563263833523 6623.8064602091908 1010.4240373075008 27.308867607265711 2270.6764392592013 722.72758913040161 750.9509213604033 22194.588312450796 13131.260505199432 2847.4081593155861 5627.3386891111732 1443.7073947191238 70.423562914133072 629.27682397887111 100.47192433476448 25243.746580500156 1463.8102489002049 1568.996804907918 1295.8006287552416 809.97395234555006 454.07070245593786 299.88155100122094 1331.3769848868251 179.3810792863369 109.49050287902355 2472.4130140542984 6911.8686323985457 50.544626861810684 186.99079222977161
leaf_count=604 1357 41047 32597 4267 289 12253 3297 3541 103221 57478 12068 23692 6902 458 9480 1061 137467 6969 6560 5495 3441 1945 1345 5891 736 470 10538 31286 206 798
internal_value=-1.17016e-05 0.000150103 -0.000395423 -0.00221166 -0.00382703 -0.00396221 0.000840933 -0.00545594 0.00186388 0.000672562 0.00655145 0.00751935 -0.00105991 0.0474266 -0.0222682 0.00908842 -0.00456184 0.00113037 0.00211006 0.000262363 -0.00314246 0.00545967 0.0111298 -0.00215637 0.00846832 0.0325769 0.00637897 -0.00589229 0.0636739 0.0148734
internal_weight=109641 108849 99415.1 55111.4 37153.3 37055.6 8790.24 28265.4 44303.7 35325.8 8977.84 8661.74 8067.51 97.7324 791.332 162.055 25994.7 17958 16494.2 14925.2 9017.64 5907.58 3386.4 2521.18 1189.81 614.106 2772.29 7721.84 160.035 3034.4
internal_count=526759 515614 474567 275953 196804 196057 42796 153261 198614 160699 37915 36558 39499 747 11145 1665 141008 79149 72180 65620 40222 25398 14504 10894 5003 2621 11883 34727 676 12866
is_linear=0
shrinkage=0.05


Tree=62
num_leaves=31
num_cat=0
split_feature=19 0 10 32 32 28 34 2 37 28 13 43 32 10 12 34 12 10 32 12 43 32 32 20 10 34 28 35 43 32
split_gain=158.376 189.623 152.552 116.821 195.279 116.845 113.279 108.455 99.3439 101.488 117.244 112.053 201.771 99.7394 99.306 96.7494 95.0444 96.1206 85.2466 92.3711 119.992 118.187 191.036 103.293 92.7744 92.6207 86.6594 82.1329 81.0519 152.242
threshold=0.40908527381167231 -0.043478260869565237 0.0093503637403269859 3.5000000000000004 2.5000000000000004 -0.068314310379080992 4.4875121511018561 0.2117496998799521 -0.048991354466912489 -0.030840095841722624 0.0040404040404036102 1.5000000000000002 5.5000000000000009 0.020722986426742505 1.2642857142857153 2.8243462428830353 4.5571428571428632 0.016607516397334567 4.5000000000000009 6.7142857142857224 2.5000000000000004 10.500000000000002 9.5000000000000018 1.0584860239579954 0.040999419654827708 2.8819995850723745 0.12204057395378097 -0.011571973516169341 6.5000000000000009 5.5000000000000009
decision_type=10 10 8 2 2 10 2 10 8 10 10 2 2 8 8 2 8 10 2 10 2 2 2 10 8 2 10 10 2 2
left_child=1 -1 -3 4 5 -4 -6 8 27 10 -10 12 -11 -14 -15 -2 17 -7 26 20 -20 22 28 25 -24 -23 -13 -5 -22 -30
right_child=15 2 3 7 6 16 -8 -9 9 11 -12 18 13 14 -16 -17 -18 -19 19 -21 21 23 24 -25 -26 -27 -28 -29 29 -31
leaf_value=0.01110291997245922 0.0092829536669164162 -0.019073807544110116 0.014101167826961677 0.014902511046610939 -0.015982132801775083 -0.016573554254109977 0.00059381849911664989 0.033696230249914139 -0.028925773106865633 0.038112786322331782 -0.0042775479229840542 -0.012564059726280857 0.0444091679139232 -0.030810335328026718 0.0060387478628455404 0.001825629240516134 0.0069824779074968094 -0.0027040815793417826 -0.0048877992344497521 -0.0074038985195923196 0.0022452124604963953 0.030722079733260039 -0.019296313388283429 -0.001808990664397273 0.028632840650204897 0.010365772214299337 0.061689318670180716 0.0022064290419617342 0.061681005131833978 -0.015779692701669099
leaf_weight=3052.6057249009609 5302.6410488262773 1229.5904328674078 1128.2220849245787 1461.98625292629 4592.2521227449179 1482.8829892203212 1328.9874335452914 234.95046490430832 503.29054722934961 532.48317138850689 11656.24275135994 1822.3673000633717 108.77124152332544 278.00430256128311 534.09954179823399 24192.359096441418 2053.7397794798017 7927.5907831117511 6396.6831689178944 3647.3753834068775 14102.35041372478 733.83646089211106 1413.0784229524434 1252.9639030620456 108.73352809995413 2342.6120976954699 40.159649401903152 9898.8274570032954 156.35378891974688 106.73467580229044
leaf_count=12893 23242 14640 5369 6319 24966 9591 7490 987 4478 2240 57197 9665 558 1216 2259 109282 9848 37645 33600 16892 64979 3182 7177 5463 449 10706 167 43044 662 514
internal_value=3.38795e-05 -0.00111917 -0.00160323 -0.00132 -0.00477317 -0.00125187 -0.0122618 -0.000204903 -0.000344404 -0.00138387 -0.00529775 3.35185e-05 0.0136131 -0.000553466 -0.00657565 0.00316631 -0.0027628 -0.0048896 -0.000580866 5.81481e-05 0.00108083 0.00296934 0.000973657 0.0102927 -0.0158718 0.0152214 -0.010963 0.00384025 0.00275819 0.0302553
internal_weight=109623 80127.8 77075.2 75845.6 18513.7 12592.4 5921.24 57331.9 57097 45736.1 12159.5 33576.6 1453.36 920.875 812.104 29495 11464.2 9410.47 32123.2 30260.7 26613.3 20216.7 15887.3 4329.41 1521.81 3076.45 1862.53 11360.8 14365.4 263.088
internal_count=526720 394196 381303 366663 94909 62453 32456 271754 270767 221404 61675 159729 6273 4033 3475 132524 57084 47236 153456 143624 126732 93132 73781 19351 7626 13888 9832 49363 66155 1176
is_linear=0
shrinkage=0.05


Tree=63
num_leaves=31
num_cat=0
split_feature=20 3 1 14 28 32 43 13 34 11 28 2 43 32 32 32 11 34 38 32 1 29 43 32 11 32 34 32 8 8
split_gain=132.287 127.465 205.281 113.324 125.669 85.1865 101.28 98.3487 94.0943 85.4295 77.3337 84.0964 77.38 74.7705 74.2081 110.022 78.9699 76.1453 73.8772 82.4943 70.4887 82.6833 78.3462 93.6501 74.4349 74.4291 92.2631 88.1064 103.166 69.6587
threshold=0.069576914817035027 -0.066417495201077578 0.0029542738304583209 1.0000000180025095e-35 -0.13812608360179696 4.5000000000000009 2.5000000000000004 0.01188561449892974 5.0983408278980304 0.32229441857794688 -0.04310892410301178 3.3306690738754701e-16 1.0000000180025095e-35 8.5000000000000018 10.500000000000002 9.5000000000000018 0.89512342996350525 2.8478079206112956 -0.14522632923308418 11.500000000000002 0.14518624483747924 0.36207084948327117 6.5000000000000009 5.5000000000000009 0.46681878037386487 4.5000000000000009 4.2731876118298775 1.5000000000000002 0.32065743885645742 0.17112850763548162
decision_type=8 8 10 10 8 2 2 10 2 10 10 8 2 2 2 2 10 2 8 2 10 8 2 2 8 2 2 2 8 8
left_child=-1 3 5 4 -2 10 7 -7 9 13 12 -12 -3 29 15 16 -11 -16 -6 -20 22 -22 24 25 -4 27 -27 28 -24 -8
right_child=1 2 20 -5 18 6 8 -9 -10 14 11 -13 -14 -15 17 -17 -18 -19 19 -21 21 -23 23 -25 -26 26 -28 -29 -30 -31
leaf_value=-0.024137893609241231 0.025569557723037064 -0.021082198724763291 0.014796319461314059 -0.0025671862975744858 0.013165582343426225 -0.017618237121451819 0.061037832976249443 -0.0035250554202167781 -0.0076712053209101426 -0.0032928634108829093 -0.010862073280533898 -0.0011309796388252859 0.0025092537411888442 -0.0051138586397776352 0.020995413576618709 -0.012265455140923816 0.0049729698928320451 0.003795805614629963 0.0019743732178011549 0.019663463016701854 0.0054706501341962683 0.030420198422199209 0.047597755596063919 -0.013994167725594048 0.0006220898325439249 0.054267342805731103 -0.010918641937806763 -0.00815314203647057 -0.0048763463268683693 0.015134534236833534
leaf_weight=569.48357131704688 792.2047179043293 387.40366903692484 949.18055926263332 5012.2414829805493 2279.9888527244329 1387.3684221804142 151.71781258657575 11491.393109589815 2938.2630812712014 5096.0547358803451 8111.5180756561458 3056.9215330593288 3381.5856530219316 165.11395720764995 833.40720590949059 1685.2851649597287 6673.5150818936527 2823.9313396029174 9458.2752818614244 708.47252865880728 1404.0646757483482 434.93871939182281 239.43490385264158 249.57921024039388 38301.913923013955 250.90300837159157 69.268580131232738 323.63444448262453 153.8551557213068 181.53904171288013
leaf_count=6363 3434 1977 4483 21289 9454 12107 774 55381 15711 24407 46108 15280 18191 1190 3603 8612 30347 12798 42812 3035 5781 1833 1016 1163 175636 1029 299 1527 627 778
internal_value=-0.000102208 2.33772e-05 -0.000743468 0.003836 0.00626024 -0.00296954 -0.00156681 -0.00504325 0.000612018 0.00199405 -0.00610863 -0.00819857 8.43556e-05 0.0224003 0.00139974 -0.000316927 0.00139398 0.00771512 0.00503124 0.00320704 0.00179717 0.0113714 0.00136283 0.0135034 0.000964855 0.0201208 0.0401645 0.0111695 0.0270699 0.0360324
internal_weight=109562 108993 90741.8 18251.2 13238.9 48365 33427.6 12878.8 20548.8 17610.6 14937.4 11168.4 3768.99 498.371 17112.2 13454.9 11769.6 3657.34 12446.7 10166.7 42376.8 1839 40537.8 1286.68 39251.1 1037.1 320.172 716.925 393.29 333.257
internal_count=527045 520682 440658 80024 58735 247264 165708 67488 98220 82509 81556 61388 20168 2742 79767 63366 54754 16401 55301 45847 193394 7614 185780 5661 180119 4498 1328 3170 1643 1552
is_linear=0
shrinkage=0.05


Tree=64
num_leaves=31
num_cat=0
split_feature=10 5 28 34 33 33 33 43 33 5 43 32 32 33 2 33 38 14 43 28 33 5 13 34 32 33 7 33 8 10
split_gain=138.744 124.276 115.031 144.368 269.171 254.043 212.058 210.888 135.63 113.201 101.991 133.247 116.094 308.449 108.838 101.572 99.0234 171.739 124.653 101.11 113.863 98.4028 97.356 95.9074 95.2109 97.7815 93.8801 93.16 92.826 92.6825
threshold=0.0075109496556398933 -0.26645663536772374 0.010827658085253071 3.1633608800863255 1423.5000000000002 740.50000000000011 1742.5000000000002 1.0000000180025095e-35 709.50000000000011 0.22524689724338678 1.5000000000000002 6.5000000000000009 3.5000000000000004 133.50000000000003 0.037735849056603883 484.50000000000006 -0.066815976110510586 1.0000000180025095e-35 1.0000000180025095e-35 -0.073806530648865609 3334.5000000000005 -0.028901734104046835 0.050594490174718412 5.167211590983654 2.5000000000000004 484.50000000000006 -0.0718350331876315 1310.5000000000002 0.53906873006379596 0.044493260419204074
decision_type=8 8 10 2 2 2 2 2 2 10 2 2 2 2 8 2 10 10 2 10 2 8 10 2 2 2 8 2 8 8
left_child=-1 -2 9 4 5 7 22 26 15 16 11 12 13 21 -14 -9 17 18 -3 20 24 -5 -6 -13 -20 -26 -4 -15 -12 -19
right_child=1 2 3 10 6 -7 -8 8 -10 -11 28 23 14 27 -16 -17 -18 29 19 -21 -22 -23 -24 -25 25 -27 -28 -29 -30 -31
leaf_value=-0.021311170113007871 0.007688156081864044 -0.0075905752931294691 -0.0049289896031918757 0.046837719415498691 0.029527093547368256 -0.01181221698163484 0.0066153838655774039 0.024229437486257811 0.05690347349774804 0.0052484236692052237 -0.0020854443028386687 -0.031116670617252748 0.037886488150707151 -0.053851353544181392 0.0066896760209855192 -0.0012173198844653253 -0.004190921073363124 -0.013671556270631864 0.030770285488549116 0.0013919036168212129 0.039983506328586244 0.00055555506450286193 0.0039285707086919013 0.026370129671702072 0.027822405816565407 0.0029942448405960143 -0.051171316832920678 0.023829890540099003 0.0060453117206610467 0.0066975156862711235
leaf_weight=758.38542225211859 5204.9829109087586 2484.8038012385368 451.63602904975414 245.09072854369879 1814.9636786989868 3286.1541044265032 6625.4763310663402 910.96622721850872 200.46556347608566 5212.1557332277298 26649.795327693224 291.19030784070492 690.10946615040302 236.58948986977339 469.96644113957882 688.55015858262777 31823.066907454282 2802.3849100619555 431.55215948075056 8364.780738696456 308.91019328683615 216.11782922595739 466.99597284197807 96.62922140955925 450.61365725845098 3305.8141810595989 144.99426192045212 46.119107700884342 4042.8564964905381 697.4538132250309
leaf_count=11045 21841 12191 1892 1072 8051 14939 29218 3814 817 22649 123982 1251 2849 1169 1909 3060 169537 12672 1896 38776 1350 1065 1930 403 1906 14829 661 221 16713 3028
internal_value=7.39514e-07 0.000149483 -0.000229795 0.00157716 0.0057185 -0.00278407 0.011143 0.00959502 0.0181342 -0.00176814 -0.000254709 0.00992005 0.0153612 -5.65854e-05 0.0252481 0.0132753 -0.00248991 0.000382356 0.0026617 0.00464239 0.0106887 0.0251503 0.0242884 -0.0167932 0.00852787 0.00597258 -0.0161669 -0.041179 -0.00101446 -0.00961237
internal_weight=109420 108661 103456 47574.7 14590.2 5682.77 8907.44 2396.61 1799.98 55881.5 32984.5 2291.81 1903.99 743.917 1160.08 1599.52 50669.4 18846.3 15346.5 12861.7 4496.89 461.209 2281.96 387.82 4187.98 3756.43 596.63 282.709 30692.7 3499.84
internal_count=526736 515691 493850 215016 64382 25183 39199 10244 7691 278834 150634 9939 8285 3527 4758 6874 256185 86648 70948 58757 19981 2137 9981 1654 18631 16735 2553 1390 140695 15700
is_linear=0
shrinkage=0.05


Tree=65
num_leaves=31
num_cat=0
split_feature=19 8 5 32 35 33 12 43 32 33 33 43 33 34 32 33 3 33 37 37 1 11 32 26 33 2 33 33 33 33
split_gain=126.903 119.902 118.987 113.595 116.898 106.34 95.6086 93.4304 120.236 103.984 92.4512 126.425 125.929 77.9785 77.5009 79.2847 76.3288 81.514 71.8919 68.8967 68.6882 70.9871 67.6945 73.5859 66.6483 65.8115 63.8344 195.428 205.867 180.621
threshold=-0.57624758041520985 0.21622076048305564 -0.19680558176187893 10.500000000000002 -0.0058997050147688293 3396.5000000000005 1.0000000180025095e-35 6.5000000000000009 5.5000000000000009 2022.5000000000002 941.50000000000011 1.5000000000000002 955.50000000000011 3.8763952908575412 6.5000000000000009 561.50000000000011 -0.048076923076923066 3334.5000000000005 -0.038022075289083739 -0.06988761512784257 0.11614167725962855 0.4378809894019508 8.5000000000000018 0.092806077595501538 55.500000000000007 -0.05020920502092046 1384.5000000000002 740.50000000000011 682.50000000000011 1569.5000000000002
decision_type=8 8 8 2 10 2 8 2 2 2 2 2 2 2 2 2 10 2 10 10 10 8 2 10 2 10 2 2 2 2
left_child=1 3 10 4 18 16 -4 20 9 -9 11 -2 -12 -14 15 -13 17 -5 -1 -3 21 22 23 -8 -21 -17 27 28 -23 -28
right_child=2 19 6 5 -6 -7 7 8 -10 -11 12 14 13 -15 -16 25 -18 -19 -20 24 -22 26 -24 -25 -26 -27 29 -29 -30 -31
leaf_value=0.0089378279321388459 0.017718083289830724 0.012861893650884651 -0.018225744583875582 0.0090849539900060821 -0.0074300987913061044 -0.028476576108766478 0.00081195586112508883 0.012127892971135507 -0.014880344028217888 0.047361212533600122 0.064228799478813825 0.0049143929202900638 0.014034946761059212 0.00023168808672562863 0.0056472997358884489 -0.0019394017530881401 -0.00035194541579239763 0.04652053414929358 -0.0039396655080230769 -0.027455599242588793 0.0079903706453681757 -0.00019062093864916839 -0.0094483186659696621 0.028600434548983551 0.001459175635205374 -0.030235882235728057 0.011908104132625998 -0.0073230575988608524 0.021450257930910023 -0.00011834689843740544
leaf_weight=1915.7796944230795 751.53134582936764 1368.8124127984047 677.90620291605592 1589.8794733509421 17985.011715937406 264.54976133257151 390.74224060028791 1086.4196759909391 327.0620017722249 259.414874330163 109.0656231790781 411.62357195466757 3419.7833817377687 1460.0029355809093 873.46386621892452 299.66698157787323 3386.0520880408585 160.05150879919529 2495.7501411959529 204.6335366666317 2798.8377071917057 12727.648684568703 296.41168262436986 610.38569530472159 7634.3986615464091 653.79445424675941 3487.3926153033972 10633.627539720386 1202.8030217289925 29797.719482854009
leaf_count=8777 3136 5774 9262 6836 95019 2142 2152 4775 1533 1117 473 1741 14374 6205 3643 1244 16765 675 13235 1018 11588 57558 2311 3031 33900 2864 16125 51224 5185 142713
internal_value=-5.2189e-05 -0.00243342 0.001167 -0.00407149 -0.00564105 0.00243763 0.000452329 0.000651359 0.0123112 0.0189193 0.00692598 -2.60661e-05 0.0110927 0.00990509 -0.00598318 -0.0134251 0.00402999 0.0125089 0.0016526 0.00251167 0.000336474 -2.57098e-05 0.0115403 0.0177545 0.000704372 -0.0213425 -0.000285131 -0.00221854 0.00167793 0.0011417
internal_weight=109280 37004.9 72275.3 27797.1 22396.5 5400.53 64296.4 63618.5 1672.9 1345.83 7978.93 2990.08 4988.85 4879.79 2238.55 1365.09 5135.98 1749.93 4411.53 9207.84 61945.6 59146.7 1297.54 1001.13 7839.03 953.461 57849.2 24564.1 13930.5 33285.1
internal_count=526395 184141 342254 143449 117031 26418 308574 299312 7425 5892 33680 12628 21052 20579 9492 5849 24276 7511 22012 40692 291887 280299 7494 5183 34918 4108 272805 113967 62743 158838
is_linear=0
shrinkage=0.05


Tree=66
num_leaves=31
num_cat=0
split_feature=12 19 0 32 5 11 28 0 43 43 32 32 34 37 5 32 37 11 32 32 43 37 32 5 9 28 5 13 5 43
split_gain=148.957 122.161 113.498 108.782 105.692 100.634 103.149 93.0452 88.2973 73.3914 125.747 165.057 131.029 83.9167 77.6596 72.6102 70.5692 88.3323 67.1522 61.215 81.4974 75.8445 73.1334 58.6879 58.3301 95.4425 68.8889 58.2047 55.099 112.543
threshold=1.0000000180025095e-35 -0.57624758041520985 -0.032699892602719154 10.500000000000002 0.13172043010752746 0.4532166447403711 -0.15731550280923537 0.094908430597202234 2.5000000000000004 6.5000000000000009 5.5000000000000009 4.5000000000000009 4.3154858877518043 0.08548438001565363 -0.17619047619047631 8.5000000000000018 -0.018526804791364201 1.1117355228005998 6.5000000000000009 8.5000000000000018 5.5000000000000009 -0.058084772370537378 4.5000000000000009 -0.10644212252481704 0.045727864578415607 -0.13218190417856149 -0.076691640878079156 0.032946937750198239 -0.045918367346939319 1.5000000000000002
decision_type=8 8 10 2 8 8 8 8 2 2 2 2 2 10 8 2 10 8 2 2 2 10 2 10 10 10 10 10 8 2
left_child=-1 2 -2 4 24 15 27 9 16 28 11 14 13 -13 -11 18 17 -5 -3 21 -21 -6 -23 -20 26 -26 -4 -7 29 -8
right_child=1 5 3 8 19 6 7 -9 -10 10 -12 12 -14 -15 -16 -17 -18 -19 23 20 -22 22 -24 -25 25 -27 -28 -29 -30 -31
leaf_value=-0.019904988516489478 0.0087808715396328479 0.007404761214761516 -0.0022873868425991243 0.011319870106967266 0.02013666570661158 -0.0063846539008712349 0.011979443687701014 0.014931776892791061 0.0088063737521239908 -0.029745451264239799 -0.016426484322974583 0.070006243432723214 -0.0082482687930838915 0.021287899207343395 0.010613780140610556 -0.0062598999662469654 -0.012084171280178699 -0.0087541046594785329 0.043313492954783123 -0.0076477322783354137 0.044846473106128486 -0.0048000998912354209 0.008807924608315006 0.014728020231528522 -0.047122917646037508 -0.0069779953570567425 -0.0081202512604452194 0.03047779186780647 -0.00073534635020907984 0.0011154607584406429
leaf_weight=926.6464838385582 2245.1220179125667 721.15074992924929 9272.9884941838682 1275.9796860665083 662.70198091864586 139.89902260154486 2652.288095228374 1169.641179189086 3251.0973909534514 138.25205914676189 351.43337772041559 261.42498461902142 109.64002745598555 133.54160870611668 864.58827619999647 385.14324222877622 1263.3975590057671 960.56475657969713 358.69744077324867 2055.979988925159 76.694965615868568 2017.9282418042421 1933.2352457791567 359.52420159429312 223.74464435130358 437.65426936745644 11147.1862735264 456.54989740252495 39948.587451864034 23555.159262869507
leaf_count=11786 9572 4003 44662 5785 2827 671 11455 4967 14666 582 1639 1072 475 539 3858 2759 6914 4496 1519 9369 320 9919 8374 1632 1288 1938 62077 2004 186680 109167
internal_value=5.66314e-05 0.000227224 -0.00211306 -0.00282037 -0.00420166 0.00143075 0.00112766 0.000949168 0.00287338 0.000708712 0.010507 0.016786 0.0401102 0.0535342 0.00504984 0.0130229 -0.00263778 0.00269838 0.0181826 0.00124539 -0.00575994 0.00448347 0.00185807 0.0290043 -0.00594483 -0.0205586 -0.00547149 0.0218316 0.000433396 0.00221493
internal_weight=109356 108430 36824.3 34579.2 27828.1 71605.5 69781 69184.6 6751.04 68014.9 1858.88 1507.45 504.607 394.967 1002.84 1824.52 3499.94 2236.54 1439.37 6746.54 2132.67 4613.87 3951.16 718.222 21081.6 661.399 20420.2 596.449 66156 26207.4
internal_count=527015 515229 182207 172635 140774 333022 323109 320434 31861 315467 8165 6526 2086 1611 4440 9913 17195 10281 7154 30809 9689 21120 18293 3151 109965 3226 106739 2675 307302 120622
is_linear=0
shrinkage=0.05


Tree=67
num_leaves=31
num_cat=0
split_feature=32 32 43 12 32 12 34 43 32 34 32 20 32 43 34 29 43 1 8 32 13 2 5 25 4 32 43 28 9 26
split_gain=112.181 195.304 272.873 208.614 156.771 197.108 203.414 162.025 359.944 209.264 176.317 169.785 152.42 159.895 149.917 135.332 132.668 122.038 114.945 113.893 106.851 105.195 103.322 98.2805 94.2755 93.4842 146.728 93.0063 84.0837 80.2845
threshold=3.5000000000000004 1.5000000000000002 1.0000000180025095e-35 3.028571428571432 8.5000000000000018 0.10714285714285718 4.0698807254103899 1.5000000000000002 5.5000000000000009 3.7412339808651516 6.5000000000000009 1.0704461868785573 10.500000000000002 5.5000000000000009 4.0951772018816319 -0.076379357556075861 2.5000000000000004 -0.046312178387650053 0.012197110848399919 4.5000000000000009 0.079178095376141025 -0.03508771929824555 -0.20662894422079844 0.4679021733797773 -0.040680789945473465 6.5000000000000009 1.0000000180025095e-35 0.028114833533463803 0.026241156277914526 0.42981199416880317
decision_type=2 2 2 10 2 8 2 2 2 2 2 10 2 2 2 10 2 10 10 2 10 10 8 8 10 2 2 10 10 10
left_child=1 18 -3 17 7 -6 12 8 11 21 14 19 13 20 15 23 22 -4 24 -2 -7 25 -14 -9 -1 -10 -27 -5 -11 -20
right_child=4 2 3 27 5 6 -8 10 9 28 -12 -13 16 -15 -16 -17 -18 -19 29 -21 -22 -23 -24 -25 -26 26 -28 -29 -30 -31
leaf_value=-0.00026613833657810211 0.023254401142310199 -0.029000859446944877 0.0059652202134933656 0.010327884466443222 -0.034443099827944017 -0.0041756427730193137 -0.0059865238899121818 0.0086851153442846062 0.037854297110605548 0.037930611557940724 0.0057646752235207717 0.010824365549755018 0.01401678524630918 0.036512284065309521 -0.0072253635640273295 -0.00041869533057062384 0.010575223660376217 -0.0098345081246350632 0.010953176141575142 0.053031692038523863 0.017450075190584533 -0.025147653156422457 -0.0024493853396116995 0.039658886361434172 -0.026239723751305462 -0.034964811883982629 0.056354321085508557 -0.0074238367622428891 0.0058132054193782553 0.0011389491830093074
leaf_weight=892.9234584197402 653.19643490761518 1213.5776464045048 1399.5778418257833 2834.9276484437287 443.79462030902505 11558.268990926445 13113.519349940121 2346.2946080565453 144.89614778012037 282.16033785790205 17313.476939026266 1054.9151799306273 1157.2984607592225 260.10976933687925 6691.0683315657079 12343.667849741876 6426.9955539852381 9642.4168574251235 3249.1495772488415 631.64761612564325 600.88236486911774 888.95727246254683 5388.1795000694692 287.48560380935669 573.90478718280792 182.71283468604088 57.93545950949192 997.46996078640223 733.64159749448299 5810.0440428629518
leaf_count=4741 2888 6198 6291 14607 7327 54868 63707 10251 612 1281 78495 4467 4760 1085 34382 58225 27781 52406 16086 2726 2489 4277 25659 1213 5041 772 246 4799 3223 25570
internal_value=8.40853e-05 -0.00273884 -0.00620344 -0.00434343 0.000994071 -0.00131145 -0.000929592 0.00305309 0.011896 -0.0021947 0.00200277 0.0256889 0.00168205 -0.00227715 -0.00100304 0.00177674 0.00547242 -0.00783189 0.00255644 0.0378933 -0.00310694 -0.0156876 0.000461979 0.012066 -0.0104284 0.00612468 -0.01298 0.00570759 0.0147345 0.0046589
internal_weight=109175 26614 16088 14874.4 82561.1 38949 38505.3 43612.1 4630.06 2290.3 38982 2339.76 25391.7 12419.3 21668.5 14977.4 12972.5 11042 10526 1284.84 12159.2 1274.5 6545.48 2633.78 1466.83 385.544 240.648 3832.4 1015.8 9059.19
internal_count=526473 135739 84301 78103 390734 187676 180349 203058 20492 10411 182566 10081 116642 58442 104071 69689 58200 58697 51438 5614 57357 5907 30419 11464 9782 1630 1018 19406 4504 41656
is_linear=0
shrinkage=0.05


Tree=68
num_leaves=31
num_cat=0
split_feature=10 37 11 43 43 0 10 5 19 34 10 13 19 25 13 11 37 43 34 9 29 34 9 7 5 12 43 20 20 26
split_gain=105.041 95.415 156.529 157.167 161.719 115.69 108.655 85.1202 96.2276 87.3587 78.4334 78.0674 75.3623 73.9327 71.4591 69.8928 65.1081 64.6239 63.7572 63.3892 62.9961 90.3421 65.8739 55.1893 81.5761 67.9127 56.5265 54.7401 53.0698 52.5138
threshold=0.0075109496556398933 -0.048991354466912489 1.208633114573497 3.5000000000000004 1.0000000180025095e-35 0.00070383985455335651 0.034823396703241645 0.076197073910964211 -0.85963007051423534 2.5055176070587919 0.015695779538093185 0.010135062565158134 -0.7907016302531914 0.24867017514076339 0.024948277202177918 0.48966455806310966 -0.082583291564645764 2.5000000000000004 4.1067667435187873 0.036122321172336005 -0.043962346705389101 5.2135761010713342 1.0000000180025095e-35 -0.023121387283236979 -0.070707070707070538 16.403571428571436 1.5000000000000002 0.40410414992742844 1.1561246458261294 0.41360514957803723
decision_type=8 10 10 2 2 10 8 10 10 2 10 8 10 8 8 10 10 2 2 10 10 2 10 10 8 10 2 8 10 10
left_child=20 2 3 4 11 10 -5 8 -4 -10 19 -2 -12 15 -8 -6 -15 -17 -16 27 21 22 -1 24 26 28 -7 -3 -25 -11
right_child=1 5 7 6 13 23 14 -9 9 29 12 -13 -14 16 18 17 -18 -19 -20 -21 -22 -23 -24 25 -26 -27 -28 -29 -30 -31
leaf_value=0.16468740560790107 0.055234900430854543 -0.024341254862338218 -0.021901605309808031 -0.0091740345509618466 0.032233656273737955 0.014465226091831658 0.052621681128710109 0.011546990236627044 0.016941037762412129 0.013465424536890952 -0.0055510007592273602 -0.0063081509873269452 -0.00034582675644699926 0.028254885399691145 0.011480542717344503 0.0046191613660705897 0.012811171415661252 0.020539896439622254 -0.0091726314570721324 0.020575835359505714 -0.02778031433545039 -0.033832164706752092 0.023167843797339709 0.010010543872225511 -0.0015978013590561861 0.02095084806063682 0.0025754557141577147 -0.0066228875519327123 0.00098498726213322669 -0.0097246113989633842
leaf_weight=8.9216133654117566 52.956249624490738 464.78949970379472 938.72244111448526 2608.1896253302693 278.53852690011263 1112.3888312354684 81.428776353597641 652.82044091820717 443.35642167925835 274.52464621514082 8871.4920732676983 1911.9516393765807 32169.751829933375 922.98964491486549 1132.7784892171621 5126.8590311780572 2618.6936836913228 727.88591863960028 557.62219855189323 203.25313492119312 539.71917228400707 85.142936244606972 104.98195177316666 2306.5886562541127 19714.617169544101 610.46816173940897 9862.7899821549654 7015.8854799605906 5541.7565755620599 2204.5179667696357
leaf_count=142 268 5118 4356 11812 1264 4751 364 2776 1905 1283 44084 9137 149835 3896 4683 22046 11973 3105 2298 907 8970 951 1066 10312 94027 2723 44814 44589 23602 9654
internal_value=-0.000123796 4.25066e-06 0.00307287 0.00539016 0.00842814 -0.000712807 -0.00268324 -0.00515115 -0.00797439 -0.00350074 -0.00233899 -0.0046495 -0.00147098 0.0110841 0.00687141 0.00776269 0.0168359 0.00659849 0.00466756 -0.00697519 -0.0189135 0.00512902 0.0342525 0.00131118 0.000325584 0.00488704 0.00378054 -0.00772377 0.00363755 -0.00715659
internal_weight=109146 108408 20533.8 16019.9 11639.9 87873.8 4380.02 4513.94 3861.12 2922.4 48725.2 1964.91 41041.2 9674.97 1771.83 6133.28 3541.68 5854.74 1690.4 7683.93 738.766 199.047 113.904 39148.6 30689.8 8458.81 10975.2 7480.67 7848.35 2479.04
internal_count=526711 515582 90820 70846 51689 424762 19157 19974 17198 12842 244533 9405 193919 42284 7345 26415 15869 25151 6981 50614 11129 2159 1208 180229 143592 36637 49565 49707 33914 10937
is_linear=0
shrinkage=0.05


Tree=69
num_leaves=31
num_cat=0
split_feature=12 2 0 35 13 1 20 43 11 11 32 20 37 34 25 0 0 4 34 2 26 13 7 32 34 9 4 32 34 31
split_gain=103.645 95.1569 124.271 90.8784 88.8781 87.3513 85.2056 64.9619 152.472 63.8388 63.3978 58.6054 58.0373 57.5801 57.5514 55.7463 54.7876 54.267 54.1962 53.5559 52.9179 50.9442 46.7119 53.54 67.8001 56.5907 52.7312 46.3558 46.2672 44.322
threshold=1.0000000180025095e-35 -0.084728584996411435 0.00070383985455335651 -0.01246105919004392 0.022860570012049167 -0.033892195080224168 0.90444734534519577 2.5000000000000004 0.25193962977771822 0.4532166447403711 8.5000000000000018 0.46373738610647136 -0.034680258379396083 7.0912844318686004 0.3193973100278078 -0.027131782945736479 0.094908430597202234 -1.0000000180025095e-35 4.3637351621117633 1.0000000180025095e-35 0.24851185203557385 0.018387455976993174 -0.080212145823005496 1.5000000000000002 4.3006807654008599 0.0060313878924530022 -0.11363636363636369 10.500000000000002 2.8707317708119455 3.5000000000000004
decision_type=8 8 8 10 10 10 10 2 8 8 2 8 10 2 10 10 8 10 2 10 10 8 8 2 2 10 10 2 2 2
left_child=14 5 3 12 7 6 15 11 10 20 -9 -5 21 19 17 -2 29 -1 -19 27 -4 -3 23 24 25 26 -13 -10 -29 -11
right_child=1 2 9 4 -6 -7 -8 8 13 16 -12 22 -14 -15 -16 -17 -18 18 -20 -21 -22 -23 -24 -25 -26 -27 -28 28 -30 -31
leaf_value=-0.015645866171276911 0.02145614524960374 0.032903267516274717 0.0071202914001306144 -0.019874353711403656 -0.0013655802960995805 -0.0064269411291101031 0.0015187164129223715 0.067372375836718373 -0.0080291342686963692 0.0024910225133776523 -0.01075789350567696 -0.0060721013682120371 0.00019001706609353362 -0.025371895047029365 -0.024688259779343674 0.0072393188187979338 0.01193787737565501 0.056743983018145275 -0.023298950427437216 0.0045942876429600895 0.034050259712664954 0.0075041360216478604 -0.016408715376099482 -0.0067636063165402299 -0.020630998459123626 0.015881876798520357 0.10724875301349619 0.03221330344819736 -0.00035380596449073213 -0.00086088037453107148
leaf_weight=146.92913693189621 1483.0941127315164 216.27098729461432 612.67425618320704 1249.2776685170829 39881.267793871462 1115.496769875288 2113.7569091767073 106.96308713033795 3839.3757777698338 24965.995336573571 34.287120256572962 14.367261849343775 4490.9080823920667 303.35407397896051 655.36058204621077 1288.6527902930975 1215.4026383161545 68.924140870571136 30.508456908166409 1669.3001900278032 259.76161617040634 2265.283627435565 1078.2673942185938 2617.6317472159863 103.08046700805426 210.62239155173302 35.959307953715324 135.64339917898178 556.41594281420112 16302.03462889418
leaf_count=1388 6291 1091 3033 10100 182312 4760 9000 524 22984 115402 335 136 21209 2218 9792 5482 5181 399 294 9363 1146 10137 8140 15108 573 1070 298 674 3035 75100
internal_value=-6.22436e-05 7.84875e-05 -0.000280938 -0.00177824 -0.00249911 0.00619754 0.00908006 -0.00628067 -0.00298617 0.00175002 0.048407 -0.0104043 0.003581 -0.00410228 -0.0169435 0.0148464 0.00147507 0.00365877 0.0321848 -0.00306173 0.0151385 0.00971771 -0.00749024 -0.00426502 0.0137016 0.0272637 0.0748978 -0.00588207 0.00602934 0.00116693
internal_weight=109067 108165 102164 58808.3 51835.8 6001 4885.5 11954.5 6645.34 43355.9 141.25 5309.21 6972.46 6504.09 901.722 2771.75 42483.4 246.362 99.4326 6200.74 872.436 2481.55 4059.93 2981.66 364.029 260.949 50.3266 4531.44 692.059 41268
internal_count=526575 514702 489169 289307 256870 25533 20773 74558 39133 199862 859 35425 32437 38274 11873 11773 195683 2081 693 36056 4179 11228 25325 17185 2077 1504 434 26693 3709 190502
is_linear=0
shrinkage=0.05


Tree=70
num_leaves=31
num_cat=0
split_feature=10 3 0 35 14 13 8 28 5 43 34 33 33 32 33 33 34 33 33 33 33 12 28 33 1 11 26 33 43 43
split_gain=106.755 99.566 99.5555 100.504 90.7024 83.4102 83.8931 82.4426 62.9106 68.7735 93.9147 117.56 76.8274 73.3166 72.835 108.489 116.096 96.7765 78.4159 69.8183 78.0122 68.6601 63.6613 64.1536 61.3059 56.6715 77.8345 70.5258 68.6611 63.4822
threshold=0.0075109496556398933 -0.125748502994012 0.0010851875142787739 -0.0033951740525967606 1.0000000180025095e-35 0.022698352083745581 1.0000000180025095e-35 -0.13812608360179696 -0.15199999999999972 2.5000000000000004 5.0456805840440948 3367.5000000000005 2372.5000000000005 8.5000000000000018 740.50000000000011 1351.5000000000002 2.998226044309511 709.50000000000011 3244.5000000000005 188.50000000000003 547.50000000000011 2.1000000000000036 0.10022553179885109 1597.5000000000002 -0.0086580086580086407 0.3953774759451551 0.28989794857578494 2893.5000000000005 2.5000000000000004 2.5000000000000004
decision_type=8 8 8 10 10 10 10 10 8 2 2 2 2 2 2 2 2 2 2 2 2 10 10 2 10 8 10 2 2 2
left_child=-1 4 3 -3 -2 6 -5 -8 -4 10 11 -10 19 -13 17 -16 18 -11 -17 -12 -21 -19 23 -18 -6 26 27 28 -9 -28
right_child=1 2 8 5 24 -7 7 25 9 14 12 13 -14 -15 15 16 22 21 -20 20 -22 -23 -24 -25 -26 -27 29 -29 -30 -31
leaf_value=-0.019235973485357202 0.013035415160626937 0.001837384038807569 0.0062869428241119829 -0.015860085436987185 0.0044257895688013518 -0.0015551130407932066 -0.041271652512176932 -0.010889656910748641 -0.0054372191970334278 0.0061461139716991907 -0.014626867824056731 0.026595156743825094 -0.0067575106577146427 -0.0065094478353382723 -0.0060108568963956116 0.013055347643163184 0.0079930292050235854 0.048817709400412884 -0.017150257239886356 0.037790887588573789 0.010374085103729907 0.0017631127701733332 0.0069758805521478494 -0.0034858218038873027 -0.014293487429333972 -0.0052590095785480257 0.017678115089373416 -0.038227063058496921 0.024796443119622633 0.077950910090759995
leaf_weight=712.16359523311257 2805.8083549663424 16735.252630636096 6351.1869435310364 2027.3448658585548 1709.8103501275182 34029.449592553079 148.79862023890018 272.2266122251749 9930.5677513256669 3956.3562041297555 198.81244492530823 486.1559721082449 696.46599046140909 254.96363451331854 4109.1095055416226 3300.0633421614766 1472.8567930832505 237.77535101026297 229.83109000325203 342.46340247988701 1070.4873098731041 115.02916115522385 3004.4538594931364 7012.5818338319659 587.7330267354846 6623.5936991982162 163.37399533390999 103.7985524572432 266.97842672094703 59.632724072784185
leaf_count=11055 11921 80950 27019 15793 7223 154907 1123 1694 47688 17193 1025 2351 3494 1274 18861 14318 6968 983 1132 1472 5420 480 12598 33623 2571 39774 989 1200 1309 280
internal_value=5.92657e-05 0.000186145 -0.000150983 -0.00145746 0.00700351 -0.00271938 -0.00681833 -0.00441851 0.00169499 0.000894171 -0.00202559 -0.00400358 0.00711929 0.0152063 0.00251113 0.00118821 0.00315773 0.00838369 0.0110887 0.0131156 0.0170192 0.0334759 0.000721215 -0.00149338 -0.000362776 -0.00368634 0.00834207 -0.000485616 0.00677972 0.0337953
internal_weight=109015 108303 103200 60430.4 5103.35 43695.2 9665.75 7638.4 42769.2 36418 12979.9 10671.7 2308.23 741.12 23438.1 19128.9 15019.8 4309.16 3529.89 1611.76 1412.95 352.805 11489.9 8485.44 2297.54 7489.6 866.01 643.004 539.205 223.007
internal_count=526688 515633 493918 298019 21715 217069 62162 46369 195899 168880 62724 51313 11411 3625 106156 87500 68639 18656 15450 7917 6892 1463 53189 40591 9794 45246 5472 4203 3003 1269
is_linear=0
shrinkage=0.05


Tree=71
num_leaves=31
num_cat=0
split_feature=19 8 28 0 13 12 11 0 26 43 43 28 20 4 3 11 38 11 25 4 25 11 35 13 8 5 38 10 26 9
split_gain=102.356 101.485 90.0184 87.2463 80.474 72.576 85.5908 71.382 65.3282 91.0728 63.8476 71.4066 58.8027 56.1646 54.5402 53.3729 87.568 52.4295 59.8248 51.3715 50.3984 50.06 49.1136 47.4184 43.7591 48.9904 70.6754 64.2071 61.1526 61.7228
threshold=-0.57624758041520985 0.24693698845562753 -0.15731550280923537 -0.03901716870949589 0.010135062565158134 1.0000000180025095e-35 0.4378809894019508 0.094908430597202234 0.20722202465623521 2.5000000000000004 6.5000000000000009 -0.05184721735637203 0.55010728078404181 -0.0066387310946119374 -0.060810810810810904 1.0736420907839308 -0.11043169502713256 1.6737331393215327 0.16329454417870301 -0.12944308193309953 0.3193973100278078 1.4906263686883865 -0.011571973516169341 0.032946937750198239 0.43430319127530276 -0.055944055944056319 0.016103724873082762 0.0075109496556398933 0.60472474687076472 0.035857591523570813
decision_type=8 10 8 10 10 8 8 8 10 2 2 10 10 10 8 10 8 10 10 10 10 10 10 8 10 8 8 10 10 10
left_child=1 3 23 -1 22 20 8 10 -7 -10 14 -12 -3 -11 -8 16 -6 24 -19 -17 -4 -13 -5 -2 25 28 27 -27 29 -16
right_child=2 12 5 4 15 6 7 -9 9 13 11 21 -14 -15 17 19 -18 18 -20 -21 -22 -23 -24 -25 -26 26 -28 -29 -30 -31
leaf_value=0.011695178223542843 -0.0050855822909589817 0.0093811000937705086 0.0054596147719224997 0.035454265101487352 0.0061797469004196675 0.0038920960345731818 0.00389646885399291 0.013045337409968669 0.010178171380816763 0.011451358917005276 -0.02814394904843209 0.0099912463787746042 -0.00018515723069024463 0.063811877968812769 0.0036996304921769006 -0.014981847354050752 -0.0033863582934646392 0.076053324362593266 0.0084519511509708808 -0.0049018091948239357 -0.022976457213138013 0.043969281752361603 -0.018453542100249642 0.028051032990727871 0.0037565670205087325 -0.023198919788414058 -0.00017882373625013886 -0.0042690176570778348 -0.0023969549361895527 -0.053490762282508222
leaf_weight=913.83966843783855 141.05877891182899 2466.0639642067254 220.69717920944095 43.816237106919289 2798.9040944874287 923.22009107470512 9021.3378191106021 1160.3211431503296 416.15954882651567 72.409080140292645 116.62791835516691 1609.1120958253741 4608.1517878398299 174.97154289856553 11482.188443679363 1556.5526022985578 16467.550198696554 46.657151643186808 109.61810487508774 6724.4429798647761 530.04107837751508 116.23153342306614 1182.8824872709811 460.1336909532547 5784.9651934057474 465.47643928602338 20136.846794839948 11894.33794862777 7246.116236038506 47.372635334730148
leaf_count=3913 688 10793 1842 253 11853 5140 39651 4958 2546 314 506 7105 19792 759 55508 6840 85546 226 576 33858 8025 481 11258 2037 23764 3834 90769 62204 31463 210
internal_value=-8.46019e-05 -0.00223209 0.00100921 -0.00351448 -0.00399752 0.000847373 0.0010113 0.000748161 0.012493 0.02446 0.000538564 0.00972072 0.00314963 0.0484858 0.000283212 -0.00343954 -0.00199666 -0.000286521 0.0286348 -0.00679652 -0.014617 0.0122803 -0.016528 0.0202761 -0.000365734 -0.000830846 -0.00200564 -0.00498193 0.00120247 0.00346465
internal_weight=108938 36762.2 72175.9 29688 28774.1 71574.7 70824 69237.2 1586.76 663.54 68076.9 1841.97 7074.22 247.381 66234.9 27547.4 19266.5 57213.6 156.275 8281 750.738 1725.34 1226.7 601.192 57057.3 51272.3 32496.7 12359.8 18775.7 11529.6
internal_count=526712 184106 342606 153521 149608 339881 330014 321255 8759 3619 316297 8092 30585 1073 308205 138097 97399 268554 802 40698 9867 7586 11511 2725 267752 243988 156807 66038 87181 55718
is_linear=0
shrinkage=0.05


Tree=72
num_leaves=31
num_cat=0
split_feature=32 32 32 33 33 33 28 33 33 33 32 33 33 33 32 32 33 34 28 10 33 33 32 34 34 33 33 34 4 34
split_gain=106.422 173.003 164.035 421.694 334.559 323.393 245.262 208.45 854.138 187.757 330.173 178.871 278.925 204.265 201.884 169.671 165.546 156.091 126.62 124.147 122.317 215.958 121.596 113.509 112.804 159.343 116.49 145.806 109.455 106.424
threshold=3.5000000000000004 2.5000000000000004 8.5000000000000018 2813.5000000000005 3459.5000000000005 280.50000000000006 -0.053972013590804807 2296.5000000000005 2263.5000000000005 653.50000000000011 7.5000000000000009 2432.5000000000005 2481.5000000000005 2789.5000000000005 7.5000000000000009 7.5000000000000009 323.50000000000006 5.9192969897803644 0.26397802971823542 0.023303603930154425 2967.5000000000005 3459.5000000000005 11.500000000000002 2.8003208578683441 4.0698807254103899 3334.5000000000005 3012.5000000000005 2.8707317708119455 -0.082031250000000042 5.3334431393934336
decision_type=2 2 2 2 2 2 10 2 2 2 2 2 2 2 2 2 2 2 10 10 2 2 2 2 2 2 2 2 10 2
left_child=1 -1 3 5 18 -2 -6 8 23 10 -7 -11 -13 14 -14 -8 -12 22 29 20 -9 -22 -10 -4 26 -26 27 -21 -16 -5
right_child=2 -3 7 4 6 9 15 19 17 11 16 12 13 -15 28 -17 -18 -19 -20 24 21 -23 -24 -25 25 -27 -28 -29 -30 -31
leaf_value=-0.00018256040822450893 0.013548565060483934 -0.0090171249154397289 0.0071030162362729719 0.023957323992559402 0.03071338105991624 -0.015456058396444991 -0.012951476344524499 -0.022163926306449307 -0.0050796516811873029 0.0019649035188948538 0.041186536170701012 -0.030969569536923605 0.02727230164876426 -0.038169330748844127 0.041319787044562815 0.016441115761589326 -0.00074968858468161972 -0.030251648007052725 -0.0060093031687061173 -0.0062212296017994523 0.0056692334768055205 -0.024894576338258829 0.091235357493947539 -0.0016617955201112787 -0.018252612093054475 0.0079871379268938308 -0.0094825310436924305 0.015435582555084383 -0.01753950479844887 0.0021568934418429923
leaf_weight=18519.495415281504 4091.4968048743904 7907.6000087484717 4453.2666757591069 4917.3007283695042 533.43086875975132 4527.8865797892213 2163.350084733218 2138.2970458455384 36.277025822550058 21819.731364533305 403.19148610532284 1107.6530668660998 728.23582420870662 276.57202580571175 90.390723556280136 635.13702530041337 565.25482002645731 33.806001275777817 453.27387284860015 1272.8839427679777 1537.5206862837076 926.06444443762302 338.92557359486818 21662.855419192463 2065.8621358163655 803.63221806287766 1594.569983292371 1995.7096302807331 625.95499031245708 631.74440301209688
leaf_count=92207 17227 43194 19924 21928 2425 20943 11267 12187 194 103225 1671 5322 3409 1744 388 3215 2448 146 1892 5321 8656 9486 1482 102408 8947 3552 7223 8438 2907 3223
internal_value=-6.50069e-05 -0.00282607 0.000820187 0.00292662 0.0123472 0.00035819 -0.000357977 -0.0015416 0.0009556 -0.00143211 -0.00978852 0.000431271 -0.0113983 0.00119692 0.00873378 -0.00628061 0.0167095 0.0726514 0.0193999 -0.00691178 -0.0134142 -0.00581974 0.081923 -0.000167238 -0.00304206 -0.0109039 0.0015968 0.0070018 -0.0101125 0.0214754
internal_weight=108857 26427.1 82430.3 43570.6 9334.24 34236.4 3331.92 38859.7 26525.1 30144.9 5496.33 24648.5 2828.81 1721.15 1444.58 2798.49 968.446 409.009 6002.32 12334.5 4601.88 2463.59 375.203 26116.1 7732.66 2869.49 4863.16 3268.59 716.346 5549.05
internal_count=526599 135401 391198 203234 43950 159284 16907 187964 124154 142057 25062 116995 13770 8448 6704 14482 4119 1822 27043 63810 30329 18142 1676 122332 33481 12499 20982 13759 3295 25151
is_linear=0
shrinkage=0.05


Tree=73
num_leaves=31
num_cat=0
split_feature=32 32 43 32 32 43 43 32 32 20 32 10 3 43 13 43 43 28 32 28 32 37 29 5 5 32 8 39 26 4
split_gain=87.5286 189.818 268.501 149.806 158.156 155.789 142.888 346.117 176.444 168.72 132.3 129.746 128.306 123.166 119.859 118.513 228.326 194.692 135.826 126.6 123.391 113.7 137.563 112.026 106.631 100.861 97.195 96.2287 82.747 81.9593
threshold=3.5000000000000004 1.5000000000000002 1.0000000180025095e-35 8.5000000000000018 10.500000000000002 2.5000000000000004 1.5000000000000002 5.5000000000000009 6.5000000000000009 1.213845533658686 4.5000000000000009 0.016256410679891704 -0.04255319148936159 5.5000000000000009 0.081106557155991868 6.5000000000000009 5.5000000000000009 0.12961053524038707 4.5000000000000009 0.29030130277186122 5.5000000000000009 -0.034038638454498886 0.11876248228421646 -0.14334765719405593 -0.21390374331550818 5.5000000000000009 0.012197110848399919 1.0000000180025095e-35 0.43387336569154755 -0.040680789945473465
decision_type=2 2 2 2 2 2 2 2 2 10 2 10 8 2 10 2 2 10 2 10 2 10 10 10 8 2 10 10 10 10
left_child=1 26 -3 6 13 24 7 9 15 10 12 -9 -2 14 -5 16 17 23 -17 25 -20 -4 -23 -8 -6 -19 29 -13 -28 -1
right_child=3 2 21 4 5 -7 8 11 -10 -11 -12 27 -14 -15 -16 18 -18 19 20 -21 -22 22 -24 -25 -26 -27 28 -29 -30 -31
leaf_value=-5.0658342388403784e-05 0.038857823958350413 -0.028886570875520958 0.0019212656145921291 -0.0062172365569377564 0.0097568914972901571 0.0061541156325678721 0.0030281688884097545 0.046878829902821134 0.0055095836333837927 0.0066099980320234427 0.049771200195326465 -0.019236414620294618 -0.0020288734261573061 0.023400580401095914 0.013438414149965281 -0.0058151544118822578 -0.037242064994800844 0.0365637288181044 0.037669455388678039 -0.037857134164416162 -0.022718832779201975 -0.0096177882060897186 0.0081464869604701874 -0.0053100860453913889 -0.0048063103419199006 0.0077609554386891075 0.010895553836108733 0.0025640278162099421 0.00096175835795876642 -0.024644216730174553
leaf_weight=887.9275712184608 418.68885445594788 1186.5102422237396 5050.0177251249552 17774.57915154472 1468.4338569194078 9652.6670517027378 5901.4337308853865 124.05674931406975 17407.186870746315 842.42904839664698 732.97855893522501 815.80484632402658 354.20001078397036 379.87101122736931 810.98496530950069 488.71954815462232 453.15199678391218 585.89348786324263 575.70387186482549 96.559626586735249 99.159150585532188 8457.7884581238031 1250.9944891855121 12690.330893982202 8726.7271380294114 631.60129560157657 3291.2977651469409 1333.764366991818 5773.9987619444728 547.73414425551891
leaf_count=4716 1796 6158 24573 87725 6086 43012 26108 614 79002 3556 3182 4201 1612 1605 3355 2328 1940 2462 2419 403 471 47926 5576 64886 46149 2623 16236 5614 25414 5026
internal_value=-6.31566e-05 -0.00256579 -0.00600338 0.000740405 -0.00151839 0.00160157 0.00275344 0.0110652 0.00176663 0.0245286 0.0345528 -0.00284027 0.0201202 -0.0047835 -0.00535956 -0.00126063 -0.00214764 -0.00134872 0.0142591 0.017251 0.0287965 -0.00416372 -0.00732883 -0.00266334 -0.00270874 0.0216217 0.00265407 -0.00570968 0.00456838 -0.0094336
internal_weight=108811 26446.3 15945.3 82364.9 38813.3 19847.8 43551.7 4621.92 38929.7 2348.3 1505.87 2273.63 772.889 18965.4 18585.6 21522.6 20359 19905.8 1163.58 1314.05 674.863 14758.8 9708.78 18591.8 10195.2 1217.49 10501 2149.57 9065.3 1435.66
internal_count=526774 135625 84233 391149 187932 95247 203217 20575 182642 10146 6590 10429 3408 92685 91080 103640 98422 96482 5218 5488 2890 78075 53502 90994 52235 5085 51392 9815 41650 9742
is_linear=0
shrinkage=0.05


Tree=74
num_leaves=31
num_cat=0
split_feature=19 10 0 7 10 20 12 5 43 26 9 43 11 43 20 20 9 43 28 25 35 0 13 3 37 14 43 31 43 3
split_gain=90.3073 107.878 88.4788 74.0892 70.3011 85.3012 69.2643 61.2926 89.1201 75.7094 75.6346 60.4892 51.4007 50.9192 54.5722 50.0971 49.8804 92.4698 49.8653 67.1091 45.5109 65.9415 45.2965 43.883 42.1059 50.2409 41.0059 38.9309 49.0373 38.8374
threshold=0.88477348813030987 0.0093503637403269859 -0.043478260869565237 -0.019759223332233119 0.020722986426742505 0.35137828449607561 0.37142857142857183 -0.051560379918588521 1.5000000000000002 0.70971997616818461 0.03842113638919193 1.0000000180025095e-35 1.6737331393215327 3.5000000000000004 2.3699325441281185 1.1634359615029057 0.015855178873321826 1.0000000180025095e-35 0.047141161649348666 0.52861240602737947 -0.0017574692442988147 0.00070383985455335651 0.058409116502627027 0.021276595744680885 -0.040081633642064456 1.0000000180025095e-35 3.5000000000000004 1.5000000000000002 1.5000000000000002 -0.022443890274314201
decision_type=8 8 10 10 10 10 8 8 2 10 10 2 10 2 10 10 10 2 10 8 10 10 10 10 10 10 2 2 2 10
left_child=1 23 27 4 5 -4 13 8 16 12 18 -12 -10 29 -15 -5 -7 -18 -9 -20 24 -22 -23 -1 25 26 -6 28 -3 -2
right_child=6 2 3 15 20 7 -8 10 9 -11 11 -13 -14 14 -16 -17 17 -19 19 -21 21 22 -24 -25 -26 -27 -28 -29 -30 -31
leaf_value=-0.018237576396397864 0.019378972962744156 0.040545979369034389 -0.016489591920692426 0.010204865543268915 0.013981076994465842 0.034034305667628488 0.0019526498161383976 -0.00759297667729449 -0.00051277341039525218 -0.01873361434148783 -0.0094229208861731032 0.030637930166203281 0.059338344981784745 0.014007322415177282 0.044149810383788839 5.2497230167332258e-05 -0.01492926701191067 0.028708441708018853 0.0072570304594872558 -0.0075230101674064465 -0.0027123064124699027 0.0026430571460904413 -0.004603492253910965 0.012389565427269907 0.0004526215374293114 -0.0030147605133580709 0.00075522023708677092 0.0042775870100938375 0.010508146189151182 -0.0063988986955310877
leaf_weight=1162.8598573375493 211.5027163438499 171.69926305115223 1193.3799253851175 2397.1093687340617 2014.4651696607471 263.64350357651711 19372.038477417082 9630.9846529774368 10202.637831259519 589.22237284481525 148.08118915557861 259.09656004607677 35.999292641878128 912.91322449967265 179.72089156508446 2464.2860356643796 241.35778283327818 244.25667885690928 1506.457842502743 1566.7876979038119 24086.172478586435 13122.038933709264 2580.5476558059454 130.03452242538333 8528.1558013632894 976.21759460121393 826.50595562160015 2566.0508193448186 651.15373227000237 472.6259660795331
leaf_count=15196 1072 766 9806 10876 8857 1310 86405 57163 54008 2955 690 1096 158 4220 821 10694 1189 1141 7438 7364 110584 58147 10761 967 38659 4155 3679 10788 2725 2967
internal_value=-0.000113071 -0.000821331 -0.000606475 -0.000930278 -0.00130346 -0.00343367 0.00281923 -0.00280258 -0.000151325 -0.00130532 -0.00514358 0.0160687 -0.000302335 0.0122676 0.0189653 0.00505854 0.0165255 0.00701984 -0.00582345 -0.000278061 -0.000245919 -0.0010688 0.00145217 -0.0151572 0.00240621 0.00677083 0.0101334 0.00731229 0.0167759 0.00157049
internal_weight=108708 87559.2 86266.3 82877.4 78016 25881.9 21148.8 24688.5 11577.1 10827.9 13111.4 407.178 10238.6 1776.76 1092.63 4861.4 749.258 485.614 12704.2 3073.25 52134.1 39788.8 15702.6 1292.89 12345.3 3817.19 2840.97 3388.9 822.853 684.129
internal_count=526657 431172 415009 400730 379160 144318 95485 134512 60761 57121 73751 1786 54166 9080 5041 21570 3640 2330 71965 14802 234842 179492 68908 16163 55350 16691 12536 14279 3491 4039
is_linear=0
shrinkage=0.05


Tree=75
num_leaves=31
num_cat=0
split_feature=3 8 11 38 43 32 32 34 37 26 43 11 43 37 6 8 13 28 19 43 32 32 39 12 32 32 20 34 6 14
split_gain=95.4972 129.311 83.6374 85.9015 91.5151 122.842 86.5735 98.5908 97.2358 82.5947 103.834 80.2086 99.4008 78.3424 72.531 71.773 66.7914 65.0153 63.3552 60.9554 73.7626 250.233 105.49 61.5534 88.3178 106.675 85.3719 59.9432 59.1 60.1629
threshold=-0.052220526137325689 1.0000000180025095e-35 0.3953774759451551 0.24302008044929826 6.5000000000000009 5.5000000000000009 4.5000000000000009 4.2731876118298775 0.13087346293614913 0.096816416145921319 3.5000000000000004 1.2526821009739304 3.5000000000000004 -0.02313624678666892 42.841590212500662 1.0000000180025095e-35 0.040579962364490234 -0.088777640868037105 -0.7907016302531914 1.0000000180025095e-35 6.5000000000000009 3.5000000000000004 1.0000000180025095e-35 0.75714285714285712 10.500000000000002 2.5000000000000004 1.0009947793002383 4.0456790075238596 44.309198727708434 1.0000000180025095e-35
decision_type=8 8 8 8 2 2 2 2 10 10 2 10 2 10 10 10 10 10 10 2 2 2 8 8 2 2 10 2 10 10
left_child=11 13 9 4 15 6 16 8 -8 -3 -11 12 14 -2 19 -4 -6 -5 -17 20 21 -1 -22 24 25 26 -21 -25 29 -13
right_child=1 2 3 17 5 -7 7 -9 -10 10 -12 28 -14 -15 -16 18 -18 -19 -20 23 22 -23 -24 27 -26 -27 -28 -29 -30 -31
leaf_value=-0.019382820526014408 -0.0046759877975715942 -0.0018146988565349625 -0.020290787488283803 -0.0076932441315467467 0.018663600177706036 -0.0160903951365419 0.056402374627773026 -0.0075154536099026007 -0.01181976821779687 0.0069358358098983303 0.042455380161381243 0.00067304499944433797 -0.00088483966934409936 -0.020379044982822721 -0.0023894992234198536 -0.0044431846408606486 -0.0090071420618213858 0.0072377409992186413 -0.00053462672462361335 0.008041805657445035 -0.052284964225601277 0.046346734446250905 -0.0033942978880011697 0.015752136159134289 0.026075387107307141 -0.0049799832549587619 0.059278407004950073 0.0062895097154480025 0.0058482207111862873 -0.012925756217596493
leaf_weight=307.05789992213249 2240.4288462139666 677.37152061425149 497.01576562225819 848.75786720961332 544.73851699382067 355.70765775814652 325.69705702364445 113.52046763151884 62.204763233661652 498.48885270021856 350.36668033152819 1490.4728483855724 6462.4354453459382 1230.506669729948 1875.8095639273524 12588.92491324991 363.67597122490406 5170.9391173124313 58764.968541759998 261.78962206840515 134.19002757966518 274.0145216435194 620.55413994193077 4309.954568952322 366.09917347878218 1978.152753226459 117.92240256816149 2736.0785363316536 1300.3901630491018 1790.2426639795303
leaf_count=1550 12005 4062 2578 4429 2548 1689 1330 497 252 3189 1578 7018 28898 15944 8483 65223 1536 21666 279963 1313 579 1167 2926 18870 1589 9069 662 12367 5803 7944
internal_value=-2.37509e-06 -0.000792137 -0.000387968 -0.00061017 -0.00107976 0.0101664 0.0167912 0.0334682 0.0454621 0.0112062 0.0215966 0.00277971 0.00418201 -0.010243 0.00670436 -0.0013561 0.00758586 0.00513252 -0.00122421 0.00824034 -0.00177752 0.0116131 -0.0120868 0.00961004 0.00322711 -0.000320482 0.0239537 0.0120777 -0.00317219 -0.00674764
internal_weight=108658 84633.3 81162.4 79636.2 73616.5 1765.54 1409.84 501.422 387.902 1526.23 848.856 24025.2 19444.1 3470.94 12981.6 71850.9 908.414 6019.7 71353.9 11105.8 1335.82 581.072 754.744 9770 2723.96 2357.86 379.712 7046.03 4581.11 3280.72
internal_count=526727 418489 390540 381711 355616 7852 6163 2079 1582 8829 4767 108238 87473 27949 58575 347764 4084 26095 345186 50092 6222 2717 3505 43870 12633 11044 1975 31237 20765 14962
is_linear=0
shrinkage=0.05


Tree=76
num_leaves=31
num_cat=0
split_feature=1 12 19 32 33 8 35 33 5 33 33 43 33 33 32 33 6 3 43 32 33 33 33 33 43 25 43 32 34 28
split_gain=76.5285 74.4757 64.6933 76.3979 84.3459 79.3955 84.1955 76.0949 69.9924 143.89 313.696 234.219 158.07 146.678 351.317 142.605 129.967 117.618 111.519 100.318 97.1554 115.105 114.092 359.536 143.12 94.2101 84.7512 140.34 96.1185 80.1792
threshold=-0.14409423273689206 1.0000000180025095e-35 -0.6493871243516246 10.500000000000002 55.500000000000007 0.24693698845562753 -0.01246105919004392 3425.5000000000005 -0.044444444444444224 2653.5000000000005 3261.5000000000005 1.5000000000000002 2432.5000000000005 2696.5000000000005 3.5000000000000004 2115.5000000000005 39.490171544426175 0.041666666666666859 1.5000000000000002 5.5000000000000009 941.50000000000011 547.50000000000011 2008.5000000000002 1991.5000000000002 6.5000000000000009 0.23292549078300781 3.5000000000000004 2.5000000000000004 4.0698807254103899 0.048200288046326249
decision_type=8 8 8 2 2 8 10 2 8 2 2 2 2 2 2 2 10 10 2 2 2 2 2 2 2 10 2 2 2 10
left_child=-1 -2 3 5 -5 6 -3 -6 9 11 13 25 15 17 -15 19 26 -11 -16 20 21 -13 23 24 -22 -4 28 -28 -12 -26
right_child=1 2 8 4 7 -7 -8 -9 -10 10 16 12 -14 14 18 -17 -18 -19 -20 -21 22 -23 -24 -25 29 -27 27 -29 -30 -31
leaf_value=0.020307863974738053 -0.014869220815827503 0.0051354080600425137 0.00036084173849116339 -0.028439810142517757 0.0052869799477070585 0.0021160163692302936 -0.0057000673097115772 -0.024563168266442913 -0.00049162533875999888 0.057271649664751706 0.031617503128802807 0.0018394860791863981 -0.01412008196567009 -0.012854433103631907 -0.033871940685238709 0.011333176694302866 -0.010416354170416173 0.0041923461956807125 0.028386143695154815 0.0022549117101565673 -0.0037660787506962178 -0.018184435139339504 -0.020047616253759309 0.077918227290818751 0.043881360571394856 0.020408708258701641 0.039230094511138798 -0.033206743369906776 -0.0016520107812303204 -0.011737219421008742
leaf_weight=459.51602193713188 851.47837527096272 1992.6823942512274 834.76102390140295 205.11675027012825 5716.1856374889612 5624.3392578884959 17873.333379179239 221.78608996421099 44812.641068734229 402.50643512606621 542.09563447907567 1046.6919751092792 2056.0913747772574 803.94270580261946 74.636204533278942 2609.9164694547653 1902.921332411468 140.90265217423439 1981.9970861822367 9294.7569512538612 3111.2950573600829 2283.2586596980691 633.85103757679462 153.15461182594299 261.07175025343895 1966.4777475148439 95.193923212587833 224.6948416121304 362.11670480296016 86.190611742436886
leaf_count=2001 11843 9650 3575 1023 26417 24697 94695 1506 211854 1781 2839 4753 9437 3827 385 11829 9245 610 8839 41995 15537 11099 3102 789 1086 8564 469 1122 1898 359
internal_value=-5.36786e-05 -0.000140179 -2.33131e-05 -0.00192216 0.00308316 -0.00312843 -0.0046132 0.00417206 0.000770374 0.00260245 0.00919229 0.000834058 -0.000934961 0.0196951 0.0151714 0.0004567 -0.00224077 0.0435085 0.0261268 -0.00122595 -0.00549678 -0.0118904 -0.000482033 0.0029517 -0.000368025 0.0144345 0.0104686 -0.0116507 0.0182938 0.0300768
internal_weight=108626 108166 107315 31633.4 6143.09 25490.4 19866 5937.97 75681.2 30868.5 6531.01 24337.5 21536.3 3403.99 2860.58 19480.2 3127.02 543.409 2056.63 16870.3 7575.51 3329.95 4245.56 3611.71 3458.56 2801.24 1224.1 319.889 904.212 347.262
internal_count=526826 524825 512982 157988 28946 129042 104345 27923 354994 143140 31015 112125 99986 15442 13051 90549 15573 2391 9224 78720 36725 15852 20873 17771 16982 12139 6328 1591 4737 1445
is_linear=0
shrinkage=0.05


end of trees

feature_importances:
Column_33=449
Column_32=331
Column_43=157
Column_28=151
Column_10=122
Column_13=111
Column_5=102
Column_34=90
Column_0=73
Column_37=71
Column_38=60
Column_12=56
Column_7=55
Column_19=53
Column_11=52
Column_1=51
Column_3=45
Column_20=43
Column_9=40
Column_8=30
Column_4=28
Column_2=27
Column_26=23
Column_25=18
Column_35=16
Column_29=14
Column_36=13
Column_14=12
Column_6=9
Column_31=5
Column_39=2
Column_22=1

parameters:
[boosting: gbdt]
[objective: binary]
[metric: binary_logloss]
[tree_learner: serial]
[device_type: cpu]
[data_sample_strategy: bagging]
[data: ]
[valid: ]
[num_iterations: 500]
[learning_rate: 0.05]
[num_leaves: 31]
[num_threads: 8]
[seed: 42]
[deterministic: 0]
[force_col_wise: 0]
[force_row_wise: 0]
[histogram_pool_size: -1]
[max_depth: -1]
[min_data_in_leaf: 100]
[min_sum_hessian_in_leaf: 0.001]
[bagging_fraction: 0.8]
[pos_bagging_fraction: 1]
[neg_bagging_fraction: 1]
[bagging_freq: 1]
[bagging_seed: 400]
[bagging_by_query: 0]
[feature_fraction: 0.8]
[feature_fraction_bynode: 1]
[feature_fraction_seed: 30056]
[extra_trees: 0]
[extra_seed: 12879]
[early_stopping_round: 0]
[early_stopping_min_delta: 0]
[first_metric_only: 0]
[max_delta_step: 0]
[lambda_l1: 0]
[lambda_l2: 0]
[linear_lambda: 0]
[min_gain_to_split: 0]
[drop_rate: 0.1]
[max_drop: 50]
[skip_drop: 0.5]
[xgboost_dart_mode: 0]
[uniform_drop: 0]
[drop_seed: 17869]
[top_rate: 0.2]
[other_rate: 0.1]
[min_data_per_group: 100]
[max_cat_threshold: 32]
[cat_l2: 10]
[cat_smooth: 10]
[max_cat_to_onehot: 4]
[top_k: 20]
[monotone_constraints: ]
[monotone_constraints_method: basic]
[monotone_penalty: 0]
[feature_contri: ]
[forcedsplits_filename: ]
[refit_decay_rate: 0.9]
[cegb_tradeoff: 1]
[cegb_penalty_split: 0]
[cegb_penalty_feature_lazy: ]
[cegb_penalty_feature_coupled: ]
[path_smooth: 0]
[interaction_constraints: ]
[verbosity: -1]
[saved_feature_importance_type: 0]
[use_quantized_grad: 0]
[num_grad_quant_bins: 4]
[quant_train_renew_leaf: 0]
[stochastic_rounding: 1]
[linear_tree: 0]
[max_bin: 255]
[max_bin_by_feature: ]
[min_data_in_bin: 3]
[bin_construct_sample_cnt: 200000]
[data_random_seed: 175]
[is_enable_sparse: 1]
[enable_bundle: 1]
[use_missing: 1]
[zero_as_missing: 0]
[feature_pre_filter: 1]
[pre_partition: 0]
[two_round: 0]
[header: 0]
[label_column: ]
[weight_column: ]
[group_column: ]
[ignore_column: ]
[categorical_feature: ]
[forcedbins_filename: ]
[precise_float_parser: 0]
[parser_config_file: ]
[objective_seed: 16083]
[num_class: 1]
[is_unbalance: 0]
[scale_pos_weight: 1]
[sigmoid: 1]
[boost_from_average: 1]
[reg_sqrt: 0]
[alpha: 0.9]
[fair_c: 1]
[poisson_max_delta_step: 0.7]
[tweedie_variance_power: 1.5]
[lambdarank_truncation_level: 30]
[lambdarank_norm: 1]
[label_gain: ]
[lambdarank_position_bias_regularization: 0]
[eval_at: ]
[multi_error_top_k: 1]
[auc_mu_weights: ]
[num_machines: 1]
[local_listen_port: 12400]
[time_out: 120]
[machine_list_filename: ]
[machines: ]
[gpu_platform_id: -1]
[gpu_device_id: -1]
[gpu_use_dp: 0]
[num_gpu: 1]

end of parameters

pandas_categorical:null
