tree
version=v4
num_class=1
num_tree_per_iteration=1
label_index=0
max_feature_idx=43
objective=binary sigmoid:1
feature_names=Column_0 Column_1 Column_2 Column_3 Column_4 Column_5 Column_6 Column_7 Column_8 Column_9 Column_10 Column_11 Column_12 Column_13 Column_14 Column_15 Column_16 Column_17 Column_18 Column_19 Column_20 Column_21 Column_22 Column_23 Column_24 Column_25 Column_26 Column_27 Column_28 Column_29 Column_30 Column_31 Column_32 Column_33 Column_34 Column_35 Column_36 Column_37 Column_38 Column_39 Column_40 Column_41 Column_42 Column_43
feature_infos=[-0.12:0.12000000000000011] [-0.31852799999999992:0.4049280000000004] [-0.40650406504065062:0.63520000000000043] [-0.5228070175438595:1.5821501014198773] [-0.52145214521452155:6.2329545454545574] [-0.78388652584479956:9.4772727272727391] [0:99.999999998992266] [-0.92144000000000004:0] [0:11.530303030303031] [0:0.11423884400547928] [0:0.10750550575190457] [0:3445.3822046328423] [-2.5376526277146434e-16:465.37857142857143] [-4.163336342344337e-17:0.2781763236893614] [0:21] none none [0:5] none [-4.2519582413241146:4.364357787018144] [1.1426916002699365e-05:4.1994884612742513] [-0.999999999999999:1] [0:45.915566428259361] none none [0.0025575447570332483:1] [0.0026109660574412533:1] none [-0.34725848563968675:1.4627374711935675] [-1.4380737940635226:5.9124129638435727] none [1:7] [1:12] [-5029:-878] [0.40546510810816438:8.6995980780714959] [-0.87119932432432445:8.9927378358748484] [0:1] [-0.89268934047448734:1.6901590030079339] [-0.89667382813227259:1.8016469745790546] [0:1] none none none [0:7]
tree_sizes=3522 3568 3542 3557 3552 3563 3577 3550 3552 3569 3561 3549 3566 3556 3565 3575 3570 3554 3583 3586 3576 3566 3567 3578 3567 3553 3574 3575 3572 3566 3562 3551 3560 3583 3571 3588 3566 3567 3559 3584 3591 3582 3594 3580 3571 3579 3583 3567 3580 3586 3602 3586 3563 3570 3578 3588 3588 3584 3598 3603 3599 3567 3553 3598 3581 3547 3569 3596 3588 3573 3580 3579 3580 3599 3608 3591 3579 3580

Tree=0
num_leaves=31
num_cat=0
split_feature=10 10 10 32 32 38 28 32 32 32 32 12 28 28 43 7 6 43 28 32 7 43 32 7 43 32 32 9 7 7
split_gain=18327.5 6730.82 3191.88 2858.78 2245.72 1652.76 1646.03 1557.32 1006.29 998.886 856.755 822.389 756.846 712.425 655.326 637.08 710.789 606.646 543.435 511.571 497.511 493.056 755.517 457.064 455.729 453.007 693.119 436.238 435.4 422.313
threshold=0.015950091867844948 0.028871644752973807 0.0093014614554618492 3.5000000000000004 3.5000000000000004 -0.1393108398387419 0.078060302028504988 1.5000000000000002 3.5000000000000004 8.5000000000000018 10.500000000000002 0.22857142857142879 0.078060302028504988 0.12732659284404649 1.5000000000000002 -0.19997046662728887 38.156665719408231 1.5000000000000002 0.074883080625671561 1.5000000000000002 -0.33194149028906161 3.5000000000000004 11.500000000000002 -0.25280270467285015 2.5000000000000004 8.5000000000000018 11.500000000000002 0.038803696136213865 -0.23786600860424348 -0.14587075345447506
decision_type=8 10 10 2 2 8 10 2 2 2 2 10 8 10 2 8 8 2 10 2 10 2 2 10 2 2 2 10 10 10
left_child=2 3 -1 7 19 17 12 14 -4 11 20 -6 15 -13 -2 -7 -17 -5 29 -3 -11 -18 -23 -21 -12 -8 -27 -22 -9 -10
right_child=1 4 8 5 9 6 25 28 18 10 24 13 -14 -15 -16 16 21 -19 -20 23 27 22 -24 -25 -26 26 -28 -29 -30 -31
leaf_value=-0.75015206024835457 -0.64416951004031153 -0.66994256861260815 -0.73319522438016249 -0.59956892155927866 -0.5974228132205639 -0.67408993481787227 -0.65037398416896908 -0.68839840913921702 -0.69030485595151325 -0.62968175140458582 -0.66512035050616292 -0.65447806655572627 -0.73964394883446782 -0.62460196023697145 -0.69369272747066335 -0.7049727798973382 -0.69510403261937659 -0.65762460024082192 -0.67778825730389591 -0.66758667297867558 -0.69422788091185961 -0.68460735401300543 -0.64350355672550463 -0.70323754990619691 -0.6384761743797932 -0.69216138024045981 -0.63539885435699506 -0.66461348974607382 -0.72292263181055583 -0.714817280112511
leaf_weight=9233.7631570100784 774.92968249320984 3579.0452126860619 5067.2927745580673 598.54643386602402 844.1039451956749 6158.2887827754021 3556.1354086399078 1012.0350331068039 2132.6136038303375 471.31917256116867 3370.1878728866577 9861.0024522542953 745.34711998701096 2501.6171466708183 4841.308688044548 7591.1524494290352 10654.171007871628 1812.7660483121872 1418.1835980415344 1179.9661210179329 3361.7357121706009 10676.635961353779 1248.695533156395 3776.1140125393867 3063.9082595705986 2054.9871804118156 728.44279855489731 1973.5795271992683 9354.0952345728874 9979.5551275610924
leaf_count=41514 3484 16091 22782 2691 3795 27687 15988 4550 9588 2119 15152 44334 3351 11247 21766 34129 47900 8150 6376 5305 15114 48001 5614 16977 13775 9239 3275 8873 42055 44867
internal_value=-0.690405 -0.680028 -0.726121 -0.689855 -0.662153 -0.683505 -0.685743 -0.708064 -0.71419 -0.654709 -0.664999 -0.645172 -0.689769 -0.648433 -0.68686 -0.688746 -0.691737 -0.643214 -0.707073 -0.684347 -0.678923 -0.687287 -0.680303 -0.69475 -0.652432 -0.662199 -0.677306 -0.683273 -0.719552 -0.710501
internal_weight=123622 95790.1 27831.4 61807.5 33982.6 45825.2 43413.9 15982.4 18597.6 25447.5 12240.7 13206.7 37074.3 12362.6 5616.24 36328.9 30170.7 2411.31 13530.4 8535.13 5806.63 22579.5 11925.3 4956.08 6434.1 6339.57 2783.43 5335.32 10366.1 12112.2
internal_count=555789 430662 125127 277880 152782 206025 195184 71855 83613 114409 55033 59376 166682 55581 25250 163331 135644 10841 60831 38373 26106 101515 53615 22282 28927 28502 12514 23987 46605 54455
is_linear=0
shrinkage=1


Tree=1
num_leaves=31
num_cat=0
split_feature=10 10 10 5 37 43 5 28 33 33 33 33 5 5 28 33 9 33 33 33 33 33 33 9 33 38 33 33 33 9
split_gain=16299.3 5936.14 3044.26 2548.39 1751.86 1290.72 1235.58 997.574 707.686 669.463 935.6 1030.36 630.298 580.938 730.851 522.953 508.739 479.772 726.737 409.539 400.091 477.605 1482.62 564.555 423.829 396.161 389.149 379.135 685.898 364.533
threshold=0.015950091867844948 0.028871644752973807 0.0089523283979789595 -0.15254075504862771 0.010376458624549391 1.5000000000000002 -0.17910447761194195 0.14932169337320919 -2185.4999999999995 -4963.4999999999991 -4555.4999999999991 -4852.9999999999991 -0.10317460317460274 -0.14106583072100334 0.036671616291060437 -4555.4999999999991 0.017074171534701931 -4537.4999999999991 -4112.4999999999991 -4896.4999999999991 -4112.4999999999991 -1773.9999999999998 -1928.4999999999998 0.010364941958875317 -1233.9999999999998 -0.14774333411541543 -1773.9999999999998 -2219.4999999999995 -1822.4999999999998 0.036942589951587883
decision_type=8 10 10 8 10 2 10 10 2 2 2 2 10 10 10 2 10 2 2 2 2 2 2 10 2 10 2 2 2 8
left_child=2 3 -1 5 9 -2 27 15 -9 -5 11 19 29 -4 -15 -8 -14 -7 -19 -11 -17 22 23 -22 -23 -20 -10 -3 -29 -12
right_child=1 6 13 4 -6 17 7 8 26 10 12 -13 16 14 -16 20 -18 18 25 -21 21 24 -24 -25 -26 -27 -28 28 -30 -31
leaf_value=-0.058730817852381191 0.06961465863225523 0.038936069344564422 0.0031477339852580368 -0.044714467147571102 0.0080881186375885514 0.084769123917324968 0.039739868454085933 0.020174677633152175 0.074833688862247394 0.0095544642797691457 -0.0012045894426072426 0.047421464059868475 -0.024656020413339017 -0.031554376666214502 -0.0071795056669850255 -0.0054747298794530826 -0.0096248223302710188 -0.015414797992049404 0.04848714475743221 -0.049862016983791092 0.088111657664742354 -0.0033603782204921408 0.07621763122276079 0.01701449378905737 0.026094317368103272 0.016268252946003897 0.013939839447702513 0.099018697810338813 0.037458327899783754 0.041014702586761265
leaf_weight=8566.2929404377937 1321.9355031996965 3429.4794626682997 1936.0293512046337 1408.1995743811131 18968.758768171072 250.29897747933865 2689.3898789435625 1427.7091087549925 1779.6018740236759 690.54102401435375 4904.4944553524256 1444.8222411125898 9389.9333381652832 12939.48626178503 4034.0291054844856 1910.3815825283527 14055.266286402941 1632.471245482564 1150.4173238128424 500.01164868474007 285.00146669149399 3845.9995102584362 1206.4500027298927 13756.978576213121 1789.577026873827 5590.7810395359993 307.73626691102982 875.72968316078186 936.19858330488205 570.77717837691307
leaf_count=39316 5864 15257 8747 6397 85175 1120 11963 6346 7857 3085 22067 6473 42329 58748 18236 8530 63312 7319 5129 2270 1250 17203 5355 61388 7980 25074 1372 3875 4172 2564
internal_value=-4.21877e-05 0.0096657 -0.0340034 0.000422652 -0.00401787 0.0236089 0.0263697 0.0223316 0.0473017 -0.0109841 -0.00947887 0.0190416 -0.0120778 -0.0228015 -0.0257613 0.0188875 -0.0156449 0.0165569 0.0145179 -0.0153994 0.0164272 0.0184307 0.0230275 0.0184575 0.00599296 0.0217666 0.0658561 0.0487107 0.0672113 0.00319662
internal_weight=123595 96118.9 27475.8 61878.7 51932.8 9945.9 34240.2 28998.8 3515.05 32964 31555.8 2635.37 28920.5 18909.5 16973.5 25483.8 23445.2 8623.97 8373.67 1190.55 22794.4 20884 15248.4 14042 5635.58 6741.2 2087.34 5241.41 1811.93 5475.27
internal_count=555773 430726 125047 278178 233672 44506 152548 129244 15575 148497 142100 11828 130272 85731 76984 113669 105641 38642 37522 5355 101706 93176 67993 62638 25183 30203 9229 23304 8047 24631
is_linear=0
shrinkage=0.05


Tree=2
num_leaves=31
num_cat=0
split_feature=9 7 5 8 8 33 5 33 33 9 33 33 33 37 8 33 13 33 33 33 33 33 33 33 33 6 33 33 11 33
split_gain=13492.7 4016.16 3271.2 2865.01 2286.83 2138.74 1078.8 854.665 1320.8 806.764 767.213 1017.77 661.001 660.24 625.409 593.597 488.437 486.1 934.677 699.446 481.786 460.231 544.01 430.248 890.55 504.007 399.084 455.681 397.153 396.897
threshold=0.014589368240916884 -0.26934645544733443 -0.070261044742744513 0.28781900213960115 0.086778944383751347 -1643.4999999999998 -0.13437772687609059 -2200.4999999999995 -1773.9999999999998 0.033193673837912913 -4555.4999999999991 -4112.4999999999991 -2219.4999999999995 0.011544804837739566 0.066182334177690164 -4074.4999999999995 0.017504740881222121 -2385.4999999999995 -1760.4999999999998 -1928.4999999999998 -4518.4999999999991 -4112.4999999999991 -4074.4999999999995 -4984.4999999999991 -4555.4999999999991 78.968733393110313 -4277.4999999999991 -4355.4999999999991 0.34706602478073917 -1928.4999999999998
decision_type=10 8 10 10 10 2 8 2 2 10 2 2 2 10 10 2 10 2 2 2 2 2 2 2 2 8 2 2 10 2
left_child=2 10 4 6 23 14 17 -5 29 13 -2 -12 -6 -8 26 -13 -7 20 19 -19 -3 -22 -23 -1 -25 -26 27 -4 -16 -9
right_child=1 3 5 7 12 16 9 8 -10 -11 11 15 -14 -15 28 -17 -18 18 -20 -21 21 22 -24 24 25 -27 -28 -29 -30 -31
leaf_value=-0.046290350549917397 0.077836508133793836 0.04525865481811036 -0.016949501625398839 0.015095032325115779 0.010124514323548155 -0.060343041334330785 -0.0086581149853536179 0.0418269506949853 0.013501858649352006 0.013208859807884252 -0.0075290673408973698 0.10760758163409774 0.10411017727999915 0.0042369503008264364 0.044961084206225965 0.039051723639500685 -0.030626777362606463 0.04231765340235509 0.010762762532511417 0.1235610331105931 -0.0226145001261676 0.079762359495892055 0.0069114012139948923 0.050850010077069956 -0.013851260567346174 0.049774922789987505 -0.036225275247111853 0.083641298715133344 -0.01490777559648386 0.072905729126067145
leaf_weight=759.47991105914116 1202.7784004658461 796.51374720036983 573.87652659416199 9720.0334658622742 272.8906988799572 7789.3007174730301 27854.051989451051 2191.8245604932308 3177.3268963992596 8013.148447856307 1199.6721841692924 330.27973353862762 594.9043306261301 15422.751076668501 291.49403104186058 7177.1774470955133 1681.2717884927988 1016.082865357399 2161.3496972322464 358.35598528385162 1293.1731139272451 270.73104743659496 4793.3371779322624 617.40071503818035 8020.7406169474125 323.81220160424709 8024.9188065379858 140.06465543806553 5575.0942494273186 1933.4830737859011
leaf_count=3526 5259 3505 2611 43256 1222 36295 125691 9660 14195 35696 5351 1439 2590 69124 1280 31647 7692 4493 9642 1582 5830 1197 21360 2740 36417 1441 36840 638 25340 8395
internal_value=8.47883e-05 0.0104009 -0.0263748 0.00663724 -0.00321486 -0.0365611 0.00164721 0.0248059 0.0377315 -0.00136428 0.040405 0.0352343 0.074555 -0.00406264 -0.0245609 0.0420677 -0.0550676 0.0160967 0.0312629 0.0635002 0.00860073 0.00400777 0.0108061 -0.0101571 -0.00709497 -0.0113822 -0.0330382 0.00278492 -0.0119331 0.0563932
internal_weight=123577 88912.1 34665.2 79002.2 10589.2 24076 61979.5 17022.7 7302.63 51290 9909.91 8707.13 867.795 43276.8 14605.4 7507.46 9470.57 10689.5 3535.79 1374.44 7153.76 6357.24 5064.07 9721.43 8961.95 8344.55 8738.86 713.941 5866.59 4125.31
internal_count=555954 397322 158632 353626 47936 110696 278120 75506 32250 230511 43696 38437 3812 194815 66709 33086 43987 47609 15717 6075 31892 28387 22557 44124 40598 37858 40089 3249 26620 18055
is_linear=0
shrinkage=0.05


Tree=3
num_leaves=31
num_cat=0
split_feature=9 32 7 7 28 9 32 7 28 7 11 32 33 33 38 32 38 33 33 33 33 32 32 32 32 33 33 32 33 33
split_gain=12196.7 4465.88 2961.44 2305.65 2363.39 2101.18 1670.97 996.572 977.109 928.146 857.21 813.889 1638.15 854.239 797.924 794.268 783.98 657.668 640.592 598.13 862.799 584.585 581.636 570.973 594.895 545.182 686.151 698.469 661.182 502.441
threshold=0.014589368240916884 3.5000000000000004 -0.13157894736842093 -0.29423663778644998 0.081508989448045216 0.0057944185728212912 1.5000000000000002 -0.23123949444390976 -0.00077489545784148277 -0.19997046662728887 0.44272208447685263 8.5000000000000018 -2200.4999999999995 -1787.4999999999998 0.065305920207694115 5.5000000000000009 -0.082656615517598384 -4300.4999999999991 -4599.4999999999991 -4501.4999999999991 -4380.4999999999991 7.5000000000000009 11.500000000000002 8.5000000000000018 3.5000000000000004 -4963.4999999999991 -4300.4999999999991 7.5000000000000009 -4788.4999999999991 -4555.4999999999991
decision_type=10 2 10 8 10 10 2 8 10 8 10 2 2 2 10 2 8 2 2 2 2 2 2 2 2 2 2 2 2 2
left_child=2 6 8 18 9 -4 16 -8 -1 19 23 12 -6 -14 25 -7 -2 -17 -3 -5 -21 -22 -13 24 -10 -11 27 28 -27 -18
right_child=1 3 5 4 11 15 7 -9 10 14 -12 22 13 -15 -16 17 29 -19 -20 20 21 -23 -24 -25 -26 26 -28 -29 -30 -31
leaf_value=-0.013424793205151449 0.050545266767272848 0.092002287012954098 -0.056286906594822911 0.058697617878948186 0.017691680780397259 -0.038489498557667284 0.010121835536321637 -0.025518564328321575 -0.011739342012103995 -0.043327727401823016 -0.0012013951483223924 0.0075925251439612242 0.079802504689100995 0.027462957780273939 0.018489868690092583 0.038350258021230529 0.043960573245790599 -0.018907918665195891 0.040649091716645068 -0.032508324196931268 0.037180313833054035 0.011043828311544129 0.045918609566022922 -0.012716799857051007 0.085828074211210872 0.062140617962362081 -0.0010241323707469146 0.039868654684155194 -0.017688448683643606 -0.001219866951745009
leaf_weight=6960.8871328234673 971.7043786495924 692.35268586874008 7768.9415903687477 989.35125179588795 3260.2559584081173 6355.0859479606152 2344.8907046318054 11992.726508557796 191.47815346717834 677.46127960085869 1977.8130446374416 3727.4443543404341 2872.4082082211971 1069.9695625156164 8387.3387227654457 529.75306624174118 675.9220208376646 9403.6793594956398 4942.0253047347069 780.76684509217739 3772.1286271512508 4942.7330591976643 1347.895539522171 278.69835424423218 848.75503887236118 319.42213113605976 24797.899268016219 2229.7714417427778 1379.9359793066978 6866.970263004303
leaf_count=31741 4296 2955 36997 4306 14345 29422 10366 54414 859 3101 8961 16577 12382 4689 37210 2396 2972 43318 21531 3510 16573 21903 5921 1251 3678 1419 111414 9946 6188 30712
internal_value=2.64708e-05 0.00978665 -0.0252994 0.0163662 0.0135197 -0.0348907 -0.00927045 -0.0196896 -0.0028047 0.00853819 0.019619 0.0331067 0.043913 0.0655974 0.0048865 -0.0246856 0.00827428 -0.0158543 0.0469594 0.0217003 0.0178455 0.0223567 0.0177711 0.0508404 0.0678686 0.00100627 0.00205179 0.0214648 -0.00268327 0.00282877
internal_weight=123356 89041.4 34315.1 66189.2 60554.8 24057.5 22852.2 14337.6 10257.6 48276.8 3296.74 12278 7202.63 3942.38 37791.8 16288.5 8514.6 9933.43 5634.38 10485 9495.63 8714.86 5075.34 1318.93 1040.23 29404.5 28727 3929.13 1699.36 7542.89
internal_count=555353 396730 158623 293970 269484 112133 102760 64780 46490 215570 14749 53914 31416 17071 169278 75136 37980 45714 24486 46292 41986 38476 22498 5788 4537 132068 128967 17553 7607 33684
is_linear=0
shrinkage=0.05


Tree=4
num_leaves=31
num_cat=0
split_feature=10 10 32 32 10 5 28 32 33 33 33 33 32 33 33 38 5 34 38 33 33 32 33 33 33 7 33 33 33 32
split_gain=13128.7 5260.54 2848.95 1701.3 1543.05 1460.63 1406.12 1237.64 1196.39 2860.1 941.451 1129.13 906.582 846.272 729.532 634.857 804.496 579.512 545.017 510.853 667.724 510.47 615.063 491.124 498.898 479.15 477.256 466.22 465.666 453.881
threshold=0.013945423062915843 0.028230416010409844 3.5000000000000004 3.5000000000000004 0.0085563071527723893 -0.17617657834696168 0.074883080625671561 1.5000000000000002 -1773.9999999999998 -2219.4999999999995 -4963.4999999999991 -4501.4999999999991 7.5000000000000009 -4555.4999999999991 -4788.4999999999991 0.0045288516478110283 -0.06888361045130735 4.0630255092976304 -0.10344106506264621 -4501.4999999999991 -4399.4999999999991 10.500000000000002 -2430.4999999999995 -4300.4999999999991 -4335.4999999999991 -0.30361309799015468 -3876.4999999999995 -4681.4999999999991 -1720.4999999999998 1.5000000000000002
decision_type=8 10 2 2 10 8 10 2 2 2 2 2 2 2 2 8 10 2 8 2 2 2 2 2 2 10 2 2 2 2
left_child=4 2 7 29 -1 19 10 13 9 14 -7 -12 17 -2 -5 16 -13 -11 -15 -4 -21 25 26 24 -6 -16 -23 -27 -10 -3
right_child=1 3 5 8 23 6 -8 -9 28 12 11 15 -14 18 21 -17 -18 -19 -20 20 -22 22 -24 -25 -26 27 -28 -29 -30 -31
leaf_value=-0.055369996628360008 0.04420945399430886 0.016484760428941644 0.076737804239233764 0.080519624121029809 -0.002793040742320097 -0.042101805100870401 0.022077723828451922 -0.028993612892088513 -0.02288023495911274 0.093189076960259867 0.03348195810897675 0.0021766744456350505 0.042931453720479351 0.05424879323968651 0.041197163767558352 0.0059936959620295795 -0.017498122363263195 0.043202781504269483 -0.012807529404573687 -0.0307619578270414 0.028682488294907195 0.023532915226353358 -0.0053309072526704663 -0.028985212127419197 0.1191481834267209 0.035932238927885642 0.061338611521281054 0.0061590018620960221 0.014402825307253279 -0.0059740893163647731
leaf_weight=7637.732565253973 888.61271317303181 3869.9766061902046 484.1840362995863 519.36506323516369 565.80327665805817 1441.3618429899216 6923.7265862375498 11032.67023101449 1019.2587896734476 2378.6137984842062 2239.3476254194975 9609.616494089365 3109.2221872359514 323.23659095168114 1496.4119315892458 11926.597951561213 11311.60330581665 766.73561602830887 4844.7754242867231 520.08988384902477 5152.4358417987823 1507.7089114934206 759.53525944054127 11015.299914583564 98.477544903755188 1560.4103503078222 1870.3895544558764 8355.5671008527279 4696.9069701880217 5372.8064509779215
leaf_count=37314 3885 17074 2041 2222 2592 6772 30593 50769 4547 10019 9834 43323 13381 1420 6424 53568 51645 3252 21939 2349 22586 6560 3314 51287 439 6798 8161 36773 20667 24093
internal_value=-4.15146e-05 0.00699079 -0.00141746 0.0220329 -0.037895 0.00464764 0.00141819 -0.019024 0.0281651 0.0333913 -0.00249768 -0.000870765 0.0620777 -0.000863406 0.0222259 -0.00321271 -0.00846102 0.081004 -0.00861345 0.0274401 0.0232323 0.0202789 0.0353243 -0.0264674 0.0152844 0.0148241 0.0444652 0.0108442 0.00775482 0.00342949
internal_weight=123298 103981 66698.3 37282.9 19317.3 49609 43452.3 17089.3 28040.1 22324 36528.5 35087.2 6254.57 6056.62 16069.4 32847.8 20921.2 3145.35 5168.01 6156.71 5672.53 15550 4137.63 11679.6 664.281 11412.4 3378.1 9915.98 5716.17 9242.78
internal_count=555641 464009 300724 163285 91632 222711 195735 78013 122118 96904 165142 158370 26652 27244 70252 148536 94968 13271 23359 26976 24935 68030 18035 54318 3031 49995 14721 43571 25214 41167
is_linear=0
shrinkage=0.05


Tree=5
num_leaves=31
num_cat=0
split_feature=10 10 32 10 32 5 28 32 43 32 32 34 37 32 32 9 43 34 28 12 32 32 32 9 11 39 32 43 12 28
split_gain=11981.8 4051.81 2424.28 2275.81 1301.39 1259.45 1386.41 1244.91 840.023 775.361 617.18 612.519 554.906 523.073 517.188 561.342 481.368 456.927 445.05 437.956 423.603 656.099 387.99 375.45 373.001 360.37 349.535 499.062 334.806 331.407
threshold=0.015723790285241179 0.030000373137849718 3.5000000000000004 0.0089523283979789595 3.5000000000000004 -0.15254075504862771 0.076378179327972737 1.5000000000000002 1.5000000000000002 3.5000000000000004 8.5000000000000018 2.8593355435749763 0.0018869842515025772 10.500000000000002 8.5000000000000018 0.011083622030754678 1.5000000000000002 3.1179499147178356 0.1001184710061133 0.20000000000000015 8.5000000000000018 11.500000000000002 5.5000000000000009 0.039501075579001683 0.28934832959666251 1.0000000180025095e-35 10.500000000000002 3.5000000000000004 4.9500000000000073 0.12321189146565449
decision_type=8 10 2 10 2 8 10 2 2 2 2 2 10 2 2 10 2 2 10 10 2 2 2 10 10 10 2 2 8 10
left_child=3 2 7 -1 -3 8 12 16 22 -5 19 -11 14 23 24 -16 25 -15 -13 -6 -8 -22 -4 -12 -7 -2 -17 -28 -9 -21
right_child=1 4 5 9 10 6 20 28 -10 11 13 18 -14 17 15 26 -18 -19 -20 29 21 -23 -24 -25 -26 -27 27 -29 -30 -31
leaf_value=-0.05301713610619984 0.056302906280313869 0.0049718271669473377 0.084955709416250788 -0.037939431975894132 0.073056228866122425 0.043560943714111434 0.033902477486753305 -0.029101500587822678 0.018035009071100193 0.010064763853293673 -0.0019129563468077981 -0.02194007605473576 0.006754258231730266 0.049988406749982228 -0.03800689909362176 -0.018200634652784403 -0.0030315827392303641 0.020539367685499396 0.018395915258406698 0.029388115925298441 -0.0044322155802279002 0.04836078770229997 0.015865474649308361 0.025450349304483227 -0.00026382610972670021 -0.019075346142023285 -0.0093298897517888023 0.026891123576229678 -0.0029511622748491246 0.049736251970272316
leaf_weight=7848.0601083487272 637.87204864621162 7731.7502038180828 746.9112187474966 4717.9084207117558 762.04078753292561 512.66643080115318 3935.7991795390844 9344.8440377563238 7800.5415153354406 2157.739692017436 3236.2997219711542 9898.0872263014317 12940.140515848994 1971.3978841751814 1961.9028134793043 4681.0129032582045 5221.3648821562529 3969.1324996352196 734.60704365372658 8981.6981474757195 2288.1010397821665 792.29703857004642 279.1447713971138 2046.1845146268606 9170.5148895829916 211.014927521348 3273.8385930508375 1340.3208404332399 1408.4725275337696 2574.6184572279453
leaf_count=39221 2729 34335 3110 22296 3155 2274 17097 43312 34159 9982 14294 46047 57760 8511 9221 21217 23537 17179 3312 38805 10163 3431 1189 8890 41499 920 14909 5992 6509 10778
internal_value=-1.42695e-05 0.00792531 0.000949364 -0.0306436 0.0227696 0.00650044 0.00280358 -0.0154572 0.0236293 -0.0206147 0.0286149 -0.0142242 -0.00138579 0.0201332 -0.00641598 -0.0137038 0.00264567 0.0303122 -0.0191533 0.0363424 0.0230336 0.00914646 0.0661593 0.00868629 0.00205643 0.0375655 -0.00857426 0.00119159 -0.0256763 0.0339215
internal_weight=123176 97819.9 66546.8 25356.4 31273.1 49723.2 40896.6 16823.6 8826.6 17508.3 23541.4 12790.4 33880.4 11223 20940.3 11257.1 6070.25 5940.53 10632.7 12318.4 7016.2 3080.4 1026.06 5282.48 9683.18 848.887 9295.17 4614.16 10753.3 11556.3
internal_count=555833 434975 299028 120858 135947 222021 183563 77007 38458 81637 101612 59341 152872 48874 95112 51339 27186 25690 49359 52738 30691 13594 4299 23184 43773 3649 42118 20901 49821 49583
is_linear=0
shrinkage=0.05


Tree=6
num_leaves=31
num_cat=0
split_feature=10 10 10 7 38 28 38 33 33 33 33 33 33 33 33 9 33 33 33 33 34 33 33 33 33 33 33 33 33 33
split_gain=11069.3 4383.73 1421.2 1309.64 1198.36 993.19 858.271 651.228 2538.63 981.581 1886.24 837.315 778.735 631.971 504.89 453.594 432.547 422.558 1182.78 545.481 1464.17 612.461 506.676 421.427 391.624 425.418 2661.49 481.322 1012.01 479.955
threshold=0.013945423062915843 0.025240423541684005 0.0081207026642414575 -0.29423663778644998 -0.11743769176832823 -0.00077489545784148277 0.18836563714268309 -1773.9999999999998 -2219.4999999999995 -2126.4999999999995 -1928.4999999999998 -2731.4999999999995 -2798.4999999999995 -4555.4999999999991 -4112.4999999999991 0.012321327249644997 -4300.4999999999991 -3231.9999999999995 -2975.4999999999995 -3636.4999999999995 3.0657219285807118 -4300.4999999999991 -4852.9999999999991 -4335.4999999999991 -2922.4999999999995 -1928.4999999999998 -1773.9999999999998 -2731.4999999999995 -2798.4999999999995 -2402.4999999999995
decision_type=8 10 10 10 8 10 10 2 2 2 2 2 2 2 2 10 2 2 2 2 2 2 2 2 2 2 2 2 2 2
left_child=2 4 -1 -3 -2 15 7 8 11 -10 -11 12 13 -5 -15 -6 23 19 -19 21 -21 22 -7 -4 -20 27 -27 28 -26 -29
right_child=1 3 16 6 5 17 -8 -9 9 10 -12 -13 -14 14 -16 -17 -18 18 24 20 -22 -23 -24 -25 25 26 -28 29 -30 -31
leaf_value=-0.053496297761659511 0.023257527880885677 0.038704298218424665 -0.0024267469684982781 0.027566669066043627 -0.025589133570523045 -0.01977792194420952 0.031794054489855637 -0.0014926777825560187 0.074049997135702247 0.003274387980383374 0.068436033320680101 -0.0095453863151911556 0.06176532708656568 -0.013486951838979239 0.010212186452996872 -0.0090599313866459915 -0.027256511501704495 -0.039788124592081489 0.061210361261699243 0.062884378824104289 0.0013326526630302136 -0.012952242599889696 0.02526377372708874 0.10918955957650978 -0.020463994565480571 0.079585752477881605 -0.0056932617747691948 -0.040572958534438243 0.065727145285730829 -0.0047777907228562346
leaf_weight=6865.4649520665407 3926.7693737894297 6180.6360023319721 579.70159190893173 3986.1109046787024 5269.4474093914032 801.53797093033791 5916.2581098973751 7858.7117985486984 1791.1479830890894 2669.6025072038174 1901.7280042618513 5740.2857173234224 766.09360760450363 2922.8658519238234 9724.0922149568796 19546.626714974642 11149.746425971389 2028.1964641213417 268.27673350274563 1478.2934677749872 2788.9006445854902 4067.9121307581663 2824.7344497293234 99.012302592396736 838.9180351793766 1099.6255602091551 5446.7193698883057 1597.369497641921 573.29804170131683 2263.39036282897
leaf_count=35237 17152 26318 2683 17183 24691 3590 25477 34963 7487 11722 7943 25465 3327 13116 42978 89117 53073 9199 1198 6631 12621 18389 12580 428 3750 4795 24664 7185 2562 10232
internal_value=2.96066e-05 0.00638121 -0.0354006 0.0171744 -0.0033562 -0.00540963 0.0140996 0.0112976 0.0147046 0.0426756 0.0303824 0.00701366 0.0124768 0.0102066 0.00473503 -0.0125697 -0.0248975 0.00140422 -0.00445475 0.00831847 0.0226562 0.000366785 0.0153079 0.0138561 0.0014739 0.000117989 0.00863152 -0.0104515 0.0145258 -0.0195879
internal_weight=122971 104278 18693.9 49457.5 54820 50893.2 43276.9 37360.6 29501.9 6362.48 4571.33 23139.4 17399.2 16633.1 12647 24816.1 11828.5 26077.2 14115.8 11961.4 4267.19 7694.18 3626.27 678.714 12087.6 11819.3 6546.34 5272.98 1412.22 3860.76
internal_count=555756 464335 91421 215979 248356 231204 189661 164184 129221 27152 19665 102069 76604 73277 56094 113808 56184 117396 63585 53811 19252 34559 16170 3111 54386 53188 29459 23729 6312 17417
is_linear=0
shrinkage=0.05


Tree=7
num_leaves=31
num_cat=0
split_feature=10 10 32 32 10 33 33 32 32 33 33 33 33 33 33 33 33 33 32 32 33 38 7 32 33 34 34 38 33 8
split_gain=10141.1 3918.09 1937.67 1776.95 1225.78 1223 3071.21 1057.42 1009.85 988.762 2574.82 1223.45 951.076 2265.57 917.197 906.17 1204.26 1273.17 878.308 755.851 1193.59 916.649 753.706 656.429 681.288 633.596 626.482 619.573 617.388 614.057
threshold=0.013688747652155209 0.025240423541684005 3.5000000000000004 3.5000000000000004 0.0076246335057472111 -1773.9999999999998 -2219.4999999999995 8.5000000000000018 7.5000000000000009 -2200.4999999999995 -1564.4999999999998 -4768.4999999999991 -3231.9999999999995 -3547.4999999999995 -4788.4999999999991 -4963.4999999999991 -4300.4999999999991 -3908.4999999999995 1.5000000000000002 5.5000000000000009 -2893.4999999999995 -0.13562197175635229 -0.22916666666666666 10.500000000000002 -2416.4999999999995 3.8969088522734538 2.9014216150426262 -0.12007151772524886 -4555.4999999999991 0.23696915470182259
decision_type=8 10 2 2 10 2 2 2 2 2 2 2 2 2 2 2 2 2 2 2 2 10 10 2 2 2 2 10 2 8
left_child=4 2 18 -3 -1 6 14 9 -8 11 -11 -4 13 15 -5 -9 29 -18 28 21 -21 -13 -14 27 26 -15 -25 -16 -2 -17
right_child=1 3 7 5 -6 -7 8 12 -10 10 -12 19 22 25 23 16 17 -19 -20 20 -22 -23 -24 24 -26 -27 -28 -29 -30 -31
leaf_value=-0.053071980291899037 0.038268436756230852 -0.00038734515867129988 0.060681830977975332 0.07018390296673134 -0.025437891251677058 0.0039002913436400771 0.072374307529160894 -0.039775217683640757 0.035428643627690916 0.074280723173123092 0.005239757565377515 0.0359190018248167 0.022203448343212782 0.1019393687360501 0.034609593093970194 0.056775239270492162 -0.037378648933301471 0.01890934536321184 -0.028706723220823113 0.01813534799430885 -0.028762670203296453 -0.021326334359835279 -0.020465207599894845 0.066479228660564146 -0.018329397741756896 0.017059447544953792 0.025540496283682653 0.0056833448994365538 -0.010124420571910975 -0.0017707783441649185
leaf_weight=6230.0063198357821 779.76963239908218 12377.609827324748 864.96729385852814 776.29334504902363 11276.295848876238 7823.160714790225 3722.9392609149218 1389.3222329616547 3675.5994470715523 1939.6378503143787 4445.5991128832102 804.07356552779675 1155.7934319525957 712.51116539537907 2143.2536824643612 1313.4844928979874 2119.8178868889809 1909.572437748313 9001.6628432869911 6986.2915318906307 1683.6728220432997 5366.6262246668339 9899.6225802600384 1252.9928188472986 654.99624916911125 317.97538697719574 3676.4755212366581 13583.987338289618 4258.1400654315948 679.60361997783184
leaf_count=32841 3357 55380 3681 3218 54324 34376 15287 6747 15539 8392 20026 3454 5044 3144 9092 5727 9672 8558 42494 31261 7630 24299 45236 5344 2843 1423 15792 59288 19445 2984
internal_value=-3.30318e-05 0.00582466 -0.00328992 0.016029 -0.0352721 0.0214752 0.0261381 0.002132 0.0540197 0.00962218 0.0262123 0.00287736 -0.00635437 0.00628261 0.0167989 -0.0033754 0.00502165 -0.0107031 -0.0193509 -0.000491693 0.00902794 -0.013867 -0.0160044 0.0148543 0.0295805 0.0757481 0.0359465 0.00962531 -0.00263416 0.0368122
internal_weight=122822 105315 55628.1 49687.3 17506.3 37309.7 29486.5 41588.6 7398.54 22090.9 6385.24 15705.6 19497.7 8442.29 22088 7411.8 6022.48 4029.39 14039.6 14840.7 8669.96 6170.7 11055.4 21311.7 5584.46 1030.49 4929.47 15727.2 5037.91 1993.09
internal_count=555898 468733 252574 216159 87165 160779 126403 187278 30826 98743 28418 70325 88535 38255 95577 33688 26941 18230 65296 66644 38891 27753 50280 92359 23979 4567 21136 68380 22802 8711
is_linear=0
shrinkage=0.05


Tree=8
num_leaves=31
num_cat=0
split_feature=10 10 32 32 10 33 33 32 32 32 33 33 43 32 33 32 33 43 32 33 33 33 33 5 33 33 32 33 34 38
split_gain=9268.61 3641.01 1760.48 1571.18 1195.62 1139.38 2804.57 945.386 905.777 900.569 843.647 2092.35 1100.06 986.495 1347.62 825.26 819.556 789.737 648.989 635.422 898.454 712.334 1136.75 622.484 614.803 1235.3 595.259 576.223 580.827 568.12
threshold=0.013688747652155209 0.025013505948902854 3.5000000000000004 3.5000000000000004 0.0081207026642414575 -1773.9999999999998 -2219.4999999999995 8.5000000000000018 7.5000000000000009 11.500000000000002 -2219.4999999999995 -1564.4999999999998 1.5000000000000002 5.5000000000000009 -2873.4999999999995 1.5000000000000002 -4788.4999999999991 2.5000000000000004 10.500000000000002 -3231.9999999999995 -4700.4999999999991 -4300.4999999999991 -3908.4999999999995 -0.19540229885057295 -3152.4999999999995 -2781.4999999999995 1.5000000000000002 -2416.4999999999995 3.0657219285807118 -0.1229158727885664
decision_type=8 10 2 2 10 2 2 2 2 2 2 2 2 2 2 2 2 2 2 2 2 2 2 10 2 2 2 2 2 10
left_child=4 2 15 26 -1 6 16 10 -8 19 12 -12 -4 23 -15 -2 -5 -11 29 20 -9 -22 -23 -14 -19 -26 -3 28 -20 -18
right_child=1 3 7 5 -6 -7 8 9 -10 17 11 -13 13 14 -16 -17 18 24 27 -21 21 22 -24 -25 25 -27 -28 -29 -30 -31
leaf_value=-0.050891816706863852 -0.0025713870171996402 0.013086995936409898 0.041768497104666145 0.065595140121286463 -0.023724980084574548 0.0035103689499221312 0.068345982185396933 -0.038032503469665704 0.033730694287576489 -0.0088878938558944326 0.066870278693444668 0.0049254903597942571 0.016291101983371338 0.017735735026930589 -0.040808750227400048 -0.028195286120310255 0.033234097049794242 0.060891215117730192 0.058439585786243059 -0.02134040712599914 0.043208673403298196 -0.031942113362826562 0.02426384336263071 -0.025769555157377506 -0.054015833575097809 0.045787001491577821 -0.0090783058350113379 -0.015907046267935602 0.022380719490856873 0.0053196162193523099
leaf_weight=6487.6250996738672 4915.6449875384569 5090.8211582303047 1605.8057979047298 800.64283952116966 10778.871691063046 8003.495560452342 3792.0627017915249 1241.3022319078445 3767.3845392018557 2178.6299121528864 1982.8105576038361 4362.538027971983 1085.104866489768 6869.7401968985796 1147.0886455029249 8709.9249716252089 2095.530724927783 1071.1694554686546 1666.103218972683 8405.5240541398525 1191.7182457894087 1652.7030692398548 1974.0992241054773 4646.1873818635941 482.0955636203289 868.77828200161457 7478.8422763794661 645.2261548936367 3387.0853307545185 14001.020388737321
leaf_count=35053 22288 22360 6875 3282 52317 35142 15428 6150 15813 9891 8445 19624 4728 30610 5264 41601 8817 4637 7034 38605 5149 7638 8764 21260 2206 3864 33923 2815 14463 61042
internal_value=1.83639e-05 0.00559502 -0.00339172 0.0152306 -0.0339325 0.020281 0.0247321 0.00180889 0.0510948 -0.00631421 0.00894624 0.0242822 0.00260833 -0.00196565 0.00935889 -0.018951 0.0159124 0.0129545 0.0140873 -0.0124426 -0.000100475 0.00967122 -0.00134873 -0.0178062 0.0326017 0.0101697 -0.000101169 0.0285883 0.0342698 0.00895367
internal_weight=122386 105119 54390.9 50728.2 17266.5 38158.6 30155.1 40765.3 7559.45 19066 21699.3 6345.35 15353.9 13748.1 8016.83 13625.6 22595.6 4600.67 21795 14465.3 6059.82 4818.52 3626.8 5731.29 2422.04 1350.87 12569.7 5698.41 5053.19 16096.6
internal_count=555088 467718 247599 220119 87370 163836 128694 183710 31241 86904 96806 28069 68737 61862 35874 63889 97453 20598 94171 66306 27701 21551 16402 25988 10707 6070 56283 24312 21497 69859
is_linear=0
shrinkage=0.05


Tree=9
num_leaves=31
num_cat=0
split_feature=9 32 5 7 38 8 33 32 33 33 33 5 7 32 33 38 34 33 33 5 32 33 32 33 33 33 32 32 34 33
split_gain=7458.87 2742.71 2240.27 1512.34 1388.27 1341.59 1326.23 1243.29 965.412 908.361 995.36 1048.84 812.761 754.856 641.31 620.62 569.898 520.562 493.042 478.106 473.803 679.579 613.367 784.914 1862.68 920.166 778.547 618.679 680.296 494.664
threshold=0.012817878818976317 3.5000000000000004 -0.081300813008129899 -0.29015109546930834 0.065305920207694115 0.082662447687122734 -1643.4999999999998 1.5000000000000002 -4963.4999999999991 -4501.4999999999991 -4399.4999999999991 -0.13437772687609059 -0.24516753460211657 4.5000000000000009 -4300.4999999999991 -0.071637485983886848 2.9130539740865466 -4555.4999999999991 -4616.4999999999991 0.25615599670937289 11.500000000000002 -3876.4999999999995 8.5000000000000018 -2219.4999999999995 -1787.4999999999998 -2669.4999999999995 5.5000000000000009 10.500000000000002 2.8094027068525489 -3152.4999999999995
decision_type=8 2 8 8 10 10 2 2 2 2 2 10 10 2 2 8 2 2 2 10 2 2 2 2 2 2 2 2 2 2
left_child=2 7 5 18 8 17 13 15 -5 -10 -11 -12 -9 -4 -13 -2 -15 -1 -3 -14 22 -22 23 25 -25 26 -16 -24 -29 -23
right_child=1 3 6 4 -6 -7 -8 12 9 10 11 14 19 16 20 -17 -18 -19 -20 -21 21 29 27 24 -26 -27 -28 28 -30 -31
leaf_value=0.059195632717225166 0.038101122012429017 0.073579182430381945 -0.04027335757326643 -0.037855834355911472 0.021145703238101762 0.069805367097210053 -0.048682922750033567 0.010613017769880662 0.027146174589684824 -0.038616474911196491 0.019131920007728301 0.03750565347043195 -0.026086922425818133 0.017489590222908118 -0.016093162870363498 0.00078397649365687073 -0.018999624926627327 -0.010014482809869558 0.029329787697369665 0.00097886460271490237 -0.042031907600396927 0.059572734818398865 -0.019612465752290597 0.056876124514891227 -0.0015385270552688321 -0.033041059966314727 0.016304109831790273 0.045978199361188417 -0.0053645571964979618 0.013272810810405052
leaf_weight=288.52489121258259 1294.4296098053455 708.84248560667038 3676.4460096508265 1306.9476832598448 16837.31989377737 662.24194459617138 7874.818769082427 2231.25883205235 4479.8998279124498 1358.4604367762804 9901.996144682169 1135.9658250659704 10990.080281957984 1302.2018588036299 3124.5423864424229 8000.4107391387224 6002.5236937254667 4656.3181443065405 5625.4762832522392 1916.109268322587 431.73391261696815 772.32802021503448 7918.2088837921619 2024.9663936644793 4185.2955541461706 2278.9879834353924 4561.9331545382738 783.94057179987431 3644.953620865941 2279.6707183122635
leaf_count=1233 5617 2871 18257 6563 72152 2741 41944 9951 19013 6187 43091 4992 52249 6065 14316 35781 29062 22045 23590 8777 1943 3333 36189 8449 18768 10368 20255 3444 16396 10135
internal_value=-8.03132e-05 0.00609658 -0.0247731 0.0109289 0.00872194 0.00297424 -0.0330241 -0.00841305 0.00455411 0.005688 0.00352304 0.00485294 -0.0172513 -0.0217949 0.000586806 0.00598088 -0.0124948 -0.00597617 0.0342815 -0.0220686 -0.000723505 0.0166835 -0.00284956 0.0035564 0.0175086 -0.00513831 0.00313466 -0.0112419 0.00372342 0.0249893
internal_weight=122257 97793.8 24463.1 73361.5 67027.2 5607.08 18856 24432.3 50189.8 48882.9 44403 43044.5 15137.4 10981.2 33142.5 9294.84 7304.73 4944.84 6334.32 12906.2 32006.6 3483.73 28522.8 16175.7 6210.26 9965.46 7686.48 12347.1 4428.89 3052
internal_count=555777 434430 121347 322055 295594 26019 95328 112375 223442 216879 197866 191679 70977 53384 148588 41398 35127 23278 26461 61026 143596 15411 128185 72156 27217 44939 34571 56029 19840 13468
is_linear=0
shrinkage=0.05


Tree=10
num_leaves=31
num_cat=0
split_feature=10 10 32 10 5 28 32 32 33 33 33 33 33 33 33 43 38 32 32 33 33 33 33 32 33 33 33 32 33 33
split_gain=7831.83 3052.59 1996.59 1127.8 1068.13 992.21 891.796 722.825 665.025 655.691 740.39 644.303 1191.51 617.954 1454.16 557.931 500.833 516.33 978.941 887.385 1034.16 638.21 1064.86 482.008 474.423 1578.95 733.137 1007.51 496.27 590.175
threshold=0.013688747652155209 0.030146566731827688 3.5000000000000004 0.0089523283979789595 -0.17054998790002848 0.078060302028504988 1.5000000000000002 3.5000000000000004 -4555.4999999999991 -4963.4999999999991 -4501.4999999999991 -4380.4999999999991 -4300.4999999999991 -1787.4999999999998 -2200.4999999999995 1.5000000000000002 0.12542365913714174 8.5000000000000018 10.500000000000002 -3908.4999999999995 -3183.4999999999995 -2812.4999999999995 -2446.4999999999995 8.5000000000000018 -2219.4999999999995 -1806.4999999999998 -2669.4999999999995 5.5000000000000009 -1454.4999999999998 -1144.4999999999998
decision_type=8 10 2 10 8 10 2 2 2 2 2 2 2 2 2 2 8 2 2 2 2 2 2 2 2 2 2 2 2 2
left_child=3 2 6 -1 15 9 8 -3 -2 -6 -11 -12 -13 14 -9 -4 17 24 -19 -20 -21 -22 -23 -16 26 -26 27 -14 -27 -30
right_child=1 7 4 -5 5 -7 -8 13 -10 10 11 12 16 -15 23 -17 -18 18 19 20 21 22 -24 -25 25 28 -28 -29 29 -31
leaf_value=-0.047082190316138368 0.037897639935309833 0.0047400487227233657 0.057954584336516617 -0.02077879567496542 -0.03648414992290952 0.017764331136965107 -0.023178733390659435 0.018019429076189277 -0.0067743268263170831 0.025212341143522318 -0.037160806867934992 0.04432374926735233 -0.01720396260460871 0.00671065927479842 0.060175988610524048 0.01649771544975959 0.020703184751777282 -0.023629394264166284 -0.043423568419739329 0.042706970503981159 -0.037325185007818548 0.062639878315365355 -0.0059746988240605677 0.027844404018347646 0.062927479572152931 -0.018093186251797323 -0.030650997751209521 0.017640947206475383 0.03833298592729855 -0.014799665828076104
leaf_weight=6991.0719629228115 973.97180439531803 7639.9933735728264 920.35909208655357 9770.66520139575 1314.1061986386776 7780.4270757585764 11626.571413815022 13635.153300359845 5760.9544262737036 2597.4710128903389 1287.4551461040974 1383.7570655941963 3743.9489110261202 4952.1686900556087 3400.7616460025311 6866.1536613553762 2085.2692666202784 7766.7021252810955 951.81192652881145 1633.9367791414261 1071.8368508368731 688.63479529321194 3161.2639228254557 1743.8971236944199 1251.1388739049435 2121.8768259882927 2144.8185811638832 4652.238251209259 1243.9702776670456 901.30235256254673
leaf_count=39355 4141 33825 3758 48008 6708 33357 56123 57820 26222 11033 5896 6021 17259 21418 13682 29553 9096 36101 4403 7131 4958 3058 14506 7289 5280 9570 9959 20749 5642 4108
internal_value=-5.14593e-06 0.00504786 -0.00049772 -0.0317496 0.00422556 0.00142718 -0.0147921 0.0181164 -0.000314087 -0.00175045 -0.000570644 -0.0024263 -0.00114136 0.0224226 0.0265657 0.0213979 -0.00302392 -0.00460298 -0.0111843 0.00169049 0.00824056 -0.00320174 0.00629845 0.0492165 0.00165661 0.0135342 -0.0045614 0.00210323 -0.000948031 0.0160101
internal_weight=122064 105302 73930 16761.7 55568.5 47782 18361.5 31372 6734.93 40001.5 38687.4 36090 34802.5 23732 18779.8 7786.51 33418.7 31333.5 15274.2 7507.48 6555.67 4921.74 3849.9 5144.66 16059.3 5518.29 10541 8396.19 4267.15 2145.27
internal_count=556029 468666 334632 87363 248146 214835 86486 134034 30363 181478 174770 163737 157841 100209 78791 33311 151820 142724 70157 34056 29653 22522 17564 20971 72567 24600 47967 38008 19320 9750
is_linear=0
shrinkage=0.05


Tree=11
num_leaves=31
num_cat=0
split_feature=10 10 10 32 32 32 33 33 43 32 33 32 43 32 32 32 33 33 34 34 33 33 32 33 33 34 33 5 33 33
split_gain=7207.97 2371.64 1680.18 1402.64 835.983 991.766 849.99 2568.62 1084.22 789.354 1148.38 782.441 725.427 706.177 660.402 645.883 580.468 1439.66 708.633 524.461 548.516 935.896 641.359 511.841 1194.89 506.763 541.875 501.972 494.941 472.39
threshold=0.015604630129217737 0.029156463370509762 0.0089523283979789595 3.5000000000000004 8.5000000000000018 11.500000000000002 -2219.4999999999995 -1564.4999999999998 1.5000000000000002 5.5000000000000009 -2873.4999999999995 1.5000000000000002 2.5000000000000004 3.5000000000000004 5.5000000000000009 3.5000000000000004 -1787.4999999999998 -2219.4999999999995 4.0630255092976304 3.2939815763060616 -3231.9999999999995 -3547.4999999999995 9.5000000000000018 -3152.4999999999995 -2781.4999999999995 2.8243462541691211 -1695.4999999999998 -0.19540229885057295 -4555.4999999999991 -2416.4999999999995
decision_type=8 10 10 2 2 2 2 2 2 2 2 2 2 2 2 2 2 2 2 2 2 2 2 2 2 2 2 10 2 2
left_child=2 3 -1 11 6 19 8 -8 14 27 -11 28 -7 -3 -5 -4 17 -15 -19 20 21 22 -6 -14 -25 26 -17 -10 -2 -26
right_child=1 13 15 4 5 12 7 -9 9 10 -12 -13 23 16 -16 25 -18 18 -20 -21 -22 -23 -24 24 29 -27 -28 -29 -30 -31
leaf_value=-0.046121510138509979 0.035033323685624777 0.0036739838227091044 -0.033215953614734818 0.05782564543586232 0.04065432486443258 -0.0038592432507992963 0.063404851955591951 0.0034557578413377749 0.01332446318306304 0.016153521636943894 -0.034399228068526036 -0.021363588519473242 0.054658188354451999 0.015868913452590613 0.0036971183082257332 0.026686289466064557 0.0058919562025263579 0.05463548492826982 0.013826114543698812 -0.016006721911954711 -0.010509839320393229 0.088067734912774767 -0.01221176177153842 -0.052858734820317221 0.086265443942997955 -0.015064274876033783 -0.038705700128253168 -0.021233539508008017 -0.0046717190805245076 0.016928486361099341
leaf_weight=6793.0499244481325 934.75551877915859 8396.5071571022272 4284.1611085981131 1403.3909632712603 896.62092116475105 2534.0412859022617 2723.7034588158131 5194.4116141051054 1330.3288976550102 7897.5858454108238 1309.6988146603107 9972.6432441473007 1390.6114250272512 14915.657160460949 941.57205301523209 1512.3894028812647 5508.1867993026972 4518.7780848443508 1391.2701151818037 10094.149527519941 3775.6507504731417 413.37559258937836 1592.9515673369169 477.56951552629471 388.71929198503494 10156.08140899241 400.74934269487858 5001.0655337423086 4895.1248718351126 667.40927104651928
leaf_count=39235 3936 37195 21570 5786 3942 11430 11192 23156 5700 34540 6064 48522 5824 63172 4059 7021 23806 18343 5659 46402 17250 1754 7286 2189 1639 48980 1968 23065 22235 2905
internal_value=-0.000110963 0.00578546 -0.02522 6.4674e-05 0.00431582 -0.00279048 0.0104387 0.0240773 0.0044001 -0.000382478 0.0089626 -0.012857 0.015722 0.0163004 0.0360914 -0.0165377 0.0203263 0.024144 0.0450287 -0.00881501 0.00205467 0.0183964 0.00682799 0.0326901 0.0127715 -0.0106175 0.0129885 -0.0139723 0.00169454 0.0424487
internal_weight=121712 98565.8 23146.4 63835.4 48032.9 22231.1 25801.8 7918.12 17883.6 15538.7 9207.28 15802.5 5458.35 34730.4 2344.96 16353.4 26333.9 20825.7 5910.05 16772.7 6678.6 2902.95 2489.57 2924.31 1533.7 12069.2 1913.14 6331.39 5829.88 1056.13
internal_count=555825 437051 118774 288876 214183 100621 113562 34348 79214 69369 40604 74693 23987 148175 9845 79539 110980 87174 24002 76634 30232 12982 11228 12557 6733 57969 8989 28765 26171 4544
is_linear=0
shrinkage=0.05


Tree=12
num_leaves=31
num_cat=0
split_feature=9 7 32 7 28 33 8 32 33 32 9 38 34 33 33 33 34 32 8 32 33 32 32 33 33 33 33 33 33 33
split_gain=5924.82 2319.74 1936.22 1837.32 1360.44 1229.49 1061.82 971.139 713.14 697.399 581.074 572.887 552.88 525.349 545.847 738.25 569.407 717.844 494.628 476.057 633.435 475.294 599.833 448.666 423.014 775.886 395.125 354.994 1135.36 539.557
threshold=0.012566617638355799 -0.23123949444390976 3.5000000000000004 -0.14587075345447506 0.1001184710061133 -1695.4999999999998 0.076543590153118415 1.5000000000000002 -4963.4999999999991 4.5000000000000009 0.036942589951587883 -0.16870276479882171 3.0032012097360954 -4501.4999999999991 -4399.4999999999991 -4300.4999999999991 2.8593355435749763 10.500000000000002 0.30663554912616237 8.5000000000000018 -2185.4999999999995 8.5000000000000018 11.500000000000002 -3876.4999999999995 -4555.4999999999991 -4112.4999999999991 -4555.4999999999991 -2200.4999999999995 -1787.4999999999998 -3998.4999999999995
decision_type=8 8 2 8 10 2 10 2 2 2 8 10 2 2 2 2 2 2 8 2 2 2 2 2 2 2 2 2 2 2
left_child=3 11 7 6 8 9 26 -3 -4 -5 13 -2 -11 -10 -15 -16 17 -17 -9 20 -6 27 -23 -24 -13 -26 -1 29 -29 -18
right_child=1 2 4 5 19 -7 -8 18 10 12 -12 24 -14 14 15 16 21 -19 -20 -21 -22 22 23 -25 25 -27 -28 28 -30 -31
leaf_value=0.055223429263928495 0.03896645410166779 0.0021265335526849134 -0.034116594754955834 -0.037854969335416065 0.011766955872314239 -0.045558997998251034 0.057972516052258109 -0.024657162674666576 0.02118081881635716 0.018105860536290184 0.017087287893372546 0.041692415001658503 -0.017120311517774101 -0.037422208007075623 0.033864501598698561 0.003581223296697536 0.0284792278386586 0.040513549137867942 0.0014990362229569659 0.0092796701591691677 0.044256799471379421 -0.015882959990033221 -0.04319935195677465 0.015327502497086724 -0.017469040012097342 0.019192141229119979 -0.0099931507893404464 0.054617835236095952 0.00045311235605129661 -0.0079711277958239533
leaf_weight=248.09441700577736 3886.0939265340567 8032.460007250309 1268.0387182086706 3359.495469674468 2477.1086801439524 7627.2188169211149 783.67792807519436 10417.795149937272 3184.3981758505106 1388.396699950099 7109.9851827323437 1541.4337711930275 5633.6925793737173 947.57805399596691 1635.262188449502 6101.0389959812164 1159.3739308267832 1677.442613452673 2186.8822359144688 3944.0650420486927 3803.9474436193705 10882.05564044416 369.7051760405302 2865.4245860129595 1692.0787374675274 9811.8375076800585 3636.9478081613779 1243.8323248773813 4354.411409959197 8167.0883178859949
leaf_count=1036 16242 36024 6636 17395 10472 43210 3244 50982 13410 6493 30211 6339 28034 4435 7049 27280 5121 7284 10083 16931 15496 50055 1704 12605 7529 41823 17297 5117 19453 36991
internal_value=-2.32213e-05 0.00526904 0.00178328 -0.0230707 0.0062499 -0.0303171 0.00488096 -0.0114606 0.00291054 -0.0191191 0.0038553 0.0221153 -0.0101554 0.00164622 6.75167e-05 0.000991294 -0.000468667 0.0115457 -0.0201191 0.0228944 0.0314435 -0.00368657 -0.0102634 0.00863915 0.0170955 0.0137998 -0.00582849 0.00253443 0.0124876 -0.00343998
internal_weight=121437 98759.3 81827.9 22677.5 61190.8 18008.8 4668.72 20637.1 50965.6 10381.6 49697.6 16931.4 7022.09 42587.6 39403.2 38455.6 36820.4 7778.48 12604.7 10225.1 6281.06 29041.9 14117.2 3235.13 13045.4 11503.9 3885.04 14924.7 5598.24 9326.46
internal_count=555981 439272 367339 116709 270250 95132 21577 97089 227351 51922 220715 71933 34527 190504 177094 172659 165610 34564 61065 42899 25968 131046 64364 14309 55691 49352 18333 66682 24570 42112
is_linear=0
shrinkage=0.05


Tree=13
num_leaves=31
num_cat=0
split_feature=10 10 32 32 10 32 7 34 5 43 28 32 34 32 32 32 5 32 43 38 32 43 43 5 32 32 34 11 32 34
split_gain=6132.7 2387.7 1058.88 1031.17 1007.77 631.612 616.695 600.24 588.001 546.672 473.972 457.94 440.234 425.924 353.138 343.316 534.782 342.608 334.084 329.32 326.611 344.274 321.541 320.503 319.259 363.274 360.069 315.084 307.403 354.288
threshold=0.013688747652155209 0.023969503900808115 3.5000000000000004 3.5000000000000004 0.0076246335057472111 8.5000000000000018 -0.29423663778644998 2.8931418480839728 -0.1282785555523476 1.5000000000000002 0.10273187527046435 1.5000000000000002 6.0666299939701789 11.500000000000002 11.500000000000002 5.5000000000000009 -0.21052631578947148 1.5000000000000002 2.5000000000000004 -0.16262261189906888 10.500000000000002 3.5000000000000004 2.5000000000000004 -0.10492712481673393 10.500000000000002 8.5000000000000018 2.8361459037824157 0.37976770461234793 5.5000000000000009 3.8722415940098038
decision_type=8 10 2 2 10 2 10 2 10 2 10 2 2 2 2 2 10 2 2 10 2 2 2 10 2 2 2 10 2 2
left_child=4 2 8 11 -1 9 -5 20 -2 28 23 18 17 -9 -6 16 -11 -10 -3 -13 -7 -22 -16 27 25 -25 -26 -8 -4 -30
right_child=1 3 5 6 14 7 10 13 12 15 -12 19 -14 -15 22 -17 -18 -19 -20 -21 21 -23 -24 24 26 -27 -28 -29 29 -31
leaf_value=-0.046579195162238636 0.0040533599715530865 0.032246493897921523 0.05057272067735738 0.031405164713519583 -0.022725003297024902 -0.001875804190429424 0.062711817413711624 -0.016334877458559195 -0.011859056597926878 0.027620954672258776 0.024477120483058262 0.030451820178326733 0.029065470467822437 0.0038567992362238861 -0.028673473795998161 0.0097548417226459086 -0.009898864884309631 -0.032191380592574835 0.0036282510615199119 -0.010721132482828041 0.0087468021695312672 0.055934224062614439 0.033822450423750601 0.0091294521736824431 0.045412953367612675 -0.0062940628791944668 0.011872637943345124 0.016936623356298888 -0.036444351595990236 0.047516130875355923
leaf_weight=5355.7596913725138 2676.7773601412773 1342.2635678648949 1043.2296155393124 5192.6620686203241 9810.8086234629154 1929.1592355072498 398.53721714019775 10306.110971018672 3254.0984815657139 1119.6593868583441 7234.2882307171822 518.78588934242725 396.02100382745266 3498.2264335751534 329.40352168679237 10932.751405864954 6257.2805474102497 5702.8966675847769 4244.7292233705521 7606.5119517296553 910.84559966623783 671.50546535849571 548.54833714663982 11277.135676577687 967.52634319663048 5771.6872298419476 4626.5556214749813 6626.8846348673105 267.24460050463676 237.13477405905724
leaf_count=32897 12464 5801 4321 21325 50125 8830 1642 48639 15062 4764 29947 2241 1945 15616 1711 48275 28893 28974 18609 35490 4119 2860 2715 48466 4033 25573 19897 28260 1168 1024
internal_value=-8.54553e-05 0.00431352 -0.00371609 0.0113928 -0.0288765 0.00045656 0.0152719 -0.00652285 -0.0166099 0.00654271 0.0130018 -0.000515465 -0.0225237 -0.011218 -0.0200063 0.00413078 -0.00420417 -0.0248046 0.0105037 -0.00809231 0.0119346 0.0287718 0.0103743 0.0102036 0.00730888 0.00390799 0.0176736 0.0195334 0.0350781 0.0030298
internal_weight=121055 105011 49202.9 55807.6 16044.5 37173.1 42095.3 17315.8 12029.8 19857.3 36902.6 13712.3 9353.02 13804.3 10688.8 18309.7 7376.94 8957 5586.99 8125.3 3511.51 1582.35 877.952 29668.3 22642.9 17048.8 5594.08 7025.42 1547.61 504.379
internal_count=555686 468238 226954 241284 87448 168509 179143 80064 58445 88445 157818 62141 45981 64255 54551 81932 33657 44036 24410 37731 15809 6979 4426 127871 97969 74039 23930 29902 6513 2192
is_linear=0
shrinkage=0.05


Tree=14
num_leaves=31
num_cat=0
split_feature=10 10 32 38 32 33 33 33 33 32 20 5 32 33 34 33 32 5 34 5 33 33 33 13 33 33 33 32 28 34
split_gain=5695.72 2321.9 1018.66 905.392 886.36 835.786 760.69 2341.54 798.719 779.893 623.634 528.764 520.088 668.291 516.918 509.239 461.816 452.535 450.622 430.993 425.83 395.681 388.057 411.335 386.907 376.641 381.321 371.193 336.309 327.639
threshold=0.012950959771541025 0.023969503900808115 3.5000000000000004 -0.15227505138552586 3.5000000000000004 -1695.4999999999998 -1773.9999999999998 -2219.4999999999995 -2584.4999999999995 7.5000000000000009 0.51342560840798834 -0.10869565217391268 10.500000000000002 -3876.4999999999995 2.9014216150426262 -4681.4999999999991 1.5000000000000002 -0.16265060240963816 4.0630255092976304 -0.1323529411764722 -4277.4999999999991 -1911.9999999999998 -1708.4999999999998 0.017265632349602975 -4300.4999999999991 -3041.4999999999995 -4555.4999999999991 3.5000000000000004 0.078060302028504988 3.3551519202956919
decision_type=8 10 2 10 2 2 2 2 2 2 10 10 2 2 2 2 2 8 2 10 2 2 2 10 2 2 2 2 10 2
left_child=5 2 11 -3 16 14 7 8 12 18 -4 25 15 20 27 -6 -5 -12 -9 -7 -14 24 -8 -24 -16 26 -2 -1 -19 -15
right_child=1 3 10 4 6 19 22 9 -10 -11 17 -13 13 29 21 -17 -18 28 -20 -21 -22 -23 23 -25 -26 -27 -28 -29 -30 -31
leaf_value=-0.037909422008503751 0.019097335123320323 0.033964186147310275 -0.014361114261367948 0.0088635198104335625 0.026687165184770219 0.011359800356745919 -0.023204930705948229 0.065210167271144509 -0.014579182992950726 0.0242481250763288 0.017407457705009517 -0.022460688511753337 0.027568639514711252 0.06165323683526034 0.022708147323458383 0.0031489891216730341 -0.010326158283145242 -0.0018576405710985207 0.025934255123162744 -0.046153040184181315 -0.016724593146236037 0.01818722477593045 -0.042316535660401361 0.0078543207697169964 -0.030978353792015828 0.022006985723749439 -0.027345670100541564 0.034596418969928842 0.013240012090066739 0.026011561664704592
leaf_weight=236.42647078633308 648.45666347444057 3948.7558925449848 6206.5835474580526 5410.8491975814104 2833.9122281819582 343.58191120624542 1544.6930615156889 2990.1624499857426 3249.3766774088144 3968.8999239653349 4632.2515577673912 9170.6659385859966 1122.5485734045506 1286.9848208278418 358.42272871732712 12146.792331308126 7454.9530826807022 23368.312262564898 966.29953998327255 6275.3811029791832 1050.3583558052778 516.02657443284988 436.97414289414883 6277.8705425560474 5269.3356310874224 1285.8757886737585 1387.9481293708086 696.65173088014126 4379.9357334971428 1292.1905113905668
leaf_count=1286 2802 16313 29334 23615 11716 1851 6912 12031 14115 16358 19939 45721 4608 5307 1755 52556 34944 107553 3884 37981 4580 2739 1972 27294 27936 6092 6755 3340 18813 5407
internal_value=-3.53315e-05 0.00384854 -0.00386 0.0108821 0.00913045 -0.0303959 0.0128706 0.0164728 0.00839107 0.0399083 0.000157637 -0.0162693 0.0121736 0.026586 -0.0184506 0.00760173 -0.00225574 0.00294054 0.0556177 -0.0431676 0.0061578 -0.0237168 -0.000608668 0.00458941 -0.0275591 0.000821024 -0.0125567 0.0162246 0.000525456 0.0437964
internal_weight=120757 107062 51080 55981.6 52032.9 13695.8 39167.1 30907.5 22982.2 7925.36 38587.1 12492.9 19732.8 4752.08 7076.86 14980.7 12865.8 32380.5 3956.46 6618.96 2172.91 6143.78 8259.54 6714.84 5627.76 3322.28 2036.4 933.078 27748.2 2579.18
internal_count=555509 478621 237009 241612 225299 76888 166740 130562 98289 32273 175639 61370 84174 19902 37056 64272 58559 146305 15915 39832 9188 32430 36178 29266 29691 15649 9557 4626 126366 10714
is_linear=0
shrinkage=0.05


Tree=15
num_leaves=31
num_cat=0
split_feature=10 10 32 32 20 33 33 32 33 33 33 32 33 12 34 32 33 33 32 33 33 33 32 32 33 33 33 38 32 34
split_gain=5174.02 2300.7 1110.26 862.612 687.335 669.777 1901.02 690.931 622.842 595.344 522.514 585.994 625.45 502.748 485.735 459.814 501.365 414.224 396.482 588.526 536.982 807.518 443.383 415.668 483.353 384.169 358.298 356.75 377.658 349.603
threshold=0.011598067529362819 0.024068801116224618 3.5000000000000004 3.5000000000000004 0.51342560840798834 -1773.9999999999998 -2219.4999999999995 8.5000000000000018 -2584.4999999999995 -1233.9999999999998 -4788.4999999999991 10.500000000000002 -3876.4999999999995 1.0000000180025095e-35 2.8931418480839728 1.5000000000000002 -4221.4999999999991 -4277.4999999999991 8.5000000000000018 -4768.4999999999991 -2200.4999999999995 -1564.4999999999998 11.500000000000002 5.5000000000000009 -2873.4999999999995 -1695.4999999999998 -2506.4999999999995 -0.15227505138552586 1.5000000000000002 3.3655687125524305
decision_type=8 10 2 2 10 2 2 2 2 2 2 2 2 10 2 2 2 2 2 2 2 2 2 2 2 2 2 8 2 2
left_child=13 2 9 27 -4 6 8 -8 10 15 -5 -12 17 -1 -6 16 -2 -13 19 -16 23 -22 26 -21 -25 -7 -20 -3 -29 -14
right_child=1 3 4 5 14 25 7 -9 -10 -11 11 12 29 -15 18 -17 -18 -19 22 20 21 -23 -24 24 -26 -27 -28 28 -30 -31
leaf_value=-0.048667217184411693 0.026686672106634064 0.030926057026004997 -0.014947036629900984 0.051288830117028616 0.013391872077618355 -0.017774233563942598 0.048069700083749847 0.016428737767021626 -0.0082549998072047239 0.021398683618268348 0.0070835607221063929 0.028526695676518082 0.059979689706703365 -0.025646860419865348 0.051744905513280648 -0.026872582373664685 -0.015113624626038586 -0.013389351525623381 -0.0050322997014644738 -0.01679739814603624 0.048687978752862203 0.0028266795567109398 0.0089137720417561492 0.011139982896319034 -0.028111637955181037 0.0072153207728952425 -0.025607309599027784 0.007382036966438011 -0.010047508872196303 0.024708583067434817
leaf_weight=3718.960619404912 892.31818023324013 839.19345138967037 6555.7002680152655 883.96115547418594 8140.7014074027538 1984.8585304915905 5549.5314656347036 2503.7594618499279 3827.4806238263845 954.48685950040817 15221.358240246773 1179.3771590739489 1417.7312050610781 6547.0941503345966 643.40390121936798 7894.8943549692631 3658.5736262947321 1178.2490847557783 5512.2789722532034 3771.1723889857531 1392.9745119661093 3086.8886721134186 3137.777124658227 4725.9008693546057 940.37780095636845 6830.7462424337864 3434.2002276927233 5357.3370824605227 7401.8703868687153 1392.6902808099985
leaf_count=24018 3826 3552 31290 3561 36225 8844 22342 10414 16506 4680 65130 4817 5785 36536 2654 40697 17437 5123 25826 17738 5796 13990 14055 20949 4500 29625 16316 23324 34811 5786
internal_value=-3.46612e-05 0.00312506 -0.00415018 0.0102921 -9.6152e-05 0.0138381 0.0170952 0.0382326 0.0103135 -0.0166573 0.0136543 0.0120227 0.0265698 -0.0339862 0.00270264 -0.0195759 -0.00691761 0.0075787 -0.000563183 0.0049932 0.00283185 0.0170869 -0.00725826 -0.00393485 0.00462577 0.00158885 -0.0129302 -0.000652235 -0.00272919 0.0425013
internal_weight=120576 110310 54741.6 55568.1 41341.4 41969.7 33154.1 8053.29 25100.8 13400.3 21273.4 20389.4 5168.05 10266.1 34785.7 12445.8 4550.89 2357.63 26645 14560.7 13917.3 4479.86 12084.3 9437.45 5666.28 8815.6 8946.48 13598.4 12759.2 2810.42
internal_count=556153 495599 255979 239620 189339 177933 139464 32756 106708 66640 90202 86641 21511 60554 158049 61960 21263 9940 121824 65627 62973 19786 56197 43187 25449 38469 42142 61687 58135 11571
is_linear=0
shrinkage=0.05


Tree=16
num_leaves=31
num_cat=0
split_feature=10 5 10 32 10 38 38 5 38 32 12 32 9 32 32 12 32 43 5 32 34 10 34 43 32 43 34 34 32 9
split_gain=4909.67 1976.42 1589.54 1073.71 719.433 569.522 552.54 618.805 444.907 437.263 348.277 333.914 329.071 323.993 311.587 302.867 248.772 247.252 247.186 244.473 320.242 219.975 217.803 190.732 186.926 338.275 202.156 181.838 211.819 246.684
threshold=0.012950959771541025 -0.17910447761194195 0.028230416010409844 3.5000000000000004 0.0076246335057472111 -0.16870276479882171 0.014470846770732184 -0.067370323071488589 0.21527777777771431 1.5000000000000002 2.4500000000000015 8.5000000000000018 0.036113293426305697 11.500000000000002 3.5000000000000004 0.14285714285714296 11.500000000000002 2.5000000000000004 -0.18861209964412692 8.5000000000000018 2.9130539740865466 0.031919084317616635 3.0750027876182671 1.5000000000000002 10.500000000000002 3.5000000000000004 2.844909405997881 3.1842822368296253 8.5000000000000018 0.036942589951587883
decision_type=8 8 10 2 10 10 10 8 10 2 8 2 8 2 2 8 2 2 10 2 2 10 2 2 2 2 2 2 2 10
left_child=4 5 3 9 18 -2 7 -5 14 -3 -11 12 -9 -6 -4 -13 19 -15 -1 -8 -21 23 -18 -7 -17 -26 -27 -16 -29 -30
right_child=1 2 8 6 13 21 16 11 -10 10 -12 15 -14 17 27 24 22 -19 -20 20 -22 -23 -24 -25 25 26 -28 28 29 -31
leaf_value=0.030928086165659275 0.041404305385260541 -0.0043187092432388444 -0.0015395399232940509 0.0046313928940715796 -0.022709519444500156 0.034366949512781762 0.010626314885451852 -0.0048959352381437457 0.024395710522259577 -0.027905038895461132 -0.0067286325709509575 -0.056888780631223747 0.039239296267625824 -0.026562127392071422 0.017189762486312803 -0.021625068960427877 0.055130396353446104 0.034952239807462877 -0.045402369327044119 0.019912247536893052 -0.0092840657225772075 0.027456362505225981 0.014542950995408527 0.0091221338239278974 -0.016023713021961074 0.056751303400332853 0.0049268666024441469 0.013364276488026898 -0.0064474895509748498 0.013242724610961014
leaf_weight=108.42677694559097 2768.3840046525002 5618.2107350677252 7113.2636865377426 12170.05696579814 7596.7569942325354 834.46832416951656 8675.1342693269253 7448.9836691766977 4523.9565587341785 6843.3943194150925 2710.6732366830111 437.54074069857597 447.72161571681499 256.10194711387157 6939.4521047919989 4504.7958999723196 461.27989712357521 451.05757585167885 4867.402283936739 1203.8259801715612 4272.7562135756016 3070.0790891349316 1166.1825781464577 7237.4210244715214 3367.5747653394938 223.820765838027 1181.496116310358 7001.2744569331408 4226.1704951226711 2550.7265241742134
leaf_count=633 11369 25929 31945 54978 40342 3455 37662 34123 18905 35461 13822 2281 1885 1399 29096 22009 1920 2240 32414 5278 19449 12764 5021 31348 16041 944 5281 29304 18242 10711
internal_value=-3.03725e-05 0.00352846 0.000901572 -0.00386728 -0.0287049 0.0211077 -3.08457e-05 -0.00403877 0.0098532 -0.0153878 -0.0218969 -0.01003 -0.00239359 -0.0196962 0.0074893 -0.0162369 0.00753381 0.0126745 -0.0437391 0.00540479 -0.00286633 0.0160647 0.0260469 0.0117319 -0.0143198 -0.00742482 0.0131808 0.0105893 0.00726492 0.000963624
internal_weight=120278 106999 93088.3 60733.4 13279.7 13910.4 45561.2 29782 32354.8 15172.3 9554.07 17611.9 7896.71 8303.92 27830.9 9715.23 15779.2 707.16 4975.83 14151.7 5476.58 11142 1627.46 8071.89 9277.69 4772.89 1405.32 20717.6 13778.2 6776.9
internal_count=556251 479223 420287 282084 77028 58936 206872 137542 138203 75212 49283 82564 36008 43981 119298 46556 69330 3639 33047 62389 24727 47567 6941 34803 44275 22266 6225 87353 58257 28953
is_linear=0
shrinkage=0.05


Tree=17
num_leaves=31
num_cat=0
split_feature=10 7 32 10 32 33 33 33 33 32 43 9 8 33 33 33 32 33 33 33 33 33 32 33 33 33 3 33 33 33
split_gain=4430.11 1624.77 1325.58 961.236 938.571 911.304 1981.83 935.088 886.041 874.44 798.133 613.406 520.835 481.279 946.595 550.27 412.071 401.769 368.581 364.98 1018.82 619.213 333.545 375.507 332.078 912.268 329.468 334.256 496.431 310.348
threshold=0.014353459837654382 -0.22916666666666666 4.5000000000000009 0.0076246335057472111 8.5000000000000018 -2200.4999999999995 -1787.4999999999998 -2873.4999999999995 -1233.9999999999998 11.500000000000002 2.5000000000000004 0.017397610554700644 0.51794597379947305 -4555.4999999999991 -4112.4999999999991 -4074.4999999999995 1.5000000000000002 -4555.4999999999991 -885.49999999999989 -3152.4999999999995 -2781.4999999999995 -2416.4999999999995 3.5000000000000004 -4300.4999999999991 -1944.4999999999998 -1618.4999999999998 -0.13333333333333333 -1643.4999999999998 -2385.4999999999995 -4335.4999999999991
decision_type=8 8 2 10 2 2 2 2 2 2 2 10 8 2 2 2 2 2 2 2 2 2 2 2 2 2 10 2 2 2
left_child=3 13 8 -1 5 7 -7 -4 12 11 -11 -6 16 -2 -15 -16 17 -3 -10 -12 -21 -22 -5 29 -18 -26 -17 28 -28 -24
right_child=1 2 4 22 9 6 -8 -9 18 10 19 -13 -14 14 15 26 24 -19 -20 20 21 -23 23 -25 25 -27 27 -29 -30 -31
leaf_value=-0.042470862294066436 0.039284070625197648 0.032722820879732266 0.0099777939592200233 -0.030294621542406627 -0.01997215330127862 0.046559442765789355 0.0032900367041050638 -0.019732037464118921 0.041182573656526361 -0.005866574948178477 0.043838381135041987 -0.0011157503865645377 0.01285958690041669 -0.015397484114710848 0.070158931536849656 0.03586891241051595 -0.021025972844577221 -0.0068097206915830599 -0.029766017864419972 -0.041632137113278851 0.073952602509411269 0.01158634486501285 0.0097365090363593816 -0.014009471299296928 0.040297698070230203 -0.01960744922055923 0.009100576130253191 -0.0048098804798188391 0.03285829249641458 0.10271689386782766
leaf_weight=4822.7654573470354 2195.0105157494545 717.83889411389828 14955.97377255559 3128.7804642766714 5860.7023321092129 4887.5455566942692 5771.0100733786821 3218.3731509447098 1184.9275070875883 3001.8716790825129 1934.7852135151625 16330.822629794478 2150.8020045757294 2297.431177765131 511.17980982363224 2028.3219669908285 12507.120681032538 6139.8022052645683 216.50370737910271 600.86232158541679 620.2789359241724 1110.6174316704273 467.41514548659325 8723.3892272412777 881.7448456287384 2275.9254116863012 5937.653889015317 1956.7639516592026 3491.956170514226 111.06972348690033
leaf_count=32942 8957 3026 64706 17206 28635 19728 25256 14567 5518 13456 7932 72768 9475 10153 2072 8426 61827 27943 1060 2737 2541 4703 2201 45022 3885 11175 25012 8381 14639 474
internal_value=-7.89092e-05 0.00385647 0.000919247 -0.0235236 0.00511092 0.011524 0.0231315 0.00471668 -0.00845171 -0.00116568 0.0138863 -0.00609566 -0.0106484 0.0173108 0.0143378 0.0192434 -0.0128933 -0.00267156 0.0302219 0.0277841 0.0144629 0.0339357 -0.0161726 -0.0114225 -0.0173681 -0.00287959 0.0173032 0.013996 0.0178985 0.0275888
internal_weight=120039 102786 84367.5 17253.4 58292.8 28832.9 10658.6 18174.3 26074.7 29459.9 7268.42 22191.5 24673.2 18418.3 16223.3 13925.9 22522.4 6857.64 1401.43 4266.54 2331.76 1730.9 12430.7 9301.87 15664.8 3157.67 13414.7 11386.4 9429.61 578.485
internal_count=556423 458578 380938 97845 257029 124257 44984 79273 123909 132772 31369 101403 117331 77640 68683 58530 107856 30969 6578 17913 9981 7244 64903 47697 76887 15060 56458 48032 39651 2675
is_linear=0
shrinkage=0.05


Tree=18
num_leaves=31
num_cat=0
split_feature=10 10 32 7 20 32 33 33 32 33 33 33 33 33 7 33 12 33 33 33 10 34 32 7 32 32 33 33 33 33
split_gain=4056.35 1746.59 882.454 726.081 581.227 572.445 505.466 1696.79 674.312 502.249 493.835 484.113 718.191 988.339 714.501 478.686 458.023 438.249 646.701 422.182 414.679 410.781 348.036 325.985 321.608 767.574 549.103 750.437 598.188 785.36
threshold=0.011598067529362819 0.023969503900808115 3.5000000000000004 -0.30361309799015468 0.45770947072238394 3.5000000000000004 -1773.9999999999998 -2200.4999999999995 7.5000000000000009 -4963.4999999999991 -1760.4999999999998 -4501.4999999999991 -4380.4999999999991 -4300.4999999999991 -0.22307564059814802 -1233.9999999999998 2.2071428571428604 -2669.4999999999995 -2781.4999999999995 -1911.9999999999998 0.017573474656356131 3.6467536778901413 1.5000000000000002 -0.10836303430540294 8.5000000000000018 10.500000000000002 -3908.4999999999995 -3183.4999999999995 -2812.4999999999995 -2446.4999999999995
decision_type=8 10 2 10 8 2 2 2 2 2 2 2 2 2 10 2 10 2 2 2 8 2 2 10 2 2 2 2 2 2
left_child=10 2 15 -3 -4 22 7 17 16 -6 19 -11 -13 -14 -15 20 -9 18 -7 21 -2 -1 -5 -12 -16 -26 -27 -28 -29 -30
right_child=1 3 4 5 9 6 -8 8 -10 11 23 12 13 14 24 -17 -18 -19 -20 -21 -22 -23 -24 -25 25 26 27 28 29 -31
leaf_value=0.0033523320356519852 -0.029677868989375196 0.025093406605024932 -0.018063608705237079 0.0074288559313708986 -0.030646178226231988 0.0077711795423797414 -0.0013834639617217046 0.063297425118021042 0.019742287514417318 0.02510773065876297 -0.0019056566363394364 -0.033974490837734218 0.043773432306529976 0.022464930996888038 0.0031454929181305214 0.018834455725355984 0.023805129025267043 -0.0084436591292005956 0.063369972363898686 0.038212299749670768 -0.010612492215462919 -0.03283069188069461 -0.0096420060430783081 -0.044949093993026157 -0.019746329201198301 -0.045253776934501028 0.03769887011366 -0.037623702001300843 0.060926604179470267 -0.0047996129759928794
leaf_weight=1086.0178215950727 4606.1031335294247 6056.323974519968 4115.1482059657574 5084.5615277439356 1158.5183811038733 17793.417154416442 7948.9987865388393 2246.0980518013239 3884.3943432569504 2277.7743384093046 482.55908867716789 1384.4353856146336 1407.6079149842262 3417.3833336532116 14860.442011773586 958.53974762558937 1090.6955138146877 4233.0622274428606 538.85238023102283 305.89614850282669 7489.5825834572315 2824.4063752740622 7233.2592315077782 4972.2926141470671 6405.6607915461063 491.18905873596668 1675.9897685199976 918.41698572039604 575.33856342732906 2163.9157225489616
leaf_count=5817 24387 24818 19757 22129 6365 75590 34856 9141 15920 9533 2753 6423 5992 14566 67560 4664 4403 18358 2176 1727 37250 16181 34458 33909 30834 2391 7279 4440 2544 10150
internal_value=-0.000162178 0.00256697 -0.00386048 0.00874198 -0.000244153 0.0067635 0.00981851 0.0128079 0.0339035 0.00175194 -0.0312079 0.0028069 0.00128151 0.00281083 0.000920876 -0.0151774 0.0503886 0.0060571 0.00940543 -0.0183567 -0.0178727 -0.0227818 -0.00259548 -0.0411413 -0.0017968 -0.00780183 0.0053337 0.00999241 -0.00270303 0.00900518
internal_weight=119687 110016 53906 56109.7 40851.8 50053.3 37735.5 29786.5 7221.19 36736.7 9671.17 35578.2 33300.4 31915.9 30508.3 13054.2 3336.79 22565.3 18332.3 4216.32 12095.7 3910.42 12317.8 5454.85 27091 12230.5 5824.85 5333.66 3657.67 2739.25
internal_count=556371 495984 254135 241849 187834 217031 160444 125588 29464 168077 60387 161712 152179 145756 139764 66301 13544 96124 77766 23725 61637 21998 56587 36662 125198 57638 26804 24413 17134 12694
is_linear=0
shrinkage=0.05


Tree=19
num_leaves=31
num_cat=0
split_feature=10 5 10 32 38 5 32 38 12 12 1 13 7 5 32 32 34 26 32 19 43 32 32 43 32 32 12 12 20 12
split_gain=3720.87 1655.23 1309.54 981.38 562.212 619.713 461.406 440.839 437.351 426.945 271.079 331.942 267.376 234.983 233.253 250.547 348.422 216.181 210.877 203.826 203.394 201.295 190.986 178.346 285.733 197.305 171.18 167.77 166.706 163.421
threshold=0.011598067529362819 -0.17910447761194195 0.031565090671200398 3.5000000000000004 0.014470846770732184 -0.067370323071488589 1.5000000000000002 -0.16870276479882171 1.0000000180025095e-35 2.3571428571428577 0.18842402828211471 0.0024510730634299165 -0.014705882352941067 0.2052476755075511 11.500000000000002 8.5000000000000018 2.9258425522898488 0.56374888301614179 3.5000000000000004 -0.17718034244085737 2.5000000000000004 11.500000000000002 7.5000000000000009 1.5000000000000002 5.5000000000000009 6.5000000000000009 2.5857142857142876 0.14285714285714296 0.13788261125117465 1.3500000000000012
decision_type=8 8 10 2 10 8 2 10 10 8 10 8 10 10 2 2 2 8 2 8 2 2 2 2 2 2 10 10 10 10
left_child=8 7 3 6 5 23 19 -2 -1 13 11 22 18 -8 15 29 -17 -11 -4 -3 -16 -10 -7 24 -5 -25 -22 -9 -27 -6
right_child=1 2 12 4 14 10 9 27 21 17 -12 -13 -14 -15 20 16 -18 -19 -20 -21 26 -23 -24 25 -26 28 -28 -29 -30 -31
leaf_value=-0.044760555696856413 0.03631268219944938 -0.012041043244355551 -4.0337885232280488e-05 0.048460143838208972 0.0031073330720422635 -0.00056072625468453344 -0.028695215381070668 0.046762925145761511 -0.024915686602722507 -0.016522437816508025 0.091414122809136689 -0.0080586492929718753 0.026817446875589721 -0.00019817846491606607 -0.0053777843922843231 0.019292127050222235 -0.0083092850684346499 0.0090366003595961138 0.011653712988283261 0.0052259779330326109 0.040468880979551543 0.0084289219153997653 -0.050684747049014572 -0.0046231046166144594 -0.0047801381358644618 -0.039492710641325091 0.0018441191955590318 0.012977812542735801 0.0090201442573884499 0.015348745985714347
leaf_weight=3322.3145640492439 2791.5373319685459 3267.6906054466963 5120.1893850713968 562.00334745645523 5038.9158681482077 256.35072019696236 7102.1819490194321 380.28887243568897 5669.4879427999258 1747.8181286305189 66.778303638100624 19558.632522985339 2276.2718022316694 805.43397557735443 492.29980634152889 1450.9504736363888 5393.3870187103748 1570.8538580536842 15603.237278997898 3583.1911396235228 1220.0040241926908 491.87434902787209 734.7110720127821 5258.4568254649639 456.88505564630032 181.27774411439896 375.03395038843155 10888.086143344641 7652.793871819973 5940.651607632637
leaf_count=23955 11395 15217 22793 2325 21795 1170 37725 1615 33538 9255 285 91812 9504 4016 2173 6345 24585 7838 65131 16562 5082 2843 3904 24040 2039 882 1582 46422 34492 25619
internal_value=-9.06185e-05 0.00250524 0.000152112 -0.00313703 0.000204042 -0.00363637 -0.0132356 0.0185247 -0.0301383 -0.0194758 -0.00916229 -0.00948912 0.0105511 -0.0257926 0.00690224 0.00505029 -0.00245798 -0.00442437 0.00876443 -0.00300994 0.0227162 -0.0222537 -0.0377195 0.00443687 0.0245864 0.00286879 0.0313872 0.014118 0.00789757 0.00973072
internal_weight=119260 109776 95716 72716.3 54639.1 34727.9 18077.2 14059.9 9483.68 11226.3 20616.5 20549.7 22999.7 7907.62 19911.2 17823.9 6844.34 3318.67 20723.4 6850.88 2087.34 6161.36 991.062 14111.4 1018.89 13092.5 1595.04 11268.4 7834.07 10979.6
internal_count=555939 495603 436171 338743 248130 160949 90613 59432 60336 58834 97171 96886 97428 41741 87181 78344 30930 17093 87924 31779 8837 36381 5074 63778 4364 59414 6664 48037 35374 47414
is_linear=0
shrinkage=0.05


Tree=20
num_leaves=31
num_cat=0
split_feature=10 12 7 32 32 28 32 34 33 12 33 33 33 33 32 32 33 33 33 33 33 34 33 33 32 33 33 34 33 33
split_gain=3496.43 1195.72 1151.13 778.795 614.677 605.906 518.791 526.008 490.504 434.234 382.074 622.287 764.523 413.706 462.428 1151.55 724.699 711.396 1554.91 577.577 487.004 525.133 446.848 791.415 402.364 540.833 710.862 380.556 373.647 372.162
threshold=0.016175907577122211 1.0000000180025095e-35 -0.25280270467285015 3.5000000000000004 1.5000000000000002 0.1001184710061133 3.5000000000000004 2.8931418480839728 -4963.4999999999991 3.4714285714285738 -4501.4999999999991 -4380.4999999999991 -4300.4999999999991 -4131.9999999999991 10.500000000000002 8.5000000000000018 -3183.4999999999995 -2219.4999999999995 -1806.4999999999998 -4020.4999999999995 -3547.4999999999995 3.9229624562873675 -2812.4999999999995 -2446.4999999999995 4.5000000000000009 -2639.4999999999995 -3636.4999999999995 4.3583100568565643 -3580.4999999999995 -4501.4999999999991
decision_type=8 10 8 2 2 10 2 2 2 8 2 2 2 2 2 2 2 2 2 2 2 2 2 2 2 2 2 2 2 2
left_child=1 -1 -2 4 -4 8 -3 -8 -5 -6 -10 -12 -13 -14 15 17 20 19 27 -15 -16 -22 -18 -24 -21 26 -26 -19 -7 -9
right_child=2 6 3 5 9 28 7 29 10 -11 11 12 13 14 16 -17 22 18 -20 24 21 -23 23 -25 25 -27 -28 -29 -30 -31
leaf_value=-0.043898757650277995 0.017487321735236965 -0.026506140063177704 0.0038956750622609056 -0.028951437501159579 -0.019151837556786278 0.00043582242407779327 0.012543470569010296 0.042788385171651351 0.017688224619487564 0.0036340068705770501 -0.030287163012842878 0.038236357992095016 -0.02249870691166642 0.026877483663953546 0.014666704296347392 -0.014341564091365708 -0.024844754167616223 0.057151602538202929 0.0026085203553375303 -0.023672788286518576 0.084309179123389519 0.0060093191468755082 0.048337944834805177 0.0017262734007390459 -0.01289076164203096 -0.02074688654949813 0.018134163148390354 0.012383750073524579 0.022012855281292036 -0.013717766848803032
leaf_weight=3630.4985772371292 13753.392550960183 5018.8731876909733 8100.6362005919218 1213.4356190115213 9182.4297026842833 2791.5629986673594 2594.8061641603708 298.89450864493847 4184.9843051731586 2707.3910441845655 1453.2496274262667 1484.8975338488817 1690.2052991986275 1660.4292711615562 1100.7269257009029 9879.8790144175291 1073.5268032550812 2241.7396644353867 5855.7410647571087 2246.7710196971893 758.03788903355598 298.43984298408031 1110.2238145023584 5066.1297077983618 3008.8235646039248 2459.8430031090975 4778.6014324128628 602.23558051884174 7133.5773254185915 11612.454562887549
leaf_count=26219 57211 28664 36067 6796 46976 11613 12496 1316 17309 13350 6702 6255 7850 7099 4633 45841 4942 9124 25731 10386 3085 1254 4616 22463 13036 11280 20869 2436 29616 60733
internal_value=-0.000112788 -0.0175494 0.00410014 0.00185706 -0.00672642 0.00462046 -0.01265 -0.00785597 0.0024661 -0.0139633 0.00321429 0.00191914 0.00295197 0.00175662 0.00272946 -7.83434e-05 0.0124998 0.00608766 0.0173398 -0.000828244 0.0379412 0.0621906 0.00492973 0.0101049 -0.00451027 -0.000308782 0.00614708 0.0476716 0.0159441 -0.0122998
internal_weight=118992 23155.5 95836.9 82083.5 19990.5 62093.1 19525 14506.2 52167.9 11889.8 50954.5 46769.5 45316.3 43831.4 42141.1 32734.1 9407.08 22854.2 8699.72 14154.5 2157.2 1056.48 7249.88 6176.35 12494 10247.3 7787.42 2843.98 9925.14 11911.3
internal_count=555968 129428 426540 369329 96393 272936 103209 74545 231707 60326 224911 207602 200900 194645 186795 145802 40993 99961 37291 62670 8972 4339 32021 27079 55571 45185 33905 11560 41229 62049
is_linear=0
shrinkage=0.05


Tree=21
num_leaves=31
num_cat=0
split_feature=9 5 38 32 8 8 9 38 32 34 32 32 32 9 34 3 32 32 32 32 11 5 34 0 32 7 34 28 28 34
split_gain=3103.92 1228.04 1154.23 897.278 652.151 636.228 556.435 553.517 405.653 401.485 348.166 344.435 387.108 284.414 261.774 253.938 228.689 218.21 246.098 330.311 235.986 206.419 205.7 202.857 193.906 187.92 186.73 180.704 174.583 172.11
threshold=0.012566617638355799 -0.081300813008129899 -0.11743769176832823 4.5000000000000009 1.0000000180025095e-35 0.082662447687122734 0.031955274397959116 0.065305920207694115 1.5000000000000002 3.1376634167284494 10.500000000000002 8.5000000000000018 11.500000000000002 0.045619116974896158 2.8361459037824157 -0.1203907349538421 3.5000000000000004 3.5000000000000004 8.5000000000000018 11.500000000000002 0.47244551949910096 -0.1066865376747103 3.2203735793581001 0.085039000937617862 8.5000000000000018 -0.17968041061705983 6.0005481581691757 0.033988023535591154 -0.031143928125915817 3.4291354369416145
decision_type=8 8 8 2 10 10 8 10 2 2 2 2 2 10 2 10 2 2 2 2 10 10 2 10 2 10 2 10 10 2
left_child=1 5 15 6 -3 -1 8 9 -4 10 -5 25 13 -13 28 -2 -8 -6 20 -20 -19 -10 -22 24 -9 -11 -23 -21 -12 -27
right_child=2 4 3 7 17 -7 16 23 21 11 14 12 -14 -15 -16 -17 -18 18 19 27 22 26 -24 -25 -26 29 -28 -29 -30 -31
leaf_value=-0.0030389099948053989 0.031510655980203535 -0.039069318053661893 0.00045443691218081689 0.0043121488186087043 -0.030458417885255697 0.050708731190252793 0.0024563570880968529 0.016727761741857985 -0.0039849418648821664 0.014091661602335418 0.010881306842832448 -0.012399893760527816 0.00683903050000856 0.025077678611486378 0.0057474215171898014 0.014330462550246737 0.026708236997763143 0.019742067023374093 -0.030998609990080334 -0.0092718164284242618 0.011435943913105815 -0.019723392452713769 -0.017334977297359166 0.034664674409153932 0.0054973889399321033 -0.011618881718018056 0.0097732082342002948 0.044433803116492691 0.040816249130666615 0.0045249438788821971
leaf_weight=4462.7215473800898 3063.1538949757814 5237.3711448162794 6463.1950528770685 10721.763035729527 2445.6133822202682 628.0889510512352 5259.2172001898289 8284.0979685634375 3403.9627907723188 3841.1778308898211 684.90114256739616 11333.06650853157 4264.3388810604811 529.9001782387495 1550.3924058377743 7221.7898144870996 1192.4656494110823 771.84932188689709 2810.8365762233734 553.35504165291786 804.6348946839571 10005.581636711955 2725.8378444761038 1008.247126981616 7170.6527871340513 2106.778928950429 566.95164015889168 218.46434783935547 1686.1734996587038 7630.4589818567038
leaf_count=22122 12762 36317 29364 47283 14199 2680 23830 34470 16289 16365 2930 53480 18459 2241 6894 30402 5000 3531 15410 2855 3925 51178 14820 4189 30715 9293 2825 1085 7051 33916
internal_value=-0.000112716 -0.0177257 0.0036006 0.00174227 -0.0246968 0.00359231 -0.00586297 0.00510536 -0.0099038 0.00219897 0.00897483 -0.00114115 -0.00608138 -0.0107258 0.0217232 0.0194472 0.00693884 -0.0174102 -0.0133631 -0.0230431 -0.00530241 -0.0146938 -0.0107778 0.0129348 0.0115171 0.00472644 -0.0181416 0.00592962 0.0321693 0.00103202
internal_weight=118647 20658.8 97988.3 87703.3 15568 5090.81 26891.4 60811.9 20439.7 44349 14643.2 29705.7 16127.3 11863 3921.47 10284.9 6451.68 10330.6 7884.98 3582.66 4302.32 13976.5 3530.47 16463 15454.8 13578.4 10572.5 771.819 2371.07 9737.24
internal_count=555880 116944 438936 395772 92142 24802 128486 267286 99656 197912 64158 133754 74180 55721 16875 43164 28830 55825 41626 19350 22276 70292 18745 69374 65185 59574 54003 3940 9981 43209
is_linear=0
shrinkage=0.05


Tree=22
num_leaves=31
num_cat=0
split_feature=10 5 9 33 7 32 33 33 38 33 33 33 33 33 33 33 33 33 33 34 33 32 34 33 13 5 32 28 34 33
split_gain=2959.15 1297.45 1061.22 662.294 638.963 597.889 610.552 543.063 470.156 413.574 461.323 408.101 774.373 590.98 493.224 556.766 403.577 424.768 390.067 375.614 351.103 340.789 433.501 341.396 337.87 336.132 320.65 314.746 301.97 299.667
threshold=0.011598067529362819 -0.14106583072100334 0.019827220892766735 -4852.9999999999991 -0.02556818181818182 4.5000000000000009 -1205.4999999999998 -1415.4999999999998 -0.16870276479882171 -4537.4999999999991 -4852.9999999999991 -2385.4999999999995 -1773.9999999999998 -4537.4999999999991 -4112.4999999999991 -2527.4999999999995 -1760.4999999999998 -1911.9999999999998 -919.49999999999989 3.6467536778901413 -4074.4999999999995 10.500000000000002 3.2327767773697369 -4681.4999999999991 0.021087241094625852 -0.14106583072100334 6.5000000000000009 -0.037747978133438977 4.8414272985185862 -1956.4999999999998
decision_type=8 8 8 2 8 2 2 2 10 2 2 2 2 2 2 2 2 2 2 2 2 2 2 2 10 10 2 10 2 2
left_child=16 8 5 -4 21 6 9 27 -2 10 -3 13 29 -10 26 20 17 19 -8 -1 -16 23 -23 28 -9 -18 -15 -7 -5 -13
right_child=1 2 3 4 -6 7 18 24 11 -11 -12 12 -14 14 15 -17 25 -19 -20 -21 -22 22 -24 -25 -26 -27 -28 -29 -30 -31
leaf_value=0.0045769470777558751 0.031321286189543912 -0.018626739888689514 -0.023651608574588551 0.011060418707654956 0.016805782834295537 -0.012730331997774312 0.084910668755894897 -0.039483185628836293 0.034021551998435394 -0.022992779615670315 0.043234856943639266 0.032177175748691084 0.0056053617677392737 -0.032523634659252003 0.054622519401801406 -0.022799533723115935 0.023153736173865555 0.040965500829828742 -0.00621914381214945 -0.03050814382213738 0.0091383601446122543 0.027554499454834097 0.003094999229926725 -0.001076983526973723 -0.0025059737279961927 -0.040007122637629629 0.009388809071955868 0.0031207331465036483 0.061037218350915148 0.07235977259476932
leaf_weight=1064.8629044443369 3101.5998168289661 705.15102051198483 2120.4998754411936 2071.3068453371525 9221.8471668511629 3902.2258067876101 232.05824294686317 1522.1649715900421 1504.7924854457378 9456.4538620710373 526.30887052416801 1879.2953903526068 3482.486314445734 1576.8387389183044 455.80478191375732 1365.0772457569838 220.41330355405807 303.21356508135796 237.70667552947998 2689.6757470667362 6134.7279080450535 2792.2326825708151 5157.3912429958582 33333.601087719202 1039.7291622906923 4753.6136996597052 642.18354584276676 15860.667319402099 353.89152200520039 616.09211730957031
leaf_count=5841 12623 3468 10987 8495 39730 18793 1139 8088 6184 49763 2351 7973 15115 7434 1870 5859 1296 1744 1157 16229 26618 11639 22073 149406 4941 35346 2752 72710 1447 2570
internal_value=-0.000156139 0.00211691 -0.000521059 0.00374814 0.00484584 -0.00754034 -0.0169914 -0.00281683 0.0133674 -0.0194435 0.00781205 0.0102137 0.0208387 0.00477555 0.000450163 0.00626419 -0.027662 -0.01596 0.0387979 -0.0205573 0.0122841 0.00232246 0.0116862 0.000240789 -0.0244762 -0.0372083 -0.0203942 -9.0938e-06 0.0183532 0.042098
internal_weight=118324 109292 88533.2 55050.8 52930.3 33482.5 11157.7 22324.8 20758.9 10687.9 1231.46 17657.3 5977.87 11679.4 10174.6 7955.61 9031.78 4057.75 469.765 3754.54 6590.53 43708.4 7949.62 35758.8 2561.89 4974.03 2219.02 19762.9 2425.2 2495.39
internal_count=555641 495185 406187 243777 232790 162410 57878 104532 88998 55582 5819 76375 25658 50717 44533 34347 60456 23814 2296 22070 28488 193060 33712 159348 13029 36642 10186 91503 9942 10543
is_linear=0
shrinkage=0.05


Tree=23
num_leaves=31
num_cat=0
split_feature=10 10 5 37 33 33 33 33 33 33 5 13 34 5 33 33 33 3 37 0 33 33 33 38 9 33 33 33 33 33
split_gain=2740.14 1202.57 837.761 767.324 432.493 401.304 387.144 856.57 520.011 373.89 361.023 353.707 332.757 316.066 309.779 288.945 798.183 313.398 259.913 255.698 255.135 253.369 280.096 218.6 217.347 187.283 181.211 844.162 402.038 255.637
threshold=0.011598067529362819 0.030770089710539659 -0.1282785555523476 0.0050983248360643172 -1760.4999999999998 -1911.9999999999998 -4518.4999999999991 -4112.4999999999991 -4074.4999999999995 -4852.9999999999991 -0.10132158590308403 2.2659624294972547e-05 3.6467536778901413 -0.09629629629629842 -1248.4999999999998 -2385.4999999999995 -1806.4999999999998 -0.08265065959565597 0.14285714285706821 0.089939782426688999 -2154.4999999999995 -2527.4999999999995 -2959.4999999999995 0.010130141811360517 0.014816658839432739 -4300.4999999999991 -1928.4999999999998 -1760.4999999999998 -2731.4999999999995 -2781.4999999999995
decision_type=8 10 8 8 2 2 2 2 2 2 10 10 2 10 2 2 2 10 10 8 2 2 2 8 10 2 2 2 2 2
left_child=4 2 6 11 5 12 -2 -8 -9 -5 14 20 -1 -3 -6 21 -17 -18 -15 23 -4 22 -10 -11 -13 -14 28 -28 29 -25
right_child=1 13 3 9 10 -7 7 8 15 19 -12 24 25 18 -16 16 17 -19 -20 -21 -22 -23 -24 26 -26 -27 27 -29 -30 -31
leaf_value=0.0043776883216528183 0.032524539987648524 0.019287560645983817 0.017887664824075691 -0.024108004797822158 -0.040062040585517274 0.039959465615270008 -0.020581945077520643 0.056553703997718613 -0.00049927277406911191 -0.0058495445400834007 -0.040920800537220178 -0.013875173179725812 0.040531830193408114 0.0054771998053215441 0.050682498032422175 0.051488028259896235 0.034294382758286966 -0.0017618643425846459 0.02184773766736307 0.038670556359104297 -0.041515137059886714 -0.018710434330771217 0.02194008693040693 0.0053327827329160381 -0.0050846201294765161 -0.031281789984723633 0.045189342659057302 0.00045016257048970267 -0.013464178118313059 0.044391998459432348
leaf_weight=1060.167431384325 1548.6141638755798 7755.4802940189838 211.44614867866039 1271.2877306342125 170.99404585361481 309.28607198596001 2484.7428008615971 609.69935044646263 4182.012548699975 5532.7210596203804 4461.3393649682403 10052.46523667872 94.112883999943733 19186.086323305964 209.00013457238674 1344.0555573701859 772.81098578870296 2737.3296143561602 2775.3421995639801 511.2253191024065 1245.4223693609238 1135.142356723547 2083.5240832418203 11685.653911665082 23400.062370046973 2569.0832785069942 1489.4282456934452 3609.5540076941252 3092.6248290240765 434.48102037608624
leaf_count=5799 6415 32179 888 6764 1030 1738 11532 2499 18568 25998 34308 51116 508 81571 1219 5742 3261 12126 11512 2200 6870 4958 8990 52395 110619 15850 6132 16526 14221 1897
internal_value=-0.000142484 0.00202979 -0.00118024 -0.00384941 -0.0268617 -0.0147672 0.00869791 0.00629401 0.011485 0.00237642 -0.036936 -0.00877648 -0.0193131 0.0106103 0.00984825 0.00924275 0.0187226 0.00617647 0.007546 0.00365392 -0.0328936 0.00302482 0.00696265 0.00296126 -0.00772618 -0.028744 0.00536124 0.0135186 0.00262706 0.00673297
internal_weight=118025 109151 79434.3 62536.4 8873.98 4032.65 16897.9 15349.3 12864.6 27627 4841.33 34909.4 3723.36 29716.9 379.994 12254.9 4854.2 3510.14 21961.4 26355.7 1456.87 7400.68 6265.54 25844.5 33452.5 2663.2 20311.7 5098.98 15212.8 12120.1
internal_count=555431 494979 369717 295626 60452 23895 74091 67676 56144 126133 36557 169493 22157 125262 2249 53645 21129 15387 93083 119369 7758 32516 27558 117169 161735 16358 91171 22658 68513 54292
is_linear=0
shrinkage=0.05


Tree=24
num_leaves=31
num_cat=0
split_feature=10 7 38 32 33 33 33 32 10 33 33 33 33 33 32 32 33 33 33 33 33 33 32 33 33 12 33 12 33 32
split_gain=2562.69 1101.9 1015.26 638.721 475.299 979.221 550.186 400.435 386.284 360.601 318.259 419.678 563.639 431.452 408.31 1011.05 739.507 1459.2 699.018 570.885 569.649 1022.06 537.806 432.872 577.05 394.818 410.238 370.866 370.626 348.835
threshold=0.011598067529362819 -0.19997046662728887 0.065305920207694115 3.5000000000000004 -4555.4999999999991 -4112.4999999999991 -4074.4999999999995 1.5000000000000002 0.006621645158914149 -4555.4999999999991 -4963.4999999999991 -4277.4999999999991 -4355.4999999999991 -4112.4999999999991 10.500000000000002 8.5000000000000018 -2200.4999999999995 -1787.4999999999998 -3183.4999999999995 -2669.4999999999995 -2812.4999999999995 -2446.4999999999995 4.5000000000000009 -1454.4999999999998 -1144.4999999999998 3.3142857142857176 -3531.4999999999995 1.6357142857142859 -4501.4999999999991 7.5000000000000009
decision_type=8 8 10 2 2 2 2 2 10 2 2 2 2 2 2 2 2 2 2 2 2 2 2 2 2 10 2 8 2 2
left_child=8 4 3 7 -2 -6 -7 9 -1 -3 -5 12 28 -13 15 16 19 -18 25 22 -20 -22 -15 -19 29 26 -16 -14 -12 -25
right_child=1 2 -4 10 5 6 -8 -9 -10 -11 11 13 27 14 18 -17 17 23 20 -21 21 -23 -24 24 -26 -27 -28 -29 -30 -31
leaf_value=-0.03885494319614026 0.030129790129116804 0.030388772484063284 0.008322793276386074 -0.02711336459765409 -0.017168055347000038 0.058366789964828802 0.011251741211894055 -0.019301520965837177 -0.017421063700326696 -0.0073598858721119244 0.012277276215361142 -0.032189895184510035 0.063349496836279037 -0.023894722281816785 0.022759554446491505 -0.018764026712495045 0.044717013117506033 -0.016884957395755167 -0.03215214516592995 -0.025794624629666054 0.052874303088448996 -0.0042131569060206578 0.0053576045037645147 0.05583824560240909 -0.012997940049843937 -0.011216316268409838 0.072732128579871852 0.0076723445494386901 -0.018775669233999426 0.0069173401534613019
leaf_weight=3534.1997102424502 2901.0104986429214 732.09504170715809 22513.469818100333 1154.0036829710007 3166.6229383051395 640.25534901022911 19231.395543634892 9478.7405619323254 5187.4178940206766 4657.5182474851608 3582.1836730390787 1182.4607998579741 762.50998137891293 1935.2716199010611 964.50197225809097 8522.6514348387718 2572.1576977223158 2406.3241123706102 1133.4204763621092 2748.8777864575386 979.38326814770699 3930.7154379487038 8353.2948225736618 796.1001071035862 1228.4235109388828 400.35507443547249 715.2392158806324 492.12293420732021 1313.1119301170111 671.97258034348488
leaf_count=29006 11902 3089 97201 6728 14393 2609 81751 51446 31492 22129 14892 5682 3244 9373 4164 41793 10615 10962 5484 13066 4144 18346 37219 3621 5665 1743 2985 2140 6135 2994
internal_value=-2.5269e-05 0.00205844 -0.000745983 -0.00410882 0.0110565 0.0086548 0.0127698 -0.0131141 -0.0261066 -0.00223232 -0.00118825 -0.000518816 0.0116107 -0.0024543 -0.00151313 -0.00426857 0.00169595 0.0140095 0.0084031 -0.00555288 -0.000201607 0.00717368 -0.000144736 -0.0014691 0.0122878 0.0334033 0.044038 0.0415104 0.00394765 0.033446
internal_weight=117888 109166 83226.9 60713.4 25939.3 23038.3 19871.7 14868.4 8721.62 5389.61 45845.1 44691.1 6149.93 38541.1 37358.7 29235.1 20712.4 7674.98 8123.62 13037.4 6043.52 4910.1 10288.6 5102.82 2696.5 2080.1 1679.74 1254.63 4895.3 1468.07
internal_count=556013 495515 384860 287659 110655 98753 84360 76664 60498 25218 210995 204267 26411 177856 172174 135308 93515 33857 36866 59658 27974 22490 46592 23242 12280 8892 7149 5384 21027 6615
is_linear=0
shrinkage=0.05


Tree=25
num_leaves=31
num_cat=0
split_feature=10 10 32 33 33 34 32 33 33 33 32 33 33 32 33 33 32 32 32 33 43 33 10 33 34 33 26 33 33 9
split_gain=2360.3 984.419 633.61 554.07 434.562 422.829 538.567 582.375 633.581 1033.15 409.472 446.751 413.604 393.385 372.28 510.885 387.12 372.094 351.903 480.77 368.261 346.483 338.162 336.2 332.074 350.166 329.68 307.518 342.524 293.468
threshold=0.012950959771541025 0.030770089710539659 3.5000000000000004 -1695.4999999999998 -1233.9999999999998 2.8593355435749763 8.5000000000000018 -4788.4999999999991 -2200.4999999999995 -1564.4999999999998 4.5000000000000009 -2056.4999999999995 -4300.4999999999991 11.500000000000002 -1454.4999999999998 -1144.4999999999998 7.5000000000000009 10.500000000000002 5.5000000000000009 -2873.4999999999995 1.5000000000000002 -3876.4999999999995 0.017573474656356131 -3183.4999999999995 3.0130778934489566 -3636.4999999999995 0.37631120484137176 -2798.4999999999995 -2446.4999999999995 0.010805272580948818
decision_type=8 10 2 2 2 2 2 2 2 2 2 2 2 2 2 2 2 2 2 2 2 2 8 2 2 2 10 2 2 8
left_child=3 2 4 10 22 17 7 -7 18 -10 -1 12 -12 29 -11 16 -16 -4 20 -20 -9 -19 -2 -23 25 -14 -5 -25 -29 -8
right_child=1 -3 5 26 -6 6 13 8 9 14 11 -13 24 -15 15 -17 -18 21 19 -21 -22 23 -24 27 -26 -27 -28 28 -30 -31
leaf_value=-0.030724036125491367 -0.024311172252993229 0.010109345177413839 0.0058368986058903701 -0.042277889959205839 0.020641847369120229 0.042864272225729201 -0.034581072631462352 0.038058131943542975 0.04005735076998411 -0.012124789931372885 0.049158405798116735 0.034342245359339177 -0.034782693245889486 0.0054854240961748051 0.053207193890134674 -0.011740600085601495 0.0056554380117402924 -0.0077071888470942153 0.0083123935298326235 -0.021975533001980456 -0.015446743351638731 0.065223487346726602 -0.0071104113682122841 -0.029430482068608113 -0.021197492764151015 0.047934840492019681 -0.015447582022089068 0.081041040248682597 0.015346818836108601 -0.0081475169975057191
leaf_weight=1937.3814757987857 3634.2782729715109 29805.908328339458 9837.7683377563953 3490.5963979884982 1175.8996500968933 966.37288829684258 1130.1029862910509 341.47407065331936 2667.3567482978106 2498.763638228178 275.52063450217247 672.92588774859905 192.07321801781654 5501.270028591156 935.15178200602531 1136.1366045475006 789.23023873567581 540.91116587817669 7861.0668273717165 1572.2501949816942 5524.250269651413 699.29502348601818 13366.93380497396 236.77674256265163 2961.2136461362243 383.20269477367401 1703.7915180101991 277.74951280653477 694.66128239035606 14813.608508005738
leaf_count=12065 20181 125492 43408 27831 5645 3951 6139 1447 10875 11193 1272 3691 933 24254 4081 5145 3430 2380 33840 7457 25978 2831 66377 1045 17216 1885 11929 1138 3070 70014
internal_value=6.05776e-05 0.00240524 -0.000608201 -0.0213354 -0.00875415 0.00194366 -0.000268614 0.00482923 0.00325345 0.0146302 -0.0115149 -0.00321709 -0.00984735 -0.00604326 0.00197495 0.0142916 0.0314433 0.0101785 -0.00271537 0.00326431 -0.0123319 0.0276162 -0.0107873 0.0376278 -0.0144444 0.0203171 -0.0334774 0.0216687 0.034111 -0.0100211
internal_weight=117624 106007 76201.3 11616.7 18177.1 58024.2 45737 24292.1 23325.7 8026.64 6422.32 4484.94 3812.01 21445 5359.28 2860.52 1724.38 12287.2 15299 9433.32 5865.72 2449.39 17001.2 1908.48 3536.49 575.276 5194.39 1209.19 972.411 15943.7
internal_count=556193 479371 353879 76822 92203 261676 207804 107397 103446 34724 37062 24997 21306 100407 23849 12656 7511 53872 68722 41297 27425 10464 86558 8084 20034 2818 39760 5253 4208 76153
is_linear=0
shrinkage=0.05


Tree=26
num_leaves=31
num_cat=0
split_feature=10 5 9 32 33 33 33 33 7 33 34 33 32 43 33 33 33 33 32 34 33 33 33 33 33 33 33 33 33 33
split_gain=2165.49 1128.24 895.729 571.997 575.19 561.19 557.319 468.243 458.312 424.697 424.123 340.333 298.132 281.317 496.345 575.932 342.845 282.081 273.177 373.229 300.593 380.179 705.846 446.754 335.031 504.666 929.759 524.673 376.048 296.033
threshold=0.0093014614554618492 -0.17910447761194195 0.019941273834217444 4.5000000000000009 -1415.4999999999998 -4852.9999999999991 -1205.4999999999998 -4537.4999999999991 -1.0000000180025095e-35 -4852.9999999999991 3.7025350203600906 -1300.4999999999998 1.5000000000000002 1.5000000000000002 -2385.4999999999995 -1643.4999999999998 -2506.4999999999995 -2873.4999999999995 10.500000000000002 3.2430803944720448 -4681.4999999999991 -2460.4999999999995 -2341.4999999999995 -2731.4999999999995 -2219.4999999999995 -1773.9999999999998 -1928.4999999999998 -2126.4999999999995 -1233.9999999999998 -4662.4999999999991
decision_type=8 8 8 2 2 2 2 2 8 2 2 2 2 2 2 2 2 2 2 2 2 2 2 2 2 2 2 2 2 2
left_child=-1 13 3 6 -5 -4 7 9 18 12 -8 -6 -3 -2 16 -16 17 -15 20 -20 -7 23 -23 29 -24 26 27 -26 -27 -22
right_child=1 2 5 4 11 8 10 -9 -10 -11 -12 -13 -14 14 15 -17 -18 -19 19 -21 21 22 24 -25 25 28 -28 -29 -30 -31
leaf_value=-0.031732628315166503 0.031837079202616268 0.01500524074806419 -0.02180414401125582 0.00055547191466711308 -0.040099180787424693 0.016822038754240345 0.084669826937809708 -0.020556562458749379 0.018000199073013434 0.042187090555060314 -0.0025347191967385551 -0.0067935747222419435 -0.046202116207836749 0.0030360967534097272 0.041307151727536282 0.0037635687820037761 -0.021574576136918322 0.027243252538036736 0.024176489333103585 0.0031244601956333549 -0.047334173966580323 0.042640401142080224 -0.022178962799260366 -0.020779028987636641 0.023728051609776854 -0.010402678237252803 0.03641917668474598 -0.015549882202495202 0.011548740385843546 -0.00033048841837520502
leaf_weight=5155.6459597274661 2025.9585236012936 425.49732388556004 2120.6795540452003 23576.44743321836 1445.0369455963373 2857.8090783804655 236.09393827617168 11049.696121737361 5577.6925954222679 594.77708250284195 340.54073551297188 1634.7459482550621 373.65996958315372 5307.3094454854727 2444.9298474639654 1754.5706749111414 1097.294142216444 1556.3505623936653 3296.5423385202885 5826.5384303927422 341.74176156520844 1186.2518007159233 1249.5507685095072 3531.3589507639408 1327.5117634087801 5864.5433443039656 2895.0998745709658 2364.7534787207842 2923.6271090805531 16924.757620841265
leaf_count=41480 8348 1804 11215 110913 8030 11655 1163 59997 23802 2624 1683 8379 2132 22814 10176 7480 4599 6459 13698 24868 1426 5382 5942 16251 5445 26892 11857 10490 12940 76078
internal_value=-4.81068e-05 0.00140844 -0.000499955 -0.00629488 -0.00209912 0.0034446 -0.0148848 -0.0171116 0.0043979 0.0101961 0.0331698 -0.0224206 -0.0136133 0.014587 0.0117131 0.0256213 0.00437635 0.00852512 0.00289821 0.0107314 0.00117484 1.66499e-05 0.00537807 -0.00457488 0.00271928 0.00474273 0.0152056 -0.00142795 -0.00309993 -0.00126079
internal_weight=117307 112151 97965 39676.5 26656.2 58288.5 13020.3 12443.6 56167.8 1393.93 576.635 3079.78 799.157 14186.4 12160.5 4199.5 7960.95 6863.66 50590.1 9123.08 41467 38609.2 17811.3 20797.9 16625.1 15375.5 6587.37 3692.27 8788.17 17266.5
internal_count=556022 514542 454666 196725 127322 257941 69403 66557 246726 6560 2846 16409 3936 59876 51528 17656 33872 29273 222924 38566 184358 172703 78948 93755 73566 67624 27792 15935 39832 77504
is_linear=0
shrinkage=0.05


Tree=27
num_leaves=31
num_cat=0
split_feature=10 7 37 33 33 33 33 12 1 34 13 7 33 20 33 33 33 33 33 33 9 33 33 33 33 33 33 33 34 33
split_gain=2045.98 894.675 782.546 410.198 400.693 861.096 515.473 368.521 350.471 316.987 291.379 287.932 265.086 240.658 235.817 536.443 325.037 489.061 294.65 316.686 204.699 244.178 380.743 373.507 198.893 520.914 193.063 185.608 333.287 198.294
threshold=0.011598067529362819 -0.19997046662728887 0.012124677790668616 -4852.9999999999991 -4555.4999999999991 -4112.4999999999991 -4074.4999999999995 1.0000000180025095e-35 0.11104118659197794 3.8490826385811467 2.2659624294972547e-05 -0.35481632259442181 -2154.4999999999995 2.1943434181884531 -2219.4999999999995 -1773.9999999999998 -1928.4999999999998 -2154.4999999999995 -2731.4999999999995 -2781.4999999999995 0.017177120918254126 -4277.4999999999991 -4131.9999999999991 -4355.4999999999991 -4555.4999999999991 -4599.4999999999991 -4277.4999999999991 -4768.4999999999991 3.714790094103249 -3636.4999999999995
decision_type=8 8 8 2 2 2 2 10 8 2 10 10 2 10 2 2 2 2 2 2 10 2 2 2 2 2 2 2 2 2
left_child=7 4 10 -4 -2 -6 -7 -1 14 11 12 -8 -3 -13 18 16 17 -16 19 27 21 23 -23 24 25 -12 -9 28 -5 -29
right_child=1 2 3 8 5 6 9 26 -10 -11 20 13 -14 -15 15 -17 -18 -19 -20 -21 -22 22 -24 -25 -26 -27 -28 29 -30 -31
leaf_value=-0.039250664221762682 0.027411731223006552 0.0089930483690031631 -0.023874662449767308 -0.01000086827605145 -0.016669817071997932 0.05544760390050283 0.035123022168678339 0.031923613752505908 0.021692746859594273 0.00096643070502322242 -0.0027938555993977658 0.010531848553206376 -0.036640518378232088 0.052775865534785527 0.052875949577947036 -0.00029096449077427409 0.035280844757649317 -0.00032871212205416961 -0.013371406281431977 0.037130583220922948 -0.0016264575015688049 -0.044740553491365471 -0.0088767259513216762 0.060576512192293347 -0.019863202795934742 0.091159693131960484 -0.018500998054113451 -0.0044334504790943269 0.05794670414106852 0.0069317249387662308
leaf_weight=2690.9404338747263 2882.5997501313686 423.72762335836887 1198.9503885805607 332.65636152029037 3146.544381916523 644.83342792093754 1500.7683876603842 196.7656401693821 3177.391549050808 6460.9845517277718 845.36883208155632 11031.70031131804 1278.3681314438581 347.76850137114525 537.27716705203056 5798.3244158327579 2409.2742533534765 2202.6267096102238 3024.109252423048 675.1993096768856 28725.71147082746 780.09193578362465 14416.283255323768 286.11539649963379 783.76947158575058 178.71883110702038 5381.8849078044295 8012.5752236098051 394.49163107573986 7366.2827254831791
leaf_count=24008 11850 1781 6568 1343 14402 2643 6067 997 13414 27531 4023 46997 7245 1473 2201 26228 9924 9531 14155 2889 132604 4284 73040 1213 4080 738 35253 35362 1595 33055
internal_value=-7.70061e-05 0.00174431 -0.000795713 0.0048679 0.00983321 0.00764271 0.0114704 -0.0240532 0.00588354 0.0100042 -0.00496515 0.0145377 -0.0252803 0.0118229 0.00425013 0.0101392 0.0218843 0.0101044 0.000994899 0.00358382 -0.00421371 -0.00851211 -0.0107178 0.00749476 -0.000906076 0.0136025 -0.0167225 0.00217747 0.026862 0.00101033
internal_weight=117132 108863 82847.3 35129.2 26015.2 23132.6 19986.1 8269.59 33930.2 19341.2 47718.2 12880.2 1702.1 11379.5 30752.8 10947.5 5149.18 2739.9 19805.3 16781.2 46016.1 17290.3 15196.4 2093.97 1807.86 1024.09 5578.65 16106 727.148 15378.9
internal_count=556494 496236 385273 156265 110963 99113 84711 60258 149697 82068 229008 54537 9026 48470 136283 47884 21656 11732 88399 74244 219982 87378 77324 10054 8841 4761 36250 71355 2938 68417
is_linear=0
shrinkage=0.05


Tree=28
num_leaves=31
num_cat=0
split_feature=9 5 38 33 32 33 32 33 7 33 5 33 33 33 33 33 33 34 33 34 13 32 33 33 32 26 5 33 33 43
split_gain=1741.82 899.634 746.212 639.339 584.601 694.205 413.345 356.547 354.547 345.508 317.17 312.368 791.651 463.353 638.847 669.262 484.37 360.695 359.503 306.103 304.33 279.066 278.298 318.622 418.799 277.172 266.356 387.637 580.945 310.644
threshold=0.012817878818976317 -0.081300813008129899 -0.11743769176832823 -1643.4999999999998 4.5000000000000009 -1233.9999999999998 4.5000000000000009 -4963.4999999999991 -0.043855227787210009 -885.49999999999989 0.25615599670937289 -1787.4999999999998 -2070.4999999999995 -2605.4999999999995 -2219.4999999999995 -2126.4999999999995 -2798.4999999999995 2.947063657109513 -1695.4999999999998 3.6359395802851089 0.017730990911475179 11.500000000000002 -1233.9999999999998 -1429.9999999999998 5.5000000000000009 0.54002967359050458 -0.087704918032788279 -2639.4999999999995 -1631.4999999999998 1.5000000000000002
decision_type=8 8 8 2 2 2 2 2 8 2 8 2 2 2 2 2 2 2 2 2 10 2 2 2 2 10 10 2 2 2
left_child=1 22 -2 6 5 10 -3 -6 11 19 26 12 13 16 -15 25 -9 -14 -13 -7 -20 -18 23 24 -1 -16 27 29 -29 -4
right_child=2 3 4 -5 7 9 -8 8 -10 -11 -12 18 17 14 15 -17 21 -19 20 -21 -22 -23 -24 -25 -26 -27 -28 28 -30 -31
leaf_value=-0.014410099238685865 0.015455477252539797 -0.027653423901613652 0.017519728839797695 -0.033601810237339928 -0.02456820890917677 0.070784780468632888 -0.0051117006196329104 0.0037168178873073655 0.011663932220167379 -0.029929497506901312 0.0054759206146793903 -0.024583527895513217 0.060348759068839956 -0.020539172546965679 0.004160158873548851 -0.01761022249826737 0.015351324102231249 0.019490859088086399 -0.033549773721128009 0.019662955818561124 0.0019624392187517679 0.058114566730944187 0.041821169385724694 -0.034126512465465393 0.017999960720255174 0.04916006615231612 -0.013392620700579333 0.028695871524163464 -0.024756347621458341 -0.018533795605851531
leaf_weight=1616.8575616627932 10241.947390750051 2929.1658309698105 747.27350860834122 5333.4906057268381 1080.2772462517023 458.17434348911047 6652.0432680994272 23935.078867197037 13129.389174833894 218.70844184607267 4196.4394343346357 1958.0405021309853 719.11857652664185 4444.8566983938217 536.99499928951263 1182.8972564190626 972.31779105961323 2170.6660923212767 654.12938797473907 811.3350128531456 7763.1593598723412 627.8679995238781 452.7635088339448 574.36074539273977 2598.9114118367434 943.26765762269497 14240.668956615031 1848.251170694828 701.17267695069313 2980.0968651473522
leaf_count=8385 42927 18118 3274 41850 6545 2139 35196 104600 56398 1107 18964 8963 2964 20478 2226 5256 4259 9037 3215 3711 34434 2550 2432 3239 12090 3867 71434 8146 3352 14763
internal_value=-9.55854e-05 -0.0134641 0.00269513 -0.0197268 0.00118111 -0.00505162 -0.0120032 0.00389761 0.00441847 0.0281136 -0.00704876 0.00234634 0.00457499 0.00235446 -0.00893634 0.010429 0.00549738 0.0296583 -0.00528626 0.0381132 -0.000797307 0.0321304 0.00435168 0.000810061 0.00556986 0.0328354 -0.00961043 -0.00102947 0.0139948 -0.0113057
internal_weight=116720 20157.6 96562.1 14914.7 86320.2 26202.1 9581.21 60118.1 59037.8 1488.22 24713.9 45908.4 35533.1 32643.3 7108.02 2663.16 25535.3 2889.78 10375.3 1269.51 8417.29 1600.19 5242.89 4790.13 4215.77 1480.26 20517.5 6276.79 2549.42 3727.37
internal_count=555919 121310 434609 95164 391682 126890 53314 264792 258247 6957 119933 201849 155237 143236 31827 11349 111409 12001 46612 5850 37649 6809 26146 23714 20475 6093 100969 29535 11498 18037
is_linear=0
shrinkage=0.05


Tree=29
num_leaves=31
num_cat=0
split_feature=13 7 38 33 32 5 33 33 33 32 33 33 43 33 33 12 33 12 33 33 33 33 5 33 33 33 32 33 32 28
split_gain=1374.48 911.66 925.048 849.033 494.36 397.008 380.858 899.489 473.982 351.624 301.566 353.442 385.713 297.008 1003.08 477.206 454.021 333.425 315.874 407.563 343.494 293.849 287.42 276.192 412.697 836.798 369.076 297.78 357.225 276.166
threshold=2.2659624294972547e-05 -0.1866571768024344 0.026458540516609789 -2154.4999999999995 3.5000000000000004 -0.222857142857143 -4555.4999999999991 -4112.4999999999991 -4074.4999999999995 1.5000000000000002 -4221.4999999999991 -2748.4999999999995 3.5000000000000004 -3636.4999999999995 -3466.4999999999995 1.8500000000000008 -3516.4999999999995 1.0357142857142871 -2219.4999999999995 -2154.4999999999995 -2731.4999999999995 -2781.4999999999995 -0.067370323071488589 -3998.4999999999995 -2219.4999999999995 -1773.9999999999998 10.500000000000002 -1454.4999999999998 5.5000000000000009 -0.048536259513416349
decision_type=8 8 10 2 2 10 2 2 2 2 2 2 2 2 2 10 2 10 2 2 2 2 8 2 2 2 2 2 2 8
left_child=3 6 4 29 9 -5 -2 -8 -9 10 -3 -12 -13 15 16 -4 -15 -18 20 -20 21 -16 23 -6 26 -26 -25 -27 -29 -1
right_child=1 2 13 5 22 -7 7 8 -10 -11 11 12 -14 14 18 -17 17 -19 19 -21 -22 -23 -24 24 25 27 -28 28 -30 -31
leaf_value=-0.018990614489138202 0.025034702670667364 0.028304973175873046 -0.013734914632421023 0.036236026400994929 0.020010408638209149 -0.035943823667869801 -0.016490717629538784 0.051355972350180905 0.0092811277256161732 -0.021311593077105534 -0.028170158688024333 0.040269500597612494 -0.0093192945965592591 0.021122047366864152 0.00049511267645494233 0.0085772042981720718 0.091826915837980264 0.030846651774119743 0.051979714022148953 0.0077136484393169752 -0.01607314533851047 0.035172329931116506 -0.006130527133375507 -0.014850331582855751 0.056572811024841733 -0.018292959480629086 0.013689260136525072 0.098469977388625743 0.0076338088768988337 0.035453724949149022
leaf_weight=352.14284785091877 3235.4839098602533 646.88934338092804 4836.6249084919691 198.90775689482689 2065.1133773177862 4509.7234832942486 3559.4072493165731 691.1238959133625 21251.405012965202 7568.1963302120566 1394.515904776752 550.06493081152439 1365.8127698227763 1424.5667702704668 5856.9930351302028 4749.8600986897945 533.08487242460251 386.8164628893137 543.22575490176678 12155.275492124259 3110.0096925497055 682.04954653978348 24751.704105854034 4608.5483161360025 858.10311934351921 1217.6588428318501 1502.0314007103443 120.93423035740852 1030.6399135887623 687.95307120680809
leaf_count=1474 13346 2754 21391 969 9042 36072 16504 2856 91113 43646 7362 2911 6715 6250 26680 20833 2255 1645 2236 53349 14575 2909 122156 22266 3685 5724 6784 558 5002 2935
internal_value=-2.62711e-05 0.00121167 -0.0014752 -0.0238637 -0.00597918 -0.0328947 0.00887458 0.00682431 0.0106064 -0.0149965 -0.00291895 -0.00902047 0.00491807 0.00478968 0.00768965 -0.00267983 0.0388034 0.0661849 0.00442553 0.00960729 -0.00239386 0.00411209 -0.00310463 0.00346345 -0.00019597 0.0142677 -0.00783506 -0.00105455 0.0171731 0.0170206
internal_weight=116445 110696 81958.7 5748.73 47680.2 4708.63 28737.4 25501.9 21942.5 11525.5 3957.28 3310.39 1915.88 34278.5 24692 9586.49 2344.47 919.901 22347.6 12698.5 9649.05 6539.04 36154.7 11403 9337.92 3227.34 6110.58 2369.23 1151.57 1040.1
internal_count=555997 514547 390728 41450 238605 37041 123819 110473 93969 63388 19742 16988 9626 152123 109899 42224 10150 3900 99749 55585 44164 29589 175217 53061 44019 14969 29050 11284 5560 4409
is_linear=0
shrinkage=0.05


Tree=30
num_leaves=31
num_cat=0
split_feature=10 5 9 33 29 33 33 43 33 33 33 43 33 34 33 13 33 33 33 33 33 33 33 33 33 34 33 43 5 33
split_gain=1605.79 876.382 832.553 478.087 445.761 371.309 730.763 676.416 481.864 572.19 478.095 413.298 318.343 408.118 313.933 287.923 285.897 480.227 340.337 294.69 406.389 291.871 286.841 1051.21 381.674 496.804 267.539 260.825 246.878 238.69
threshold=0.0093014614554618492 -0.11224489795918373 0.018811650507379058 -4852.9999999999991 0.23973571030664362 -2385.4999999999995 -1822.4999999999998 1.5000000000000002 -4537.4999999999991 -4399.4999999999991 -2527.4999999999995 1.5000000000000002 -1233.9999999999998 3.5849058807634155 -2959.4999999999995 0.018172860512561718 -4257.4999999999991 -4149.4999999999991 -4355.4999999999991 -4537.4999999999991 -4599.4999999999991 -4555.4999999999991 -3433.4999999999995 -3673.4999999999995 -3531.4999999999995 4.0046017712347277 -1144.4999999999998 3.5000000000000004 -0.18861209964412692 -3283.4999999999995
decision_type=8 8 8 2 8 2 2 2 2 2 2 2 2 2 2 10 2 2 2 2 2 2 2 2 2 2 2 2 10 2
left_child=28 5 16 -4 -5 7 11 -2 -9 -10 14 -7 15 -14 29 -8 18 -18 19 20 -3 -22 23 -19 -25 -26 -15 -17 -1 -11
right_child=1 2 3 4 -6 6 12 8 9 10 -12 -13 13 26 -16 27 17 22 -20 -21 21 -23 -24 24 25 -27 -28 -29 -30 -31
leaf_value=0.045653655018901076 0.029094799256769506 -0.0038541227363870553 -0.021131366149581304 0.0019499697529577376 0.019408341990847195 -0.0067638172379552337 -0.038594267864821098 0.039287456393549948 -0.034807668454986923 0.0046854435493642486 -0.02244166616243562 0.041336070423671094 0.06010080053145779 0.055359847105837683 0.01830622393002013 0.012503874568482912 -0.046426988165244133 -0.016475040556636202 0.0387898585844813 -0.023263197149511267 0.078020095992366992 0.0002171179910537682 -0.011705376975641488 0.012692558421167588 0.091783187632214075 0.010810794620241886 -0.010691414353897073 -0.016404579040981113 -0.030239994040668006 -0.015823731646796357
leaf_weight=109.68636928498745 2477.8863274306059 1466.368377789855 2088.5387350469828 48698.046259149909 3953.0362627357244 520.55816866457462 462.29704387485981 778.71743832528591 1157.9353065043688 6584.5123322606087 1766.8474202305079 3143.2096436619759 543.2649639993906 199.92754493653774 3384.1790639013052 2456.5839066952467 870.46172989904881 3649.4737559109926 619.80190336704254 1051.3505173772573 312.51097430288792 196.23375041782856 18922.917076535523 1768.2716562151909 416.80600741505623 347.24955442547798 657.4608421176672 1143.4386422932148 4642.871240504086 1808.2488566786051
leaf_count=678 10481 6936 11367 216237 16606 2180 2253 3155 5435 29304 7697 13419 2394 904 14497 10521 4751 18631 2703 5558 1293 919 98856 8334 1861 1716 2858 5072 40663 8572
internal_value=-2.52768e-05 0.00118852 -0.00132382 0.00233008 0.00326074 0.00901362 0.0172256 0.00484015 0.000957819 -0.00107242 0.0018118 0.0345019 0.00563916 0.0261945 0.00545045 -0.00144815 -0.00807614 -0.00991656 0.00503458 -0.0018783 0.00950486 0.0480098 -0.00865062 0.000700199 0.0254524 0.0549827 0.00471055 0.00332198 -0.0284884 0.000266672
internal_weight=116199 111446 84361.1 54739.6 52651.1 27085.1 9126.74 17958.3 15480.4 14701.7 13543.8 3663.77 5462.97 1400.65 11776.9 4062.32 29621.4 25975.2 3646.27 3026.46 1975.11 508.745 25104.7 6181.8 2532.33 764.056 857.388 3600.02 4752.56 8392.76
internal_count=555851 514510 395768 244210 232843 118742 39601 79141 68660 65505 60070 15599 24002 6156 52373 17846 151558 134149 17409 14706 9148 2212 129398 30542 11911 3577 3762 15593 41341 37876
is_linear=0
shrinkage=0.05


Tree=31
num_leaves=31
num_cat=0
split_feature=9 5 38 32 33 33 32 32 34 33 12 13 33 33 33 33 34 34 33 34 33 34 33 32 33 7 9 32 33 33
split_gain=1386.02 706.524 626.246 542.792 640.257 504.463 316.406 602.72 606.159 493.706 778.29 493.734 434.075 1004.27 522.409 478.259 642.229 500.059 354.785 322.506 309.655 293.415 278.825 276.585 370.877 273.722 266.018 324.09 329.738 259.077
threshold=0.012057027698869223 -0.064516129032257605 -0.13562197175635229 4.5000000000000009 -1233.9999999999998 -1631.4999999999998 8.5000000000000018 10.500000000000002 2.8931418480839728 -4300.4999999999991 1.5214285714285734 0.066475978889164386 -2200.4999999999995 -1787.4999999999998 -2893.4999999999995 -3636.4999999999995 3.614962865446246 2.844909405997881 -4700.4999999999991 2.5055176070587919 -885.49999999999989 3.6467536778901413 -4662.4999999999991 7.5000000000000009 -3998.4999999999995 -0.13953488372093018 0.031955274397959116 1.5000000000000002 -4555.4999999999991 -3283.4999999999995
decision_type=8 8 8 2 2 2 2 2 2 2 8 8 2 2 2 2 2 2 2 2 2 2 2 2 2 10 8 2 2 2
left_child=1 -1 -2 4 26 -3 12 9 -9 10 -8 -11 14 19 15 16 23 29 -18 -14 21 -6 -12 -5 -25 -16 27 28 -4 -17
right_child=2 5 3 6 20 -7 7 8 -10 11 22 -13 13 -15 25 17 18 -19 -20 -21 -22 -23 -24 24 -26 -27 -28 -29 -30 -31
leaf_value=0.0018441930130602036 0.016001093230223234 -0.011968034869142918 0.029602972290476884 -0.015951303122222572 0.065082820698084562 -0.033256620943083272 0.046283985900749842 0.025542748607731171 0.001899758691171288 -0.014157151465991686 -0.026626364985274448 0.01693186178620508 0.068851354838364742 0.0021682046934686093 9.8455934101355434e-05 0.069495899417051921 0.036180279087670235 0.010238665511974922 0.0054410167652990359 0.028197054535358992 -0.027945082700619135 0.017018819546336567 0.015053732804552697 0.037008807377855509 -0.020842979655735418 -0.025730686432248115 0.0023392814126420654 -0.01377504272552757 -0.0044889636003892864 0.02576552218200669
leaf_weight=5355.4843595251441 7557.9473973959684 7331.3825776278973 815.74364033341408 4673.7766133844852 511.41920953243971 4485.2046096846461 1051.4459729641676 3428.3308945298195 12955.596044830978 11788.442135885358 939.50093834102154 1432.2436826229095 555.84511072933674 6146.0994805470109 2016.6490449458361 593.87364612519741 1336.9809833019972 4576.6831445842981 3150.9107824265957 3986.4203071445227 226.44863328337669 837.53585066646338 700.36555825173855 632.25967793166637 493.09424714744091 2087.4586488157511 6253.934338375926 13724.974319212139 5433.4245778992772 788.21139058470726
leaf_count=27799 31392 42266 3359 19969 2331 38338 4413 14382 57430 55423 4954 6077 2330 26896 8858 2548 5413 20105 13689 16541 1171 3818 2916 2592 2114 9881 27854 71840 25341 3374
internal_value=-0.000110552 -0.0132208 0.0021705 0.00102355 -0.00480026 -0.0200485 0.00358018 0.000115619 0.00684705 -0.00681545 0.0127049 -0.0107892 0.00718512 0.015344 0.00289985 0.0069264 0.000397131 0.0181983 0.0145985 0.033172 0.0261586 0.035241 -0.00882534 -0.0105932 0.01166 -0.0130389 -0.00665983 -0.00947746 -3.87266e-05 0.0445562
internal_weight=115868 17172.1 98695.6 91137.7 27803.5 11816.6 63334.2 32295.9 16383.9 15912 2691.31 13220.7 31038.3 10688.4 20349.9 16245.8 10287 5958.77 4487.89 4542.27 1575.4 1348.96 1639.87 5799.13 1125.35 4104.11 26228.1 19974.1 6249.17 1382.09
internal_count=555414 108403 447011 415619 135714 80604 279905 145595 71812 73783 12283 61500 134310 45767 88543 69804 43777 26027 19102 18871 7320 6149 7870 24675 4706 18739 128394 100540 28700 5922
is_linear=0
shrinkage=0.05


Tree=32
num_leaves=31
num_cat=0
split_feature=10 5 9 33 8 32 33 33 33 33 33 32 33 32 33 33 38 33 33 33 33 33 33 33 33 28 33 33 33 43
split_gain=1457.45 726.336 660.885 408.626 396.637 369.964 591.802 519.097 413.518 452.764 408.122 356.702 424.821 519.858 553.953 457.353 291.457 289.049 650.405 459.811 379.45 333.695 285.163 644.542 259.479 282.626 256.778 251.655 494.133 370.38
threshold=0.0093014614554618492 -0.13659928189802525 0.019827220892766735 -4852.9999999999991 0.3535812943962115 5.5000000000000009 -1205.4999999999998 -1415.4999999999998 -4537.4999999999991 -4852.9999999999991 -1144.4999999999998 8.5000000000000018 -4277.4999999999991 10.500000000000002 -3908.4999999999995 -4599.4999999999991 -0.17552499279871794 -3183.4999999999995 -2812.4999999999995 -2446.4999999999995 -3531.4999999999995 -2056.4999999999995 -2219.4999999999995 -2605.4999999999995 -4380.4999999999991 0.014647499658837652 -4555.4999999999991 -2385.4999999999995 -1760.4999999999998 1.5000000000000002
decision_type=8 8 8 2 8 2 2 2 2 2 2 2 2 2 2 2 10 2 2 2 2 2 2 2 2 10 2 2 2 2
left_child=-1 16 5 -4 26 6 8 11 9 -3 -8 22 15 -14 -15 -13 -2 20 -19 -20 -16 -21 23 24 -7 -26 -5 -18 29 -29
right_child=1 2 3 4 -6 7 10 -9 -10 -11 -12 12 13 14 17 -17 27 18 19 21 -22 -23 -24 -25 25 -27 -28 28 -30 -31
leaf_value=-0.027855183969716438 0.024515929360325782 -0.017795683330309606 -0.01970609825592157 0.013417614338695425 0.010447946255823772 -0.025566556659825254 0.071187379059961045 -0.023532378691078978 -0.018568173196167541 0.040632402762962691 -0.0067738627918881317 -0.005309329571845935 -0.021769942300509434 -0.044308585222804467 0.00292492911782837 0.05683949969637693 0.0028643580002559827 -0.036602602401085073 0.053860395735309791 -0.027733070225198227 0.058723839592880661 0.02261616730926647 0.022025716412448638 -0.03787488242725201 0.024872975318737792 0.0012382123250664371 -0.00068151118526686542 -0.0187221069084566 0.0034501820104115392 0.038435693119607137
leaf_weight=4565.6299782916903 2703.5559069663286 673.84642292559147 2008.9584268182516 3560.9225282073021 14078.046300947666 512.5541907697916 340.34197231382132 2560.5715859010816 11205.006814040244 652.74976240098476 331.25967845320702 674.87741878628731 4478.9946923404932 559.72367772459984 651.1509658396244 527.32451741397381 12623.325530201197 847.43543577194214 565.43110546469688 596.66182586550713 572.60701268911362 733.80038875341415 2503.1661493182182 870.52928267419338 2277.4551215618849 2844.9369470477104 34680.344319045544 322.47054006159306 3815.5469799637794 2340.7068318873644
leaf_count=41256 11078 3464 11062 14555 59625 2273 1628 14591 62713 2827 1672 3124 23121 2912 2972 2198 55379 4329 2481 2963 2478 3532 11175 4587 10398 12846 156561 1349 16560 9989
internal_value=-0.000168358 0.00096928 -0.00102824 0.00242308 0.0032728 -0.00638851 -0.0129924 -0.00238468 -0.015443 0.0109538 0.0327339 0.000433205 -0.00596625 -0.009693 0.00225637 0.0219512 0.00915047 0.00882631 -0.000187914 0.0160889 0.0290337 3.64445e-05 0.00768466 0.00216653 0.00835243 0.0117464 0.000631361 0.00697577 0.0149865 0.0315147
internal_weight=115680 111114 89308.7 54328.3 52319.3 34980.4 13203.2 21777.2 12531.6 1326.6 671.602 19216.6 10208 9005.81 4526.81 1202.2 21805.6 3967.09 2743.33 1895.89 1223.76 1330.46 9008.64 6505.48 5634.95 5122.39 38241.3 19102 6478.72 2663.18
internal_count=555698 514442 420087 241803 230741 178284 72304 105980 69004 6291 3300 91389 50110 44788 21667 5322 94355 18755 13305 8976 5450 6495 41279 30104 25517 23244 171116 83277 27898 11338
is_linear=0
shrinkage=0.05


Tree=33
num_leaves=31
num_cat=0
split_feature=10 10 5 0 33 33 33 33 33 13 28 32 5 32 33 43 32 33 33 33 33 33 33 33 32 33 5 33 32 33
split_gain=1293.21 561.057 508.593 442.47 314.384 570.054 635.723 1207.3 675.025 451.014 374.913 368.424 342.758 288.863 276.123 275.938 288.558 375.692 677.817 252.99 498.473 360.365 346.146 374.757 842.101 378.386 360.981 262.193 231.861 433.272
threshold=0.016175907577122211 0.006621645158914149 -0.255096160630983 0.085039000937617862 -4852.9999999999991 -4555.4999999999991 -3673.4999999999995 -3466.4999999999995 -3547.4999999999995 0.033277876817195177 0.031505702851889708 1.5000000000000002 -0.099678456591640194 3.5000000000000004 -3998.4999999999995 1.5000000000000002 5.5000000000000009 -4300.4999999999991 -4380.4999999999991 -2385.4999999999995 -2341.4999999999995 -2731.4999999999995 -2219.4999999999995 -1787.4999999999998 1.5000000000000002 -1695.4999999999998 -0.02785336087951756 -2781.4999999999995 7.5000000000000009 -3908.4999999999995
decision_type=8 10 8 10 2 2 2 2 2 8 10 2 8 2 2 2 2 2 2 2 2 2 2 2 2 2 10 2 2 2
left_child=1 -1 -2 4 11 10 15 8 -8 12 -6 -4 -9 -3 -15 -7 -17 18 -18 21 -21 27 -22 24 -24 -25 -26 -11 -19 -30
right_child=2 13 3 -5 5 6 7 9 -10 19 -12 -13 -14 14 -16 16 17 28 -20 20 22 -23 23 25 26 -27 -28 -29 29 -31
leaf_value=-0.031895947296001106 0.017420389697985126 -0.019442584336465011 0.016633841876172603 0.024961094078644035 0.027355889346251716 0.038839284595734797 0.010287850737138261 0.0052988219109051382 0.049925512038106655 0.0023035430219944487 0.0039072222446587023 -0.024149690593873941 -0.0087986397548381872 0.01585958742445736 -0.0069982692291714072 -0.015987465202766459 -0.023186990342630994 0.0056412401817797818 0.032166513281049101 0.044132708736832921 -0.021459541754847121 -0.011925844329272753 -0.038803978423808033 -0.016171886971441573 0.041731182644624956 0.0066547587070326574 0.015038477686441676 0.031691445317128135 -0.022715506489577555 0.010240763093885977
leaf_weight=2862.3369577825069 5337.1297365128994 4254.0550651326776 722.08140076696873 1970.3867566585541 3352.7220175713301 309.7626164406538 2371.3501638621092 5990.8187433034182 1963.4275191873312 7458.0978856831789 3467.7998791337013 2375.4864414334297 15383.147000163794 1481.2844969406724 12225.908839374781 7724.5191492438316 829.57547654211521 2011.4721672832966 1659.121582865715 906.3415530025959 1069.0377705991268 4791.4298061281443 627.98666819930077 2268.6355359554291 1690.5751033872366 9088.7571683377028 5050.4940901100636 844.95476332306862 3915.5050685554743 1338.1232644617558
leaf_count=28927 22053 26844 2982 8327 13743 1321 10275 26976 8158 33179 14138 13372 74881 6862 66517 38016 3763 8471 6876 3959 5162 21678 2738 10109 7203 40319 21382 3485 18153 5590
internal_value=-5.73337e-05 -0.0113369 0.00242768 0.00153043 0.00100106 0.00157715 0.000354412 0.00283367 0.0282416 0.000837339 0.0154337 -0.0146425 -0.00484732 -0.00806055 -0.00452811 -0.00793924 -0.00876828 -0.00305105 0.0137151 0.00443252 0.00787306 -0.00100683 0.0062129 0.00779264 0.0165738 0.00209514 0.0217327 0.00529418 -0.00879438 -0.0143214
internal_weight=115342 20823.6 94518.7 89181.6 87211.2 84113.7 77293.1 59505.1 4334.78 55170.3 6820.52 3097.57 21374 17961.2 13707.2 17788.1 17478.3 9753.8 2488.7 33796.3 20701.8 13094.5 19795.5 18726.4 7369.06 11357.4 6741.07 8303.05 7265.1 5253.63
internal_count=555459 129150 426309 404256 395929 379575 351694 269504 18433 251071 27881 16354 101857 100223 73379 82190 80869 42853 10639 149214 90872 58342 86913 81751 31323 50428 28585 36664 32214 23743
is_linear=0
shrinkage=0.05


Tree=34
num_leaves=31
num_cat=0
split_feature=10 38 32 12 32 0 33 33 32 33 33 32 33 32 33 34 33 33 13 34 33 32 33 34 34 32 33 33 34 32
split_gain=1188.71 571.701 540.99 383.843 391.399 357.11 348.645 391.224 346.871 878.541 1424.49 508.373 483.05 516.64 701.027 463.582 414.41 609.32 510.139 433.68 363.638 454.438 348.282 709.581 620.802 342.558 325.876 311.76 297.957 511.847
threshold=0.011598067529362819 -0.10149329230342745 3.5000000000000004 4.6357142857142906 1.5000000000000002 0.085039000937617862 -4555.4999999999991 -3841.4999999999995 8.5000000000000018 -2200.4999999999995 -1787.4999999999998 11.500000000000002 -4788.4999999999991 5.5000000000000009 -2873.4999999999995 2.5297127291328443 -3231.9999999999995 -3547.4999999999995 0.055268541968887093 3.8722415940098038 -1454.4999999999998 5.5000000000000009 -3636.4999999999995 4.1658894284560182 2.9919744375331603 6.5000000000000009 -1415.4999999999998 -4131.9999999999991 3.2939815763060616 9.5000000000000018
decision_type=8 8 2 8 2 10 2 2 2 2 2 2 2 2 2 2 2 2 8 2 2 2 2 2 2 2 2 2 2 2
left_child=-1 -2 3 4 6 8 -3 -8 9 12 15 16 -4 -14 22 -11 17 28 -18 -19 -12 -22 23 -15 -24 -26 -23 -6 29 -10
right_child=1 2 5 -5 27 -7 7 -9 11 10 20 -13 13 14 -16 -17 18 19 -20 -21 21 26 24 -25 25 -27 -28 -29 -30 -31
leaf_value=-0.019235355709725743 0.010782800918655178 0.025706495861342316 0.033210090389313725 0.0077877120256293108 -0.033005219787495842 0.02586940004048684 -0.037242163091701634 -0.0010995089328649889 0.03395176905336468 0.069534161849379827 -0.011327698349257512 0.0081844208755940794 -0.013329815892269571 -0.0090317401259330573 -0.020463990288211147 0.028249140064101147 -0.015984393697440352 0.059458304351478898 0.0070902477558077229 -0.0090130992631867295 0.041263708720151171 0.022702011838795444 0.042734911268378223 0.023680904156129386 0.032749193627206345 -0.002715140147622586 -0.010716775844348192 -0.011766628270425659 -0.010399454562133224 -0.0064985627351049876
leaf_weight=7544.9342512413859 13835.662847086787 1027.3839837312698 997.14740553498268 3717.6346706598997 2172.6289490610361 1536.2490072399378 851.83152292668819 6186.0792512148619 1276.2626578807831 788.76475377380848 3387.992078974843 8519.6973261684179 7316.8813037872314 5529.1203166544437 2708.4858660250902 4929.1174877136946 11668.415356934071 730.75480028986931 3014.0123140960932 338.31932705640793 943.32600232958794 1159.1089088469744 1656.3137527555227 2367.545825958252 899.58372858166695 2801.1674517989159 1968.0581732690334 8440.3592740818858 4751.7014883458614 2019.5972189158201
leaf_count=60393 59033 4244 4048 18264 12665 6404 4139 28782 5592 3416 15278 37191 34813 23430 12865 20757 57182 3033 12871 1504 4029 5091 6988 10044 3976 12132 8870 46185 22923 9450
internal_value=-5.06341e-05 0.00129536 -0.000105491 -0.00688456 -0.00980486 0.00202364 -0.00150215 -0.00547402 0.0014986 0.00477353 0.015168 -0.00229655 -0.000868265 -0.00232799 0.00271511 0.0339443 -0.00604858 0.00232453 -0.0112476 0.0377898 0.000773594 0.0108459 0.00745191 0.00077603 0.0172926 0.00590558 0.00167016 -0.0161145 -0.00238684 0.0091651
internal_weight=115084 107539 93703.5 22395.9 18678.3 71307.6 8065.29 7037.91 69771.4 37452.6 13176.4 32318.8 24276.2 23279.1 15962.2 5717.88 23799.1 9116.64 14682.4 1069.07 7458.49 4070.49 13253.7 7896.67 5357.06 3700.75 3127.17 10613 8047.56 3295.86
internal_count=555592 495199 436166 114279 96015 321887 37165 32921 315483 165737 57441 149746 108296 104248 69435 24173 112555 42502 70053 4537 33268 17990 56570 33474 23096 16108 13961 58850 37965 15042
is_linear=0
shrinkage=0.05


Tree=35
num_leaves=31
num_cat=0
split_feature=9 5 3 33 0 32 8 32 33 26 32 12 33 33 12 33 33 33 33 33 26 33 32 33 33 12 33 32 33 33
split_gain=1031.19 654.685 517.647 449.797 381.812 355.472 334.756 326.808 294.794 285.294 254.587 283.99 326.15 281.069 249.677 247.746 243.07 1367.72 458.44 463.152 564.039 333.977 553.747 388.796 742.006 633.891 606.882 515.625 470.481 580.365
threshold=0.012566617638355799 -0.081300813008129899 -0.1203907349538421 -1643.4999999999998 0.085039000937617862 3.5000000000000004 0.079628572740571571 4.5000000000000009 -1248.4999999999998 0.33135211516382584 1.5000000000000002 2.8571428571428599 -4131.9999999999991 -3451.4999999999995 0.39999999999999991 -4963.4999999999991 -1760.4999999999998 -2070.4999999999995 -2584.4999999999995 -2219.4999999999995 0.58732549244597443 -2798.4999999999995 10.500000000000002 -3231.9999999999995 -3636.4999999999995 0.60714285714285765 -2975.4999999999995 10.500000000000002 -4501.4999999999991 -4399.4999999999991
decision_type=8 8 8 2 10 2 10 2 2 10 2 8 2 2 10 2 2 2 2 2 10 2 2 2 2 10 2 2 2 2
left_child=1 6 -2 7 5 10 8 -3 -1 -5 -4 12 -12 -13 -9 -7 17 18 21 -20 -21 23 -23 24 28 -26 -25 -27 -17 -30
right_child=2 3 4 9 -6 15 -8 14 -10 -11 11 13 -14 -15 -16 16 -18 -19 19 20 -22 22 -24 26 25 27 -28 -29 29 -31
leaf_value=-0.0048527118357331285 0.017068888215611311 -0.024801071439177286 0.0015992185051241069 -0.03873602325864324 0.022952126297934264 -0.023286143755912238 0.039204280384224986 0.014034258645779835 0.03672041484249379 -0.013243179322584276 -0.033143966804189545 0.023650214827076584 -0.0094393573292417838 -0.0071906005554918931 -0.0093597762807608419 0.011665504122983686 -0.0032778550202785988 0.02686582217542164 -0.018224089359566282 -0.014790407840838682 0.02523573199970628 0.001188366135022126 0.044129935500566618 -0.022031373057512002 0.043793323874450146 0.00021088270434043308 0.0051699049062576222 0.038071414791487283 -0.031677354661154032 -0.00067826193766230456
leaf_weight=3785.8245692849159 5443.938992202282 2581.6858590617776 8614.5625369846821 2903.5583432167768 1973.1312303692102 921.58546784520149 618.00348995625973 1512.8299860358238 480.54163410514593 1764.3695772588253 1826.1893917918205 1087.3744201958179 7064.5050325840712 2304.2629806697369 4634.564368262887 6741.6514770835638 13168.390933431685 5972.3783847987652 5261.5376101136208 1761.8248490989208 1758.8164030015469 1745.5530146807432 1317.3217715919018 3723.1596790254116 1952.7419181913137 3507.3838949725032 4564.3309977501631 1209.374265268445 1709.3829081654549 12937.229702323675
leaf_count=19375 23373 17192 38834 27178 8300 5981 2822 7559 2598 14271 10459 5735 37680 11623 26009 27700 59145 25187 24370 7863 7337 7971 5417 17895 8360 15753 20000 4981 8194 56727
internal_value=3.029e-05 -0.0108587 0.00209172 -0.0165719 0.00119694 0.000715432 0.00481179 -0.00987224 -0.000170128 -0.0291003 -0.00499057 -0.0096125 -0.0143084 0.00269711 -0.00360267 0.00246244 0.00281487 0.00429617 0.00149904 -0.0088315 0.00520556 0.00380122 0.0196572 0.00246501 0.00527556 0.0198365 -0.00705028 0.0099183 0.000735039 -0.00429612
internal_weight=114848 18281.4 96566.6 13397 91122.7 89149.6 4884.37 8729.08 4266.37 4667.93 20896.9 12282.3 8890.69 3391.64 6147.39 68252.7 67331.1 54162.7 48190.3 8782.18 3520.64 39408.1 3062.87 36345.3 28057.8 6669.5 8287.49 4716.76 21388.3 14646.6
internal_count=555889 117004 438885 92209 415512 407212 24795 50760 21973 41449 104331 65497 48139 17358 33568 302881 296900 237755 212568 39570 15200 172998 13388 159610 121715 29094 37895 20734 92621 64921
is_linear=0
shrinkage=0.05


Tree=36
num_leaves=31
num_cat=0
split_feature=10 5 8 33 8 32 33 32 13 33 33 43 33 33 33 43 32 33 34 13 33 33 32 34 43 43 32 33 33 33
split_gain=1053.55 611.543 556.928 347.045 350.835 321.529 307.827 521.737 306.712 306.49 676.075 573.936 382.838 482.069 378.065 376.123 340.845 332.738 299.061 287.423 282.949 272.647 287.55 390.256 249.264 237.16 293.504 308.118 204.929 429.608
threshold=0.0085563071527723893 -0.10317460317460274 0.066182334177690164 -4852.9999999999991 0.39149724130239399 11.500000000000002 -4257.4999999999991 7.5000000000000009 0.030119237749981303 -2385.4999999999995 -1760.4999999999998 1.5000000000000002 -4518.4999999999991 -4399.4999999999991 -2584.4999999999995 1.5000000000000002 2.5000000000000004 -1233.9999999999998 3.5849058807634155 0.018172860512561718 -1144.4999999999998 -2959.4999999999995 10.500000000000002 1.9809776870881779 3.5000000000000004 3.5000000000000004 3.5000000000000004 -2327.4999999999995 -3283.4999999999995 -3334.4999999999995
decision_type=8 8 8 2 8 2 2 2 10 2 2 2 2 2 2 2 2 2 2 10 2 2 2 2 2 2 2 2 2 2
left_child=-1 9 6 -4 5 -5 7 -3 -8 11 15 -2 -13 -14 16 -11 -15 19 -19 -12 -20 28 23 -23 -21 -17 27 -27 29 -18
right_child=1 2 3 4 -6 -7 8 -9 -10 10 17 12 13 14 -16 25 21 18 20 24 -22 22 -24 -25 -26 26 -28 -29 -30 -31
leaf_value=-0.026439707172985258 0.025200212098927224 -0.010800386709412801 -0.017705847257990306 -0.0015086515954781817 0.0091973871332439935 0.014285492406155119 -0.014547484674454218 0.032120859077866028 -0.0013313493289874336 -0.008585953459371647 -0.038010564905203853 0.032437188307437123 -0.032506611985057547 -0.019554135515321234 -0.018406014303166358 0.048749702567083962 0.0029086378764443745 0.050529159509115788 0.053903132694515903 0.0098295110220946672 -0.0099648782377085333 -0.054919058013613832 0.050557328072270716 0.017812001484853675 -0.017587003886391474 0.027677595919717742 0.036828524415651667 -0.050079314682869358 -0.013534890999974684 0.059082443136121265
leaf_weight=3685.5015215873718 2586.2529411762953 1696.3666880577803 2355.2425493896008 40193.689577296376 12704.369126960635 3503.1575523614883 13602.771005578339 1215.2285893410444 6481.8245748281479 542.04040014743805 534.44455789774656 856.96653424203396 1188.0146802812815 1366.6422359794378 2217.9633270055056 1797.454548060894 5904.0681797862053 611.09099224209785 229.31195656955242 2613.6082283556461 711.38339900970459 200.35438612103462 599.56073243916035 2321.6443648785353 1214.1761858761311 270.32847291231155 1107.9650121629238 240.96874678134918 1676.4228369742632 361.18711656332016
leaf_count=37200 11076 8610 13172 186728 53998 14909 75553 5145 31376 2289 2715 3483 5749 6962 9864 7804 25972 2684 1028 11245 3126 837 2464 10053 5466 1171 4795 1050 7982 1565
internal_value=-0.000139994 0.00073398 -0.00148315 0.00109863 0.00188388 -0.000242442 -0.00807973 0.00711389 -0.0102823 0.00695164 0.0141159 0.00328286 -0.000112842 -0.00187431 0.00061013 0.0301081 0.00400333 0.00341087 0.0232955 -0.00366275 0.00560414 0.00691339 0.0194333 0.012034 0.00113297 0.0362467 0.0223677 -0.00896838 0.00199233 0.00614701
internal_weight=114590 110904 81752.6 58756.5 56401.2 43696.8 22996.2 2911.6 20084.6 29151.8 9872.77 19279.1 16692.8 15835.9 14647.8 3958.76 12429.9 5914.02 1551.79 4362.23 940.695 11063.2 3121.56 2522 3827.78 3416.72 1619.26 511.297 7941.68 6265.26
internal_count=556071 518871 389491 268807 255635 201637 120684 13755 106929 129380 43373 86007 74931 71448 65699 17109 55835 26264 6838 19426 4154 48873 13354 10890 16711 14820 7016 2221 35519 27537
is_linear=0
shrinkage=0.05


Tree=37
num_leaves=31
num_cat=0
split_feature=10 5 10 32 34 43 43 1 38 34 5 38 9 32 43 12 43 32 32 34 34 34 34 28 32 12 9 32 32 34
split_gain=975.616 593.417 487.051 324.486 275.178 296.142 272.176 248.265 243.919 214.275 205.805 182.079 176.226 169.917 259.944 200.885 166.549 160.674 274.658 261.35 157.127 143.64 166.69 150.191 141.43 137.737 135.343 126.054 204.656 171.103
threshold=0.0076246335057472111 -0.14106583072100334 0.019381778822067333 3.5000000000000004 2.8593355435749763 1.0000000180025095e-35 2.5000000000000004 0.18842402828211471 -0.16870276479882171 3.8969088522734538 -0.055634664462096743 0.034643106254324547 0.035309483142421563 11.500000000000002 3.5000000000000004 1.5071428571428578 3.5000000000000004 8.5000000000000018 4.5000000000000009 3.2939815763060616 6.0005481581691757 2.425103520178594 2.2082744344826799 0.011897470778646245 1.5000000000000002 1.7857142857142871 0.017729642896654341 8.5000000000000018 11.500000000000002 7.0268707559321966
decision_type=8 8 8 2 2 2 2 10 10 2 10 10 10 2 2 10 2 2 2 2 2 2 2 10 2 8 10 2 2 2
left_child=10 8 3 11 6 9 -5 12 -2 -6 -1 -3 13 17 -15 -16 -12 18 24 26 -13 22 -18 -24 -4 -26 -19 29 -29 -7
right_child=1 2 7 4 5 27 -8 -9 -10 -11 16 20 -14 14 15 -17 21 19 -20 -21 -22 -23 23 -25 25 -27 -28 28 -30 -31
leaf_value=0.010849166928434274 0.021480705336486196 -0.02109719974164825 0.0024746837247086339 -0.0085627171113100697 -0.033050400647521835 -0.0018214414231346857 0.019197463267215668 0.028487121328450798 0.006140676003696526 0.061996711032136366 -0.040096942881126668 -0.0056970965474126625 0.0055485758445109491 -0.0033748230522019185 0.034218802088135887 0.0028502220841218396 -0.027207524485613852 -0.013106135906917997 0.0051493598679085663 -0.011677340919851373 0.05314556864470709 -0.018474422439991228 -0.0054800550446480875 0.2483724885855117 -0.012788819583325435 -0.00060998035783033013 0.0078241051826392991 -0.016732902761694483 0.0025521619039596301 -0.036439119104228347
leaf_weight=309.76934767514467 3036.0697499960661 4901.0281920954585 4942.0115633457899 1427.0566182881594 76.99421451985836 8446.1135858744383 2315.8875559195876 833.5728293210268 17693.026714727283 257.98403652012348 1944.5230354145169 1149.9386402592063 16012.540322527289 2110.2097378671169 1252.1360029429197 861.56743168830872 23.042192913591862 984.50096639990807 15481.820691049099 7991.8797582015395 125.86864295601845 771.14213223010302 9.025621600449087 16.439465582370758 5809.2337545156479 3866.8977433592081 3584.6755099892616 5717.7223349064589 1811.5562239140272 372.69502218067646
leaf_count=2474 12514 31142 22109 7286 319 42813 10655 3464 77523 1067 22031 6283 68060 9610 5200 3550 263 5145 66996 38713 702 7846 104 182 30959 19538 16050 31396 9063 1998
internal_value=-1.11938e-05 0.000757865 -0.000992909 -0.00667546 -0.00363881 -0.00638768 0.00861346 0.00137912 0.00838744 0.0401503 -0.0277977 -0.0167173 0.00101986 -0.000526821 0.00903917 0.0214326 -0.0321286 -0.00147396 0.000508287 -0.006224 0.000108205 -0.0132248 0.0702313 0.158399 -0.00440699 -0.00792176 0.00331436 -0.00734126 -0.0120929 -0.00328443
internal_weight=114137 111063 90333.9 26602.8 20426 16683.1 3742.94 63731 20729.1 334.978 3073.94 6176.84 62897.5 46884.9 4223.91 2113.7 2764.17 42661 30100 12561.1 1275.81 819.649 48.5073 25.4651 14618.1 9676.13 4569.18 16348.1 7529.28 8818.81
internal_count=555055 522155 432118 142724 104597 86656 17941 289394 90037 1386 32900 38127 285930 217870 18360 8750 30426 199510 139602 59908 6985 8395 549 286 72606 50497 21195 85270 40459 44811
is_linear=0
shrinkage=0.05


Tree=38
num_leaves=31
num_cat=0
split_feature=10 38 32 10 32 33 33 33 13 32 34 33 12 34 32 43 9 33 32 33 17 33 33 33 33 34 32 33 33 34
split_gain=906.881 542.078 450.012 331.621 310.978 848.14 1192.99 599.8 491.626 505.13 502.347 446.667 746.433 430.265 396.302 430.296 390.825 338.101 530.82 259.396 258.334 255.979 255.345 320.246 240.165 464.12 477.131 371.789 291.836 440.158
threshold=0.0085563071527723893 -0.090685281060881959 3.5000000000000004 0.017573474656356131 8.5000000000000018 -2219.4999999999995 -1787.4999999999998 -2873.4999999999995 0.0079769676408266241 10.500000000000002 2.8707317708119455 -4300.4999999999991 1.3214285714285723 3.1591235665908397 4.5000000000000009 1.5000000000000002 0.039133403526636502 -1454.4999999999998 5.5000000000000009 -4662.4999999999991 2.5000000000000004 -1415.4999999999998 -3859.4999999999995 -3183.4999999999995 -3334.4999999999995 4.1533990164620977 7.5000000000000009 -3998.4999999999995 -3300.9999999999995 3.0557669280687025
decision_type=8 8 2 8 2 2 2 2 8 2 2 2 8 2 2 2 8 2 2 2 8 2 2 2 2 2 2 2 2 2
left_child=-1 -2 3 -3 5 7 13 14 20 11 22 12 -10 -7 15 -4 -13 -8 -19 -14 -6 -20 -11 -24 25 26 -16 -27 29 -26
right_child=1 2 4 -5 8 6 17 -9 9 10 -12 16 19 -15 24 -17 -18 18 21 -21 -22 -23 23 -25 28 27 -28 -29 -30 -31
leaf_value=-0.024908114103651569 0.0090567112315529455 -0.018877580161244949 0.028245353890708588 -0.0038095087063104265 -0.03381038340584288 0.048345015452758322 -0.010709017918083895 -0.020123533299063009 0.046755296847484917 -0.0016350912789659549 0.0008719882165567224 -0.014433079768726646 -0.025806155034116159 0.020804855732175626 -0.01305943473181834 -0.022136373514990322 0.010627363320459429 0.041434297877346746 0.018709258134761275 0.013377635825935118 0.14246288480835173 -0.010203502707418268 0.061870592563347565 0.02025039155681484 0.097487147692467468 0.027613974324805279 0.014405444412975008 -0.0053551362462431612 0.0086443487053016379 0.017391548922738094
leaf_weight=3551.4890869557858 16713.919760160148 4605.8711806833744 502.51016348600388 17621.570441007614 1392.8449795916677 2147.7232907265425 3465.1472556367517 3633.2775105535984 955.92234793305397 773.54186828434467 12681.357416115701 11527.299401044846 951.17087072134018 4175.3425797075033 6002.034069493413 2705.6890342235565 1798.5026744157076 1037.4495362713933 1210.2840111106634 759.72040671110153 21.099771693348885 2083.234434299171 633.27196668088436 1710.7502496391535 242.19188089668751 2338.3131605088711 2146.9853819459677 1348.1054098904133 4782.6928235590458 587.87492442131042
leaf_count=37325 72456 29231 2077 87051 8780 9393 15998 17862 3968 3397 57692 57169 5162 17831 26001 13847 7510 4502 5438 3141 101 9699 2643 7307 1026 9922 9095 6127 21392 2815
internal_value=-3.82162e-05 0.000760704 -0.000716877 -0.00693185 0.00121211 0.00427565 0.0140209 -0.00138911 -0.0023315 -0.00104846 0.00529261 -0.00731272 0.0113662 0.0301593 0.00190611 -0.0142449 -0.0110508 0.000931861 0.0102456 -0.00840661 -0.0311799 0.000421199 0.0232744 0.0314947 0.0048758 0.000836128 -0.00582339 0.0155573 0.0133941 0.0407614
internal_weight=114107 110556 93841.8 22227.4 71614.3 38408.9 14119.2 24289.7 33205.5 31791.5 15798.9 15992.6 2666.81 6323.07 20656.4 3208.2 13325.8 7796.12 4330.97 1710.89 1413.94 3293.52 3117.56 2344.02 17448.2 11835.4 8149.02 3686.42 5612.76 830.067
internal_count=555958 518633 446177 116282 329895 173025 62861 110164 156870 147989 71039 76950 12271 27224 92302 15924 64679 35637 19639 8303 8881 15137 13347 9950 76378 51145 35096 16049 25233 3841
is_linear=0
shrinkage=0.05


Tree=39
num_leaves=31
num_cat=0
split_feature=13 8 10 32 9 3 32 43 19 34 35 9 8 26 8 12 32 32 10 2 22 43 34 32 6 34 28 28 34 10
split_gain=858.035 556.845 482.495 428.658 393.911 359.935 373.154 292.333 279.153 263.098 228.747 216.606 145.977 143.581 142.008 139.847 137.26 144.527 136.705 126.446 121.982 121.07 134.903 117.991 116.663 111.642 109.512 105.966 102.083 101.194
threshold=2.2659624294972547e-05 0.0045461003900901806 0.032831238701186434 7.5000000000000009 0.014926277684656835 -0.1203907349538421 11.500000000000002 2.5000000000000004 -0.18645033767752783 2.8819995850723745 -9.0538687658181503e-14 0.012566617638355799 0.21622076048305564 0.57566277526159626 0.31691224268689072 0.4214285918644512 3.5000000000000004 8.5000000000000018 0.016175907577122211 -0.1161898778563497 1.3737868483323414 3.5000000000000004 3.6359395802851089 10.500000000000002 88.107467931680375 3.3123645090332756 -0.10972016411375235 0.1001184710061133 4.4290293104806002 0.048616835437321725
decision_type=8 8 10 2 10 8 2 2 8 2 10 8 10 8 8 8 2 2 8 10 10 2 2 2 8 2 8 10 2 10
left_child=1 10 5 4 12 26 8 -8 11 -9 -1 -7 -3 -11 16 -10 28 -18 27 -4 21 29 23 -23 -5 -19 -2 -17 -13 -21
right_child=2 3 19 24 -6 6 7 9 15 13 -12 14 -14 -15 -16 18 17 25 -20 20 -22 22 -24 -25 -26 -27 -28 -29 -30 -31
leaf_value=-0.003637373971990274 0.032470243281625594 0.057490478516972116 0.023096948712016042 -0.050905928387375655 -0.0083207763340649426 -0.013592469811954628 -0.0028293939552036258 0.040573522894159345 0.0092981449873386843 0.018014406751557157 -0.037182767533872146 -0.013643540689866673 -0.033031310481037461 -0.0036800286123547313 0.006491688258176552 -0.0097166878229755626 0.00042387571500950011 -0.0011983181347313347 0.0010951137544535879 0.0074804000482733687 0.018436974037913671 0.0035824711384083944 -0.0047648498297530768 0.02348794090721586 0.08522139137438757 -0.012460671261193801 0.010509595611139344 0.012578906139992361 -0.00012552984262548684 0.024018967120835719
leaf_weight=616.47208858281374 767.21766683459282 511.59793169051409 1190.7043799012899 325.4361959695816 615.99894307553768 6788.7508847042918 3035.6157077923417 954.05072936415672 4127.7797896191478 2333.0536797940731 2893.333135433495 6042.3723984062672 48.783388763666153 1133.0858107358217 3048.1321517378092 5193.0545060113072 13530.097994677722 3787.3078680336475 25135.076538354158 8343.1722336262465 1907.449044406414 4787.4855493158102 4720.6248774528503 881.54571080207825 16.539043709635735 5251.675220951438 2182.8982213586569 593.87247335910797 1816.4116564318538 1040.2265587896109
leaf_count=5124 3373 2504 4942 2287 2642 40649 14165 4070 20479 10452 28470 32741 224 4745 13974 30323 61006 17447 115938 35230 8034 20593 19919 3595 68 25507 9632 2967 9670 4286
internal_value=-0.000154261 -0.0203467 0.000780718 0.00495134 0.0192753 -0.000940836 -0.00155251 0.0091176 -0.00260881 0.0173223 -0.0312908 -0.0054489 0.0496102 0.0109225 -0.00379742 0.000653854 -0.00482814 -0.00284649 -0.000500073 0.00723304 0.00636178 0.00519693 0.00147875 0.00667781 -0.0443224 -0.00774178 0.0162208 -0.00742864 -0.0105191 0.00931384
internal_weight=113620 5028.16 108592 1518.36 1176.38 85720.5 82770.3 7455.81 75314.5 4420.19 3509.81 40264.7 560.381 3466.14 33476 35049.8 30427.9 22569.1 30922 22871.2 21680.5 19773.1 10389.7 5669.03 341.975 9038.98 2950.12 5786.93 7858.78 9383.4
internal_count=555056 41319 513737 7725 5370 417138 404133 33432 370701 19267 33594 200994 2728 15197 160345 169707 146371 103960 149228 96599 91657 83623 44107 24188 2355 42954 13005 33290 42411 39516
is_linear=0
shrinkage=0.05


Tree=40
num_leaves=31
num_cat=0
split_feature=13 8 7 38 32 11 32 10 2 33 33 35 33 33 33 33 33 33 5 10 33 32 33 13 8 33 5 33 33 33
split_gain=808.057 528.652 487.887 502.816 400.069 381.49 283.135 276.035 257.389 279.184 579.188 228.501 216.154 215.671 648.723 312.36 224.986 393.149 207.139 206.607 203.719 202.42 199.447 225.603 196.744 192.616 190.073 256.599 885.648 483.616
threshold=2.2659624294972547e-05 0.0045461003900901806 -0.17968041061705983 0.029910009261611473 7.5000000000000009 0.68826785048056338 3.5000000000000004 0.017048805205732185 -0.095966087611335668 -4537.4999999999991 -4399.4999999999991 -8.0935258495173899e-14 -1286.4999999999998 -3636.4999999999995 -3466.4999999999995 -3516.4999999999995 -1928.4999999999998 -1787.4999999999998 -0.067370323071488589 0.018613047054266498 -4300.4999999999991 1.5000000000000002 -4875.4999999999991 0.027724929428031338 0.41833599310341302 -1274.4999999999998 -0.035954977780680124 -2219.4999999999995 -1773.9999999999998 -2669.4999999999995
decision_type=8 8 8 10 2 10 2 8 10 2 2 10 2 2 2 2 2 2 8 10 2 2 2 10 8 2 10 2 2 2
left_child=1 11 8 6 5 19 7 12 -2 -10 -11 -1 -4 20 15 -15 24 -18 -12 -3 22 -9 -5 -24 -16 -14 27 29 -29 -8
right_child=2 4 3 13 -6 -7 26 21 9 10 18 -13 25 14 16 -17 17 -19 -20 -21 -22 -23 23 -25 -26 -27 -28 28 -30 -31
leaf_value=-0.0044013640998123117 0.020578166177255906 0.099685882712370055 -0.029521163336187359 -0.030286395613862312 -0.043424670554791767 -0.0085632131152211018 0.0018709612123072883 0.004516000840949475 0.018739208164454759 -0.028083777547921275 0.0077381574190940258 -0.036910209722031205 0.13482952996164232 0.016622077162090222 -0.0050048598558672863 0.054690148118808582 0.026811528345282883 0.0030091610381408548 -0.0028270607006089937 0.030465380549861906 -0.010800069077196987 -0.012629536115661545 0.036214590254657779 0.002746685677489607 0.0089975810565002534 -0.0020437534547126227 -0.0061248427091489767 0.048006282896553711 -0.0021434117881063155 -0.024918315764116978
leaf_weight=670.99305599927902 2820.5608821064234 145.8027752712369 2750.695091933012 384.44991651922464 333.48774450272322 614.4644578397274 10786.500769197941 2703.2327611148357 3151.9255486577749 1418.2688934653997 16845.915695510805 2780.1793698966503 27.005780197679996 1384.8466118499637 8890.9084661006927 882.08721923828125 2369.7732223272324 6474.8105116635561 6402.362189501524 413.57730862498283 4391.6503172516823 4739.7245247662067 583.05852952599525 3691.7651756554842 3494.6413629502058 533.1175484135747 17523.18483684957 1215.1695952862501 3195.3283971995115 1996.5107877925038
leaf_count=5614 11823 753 19060 2112 2380 2673 52625 12444 13163 6999 73001 28073 213 6016 41412 3763 10306 29092 28530 1949 19779 27294 2621 15618 14777 3646 88371 5303 15969 10398
internal_value=-6.11824e-05 -0.0198002 0.000839593 -0.00126002 0.00490329 0.0186332 -0.00465606 -0.0117452 0.00618599 0.00472674 0.00293621 -0.0305897 -0.0237561 0.00348435 0.00601041 0.0314348 0.00329562 0.00938665 0.00482859 0.0485077 -0.00307354 -0.00640239 0.00420918 0.00731149 -0.00105401 0.00455545 -0.00246015 0.0012748 0.0116737 -0.00231311
internal_weight=113616 4958.5 108657 78018.5 1507.33 1173.84 45470.5 10753.8 30639 27818.5 24666.5 3451.17 3310.82 32548 23497.1 2266.93 21230.1 8844.58 23248.3 559.38 9050.92 7442.96 4659.27 4274.82 12385.5 560.123 34716.7 17193.5 4410.5 12783
internal_count=555777 41442 514335 380819 7755 5375 235323 62657 133516 121693 108530 33687 22919 145496 105366 9779 95587 39398 101531 2702 40130 39738 20351 18239 56189 3859 172666 84295 21272 63023
is_linear=0
shrinkage=0.05


Tree=41
num_leaves=31
num_cat=0
split_feature=12 5 38 7 10 32 0 38 10 32 10 32 32 13 43 11 34 32 43 34 32 12 38 32 13 28 32 43 43 34
split_gain=747.006 461.229 474.933 342.986 324.194 290.907 248.382 222.605 158.015 153.789 130.756 130.537 225.932 215.817 191.504 155.189 145.937 130.822 200.98 128.496 126.314 122.624 119.584 114.659 113.337 107.727 102.112 100.577 97.7396 324.133
threshold=1.0000000180025095e-35 -0.10317460317460274 0.017298979294893772 -0.16304027944826879 0.025240423541684005 3.5000000000000004 0.073716556411942982 -0.18320822001709561 0.043221440705500089 1.5000000000000002 0.017160042181386285 8.5000000000000018 11.500000000000002 0.018390841390426824 3.5000000000000004 0.20300437055247003 7.109511747579738 5.5000000000000009 1.5000000000000002 3.0032012097360954 10.500000000000002 0.14285714285714296 -0.04287901990820802 4.5000000000000009 0.017504740881222121 -0.02977801660546717 3.5000000000000004 1.5000000000000002 1.0000000180025095e-35 3.7388586794858525
decision_type=8 8 8 8 8 2 10 10 8 2 10 2 2 10 2 10 2 2 2 2 2 10 10 2 10 10 2 2 2 2
left_child=3 7 4 20 5 10 28 27 9 19 -3 15 13 -13 25 -7 17 18 -17 -6 -1 26 -16 -11 -8 -14 -9 -2 29 -4
right_child=1 2 6 -5 8 11 24 21 -10 23 -12 12 14 -15 22 16 -18 -19 -20 -21 -22 -23 -24 -25 -26 -27 -28 -29 -30 -31
leaf_value=0.02066362968332526 0.036338936052708729 -0.026234505794453064 -0.024855194484439239 -0.032485983770179812 0.044787372954093484 0.0636485022201633 0.073123225668377839 -0.020206932960871189 0.011678696688203117 -0.011303975409950567 -0.011531933658575936 -0.028383027971723897 -0.040382586935479442 -0.00880766290543567 -0.017231375489684588 0.027102967301036274 -0.03831734915661951 0.0033332371367286529 -0.012344618482291157 0.0060588312313205328 -0.035188644630314778 0.0042605920983775592 0.026117958348677663 -0.00044927183181294058 0.016830862538135441 -0.0020350724565544234 0.041949607426416707 0.013998346963993212 0.0024208808359442824 0.0084080691723514341
leaf_weight=490.10673420876265 709.79740318655968 2713.7882179915905 1369.7634324133396 2496.2937828600407 289.65135389566422 90.242763184010983 93.58025735616684 80.668584771454334 2632.7295914143324 3275.6616676896811 3415.4363108426332 1924.5047986209393 243.54773888736963 5246.3392866849899 191.95849127322435 357.04901038855314 272.31635887175798 6049.6280143037438 3374.8730699568987 821.91619771718979 127.58223561197519 25792.948091030121 929.19611145555973 9455.1584696769714 2008.9599327296019 738.41468671709299 365.26596311479807 1735.8016482144594 34547.421025633812 1573.8892552107573
leaf_count=2364 3048 19768 7236 27627 1251 601 396 454 11084 16199 19944 12746 1296 27201 911 1544 1703 30128 18470 3606 657 115694 4366 41234 8491 4079 1710 7128 156998 8035
internal_value=-8.09164e-05 0.0006009 -0.00131589 -0.0242315 -0.00501819 -0.00854493 0.00261351 0.00605476 0.000450588 -0.00168492 -0.0180417 -0.00554732 -0.00983486 -0.0140613 0.00457568 -0.00162757 -0.00221348 -0.00120836 -0.0085705 0.0161507 0.00912747 0.00471003 0.0186959 -0.00324221 0.0193363 -0.0115461 0.0307056 0.0204824 0.00167567 -0.00707025
internal_weight=113414 110301 81616 3113.98 42022.4 25547.3 39593.6 28684.5 16475.1 13842.4 6129.22 19418.1 9273.96 7170.84 2103.12 10144.1 10053.9 9781.55 3731.92 1111.57 617.689 26238.9 1121.15 12730.8 2102.54 981.962 445.935 2445.6 37491.1 2943.65
internal_count=555969 525321 397287 30648 216131 142757 181156 128034 73374 62290 39712 103045 50599 39947 10652 52446 51845 50142 20014 4857 3021 117858 5277 57433 8887 5375 2164 10176 172269 15271
is_linear=0
shrinkage=0.05


Tree=42
num_leaves=31
num_cat=0
split_feature=13 5 38 32 8 32 32 34 5 19 11 9 28 26 9 34 3 35 9 8 7 9 32 9 26 11 32 28 32 7
split_gain=668.086 451.866 427.315 376.281 284.227 262.803 436.596 292.607 240.084 229.977 223.209 193.645 189.794 220.92 186.197 179.877 179.055 147.562 142.452 132.214 123.255 108.73 142.531 104.951 104.146 103.734 101.687 130.691 101.327 99.862
threshold=2.2659624294972547e-05 -0.045772271023647108 -0.095881319109099736 4.5000000000000009 0.0045461003900901806 8.5000000000000018 11.500000000000002 3.6359395802851089 0.24235959485686601 0.094313487397979845 0.34706602478073917 1.0000000180025095e-35 0.1001184710061133 0.25891412390198804 0.044398679996449433 2.8707317708119455 -0.089430894308943562 -5.8231197641589448e-14 0.017397610554700644 0.21339431253049837 -0.12499999999999993 0.031540196447158664 1.5000000000000002 0.012817878818976317 0.3520124610591901 0.6170658302557418 8.5000000000000018 -0.057064235066289763 7.5000000000000009 -0.053425962115153151
decision_type=8 10 8 2 8 2 2 2 8 10 8 10 10 8 8 2 10 10 10 8 10 10 2 10 8 8 2 8 2 8
left_child=1 4 16 8 17 10 7 18 9 20 -5 -6 13 -12 23 -8 -2 -1 24 26 -4 22 -11 -9 -7 -15 27 -13 -3 -14
right_child=2 28 3 5 11 6 15 14 -10 21 12 19 29 25 -16 -17 -18 -19 -20 -21 -22 -23 -24 -25 -26 -27 -28 -29 -30 -31
leaf_value=0.0046979643722373883 0.015527563016381208 -0.022165035686259757 -0.006474514419001343 0.041381338470147598 0.067287763644208881 -0.0029814304882062482 0.022525607553731224 -0.024577626494882023 0.0050096312676160635 0.0055385237346190965 -0.0061674978497653519 -0.01155708422549985 0.0056422618089024112 0.018879943803220816 0.0060375167084261655 0.0044748617916055547 0.0042666210868912155 -0.035833768270011161 0.00379985965536832 -0.076988279224815548 -0.015494599919298181 0.011865073688441257 -0.0092710622345891763 -0.010824215785676293 -0.022062259200324223 0.0039509534716567042 -0.044041115010114422 0.03580095089871279 -0.040879622471676737 0.018126535106539408
leaf_weight=385.88738571852446 5748.1792252883315 1600.1448727995157 7427.4918776154518 410.70641615986824 176.82891820371151 2832.4835969880223 1721.9181536361575 1650.5817564427853 4655.2855601012707 2715.6075051799417 5854.9647707790136 217.01301273703575 3152.7857071533799 1241.0712548196316 1463.0892198085785 6953.4407871440053 9147.7648986801505 537.11582232266665 8783.7626187652349 42.003651142120361 7727.4209979102015 1427.4840906262398 4044.1403302326798 8689.4333325028419 956.66923224180937 18638.252957507968 67.859461478888988 443.19248285144567 1319.8600275889039 3256.1588601917028
leaf_count=2501 24523 16534 37775 2003 894 14684 7397 10774 21102 13367 29836 924 13369 5471 6919 30956 39808 3537 39100 188 45120 6391 23076 41406 5550 82311 495 2106 14139 13902
internal_value=-6.04499e-05 -0.0183348 0.00074631 -0.000505451 0.000856036 0.00156551 -0.00157517 -0.00500346 -0.00535825 -0.00742599 0.00475417 0.0201022 0.00428617 0.00236881 -0.0106574 0.00805764 0.00861209 -0.0188883 0.000304299 0.00926707 -0.0110738 -0.00067371 -0.00332158 -0.0130197 -0.00779888 0.00488297 0.0142433 0.0202341 -0.0306241 0.0119851
internal_weight=113289 4789.91 108499 93602.7 1869.9 65605.3 33051.4 24376 27997.4 23342.1 32553.9 946.898 32143.2 25734.3 11803.1 8675.36 14895.9 923.003 12572.9 770.069 15154.9 8187.23 6759.75 10340 3789.15 19879.3 728.065 660.205 2920 6408.94
internal_count=556158 41318 514840 450509 10645 303678 156786 118433 146831 125729 146892 4607 144889 117618 59099 38353 64331 6038 59334 3713 82895 42834 36443 52180 20234 87782 3525 3030 30673 27271
is_linear=0
shrinkage=0.05


Tree=43
num_leaves=31
num_cat=0
split_feature=10 37 10 20 33 33 33 32 33 33 32 32 33 32 33 33 12 7 33 33 33 43 7 33 28 33 33 28 33 7
split_gain=631.025 351.325 304.888 292.286 230.135 226.633 224.813 217.73 187.083 338.217 250.356 283.896 407.029 569.229 255.276 243.18 375.066 257.6 236.17 221.203 184.648 183.483 180.319 173.411 291.216 250.255 209.441 245.989 186.383 210.422
threshold=0.0076246335057472111 -0.074889867841433852 0.02069836214818439 0.48681001311511291 -1218.9999999999998 -4852.9999999999991 -1105.9999999999998 11.500000000000002 -1286.4999999999998 -1144.4999999999998 5.5000000000000009 8.5000000000000018 -4300.4999999999991 10.500000000000002 -4518.4999999999991 -4112.4999999999991 2.6214285714285759 -0.17968041061705983 -4831.4999999999991 -4380.4999999999991 -1205.4999999999998 2.5000000000000004 -0.043855227787210009 -4555.4999999999991 0.019734167217934206 -4182.4999999999991 -4238.4999999999991 -0.058280507374335724 -4662.4999999999991 -0.14162922216177362
decision_type=8 10 10 10 2 2 2 2 2 2 2 2 2 2 2 2 10 10 2 2 2 2 10 2 10 2 2 10 2 10
left_child=-1 5 3 4 -3 -2 -6 8 10 20 14 19 13 -13 18 16 -16 -17 -5 -12 -10 -9 23 24 28 26 27 -25 29 -4
right_child=1 2 22 7 6 -7 -8 21 9 -11 11 12 -14 -15 15 17 -18 -19 -20 -21 -22 -23 -24 25 -26 -27 -28 -29 -30 -31
leaf_value=-0.023758754134777561 -0.014716402882974145 -0.020308654091326109 0.024208659670905158 -0.0065814158395423169 0.051178984336694135 0.01135092319282258 -0.016225539173965232 -0.0042572244812318413 0.012890107896546482 -0.0065750646697044675 -0.023665160064338695 0.050626290359279569 -0.011910571786591335 -0.027838636138971896 -0.044302691813276777 0.0088934711803419515 0.013913936714412248 -0.013839119822925822 0.0360661930213046 0.0081128094369555658 0.060400890355873184 0.020619996706279044 0.0075260157461105315 -0.03592180785678438 -0.0012491711762573307 0.00066093560216881489 -0.035811665881268939 -0.00070194089262704603 0.042783318061815526 -0.015972230885896162
leaf_weight=2740.3633417636156 911.33407390117645 3852.7429557442665 1121.3646745532751 842.05955287069082 236.20043106377125 9802.6839658617973 259.73139064759016 1264.4452703744173 425.53259861469269 1116.9238794222474 590.34216046333313 638.87957367300987 6799.6134814247489 362.16959229111671 1224.0720765143633 1515.7333079576492 357.45717287808657 7008.0134151652455 528.27156081795692 7567.00097309798 393.71677261590958 1791.0985872298479 11038.284183822572 601.06900295615196 3016.6346979737282 42047.750979304314 764.49865879118443 2829.9575377702713 751.22125458717346 459.28271622955799
leaf_count=32896 5709 22508 4722 4280 1248 42455 1765 6214 2553 6066 2659 2625 36102 2096 7615 7131 2117 41103 2450 35522 1809 7995 48006 2962 12563 190116 3612 13140 3054 1998
internal_value=-5.85911e-05 0.000531204 -0.000395988 -0.00400975 -0.0161819 0.00913364 0.0158776 -0.0023773 -0.00369884 0.0113224 -0.00475899 -0.000708509 -0.00752827 0.0222385 -0.0103916 -0.0131378 -0.0311446 -0.0097967 0.00985951 0.00581306 0.035723 0.0103253 0.00172587 0.00048491 0.00900858 -0.000500939 -0.0121453 -0.00687198 0.0222786 0.0125335
internal_weight=112858 110118 99404.1 36774 4348.67 10714 495.932 32425.3 29369.8 1936.17 27433.6 15958 7800.66 1001.05 11475.6 10105.3 1581.53 8523.75 1370.33 8157.34 819.249 3055.54 62630.1 51591.8 5348.5 46243.3 4195.53 3431.03 2331.87 1580.65
internal_count=555091 522195 474031 193858 25521 48164 3013 168337 154128 10428 143700 79004 40823 4721 64696 57966 9732 48234 6730 38181 4362 14209 280173 232167 22337 209830 19714 16102 9774 6720
is_linear=0
shrinkage=0.05


Tree=44
num_leaves=31
num_cat=0
split_feature=12 5 38 7 10 32 38 28 25 10 10 32 43 34 43 32 26 10 32 34 11 32 32 32 8 8 2 12 8 12
split_gain=576.188 381.321 387.551 301.277 267.992 258.538 191.093 139.64 122.619 121.733 120.712 116.032 113.36 112.672 147.469 126.615 111.63 188.895 109.929 105.458 104.855 103.008 95.1073 93.3943 91.248 149.63 85.0079 82.5786 116.924 81.8401
threshold=1.0000000180025095e-35 -0.099678456591640194 0.026458540516609789 -0.16304027944826879 0.025240423541684005 3.5000000000000004 -0.16870276479882171 -0.048536259513416349 0.96846781701662266 0.016287012022128924 0.0464942807838346 1.5000000000000002 1.5000000000000002 2.8593355435749763 2.5000000000000004 10.500000000000002 0.66572635834102567 0.033014480929844096 10.500000000000002 3.0032012097360954 1.7233577787926311 11.500000000000002 9.5000000000000018 7.5000000000000009 0.0045461003900901806 0.12500000000000014 0.25129882365608908 0.14285714285714296 0.0058910164610627156 0.79285714285714337
decision_type=8 8 10 8 8 2 10 10 10 10 10 2 2 2 2 2 10 10 2 2 10 2 2 2 10 8 10 10 10 10
left_child=3 6 4 18 5 9 12 -7 21 -3 11 19 -2 14 -9 20 27 -18 -1 -6 -16 22 -4 24 -5 -26 -13 28 -8 -23
right_child=1 2 8 23 10 7 16 13 -10 -11 -12 26 -14 -15 15 -17 17 -19 -20 -21 -22 29 -24 -25 25 -27 -28 -29 -30 -31
leaf_value=0.02069237933827325 0.032055209385756171 -0.025260121707598334 0.0019446881393137085 -0.025405055592063359 0.034953592099740936 -0.014437902980464212 -0.0030419293127685737 -0.0089583352507592567 0.010766123687414792 -0.010966104193831644 0.014743248784084076 -0.0023882022159883881 0.011044352234446589 -0.005084962347538434 0.0054098004631039981 0.037451540303757996 -0.0062954765378838767 0.0088244361787966526 -0.031684864694456971 0.0048137534671538924 0.10011622362489865 0.027655961432090443 -0.0065301981910912263 -0.040717082313682172 0.067799401235919363 -0.03741513693991174 0.049932489033118442 0.00569597518909137 0.053175214591166919 0.0061786064035701466
leaf_weight=474.81402233988047 880.41638723015785 2394.1200194954872 23392.191110923886 1128.2242355719209 379.13481296598911 3192.6106595769525 160.73895219713449 1241.259310349822 4167.6452336609364 3942.0308880805969 1320.1105653047562 16675.397168517113 2370.2680908441544 13949.135190688074 1842.5526400655508 414.53661524504423 5569.1845278814435 3283.6078807860613 126.96298779547215 1237.6304147094488 29.69723416864872 598.4427452608943 3856.1646250635386 1091.0011440142989 71.410954155027866 64.144714325666428 77.997191309928894 17010.241160951555 217.84236913919449 1713.72972805053
leaf_count=2318 3810 18376 106546 14127 1617 17076 854 6450 17720 23473 5466 77183 9767 75766 8746 1810 24645 13703 672 5365 206 2579 17232 12927 366 284 333 78298 1057 7168
internal_value=-0.000149409 0.000436484 -0.0013469 -0.0219313 -0.00429672 -0.00753106 0.00529969 -0.00482245 0.0027371 -0.0163671 0.0001393 -0.000910164 0.0167349 -0.00306596 0.00491673 0.0124481 0.00388315 -0.000687318 0.00964182 0.0118816 0.00691201 0.00160511 0.000745329 -0.03 -0.020748 0.0180121 -0.00214462 0.00621001 0.0293064 0.0117374
internal_weight=112873 109917 80424.4 2956.56 46696.2 27005.9 29492.3 20669.8 33728.2 6336.15 19690.3 18370.2 3250.68 17477.2 3528.05 2286.79 26241.6 8852.79 601.777 1616.77 1872.25 29560.5 27248.4 2354.78 1263.78 135.556 16753.4 17388.8 378.581 2312.17
internal_count=555940 525246 393112 30694 241867 151903 132134 110054 151245 41849 89964 84498 13577 92978 17212 10762 118557 38348 2990 6982 8952 133525 123778 27704 14777 650 77516 80209 1911 9747
is_linear=0
shrinkage=0.05


Tree=45
num_leaves=31
num_cat=0
split_feature=10 38 32 33 33 33 33 32 13 12 33 32 33 12 26 10 33 33 34 32 33 33 10 32 12 33 33 33 33 12
split_gain=540.882 311.023 294.644 690.238 334.413 738.06 999.89 601.767 485.756 429.286 426.045 588.25 323.625 319.675 294.785 289.766 271.533 975.578 1129.92 595.151 426.805 628.159 380.247 347.824 322.039 314.365 314.008 254.297 245.782 214.781
threshold=0.006621645158914149 -0.095881319109099736 4.5000000000000009 -1233.9999999999998 -1760.4999999999998 -2200.4999999999995 -2584.4999999999995 7.5000000000000009 0.017730990911475179 2.1214285714285741 -2798.4999999999995 10.500000000000002 -1300.4999999999998 0.8642857142857151 0.44412186077869548 0.017573474656356131 -3231.9999999999995 -3636.4999999999995 3.02771238803343 7.5000000000000009 -4300.4999999999991 -4380.4999999999991 0.049960989417716629 10.500000000000002 2.1785714285714315 -4457.4999999999991 -2975.4999999999995 -1682.4999999999998 -4831.4999999999991 15.389285714285718
decision_type=8 8 2 2 2 2 2 2 8 10 2 2 2 8 8 8 2 2 2 2 2 2 8 2 10 2 2 2 2 8
left_child=-1 -2 3 15 5 6 10 9 12 -7 16 -12 -6 -13 -5 -3 17 20 -19 26 21 25 -21 -20 -25 28 -18 -10 -4 -17
right_child=1 2 4 14 8 7 -8 -9 27 -11 11 13 -14 -15 -16 29 19 18 23 22 -22 -23 -24 24 -26 -27 -28 -29 -30 -31
leaf_value=-0.024304915723819133 0.0070794965949262717 -0.017073616473861613 -0.015277527406815181 -0.015330733200137631 -0.040783215822288436 0.043203761154989681 -0.020448384267416478 0.0056936632084141209 -0.018215931275751721 0.0076873548535057916 -0.0065230119567602114 0.075852183753512506 -0.0019835185706854755 0.026034853726664909 0.034913677714835993 -0.0053729232743495291 -0.02766649757305922 0.045792715192096392 -0.001726533676315497 -0.018263343905424754 -0.0090435644607864043 0.03013292754393139 0.052241803014775851 0.054578755214857944 -0.0008673067886267792 -0.024706372182682228 0.02185426206362856 0.0018536212117573803 0.0079360840322607006 0.018463465284897892
leaf_weight=2248.6511374339461 15312.133163437247 5573.4013079702854 1430.5087521672249 364.96810056269169 1473.374750636518 2475.0031831711531 5180.3031581491232 6235.9309608265758 1896.3372418433428 1296.4777006208897 953.95339129120111 512.4259162992239 846.03770657628775 866.65839190036058 1458.603575207293 19764.394478939474 379.74659747630358 2621.2853016555309 3891.8775599896908 5273.964040517807 10137.484073132277 2056.1845155805349 198.42878256738186 603.25875005871058 462.78373256325722 1175.1960880458355 2038.5740348696709 9412.9457498267293 5619.8644907027483 992.50725002586842
leaf_count=28918 66074 36837 8673 2150 10281 11193 25368 27641 9173 5663 4611 2176 5678 3649 6863 98105 1847 11175 19039 26189 46155 8477 832 2565 2013 5657 8965 42585 22952 4570
internal_value=-2.84345e-05 0.000465566 -0.000598314 -0.00489082 0.00120439 0.00298827 0.000165934 0.0152288 -0.00578651 0.0309947 0.00295982 0.0236641 -0.0266305 0.0445455 0.0248578 -0.00695114 0.0016139 0.00392272 0.0192421 -0.00657845 -0.00176353 0.00541436 -0.0157068 0.00520466 0.0305089 -0.000764659 0.0140781 -0.00151164 0.00322608 -0.00423317
internal_weight=112753 110505 95192.5 28153.9 67038.6 53409.9 43402.5 10007.4 13628.7 3771.48 38222.2 2333.04 2319.41 1379.08 1823.57 26330.3 35889.2 27998.4 7579.21 7890.71 20419.2 10281.8 5472.39 4957.92 1066.04 8225.57 2418.32 11309.3 7050.37 20756.9
internal_count=556074 527156 461082 148525 312557 244840 200343 44497 67717 16856 174975 10436 15959 5825 9013 139512 164539 126706 34792 37833 91914 45759 27021 23617 4578 37282 10812 51758 31625 102675
is_linear=0
shrinkage=0.05


Tree=46
num_leaves=31
num_cat=0
split_feature=13 5 5 38 33 33 33 32 33 33 33 10 33 33 33 28 33 33 33 34 33 9 33 32 34 25 7 32 32 32
split_gain=515.757 362.984 323.779 370.644 369.154 718.437 401.135 386.698 445.897 356.593 336.899 320.345 307.414 586.891 550.839 337.159 293.74 289.704 360.751 340.233 275.762 274.413 240.279 228.101 221.222 205.942 191.087 188.265 175.907 172.902
threshold=2.2659624294972547e-05 -0.038854027141983431 -0.071892966155618118 -0.00061142523521545689 -2385.4999999999995 -1773.9999999999998 -2527.4999999999995 6.5000000000000009 -2812.4999999999995 -4277.4999999999991 -4852.9999999999991 0.029288515640657549 -4788.4999999999991 -4112.4999999999991 -3825.4999999999995 0.037579594536474061 -1944.4999999999998 -1233.9999999999998 -1144.4999999999998 3.3013753505938035 -2026.4999999999998 0.02832603968828035 -3908.4999999999995 7.5000000000000009 4.5014747958414363 0.96846781701662266 -0.37777777777777777 2.5000000000000004 7.5000000000000009 11.500000000000002
decision_type=8 10 8 8 2 2 2 2 2 2 2 8 2 2 2 10 2 2 2 2 2 10 2 2 2 8 10 2 2 2
left_child=1 28 4 11 6 16 7 12 9 -9 -5 -4 -2 24 15 -15 20 26 -19 -20 21 -6 23 -11 -14 29 -7 -26 -1 -12
right_child=2 -3 3 10 5 17 -8 8 -10 22 25 -13 13 14 -16 -17 -18 18 19 -21 -22 -23 -24 -25 27 -27 -28 -29 -30 -31
leaf_value=0.010219669670930281 0.017448979584471735 -0.028578796743677162 -0.0096817903956849666 -0.019878723682357845 0.043044531976672774 0.04311011934749371 -0.017822789169027253 0.023734160113055194 0.037900041987028295 0.030432431382651559 0.00020432335906246757 0.0020294335136480188 -0.030006170950027285 0.039570878311391673 -0.0047661623775776749 -0.011076475840242482 0.051935891764637178 0.056431855537463174 0.050970408391422799 -0.0073613838993052258 -0.0098221700959634992 0.0095818115826415747 0.0043147907593227841 -0.036774690153099546 0.044220555472457096 0.012400506343134624 -0.0053179571189643305 -0.022624940097561046 -0.022724300472305298 0.012404500839520799
leaf_weight=1317.792231015861 1759.1858530193567 2630.2133561745286 18170.347641952336 1771.3990056440234 1390.3980830982327 212.11825022101402 2511.0664268806577 2130.2024757266045 1357.8305158689618 153.74302867054939 35947.816098928452 8604.2401696890593 2500.6432463228703 1296.6210120543838 6904.5221430584788 440.13661348819733 1024.9354891777039 487.91684957593679 327.40829453617334 1057.0588407292962 586.27141594141722 1095.2941207438707 4100.1563429534435 706.0391351878643 200.56851954013109 4576.003305785358 5128.3881122171879 221.83505219221115 585.11535379290581 3159.3022769093513
leaf_count=7215 7753 29863 100668 10902 6299 858 11372 8825 5869 638 170089 37211 12938 5585 33106 1859 4534 2194 1435 4762 2567 4671 18011 3304 1022 19417 23623 1099 4127 13722
internal_value=-2.27242e-05 -0.0165443 0.000671889 -0.00125148 0.00457508 0.0120364 0.00109991 0.00328241 0.0116509 0.00662389 0.00149746 -0.00591829 -0.00202374 -0.00498596 0.00156518 0.0267356 0.0287575 0.00253888 0.0194622 0.00643332 0.0210242 0.0282995 -0.000724662 -0.024757 -0.0243528 0.00236428 -0.00339445 0.00911509 8.98962e-05 0.00118993
internal_weight=112355 4533.12 107821 72229.1 35592.3 11309.8 24282.6 21771.5 8447.97 7090.14 45454.5 26774.6 13323.5 11564.3 8641.28 1736.76 4096.9 7212.89 1872.38 1384.47 3071.96 2485.69 4959.94 859.782 2923.05 43683.1 5340.51 422.404 1902.91 39107.1
internal_count=555538 41205 514333 352009 162324 50943 111381 100009 36647 30778 214130 137879 63362 55609 40550 7444 18071 32872 8391 6197 13537 10970 21953 3942 15059 203228 24481 2121 11342 183811
is_linear=0
shrinkage=0.05


Tree=47
num_leaves=31
num_cat=0
split_feature=10 5 20 32 12 32 33 34 33 32 33 33 33 34 32 34 32 33 33 33 13 33 32 28 5 12 34 33 34 34
split_gain=464.774 355.178 272.452 229.445 259.84 295.09 230.941 248.576 217.568 215.829 542.132 988.886 451.436 445.187 438.312 427.428 390.08 536.61 368.903 586.592 360.609 336.67 361.949 278.637 273.024 244.222 230.77 229.131 587.014 538.027
threshold=0.0076246335057472111 -0.222857142857143 0.10700034866577436 3.5000000000000004 5.178571428571435 1.5000000000000002 -4131.9999999999991 4.2202424591657879 -3481.4999999999995 8.5000000000000018 -2219.4999999999995 -1787.4999999999998 -4788.4999999999991 2.5297127291328443 10.500000000000002 2.8361459037824157 5.5000000000000009 -2873.4999999999995 -4300.4999999999991 -4662.4999999999991 0.067319944196576359 -1454.4999999999998 5.5000000000000009 -0.047764253329239066 0.42267286404304732 1.6142857142857152 4.8648384376202864 -3636.4999999999995 4.1658894284560182 2.9919744375331603
decision_type=8 8 8 2 8 2 2 2 2 2 2 2 2 2 2 2 2 2 2 2 8 2 2 10 10 8 2 2 2 2
left_child=-1 -2 -3 4 5 -4 7 -7 -6 10 12 13 -5 -12 18 -16 -14 27 19 -11 -20 -13 26 -19 -15 -21 -23 28 -18 -29
right_child=1 2 3 9 8 6 -8 -9 -10 14 11 21 16 24 15 -17 17 23 20 25 -22 22 -24 -25 -26 -27 -28 29 -30 -31
leaf_value=-0.021060603958598746 0.010439692765849752 -0.023285567488450381 0.00066426626167530214 0.02839916701030696 0.027429789118972217 -0.033337714492173702 -0.0080537516038345237 0.0066105991559584493 0.00022723755701904038 -0.014713728554083245 0.061737898561239346 -0.010943924388017712 -0.010613048051018061 0.026667678075934155 0.020437786279411084 0.00034343039474174112 -0.0080704696269874622 0.0056525186167565586 -0.012946646356880101 0.051125119461056412 0.012992335294190305 0.047765308902424683 0.0015786680273341708 -0.030329041923966189 -0.0049470520526391816 0.010462593635608173 -0.0093963053119146493 0.036079252214616706 0.020662649928469071 0.0038396449631785028
leaf_weight=2560.7487431466579 8288.3338330239058 1275.8014925047755 8355.9615811407566 1295.9679636657238 1034.4058451354504 1945.5557560026646 9384.0970567315817 486.85010956972837 2539.8897469043732 1323.0088731050491 803.53400512039661 3650.6084098145366 8476.325277261436 4387.601700514555 3220.5543442070484 14844.157144837081 5760.9124535471201 787.28380154073238 13263.388733454049 750.68681931495667 1490.4625395387411 814.62921904027462 3323.9905339553952 1699.550145804882 808.79175609350204 726.75115340948105 225.42723903059959 1848.7218547314405 2570.7782032340765 4313.5077211111784
leaf_count=32976 35063 7635 39822 5399 5248 12117 53257 2977 12621 6872 3682 17015 41608 19121 14031 68700 24543 3853 67177 3041 6245 3493 15197 8631 3566 2986 965 7656 10944 19602
internal_value=-3.60668e-06 0.000487942 -0.00032543 -3.28947e-05 -0.00432556 -0.00652715 -0.0116125 -0.025342 0.00809969 0.00130159 0.00378586 0.0117522 -0.000387327 0.0271027 -0.00154178 0.00392583 -0.00185279 0.00252009 -0.00716836 0.00946858 -0.0103262 0.000260564 0.00963333 -0.018938 0.021747 0.0311232 0.0353758 0.00620182 0.000795255 0.0135118
internal_weight=112258 109698 101409 100133 23746.8 20172.5 11816.5 2432.41 3574.3 76386.6 40767.6 14014.6 26753 5999.93 35619 18064.7 25457.1 16980.8 17554.3 2800.45 14753.9 8014.66 4364.05 2486.83 5196.39 1477.44 1040.06 14493.9 8331.69 6162.23
internal_count=556043 523067 488004 480369 126042 108173 68351 15094 17869 354327 185275 63039 122236 26369 169052 82731 116837 75229 86321 12899 73422 36670 19655 12484 22687 6027 4458 62745 35487 27258
is_linear=0
shrinkage=0.05


Tree=48
num_leaves=31
num_cat=0
split_feature=13 8 2 33 33 33 33 33 33 32 33 33 32 34 26 33 28 33 33 34 33 33 33 33 33 32 34 34 32 28
split_gain=480.438 335.328 285.494 274.091 281.542 245.231 922.34 1067.65 736.214 350.108 952.483 676.095 625.73 443.357 343.142 302.985 309.359 282.833 805.482 1359.61 459.967 579.581 481.593 452.47 432.259 389.713 357.975 343.208 512.205 379.105
threshold=2.2659624294972547e-05 0.0045461003900901806 -0.095966087611335668 -1218.9999999999998 -1470.4999999999998 -2385.4999999999995 -2731.4999999999995 -2798.4999999999995 -2341.4999999999995 3.5000000000000004 -1773.9999999999998 -1972.4999999999998 7.5000000000000009 3.1740938936902143 0.27879914385490601 -2070.4999999999995 0.026858174686255391 -3231.9999999999995 -3636.4999999999995 3.0750027876182671 -4300.4999999999991 -4355.4999999999991 -4518.4999999999991 -4852.9999999999991 -2975.4999999999995 7.5000000000000009 4.4290293104806002 4.5648687537220427 8.5000000000000018 0.031505702851889708
decision_type=8 8 8 2 2 2 2 2 2 2 2 2 2 2 8 2 10 2 2 2 2 2 2 2 2 2 2 2 2 10
left_child=1 -1 -2 4 -3 6 7 17 -7 11 12 -10 13 -11 -13 -14 -17 18 20 -20 21 22 23 -4 26 -26 -19 29 -29 -25
right_child=2 3 5 -5 -6 8 -8 -9 9 10 -12 14 15 -15 -16 16 -18 24 19 -21 -22 -23 -24 27 25 -27 -28 28 -30 -31
leaf_value=-0.02566483952788419 0.013712560162830408 0.0088295825809132349 -0.011070559493453373 0.068704326621643871 -0.047253642030468716 0.038748091862680994 -0.016198232359425888 0.03586327253752182 -0.029776457055734902 0.05209602778012358 -0.0028001421676410918 -0.027373528930863086 -0.0050182332773247296 0.019239628483467677 0.0067372394700036392 0.04063749979260723 0.0051681103943381594 -0.023028631623078315 0.03691488266871594 0.00014721517562045591 -0.0085650321328065559 0.031476780408028447 -0.015906312065549846 0.018302666973827646 0.018168447447536162 -0.0090874259535402152 0.0037383605055747535 0.051700614547743932 -0.0030081848039549609 -0.0061411414642720602
leaf_weight=3006.0256460495293 4003.6376028209925 1006.534914046526 3102.1523400992155 145.66456981748343 287.75274428725243 1417.8609868213534 9406.2873519510031 2078.9003133699298 2332.3046408370137 1566.8442035168409 15984.706790536642 859.02444262802601 3059.2257823422551 2978.4413944333792 5202.0566336140037 965.84256402403116 1691.1133004799485 4837.3275830000639 3842.1719645485282 7275.2573904171586 16634.342582874 1635.0206980258226 3565.0715059265494 3124.6102248802781 2372.7536114752293 2932.1992751210928 1683.9079202637076 1109.2307276055217 696.44568692147732 3221.7378615662456
leaf_count=33543 17238 4558 17257 760 2377 6357 46520 8876 11644 7200 76660 5955 13790 13201 26323 4222 7071 25678 16915 36473 80802 6650 17917 13298 10306 13629 9691 4692 2863 13626
internal_value=-5.41282e-05 -0.016161 0.000611533 0.00367908 -0.00363913 0.000105119 -0.00167283 0.000678353 0.00343433 0.00198887 0.0048315 -0.00690005 0.0167196 0.0305658 0.00190279 0.00570965 0.0180618 -0.000627073 0.0012103 0.0128541 -0.00270189 0.00322542 0.000108421 0.00518153 -0.00749513 0.00310335 -0.0161169 0.0113661 0.0305995 0.00589371
internal_weight=112024 4445.98 107578 1439.95 1294.29 103575 67517.4 58111.1 36057.4 34639.6 26246.2 8393.39 10261.5 4545.29 6061.08 5716.18 2656.96 56032.2 44206 11117.4 33088.6 16454.3 14819.2 11254.2 11826.2 5304.95 6521.24 8152.02 1805.68 6346.35
internal_count=556092 41238 514854 7695 6935 497616 325193 278673 172423 166066 122144 43922 45484 20401 32278 25083 11293 269797 210493 53388 157105 76303 69653 51736 59304 23935 35369 34479 7555 26924
is_linear=0
shrinkage=0.05


Tree=49
num_leaves=31
num_cat=0
split_feature=13 32 8 9 37 33 33 33 33 33 32 32 12 33 13 34 33 33 33 34 34 33 12 33 32 32 34 32 43 33
split_gain=419.87 331.13 298.845 279.767 267.944 214.319 855.778 1013.85 561.084 330.265 1053.7 551.739 444.729 324.035 464.327 384.734 267.553 262.899 721.417 1203.79 482.184 462.286 427.817 377.776 339.682 303.204 314.661 301.285 286.184 277.421
threshold=2.2659624294972547e-05 7.5000000000000009 0.0045461003900901806 0.01578444090713509 -0.074889867841433852 -2385.4999999999995 -2731.4999999999995 -2798.4999999999995 -2341.4999999999995 -1773.9999999999998 3.5000000000000004 7.5000000000000009 2.1785714285714315 -1314.4999999999998 0.017730990911475179 4.1934351800673904 -1972.4999999999998 -3231.9999999999995 -3636.4999999999995 3.0750027876182671 4.1658894284560182 -2975.4999999999995 2.9428571428571453 -3825.4999999999995 7.5000000000000009 10.500000000000002 3.6571299233324823 8.5000000000000018 3.5000000000000004 -4875.4999999999991
decision_type=8 2 8 10 8 2 2 2 2 2 2 2 10 2 8 2 2 2 2 2 2 2 8 2 2 2 2 2 2 2
left_child=1 2 -1 -4 -2 6 7 17 -7 10 16 12 -12 14 -11 -15 -10 18 20 -20 23 22 28 -6 -23 -21 -27 29 -19 -22
right_child=4 -3 3 -5 5 8 -8 -9 9 13 11 -13 -14 15 -16 -17 -18 21 19 25 27 24 -24 -25 -26 26 -28 -29 -30 -31
leaf_value=-0.018633307220092873 0.0084915060792306353 -0.032713548034887636 0.040242980567126031 -0.00896411583306112 -0.0044660876412709397 0.034736747372506142 -0.016652122922227675 0.034960032885461338 -0.028472136717774169 -0.036958797158996103 0.040939320432950531 0.0052551901985523619 0.0080354233657819671 0.015956098430493049 -0.0040142401824769481 -0.0082651385834089826 0.0032297157523937924 -0.012231404983420955 0.034779482931932296 -0.0044470850915542485 -0.028046239043230916 0.017886248888318215 0.0065733353783391252 -0.023157347417630984 -0.0084323860129049306 0.066060477512682833 0.0066621801459909938 -0.006579972582180401 -0.036965729317502874 0.014900174779983117
leaf_weight=1570.1518572568893 9798.8104031309485 1667.162539627403 559.96685839444399 596.61704734712839 17912.397297009826 1338.8693237677217 8513.8441812172532 2041.4678361341357 2019.8252028152347 1176.491438947618 2804.5736831277609 5586.1264958009124 1620.1804747730494 4167.004802107811 11765.149654388428 2702.9513030946255 992.63001509010792 2390.1102260649204 3768.6907519549131 6083.1689120605588 400.48594437539577 2258.3238244950771 1471.7637279629707 3183.8175438120961 2681.9514675289392 318.88532941788435 741.23173397034407 3128.2137431651354 2289.8675552159548 6158.4396169036627
leaf_count=18153 43224 17818 2806 2585 84260 5978 42873 8722 10364 8154 12862 24528 7137 20749 56015 13421 5203 13614 16506 31283 2002 9796 8056 16085 12587 1350 3290 15077 12180 29371
internal_value=-1.03411e-05 -0.0151595 -0.00442673 0.0148598 0.000609924 -0.000182046 -0.00190376 0.000386376 0.00300922 0.00171551 0.0079004 0.0157021 0.0288911 -0.00235019 -0.00700915 0.00642637 -0.0180261 -0.000950706 0.000869251 0.0119158 -0.00304648 -0.007792 -0.0169394 -0.00728695 0.00359852 -0.000146772 0.0245293 0.00618822 -0.0243337 0.0122779
internal_weight=111709 4393.9 2726.74 1156.58 107315 97516.5 63342.7 54828.8 34173.8 32834.9 13023.3 10010.9 4424.75 19811.6 12941.6 6869.96 3012.46 52787.3 41695.3 10912 30783.4 11092 6151.74 21096.2 4940.28 7143.29 1060.12 9687.14 4679.98 6558.93
internal_count=556049 41362 23544 5391 514687 471463 307052 264179 164411 158433 60094 44527 19999 98339 64169 34170 15567 255457 199224 52429 146795 56233 33850 100345 22383 35923 4640 46450 25794 31373
is_linear=0
shrinkage=0.05


Tree=50
num_leaves=31
num_cat=0
split_feature=12 5 0 33 32 33 33 10 35 33 33 10 33 33 10 33 33 26 33 13 33 12 33 33 33 32 12 12 33 32
split_gain=400.762 310.177 250.682 207.289 203.623 241.421 256.401 199.548 167.744 161.464 768.291 335.429 226.008 707.344 382.71 255.159 387.604 226.043 221.75 424.247 365.612 217.534 208.838 417.405 362.68 568.055 466.655 387.255 331.673 314.105
threshold=1.0000000180025095e-35 -0.255096160630983 0.085039000937617862 -2170.4999999999995 3.5000000000000004 -1233.9999999999998 -885.49999999999989 0.017362629275714882 -0.0055865921788124653 -1760.4999999999998 -2070.4999999999995 0.028365051124317826 -2669.4999999999995 -2781.4999999999995 0.020507926661235982 -2219.4999999999995 -2154.4999999999995 0.75866691319219759 -1314.4999999999998 0.016491423764483672 -1144.4999999999998 0.80714285714285616 -3231.9999999999995 -2975.4999999999995 -3636.4999999999995 10.500000000000002 0.60714285714285765 2.1500000000000026 -3998.4999999999995 7.5000000000000009
decision_type=8 8 8 2 2 2 2 8 10 2 2 10 2 2 8 2 2 8 2 10 2 10 2 2 2 2 10 10 2 2
left_child=3 -2 4 -1 5 7 -7 -3 -6 10 12 -12 13 22 -14 -16 -17 -18 19 -11 -20 -13 24 -24 28 26 -26 -27 -10 -25
right_child=1 2 -4 -5 8 6 -8 -9 9 18 11 21 14 -15 15 16 17 -19 20 -21 -22 -23 23 29 25 27 -28 -29 -30 -31
leaf_value=0.012386318942545403 0.012063960836519614 -0.015711035149135914 0.017147033566241632 -0.025397478226546252 0.0056085632332928022 0.022800227950996038 -0.032793092198879589 -0.0037018618951672093 0.0021272195763575906 -0.040807220406848421 0.030679303927003167 0.034362990414300798 -0.02467266479627311 0.044978530691403118 -0.010283471346977895 0.033277421894373722 -0.015764406139325709 0.021805687739979877 0.030447566597451001 -0.0060961538973038319 -0.0040009273178595916 -0.00067518472883641842 -0.02011472062821764 0.01827289553429581 0.025196825105826118 0.055089483300416443 -0.0055403397466735017 0.0006662381056433981 -0.01257684396654196 -0.0082718508612129784
leaf_weight=433.16823871433735 5342.770476937294 4267.0407503023744 2020.672600120306 2240.8613957390189 13806.168234072626 1341.2170587033033 245.34159058332443 18268.592871956527 13184.846170261502 994.88439267873764 2764.1259082555771 550.47562681138515 2571.9871333688498 871.20483800768852 4047.8736625760794 1058.8458336144686 1330.7886967360973 572.62435853481293 989.26713043451309 7642.0491139888763 3478.6968689486384 2268.4716447144747 3678.8811381310225 1869.3820781633258 1778.5163610577583 1049.780960790813 4039.4389938339591 474.65618183463812 5408.1622221469879 2759.593022942543
leaf_count=2073 22497 30497 8650 28488 63986 6927 1325 91524 59387 7399 12343 2504 14235 3695 18783 4805 5903 2336 4828 35663 17655 9853 19411 8088 7825 4548 19960 2115 25241 12771
internal_value=-0.000154044 0.000316482 -0.000290911 -0.0192769 -0.000638709 -0.00464854 0.0142034 -0.00597576 0.000614367 -0.000473449 0.000814912 0.0183028 -0.00136951 0.000487793 -0.00817574 -0.00212309 0.00902792 -0.00446179 -0.00541651 -0.0100945 0.00362643 0.00616697 -0.000644124 -0.00754317 0.00156584 0.0109748 0.00385584 0.038144 -0.00214976 0.00244808
internal_weight=111350 108676 103334 2674.03 101313 24122.2 1586.56 22535.6 77190.7 63384.6 50279.7 5583.07 44696.6 35114.5 9582.12 7010.13 2962.26 1903.41 13104.9 8636.93 4467.96 2818.95 34243.3 8307.86 25935.4 7342.39 5817.96 1524.44 18593 4628.98
internal_count=555315 524754 502257 30561 493607 130273 8252 122021 363334 299348 233803 24700 209103 163041 46062 31827 13044 8239 65545 43062 22483 12357 159346 40270 119076 34448 27785 6663 84628 20859
is_linear=0
shrinkage=0.05


Tree=51
num_leaves=31
num_cat=0
split_feature=5 13 33 33 43 33 33 33 33 12 38 33 33 13 43 37 13 43 33 33 43 33 33 10 11 33 33 33 43 33
split_gain=393.194 499.297 296.315 488.485 366.072 303.675 275.174 284.342 256.951 250.193 248.969 284.439 252.411 231.017 217.274 196.448 204.823 183.481 182.603 172.276 380.309 167.146 284.242 164.112 163.52 141.963 330.651 493.723 318.763 139.63
threshold=-0.084396940720348021 0.0088757886944160966 -2385.4999999999995 -1760.4999999999998 1.5000000000000002 -1233.9999999999998 -2527.4999999999995 -2959.4999999999995 -4852.9999999999991 1.1785714285714299 0.0077334858383955049 -4537.4999999999991 -4662.4999999999991 0.032075282658963374 3.5000000000000004 -0.057419222062173862 0.017504740881222121 1.5000000000000002 -1144.4999999999998 -3152.4999999999995 2.5000000000000004 -1944.4999999999998 -2026.4999999999998 0.017264907356883432 0.99926883016321066 -4937.9999999999991 -4555.4999999999991 -4399.4999999999991 1.5000000000000002 -2154.4999999999995
decision_type=10 10 2 2 2 2 2 2 2 10 10 2 2 10 2 10 10 2 2 2 2 2 2 8 10 2 2 2 2 2
left_child=2 29 6 4 -4 15 7 19 -3 -7 11 12 14 -13 -10 -5 -17 -8 -11 25 -21 22 23 -6 -18 -1 -27 -28 -29 -2
right_child=1 8 3 5 21 9 17 -9 10 18 -12 13 -14 -15 -16 16 24 -19 -20 20 -22 -23 -24 -25 -26 26 27 28 -30 -31
leaf_value=-0.013296229156683102 -0.0020353111950137236 -0.03120754673649347 -0.013415264595539607 0.013997838699633775 0.072823887635634355 0.040220956858138653 0.020125463194861457 0.013712477322244268 0.0096836310560137352 0.042036774622890058 0.0016289172979685011 -0.0097843068783579346 0.032824134423368768 -0.000666609176937285 -0.038697584898406759 -0.036666355440304298 0.0039936178123769952 -0.02092648719178002 -0.0065245667153522278 0.0033142259551560173 -0.042342584832896019 0.044988890569362242 -0.0083880244773225556 0.026065307938200478 -0.018285014467723463 0.016992979676150363 -0.029973876873127442 0.045589880424918176 0.00082289585792895891 -0.023816303120978023
leaf_weight=1475.778203509748 947.23010348528624 710.76990411430597 595.26082602143288 1189.5030785575509 205.93293941020966 821.35103990882635 314.45487658679485 4585.4295608624816 1028.475559592247 247.25992184877396 39448.510369352996 15728.762941561639 921.54076592624187 12443.441835790873 299.67317229509354 578.17241841554642 2151.9222128689289 2024.8000172898173 891.72200331091881 1175.6283747553825 745.23226742446423 1121.6905909702182 600.19497556239367 2114.1141295880079 1334.3437676876783 3253.9837987422943 1308.9440363943577 415.5186372846365 9242.3977733254433 3296.5909015126526
leaf_count=9016 5078 4448 2536 5386 942 3864 1379 20283 4223 1070 181721 88858 3821 59109 1251 3531 9694 9316 3951 6176 3718 5082 2643 9696 6067 13917 6653 1876 42388 38339
internal_value=-0.000224564 -0.00229792 0.00403824 0.0105306 0.0231919 0.00239219 0.000903053 0.00262156 -0.0012964 0.0191862 -0.000992123 -0.00439086 0.012718 -0.00575709 -0.00123273 -0.00387396 -0.00910434 -0.0154081 0.00401754 -0.000265152 -0.0143992 0.0285831 0.0222815 0.0302157 -0.00453337 0.00146448 0.00299629 -0.00115668 0.00274893 -0.0189547
internal_weight=111219 74825 36393.6 11851.5 4637.19 7214.27 24542.2 22202.9 70581.2 1960.33 69870.4 30421.9 2249.69 28172.2 1328.15 5253.94 4064.44 2339.25 1138.98 17617.5 1920.86 4041.93 2920.24 2320.05 3486.27 15696.6 14220.8 10966.9 9657.92 4243.82
internal_count=556032 386848 169184 54462 20899 33563 114722 104027 343431 8885 338983 157262 9295 147967 5474 24678 19292 10695 5021 83744 9894 18363 13281 10638 15761 73850 64834 50917 44264 43417
is_linear=0
shrinkage=0.05


Tree=52
num_leaves=31
num_cat=0
split_feature=5 13 33 33 43 33 34 33 33 33 32 33 28 34 38 13 34 43 13 28 11 43 32 33 32 26 33 33 32 5
split_gain=345.764 472.186 287.76 491.76 360.18 296.084 282.265 264.677 260.425 257.967 341.608 276.554 377.966 262.888 253.271 228.771 211.33 201.685 199.076 192.686 190.05 185.317 182.371 178.68 173.809 168.974 158.357 150.104 143.904 141.323
threshold=-0.071892966155618118 0.0088757886944160966 -2385.4999999999995 -1760.4999999999998 1.5000000000000002 -1233.9999999999998 3.614962865446246 -1144.4999999999998 -2527.4999999999995 -2975.4999999999995 10.500000000000002 -3152.4999999999995 -0.042521550928334657 2.1341489346727696 0.0022271714921684453 0.018172860512561718 3.7830519769996935 3.5000000000000004 0.030758358097369203 -0.12250978908843672 1.0725750779082428 1.5000000000000002 4.5000000000000009 -3041.4999999999995 3.5000000000000004 0.49233121618442727 -4875.4999999999991 -1944.4999999999998 7.5000000000000009 -0.26892690335264652
decision_type=10 10 2 2 2 2 2 2 2 2 2 2 10 2 10 8 2 2 10 8 10 2 2 2 2 8 2 2 2 10
left_child=2 28 8 4 -4 15 -7 -8 9 11 13 19 22 -11 18 -5 27 20 -3 -1 -17 -10 23 -13 -15 -12 -16 -6 -2 -26
right_child=1 14 3 5 16 6 7 -9 21 10 25 12 -14 24 26 17 -18 -19 -20 -21 -22 -23 -24 -25 29 -27 -28 -29 -30 -31
leaf_value=0.023429940605521032 -0.010497400496323158 -0.0093649870988192808 -0.013046555517492656 -0.027599273722176465 0.027975094387997092 0.038225656580311913 0.041721973846773175 -0.011739167194002828 0.020211514728902744 -0.034552716672799182 0.066658845076570411 -0.0048841928155218192 -0.032866196861613316 -0.018752677903493092 -0.032098107832261337 0.015469606858090632 0.012094654002904624 -0.013899263472382996 -0.00063906963775739434 0.00024096916420391918 -0.010824325654867096 -0.020161455676653145 -0.055790001426025984 0.058983778887286745 0.035889249000478463 0.020931909029727594 0.0015671417454186385 0.053424124586667093 -0.029714704764173202 0.0094510638230633943
leaf_weight=948.96054469048977 2220.475711081177 13087.711826294661 638.81950642168522 863.40218629688025 2057.6953748911619 950.44467116892338 310.64524149894714 908.87819708883762 327.91222018748522 356.96217642724514 371.78599204868078 202.23676986247301 1333.9247116148472 461.9381593093276 352.31501657515764 2274.8891631662846 1523.9403244256973 1656.5519521981478 13057.852814421058 16001.710140965879 984.68792103976011 2133.7923622429371 72.660123556852341 238.83661627024412 604.42181222140789 442.46958509087563 40997.143229223788 806.51941100507975 1735.5844878852367 3087.2398729249835
leaf_count=4526 22533 74005 2744 5514 9530 4354 1377 4201 1448 1533 1552 1181 7076 2251 2223 10004 6826 7744 61692 75628 4415 9939 331 1336 2490 1868 190365 3716 19459 14059
internal_value=-6.28973e-05 -0.00213927 0.0036872 0.00979084 0.0220309 0.00205064 0.0177987 0.00187882 0.000707927 0.00228879 0.0120038 -0.000463074 -0.018832 0.00662298 -0.00115522 -0.00386209 0.0271375 0.000306787 -0.00500701 0.00153917 0.00752645 -0.0147836 0.0176084 0.0296996 0.0101616 0.0418107 0.0012803 0.0351412 -0.0189283 0.0137797
internal_weight=111012 71451.1 39561.3 12976.5 5026.97 7949.5 2169.97 1219.52 26584.9 24123.1 5324.82 18798.3 1847.66 4510.56 67495 5779.53 4388.16 4916.13 26145.6 16950.7 3259.58 2461.7 513.734 441.073 4153.6 814.256 41349.5 2864.21 3956.06 3691.66
internal_count=555920 370277 185643 60425 22816 37609 9932 5578 125218 113831 23753 90078 9924 20333 328285 27677 20072 22163 135697 80154 14419 11387 2848 2517 18800 3420 192588 13246 41992 16549
is_linear=0
shrinkage=0.05


Tree=53
num_leaves=31
num_cat=0
split_feature=5 13 10 33 33 33 33 33 43 34 33 33 33 33 43 43 33 12 33 33 12 7 12 33 7 11 34 33 28 43
split_gain=341.409 405.606 210.797 223.398 295.204 296.953 491.746 240.987 236.108 267.093 271.637 334.608 199.931 313.212 263.963 205.559 202.41 214.843 200.522 186.807 181.761 178.472 168.012 153.881 147.698 146.505 145.759 138.939 138.347 133.919
threshold=-0.10317460317460274 2.2659624294972547e-05 0.019381778822067333 -3231.9999999999995 -2975.4999999999995 -2731.4999999999995 -2385.4999999999995 -2781.4999999999995 3.5000000000000004 3.3446254749081765 -3621.4999999999995 -4277.4999999999991 -2385.4999999999995 -1760.4999999999998 1.5000000000000002 3.5000000000000004 -1233.9999999999998 1.2500000000000011 -2527.4999999999995 -2959.4999999999995 6.6285714285714326 -0.37777777777777777 0.63571428571428612 -3998.4999999999995 -0.054346057527695606 1.0794634899601252 7.109511747579738 -3689.4999999999995 -0.12250978908843672 1.5000000000000002
decision_type=10 10 8 2 2 2 2 2 2 2 2 2 2 2 2 2 2 10 2 2 10 8 10 2 10 8 2 2 8 2
left_child=12 -2 3 8 20 7 -7 -6 -3 10 11 -10 18 14 -14 -16 21 -18 19 28 -5 -15 -9 -11 -4 -17 27 -25 -1 -20
right_child=1 2 24 4 5 6 -8 22 9 23 -12 -13 13 16 15 25 17 -19 29 -21 -22 -23 -24 26 -26 -27 -28 -29 -30 -31
leaf_value=0.020096470816101775 -0.019717408173830223 -0.010725237633923907 -0.00101038130629768 -0.029776978491205842 0.0040747478554340874 -0.035062027123995865 -0.0037741772688708037 0.10115626926567078 0.039218783362484966 0.014064080973411053 0.032478993530754001 -0.017024137076542795 -0.011359962094231842 0.041793077810959423 0.037848688036223307 0.0024907160237892575 0.038114415776798749 0.0021692735509351055 0.018531250859360762 0.012851930466434675 0.019717098091004887 -0.0047498214082945071 0.025876319987352327 -0.028281166877490618 0.0048966659384199231 0.032855220965905145 -0.053714550578903314 -0.00017031353787121979 -0.00046537004197867786 -0.018087215228879017
leaf_weight=866.51119244843721 3046.3835650272667 3267.9167090281844 39291.691384077072 2178.167226433754 1155.7629996910691 1543.7907253652811 6732.5184282884002 115.90301087498665 384.86715128272772 1049.1058252900839 1457.6338922381401 845.19516182690859 548.468137383461 216.32847946882248 1780.2235219404101 1087.0963095352054 733.77357439696789 958.99293519556522 289.3544584363699 3960.7259594276547 202.76351245492697 4301.3663881644607 205.58507613092661 542.74669104814529 14482.706329837441 625.99883812665939 165.96989066898823 2311.9488175362349 14629.963971696794 1820.8669304028153
leaf_count=4130 35280 19140 182194 14068 5937 9778 40472 506 1708 5036 6543 4425 2320 886 8104 5023 3318 4166 1242 17200 1353 19913 962 3092 64101 2821 1134 13001 69242 8364
internal_value=-6.66303e-05 -0.0018283 -0.00111061 -0.00521442 -0.00977758 -0.00592446 -0.00961034 0.0147257 0.000308721 0.00564475 0.0178769 0.000573388 0.00430607 0.0100545 0.0208877 0.0259507 0.00300428 0.0177506 0.00157349 0.00316122 -0.025562 -0.00252113 0.0530163 -0.00243344 0.000580525 0.0135865 -0.00816319 -0.00551487 0.00068438 -0.0130661
internal_weight=110800 78980.7 75934.3 22159.9 12134.5 9753.56 8276.31 1477.25 10025.4 6757.47 2687.7 1230.06 31819.7 10252.2 4041.79 3493.32 6210.46 1692.77 21567.4 19457.2 2380.93 4517.69 321.488 4069.77 53774.4 1713.1 3020.67 2854.7 15496.5 2110.22
internal_count=555459 408730 373450 127155 73076 57655 50250 7405 54079 34939 12676 6133 146729 46551 18268 15948 28283 7484 100178 90572 15421 20799 1468 22263 246295 7844 17227 16093 73372 9606
is_linear=0
shrinkage=0.05


Tree=54
num_leaves=31
num_cat=0
split_feature=12 3 25 32 32 33 33 34 34 33 43 33 33 43 33 33 34 33 10 33 33 34 10 10 33 10 33 32 33 33
split_gain=303.158 247.493 198.268 195.83 219.818 255.075 251.912 247.483 246.351 321.552 210.811 203.369 328.859 196.651 189.767 317.623 159.188 154.937 179.64 149.096 909.537 398.983 372.06 243.063 289.809 429.455 307.043 408.066 332.779 544.738
threshold=1.0000000180025095e-35 -0.12427760842325102 0.50611000497760095 3.5000000000000004 1.5000000000000002 -4555.4999999999991 -3841.4999999999995 6.4548840361078632 4.4479312383686205 -4131.9999999999991 2.5000000000000004 -4149.4999999999991 -4875.4999999999991 2.5000000000000004 -1274.4999999999998 -2385.4999999999995 7.0268707559321966 -2703.4999999999995 0.012801618668942879 -1773.9999999999998 -2056.4999999999995 2.7113724724615449 0.028751408670833752 0.040445128539889998 -2584.4999999999995 0.023568422256037277 -2798.4999999999995 10.500000000000002 -3231.9999999999995 -3636.4999999999995
decision_type=8 10 10 2 2 2 2 2 2 2 2 2 2 2 2 2 2 2 10 2 2 2 10 10 2 8 2 2 2 2
left_child=2 -2 -1 4 5 -3 7 -7 9 -6 14 12 -10 17 15 -8 19 18 -13 20 23 -22 -23 24 26 -26 28 -28 29 -5
right_child=1 3 -4 16 8 6 10 -9 11 -11 -12 13 -14 -15 -16 -17 -18 -19 -20 -21 21 22 -24 -25 25 -27 27 -29 -30 -31
leaf_value=-0.0016741672340966709 0.010817257386338763 0.02259817214433844 -0.029793097118991307 -0.0014268509467593416 -0.029849716792128691 -0.028762940882049434 -0.014125358275033549 0.12221498946774503 -0.048966867417136503 -0.0077091746314816899 -0.0027673685919109457 -0.028969973612942991 0.042926003643595514 -0.017218034658380423 -0.0069487441450391376 0.044800014140434351 -0.016292211330215908 -0.0042361150778399441 0.041113006142554497 -0.0029662827372621014 0.051517178088055053 0.029152128495617283 0.0012646454936958828 0.012918237858746032 -0.022503355058077726 0.0001455723164618477 -8.321418905932594e-05 0.037117934135145983 -0.0084737265119975563 0.013393014230671147
leaf_weight=1141.4284223616123 5400.7070986777544 1252.6864076480269 1390.6833869107068 23072.475046984851 2039.4509135112166 1006.7751232385635 314.79494210332632 27.895134583115578 116.99253822118044 8370.388679407537 6129.4676646962762 111.3093978241086 580.22105456888676 1262.9566230028868 553.35731767117977 836.07636454701424 1302.8808707743883 847.73195748776197 512.12319456785917 16010.77980203554 924.77928218245506 2469.1592241451144 2319.5547171980143 3682.388480886817 3418.4694497212768 5397.7724051997066 1622.8552555441856 1350.6721526458859 8731.0308273658156 8479.5357573181391
leaf_count=12177 24066 5244 18384 104886 13093 5065 1847 154 731 47930 29701 919 3122 7419 3078 3962 7621 4786 2938 78801 4277 10918 10199 15233 18520 24479 7987 5754 42887 39481
internal_value=-1.59843e-05 0.000384433 -0.0171176 -0.000163962 -0.00412201 0.00147829 -0.00150497 -0.0246925 -0.00821711 -0.0120469 0.00155763 0.00340141 0.0275064 -0.00274546 0.017113 0.0286823 0.00103991 0.00967887 0.0286002 0.00133136 0.00245077 0.0214504 0.015644 0.000503792 -0.00037411 -0.00863648 0.00130987 0.0168147 0.00016536 0.00255596
internal_weight=110677 108145 2532.11 102745 23962.2 10121.1 8868.37 1034.67 13841.2 10409.8 7833.7 3431.33 697.214 2734.12 1704.23 1150.87 78782.4 1471.16 623.433 77479.5 61468.7 5713.49 4788.71 55755.2 52072.8 8816.24 43256.6 2973.53 40283 31552
internal_count=555659 525098 30561 501032 129989 49051 43807 5219 80938 61023 38588 19915 3853 16062 8887 5809 371043 8643 3857 363422 284621 25394 21117 259227 243994 42999 200995 13741 187254 144367
is_linear=0
shrinkage=0.05


Tree=55
num_leaves=31
num_cat=0
split_feature=5 13 38 10 38 25 32 32 12 25 20 43 11 32 32 34 25 34 32 10 0 13 28 32 13 43 34 43 43 38
split_gain=286.923 411.391 215.873 181.65 144.418 132.792 132.113 129.588 102.433 102.316 96.9012 89.0357 85.1456 128.042 157.126 107.555 85.1295 91.0101 84.2218 79.632 78.6294 93.1233 80.2344 76.4346 144.041 177.165 144.428 107.032 98.0723 83.0523
threshold=-0.064516129032257605 0.0079769676408266241 -0.0045571825263037149 0.029288515640657549 -0.15743230391221216 0.95365516888695712 7.5000000000000009 11.500000000000002 0.26428571428571457 0.67624960084152008 0.0362570208965712 1.5000000000000002 0.40475217890832021 8.5000000000000018 3.5000000000000004 2.8361459037824157 0.51856776989755715 4.0404158334296962 10.500000000000002 0.043823489357810323 0.085039000937617862 0.017265632349602975 0.062058637139690544 6.5000000000000009 0.039292095377085091 1.0000000180025095e-35 3.166002196318539 1.0000000180025095e-35 2.5000000000000004 -0.036264384611980775
decision_type=10 10 10 10 8 10 2 2 10 10 8 2 8 2 2 2 10 2 2 8 10 10 8 2 8 2 2 2 2 8
left_child=4 6 3 -3 11 7 16 8 -4 -9 -6 18 13 14 -12 -15 17 -2 -1 -13 22 -22 23 24 25 26 29 -25 -26 -14
right_child=1 2 5 -5 10 -7 -8 9 -10 -11 12 19 20 15 -16 -17 -18 -19 -20 -21 21 -23 -24 27 28 -27 -28 -29 -30 -31
leaf_value=0.028609228477374904 0.012039655963953719 -0.0083819940457060919 0.017699344657808196 0.0012503728873976558 -0.024547765102252803 0.0079549552616026177 -0.029851180518919707 0.020162107824224621 -0.0014337728651405627 0.0014885997330733208 -0.0085329525710259833 0.0049607328997809353 0.0040420139417080558 0.042263118806344535 0.03646256339758687 -0.025500346981669794 -0.021246837707733592 -0.017687657040961504 -0.016940564429080866 0.031258452192471226 0.075201047896145928 0.012970050402206638 -0.0044396812356556235 -0.0099098140893694592 0.012434477925536145 -0.0046977648513091995 0.027854054321408195 0.0066935368565391937 -0.0021897729331095653 -0.051913513007264191
leaf_weight=1008.2258792221546 609.2246457375586 14714.11702144891 714.19628345966339 7334.1419561803341 335.01981649920344 5776.0591877773404 1515.4545699283481 1327.7079470157623 34075.08717802912 1639.2136218473315 266.84417396783829 2841.6118125244975 238.15549371391535 74.391264908015728 710.94495973736048 275.11046276241541 934.43298215419054 445.91241917014122 112.8406051248312 320.31593732535839 70.36103068292141 412.83186519145966 4588.7240584939718 1051.2689458876848 3334.1669094860554 10512.947439223528 788.64792530238628 12657.438281230628 1747.1359000504017 91.904796607792377
leaf_count=4488 6266 82631 3823 31885 1779 24875 18302 5895 163767 7159 1532 11913 1047 446 3725 1769 10458 4559 467 1334 305 1788 21788 5715 15282 53628 3435 57574 7854 397
internal_value=-6.59562e-05 -0.00203899 -0.001147 -0.00517788 0.00322342 0.000894571 -0.0187286 -0.000185548 -0.00104099 0.00984506 0.00222126 0.0119174 0.00246482 0.0148984 0.024183 -0.0110769 -0.0102565 -0.00052343 0.0240244 0.0076248 0.00199986 0.0220319 0.00172339 0.00265302 0.000383176 -0.00268481 0.0162317 0.00542029 0.00740613 -0.0115387
internal_weight=110524 69085.5 65580.5 22048.3 41438.9 43532.3 3505.02 37756.2 34789.3 2966.92 37155.9 4282.99 36820.9 1327.29 977.789 349.502 1989.57 1055.14 1121.07 3161.93 35493.6 483.193 35010.4 30421.7 16713 11631.7 1118.71 13708.7 5081.3 330.06
internal_count=555886 359620 320035 114516 196266 205519 39585 180644 167590 13054 178064 18202 176285 7472 5257 2215 21283 10825 4955 13247 168813 2093 166720 144932 81643 58507 4879 63289 23136 1444
is_linear=0
shrinkage=0.05


Tree=56
num_leaves=31
num_cat=0
split_feature=3 10 43 34 7 33 0 32 20 32 33 34 33 33 32 33 33 33 43 5 7 33 33 33 32 33 28 33 33 33
split_gain=280.956 255.281 187.242 222.074 220.709 178.446 171.491 163.389 158.772 163.415 174.655 195.377 323.456 222.727 278.486 199.205 248.664 247.664 257.139 141.796 233.175 205.137 532 222.807 367.826 342.057 272.948 205.822 182.8 665.149
threshold=-0.1203907349538421 0.011598067529362819 2.5000000000000004 3.6467536778901413 -0.10836303430540294 -4436.4999999999991 0.073716556411942982 11.500000000000002 0.055891435732891674 3.5000000000000004 -4917.4999999999991 4.4846958734632851 -4131.9999999999991 -4555.4999999999991 1.5000000000000002 -2731.4999999999995 -4875.4999999999991 -4501.4999999999991 3.5000000000000004 -0.035954977780680124 -0.07172704786847077 -4501.4999999999991 -4399.4999999999991 -3998.4999999999995 10.500000000000002 -3908.4999999999995 0.10273187527046435 -4380.4999999999991 -2219.4999999999995 -1773.9999999999998
decision_type=10 8 2 2 10 2 10 2 8 2 2 2 2 2 2 2 2 2 2 8 10 2 2 2 2 2 10 2 2 2
left_child=-1 2 4 7 -2 -5 8 -4 -3 10 -10 12 13 14 -12 16 -13 -18 -19 21 -21 -11 -23 24 26 -25 27 -24 -27 -30
right_child=1 6 3 5 -6 -7 -8 -9 9 19 11 15 -14 -15 -16 -17 17 18 -20 20 -22 22 23 25 -26 28 -28 -29 29 -31
leaf_value=0.010629139886581259 0.0082974738478751447 -0.022339080106081887 0.0089135201713601772 0.15056507945363615 -0.025330264010154022 -0.012865442717333845 0.012386803772502303 0.064817943884475301 0.024814571022747773 0.017218185214927264 0.022276299306266411 -0.046550259658390977 -0.0038360898476897248 -0.031332244760509616 -0.026835753794631264 -0.0065872217558201485 0.047337267220571869 0.028444005277934031 -0.0074486598225401521 -0.0044059234103176964 0.003135408887136701 -0.029961971318457178 -0.010176940553186558 -0.039601820282879285 -0.029533444282542128 -0.00069254349833370796 -0.029485566189614523 0.029486384318414501 0.028777826616115949 -0.00061167106884269212
leaf_weight=5828.1183448657393 601.86691835895181 816.38980749994516 878.86008232459426 16.848046444356441 2577.6775754131377 1932.5981598682702 2703.2269278764725 153.53018651157618 515.34268493950367 2501.4212247282267 540.49098201096058 163.55113821476698 13325.205795399845 2064.8982418701053 619.47556935995817 2394.7452829107642 533.50372067093849 921.80369397252798 1087.9055470973253 22526.382624976337 18808.185993000865 1224.2467494755983 372.11516392230988 485.29989778995514 411.28831396996975 14416.240800350904 251.55292700231075 2702.5374047607183 2771.9939106851816 6302.1081084981561
leaf_count=25959 3982 4807 7161 87 32342 15945 11539 985 2134 10453 2241 905 70124 12518 3948 12291 2550 5147 5832 106071 85198 6306 1687 2405 2011 66595 1056 11439 13007 29437
internal_value=-5.53311e-05 -0.000650529 -0.0105238 -0.00152314 -0.0189648 -0.011453 -3.26848e-05 0.0172273 -0.000383289 -0.000194492 -0.00395308 -0.0046378 -0.00727481 -0.0214836 -0.0039518 0.00391705 0.0132105 0.0170536 0.00901441 0.000950383 -0.000974443 0.00348107 0.0022936 0.00371851 0.0150735 0.00194842 0.0205892 0.0246861 0.00280682 0.00836635
internal_weight=110449 104621 6161.38 2981.84 3179.54 1949.45 98459.9 1032.39 95756.7 94940.3 22166.9 21651.6 16550.1 3224.86 1159.97 5101.51 2706.76 2543.21 2009.71 72773.4 41334.6 31438.8 28937.4 27713.1 3737.49 23975.6 3326.21 3074.65 23490.3 9074.1
internal_count=556162 530203 60502 24178 36324 16032 469701 8146 458162 453355 117690 115556 88831 18707 6189 26725 14434 13529 10979 335665 191269 144396 133943 127637 16193 111444 14182 13126 109039 42444
is_linear=0
shrinkage=0.05


Tree=57
num_leaves=31
num_cat=0
split_feature=5 8 25 32 9 5 43 37 7 34 12 43 26 9 11 11 20 34 34 39 0 35 29 34 7 26 9 32 26 25
split_gain=259.477 333.052 139.236 156.021 126.224 120.286 135.848 118.759 104.042 137.202 103.949 163.526 90.755 110.284 87.5464 83.4563 82.6487 79.3232 79.087 75.764 112.152 67.5565 177.826 101.675 89.4367 64.7192 80.8784 79.3565 63.4993 62.5815
threshold=-0.071892966155618118 0.038732713020202654 0.96083944131617871 11.500000000000002 1.1023543309592657e-09 -0.27703426852519841 3.5000000000000004 -0.074889867841433852 -0.06685750597729366 2.7113724724615449 2.4857142857142871 3.5000000000000004 0.72418595716069556 0.034110949060413516 1.5473771657582678 0.86351308646068825 0.0362570208965712 3.542406503050497 7.5105126514442784 1.0000000180025095e-35 0.0955882352941161 -9.0538687658181503e-14 -0.015238349638129247 2.174751732321369 -1.0000000180025095e-35 0.34770502215199683 0.013193789935307109 1.5000000000000002 0.3520124610591901 0.50611000497760095
decision_type=10 10 10 2 10 8 2 10 10 2 10 2 10 10 10 8 8 2 2 8 10 10 10 2 10 10 10 2 10 10
left_child=5 4 3 7 21 6 -1 -3 18 -10 11 17 14 15 16 -14 -7 -5 25 -18 -21 22 23 -2 -25 27 29 -9 -16 -27
right_child=1 2 -4 10 -6 12 -8 8 9 -11 -12 -13 13 -15 28 -17 19 -19 -20 20 -22 -23 -24 24 -26 26 -28 -29 -30 -31
leaf_value=0.016894439959958443 -0.02031639784148366 0.0088810786141329638 0.0077870653355841223 -0.012978301018074912 -0.0075568735153402639 -0.028437956872055484 -0.0049170148965223311 0.0096188981176202372 0.011564387133831741 -0.0011070805908755239 -0.0038259567710211607 0.021964993681009442 0.0057038386727348098 0.0035876524483343889 0.074045862810484045 -0.010970183188076355 0.0050546400751457377 0.019312436185093724 0.049475339692557407 -0.0033098187874887387 0.053597252041926141 -0.029118461344202307 -0.020870684956877827 0.052181626380127355 0.27141734811025375 0.0044292784157270301 -0.0035925460330246649 -0.011352722963789917 0.018714255288145524 0.05745772744735949
leaf_weight=2974.9729072153568 8.8680498860776442 2528.3964625373483 5047.3624709546566 655.36945649981499 11110.25058369711 199.9863078892231 939.26866662502289 496.80475042760372 2402.7587120905519 19258.073797460645 1200.3343053907156 1935.8084331825376 951.64946170151234 4560.0657314956188 64.12196072936058 3549.4130237028003 21422.592478394508 267.94682010635734 67.871486127376556 4292.3137002773583 88.362110629677773 1040.2049822509289 108.27205507084727 7.7346077337861088 11.671929880976675 135.23041333258152 19540.20378177613 4901.6399134397507 270.9651266336441 94.529790058732033
leaf_count=12706 138 11116 21623 2984 72747 1139 3936 2509 11204 94677 5154 8352 4146 19780 310 16236 103502 1256 342 22097 390 17197 1660 82 169 712 91305 26034 1271 453
internal_value=8.5928e-05 -0.00172232 -0.000151318 -0.000900461 -0.00920617 0.00334328 0.0116605 -0.0016744 -0.00224348 0.00029852 0.00852249 0.0137067 0.00242361 -0.00189267 0.00390854 -0.00744483 0.0035813 -0.00360751 -0.00442533 0.00382946 -0.00216195 -0.0247779 0.00828794 0.119945 0.184039 -0.00457069 -0.00324576 -0.00942276 0.0293025 0.0262467
internal_weight=110133 70819.3 58532.3 53485 12287 39313.7 3914.24 49425.5 46897.1 21660.8 4059.46 2859.12 35399.5 9061.13 26338.3 4501.06 26003.3 923.316 25236.3 25803.3 4380.68 1176.75 136.547 28.2746 19.4065 25168.4 19770 5398.44 335.087 229.76
internal_count=555227 369714 277721 256098 91993 185513 16642 238352 227236 105881 17746 12592 168871 40162 128709 20382 127128 4240 121355 125989 22487 19246 2049 389 251 121013 92470 28543 1581 1165
is_linear=0
shrinkage=0.05


Tree=58
num_leaves=31
num_cat=0
split_feature=10 43 5 0 20 6 26 32 32 32 11 43 12 32 8 5 35 35 35 7 43 43 43 8 7 11 12 13 2 26
split_gain=229.255 230.559 201.281 190.776 177.049 145.422 140.627 120.625 162.323 298.315 170.665 163.026 263.573 136.032 120.834 130.722 116.429 135.858 108.826 110.163 134.572 106.302 100.774 165.237 99.4571 97.7541 97.3444 90.7105 89.7676 88.2259
threshold=0.0043219270289705852 3.5000000000000004 -0.222857142857143 0.085039000937617862 0.10700034866577436 20.76357272153437 0.049698521666485057 4.5000000000000009 8.5000000000000018 10.500000000000002 0.40475217890832021 2.5000000000000004 0.88571428571428668 1.5000000000000002 0.32825587600640399 -0.067370323071488589 -1.7597034940308728e-14 -1.9928503292021557e-14 -0.0042895615572980375 -0.078511635132953325 5.5000000000000009 3.5000000000000004 2.5000000000000004 0.02631964507870577 -0.48479984435040607 1.2708299505887353 1.0500000000000018 0.039924470300061708 -0.0034039656445996598 0.34379101049868771
decision_type=8 2 8 8 8 10 8 2 2 2 8 2 10 2 8 8 10 10 10 8 2 2 2 10 8 8 10 10 10 8
left_child=1 -1 5 4 -4 -2 -6 13 10 18 -9 25 -13 22 15 -15 17 -3 -10 20 -20 -7 27 -24 -12 28 -17 -8 -11 -29
right_child=2 16 3 -5 6 21 7 8 9 11 24 12 -14 14 -16 26 -18 -19 19 -21 -22 -23 23 -25 -26 -27 -28 29 -30 -31
leaf_value=-0.032813349134401197 0.022737072727291377 0.027476160765667407 -0.019176700160021598 0.014937252673181882 -0.010530311038671591 0.0087597359985764466 0.0041371235679362349 0.026879940937545085 0.0025252470924625385 0.0076298754932928028 -0.056429246168572103 0.020694975728053434 0.0018552216097262261 -0.0012820070615052251 0.0050212744003061598 -0.016435219984739863 -0.022430602281314008 0.20091319610843114 -0.012598411238911384 -0.0026984179549324437 0.050455686510147812 -0.0050148422327011598 -0.025839289162528367 0.0014289951464798189 0.0031993424351928045 -0.010472973566560262 -0.00639450192550423 0.065074520673144107 -0.0040216794860308824 0.017687923390725526
leaf_weight=995.06587307155132 1353.6054594516754 204.10805396735668 1279.163436871022 1990.8828713595867 3343.2106512263417 4871.8740596175194 1759.7603946588933 770.91408085823059 2943.1122870966792 3204.8088863715529 70.088062345981598 2831.8564567640424 5390.0239360630512 6702.5968425348401 2525.8093551397324 3933.8635003529489 132.71394808962941 11.952480662614105 7750.4880110137165 5540.6771945990622 85.553208723664284 1965.7774912416935 611.2835282124579 6094.3809449523687 31103.900967072695 2235.6066517494619 6247.5729774162173 113.88797135651112 3414.0992914587259 714.24531991779804
leaf_count=17272 6016 3029 8908 8544 21982 20900 9271 4309 14504 14887 291 12813 23373 35287 11669 24656 2032 175 38433 28707 368 8286 3415 28404 140325 11195 35884 520 17489 3074
internal_value=-2.67649e-05 -0.0205521 0.000226639 -0.000386714 -0.000695919 0.0077638 -0.000453178 -9.49439e-05 0.0010919 -0.00134545 0.00363999 0.0032743 0.00834418 -0.00279672 -0.00517851 -0.00670437 0.0144296 0.0370707 -0.00617936 -0.00809453 -0.01191 0.00479964 0.00217772 -0.00105676 0.00306528 -0.00143334 -0.010274 0.0105588 0.00161989 0.0242047
internal_weight=110193 1343.84 108849 100658 98666.9 8191.26 97387.7 94044.5 65341.1 33396.2 31944.9 17076.4 8221.88 28703.4 19409.8 16884 348.774 216.061 16319.8 13376.7 7836.04 6837.65 9293.56 6705.66 31174 8854.51 10181.4 2587.89 6618.91 828.133
internal_count=556018 22508 533510 498308 489764 35202 480856 458874 306694 161769 144925 79757 36186 152180 107496 95827 5236 3204 82012 67508 38801 29186 44684 31819 140616 43571 60540 12865 32376 3594
is_linear=0
shrinkage=0.05


Tree=59
num_leaves=31
num_cat=0
split_feature=5 13 38 13 32 5 28 25 32 25 32 32 12 12 28 19 19 12 32 10 5 10 7 32 34 35 34 20 28 10
split_gain=233.647 337.581 170.735 167.286 105.685 105.071 129.089 95.9735 114.927 87.0904 85.4285 97.7099 140.027 97.0336 88.2614 80.6887 79.8977 88.0332 75.1557 70.5949 68.0303 91.0656 67.349 66.7383 93.7552 66.531 66.0698 64.5779 63.7919 139.713
threshold=-0.067370323071488589 0.01033359067025383 -0.0093264763924557053 0.030925677028700981 7.5000000000000009 -0.27703426852519841 0.025265499478065879 0.96083944131617871 11.500000000000002 0.67624960084152008 9.5000000000000018 4.5000000000000009 12.417857142857143 0.35000000000000009 0.1001184710061133 0.88150917204903934 -0.17718034244085737 0.47142857142857048 1.5000000000000002 0.043221440705500089 0.12019230769230906 0.013945423062915843 -0.34615384615384603 4.5000000000000009 2.0979991079743008 0.088518620943876317 7.0268707559321966 1.4226085385325724 0.018515618099927248 0.036455110155390234
decision_type=10 8 10 10 2 8 10 10 2 10 2 2 10 10 10 10 8 8 2 10 10 10 10 2 2 10 2 10 10 10
left_child=5 4 3 23 -2 6 -1 8 10 -10 11 12 15 14 -13 20 -7 27 -5 -20 -4 -22 -21 -3 -25 -19 -15 -18 -12 -30
right_child=1 2 7 18 -6 16 -8 -9 9 -11 28 13 -14 26 -16 -17 17 25 19 22 21 -23 -24 24 -26 -27 -28 -29 29 -31
leaf_value=0.014785678514280566 -0.0088211340147432964 -0.01550678062059957 -0.011767345781187065 0.014277686733080039 -0.025141013971808814 0.00010777239227480803 -0.0097390131883067395 0.0073190415651351731 0.018014360949536064 0.0015354019473681805 -0.0017576892351379219 0.010865393702145962 0.017400918212119348 0.0018608254511964181 0.051007737563952729 0.0029609999231057127 0.0075242736232111074 0.0027572714573650074 -0.0033029607134197219 0.028900924304005367 0.064506911826124336 -0.0034119736823310163 0.0025913985516279052 0.034358914386712035 -0.0075287743174233673 0.042040957634111857 -0.019237025177155573 0.023712280532737811 -0.017284434076056353 0.01544019296385632
leaf_weight=3264.052249006927 2310.1901773437858 3172.7636460214853 4309.823522053659 799.51702900975943 1738.5823875814676 20949.106899321079 642.1191241890192 4957.6164419427514 1462.6919724345207 1774.4124267101288 3219.286308221519 888.36052560806274 741.34453278779984 18795.199238665402 161.88514583557844 2388.6699459776282 1853.6512910500169 12775.148622237146 8558.9814778417349 325.9519849717617 50.043362632393837 3577.4161488860846 958.64766278862953 136.51157695800066 6234.5287501290441 108.69737165421247 378.55305094271898 922.77415464445949 2162.3993296101689 384.08991846442223
leaf_count=13916 24107 20545 25061 3594 20569 100470 2713 21195 6492 7728 15780 4173 3784 85413 735 12406 8860 60948 41454 1334 332 17637 4016 627 33109 485 2025 4527 10155 1565
internal_value=-5.87318e-05 -0.0018183 -0.000951433 -0.00477525 -0.015829 0.00295906 0.0107542 0.000754378 -5.33096e-05 0.00898145 -0.000842537 0.000187975 -0.00358897 0.00225485 0.0170529 -0.00509592 0.00212734 0.00482896 -0.000465106 -0.00166255 -0.00752059 -0.00247498 0.00926713 -0.00958185 -0.00663125 0.0030887 0.00144428 0.0129045 -0.0064352 -0.0123485
internal_weight=110003 69487.5 65438.7 20186.9 4048.77 40515.5 3906.17 45251.8 40294.2 3237.1 37057.1 31291.3 11067.3 20224 1050.25 10326 36609.4 15660.3 10643.1 9843.58 7937.28 3627.46 1284.6 9543.8 6371.04 12883.8 19173.8 2776.43 5765.78 2546.49
internal_count=555755 363836 319160 104679 44676 191919 16629 214481 193286 14220 179066 151566 59220 92346 4908 55436 175290 74820 50398 46804 43030 17969 5350 54281 33736 61433 87438 13387 27500 11720
is_linear=0
shrinkage=0.05


Tree=60
num_leaves=31
num_cat=0
split_feature=10 28 5 2 34 2 5 7 26 10 10 34 10 43 8 32 20 28 32 32 39 9 43 20 25 32 28 5 32 25
split_gain=199.874 181.927 221.191 157.576 129.996 121.491 120.694 135.069 123.787 132.418 106.411 105.567 103.747 88.2508 86.6623 85.7746 89.212 84.6653 90.8513 117.003 115.931 127.478 129.198 118.633 94.155 84.0468 109.73 81.4982 86.3949 80.5119
threshold=0.016175907577122211 0.030706103326415251 -0.10132158590308403 -0.10396377667855587 5.1282701596522822 0.25129882365608908 -0.044314311568627023 -0.07172704786847077 0.63523301371275409 0.033014480929844096 0.0071445133233992977 2.9258425522898488 0.024796908702423692 5.5000000000000009 0.3116942472518342 2.5000000000000004 1.3077596834982341 0.062058637139690544 6.5000000000000009 8.5000000000000018 1.0000000180025095e-35 0.023649010247036435 1.5000000000000002 0.41856756832060066 0.19273235144743528 9.5000000000000018 -0.077272581276800104 -0.17910447761194195 10.500000000000002 0.21640567653535603
decision_type=8 10 10 10 2 10 8 10 10 10 10 2 8 2 10 2 10 10 2 2 10 10 2 10 10 2 10 10 2 10
left_child=1 2 4 -2 27 6 8 12 17 -10 -4 -3 14 -9 -8 16 -12 18 20 29 21 22 24 -23 -5 26 -21 -1 -29 -20
right_child=3 11 10 5 -6 -7 7 13 9 -11 15 -13 -14 -15 -16 -17 -18 -19 19 25 -22 23 -24 -25 -26 -27 -28 28 -30 -31
leaf_value=0.019770070783512388 0.011664231600940734 0.02146677905556682 -0.023626537898445845 -0.013162333471057256 -0.024413516451377959 0.018838599144216494 -0.0081746111110347248 0.0028272900601349835 -0.0043200626429206338 0.0057928574364872589 -0.028096705164808396 0.00055511720794249595 -0.0013338381907650003 -0.0093009547192485879 0.036642564468132688 -0.0071418300015549194 0.0031142718710434427 -0.0034102217524574771 0.0070877528941904249 -0.046798411063976392 -0.011915813801563473 -0.011751383099563412 -0.001006354881020019 0.022101490047407326 0.028215302912652299 0.0090897228218003029 -9.6589882761119214e-05 -0.0025280926509394057 0.025364446410173977 0.02522782405803389
leaf_weight=855.96943983435631 3332.2913789898157 708.56526294350624 1517.5697820484638 172.17028381675482 377.73784183710814 902.52297255396843 9158.8277473002672 20114.309833116829 9419.4125796332955 4931.6900315880775 1013.3415620587766 4070.9985894523561 21854.035964004695 1620.7588681578636 109.15062391757965 7270.5241786912084 295.78349587321281 2482.2503839731216 942.45342204719782 146.72368953377008 1130.514091335237 309.44609427452087 5545.016499042511 1581.0441129207611 682.41928124427795 4480.8496789261699 880.96583765745163 1879.2952767908573 325.74111214280128 1742.7994368448853
leaf_count=4189 14722 3670 25506 770 2018 3801 49757 91788 42819 20989 8316 24945 100286 7212 525 46579 2162 11079 4092 706 5717 1350 27535 7160 3043 20589 4220 10470 1622 8068
internal_value=3.71203e-05 -0.00473084 -0.00769198 0.000991108 0.00326046 0.000587899 0.000399231 -0.00110157 0.00270208 -0.000844804 -0.011422 0.00365525 -0.0032138 0.0019229 -0.00764679 -0.00926323 -0.0210449 0.00523492 0.0064532 0.0103035 0.00310429 0.00515257 0.00178265 0.0165603 0.0198791 0.00613196 -0.00676423 0.00667551 0.00159236 0.0188611
internal_weight=109855 18315.5 13536 91539.7 3438.74 88207.4 87304.8 52857.1 34447.8 14351.1 10097.2 4779.56 31122 21735.1 9267.98 8579.65 1309.13 20096.7 17614.4 8193.79 9420.61 8290.1 6399.61 1890.49 854.59 5508.54 1027.69 3061.01 2205.04 2685.25
internal_count=555705 129477 100862 426228 18299 411506 407705 249568 158137 63808 82563 28615 150568 99000 50282 57057 10478 94329 83250 37675 45575 39858 31348 8510 3813 25515 4926 16281 12092 12160
is_linear=0
shrinkage=0.05


Tree=61
num_leaves=31
num_cat=0
split_feature=20 5 33 33 33 38 33 33 34 33 33 33 33 28 33 33 28 7 26 33 34 33 7 33 33 12 34 34 28 33
split_gain=188.284 185.375 266.243 460.037 233.694 218.515 208.353 225.809 248.897 205.856 210.767 286.464 303.252 210.592 201.914 252.582 343.993 188.217 187.032 193.193 180.025 197.827 222.874 197.217 173.548 160.193 152.601 152.304 151.255 141.687
threshold=0.10700034866577436 -0.070261044742744513 -2385.4999999999995 -1773.9999999999998 -2527.4999999999995 0.0022271714921684453 -1233.9999999999998 -1134.4999999999998 3.3013753505938035 -1944.4999999999998 -2327.4999999999995 -2219.4999999999995 -2042.4999999999998 -0.19286158683656038 -2975.4999999999995 -3152.4999999999995 -0.041712048994506257 -0.37777777777777777 0.26705388454275697 -1631.4999999999998 2.1341489346727696 -2731.4999999999995 -0.16052825362375014 -2812.4999999999995 -2654.4999999999995 4.8357142857142934 3.4515723332122272 2.0476720312775929 -0.024167955764177428 -2993.9999999999995
decision_type=8 10 2 2 2 10 2 2 2 2 2 2 2 10 2 2 10 10 10 2 2 2 10 2 2 10 2 2 10 2
left_child=-1 2 4 9 14 18 17 -8 -9 10 25 13 -13 -12 15 -2 29 -5 19 -3 23 -22 24 -16 -23 -4 -11 -14 -26 -17
right_child=1 5 3 6 -6 -7 7 8 -10 26 11 12 27 -15 20 16 -18 -19 -20 -21 21 22 -24 -25 28 -27 -28 -29 -30 -31
leaf_value=-0.017230916615064859 0.0010311819964470149 -0.0076956716023184454 0.050531485940810264 0.032747517690276319 -0.014599503138540077 0.0008782872628907356 0.039681632914085205 0.039488870066583789 -0.0078026894169227331 0.058002041539684815 0.022486287302577374 0.033249270436873563 0.06399736086437828 -0.042168632668011075 -0.066076326380040656 0.02419055888491424 -0.032311285328409413 -0.0057373958084428909 -0.0021471912487851879 -0.02804130667557217 0.021820032737404904 -0.023861835551695146 -0.02345473380773145 0.0047309368312427368 0.033268653320193659 -0.0035466982820583424 0.021653617852720613 -0.011640470370470821 -0.0015782066871158726 -0.05688064207536303
leaf_weight=1584.2689387686551 17055.979287907481 7029.3181460723281 602.09934648871422 337.72931143641472 2465.242540769279 41333.722232021391 641.55670180916786 372.25211507081985 1101.4459004960954 573.53089589625597 182.53914211690426 1235.3225326985121 72.630139738321304 406.21671076864004 154.95748175680637 480.39375837147236 1306.8232934996486 5357.2204838171601 19330.348200503737 1398.9937883391976 2726.3846547603607 281.79937075823545 629.98463328927755 269.14747643470764 783.56162865459919 177.25884388387203 581.53216607123613 795.49825005233288 516.78345632553101 60.703444115817547
leaf_count=12830 81076 43489 2568 1419 11557 193889 2875 1660 5068 2774 765 6157 312 1853 655 2718 7089 25675 102224 18704 11665 1303 3515 1184 3382 756 2673 3512 2270 284
internal_value=-0.000118645 0.000131773 0.0028797 0.00892335 6.79223e-05 -0.00142603 0.00152197 0.0149219 0.00414303 0.0214176 0.015334 0.00870541 0.0173342 -0.0221229 0.00155799 -0.000871205 -0.0184299 -0.00345511 -0.00485726 -0.0110728 0.0101212 0.0128059 0.00169614 -0.0211403 0.0117108 0.0382318 0.0397019 -0.00531239 0.0194198 0.0150955
internal_weight=109845 108261 39168.6 12436.8 26731.8 69092.4 7810.2 2115.25 1473.7 4626.63 3471.56 2692.21 2103.45 588.756 24266.5 18903.9 1847.92 5694.95 27758.7 8428.31 5362.62 4938.51 2212.13 424.105 1582.14 779.358 1155.06 868.128 1300.35 541.097
internal_count=555901 543071 184765 58067 126698 358306 36697 9603 6728 21370 15923 12599 9981 2618 115141 91167 10091 27094 164417 62193 23974 22135 10470 1839 6955 3324 5447 3824 5652 3002
is_linear=0
shrinkage=0.05


Tree=62
num_leaves=31
num_cat=0
split_feature=37 10 28 34 5 5 0 35 10 32 12 34 13 1 5 6 32 32 32 34 34 25 34 13 10 43 32 12 12 25
split_gain=189.79 184.724 211.665 143.431 117.451 105.289 105.18 109.29 98.0612 89.638 89.3333 79.5686 76.0203 79.6747 72.6671 71.8335 71.7729 69.5433 158.621 87.5695 147.886 68.0631 92.0327 100.83 123.001 76.2538 67.5325 102.653 64.6633 61.3136
threshold=-0.069787402842924659 0.014353459837654382 0.1001184710061133 2.425103520178594 0.17443504394141421 -0.23763045126965529 0.0053191489361702491 -0.003446691221968889 0.006621645158914149 6.5000000000000009 0.4142857142857147 5.5132270926030644 0.079765421423188709 0.23503866064581072 -0.031821180065879688 26.634018698830733 3.5000000000000004 3.5000000000000004 5.5000000000000009 3.0750027876182671 4.1797571473727695 0.6327216610549945 2.2565274485401434 -1.0000000180025095e-35 0.0095870466906973536 3.5000000000000004 10.500000000000002 1.0000000180025095e-35 0.57857142857142907 0.0058910289779628673
decision_type=10 8 10 2 10 8 10 10 10 2 10 2 10 10 8 10 2 2 2 2 2 10 2 10 10 2 2 10 10 10
left_child=5 2 3 21 8 29 7 16 9 11 17 -5 13 -7 -9 -16 -3 -10 19 -19 -21 22 -2 24 -24 -25 -20 -28 -4 -1
right_child=1 6 28 4 -6 12 -8 14 10 -11 -12 -13 -14 -15 15 -17 -18 18 26 20 -22 -23 23 25 -26 -27 27 -29 -30 -31
leaf_value=-0.016301970358244031 0.0039619839797926963 -0.0040675469553789374 0.053424673609907075 -0.005179699784679242 0.032254471435703792 0.0018112050292583108 0.0023303940513891121 -0.00017542662424353643 -0.017224959775669471 -0.036192038731974192 -0.011034308879684297 -0.048750856246611483 0.01858004777735537 0.06363514702546938 -0.015956715952081001 -0.0037637861340683969 0.0045373363550299754 0.010446998587464619 -0.01102208237207475 0.093552822431645838 -0.053350082900727326 -0.010743294305058949 0.24601365425311883 0.0070709095763012795 0.023922103741189683 0.067663276409576908 -0.027493949313698935 0.026854842636720246 0.013081170800206996 0.017089605052152082
leaf_weight=146.19126586616039 296.52155221998692 3147.3038256689906 119.5951664224267 718.78559923917055 163.15904607623816 8782.0216120630503 31127.936415612698 17583.124779745936 387.88309106603265 655.57199908420444 6986.3207779861987 122.66240665316582 767.84310325235128 52.424224302172661 1277.8217262625694 22093.083858475089 10534.615429446101 108.974415153265 683.9803715609014 111.67232048138976 20.236511580646038 217.34301570430398 13.156961951404812 114.48331912979484 11.848499894142149 95.019775785505772 114.9504979364574 355.81715959683061 585.95773557201028 2305.6784392148256
leaf_count=614 2522 17067 888 11254 891 41328 143149 83910 3510 12018 45953 1898 3276 236 7769 105172 48154 635 4717 586 149 1863 148 1002 65 540 1351 2137 3200 9902
internal_value=-6.82189e-05 -0.000798915 -0.00664106 -0.0083175 -0.00983462 0.00585097 1.06061e-05 -0.00131106 -0.0105035 -0.0223307 -0.00848457 -0.0115313 0.00348965 0.00217807 -0.0026036 -0.00443044 0.00255792 0.00150316 0.0067082 0.0436149 0.071016 0.0128264 0.0224731 0.0458793 0.140779 0.0345525 -0.000990621 0.0135841 0.0199196 0.0150987
internal_weight=109702 97647.8 11883.9 11178.4 10430 12054.2 85763.9 54635.9 10266.9 1497.02 8769.84 841.448 9602.29 8834.45 40954 23370.9 13681.9 1783.51 1395.63 240.883 131.909 748.373 531.03 234.509 25.0055 209.503 1154.75 470.768 705.553 2451.87
internal_count=555904 500548 95327 91239 85099 55356 405221 262072 84208 25170 59038 13152 44840 41564 196851 112941 65221 13085 9575 1370 735 6140 4277 1755 213 1542 8205 3488 4088 10516
is_linear=0
shrinkage=0.05


Tree=63
num_leaves=31
num_cat=0
split_feature=20 38 8 11 32 1 35 32 34 32 26 9 34 43 32 32 9 26 32 32 34 11 34 43 13 43 34 32 34 43
split_gain=181.142 172.458 151.146 135.565 162.905 138.111 121.598 115.108 121.456 117.547 117.674 121.648 115.332 240.279 153.814 140.082 143.275 138.412 132.034 136.195 112.876 113.502 112.232 276.226 159.043 106.549 103.585 102.702 101.848 96.108
threshold=0.13788261125117465 -0.084163584097778452 0.0019596961981240839 0.37976770461234793 7.5000000000000009 0.11104118659197794 -0.0087281795511314191 4.5000000000000009 6.6519592619571357 1.5000000000000002 0.34379101049868771 0.012817878818976317 3.1376634167284494 2.5000000000000004 8.5000000000000018 11.500000000000002 0.039133403526636502 0.3922208586360848 10.500000000000002 9.5000000000000018 4.1018162349887834 1.2557154394781083 3.7506791646028486 1.0000000180025095e-35 0.033617640265456557 1.0000000180025095e-35 4.7591779066044522 6.5000000000000009 3.9444897270009509 1.0000000180025095e-35
decision_type=8 8 8 8 2 8 10 2 2 2 8 10 2 2 2 2 10 8 2 2 2 10 2 2 10 2 2 2 2 2
left_child=-1 6 -3 4 -4 7 -2 8 9 -5 -11 -12 13 25 22 16 -16 -17 19 -15 21 -18 29 24 -24 -9 -8 -25 -13 -14
right_child=1 2 3 5 -6 -7 26 12 -10 10 11 28 14 18 15 17 20 -19 -20 -21 -22 -23 23 27 -26 -27 -28 -29 -30 -31
leaf_value=-0.015641727767575282 0.01344958272499105 -0.0094562954235371879 0.028084655200982953 0.00035082514752208529 -0.014721688815452043 0.0091848340268164009 0.004469495017415657 -0.023991297675450905 0.017098879381012854 -0.014606051868105202 0.027653545955864611 -0.009056765508593299 -0.021955770961860958 0.0072990448463772411 -0.0088396719653063751 0.013832477660545336 0.029241270454504142 -0.003181616116975441 0.018192575137486369 -0.010902556944751899 -0.0069624165997249216 -0.0033751293956593622 0.063588429268573068 -0.0024396210561614851 0.017743563131028366 -0.0024347197407514464 -0.0073848569079497514 0.0069443534261846981 0.0011447031912757068 -0.0012719339163674507
leaf_weight=1835.511577270925 3230.2681155800819 4669.362474385649 846.70609514415264 8240.8878813907504 301.36592097580433 3561.4436634927988 12650.355394937098 653.64364405721426 674.5073553211987 3859.8549709804356 287.47082781046629 6666.922079436481 614.98438265919685 8352.0842552632093 12419.01398262009 1829.8005561307073 667.62675714492798 3447.4996804334223 2394.9691886305809 1171.9506594836712 996.53172725439072 444.19325305521488 269.77725954353809 5275.434112098068 633.21595729887486 4659.7565119415522 2157.0245961099863 6518.3868998251855 3864.9932315051556 6471.3543424010277
leaf_count=15033 14563 42377 4500 39539 2092 15477 56438 3086 4058 26630 1630 36442 2532 37313 65604 8638 2795 14964 10609 5456 4186 1849 1104 25371 2570 21987 9480 30239 19937 29618
internal_value=-6.64362e-05 0.000198687 -0.000697514 -0.000217065 0.0168481 -0.00045037 0.00466009 -0.000877097 -0.00381272 -0.00442812 -0.007111 -0.00443712 0.000341921 0.00375622 -0.00114431 -0.00425926 -0.00679375 0.00271769 0.00769826 0.0050593 0.00525756 0.0162104 0.00197403 0.00478751 0.0314401 -0.00508657 0.00274264 0.00274686 -0.00531304 -0.00306697
internal_weight=109667 107831 89793.7 85124.4 1148.07 83976.3 18037.6 80414.9 23594.6 22920.1 14679.2 10819.4 56820.2 17232.4 39587.8 19804.7 14527.4 5277.3 11919 9524.03 2108.35 1111.82 19783.2 12696.8 902.993 5313.4 14807.4 11793.8 10531.9 7086.34
internal_count=556117 541084 460603 418226 6592 411634 80481 396157 128236 124178 84639 58009 267921 78451 189470 98036 74434 23602 53378 42769 8830 4644 91434 59284 3674 25073 65918 55610 56379 32150
is_linear=0
shrinkage=0.05


Tree=64
num_leaves=31
num_cat=0
split_feature=10 43 33 33 34 32 33 13 33 33 33 33 10 5 33 33 33 33 33 33 33 43 43 34 28 33 33 34 32 34
split_gain=165.761 169.317 161.618 502.688 470.971 268.757 247.605 434.896 270.298 525.726 368.39 281.2 273.388 270.884 230.209 219.246 619.178 656.687 504.85 401.299 375.625 353.147 273.722 239.25 210.06 214 982.662 676.886 452.908 401.096
threshold=0.0043219270289705852 3.5000000000000004 -1233.9999999999998 -1144.4999999999998 3.9229624562873675 1.5000000000000002 -1578.4999999999998 0.01794835558613098 -1944.4999999999998 -1773.9999999999998 -2012.4999999999998 -1695.4999999999998 0.017160042181386285 0.4058206286467157 -1520.4999999999998 -2385.4999999999995 -2731.4999999999995 -2781.4999999999995 -2341.4999999999995 -2219.4999999999995 -2154.4999999999995 3.5000000000000004 1.5000000000000002 4.0868159433114455 -0.11310815923046939 -3636.4999999999995 -3433.4999999999995 3.9328050649669928 11.500000000000002 3.9787461999340556
decision_type=8 2 2 2 2 2 2 8 2 2 2 2 8 10 2 2 2 2 2 2 2 2 2 2 8 2 2 2 2 2
left_child=1 -1 6 -4 5 -5 8 -8 10 13 15 -11 -13 -10 -9 16 17 24 -17 -20 -21 -22 -18 -23 -2 29 27 -27 -28 -26
right_child=2 -3 3 4 -6 -7 7 14 9 11 -12 12 -14 -15 -16 18 22 -19 19 20 21 23 -24 -25 25 26 28 -29 -30 -31
leaf_value=-0.029352538359423492 0.017058487277424889 0.012059265912603964 0.03267016909732505 0.050385217217282889 -0.014532006531200412 0.0080745806374679079 -0.029563305673487791 -0.020338228222902932 0.025331554948018944 -0.013978147761536139 -0.022131985758938169 -0.032770888803961437 0.011366372225716383 -0.0040800817026171096 0.001951618266984553 0.033503591337760298 0.012666645582722494 0.03280786551521802 -0.019033274973590631 0.027403270936315706 0.027047678990253968 0.0015419139655492304 -0.015468693018797861 -0.02640860963012729 -0.007227075218383428 0.032828661079158349 -0.00094674169013594901 -0.0033415070939821372 -0.039538213698740096 0.0044183785360934853
leaf_weight=904.34445245936513 1773.5011436119676 339.48489243164659 1560.4743336774409 446.55674079805613 2668.8784903213382 2352.6787599027157 1869.7842134647071 1448.4003893211484 4125.9926640987396 2714.6035447642207 1913.8610186688602 389.66961916536093 3520.7325192466378 966.1838481426239 5784.8977653756738 1525.1498059257865 959.96718753874302 1578.5122877135873 1753.8359476104379 1791.6447350457311 989.82940101996064 2642.4015858024359 8688.9756029099226 1077.9473668858409 20703.356128163636 3935.6562037095428 16828.428068108857 1926.6702056229115 796.24169979989529 11501.575531058013
leaf_count=17299 8639 5264 7670 2085 13775 12255 15769 7523 19300 13128 10207 2888 16514 4346 26801 6714 4637 6839 8733 8649 4553 11742 44143 5136 99351 17404 85649 9479 3949 55233
internal_value=9.91003e-05 -0.0180498 0.000307663 0.00763931 0.000496075 0.0148243 -0.000201498 -0.00806814 0.000575995 0.00767068 -0.000458117 -0.00161464 0.00696812 0.019751 -0.00251172 7.04779e-05 -0.000926775 0.000992221 0.00707442 0.00219189 0.00791728 0.000505257 -0.0126695 -0.00655657 0.000118281 -0.000421178 0.00320817 0.0209412 -0.00269021 -0.00306805
internal_weight=109480 1243.83 108236 7028.59 5468.11 2799.24 101208 9103.08 92104.7 11717.2 80387.6 6625.01 3910.4 5092.18 7233.3 78473.7 68692.9 59043.9 9780.81 8255.66 6501.82 4710.18 9648.94 3720.35 57465.4 55691.9 23487 5862.33 17624.7 32204.9
internal_count=555674 22563 533111 35785 28115 14340 497326 50093 447233 56176 391057 32530 19402 23646 34324 380850 335323 286543 45527 38813 30080 21431 48780 16878 279704 271065 116481 26883 89598 154584
is_linear=0
shrinkage=0.05


Tree=65
num_leaves=31
num_cat=0
split_feature=5 8 33 33 33 43 33 33 34 33 33 32 34 33 28 34 3 32 33 33 28 43 33 28 32 33 12 34 33 11
split_gain=166.536 197.697 172.961 167.264 363.884 263.486 246.89 201.307 246.051 197.004 181.311 250.811 236.079 232.264 292.502 175.025 172.609 163.604 179.344 146.168 141.407 140.36 139.714 139.15 134.269 129.372 128.297 127.336 124.518 122.148
threshold=-0.064516129032257605 0.038732713020202654 -4852.9999999999991 -2385.4999999999995 -1773.9999999999998 1.5000000000000002 -1233.9999999999998 -1144.4999999999998 3.3013753505938035 -2527.4999999999995 -2975.4999999999995 10.500000000000002 2.1341489346727696 -3152.4999999999995 -0.041712048994506257 3.8033229670845743 -0.079673678645608301 4.5000000000000009 -3041.4999999999995 -1605.4999999999998 -0.12250978908843672 1.5000000000000002 -1695.4999999999998 -0.19286158683656038 3.5000000000000004 -1928.4999999999998 0.58571428571428663 3.4291354369416145 -1016.4999999999999 1.0692244530565314
decision_type=10 10 2 2 2 2 2 2 2 2 2 2 2 2 10 2 10 2 2 2 8 2 2 10 2 2 10 2 2 10
left_child=3 -2 -3 9 5 23 16 -8 28 10 13 12 -12 20 17 25 29 18 -15 22 -1 -11 -18 -5 -14 -7 -13 -27 -9 -6
right_child=1 2 -4 4 6 15 7 8 -10 21 11 26 24 14 -16 -17 19 -19 -20 -21 -22 -23 -24 -25 -26 27 -28 -29 -30 -31
leaf_value=0.020014832935883756 -0.007613198246479486 -0.029978718086498352 -4.7913000263233297e-05 0.01999012610647577 0.025043917531616534 0.02336424618601712 0.036434762303286641 -0.014375035936708556 -0.0070120163736925355 0.016977624829144108 -0.034151587726826915 0.06302157609128127 -0.016616192274872873 -0.0094001692121412697 -0.029692245320703328 0.008314767633386155 -0.026168454799875191 -0.053574742532690414 0.05237122016607694 -0.015227174041714482 0.00011025319962358629 -0.017692929945521164 0.0092257016241663256 -0.028762048883312019 0.011377791889066674 0.062040694927243484 0.021353151679029205 0.013688749013784177 0.052165384971750876 -0.010452708526101964
leaf_weight=942.72298894077539 11035.692222882062 486.82033117860556 56630.974880311638 222.13216714560986 732.8545736297965 2260.3023714348674 722.60215059667826 89.728735119104385 1180.691221088171 337.1891787648201 354.39604566991329 270.31355266273022 481.55326774716377 214.08019814640284 1355.2684683948755 1550.1327991038561 343.23399353772402 78.136934272944927 260.4708203971386 3112.953664816916 16679.074558451772 2174.265542447567 1485.5858842134476 429.10741221904755 3876.1302225068212 481.35439579188824 583.48270688205957 189.87695875018835 324.82848182693124 362.10367015749216
leaf_count=4556 86939 3274 269209 931 3310 10730 3232 438 5572 1507 1540 1183 2424 1266 7571 7089 1588 372 1429 16446 79503 10397 6609 1915 17492 2432 2476 916 1449 1637
internal_value=2.91705e-05 -0.00148671 -0.000303016 0.00254319 0.00710695 0.0175847 0.000669636 0.014541 0.00462368 0.000313556 0.00164972 0.00961067 0.00509266 -0.000619106 -0.0171903 0.021903 -0.00465637 0.0134662 0.0245048 -0.00863613 0.0011751 -0.013038 0.00258291 -0.0121331 0.00828427 0.0290882 0.0345455 0.048363 0.0377631 0.0133052
internal_weight=109248 68153.5 57117.8 41094.6 13487.5 5132.91 8354.58 2317.85 1595.25 27607.1 25095.6 5565.88 4712.08 19529.8 1907.96 4481.67 6036.73 552.688 474.551 4941.77 17621.8 2511.45 1828.82 651.24 4357.68 2931.53 853.796 671.231 414.557 1094.96
internal_count=555432 359422 272483 196010 64294 24013 40281 10691 7459 131716 119812 25115 21456 94697 10638 21167 29590 3067 2695 24643 84059 11904 8197 2846 19916 14078 3659 3348 1887 4947
is_linear=0
shrinkage=0.05


Tree=66
num_leaves=31
num_cat=0
split_feature=12 2 25 0 5 34 7 10 11 43 32 7 32 34 43 10 2 34 10 43 12 20 43 34 12 34 34 34 28 19
split_gain=185 140.186 130.058 124.966 123.739 101.67 100.99 122.243 92.2584 97.2697 135.845 88.7948 78.4843 156.138 110.105 109.434 92.7055 86.951 88.6034 104.39 90.1252 83.8228 77.07 97.4841 92.7873 76.2787 73.1647 73.1251 72.8634 83.6612
threshold=1.0000000180025095e-35 -0.10396377667855587 0.51856776989755715 0.085039000937617862 -0.064516129032257605 2.5055176070587919 -0.07172704786847077 0.023464616412494366 1.0692244530565314 3.5000000000000004 4.5000000000000009 -0.25814585439838211 4.5000000000000009 6.6519592619571357 5.5000000000000009 0.013258962642543863 0.0034602076124569119 2.7440554690903465 0.0207925921323832 1.0000000180025095e-35 1.5071428571428578 0.84302713602255885 2.5000000000000004 7.0268707559321966 1.2500000000000011 2.8931418480839728 2.0476720312775929 1.9809776870881779 -0.1345409869942136 -1.070562988384949
decision_type=8 8 10 10 8 2 10 8 10 2 2 8 2 2 2 10 10 2 10 2 10 10 2 2 10 2 2 2 8 8
left_child=2 28 5 4 8 27 7 -6 9 -3 25 -7 13 16 17 -15 -8 -14 19 20 -19 -20 24 -24 -21 -11 -16 -1 29 -2
right_child=1 3 -4 -5 6 11 12 -9 -10 10 -12 -13 14 15 26 -17 -18 18 21 22 -22 -23 23 -25 -26 -27 -28 -29 -30 -31
leaf_value=-0.016014980461735075 -0.026861210999559376 0.0064953325657055713 -0.02603100535913316 0.012415361503697535 -0.0074507944162232956 0.043201049095119327 -0.012596095930183121 -0.0012758719438117907 -0.0013872461740890858 0.0057650391202655454 0.0035858529936904243 -0.012781942713833681 0.011727751748774945 -0.010445278444451343 0.062681860772072481 0.043494615817269926 -0.001140707021364728 -0.051081940384119041 0.013592345626664821 -0.022790347430727956 0.055253721604379503 0.0024991930167983819 0.0015289092341927073 -0.025681039568948356 -0.0011628745934627886 -0.015393418787008593 -0.017184842739077884 0.057206887871013801 0.0076457225498917404 0.038356936424387672
leaf_weight=49.116952911019325 56.637450188398361 14535.658354539424 1139.6375739090145 1989.6592264175415 11829.417564570904 77.125945441424847 2695.1932706199586 24855.694138400257 12183.294740714133 557.22142468392849 6492.7937984615564 867.62838888540864 2518.9484971128404 139.46624078974128 29.62607903778553 288.63765316456556 5123.6177690736949 23.525127232074738 2254.2038710042834 923.28893360868096 130.25886119902134 6963.1283403635025 6126.836529828608 347.8572712726891 1071.4166359640658 1808.365569755435 893.64247189834714 111.50841342657804 2792.0281653031707 373.11002767086029
leaf_count=509 248 69683 17489 8491 68212 437 17295 115676 57432 2728 29315 11187 11752 1336 129 1425 26991 100 9948 6600 534 29938 31688 2345 6813 9181 3943 1028 12032 1659
internal_value=2.61445e-05 0.000324174 -0.0141787 5.3063e-06 -0.000237264 -0.00195916 -0.0015151 -0.00326703 0.00214098 0.00397843 -0.000151531 -0.00821172 0.000661343 -0.00347961 0.00226593 0.0259223 -0.00508945 0.00303178 0.00180397 -0.00183904 0.038987 0.00521215 -0.00258034 6.70365e-05 -0.0111736 -0.0104095 -0.0146221 0.0348167 0.0105957 0.0297617
internal_weight=109249 107004 2245.02 103782 101792 1105.38 66214.8 36685.1 35577.3 23394 8858.38 944.754 29529.6 8246.91 21282.7 428.104 7818.81 20359.5 17840.5 8623.18 153.784 9217.33 8469.4 6474.69 1994.71 2365.59 923.269 160.625 3221.78 429.747
internal_count=556144 525494 30650 511555 503064 13161 334725 183888 168339 110907 41224 11624 150837 47047 103790 2761 44286 99718 87966 48080 634 39886 47446 34033 13413 11909 4072 1537 13939 1907
is_linear=0
shrinkage=0.05


Tree=67
num_leaves=31
num_cat=0
split_feature=20 7 12 0 32 34 34 32 28 32 12 43 32 9 28 5 25 34 34 35 13 19 5 12 34 12 9 26 32 43
split_gain=155.505 146.64 152.003 133.265 117 120.483 120.2 150.276 147.384 127.058 135.199 118.575 116.605 114.043 113.033 122.664 109.4 118.714 103.586 100.27 99.6074 94.2217 125.85 89.6667 86.9597 86.7354 83.3363 81.9797 135.165 133.275
threshold=0.0362570208965712 -0.17714285714285707 1.0000000180025095e-35 0.073716556411942982 4.5000000000000009 6.6519592619571357 2.8931418480839728 10.500000000000002 0.19843024653503569 8.5000000000000018 1.3071428571428585 1.0000000180025095e-35 11.500000000000002 0.039133403526636502 0.037579594536474061 -0.29583333333333306 0.49393325972273344 4.0526537577525756 7.0268707559321966 -1.88182802673964e-14 0.045759057791633355 -0.0603069393801118 0.25615599670937289 0.49285714285714327 3.1376634167284494 0.16428571428571451 0.010508466018048753 0.53606631548330819 5.5000000000000009 1.0000000180025095e-35
decision_type=8 8 8 10 2 2 2 2 10 2 10 2 2 10 10 10 10 2 2 8 8 8 8 10 2 8 8 8 2 2
left_child=-1 14 16 4 5 21 7 8 25 10 11 -8 13 26 15 -2 17 19 27 -3 -14 22 24 -16 -4 -6 -11 28 29 -12
right_child=1 2 3 -5 6 -7 9 -9 -10 12 18 -13 20 -15 23 -17 -18 -19 -20 -21 -22 -23 -24 -25 -26 -27 -28 -29 -30 -31
leaf_value=-0.022400646924075396 0.014664046979186197 0.012007285533871296 -0.017443116201033067 0.011104669583015241 0.026021447923494631 0.016060472093618019 -0.034951898412469332 0.015925455487872341 0.030761523915539064 -0.019622474255435434 0.040826184268676291 -0.0025453721105312961 0.0063171624182909144 0.0059250266472999948 0.013211090544892591 0.0030645261127768431 -0.027775312156833366 -0.026714245054944089 -0.017066787936451715 0.16735218446173206 -0.0099502915141350227 -0.0010235144104720755 0.0033748861847574421 -0.0069133266639546265 -0.0071868926645565715 -0.0010901677417235467 -0.006369305648956252 0.0020050313571107667 0.014090415274958757 -0.010974005380658521
leaf_weight=778.84691004082561 2515.6257401630282 388.92954061925411 2930.6717610657215 2266.4397935196757 307.54395599663258 701.00895135477185 294.24755050241947 2380.0530394166708 411.01375939697027 1312.7583654113114 140.76100857555866 6935.2239641956985 4032.8453507199883 1746.2446500808001 639.44573590159416 24248.711033068597 911.36702676489949 270.99212440103292 528.92733058333397 10.672704376280306 1227.4031345397234 8599.6474771946669 2057.5577294379473 4118.5816974565387 7010.7500675991178 7234.0791499614716 12297.335518814623 7266.1368814706802 4413.2684510163963 1053.6632931306958
leaf_count=6378 10780 5263 17951 9746 1978 4270 1218 10917 1902 10573 581 33513 19294 7357 2918 109741 16197 3968 3024 109 5235 46709 9460 17810 42988 33135 64036 31355 21402 5694
internal_value=-0.000138902 2.12663e-05 -0.00115826 -0.000835368 -0.00120668 -0.00432425 8.06674e-05 0.0049032 0.00160447 -0.00112736 0.0016466 -0.00386435 -0.00390343 -0.00610422 0.00289238 0.00415478 -0.0164965 -0.00116801 0.00461923 0.0161563 0.00252139 -0.00501798 -0.0078808 -0.00420875 -0.0102104 1.54316e-05 -0.00764764 0.00551021 0.010052 -0.00486944
internal_weight=109031 108252 76729.5 75147.6 72881.1 21299.6 51581.5 10332.7 7952.64 41248.8 20632.2 7229.47 20616.6 15356.3 31522.4 26764.3 1581.96 670.594 13402.8 399.602 5260.25 20598.6 11999 4758.03 9941.42 7541.62 13610.1 12873.8 5607.69 1194.42
internal_count=555502 549124 407875 382338 372592 121378 251214 47932 37015 203282 96787 34731 106495 81966 141249 120521 25537 9340 62056 5372 24529 117108 70399 20728 60939 35113 74609 59032 27677 6275
is_linear=0
shrinkage=0.05


Tree=68
num_leaves=31
num_cat=0
split_feature=35 35 19 10 34 7 7 29 28 5 5 7 34 28 34 20 10 13 37 8 11 34 13 43 26 43 34 1 43 34
split_gain=156.771 169.958 125.809 138.786 103.596 98.5962 90.7068 84.6228 81.0416 78.7034 82.0841 87.714 76.4421 78.3997 72.9347 65.4879 72.0306 57.5962 57.3774 90.9575 108.432 68.5526 59.8472 66.468 58.9994 56.5791 107.716 65.1934 55.4607 85.8086
threshold=0.017415880558564915 -0.0058004040967289941 0.39744464047742828 0.011598067529362819 2.8593355435749763 -0.36539043231420726 -0.19075967201082375 -0.12827036273846945 -0.087175904448331107 0.2641509433962273 -0.033153516041637458 -0.06685750597729366 2.425103520178594 0.0063529846158565757 2.3075602584206303 0.77620223701717195 0.028230416010409844 0.0079769676408266241 -0.02223182089820613 1.0000000180025095e-35 0.54376373833205249 2.5839904324100171 0.0041447007626273331 3.5000000000000004 0.33532045700883112 1.0000000180025095e-35 3.6256724916861072 -0.1458333333333334 2.5000000000000004 3.6467536778901413
decision_type=8 10 10 8 2 8 8 10 10 10 10 10 2 10 2 10 10 8 8 8 8 2 10 2 10 2 2 10 2 2
left_child=1 6 3 7 -4 -2 8 -3 -1 10 18 -12 13 -9 -15 16 -11 -7 22 21 24 -20 -5 -24 -21 26 -19 -27 -14 -30
right_child=5 2 4 9 -6 17 -8 12 -10 15 11 -13 28 14 -16 -17 -18 25 19 20 -22 -23 23 -25 -26 27 -28 -29 29 -31
leaf_value=0.019779163333129797 0.027227488624831001 0.036894324456170476 0.0092614765114095998 -0.03035082046942085 -9.8601643007691444e-05 0.042718392686679006 0.0012878916082781017 -0.0069808223714790231 0.0055177341268297176 0.024058312479797464 -0.007561929386089585 -0.00071805423147276162 -0.021782797058359133 0.034783139025915573 0.17758136492935367 -0.0019261806313239831 0.0044467448759826873 -0.020313007000334036 0.01594623819729421 0.01034788019751982 0.00087174103197698886 -0.02291357869426781 -0.00077898720247505221 -0.0092804604401662185 0.036716615594540362 0.045256775273995548 0.0082117723192998843 0.0044046429893516486 0.0082193822270862135 -0.016613453788066595
leaf_weight=1311.6156725585461 470.6613008081913 85.12062656506896 3628.4812756069005 204.85369829088449 15953.053049337119 95.371379591524601 13267.5061705634 169.78241989389062 4141.5893763005733 588.30253298580647 14376.706148911268 6942.5061278939247 1730.7980328314006 76.529641628265381 10.124886997044085 3218.9656091034412 2293.4269540458918 665.53893014788628 139.71047652512789 764.05642884969711 10483.088051006198 604.74296055734158 8463.7165929675102 3156.6137028411031 293.66762116551399 98.372627273201942 658.33512392640114 13470.715456873178 503.84610557556152 1123.7263245023787
leaf_count=5896 1999 652 17641 959 79954 453 67128 2287 18289 2831 74273 34970 24106 782 111 14042 9996 3314 745 4135 50891 3785 40293 14814 1529 411 3301 61742 4428 10200
internal_value=2.94105e-05 -0.00074152 -0.00180771 -0.0030286 0.00163583 0.00469382 0.0035192 -0.0123824 0.00894792 -0.00235698 -0.00307305 -0.00533325 -0.0135428 0.01277 0.051468 0.00297532 0.00845043 0.00398622 -0.00107451 0.00131852 0.00241122 -0.0156208 -0.00356066 -0.00308838 0.0176689 0.00373819 -0.00612823 0.00470081 -0.015552 -0.00892598
internal_weight=108992 93532.5 74811.8 55230.3 19581.5 15459 18720.7 3699.93 5453.21 51530.4 45429.7 21319.2 3614.81 256.437 86.6545 6100.7 2881.73 14988.3 24110.4 12285.3 11540.8 744.453 11825.2 11620.3 1057.72 14893 1323.87 13569.1 3358.37 1627.57
internal_count=555957 484737 393424 295829 97595 71220 91313 42566 24185 253263 226394 109243 41914 3180 893 26869 12827 69221 117151 61085 56555 4530 56066 55107 5664 68768 6615 62153 38734 14628
is_linear=0
shrinkage=0.05


Tree=69
num_leaves=31
num_cat=0
split_feature=20 3 10 32 34 32 34 26 26 32 34 32 11 10 12 43 32 32 34 43 26 13 8 8 32 9 43 26 34 10
split_gain=132.563 126.193 101.628 84.6533 127.278 115.151 188.128 128.312 96.9316 91.091 193.355 179.193 149.706 120.65 114.715 124.599 241.686 134.958 122.457 109.352 108.861 101.018 112.995 93.9974 92.8405 85.9171 85.9131 82.8577 80.9957 95.1123
threshold=0.13788261125117465 -0.10714285714285408 0.034819083749343956 3.5000000000000004 7.0268707559321966 1.5000000000000002 4.4290293104806002 0.26705388454275697 0.36808816770248404 8.5000000000000018 2.8931418480839728 10.500000000000002 0.37976770461234793 0.0059413815116599314 1.3214285714285723 1.5000000000000002 6.5000000000000009 6.5000000000000009 5.8770352465353506 3.5000000000000004 0.045321499790316931 -5.2041704279304205e-18 1.0000000180025095e-35 0.20806081591359241 11.500000000000002 0.010805272580948818 1.5000000000000002 0.95158992739637915 6.0666299939701789 0.012662164491322474
decision_type=8 8 10 2 2 2 2 8 8 2 2 2 10 8 10 2 2 2 2 2 10 8 8 10 2 8 2 8 2 8
left_child=-1 -2 3 5 9 -3 7 -7 -8 12 11 19 21 -12 20 17 -17 -16 -19 26 -14 -5 -23 -24 25 28 -11 -26 -15 -30
right_child=1 2 -4 4 -6 6 8 -9 -10 10 13 -13 14 24 15 16 -18 18 -20 -21 -22 22 23 -25 27 -27 -28 -29 29 -31
leaf_value=-0.013641497156921043 0.0066334561907376664 0.00062806995132035537 0.0034538156118040344 0.063713105997031103 -0.01649801771124678 -0.023106149825365675 -0.0075060149463145312 -0.0078099014453767842 0.011109242889627391 0.030598458490217979 -0.039213196209527186 0.014322446094532768 -0.024387897423319756 -0.019991770204358314 0.025474327378006967 -0.0030908781119851837 0.010308390016360781 -0.014493860255282907 0.089897431607499939 0.0045116133852876579 -0.00079682984539227288 -0.01373215553043081 0.024854368015000086 -0.039496561326147296 0.0024189977099686013 -0.0045014674535242888 -0.019223165841669661 -0.042572311068438569 0.11253186255184107 -0.022451176073956355
leaf_weight=1764.4674991220236 7066.1394920051098 8223.5473103895783 15413.671016700566 109.36976927146316 1162.0504067577422 1737.3311933279037 1158.600065626204 6502.07125287503 1764.0448412187397 94.445063784718513 240.91682566702366 3145.4733592793345 502.79834616929293 1319.2589753977954 1259.1405897065997 7612.1712180301547 6032.1665232665837 395.73997457325459 30.23953965306282 1953.2779944874346 17831.48155881092 293.35822366923094 1018.0220918990672 60.097458221018314 5959.1802229955792 15040.113030269742 1032.4231028370559 104.12104611098766 25.515991669148207 26.712364487349987
leaf_count=14964 31190 43346 66241 1123 7503 14481 9054 38989 9429 491 5167 15160 3017 10203 5374 37212 27335 1744 132 8981 85139 4169 4896 308 27655 75667 5834 451 245 176
internal_value=-4.81627e-05 0.000175759 -0.000280335 -0.000960407 -9.84689e-05 -0.00386152 -0.00716919 -0.0110352 0.00372975 0.000198899 -0.00187838 0.0059282 0.00190953 -0.0040179 0.00122509 0.00441712 0.00283294 0.0172441 -0.00708331 -0.00264407 -0.00144379 0.0174687 0.0137809 0.0212673 -0.00364063 -0.00559393 -0.0150475 0.00164639 -0.0175741 0.0434943
internal_weight=108878 107113 100047 84633.7 65248.1 19385.6 11162 8239.4 2922.64 64086 28941.4 6225.62 35144.6 22715.8 33663.7 15329.5 13644.3 1685.12 425.98 3080.15 18334.3 1480.85 1371.48 1078.12 22474.9 16411.6 1126.87 6063.3 1371.49 52.2284
internal_count=555676 540712 509522 443281 327982 115299 71953 53470 18483 320479 150030 30466 170449 119564 159953 71797 64547 7250 1876 15306 88156 10496 9373 5204 114397 86291 6325 28106 10624 421
is_linear=0
shrinkage=0.05


Tree=70
num_leaves=31
num_cat=0
split_feature=1 33 33 33 33 33 34 28 43 34 33 28 33 33 33 12 8 32 13 43 12 32 5 33 33 33 33 5 34 12
split_gain=133.208 121.759 360.896 356.328 549.932 568.366 376.387 338.782 316.363 303.76 236.387 355.816 353.646 767.352 380.353 528.97 267.588 243.002 241.168 276.318 201.362 196.88 196.802 195.069 181.677 305.28 249.76 205.199 187.378 179.268
threshold=-0.088025157232703363 -4555.4999999999991 -4662.4999999999991 -4380.4999999999991 -4300.4999999999991 -4131.9999999999991 4.1658894284560182 0.037579594536474061 2.5000000000000004 2.0979991079743008 -4020.4999999999995 0.097564388079991807 -3673.4999999999995 -3433.4999999999995 -3547.4999999999995 1.47142857142857 0.39149724130239399 10.500000000000002 0.030925677028700981 3.5000000000000004 2.1500000000000026 1.5000000000000002 -0.099678456591640194 -4182.4999999999991 -1911.9999999999998 -1787.4999999999998 -2012.4999999999998 0.42267286404304732 3.0657219285807118 1.1500000000000015
decision_type=8 2 2 2 2 2 2 10 2 2 2 10 2 2 2 8 8 2 8 2 8 2 10 2 2 2 2 10 2 10
left_child=-1 2 -2 6 -5 9 -3 -4 -8 -6 11 -7 17 14 -14 16 -16 29 22 21 -11 -20 -15 -22 26 27 -21 -26 -29 -12
right_child=1 3 7 4 5 10 8 -9 -10 20 12 -13 13 18 15 -17 -18 -19 19 24 23 -23 -24 -25 25 -27 -28 28 -30 -31
leaf_value=0.01107423817289644 -0.00054492501322614753 -0.027386904992812707 0.037224878971015049 0.024562367430360353 0.076370911313306616 0.020355553764728331 -0.013707405925484119 0.0010935780070317081 0.035890135851713849 -0.031268401225680663 -0.021460919159537267 -0.032786590322045457 0.0048100136666643992 0.0022817811419800333 0.055299567194594834 0.0057587754599166758 0.0095831278013488314 0.0060619842546417446 0.026384624368426809 -0.004828069594867852 -0.018385479429627753 0.004569415369185992 -0.007106539786784315 0.026095337925669967 0.026836884608644165 -0.003135846533418564 -0.037122650382487264 0.039238034098140175 -0.020457708293616268 -0.0054852284126466399
leaf_weight=2644.5004870295525 7804.0321055874228 2475.2165408730507 1436.2311829924583 2184.9129007011652 79.511569038033485 2591.7391681149602 836.00590087473392 1183.2889007776976 522.44422324746847 2283.3370340913534 3831.9903637170792 358.55983509123325 3370.9767637997866 7696.0549562089145 1524.3860823065042 1453.2694088295102 405.15459235012531 1885.2655872553587 1096.4238069877028 11138.081151120365 904.11320146918297 18237.413837362081 20321.47750864923 338.86250980943441 1775.9439983069897 5844.2309546172619 632.70111177861691 176.3811848461628 516.07180386781693 3241.3139767497778
leaf_count=11534 37515 13535 5907 8936 366 11707 4138 4853 2528 12910 19860 1503 15388 38008 6960 6908 1758 8196 4828 50725 4492 83708 140025 1884 8327 26777 2932 894 2314 16269
internal_value=-1.03458e-05 -0.000286506 0.00484527 -0.000845327 -0.000222215 -0.000825895 -0.0157806 0.0209037 0.00536724 -0.0202738 -1.1403e-05 0.013897 -0.000504913 0.000628221 0.0166964 0.0285412 0.0457003 -0.00988874 -0.000981055 0.00153987 -0.0224529 0.00580656 -0.00452769 -0.00625903 -0.00256757 0.00309137 -0.00656396 0.0178351 -0.00525205 -0.0141401
internal_weight=108790 106145 10423.6 95721.8 91888.2 89703.3 3833.67 2619.52 1358.45 3605.82 86097.4 2950.3 83147.1 74188.6 6753.79 3382.81 1929.54 8958.57 67434.8 39417.2 3526.31 19333.8 28017.5 1242.98 20083.4 8312.63 11770.8 2468.4 692.453 7073.3
internal_count=555685 544151 48275 495876 475675 466739 20201 10760 6666 19652 447087 13210 433877 389552 31014 15626 8718 44325 358538 180505 19286 88536 178033 6376 91969 38312 53657 11535 3208 36129
is_linear=0
shrinkage=0.05


Tree=71
num_leaves=31
num_cat=0
split_feature=12 25 6 3 26 11 34 35 14 43 13 0 8 35 38 20 10 8 11 34 9 8 11 8 34 28 34 13 28 13
split_gain=117.596 121.251 108.577 111.52 97.2615 118.145 94.7486 118.489 91.3093 103.949 77.8204 68.7719 64.8539 84.2433 64.769 62.4101 81.6936 62.259 62.0299 60.3889 65.8855 58.4069 56.445 54.1176 87.2466 63.1145 93.1128 82.6837 53.9195 63.6284
threshold=1.0000000180025095e-35 0.5219860784376914 88.107467931680375 -0.091287617722436196 0.049698521666485057 0.40475217890832021 4.0526537577525756 -1.88182802673964e-14 1.0000000180025095e-35 3.5000000000000004 0.07010998311918358 0.085039000937617862 0.0038253111952237799 -7.4884543010966796e-14 -0.28491348913840392 0.35297683659675022 0.024068801116224618 0.21339431253049837 1.1589244131203753 3.4515723332122272 0.035309483142421563 0.098905068632689566 0.20300437055247003 0.0045461003900901806 2.8593355435749763 0.012610469718397703 2.174751732321369 -1.0000000180025095e-35 0.28144035028705977 0.01794835558613098
decision_type=8 10 10 10 8 8 2 10 8 2 10 10 10 10 8 8 10 10 8 2 10 10 10 10 2 10 2 10 8 10
left_child=1 6 3 8 -5 12 7 23 9 10 18 14 13 -6 -7 16 -16 -8 -2 20 -11 -3 -14 24 25 -1 -27 -28 -17 -30
right_child=2 21 -4 4 5 11 17 -9 -10 19 -12 -13 22 -15 15 28 -18 -19 -20 -21 -22 -23 -24 -25 -26 26 27 -29 29 -31
leaf_value=-1.772895990963473e-05 0.013671020935776518 -0.027631699595651173 0.015043730531293195 -0.0091767566842620076 0.028493778175763641 -0.031408009825316482 -0.013935651098360825 0.12168757637877146 -0.0011637403427565006 -0.00011664379924937613 0.03206795612313508 0.009554609675003628 0.046723319210715944 -0.011551416140135683 -0.014407078248414203 -0.00019364935562963897 0.00025017249753152602 -0.081637763082246448 0.000319656439593591 -0.011630318828529676 0.03416400815211592 0.012772208575908313 0.015890232490991509 0.023560908438394743 -0.022017977692989632 -0.042926163404927914 0.19293735835954712 0.052695332873158175 0.07453434861959822 -0.014562435079540451
leaf_weight=107.44536665081978 3295.9545519500971 949.08880157768726 1212.1497409753501 3157.6219590641558 195.48302634432912 171.00275945663452 333.95378013700247 23.036700870841742 3921.3353384584188 641.00294290482998 445.11603783071041 1677.0640513300896 195.47706573456526 400.21067632734776 1848.7155718356371 83606.233677964658 1956.9841253682971 37.801424011588097 1181.8924896642566 851.32789379358292 179.38761547207832 98.751912146806717 616.77328009158373 283.90644673258066 271.98953539505601 15.819172352552412 15.30763218551874 33.53403652086854 20.507884703576565 875.67251329869032
leaf_count=1549 14847 16513 5767 21484 1331 716 4977 180 17792 2973 1910 7132 1302 3296 11859 407365 8962 172 5749 3844 780 563 3311 1632 4367 244 181 454 135 4433
internal_value=-7.02126e-05 -0.0115912 0.000164714 -6.66578e-06 -0.000548992 -0.000251461 -0.000175128 0.0100438 0.00487828 0.00847098 0.012129 -0.000475906 0.0141206 0.00158983 -0.000666028 -0.000606498 -0.00686996 -0.0208198 0.010147 -0.00230145 0.00737921 -0.0238239 0.0233106 0.00651093 -0.00438896 0.0234712 0.0625022 0.0966491 -0.000324413 -0.0125236
internal_weight=108621 2170.63 106450 105238 94721.7 91564.1 1122.79 751.039 10516 6594.68 4922.96 90156.2 1407.94 595.694 88479.1 88308.1 3805.7 371.755 4477.85 1671.72 820.391 1047.84 812.25 728.002 444.096 172.106 64.6608 48.8417 84502.4 896.18
internal_count=555820 30832 524988 519221 471326 449842 13756 8607 47895 30103 22506 440602 9240 4627 433470 432754 20821 5149 20596 7597 3753 17076 4613 8427 6795 2428 879 635 411933 4568
is_linear=0
shrinkage=0.05


Tree=72
num_leaves=31
num_cat=0
split_feature=2 33 33 33 33 33 34 13 34 32 12 33 32 12 33 34 33 33 34 32 32 33 33 33 32 33 33 33 33 33
split_gain=120.89 129.543 301.665 300.664 506.439 485.245 338.862 285.722 261.221 260.692 209.996 207.039 204.646 209.389 196.162 185.178 269.773 382.877 333.658 294.767 275.462 516.803 415.282 508.287 412.97 569.367 359.158 355.883 355.779 317.035
threshold=-0.095966087611335668 -4555.4999999999991 -4852.9999999999991 -4380.4999999999991 -4300.4999999999991 -4131.9999999999991 4.1533990164620977 0.036286210980581803 2.0979991079743008 3.5000000000000004 2.1214285714285741 -4599.4999999999991 1.5000000000000002 2.6214285714285759 -4182.4999999999991 4.0526537577525756 -1205.4999999999998 -1415.4999999999998 3.4160846460127714 6.5000000000000009 10.500000000000002 -3183.4999999999995 -2460.4999999999995 -2341.4999999999995 3.5000000000000004 -1806.4999999999998 -2812.4999999999995 -1972.4999999999998 -2584.4999999999995 -3859.4999999999995
decision_type=10 2 2 2 2 2 2 10 2 2 8 2 2 10 2 2 2 2 2 2 2 2 2 2 2 2 2 2 2 2
left_child=-1 2 12 6 -5 8 -3 11 -6 -8 -10 -4 13 -2 -12 16 17 20 -19 -18 22 29 28 -24 27 -26 -23 -25 -7 -22
right_child=1 3 7 4 5 15 9 -9 10 -11 14 -13 -14 -15 -16 -17 19 18 -20 -21 21 26 23 24 25 -27 -28 -29 -30 -31
leaf_value=0.0082434011839546892 0.022896930294714051 -0.026167793795402391 0.015228242681062288 0.023512255009929789 0.068539087995899362 -0.0023869265115698517 0.029520027678627471 0.0017779388478004487 -0.030483624514300301 -0.014621346444020022 -0.017031894155795112 0.046885830903134904 -0.017211032760420058 -0.044571558446684235 0.027771959726840337 -0.003544705550478085 0.028359242756288622 -0.035999204223041661 0.00024035432725231145 0.0012905466244508737 0.0056214420641310537 -0.024700804319313589 0.034349431865264339 -0.028285940885224539 0.019545968775451002 -0.0042554413301132054 0.0071664003272709654 0.0018080595045436465 -0.023231323328091309 0.042601843547042675
leaf_weight=4230.3299207165837 711.50568950921297 2389.0614698529243 2479.4478479102254 2164.4920714199543 82.886808052659035 23379.619649030268 605.89521545916796 4112.3475332707167 2210.5811972171068 746.70234817266464 884.30299085378647 652.33779259771109 2046.553004860878 137.16823583096266 337.55350850522518 27953.102032665163 1879.4353261254728 1311.9481079764664 1231.210946649313 2163.4687369577587 924.5050163269043 1057.7697027772665 1447.3100385665894 1628.2934458851814 5499.4683285057545 4626.3086493834853 5387.4911627322435 2476.6145717352629 2243.5608449056745 1553.3624039813876
leaf_count=18783 2998 13308 10473 8838 374 114243 2983 17011 12740 3674 4434 2676 12898 593 1864 150710 12187 11525 8350 15843 3995 5374 6557 8622 26428 21873 23776 13951 11769 6848
internal_value=-4.26232e-05 -0.00037862 0.00499131 -0.000956713 -0.000382115 -0.000967977 -0.0148459 0.0104436 -0.019171 0.00515175 -0.0212891 0.0218224 -0.00865072 0.0119922 -0.00465426 -0.000213057 0.00142625 0.000472538 -0.0184547 0.013874 0.00143094 0.00939741 -0.000290223 0.00611939 0.0032483 0.00867148 0.00193649 -0.0101293 -0.00421206 0.0288043
internal_weight=108555 104324 10139.4 94184.9 90443.3 88278.8 3741.66 7244.13 3515.32 1352.6 3432.44 3131.79 2895.23 848.674 1221.86 84763.5 56810.4 52767.5 2543.16 4042.9 50224.3 8923.13 41301.2 15678 14230.7 10125.8 6445.26 4104.91 25623.2 2477.87
internal_count=555698 536915 46649 490266 470301 461463 19965 30160 19412 6657 19038 13149 16489 3591 6298 442051 291341 263311 19875 28030 243436 39993 203443 77431 70874 48301 29150 22573 126012 10843
is_linear=0
shrinkage=0.05


Tree=73
num_leaves=31
num_cat=0
split_feature=35 35 13 32 32 13 26 43 8 8 35 26 13 17 32 32 32 28 26 13 11 26 35 35 35 4 32 10 8 10
split_gain=135.066 154.184 104.115 93.6209 130.022 113.208 95.0791 93.7423 92.0144 145.231 90.0806 106.251 82.3186 119.686 84.2133 80.8822 94.2143 108.511 93.5764 105.974 80.9702 107.551 77.0613 75.8645 82.2 75.1365 73.9159 88.2636 65.9567 72.5523
threshold=-0.0055865921788124653 0.017415880558564915 3.6429192995512958e-18 11.500000000000002 8.5000000000000018 0.077891978448255086 0.42428337428337431 2.5000000000000004 0.0045461003900901806 0.013591576807079788 -4.2188474935755942e-14 0.12515984654731463 0.018390841390426824 2.5000000000000004 10.500000000000002 4.5000000000000009 1.5000000000000002 -0.075658540236820573 0.27879914385490601 0.0088757886944160966 0.47244551949910096 0.26705388454275697 -4.4853010194856318e-14 -8.0935258495173899e-14 -1.1973755320582311e-13 -0.10285714285714291 7.5000000000000009 0.037775602313646038 0.20806081591359241 0.0043219270289705852
decision_type=10 10 10 2 2 10 8 2 8 8 10 10 10 8 2 2 2 10 8 10 8 10 10 10 10 8 2 10 10 10
left_child=25 2 8 4 15 12 7 -5 23 10 11 -10 13 -6 -14 16 17 -4 -18 22 21 28 -20 24 -2 -1 27 -11 29 -17
right_child=1 -3 3 6 5 -7 -8 -9 9 26 -12 -13 14 -15 -16 20 18 -19 19 -21 -22 -23 -24 -25 -26 -27 -28 -29 -30 -31
leaf_value=0.01036026396237523 -0.027138294145813521 0.003652869528797187 0.035553201921834504 -0.0012354674941273116 -0.016537811659005301 0.013640977791168463 -0.00061800693370936074 0.01859337523250781 0.12806660813106813 0.013362983070726154 0.11607381575002702 -0.041755512258606242 -0.0077444109043579724 0.11227207821862313 -9.1080778384042472e-05 -0.045143962143790954 -0.012611151523042166 0.00070680004942691422 -0.015540505683683545 -0.0037667772460750221 0.00069860450447127586 0.03516879056969064 0.044896255621069928 -0.024930289982128123 0.028320738686389346 0.00224588431021723 -0.036532903887654879 -0.025265023392449001 -0.039013632860215051 0.013715574479513923
leaf_weight=3490.3431233018637 118.07323123514652 15370.393155097961 230.87160241603851 922.19869524613023 2166.4418626725674 735.94654118269682 4123.3073936887085 1685.3377896435559 13.500773910433052 471.81191365420818 41.043161489069462 28.98425380140543 10466.201006777585 18.185122668743134 5474.3817504942417 57.600315749645233 3280.1685610376298 6911.2344747856259 72.770045273005962 10998.033494614065 23092.381511501968 402.10731930658221 191.66148200631142 1233.1084263548255 153.90269255638123 15619.960779618472 159.4292916059494 215.39502838999033 83.14679728448391 574.91247549653053
leaf_count=16311 1503 71012 1073 5187 16475 3077 18367 7899 110 2387 242 199 51806 124 25451 1182 24191 34576 547 58345 107469 2284 1338 19654 1786 77480 1555 985 380 2913
internal_value=-8.71046e-05 -0.000903591 -0.001851 -0.00150466 -0.00208803 -0.00558294 0.00410774 0.0115806 -0.0120177 0.000345338 0.0632455 0.0122101 -0.0063635 -0.0154656 -0.00511607 -0.000651741 -0.00286961 0.00183322 -0.00517924 -0.00301472 0.00133478 0.0144777 0.0282644 -0.0196583 0.00424424 0.00372791 -0.00586032 0.0012556 0.00285204 0.00835548
internal_weight=108403 89292.5 73922.1 71486.9 64756 18861.2 6730.84 2607.54 2435.25 930.164 83.5282 42.485 18125.2 2184.63 15940.6 45894.9 21684.7 7142.11 14542.6 11262.5 24210.1 1117.77 264.432 1505.08 271.976 19110.3 846.636 687.207 715.66 632.513
internal_count=555908 462117 391105 362684 331231 96933 31453 13086 28421 5478 551 309 93856 16599 77257 234298 120070 35649 84421 60230 114228 6759 1885 22943 3289 93791 4927 3372 4475 4095
is_linear=0
shrinkage=0.05


Tree=74
num_leaves=31
num_cat=0
split_feature=7 9 7 28 10 7 26 26 9 19 10 5 25 8 12 12 43 13 26 35 35 38 11 25 5 38 13 20 8 12
split_gain=114.083 130.044 123.087 103.774 98.5226 113.279 91.9645 82.1976 78.8835 108.15 96.8466 86.4126 72.9791 70.9149 70.6451 64.8916 63.9415 60.9099 107.306 81.2644 71.7221 252.692 78.9691 59.7726 59.4563 56.5834 55.0337 54.6409 99.6205 65.1353
threshold=-0.14915769309600005 1.1023543309592657e-09 -0.019230769230769326 0.051328388779565935 0.049960989417716629 -0.36539043231420726 0.049698521666485057 0.61548800661703906 0.020872811668743333 -0.33874732141551822 0.035040201443081155 -0.089385474860337807 0.35423775867852725 0.28781900213960115 1.0000000180025095e-35 4.1285714285714352 3.5000000000000004 -5.2041704279304205e-18 0.040519491454070904 -9.4924068605450868e-15 -5.6565863104651719e-14 -5.8397731095283221e-14 8.8141146651103449e-08 0.99063960280373842 -0.24315332631250611 -0.24483179577232148 0.058128357973020926 0.38010418640234017 0.23078371177015747 0.31428571428571478
decision_type=8 8 10 10 8 10 8 10 10 10 10 10 10 10 10 10 2 10 10 8 10 8 10 10 10 10 10 8 10 10
left_child=3 14 6 4 7 15 -3 8 10 -10 11 -1 -4 24 17 -6 -7 18 19 -2 21 22 -20 -14 26 -5 -9 28 -8 -29
right_child=1 2 12 25 5 16 27 13 9 -11 -12 -13 23 -15 -16 -17 -18 -19 20 -21 -22 -23 -24 -25 -26 -27 -28 29 -30 -31
leaf_value=0.0044649000299163645 0.17007099807422377 -0.011859488870189 0.02437672289631175 -0.050025720484033309 0.056065304380820281 0.017871303858375581 -0.011754120478446813 0.0013490066628837731 0.0037889199144213372 0.017174993607048286 0.026276075466334443 -0.0049385570180724946 0.0020773804544964593 0.011098728935505429 0.023794669266699982 0.010460211297439565 -0.011409246845179511 -0.028695822163682456 -0.020608796143739373 -0.02266982426212984 -0.041030394074494998 0.32184109626975754 0.15870170412557477 0.016750912478539302 -0.0025752166563818191 -0.0039351859205653556 0.016762882130442355 0.0057308150087336729 0.010689538256011613 -0.0015342052819373462
leaf_weight=8380.7875163853168 15.44196382537484 2217.0514215566218 423.24028790742159 67.479409098625183 236.72386960685253 503.81382018327713 2720.5272306501865 2306.5981297716498 3542.8860795646906 2628.2660576701164 415.75580626726151 3448.3366890475154 9242.109781101346 1323.9195969551802 90.103160288184881 116.33365947008133 295.99050581455231 781.33972175419331 63.554451055824757 8.4676471948623675 92.410399924963713 6.5310531556606284 6.7969213202595702 750.36885695159435 11907.191153354943 5049.089494869113 773.20796130597591 3302.2534001506865 604.24038057029247 46937.049075081944
leaf_count=40224 192 15925 2696 283 996 2093 18216 9817 16059 11735 2052 19048 47747 5673 1089 481 1243 15673 1109 105 1808 120 123 3135 53670 22275 3356 19273 2783 236610
internal_value=3.95017e-05 -0.00122768 -0.000948866 0.00211853 0.00306849 0.0174484 -0.00188053 0.00259111 0.00488043 0.00948999 0.00255731 0.00172368 0.00404062 6.31711e-06 -0.0185637 0.0410383 0.0070352 -0.02248 0.00265783 0.101811 -0.0113459 0.0243341 -0.00328491 0.00317927 -0.000973563 -0.00454305 0.00521877 -0.00146749 -0.00767523 -0.00105667
internal_weight=108258 67261.5 66196.8 40996.4 35879.8 1152.86 55781.1 34726.9 18416 6171.15 12244.9 11829.1 10415.7 16310.9 1064.65 353.058 799.804 974.542 193.202 23.9096 169.293 76.8824 70.3514 9992.48 14987 5116.57 3079.81 53564.1 3324.77 50239.3
internal_count=555609 366604 346385 189005 166447 4813 292807 161634 89118 27794 61324 59272 53578 72516 20219 1477 3336 19130 3457 297 3160 1352 1232 50882 66843 22558 13173 276882 20999 255883
is_linear=0
shrinkage=0.05


Tree=75
num_leaves=31
num_cat=0
split_feature=20 5 9 25 13 43 34 5 26 34 11 32 9 11 38 5 12 32 32 32 13 25 34 32 32 43 12 34 12 43
split_gain=113.625 106.661 130.798 113.327 83.5354 75.9666 220.839 102.336 98.7793 146.247 90.9788 78.6862 76.5742 75.0206 71.2072 87.1836 86.4453 66.0277 64.9124 75.3835 76.7356 88.0881 64.41 91.3484 114.704 112.344 103.826 115.977 103.955 86.3173
threshold=0.0362570208965712 -0.038854027141983431 1.1023543309592657e-09 0.96846781701662266 -5.2041704279304205e-18 3.5000000000000004 3.2327767773697369 -0.27703426852519841 0.74700588066551943 4.4479312383686205 1.16256901449392 4.5000000000000009 1.0000000180025095e-35 1.5473771657582678 -1.0152989560197055e-13 0.23591242399194681 0.26428571428571457 6.5000000000000009 6.5000000000000009 2.5000000000000004 -5.898059818321144e-18 0.35839429126809558 3.0750027876182671 8.5000000000000018 6.5000000000000009 1.0000000180025095e-35 0.47857142857142865 3.8033229670845743 1.2071428571428584 1.5000000000000002
decision_type=8 10 10 10 10 2 2 8 10 2 10 2 10 10 10 10 10 2 2 2 10 10 2 2 2 2 10 2 10 2
left_child=-1 5 4 14 18 7 12 -2 11 -10 22 -8 -7 -13 15 -4 -16 -14 19 -3 21 -21 -9 24 25 -24 27 -27 -28 -25
right_child=1 2 3 -5 -6 6 8 10 9 -11 -12 13 17 -15 16 -17 -18 -19 -20 20 -22 -23 23 29 -26 26 28 -29 -30 -31
leaf_value=-0.019461220426094907 0.012379070483302846 -0.022876037159439932 -0.0050092479282143939 0.0070537970138426515 -0.027865786000322967 0.058668194863526868 -0.010920566895600385 -0.00012821352861045623 -0.024149748450190758 0.0050946631691705839 -0.0029627363789575234 -0.00058752310142600047 0.00044848258257359396 0.048363390295429687 0.015810823908372101 0.0067924060146926021 -0.00061647086145715782 0.0099923298530860058 -0.022084484091698876 0.27235152772018401 0.013490543067988567 0.07859085506662436 0.019298868361403598 -0.0093688507533729298 0.0225892307286042 0.044876484955798969 -0.0079340576385180696 -0.012126319113377668 0.0065789144733911648 0.0045959680100815465
leaf_weight=744.97789086028934 2891.2021893784404 29.02494690194726 18004.210891231894 4088.4327958375216 708.76158782467246 68.042507782578468 2266.4582659192383 6460.8991664871573 1425.8539333641529 610.56740814447403 5976.0823260210454 5615.2420568726957 3508.6480975449085 79.377050440758467 819.70366570726037 1713.8777924999595 34811.464539658278 3748.2798708416522 72.979376673698425 8.0821555890142935 25.6797118447721 21.38995947688818 1424.8063857257366 1495.5799945741892 1330.8190616816282 294.54929469153285 1818.2413804978132 128.01167044043541 3839.2493832409382 4253.8506542108953
leaf_count=6387 12584 546 101892 17419 14444 360 12352 32127 6264 2634 29311 26633 16796 390 6856 7575 166661 16857 1454 103 406 358 6385 9024 6261 1750 10145 813 19471 21612
internal_value=-1.52453e-06 0.000133282 -0.00126036 -0.000979299 -0.020553 0.00191248 -0.000722471 0.00343836 -0.00555484 -0.0153816 0.00248175 -0.00304119 0.005873 9.48016e-05 -0.00157267 -0.00398346 -0.000238557 0.00537798 0.0124271 0.0423478 0.0766734 0.131726 0.00402773 0.00586873 0.0090607 0.00666172 0.00370031 0.0276079 0.00191464 0.000963347
internal_weight=108284 107539 60303.6 59437.7 865.918 47235.8 17322.5 29913.3 9997.5 2036.42 27022.1 7961.08 7324.97 5694.62 55349.3 19718.1 35631.2 7256.93 157.156 84.1768 55.1518 29.4721 21046 14585.1 8835.68 7504.86 6080.05 422.561 5657.49 5749.43
internal_count=555870 549483 317714 300403 17311 231769 82286 149483 48273 8898 136899 39375 34013 27023 282984 109467 173517 33653 2867 1413 867 461 107588 75461 44825 38564 32179 2563 29616 30636
is_linear=0
shrinkage=0.05


Tree=76
num_leaves=31
num_cat=0
split_feature=33 33 32 12 39 3 34 5 10 33 33 28 33 33 33 34 33 28 33 33 33 12 32 32 34 32 33 33 33 32
split_gain=126.312 332.444 197.124 187.004 180.188 128.213 124.638 115.609 112.229 106.989 281.946 336.419 267.18 482.923 461.243 360.345 254.198 341.878 263.658 711.914 469.928 364.466 232.389 208.588 194.355 192.722 204.396 463.669 394.328 346.207
threshold=-4852.9999999999991 -4788.4999999999991 1.5000000000000002 2.6214285714285759 1.0000000180025095e-35 -0.12836687763331353 4.8648384376202864 -0.26892690335264652 0.024373617708738655 -4555.4999999999991 -4662.4999999999991 0.030706103326415251 -4380.4999999999991 -4300.4999999999991 -4112.4999999999991 4.1658894284560182 -4020.4999999999995 0.064496583945157573 -3673.4999999999995 -3466.4999999999995 -3516.4999999999995 1.0357142857142871 3.5000000000000004 10.500000000000002 2.2082744344826799 8.5000000000000018 -2385.4999999999995 -2341.4999999999995 -2731.4999999999995 3.5000000000000004
decision_type=2 2 2 10 10 10 2 10 10 2 2 10 2 2 2 2 2 10 2 2 2 10 2 2 2 2 2 2 2 2
left_child=2 6 3 4 -1 -3 -2 -4 -6 10 -7 -12 15 -14 24 -11 17 -16 23 20 -20 -22 -17 -18 -15 26 28 -28 -21 -29
right_child=1 5 7 -5 8 9 -8 -9 -10 12 11 -13 13 14 16 22 18 -19 19 25 21 -23 -24 -25 -26 -27 27 29 -30 -31
leaf_value=0.035172450725070407 0.017837826786909122 0.0083119778782141645 -0.0096990614028100632 -0.041784287359588106 -0.047113142820246444 -0.003699114346363404 0.060343991968421121 -0.033719807271571076 0.048781767791457889 -0.025617935051620279 0.036518953172600496 0.00022108132651915192 0.02301367679702377 0.045902703836270028 0.024865146091745519 0.029598722438436122 -0.012734087665576155 -0.021962170514903165 0.0088316649633383894 0.0017160437936064301 0.068127109376843353 0.018639156722978674 -0.012181642355779471 0.0061946815738968498 -0.019783340887155398 -0.0047797585032070093 0.032350237381505907 -0.0057771794905680128 -0.014101425461788306 0.0067338116781581608
leaf_weight=540.29995834082365 1359.3946558907628 4392.6006812527776 1520.487179748714 141.80594780296087 127.51047857105732 3193.6668139696121 197.51798232644796 747.00320349633694 40.107883974909782 2382.8534143194556 1292.219950646162 1261.5409675240517 2171.227314338088 116.12342181801796 1991.6776840612292 609.09245048463345 6919.7591506317258 484.61391612887383 4302.4057315960526 13013.986638009548 687.47571852058172 810.87504695355892 733.76979197561741 1843.0477674379945 3725.7031466960907 22651.282406102866 1348.5401176214218 8652.3439944051206 5651.2842983454466 15320.988429658115
leaf_count=2230 6019 18879 9413 620 587 13129 852 5041 166 13421 5320 5175 8847 529 8615 2970 35721 2047 19630 66370 3235 3593 3635 8028 20882 122345 5929 53323 29906 79493
internal_value=3.44586e-06 0.000297596 -0.00991545 0.0106241 0.0211222 -4.71831e-05 0.0232304 -0.0176125 -0.0241673 -0.000417461 0.00620376 0.018588 -0.000824828 -0.000279838 -0.000857712 -0.0139447 -7.99554e-05 0.015701 -0.000561202 0.000429726 0.01723 0.0413453 0.006769 -0.00875287 -0.0177979 -0.00103271 0.000896842 0.0038231 -0.00307301 0.0022184
internal_weight=108231 105114 3117.21 849.724 707.918 103557 1556.91 2267.49 167.618 99164.5 5747.43 2553.76 93417.1 89691.3 87520.1 3725.72 83678.3 2476.29 81202 72439.2 5800.76 1498.35 1342.86 8762.81 3841.83 66638.4 43987.1 25321.9 18665.3 23973.3
internal_count=555950 537893 18057 3603 2983 531022 6871 14454 753 512143 23624 10495 488519 468493 459646 20026 438235 10662 427573 383824 26458 6828 6605 43749 21411 357366 235021 138745 96276 132816
is_linear=0
shrinkage=0.05


Tree=77
num_leaves=31
num_cat=0
split_feature=20 33 32 33 33 12 33 33 33 5 33 10 32 33 33 9 28 43 33 33 33 33 33 43 33 43 28 33 9 3
split_gain=116.778 109.126 339.9 236.148 181.801 292.348 234.95 443.486 309.399 296.296 209.591 227.523 186.299 183.235 220.038 212.437 189.284 194.064 172.028 481.924 610.587 315.754 350.375 378.736 347.059 236.961 183.81 179.414 175.219 173.01
threshold=0.0362570208965712 -1233.9999999999998 5.5000000000000009 -885.49999999999989 -1578.4999999999998 0.55714285714285772 -1944.4999999999998 -1773.9999999999998 -2012.4999999999998 0.42267286404304732 -1695.4999999999998 0.017160042181386285 1.5000000000000002 -1454.4999999999998 -1415.4999999999998 0.023774819863915064 -0.048536259513416349 2.5000000000000004 -2385.4999999999995 -2731.4999999999995 -2781.4999999999995 -2341.4999999999995 -2219.4999999999995 3.5000000000000004 -2154.4999999999995 1.5000000000000002 0.17317879119204307 -2369.4999999999995 0.040224369125195433 0.048249257541127751
decision_type=8 2 2 2 2 8 2 2 2 10 2 8 2 2 2 10 10 2 2 2 2 2 2 2 2 2 8 2 8 10
left_child=-1 4 3 -3 6 -6 8 9 18 -8 -9 -12 -10 16 15 -15 17 -7 19 20 26 27 -23 -24 -25 -21 -2 -20 -26 -22
right_child=1 2 -4 -5 5 13 7 10 12 -11 11 -13 -14 14 -16 -17 -18 -19 21 25 29 22 23 24 28 -27 -28 -29 -30 -31
leaf_value=-0.019649777691852811 0.00043834488446487478 0.022220818145212633 -0.0032455353443120458 -0.026491176195585438 -0.024284977413132475 0.033862859611167515 0.023969875208047036 -0.012245569356718347 -0.037689594459309694 -0.0074729902049448307 -0.031226905805118377 0.0098655730717270729 -0.0059727945114593558 0.038937447977432316 -0.002496019503384822 -0.0090181727983672209 -0.017058242443098056 -0.023659742726081401 0.0030232370061708778 0.01228103016020562 0.042961329035191273 -0.018458366891887897 0.027201570261868979 0.031488812243867383 -0.012412740954735751 -0.014004022566076486 -0.014784567184541065 0.039210453890917547 0.013333665114109661 0.0080303250059973238
leaf_weight=748.18641654774547 54682.314643740654 2983.42376158759 4312.0874040648341 271.4374644421041 1932.721673656255 410.67497078701854 4107.3377688042819 2684.1466604098678 865.11506205797195 916.40863016247749 372.59609073027968 3511.428349852562 996.05929804965854 750.33968157693744 2696.4357024729252 333.61463078856468 2595.9480141028762 228.04510856419802 516.50118386000395 952.55030510574579 1059.851093955338 1624.8170486390591 1766.2327134273946 722.77873664349318 2829.1457553990185 8586.5342060551047 2057.5749008506536 1016.8399773314595 862.22689048945904 532.61479444801807
leaf_count=6457 269172 18883 29579 1497 17214 1863 19887 13175 4516 4155 2897 16502 5886 3493 14077 1404 13149 1165 2215 4613 4634 8315 8627 3615 13404 44359 10361 4481 3545 2318
internal_value=3.52012e-05 0.000172618 0.00596124 0.0181585 -0.000267115 -0.00706655 0.000403939 0.00705167 -0.000570626 0.0182342 -0.00150143 0.00592355 -0.0207155 -0.00232269 0.00515221 0.0241779 -0.0110587 0.0133253 -8.50272e-05 -0.000960473 0.00074331 0.00627761 0.00220257 0.00763431 -0.000195137 -0.0113793 -0.000113688 0.0270209 -0.00639892 0.0312783
internal_weight=107926 107178 7566.95 3254.86 99610.9 8947.78 90663.1 11591.9 79071.2 5023.75 6568.17 3884.02 1861.17 7015.06 3780.39 1083.95 3234.67 638.72 77210 67871.4 58332.4 9338.54 7805.2 6180.38 4414.15 9539.08 56739.9 1533.34 3691.37 1592.47
internal_count=555458 549001 49959 20380 499042 52365 446677 56616 390061 24042 32574 19399 10402 35151 18974 4897 16177 3028 379659 335457 286485 44202 37506 29191 20564 48972 279533 6696 16949 6952
is_linear=0
shrinkage=0.05


end of trees

feature_importances:
Column_33=773
Column_32=379
Column_34=188
Column_10=125
Column_43=113
Column_5=98
Column_12=86
Column_28=71
Column_7=63
Column_13=62
Column_9=59
Column_38=57
Column_8=45
Column_26=37
Column_11=31
Column_20=24
Column_35=24
Column_25=21
Column_0=15
Column_3=13
Column_37=12
Column_2=10
Column_19=9
Column_1=7
Column_6=6
Column_39=4
Column_29=3
Column_17=2
Column_4=1
Column_14=1
Column_22=1

parameters:
[boosting: gbdt]
[objective: binary]
[metric: binary_logloss]
[tree_learner: serial]
[device_type: cpu]
[data_sample_strategy: bagging]
[data: ]
[valid: ]
[num_iterations: 500]
[learning_rate: 0.05]
[num_leaves: 31]
[num_threads: 2]
[seed: 42]
[deterministic: 0]
[force_col_wise: 0]
[force_row_wise: 0]
[histogram_pool_size: -1]
[max_depth: -1]
[min_data_in_leaf: 100]
[min_sum_hessian_in_leaf: 0.001]
[bagging_fraction: 0.8]
[pos_bagging_fraction: 1]
[neg_bagging_fraction: 1]
[bagging_freq: 1]
[bagging_seed: 400]
[bagging_by_query: 0]
[feature_fraction: 0.8]
[feature_fraction_bynode: 1]
[feature_fraction_seed: 30056]
[extra_trees: 0]
[extra_seed: 12879]
[early_stopping_round: 0]
[early_stopping_min_delta: 0]
[first_metric_only: 0]
[max_delta_step: 0]
[lambda_l1: 0]
[lambda_l2: 0]
[linear_lambda: 0]
[min_gain_to_split: 0]
[drop_rate: 0.1]
[max_drop: 50]
[skip_drop: 0.5]
[xgboost_dart_mode: 0]
[uniform_drop: 0]
[drop_seed: 17869]
[top_rate: 0.2]
[other_rate: 0.1]
[min_data_per_group: 100]
[max_cat_threshold: 32]
[cat_l2: 10]
[cat_smooth: 10]
[max_cat_to_onehot: 4]
[top_k: 20]
[monotone_constraints: ]
[monotone_constraints_method: basic]
[monotone_penalty: 0]
[feature_contri: ]
[forcedsplits_filename: ]
[refit_decay_rate: 0.9]
[cegb_tradeoff: 1]
[cegb_penalty_split: 0]
[cegb_penalty_feature_lazy: ]
[cegb_penalty_feature_coupled: ]
[path_smooth: 0]
[interaction_constraints: ]
[verbosity: -1]
[saved_feature_importance_type: 0]
[use_quantized_grad: 0]
[num_grad_quant_bins: 4]
[quant_train_renew_leaf: 0]
[stochastic_rounding: 1]
[linear_tree: 0]
[max_bin: 255]
[max_bin_by_feature: ]
[min_data_in_bin: 3]
[bin_construct_sample_cnt: 200000]
[data_random_seed: 175]
[is_enable_sparse: 1]
[enable_bundle: 1]
[use_missing: 1]
[zero_as_missing: 0]
[feature_pre_filter: 1]
[pre_partition: 0]
[two_round: 0]
[header: 0]
[label_column: ]
[weight_column: ]
[group_column: ]
[ignore_column: ]
[categorical_feature: ]
[forcedbins_filename: ]
[precise_float_parser: 0]
[parser_config_file: ]
[objective_seed: 16083]
[num_class: 1]
[is_unbalance: 0]
[scale_pos_weight: 1]
[sigmoid: 1]
[boost_from_average: 1]
[reg_sqrt: 0]
[alpha: 0.9]
[fair_c: 1]
[poisson_max_delta_step: 0.7]
[tweedie_variance_power: 1.5]
[lambdarank_truncation_level: 30]
[lambdarank_norm: 1]
[label_gain: ]
[lambdarank_position_bias_regularization: 0]
[eval_at: ]
[multi_error_top_k: 1]
[auc_mu_weights: ]
[num_machines: 1]
[local_listen_port: 12400]
[time_out: 120]
[machine_list_filename: ]
[machines: ]
[gpu_platform_id: -1]
[gpu_device_id: -1]
[gpu_use_dp: 0]
[num_gpu: 1]

end of parameters

pandas_categorical:null
