tree
version=v4
num_class=1
num_tree_per_iteration=1
label_index=0
max_feature_idx=43
objective=binary sigmoid:1
feature_names=Column_0 Column_1 Column_2 Column_3 Column_4 Column_5 Column_6 Column_7 Column_8 Column_9 Column_10 Column_11 Column_12 Column_13 Column_14 Column_15 Column_16 Column_17 Column_18 Column_19 Column_20 Column_21 Column_22 Column_23 Column_24 Column_25 Column_26 Column_27 Column_28 Column_29 Column_30 Column_31 Column_32 Column_33 Column_34 Column_35 Column_36 Column_37 Column_38 Column_39 Column_40 Column_41 Column_42 Column_43
feature_infos=[-0.12:0.12000000000000011] [-0.31852799999999992:0.35245516269354904] [-0.34545454545454535:0.6327710843373493] [-0.52830188679245282:1.5834710743801592] [-0.57692307692307687:5.2180451127819545] [-0.80381017917814346:12.090909090909097] [0:99.999999998989509] [-0.92298657718120802:0] [0:11.530303030303031] [0:0.11323805518842653] [0:0.10683669729320865] [0:3445.3822046328423] [0:475.41428571428571] [-4.163336342344337e-17:0.24392728237025163] [0:20] none none [0:5] none [-2.6633613358200781:4.3643517853218814] [5.5864717998893885e-06:4.1994884612742513] [-0.99999999999999867:0.99999999999999989] [0:45.915566428259361] none none [0.0026041666666666665:1] [0.0026041666666666665:1] none [-0.33078749247831551:1.4627374711935675] [-1.4098740350702195:5.1223101513735152] none [1:7] [1:12] [-5029:-1094] [0.47000362924573563:8.6863788488170517] [-1:8.9927378358748484] [0:1] [-0.89911730696202941:1.1265264897621496] [-0.91006978897857493:1.8923781069225907] [0:1] none none none [0:7]
tree_sizes=3539 3602 3568 3568 3588 3599 3609 3576 3581 3586 3596 3577 3573 3604 3598 3589 3586 3577 3575 3590 3573 3597 3583 3595 3586 3575 3573 3582 3582 3569 3593 3572 3564 3576 3593 3556 3585 3596 3574 3612 3587 3573 3596

Tree=0
num_leaves=31
num_cat=0
split_feature=13 10 10 10 38 38 28 20 13 28 19 13 32 0 19 3 9 7 32 28 32 32 36 3 19 2 7 32 32 32
split_gain=15315.9 5372.56 3436.96 1496.8 1185.37 1041.28 1172.71 905.104 834.129 827.163 787.244 676.256 533.042 417.561 382.833 331.215 326.762 323.97 342.716 317.378 279.003 263.844 253.311 248.568 241.628 239.535 221.32 208.991 211.828 195.116
threshold=0.029719252623964208 0.012893450306360917 0.026408600051756995 0.02384870673248032 -0.11598487865114408 -0.15300946538515578 0.1231062197344245 0.1453678507907753 0.0075184002302985031 0.048538641140230855 -0.13474559516720935 0.0063969003734349267 3.5000000000000004 0.095095846156980982 -0.24514068905084249 0.06862745098039448 0.039235397288656361 -0.19402985074626869 4.5000000000000009 0.04224714704330388 2.5000000000000004 3.5000000000000004 0.99960845732184855 -0.090129008639167771 1.0000000180025095e-35 -0.076923076923076913 -0.18542356512141275 3.5000000000000004 1.5000000000000002 4.5000000000000009
decision_type=10 8 10 10 8 10 10 10 10 10 8 10 2 10 10 10 10 8 2 10 2 2 2 10 10 10 8 2 2 2
left_child=1 8 4 10 23 25 12 -5 -1 15 11 -3 20 19 29 21 24 -13 -19 26 -7 -6 -8 -2 -14 -4 -12 28 -11 -9
right_child=2 3 5 7 9 6 22 14 -10 27 13 17 16 -15 -16 -17 -18 18 -20 -21 -22 -23 -24 -25 -26 -27 -28 -29 -30 -31
leaf_value=-0.77759246208373312 -0.66734219913376702 -0.7686441622718575 -0.64097031063717647 -0.76007710243928006 -0.73190207442902089 -0.69987920054781672 -0.67242451080252719 -0.72398477911364756 -0.75194702177122608 -0.7025642124576712 -0.70688823306724113 -0.71753761628432289 -0.69980600509374247 -0.5989152347904092 -0.69303437525343414 -0.70392907972016616 -0.68078321919092022 -0.74704647021833748 -0.73139246465616903 -0.70482782269350386 -0.72079272697861962 -0.71800452146948246 -0.62699642523805421 -0.69544731950226391 -0.68625969802538334 -0.67084510117240226 -0.72962266954472377 -0.6961587631502153 -0.73587960132148134 -0.70666973531773358
leaf_weight=5066.6713077425957 1581.7351770251989 1568.4970530718565 1126.1230776309967 836.64943385124207 4603.7782401740551 5499.5579610168934 5317.0924858599901 2543.2642468363047 8473.0612363368273 1351.1711848378181 1290.0551792532206 2456.3338995426893 8720.8347896635532 70.823963150382042 3689.9064165949821 3118.0194618105888 6044.0861262977123 5513.8992619663477 9555.9397757202387 2381.0972284078598 2246.0683640837669 13227.533454179764 325.65784925222397 1565.1875220835209 5287.9686131626368 1660.0607437491417 6290.535867229104 6530.5871815830469 737.58413960039616 4515.9653512835503
leaf_count=22964 7169 7109 5104 3792 20866 24926 24099 11527 38403 6124 5847 11133 39526 321 16724 14132 27394 24991 43311 10792 10180 59952 1476 7094 23967 7524 28511 29599 3343 20468
internal_value=-0.714386 -0.73426 -0.698747 -0.725186 -0.710495 -0.688138 -0.690585 -0.709985 -0.761544 -0.7136 -0.731232 -0.737191 -0.694803 -0.719892 -0.706086 -0.718964 -0.6905 -0.734376 -0.73712 -0.720752 -0.705944 -0.721593 -0.669803 -0.681321 -0.694693 -0.65877 -0.725754 -0.700562 -0.714329 -0.712908
internal_weight=123196 54252.7 68943 40713 32715.6 36227.5 33441.3 11585.8 13539.7 29568.7 29127.2 19094.7 27798.5 10032.5 10749.1 20949.3 20052.9 17526.2 15069.8 9961.69 7745.63 17831.3 5642.75 3146.92 14008.8 2786.18 7580.59 8619.34 2088.76 7059.23
internal_count=558368 245893 312475 184526 148279 164196 151568 52511 61367 134016 132015 86544 125993 45471 48719 94950 90887 79435 68302 45150 35106 80818 25575 14263 63493 12628 34358 39066 9467 31995
is_linear=0
shrinkage=1


Tree=1
num_leaves=31
num_cat=0
split_feature=10 10 13 13 20 37 38 38 5 37 13 37 33 28 5 13 33 33 38 1 0 4 28 5 5 43 33 0 43 28
split_gain=14225.1 5353.77 2337.08 1578.08 1228.88 1082.82 1230.94 954.692 779.286 849.314 583.294 576.585 495.684 466.024 515.634 449.267 415.505 378.255 387.181 366.736 357.808 350.076 346.258 360.73 284.1 276.439 274.297 268.738 246.851 240.136
threshold=0.016219496854186732 0.027343339283417263 0.011767737987303363 0.034376509768860378 0.10954973224357843 -0.091523899181781262 0.19047619047610956 -0.14014587310564394 -0.15432098765432087 0.0060444840893965077 0.028779774867543753 0.043062200956900505 -4546.4999999999991 0.10097329020666161 -0.19374999999999989 0.0030303030303029149 -3543.4999999999995 -4865.4999999999991 -0.084475849333707206 -0.075791491698854727 0.095095846156980982 -0.097165991902833967 0.053582690085382426 -0.12417611607806715 -0.10000000000000146 1.5000000000000002 -1773.9999999999998 0.083333333333333384 3.5000000000000004 0.070404183838825324
decision_type=8 10 10 10 10 10 10 8 8 8 10 10 2 10 10 10 2 2 10 10 10 10 10 10 10 2 2 10 2 10
left_child=2 3 24 8 -3 19 12 -5 25 15 22 17 -7 14 -14 -10 -15 -9 -19 -6 28 -12 23 -4 -1 -2 -18 -8 -11 -23
right_child=1 4 10 7 5 6 27 11 9 20 21 -13 13 16 -16 -17 26 18 -20 -21 -22 29 -24 -25 -26 -27 -28 -29 -30 -31
leaf_value=-0.026498134363005937 0.04618047120641959 -0.046065490508076637 -0.0095332289053306034 0.045497519447227568 0.072299913831329887 0.034427332739524183 0.039000747511366646 -0.025303136136023766 -0.049913524736310444 -0.011240069636322288 0.028828046859620822 0.018496028645488188 0.029669443590784151 -0.010958971922411865 0.0094315232091211551 -0.015680670883571005 0.046128829125609706 0.019089115982334988 -0.0013058778303266427 0.038507160090117114 0.09718286688266449 -0.018741856284451408 -0.0098202440243959285 -0.034931626441829615 -0.05928095811571113 0.0062182732064756481 0.0039517816919705639 0.072305945077682884 0.0062490919429198195 0.012400431011401938
leaf_weight=731.84273298084736 479.94973413646221 641.18049184978008 1614.3701026141644 1642.331656306982 1210.8017574250698 3733.2151904851198 4616.4965853542089 1286.4580914676189 1012.5772205740213 3103.4652178734541 571.22847020626068 6434.1142046749592 3723.9730575680733 475.00262133777142 20327.886572897434 17921.642382949591 2446.8569180220366 2956.6867828220129 10927.57622563839 2383.0624288022518 95.994663387537003 3332.2392208427191 2167.641495719552 10431.178282141685 6815.1378172039986 4400.7419908642769 457.57468976080418 697.14865636825562 5766.4772431999445 760.23089544475079
leaf_count=3376 2173 2951 7366 7350 5407 16784 20698 5841 4659 14106 2581 29038 16756 2130 91616 81552 10958 13374 49517 10679 423 15134 9898 47751 31495 19946 2052 3109 26158 3430
internal_value=-7.13451e-05 0.00880934 -0.0325847 -0.00121738 0.0226077 0.0237066 0.0211267 0.00874716 -0.00828393 -0.0115083 -0.0231825 0.00595351 0.0173341 0.0150078 0.012565 -0.0175114 0.032394 0.000634052 0.00303728 0.0498922 0.00116899 -0.00783879 -0.0282171 -0.0315277 -0.056102 0.010148 0.0394841 0.0433704 0.000129886 -0.0129568
internal_weight=123165 96741.2 26423.9 56028 40713.2 40072 36478.2 23247.2 32780.8 27900.2 18876.9 21604.8 31164.5 27431.3 24051.9 18934.2 3379.43 15170.7 13884.3 3593.86 8965.94 4663.7 14213.2 12045.5 7546.98 4880.69 2904.43 5313.65 8869.94 4092.47
internal_count=558308 437277 121031 254137 183140 180189 164103 105120 149017 126898 86160 97770 140296 123512 108372 86211 15140 68732 62891 16086 40687 21145 65015 55117 34871 22119 13010 23807 40264 18564
is_linear=0
shrinkage=0.05


Tree=2
num_leaves=31
num_cat=0
split_feature=13 9 13 38 5 37 8 7 8 9 1 7 3 29 33 33 37 7 33 33 0 8 33 33 33 33 33 33 33 33
split_gain=12880.9 3134.91 2887.07 1847.56 1346.97 1286.97 1036.77 677.253 641.438 572.868 495.842 542.941 469.697 414.4 402.561 362.524 351.72 319.086 294.14 348.303 280.702 263.144 261.649 333.523 248.009 294.784 531.939 475.683 494.13 436.635
threshold=0.025812795350675152 0.033941559286177952 0.0009900990099009719 -0.11598487865114408 -0.13029315960912044 0.028277634961322188 0.096855469492793014 -0.1586511977739484 0.054382341205307279 0.012988472906293564 -0.075791491698854727 -0.0030722038697499339 -0.12241036331555248 -0.08319923647262957 -4865.4999999999991 -4530.4999999999991 -0.16566220368144272 -0.32817853402602115 -2368.4999999999995 -2329.4999999999995 0.072463768115944696 0.22967024840448749 -4546.4999999999991 -4842.4999999999991 -4683.4999999999991 -2207.4999999999995 -1773.9999999999998 -1933.4999999999998 -2000.4999999999998 -2317.4999999999995
decision_type=10 10 8 8 8 10 10 8 8 8 10 10 10 8 2 2 10 10 2 2 10 10 2 2 2 2 2 2 2 2
left_child=2 3 8 12 15 7 9 18 -1 -6 -3 14 -2 -9 -12 -4 -10 -16 -5 -20 -7 -15 23 -8 -19 29 27 28 -27 -26
right_child=1 10 4 5 6 20 22 13 16 -11 11 -13 -14 21 17 -17 -18 24 19 -21 -22 -23 -24 -25 25 26 -28 -29 -30 -31
leaf_value=-0.059872676004685356 0.055741646423717955 0.050801970152012814 0.040282342444636791 0.0019433184011671005 -0.034398081220152303 0.013156534840273496 -0.027325650832250775 0.0093854709009315983 0.12242651515453634 -0.018121758693693642 -0.036906894644262854 0.050760360017106702 0.023782817998784112 -0.011862832330204498 0.042562117206056252 0.00088857365521833329 -0.02468202937818546 0.045732614418307324 0.083660655176242271 0.014885851321184996 0.044695512080148936 0.0037914452935993571 -0.0082293604460980073 0.049648774909704999 0.015732621233012185 0.040959653298090176 0.01043871177054922 0.064593822547941687 -0.016775772482676886 -0.044466318256279336
leaf_weight=5511.3214362561703 1548.7671996355057 2158.8733055144548 661.52883860468864 8969.8541748523712 11521.788368299603 15467.638642698526 207.02926470339298 3319.5698442161083 42.110844105482101 10184.864787891507 278.79253223538399 1914.852000311017 4461.6082520782948 18477.460840076208 1972.8814629167318 4984.0021194815636 1156.4872553050518 960.12779867649078 193.27989238500595 3873.3493141680956 739.20408061146736 3140.8419600427151 7104.2923400253057 439.40490829944611 7947.2121315449476 1384.1279911100864 2388.4002579748631 1322.6800490617752 506.09735475480556 313.08442661166191
leaf_count=26022 6824 9555 2976 40519 53402 69528 946 14974 181 46685 1266 8456 19914 84114 8767 22634 5330 4260 871 17475 3301 14163 32435 1986 35503 6151 10681 5871 2273 1407
internal_value=-5.87691e-05 0.0115351 -0.0226124 0.00571689 -0.0168682 0.00279927 -0.021156 -0.00223497 -0.0526633 -0.0267612 0.0280957 0.0255141 0.032018 -0.00706279 0.0226827 0.00550463 -0.0195136 0.0236719 0.0070003 0.0181546 0.014595 -0.00958848 -0.00545821 0.0249967 0.0211574 0.0194552 0.0283098 0.0415948 0.0255013 0.0134509
internal_weight=123152 81338.7 41812.8 60191.6 35102.9 54181.2 29457.4 37974.4 6709.92 21706.7 21147.1 18988.3 6010.38 24937.9 17073.4 5645.53 1198.6 16794.6 13036.5 4066.63 16206.8 21618.3 7750.73 646.434 14821.7 13861.6 5601.31 3212.91 1890.23 8260.3
internal_count=558470 365873 192597 271683 161064 244945 135454 172116 31533 100087 94190 84635 26738 113251 76179 25610 5511 74913 58865 18346 72829 98277 35367 2932 66146 61886 24976 14295 8424 36910
is_linear=0
shrinkage=0.05


Tree=3
num_leaves=31
num_cat=0
split_feature=9 9 9 7 7 19 7 28 20 33 32 1 7 32 28 28 37 32 33 33 43 11 43 33 33 33 33 33 33 37
split_gain=11220.4 3093.89 1876.56 1308.86 1228.45 1105.05 1091.9 997.828 786.568 521.04 486.599 467.973 465.554 436.47 404.223 356.411 346.39 340.022 363.413 631.637 321.382 349.875 320.238 318.59 692.728 312.331 307.203 304.417 288.758 286.992
threshold=0.018857778019021491 0.0089304883245771797 0.035111236367879974 -0.28044486590117296 -0.19563494522347111 -0.18422184416709422 -0.13461120945923374 0.04224714704330388 0.17802221810685473 -2135.4999999999995 4.5000000000000009 -0.099206349206348507 -0.0030722038697499339 3.5000000000000004 0.077642414868611884 0.10318530599857713 -0.077517867151407169 5.5000000000000009 -4546.4999999999991 -4823.4999999999991 3.5000000000000004 0.26779927520294139 1.5000000000000002 -1773.9999999999998 -2067.4999999999995 -2585.4999999999995 -2177.4999999999995 -2772.4999999999995 -4965.4999999999991 -0.066085628899931845
decision_type=8 10 10 8 8 10 8 10 10 2 2 10 10 2 10 10 10 2 2 2 2 8 2 2 2 2 2 2 2 10
left_child=1 6 3 16 -3 10 20 17 -4 26 -5 -10 13 22 28 -7 -2 18 19 -6 -1 -22 -13 24 -15 27 -8 -19 -12 -30
right_child=2 4 8 5 7 15 9 -9 11 -11 14 12 -14 23 -16 -17 -18 25 -20 -21 21 -23 -24 -25 -26 -27 -28 -29 29 -31
leaf_value=-0.019913790893536034 0.050280862751936661 0.0091360286357734244 -0.03659211402976216 -0.011028509879227481 -0.019247485178815544 0.010628752135948789 -0.034284141812961355 0.00086798521487153185 0.058567866730971543 -0.05687803291366908 -0.025012551868295142 -0.031528557656575064 0.049485050802178285 0.024750219748642891 0.020439911199507735 0.02730986637660391 0.02231120219486548 -0.01030551435816799 -0.028735688137038081 0.088108938135894904 0.070272639730115632 -0.010705342758056602 0.012961703318020693 0.0087568244912478322 0.058688594174477193 -0.025052554237925878 0.080644824170766058 0.060757636668931095 0.019571997990959031 -0.0010142864945908011
leaf_weight=1599.0291204303503 1759.1599892824888 6158.9907397776842 497.4333688467741 8995.8819995671511 543.74262969195843 17010.946459189057 3250.0790215432644 7406.4030802249908 1112.7497745454311 6086.8588806241751 1075.8162139207125 463.39454862475395 1784.5045136958361 9454.7482502907515 2863.1801832169294 3944.6937272399664 2985.7448037862778 8566.7711403220892 10656.013689652085 183.16197897493839 236.64008943736553 305.71166248619556 3180.608408421278 2059.6180813163519 1787.8797251135111 4693.428220063448 59.203374341130257 153.40093600749969 1968.0349779725075 12113.807758584619
leaf_count=7456 7683 27770 2322 40810 2506 76479 15274 33745 4843 29278 4944 2095 7761 41823 12832 17525 13300 39451 49222 833 1085 1414 14185 9140 7808 21653 271 709 8801 54914
internal_value=0.000124981 -0.0181511 0.0126077 0.00763007 -0.0113233 0.00515232 -0.0408534 -0.0152363 0.0255083 -0.0481964 -0.0015311 0.027065 0.0251935 0.0226355 0.00320994 0.0137688 0.0326809 -0.0200465 -0.0264023 0.00780368 -0.00863282 0.0246271 0.00730404 0.0268354 0.0301473 -0.0146528 -0.0322281 -0.00905541 -4.46905e-05 0.00186279
internal_weight=122958 49899.4 73058.2 52717.3 38361.9 47972.4 11537.5 32202.9 20340.9 9396.14 27016.7 19843.5 18730.8 16946.2 18020.8 20955.6 4744.9 24796.5 11382.9 726.905 2141.38 542.352 3644 13302.2 11242.6 13413.6 3309.28 8720.17 15157.7 14081.8
internal_count=557932 230667 327265 237288 175889 216305 54778 148119 89977 44823 122301 87655 82812 75051 81491 94004 20983 114374 52561 3339 9955 2499 16280 58771 49631 61813 15545 40160 68659 63715
is_linear=0
shrinkage=0.05


Tree=4
num_leaves=31
num_cat=0
split_feature=10 10 13 19 20 32 5 28 7 4 28 13 32 33 38 28 32 28 19 33 33 3 5 3 38 10 33 2 32 33
split_gain=11040.4 4020.4 1944.15 1372.65 1002.26 866.541 746.468 622.158 700.064 523.716 554.074 506.865 474.512 420.875 677.337 428.131 377.427 362.47 319.05 307.151 322.78 303.325 284.546 279.995 270.975 246.084 242.225 233.967 231.381 230.535
threshold=0.016219496854186732 0.026637129772235375 0.011228448974078148 -0.17482573516616465 0.10954973224357843 3.5000000000000004 -0.15432098765432087 0.1231062197344245 -0.28394098726912032 -0.097165991902833967 0.070404183838825324 0.010015823777757891 4.5000000000000009 -4922.4999999999991 -0.12382081833621809 0.022011185351876256 2.5000000000000004 0.070404183838825324 0.23840687966635815 -3498.4999999999995 -4683.4999999999991 -0.071932490801471335 -0.094947948087302877 -0.12241036331555248 -0.083008614477553963 0.012893450306360917 -4783.4999999999991 -0.092382092851879191 3.5000000000000004 -1687.4999999999998
decision_type=8 10 10 8 10 2 8 10 10 10 10 10 2 2 10 10 2 10 10 2 2 10 10 10 10 10 2 10 2 2
left_child=2 3 22 6 -3 16 21 8 23 -4 25 -8 -13 -5 -15 -16 24 -14 26 20 -9 29 -1 -7 -6 -11 -10 -28 -27 -2
right_child=1 4 9 13 5 7 11 19 18 10 -12 12 17 14 15 -17 -18 -19 -20 -21 -22 -23 -24 -25 -26 28 27 -29 -30 -31
leaf_value=-0.022893325162344928 0.019933530314574944 -0.042701392869183202 0.011570987739093805 -0.020128707309736857 0.03685931296499835 0.060474240903724746 -0.043526835097669948 0.047276621104902633 0.072239969782750366 -0.033549118293242301 0.00024684742435304914 -0.020085727311153156 -0.0085594369422186314 0.037164295296852196 -0.00047071572100869223 0.01411625487009256 -0.0064518796509273786 0.012780317522125368 0.026526028967525553 0.047633240661936943 0.0016343362734146851 0.0012451112133025528 -0.055656102649153008 0.031701134119699007 0.010064536593622886 -0.033844748044835664 0.035883332244859859 0.011113620907526274 -0.015695335392254775 0.074910824268042936
leaf_weight=744.40865139663219 1197.0276772528887 650.08757334947586 1169.0582260936499 1296.6986866444349 1093.5718490481377 1098.3365641981363 1223.1566825658083 680.13249602913857 172.89038790762424 6719.8203306645155 2240.4240392297506 8359.1653715521097 12857.631381079555 1969.8347824215889 10607.399044588208 9567.0823883116245 3260.9005987644196 2354.2643892765045 6523.9327552765608 3684.739319100976 899.85454724729061 3435.8756392747164 6039.2544815093279 3673.0113141834736 6878.4545052200556 2444.1829610317945 1019.9414569735527 14602.008726745844 6237.5836044996977 226.81222611665726
leaf_count=3566 5282 3104 5307 5973 4824 4711 5851 2955 760 31772 10239 38525 58810 8678 48213 42926 14626 10594 28780 15945 3937 15484 29734 16118 30649 11427 4461 65003 28932 1006
internal_value=0.000107385 0.00779132 -0.0291134 -0.00148434 0.0189241 0.0198432 -0.00863212 0.0239972 0.0209406 -0.0208381 -0.0229857 -0.0121442 -0.0105157 0.0075579 0.00917914 0.00644667 0.00787843 -0.0052568 0.0172242 0.039725 0.0212818 0.0092865 -0.0520609 0.0383245 0.0137401 -0.0263653 0.0133822 0.0127308 -0.020805 0.0286912
internal_weight=122928 97332.8 25594.7 53094.9 44237.9 43587.8 29653.9 32354.8 27090.1 18811.1 17642 24794.2 23571.1 23441 22144.3 20174.5 11232.9 15211.9 22318.8 5264.73 1579.99 4859.72 6783.66 4771.35 7972.03 15401.6 15794.8 15622 8681.77 1423.84
internal_count=558192 437215 120977 241342 195873 192769 135552 142670 119833 87677 82370 113780 107929 105790 99817 91139 50099 69404 99004 22837 6892 21772 33300 20829 35473 72131 70224 69464 40359 6288
is_linear=0
shrinkage=0.05


Tree=5
num_leaves=31
num_cat=0
split_feature=10 10 13 13 37 28 20 28 5 37 32 13 32 5 4 37 5 37 4 28 1 5 13 32 43 32 32 1 43 36
split_gain=10082.1 3612.24 1897.06 1053.14 934.488 948.998 735.44 533.362 607.249 518.324 505.406 469.313 430.986 370.866 395.969 325.634 364.065 309.985 285.715 316.288 272.25 268.539 260.4 225.613 210.757 201.883 242.009 188.184 187.966 181.941
threshold=0.016219496854186732 0.026408600051756995 0.011767737987303363 0.033847076303666367 -0.091523899181781262 0.1231062197344245 0.10954973224357843 0.048538641140230855 -0.1343283582089552 -0.10153102336827856 3.5000000000000004 0.022238508972168811 2.5000000000000004 -0.16438356164383491 0.07781665918800719 0.043062200956900505 -0.14512172503126106 0.0060444840893965077 -0.11029857397504587 0.070404183838825324 -0.079021983763362433 -0.094947948087302877 0.0075184002302985031 5.5000000000000009 1.5000000000000002 3.5000000000000004 9.5000000000000018 0.0056780140327992177 1.0000000180025095e-35 0.99960845732184855
decision_type=8 10 10 10 10 10 10 10 8 8 2 10 2 10 10 10 8 8 10 10 10 10 10 2 2 2 2 8 2 2
left_child=2 3 21 7 20 6 -6 8 24 -5 12 -4 -8 28 -15 16 -11 22 -13 -20 -3 -1 -10 -24 -2 -18 -27 -9 -12 -7
right_child=1 4 11 9 5 29 10 27 17 15 13 18 -14 14 -16 -17 25 -19 19 -21 -22 -23 23 -25 -26 26 -28 -29 -30 -31
leaf_value=-0.022458284870896905 0.035473422537943181 0.06013654144893097 -0.027869892023807248 0.037185998434242744 -0.041589792373804897 0.031176726053635473 0.0099995716822121519 -0.0018125776820376049 -0.043732655296057736 0.016005288500618303 0.076050504053246051 0.020896148805222409 -0.013800044558791606 0.0092349038685707926 0.02415631143189893 0.014470533904187542 -0.014995604176428158 -0.004728008514920252 -0.018247971170305518 0.0082578642391004323 0.031916550178311208 -0.053942931245055829 -0.024450291871936508 -0.011180920897151603 0.00091503937644462014 0.0072073796301816749 -0.0096411493202165563 0.016681158726330473 0.027394278776555467 0.067851322551439136
leaf_weight=761.11460767686367 486.30113911628723 1247.2725196629763 9019.309105142951 1304.2256986796856 624.46916025876999 5936.2319071143866 6679.0760912448168 3204.9304995536804 987.139563575387 3068.5319037735462 207.73693881928921 620.73451088368893 2659.7379196733236 14073.442289248109 6499.462200447917 6036.7782952785492 2821.4910131245852 5253.7613542377949 7392.6231500208378 1327.6046382188797 2715.1429478377104 6146.4645344316959 5777.2539581656456 7190.0565119981766 4754.7078856378794 5249.1433932632208 3588.2678711861372 2409.8202382773161 4460.1107497811317 358.60316564142704
leaf_count=3678 2154 5288 42851 5683 3035 25590 29731 14589 4819 13661 899 2777 12033 62442 28436 26772 12929 24060 34604 6000 11773 30970 26937 33205 21505 23726 16338 10837 19557 1508
internal_value=1.11824e-05 0.00729923 -0.0281379 -0.00168363 0.0176003 0.0153851 0.0121879 -0.0077723 -0.0109638 0.00661101 0.013159 -0.0197346 0.00322133 0.0168359 0.0139489 0.00469056 0.000681743 -0.0150799 -0.0118795 -0.0142126 0.0407995 -0.0504738 -0.0189773 -0.0170928 0.00412163 -0.00335129 0.000366345 0.00612483 0.0295597 0.033266
internal_weight=122862 97593.7 25267.9 52132.4 45461.3 41498.9 35204 30064 24449.2 22068.4 34579.6 18360.3 9338.81 25240.8 20572.9 20764.2 14727.4 19208.2 9340.96 8720.23 3962.42 6907.58 13954.5 12967.3 5241.01 11658.9 8837.41 5614.75 4667.85 6294.84
internal_count=558387 437507 120880 237215 200292 183231 156133 138106 112680 99109 153098 86232 41764 111334 90878 93426 66654 89021 43381 40604 17061 34648 64961 60142 23659 52993 40064 25426 20456 27098
is_linear=0
shrinkage=0.05


Tree=6
num_leaves=31
num_cat=0
split_feature=10 10 13 19 20 38 37 28 13 12 33 38 28 4 28 28 19 33 33 33 1 33 9 36 7 33 28 33 10 19
split_gain=9192.96 3269.45 1754.47 1346.89 798.968 795.559 620.224 678.19 529.513 469.751 461.361 635.566 447.292 424.469 438.213 401.158 395.678 275.417 240.885 254.964 237.363 232.604 232.254 216.348 213.463 211.138 209.522 198.611 184.265 173.469
threshold=0.016219496854186732 0.028853676861469068 0.015193451167654323 -0.19354736207231019 0.10954973224357843 -0.10303255793761466 -0.083917278051173813 0.1231062197344245 0.0075184002302985031 0.035714285714285733 -4922.4999999999991 -0.12118556156569675 0.028628190363047649 -0.097165991902833967 0.070404183838825324 0.048538641140230855 0.13240727434885011 -4546.4999999999991 -2191.4999999999995 -1773.9999999999998 -0.099206349206348507 -1687.4999999999998 0.018544474303773723 0.99960845732184855 -0.11290322580645155 -4546.4999999999991 -0.025299870258725429 -2163.4999999999995 0.023350971085660446 0.8828063915987967
decision_type=8 10 10 8 10 8 10 10 10 10 2 10 10 10 10 10 10 2 2 2 10 2 10 2 10 2 10 2 8 10
left_child=2 3 9 5 -3 21 20 16 -7 -1 -5 -12 17 -4 29 28 25 -13 -9 27 -6 -2 -19 -18 -11 -8 -23 -20 -10 -15
right_child=1 4 13 10 6 8 7 18 15 24 11 12 -14 14 -16 -17 23 22 19 -21 -22 26 -24 -25 -26 -27 -28 -29 -30 -31
leaf_value=-0.059338109703563235 0.0093834521254117197 -0.041151788926274628 0.012425762182733002 -0.021314901600787101 0.063821768586480421 -0.041986714244906354 0.02592080055676765 0.021861994195985758 -0.015303243115544271 -0.016411790554422667 0.033844473381975486 0.027913949926736001 0.014531355682729613 -0.025607751025882548 0.0024823749361484477 0.0030639969291232508 0.020654356092246869 -0.0092346305014923604 0.11188961015500681 0.0093842470071441534 0.032352668230170349 0.069003449723907415 0.0046050812463410296 0.052764847175246869 -0.040681429245218927 0.0077888822533135954 -0.0080603246149295784 0.046226831673702062 -0.0061180900545266806 -0.010505270888497471
leaf_weight=3416.231701746583 3762.3570153564215 549.36901028454304 1125.9712950438261 1287.7089734077454 731.66504503786564 1227.0325774401426 1786.7909138053656 2485.3844913393259 13188.808270946145 1126.2053641080856 2404.2266338020563 875.30134245753288 10644.996697768569 10367.280280530453 1974.5456995368004 5985.073217689991 7888.4886526763439 5155.8621202409267 121.10008502006531 473.24261964857578 3310.2192570865154 319.73039779067039 7357.1432594060898 561.93236400187016 4634.0126183331013 15826.444587886333 121.79934220016003 2348.0337164402008 9317.876564219594 2328.3909991532564
leaf_count=17813 16640 2715 5085 5988 3052 6032 7801 10666 61185 5466 10430 3936 47241 49411 9009 26969 34484 23717 515 2033 14228 1401 33031 2433 23104 69975 542 9915 42452 11039
internal_value=-0.000186397 0.0067317 -0.0272604 -0.000264823 0.0186854 -0.00694625 0.0196105 0.0172439 -0.00982611 -0.0446484 0.0079101 0.00933358 0.00688158 -0.0171592 -0.0194299 -0.00844107 0.0138955 0.000799271 0.0333229 0.0430037 0.0380492 0.0134125 -0.00109744 0.0227896 -0.0359364 0.00962829 0.0477448 0.0494473 -0.0115005 -0.022838
internal_weight=122703 97730.6 24972.6 61647.9 36082.7 33922.7 35533.3 31491.4 29718.8 9176.45 27725.2 26437.5 24033.3 15796.2 14670.2 28491.8 26063.7 13388.3 5427.76 2942.38 4041.88 4203.89 12513 8450.42 5760.22 17613.2 441.53 2469.13 22506.7 12695.7
internal_count=558308 437381 120927 279564 157817 155221 155102 137822 136638 46383 124343 118355 107925 74544 69459 130606 114693 60684 23129 12463 17280 18583 56748 36917 28570 77776 1943 10430 103637 60450
is_linear=0
shrinkage=0.05


Tree=7
num_leaves=31
num_cat=0
split_feature=10 10 13 19 20 32 33 33 33 7 2 32 33 33 32 13 1 32 38 33 38 33 33 13 32 32 33 33 32 33
split_gain=8575.02 3156.41 1586.89 1015.23 748.88 763.072 548.034 600.451 1902.31 500.728 474.617 502.563 449.644 450.862 447.195 434.669 409.027 548.166 380.654 332.231 545.126 297.111 387.148 289.345 261.026 399.873 290.997 283.809 257.19 255.718
threshold=0.015794752975284102 0.025282302053827636 0.0084841814979985091 -0.20257684001713158 0.10954973224357843 3.5000000000000004 -4783.4999999999991 -2191.4999999999995 -1773.9999999999998 -0.203341524356386 -0.08650129997355431 10.500000000000002 -4683.4999999999991 -4727.4999999999991 8.5000000000000018 0.028779774867543753 -0.099206349206348507 2.5000000000000004 0.027273602707968862 -4922.4999999999991 -0.14014587310564394 -1687.4999999999998 -1674.4999999999998 0.0063969003734349267 4.5000000000000009 1.5000000000000002 -4622.4999999999991 -4546.4999999999991 4.5000000000000009 -4746.4999999999991
decision_type=8 10 10 8 10 2 2 2 2 8 10 2 2 2 2 10 10 2 8 2 10 2 2 10 2 2 2 2 2 2
left_child=2 3 -1 9 -3 16 -7 10 14 -2 -8 12 13 29 -9 -4 -6 -18 23 -5 -21 -10 -23 -11 25 27 -26 -22 -25 -12
right_child=1 4 15 19 5 6 7 8 21 18 11 -13 -14 -15 -16 -17 17 -19 -20 20 24 22 -24 28 26 -27 -28 -29 -30 -31
leaf_value=-0.051764694250557665 0.0061187769271961595 -0.038359882489629529 -0.024456134280619969 -0.019233930782913203 0.054587873634179634 0.05805457466099051 0.038582707396820043 0.054476515627129712 -0.0076018663731042303 -0.044419863081745566 0.024934928283700461 0.024690745908547918 0.0038884040045772863 0.057453534795630028 0.027878229711356117 -0.0055773835368196217 0.010434849248462186 -0.012871286020593412 -0.0011367726875449321 0.035587425339543136 0.056313707951836767 0.071062910345910821 0.011055220262516088 -0.022898269869506566 0.042911882153408673 -0.011748088906114474 0.0070647377126674188 0.0065008632657828627 -0.0095907195447894611 -0.027702291157825933
leaf_weight=5175.2183073908091 4473.7958533316851 642.63913922011852 13856.869335904717 1299.7927183806896 410.02615721523762 903.79724355041981 1768.6982749253511 4520.6545340567827 2173.1903343647718 854.94652827084064 733.26819843053818 5447.277691796422 13700.709278956056 831.5034923106432 2429.5504312068224 3909.088067561388 8904.7120420485735 3520.3972750753164 5737.0406056642532 1526.8039844334126 341.95578299462795 288.33188590407372 3964.4840088933706 5782.5807908475399 593.31241801381111 4574.3199024498463 12359.302524447441 1745.7681038975716 9756.9074576944113 336.67826671898365
leaf_count=27427 20004 3229 67219 6093 1728 3848 7503 19306 9481 4358 3157 23774 60131 3589 10468 18123 39292 15883 26278 6575 1520 1251 17411 27259 2629 20813 55611 7858 45137 1461
internal_value=0.000160186 0.00650671 -0.0273997 -0.00253095 0.0152711 0.0159613 0.019597 0.0186366 0.0270479 -0.0091377 0.0137059 0.0116156 0.00705056 0.0298352 0.0451787 -0.0203022 0.00545298 0.00383154 -0.0122217 0.00530169 0.00681016 0.00743816 0.0151236 -0.0161008 0.00457014 -0.00347247 0.00870677 0.0146599 -0.0145427 0.00837166
internal_weight=122564 99622.4 22941.2 49046.5 50575.9 49933.3 37098.1 36194.3 13376.2 26605.3 22818.1 21049.4 15602.2 1901.45 6950.2 17766 12835.1 12425.1 22131.5 22441.3 21141.5 6426.01 4252.82 16394.4 19614.7 6662.04 12952.6 2087.72 15539.5 1069.95
internal_count=558416 445647 112769 224135 221512 218283 161380 157532 57917 123036 99615 92112 68338 8207 29774 85342 56903 55175 103032 101099 95006 28143 18662 76754 88431 30191 58240 9378 72396 4618
is_linear=0
shrinkage=0.05


Tree=8
num_leaves=31
num_cat=0
split_feature=13 10 10 38 28 28 13 37 38 5 10 37 5 32 2 32 33 43 33 33 33 32 32 33 34 5 33 10 32 33
split_gain=7751.03 2501.71 2118.52 954.178 956.147 697.823 512.781 463.195 515.354 453.94 439.198 410.112 370.991 345.568 339.456 332.647 317.419 346.565 276.667 858.798 280.709 273.414 269.797 269.53 259.81 236.577 235.695 232.947 228.085 219.901
threshold=0.025173282725469207 0.012243295639140376 0.028853676861469068 -0.10303255793761466 0.048538641140230855 -1.0000000180025095e-35 0.0030303030303029149 -0.079497907949802979 0.20778601927495047 -0.1343283582089552 0.0077859942529809418 0.059541268972099111 -0.16189429968632915 3.5000000000000004 1.0000000180025095e-35 3.5000000000000004 -4117.4999999999991 1.5000000000000002 -1773.9999999999998 -2207.4999999999995 -4783.4999999999991 10.500000000000002 9.5000000000000018 -2396.9999999999995 4.0613043240706554 -0.10000000000000146 -1687.4999999999998 0.025065093510952926 9.5000000000000018 -1674.4999999999998
decision_type=10 8 10 8 10 10 8 10 10 10 10 10 8 2 10 2 2 2 2 2 2 2 2 2 2 8 2 10 2 2
left_child=1 10 3 16 11 6 -3 -4 13 -7 -1 15 -8 -9 -11 -5 -2 22 19 20 -15 -22 -18 -19 28 -17 -20 -14 -21 -28
right_child=2 5 7 4 -6 9 12 8 -10 14 -12 -13 27 18 -16 25 17 23 26 24 21 -23 -24 -25 -26 -27 29 -29 -30 -31
leaf_value=-0.05275549095458712 0.0022860033710992659 -0.043138925818416218 0.033554149782755206 -0.016034383111924157 0.010793854310088759 0.017992450436680598 0.0044292811428859108 0.0028079852854151792 0.031279991031042356 -0.014378036013952765 -0.031337464675039783 0.011701612763999517 -0.021837319900005543 0.051258696588715527 0.0036303107311082476 0.0049643558320204735 0.08072605499817645 0.013494090805872364 -0.016244693195096305 0.058643403497068439 0.0060989696749934701 0.023666695226153167 0.013466413259643019 0.04377704967791006 0.016381583236479157 -0.0070128509603418617 0.068128254326927137 -0.0023564090043009609 0.027104166067193243 0.007865274211741843
leaf_weight=4246.6653623729944 1734.117819994688 1861.3549388349056 4330.7613907903433 7586.8161261081696 13324.309652611613 2187.9956728518009 2052.5387155711651 6129.7443543821573 4623.8831551671028 6370.1592275351286 5485.1283324509859 3243.9250449687243 9464.1995431780815 453.02197320759296 4441.2948212325573 5615.9739977568388 480.99893794953823 2777.2393383383751 1064.6762641966343 1817.8838453739882 7795.9009587615728 3093.6686897724867 216.07384021580219 999.09652723371983 812.18429252505302 15507.453625693917 166.34991760551929 1831.5021528601646 837.24717284739017 1682.0417980253696
leaf_count=22920 7569 9449 18329 35343 59050 9876 9224 27141 19552 30079 27660 14384 45248 1897 20623 25521 2067 12113 4679 7660 33912 13365 935 4334 3457 71316 710 8256 3591 7342
internal_value=-5.74641e-05 -0.0188245 0.00838968 0.00206221 -0.000458096 -0.0112834 -0.0185537 0.0183197 0.0160028 -0.00277702 -0.0406837 -0.00514995 -0.0151254 0.0130413 -0.00698029 -0.00705399 0.0204456 0.0274852 0.0165806 0.0193512 0.0126942 0.0110899 0.0598774 0.021506 0.0411283 -0.00382853 0.0024948 -0.0186787 0.0486981 0.0132888
internal_weight=122234 37940.8 84293.4 51486 45278.5 28209 15209.6 32807.4 28476.6 12999.4 9731.79 31954.2 13348.2 23852.7 10811.5 28710.2 6207.53 4473.41 17723 14809.9 11342.6 10889.6 697.073 3776.34 3467.32 21123.4 2913.07 11295.7 2655.13 1848.39
internal_count=557602 183335 374267 232632 205614 132755 72177 141635 123306 60578 50580 146564 62728 103754 50702 132180 27018 19449 76613 63882 49174 47277 3002 16447 14708 96837 12731 53504 11251 8052
is_linear=0
shrinkage=0.05


Tree=9
num_leaves=31
num_cat=0
split_feature=9 9 5 9 7 37 5 32 8 37 33 32 33 33 20 2 33 19 38 19 33 2 37 8 33 33 35 29 8 37
split_gain=6526.34 1898.73 1623.56 1252.58 732.575 751.011 728.278 597.516 507.333 499.756 435.864 434.126 379.792 406.484 365.095 322.686 315.563 314.806 299.348 279.047 264.785 234.632 219.6 210.464 200.292 230.033 190.691 188.482 179.841 176.057
threshold=0.014591312089275088 0.02513403794308024 -0.098484848484850215 0.0060501892423560294 -0.31059313269210875 0.10099314445128939 -0.17816091954022975 4.5000000000000009 0.075730787481602016 0.010684377707151362 -4783.4999999999991 1.5000000000000002 -4842.4999999999991 -4683.4999999999991 0.10954973224357843 -0.092382092851879191 -2177.4999999999995 -0.10263102822019744 -0.14831562115310956 0.037913455702805139 -1904.4999999999998 -0.058886077878133429 -0.069013244334371102 0.21224631815147768 -2135.4999999999995 -2177.4999999999995 0.08951296150813827 -0.052468600644666033 0.13519980617945496 0.029184953006684559
decision_type=8 10 8 10 8 10 8 2 10 10 2 2 2 2 10 10 2 10 10 10 2 10 10 10 2 2 10 10 10 8
left_child=2 6 8 24 21 12 18 11 10 27 -1 29 -6 -14 -15 -16 -10 23 -2 -17 -18 -3 -13 26 25 -4 -9 -5 -11 -8
right_child=1 4 3 9 5 -7 7 17 16 28 -12 22 13 14 15 19 20 -19 -20 -21 -22 -23 -24 -25 -26 -27 -28 -29 -30 -31
leaf_value=0.061835036857229533 0.038809471567589758 0.047298056917474303 -0.033731200724513376 -0.014100214165390723 -0.018912872192562873 0.025907084351931731 -0.0052438880795979883 -0.0059568248849120424 0.018964533623279899 -0.012187170710610675 -0.0067445304387045825 0.0050022776620394409 0.030902791143470599 -0.037737530788643843 0.026572052262343035 0.00412731277897332 0.11910987851582766 0.0079570752021500876 0.010099204145475804 0.014645424418924913 -0.0062248379484964242 0.023726436772807752 -0.019744698953118547 0.012000033220572408 -0.052741631886945819 0.06481167230289625 0.086548259066390659 -0.028523094476105459 0.010332357320136784 0.017686506042873508
leaf_weight=241.95874117314816 1155.6815315335989 1681.7987713068724 814.20972321927547 2903.0960508733988 1229.7651682943106 7367.5603671222925 2356.8616301566362 13454.426238417625 585.15164841711521 3188.7906598448753 5457.4215611368418 996.5887957662344 2060.378480181098 430.40043260157108 2323.7537881880999 21321.727740690112 171.72519347071648 10205.414828166366 4234.751946285367 8953.9015718847513 55.84281562268734 2835.8969378620386 8921.7633213996887 1949.5083834677935 4353.1632101982832 63.866883680224419 55.942473828792572 10309.06307862699 1227.9676065593958 1298.1544472128153
leaf_count=1072 4922 6994 4180 13875 5663 31326 10862 62100 2635 15309 25841 4491 8800 2228 9933 94206 743 45688 18745 39003 255 12124 41660 8723 24280 282 235 50755 5657 5761
internal_value=-4.59578e-05 0.00645343 -0.020588 -0.0268622 0.0133338 0.0113516 -0.000978221 -0.00334558 0.00143694 -0.0204865 -0.00383309 -0.0118299 0.00839905 0.00935622 0.00801216 0.00861618 0.0383942 0.00114144 0.0162545 0.007238 0.088354 0.0325014 -0.0172581 -0.00335771 -0.0483476 -0.0265637 -0.00557379 -0.025354 -0.00592619 0.00290031
internal_weight=122207 92834.3 29372.3 22860.2 48205.2 43687.5 44629.1 39238.7 6512.1 17628.9 5699.38 13573.4 36319.9 35090.2 33029.8 32599.4 812.72 25665.3 5390.43 30275.6 227.568 4517.7 9918.35 15459.9 5231.24 878.077 13510.4 13212.2 4416.76 3655.02
internal_count=558348 413464 144884 114338 210277 191159 203187 179520 30546 85596 26913 62774 159833 154170 145370 143142 3633 116746 23667 133209 998 19118 46151 71058 28742 4462 62335 64630 20966 16623
is_linear=0
shrinkage=0.05


Tree=10
num_leaves=31
num_cat=0
split_feature=10 13 10 5 19 28 5 20 43 1 0 32 10 0 12 32 32 33 33 33 33 32 32 32 28 12 3 33 33 7
split_gain=6673.48 2336.59 1504.37 739.945 704.81 626.957 683.031 583.654 486.168 470.92 467.666 362.927 355.686 327.992 326.901 311.365 295.11 293.792 292.269 1017.85 385.84 389.604 258.535 256.326 252.419 250.426 233.758 218.737 260.67 217.642
threshold=0.019441820988499312 0.011767737987303363 0.028853676861469068 -0.15929182606346112 -0.035897936708597547 0.048538641140230855 -0.14512172503126106 0.077031702972414837 1.5000000000000002 -0.086956521739130307 0.083333333333333384 3.5000000000000004 0.013781780721637613 0.095095846156980982 0.035714285714285733 4.5000000000000009 5.5000000000000009 -4922.4999999999991 -2191.4999999999995 -1773.9999999999998 -4683.4999999999991 10.500000000000002 9.5000000000000018 2.5000000000000004 0.048538641140230855 0.5928571428571453 -0.081632653061224511 -1687.4999999999998 -1674.4999999999998 -0.042553191489361701
decision_type=8 10 10 8 8 10 10 10 2 10 10 2 10 10 10 2 2 2 2 2 2 2 2 2 10 10 10 2 2 8
left_child=1 14 3 8 15 6 26 -4 -2 -9 11 23 -8 17 -1 -5 -14 -6 20 22 -13 -22 -20 -11 -17 -7 -3 -21 -29 -19
right_child=2 5 7 4 13 25 12 9 -10 10 -12 18 16 -15 -16 24 -18 29 19 27 21 -23 -24 -25 -26 -27 -28 28 -30 -31
leaf_value=-0.054873025131984887 0.047089003950932955 0.027025017738559476 -0.041234650156749521 -0.0142642632699555 -0.017896640082843512 0.021367130150750497 -0.027605875503948371 0.041015569516979405 0.011108540017364679 0.0098955874822259753 0.042081771789415856 0.032758338784490006 -0.021660423259636248 0.055572370745138683 -0.033210631978954172 -0.0057554951477269273 -0.0071872367262088704 0.0035214472000871578 0.044378964024035433 -0.010597336315173893 0.0037620933064831906 0.022513904540440416 0.019160026175307529 -0.010066793700303243 0.0092700009627081619 -0.0026510051483802002 -0.0023774827047097343 0.068284403418600217 0.0088446872124476241 0.016296202151900814
leaf_weight=3251.9448879212141 1103.2140465825796 855.98790200054646 447.26557317376137 8046.1229083091021 1159.9717244952917 1366.4470250457525 7183.5706800371408 1820.6120648235083 6301.2207650840282 6036.6639658659697 1515.0398681908846 2028.0455843657255 6606.7326594740152 345.34485103189945 3749.7603973150253 11479.924234762788 7543.469164788723 8971.7492123842239 3981.6172856986523 1488.8372235298157 9311.6439663171768 3942.8882241696119 1364.5482259988785 2191.9982923269272 3694.7469618171453 5274.2651481032372 3214.5978153347969 200.4853168129921 2306.0787508785725 5305.8599701374769
leaf_count=18815 4692 3727 2362 37651 5520 6260 36013 7542 27654 26326 6349 8514 31685 1469 20027 52981 35559 40137 16594 6487 40395 16840 5786 9849 16418 24173 14721 838 10006 23169
internal_value=-5.7426e-05 -0.0171051 0.00795832 0.00197903 -0.000771809 -0.0113879 -0.0149636 0.0155326 0.0164694 0.0162342 0.0149214 0.0136689 -0.0185448 0.00738082 -0.0432717 -0.00631306 -0.0139448 0.00630276 0.0167068 0.0236742 0.0124479 0.00934028 0.0379421 0.00457789 -0.00209707 0.00229116 0.00380546 0.00458248 0.0135989 0.00826881
internal_weight=122091 39046.8 83043.9 46408.2 39003.7 32045.1 25404.4 36635.7 7404.43 36188.5 34367.8 32852.8 21333.8 15782.9 7001.71 23220.8 14150.2 15437.6 24624.1 9341.57 15282.6 13254.5 5346.17 8228.66 15174.7 6640.71 4070.59 3995.4 2506.56 14277.6
internal_count=558559 190980 367579 209691 177345 152138 121705 157888 32346 155526 147984 141635 103257 70295 38842 107050 67244 68826 105460 39711 65749 57235 22380 36175 69399 30433 18448 17331 10844 63306
is_linear=0
shrinkage=0.05


Tree=11
num_leaves=31
num_cat=0
split_feature=10 10 10 7 4 20 20 5 38 20 28 5 32 32 3 36 33 43 0 33 33 33 32 32 33 33 32 5 1 43
split_gain=5998.31 2076.82 1346 694.884 793.864 613.369 432.757 409.751 516.871 356.767 346.239 413.079 317.892 370.142 300.201 297.596 288.094 274.311 270.941 258.554 253.747 1169.9 442.487 323.138 362.074 268.234 392.149 248.589 242.834 223.023
threshold=0.016014546308111634 0.023948555133159456 0.0094678124731847422 -0.29188368644259371 0.13058981663125727 0.54012171012388299 0.45541902674773188 -0.16675463665250281 0.016260162601587694 0.077031702972414837 0.070404183838825324 -0.13868613138686167 3.5000000000000004 2.5000000000000004 -0.094072180143778536 0.99960845732184855 -4965.4999999999991 1.5000000000000002 0.083333333333333384 -4117.4999999999991 -2191.4999999999995 -1773.9999999999998 8.5000000000000018 10.500000000000002 -4683.4999999999991 -4727.4999999999991 6.5000000000000009 -0.075471698113207072 -0.10799061032863937 2.5000000000000004
decision_type=8 10 10 10 10 8 10 8 8 10 10 10 2 2 10 2 2 2 8 2 2 2 2 2 2 2 2 8 10 2
left_child=2 5 -1 14 9 -2 -4 17 27 -5 11 -8 13 -11 -3 -6 -10 -7 -18 -19 23 22 -22 24 25 26 -14 -9 -15 -23
right_child=1 3 6 4 15 7 10 8 16 12 -12 -13 20 28 -16 -17 18 19 -20 -21 21 29 -24 -25 -26 -27 -28 -29 -30 -31
leaf_value=-0.044556470434181199 -0.017299892973169414 0.040486046751054265 -0.039176512384238256 -0.038891527864621175 0.018457031777367745 0.044555380365593304 0.0055131841981608592 -0.0010426396762132563 -0.017735629762334459 0.0051142462676289011 0.0063008021206799412 -0.019966171059615515 0.030979798066404364 0.063685687587817674 0.018677509637845518 0.051363351915922645 0.005626001223752633 -0.013603108727705666 0.052019488687117248 0.015591498422005795 0.047703218583184853 0.0099352002011812279 0.014837511866492166 0.017761083496356259 -0.0014414767774047802 0.047345668828446902 -0.024397138000926851 -0.013450868987418138 -0.017720245954725013 -0.011022827383530658
leaf_weight=5628.142153352499 6628.7724396139383 2367.1512565016747 1855.7809356600046 443.14849133789539 11238.819192752242 601.93414793908596 1845.2463190853596 6594.0480975657701 1319.9009369760752 7132.1537989675999 1910.9094720631838 11532.785936057568 789.23723003268242 94.382779702544212 4733.15395437181 731.82186491787434 11894.128668799996 1006.2146342396736 323.25582176446915 3079.0283198058605 2627.6207540780306 2540.6059822440147 1678.2234167009592 4178.1504570096731 11803.065574720502 670.76945753395557 537.35855981707573 10406.997268199921 3117.1508026719093 2536.8838471621275
leaf_count=31811 31611 9787 9766 2380 47727 2546 8617 30475 6307 31642 8864 57693 3331 391 20258 3019 53395 4443 1369 13552 11080 11192 7208 18172 52088 2840 2306 48976 14298 11238
internal_value=-0.000201096 0.00511761 -0.0233403 0.011309 0.00923508 -0.00334671 -0.0163756 -0.00072099 -0.00283367 0.00571008 -0.013608 -0.0164518 0.00623428 -0.00123266 0.0259482 0.0204688 0.00445604 0.0130438 0.00685351 0.00840073 0.00905702 0.015722 0.0348937 0.00557847 0.00189013 0.0215776 0.0085485 -0.0086382 -0.0153278 -0.000536132
internal_weight=121847 99074 22772.9 57219.7 50119.4 41854.3 17144.7 35225.5 30538.3 38148.8 15288.9 13378 37705.6 10343.7 7100.31 11970.6 13537.3 4687.18 12217.4 4085.24 27361.9 9383.33 4305.84 17978.6 13800.4 1997.37 1326.6 17001 3211.53 5077.49
internal_count=558382 441631 116751 248957 218912 192674 84940 161063 140522 168166 75174 66310 165786 46331 30045 50746 61071 20541 54764 17995 119455 40718 18288 78737 60565 8477 5637 79451 14689 22430
is_linear=0
shrinkage=0.05


Tree=12
num_leaves=31
num_cat=0
split_feature=13 13 9 38 28 33 7 38 25 4 33 8 33 32 33 7 36 32 33 32 33 32 32 33 33 7 33 32 32 32
split_gain=5694.11 1454.64 1443.95 780.56 650.802 618.648 542.02 538.153 448.686 444.137 429.332 407.162 348.933 309.059 288.195 282.174 257.54 248.714 270.709 242.881 300.591 308.887 241.398 295.537 1089.03 238.795 226.567 256.046 223.921 370.481
threshold=0.022900667859460964 0.0009900990099009719 0.025880356613414503 -0.10303255793761466 0.032487312760531704 -4530.4999999999991 -0.28044486590117296 0.19888367557721512 0.28609274776481824 -1.0000000180025095e-35 -4823.4999999999991 0.10138568868407573 -4842.4999999999991 3.5000000000000004 -2396.9999999999995 -0.089743589743589688 0.99960845732184855 1.5000000000000002 -4922.4999999999991 10.500000000000002 -1452.4999999999998 8.5000000000000018 3.5000000000000004 -1773.9999999999998 -2067.4999999999995 -0.16961130742049471 -1512.4999999999998 5.5000000000000009 4.5000000000000009 1.5000000000000002
decision_type=10 8 10 8 10 2 8 10 10 8 2 8 2 2 2 10 2 2 2 2 2 2 2 2 2 10 2 2 2 2
left_child=1 8 3 14 19 10 -4 12 9 -1 17 13 -8 -7 -2 -11 -9 18 -3 20 -5 -22 -14 24 -24 -15 -25 -28 29 -6
right_child=2 5 6 4 28 11 7 16 -10 15 -12 -13 22 25 -16 -17 -18 -19 -20 -21 21 -23 23 26 -26 -27 27 -29 -30 -31
leaf_value=-0.029476625991015359 0.01180990628943572 -0.017717979498859754 0.027030974406563397 -0.010044580609568185 0.010856915548876704 -0.030969803223598047 -0.021400787036420569 0.020935554363658765 -0.049971008533371775 0.087295909917163544 0.037942641265899892 -0.0031045057310712821 0.0011145823284070973 -0.003329715742677495 0.039268850501535287 -0.033371423577942996 0.05651530765460136 -0.021880585606866936 0.053620291416591095 0.0042294659377454889 0.024749402449124252 -0.02852003947981982 0.0093757872828121105 -0.014518129159034585 0.044416252808876532 -0.019319642054367314 0.042368366456841625 0.0011685766105801151 0.010618314271829035 -0.01956767785184987
leaf_weight=1142.8735828995705 4303.3517919331789 244.77341827750206 5838.2475733906031 21889.253410235047 2146.3482126146555 4435.9948084652424 977.00232598185539 5611.4851321727037 4177.6975787431002 148.80279637873173 902.92465296387672 4785.1524110883474 7428.8028335273266 3004.9213804602623 1228.3060832768679 71.837493002414703 559.29411792755127 911.71640159189701 291.17929635941982 4430.7004473060369 1203.5590470582247 351.64350946247578 16427.68735191226 1720.6019340604544 2563.3870790749788 10472.029726356268 469.74512529373169 1912.2992397099733 10135.821099489927 1874.4066691845655
leaf_count=6271 18704 1143 24372 102235 9551 22386 4545 23489 24377 635 4084 22411 32954 13788 5262 417 2279 4373 1316 20431 5619 1630 71052 7544 10714 52959 2052 8368 44982 8595
internal_value=3.39964e-06 -0.0186608 0.00627246 0.000250954 -0.00207272 -0.0135325 0.0128551 0.0106581 -0.0418427 -0.0169382 0.0108852 -0.0160612 0.00801304 -0.0195224 0.0179072 0.0480083 0.0241604 -0.00599078 0.0210396 -0.00650652 -0.00853549 0.0127048 0.00895456 0.0114765 0.0141055 -0.0157544 -0.000692948 0.00929328 0.0066577 -0.00332651
internal_weight=121662 30589.9 91071.9 47563.4 42031.7 25048.7 43508.6 37670.3 5541.21 1363.51 2350.59 22698.1 31499.5 17912.9 5531.66 220.64 6170.78 1447.67 535.953 27875.2 23444.5 1555.2 30522.5 23093.7 18991.1 13477 4102.65 2382.04 14156.6 4020.75
internal_count=558538 154160 404378 217009 193043 122460 187369 162997 31700 7323 10916 111544 137229 89133 23966 1052 25768 6832 2459 129915 109484 7249 132684 99730 81766 66747 17964 10420 63128 18146
is_linear=0
shrinkage=0.05


Tree=13
num_leaves=31
num_cat=0
split_feature=13 10 10 19 38 38 38 37 13 10 32 32 10 32 35 10 5 28 28 32 3 43 35 43 28 3 10 5 32 5
split_gain=5214.72 1886.37 1282.94 648.345 611.971 470.206 419.784 482.877 393.587 358.774 356.004 341.713 334.601 251.069 225.312 213.669 204.355 232.625 202.295 195.371 180.047 169.285 162.672 158.27 156.306 155.747 154.105 154.042 153.416 143.455
threshold=0.025173282725469207 0.010610208614244715 0.02404650137379935 -0.18422184416709422 -0.14831562115310956 0.19888367557721512 -0.10303255793761466 0.033029130362971511 1.1796119636642291e-17 0.020746975430790283 3.5000000000000004 3.5000000000000004 0.023447884492869032 2.5000000000000004 0.08951296150813827 0.0072863478994696406 -0.1089743589743588 0.098547724132990691 0.077642414868611884 5.5000000000000009 -0.080213903743315426 1.5000000000000002 -0.026717557251931531 6.5000000000000009 0.04224714704330388 -0.10856441826814771 0.040068298493625552 -0.1724137931034482 4.5000000000000009 -0.081871345029240414
decision_type=10 8 10 8 10 10 8 10 10 10 2 2 10 2 10 10 10 10 10 2 10 2 10 2 10 10 10 8 2 10
left_child=1 15 6 8 25 11 20 10 -3 -10 -8 13 14 -6 24 -1 19 26 29 21 -2 -13 -11 -23 27 -4 -18 -5 -25 -12
right_child=2 3 4 12 5 -7 7 -9 9 22 18 16 -14 -15 -16 -17 17 -19 -20 -21 -22 23 -24 28 -26 -27 -28 -29 -30 -31
leaf_value=-0.048960038855259541 0.025270048270314815 -0.037166524615867606 0.040504086920782695 0.016096758332628445 0.0053559822931156164 0.023296964567919742 -0.017437494558554041 0.0076643346497488928 -0.019052892831191878 0.04227808416234826 0.00073136198472464691 0.059338225193691224 0.017030660284831033 -0.011781884404111336 0.088249421384966234 -0.030832052611819906 0.0041773583907434011 0.019177947347606375 0.012968621818331692 0.013196470601048999 0.0040183318330628331 0.017548875967438766 -0.0057400610428716171 -0.01046902313827058 0.0071522241572242289 0.020838552993454777 0.017050978691632145 -0.011987480995526864 0.085114796168812845 -0.0090568873869446408
leaf_weight=3388.054699882865 1988.3140575587749 1953.8444580882788 1986.6891859918833 534.21461810171604 7652.306797221303 5972.9658280909061 5537.3218006640673 8326.1056399047375 11128.799480244517 181.23032549023628 6718.3233606219292 430.15252195298672 2175.3554245233536 2965.1581065356731 64.178265973925591 3124.551529943943 15127.801148459315 4243.5800056606531 1808.5741121023893 5187.0746753066778 1998.2681560516357 1369.367963835597 6586.8851836025715 55.146705657243729 1802.6482967585325 2041.2900096327066 2746.7195292264223 5676.4016360938549 175.82374121248722 8452.8708198815584
leaf_count=20828 8472 10761 8113 2412 33633 24803 26520 36879 55283 813 31099 1787 9575 13552 260 17071 66020 17780 8003 22225 8758 5882 30464 238 8385 8514 11610 27975 750 39704
internal_value=-9.47308e-05 -0.0158634 0.00671541 -0.0105849 0.0118512 0.0102122 -0.000650504 -0.00262396 -0.0158584 -0.0135321 -0.00642825 0.00825608 -0.000374752 0.00056986 -0.00506224 -0.0402628 0.011038 0.00865407 -0.00283799 0.0183433 0.0146177 0.0314915 -0.00445428 0.0240066 -0.00580958 0.030538 0.00615561 -0.00957178 0.0622931 -0.00472232
internal_weight=121400 36616.2 84783.9 30103.6 49954.1 45926.1 34829.8 30843.2 19850.8 17896.9 22517.1 39953.1 10252.8 10617.5 8077.44 6512.61 29335.7 22118.1 16979.8 7217.57 3986.58 2030.49 6768.12 1600.34 8013.26 4027.98 17874.5 6210.62 230.97 15171.2
internal_count=558169 183827 374342 145928 214907 198280 159435 142205 97321 86560 105326 173477 48607 47185 39032 37899 126292 95410 78806 30882 17230 8657 31277 6870 38772 16627 77630 30387 988 70803
is_linear=0
shrinkage=0.05


Tree=14
num_leaves=31
num_cat=0
split_feature=10 13 28 10 3 13 4 1 10 5 32 5 4 36 33 20 5 33 33 1 28 32 10 33 33 33 32 10 1 12
split_gain=4773.34 2058.96 806.444 791.783 670.731 569.349 431.319 421.394 413.805 388.257 351.934 339.661 315.944 300.209 280.296 270.526 268.266 261.778 242.295 213.191 209.887 206.071 191.609 178.778 337.294 165.183 162.556 173.914 162.106 160.065
threshold=0.014044450663434344 0.037328891303831609 0.0022952530964877511 0.0082829611480523136 -0.11839854280510041 0.0063969003734349267 0.13058981663125727 0.0029955074865258839 0.024953568873339532 -0.18749999999999958 4.5000000000000009 -0.083333333333335632 -0.10447761194029652 0.99960845732184855 -4606.4999999999991 0.44264477440642047 -0.1343283582089552 -4823.4999999999991 -4683.4999999999991 -0.052264808362368957 0.10097329020666161 5.5000000000000009 0.027461749426424386 -4287.4999999999991 -4328.4999999999991 -1577.4999999999998 3.5000000000000004 0.05332528182998706 0.094428168767742529 2.8714285714285732
decision_type=8 10 10 10 8 10 10 8 10 8 2 8 10 2 2 10 8 2 2 10 10 2 8 2 2 2 2 8 8 8
left_child=3 2 5 -1 19 -2 9 10 11 -6 25 -7 -5 -8 -10 -14 -9 -11 -12 -3 23 29 -20 24 -17 -4 -19 -28 -18 -13
right_child=1 4 7 12 6 8 13 16 14 17 18 21 15 -15 -16 20 28 26 22 -21 -22 -23 -24 -25 -26 -27 27 -29 -30 -31
leaf_value=-0.045034595397985683 -0.03383413576052164 0.039158386048146476 -0.010454791873902608 0.02359519410535817 0.019401469554464562 -0.0025863978103550737 0.015064492865883858 0.031191139222162458 0.030602312580791553 -0.018971727417858176 0.041712857367414889 -0.028249593429671978 -0.044019118403933674 0.047464663732702236 -0.00027989823467849289 -0.0081662574503773913 0.0066088982950513742 -0.0019409582099974886 -0.0024428683277389674 0.018029333563810365 0.010106261523162045 -0.0099250422766785917 0.013402187930855564 -0.022097637021422381 0.10357340002606424 -0.042189374067175295 0.0062745580111519513 0.031731010612255285 0.039599456469044281 -0.0078413655475455951
leaf_weight=4096.6314482539892 2061.9108725637197 2466.6956716179848 4050.2584284693003 413.11315439641476 4716.4233517497778 7867.2478220313787 12091.468508124352 1410.1312342137098 815.02424754202366 1199.1692705899477 389.82941597700119 4002.4856390208006 1137.2585052102804 759.86896543204784 7459.8776630908251 542.48916572332382 9580.1195912957191 6506.4280445575714 7584.9550175815821 2313.5977306813002 612.01201568543911 6249.8574932217598 2549.1945253759623 8296.6785104870796 77.138890296220779 456.24466267228127 19112.719322651625 695.34097802639008 387.41621877253056 1264.2715664505959
leaf_count=25357 11002 10206 19005 1922 19964 36291 50978 6161 3488 5629 1685 19734 6455 3097 33085 2745 43269 29229 35270 9808 2888 29922 11098 43038 386 2186 83334 2967 1643 6211
internal_value=-2.5467e-05 0.00372968 -0.0028386 -0.0262529 0.0111235 -0.00848801 0.00923514 0.00351946 -0.00659851 0.00614687 -0.00197576 -0.0105944 -0.0193079 0.0169802 0.0027618 -0.0209697 0.0107789 0.00387476 0.00303085 0.0289322 -0.0182186 -0.0160648 0.00154288 -0.0201628 0.00574446 -0.0136676 0.00491589 0.00716818 0.00789117 -0.0233507
internal_weight=121166 105991 56128.8 15175.3 49861.7 29720.7 45081.4 26408.1 27658.8 32230.1 15030.5 19383.9 11078.7 12851.3 8274.9 10665.6 11377.7 27513.7 10524 4780.29 9528.32 11516.6 10134.1 8916.31 619.628 4506.5 26314.5 19808.1 9967.54 5266.76
internal_count=558053 475262 260050 82791 215212 139733 195198 120317 128731 141123 69244 92158 57434 54075 36573 55512 51073 121159 48053 20014 49057 55867 46368 46169 3131 21191 115530 86301 44912 25945
is_linear=0
shrinkage=0.05


Tree=15
num_leaves=31
num_cat=0
split_feature=10 10 10 19 37 19 19 38 20 32 33 0 33 0 32 33 37 43 33 33 33 5 43 33 33 33 33 33 43 33
split_gain=4296.13 1541.71 1041.75 622.103 550.709 646.493 378.495 305.504 298.259 290.138 338.786 275.887 265.409 245.478 228.457 233.732 201.354 193.814 244.829 201.92 203.014 189.957 217.915 178.954 176.349 175.32 390.629 318.336 227.972 206.247
threshold=0.015678673698343245 0.024953568873339532 0.0082829611480523136 -0.22815508329591172 -0.083917278051173813 -0.18422184416709422 -0.12387815704405906 -0.10113711912478916 0.047468797900827142 4.5000000000000009 -4746.4999999999991 0.083333333333333384 -4100.4999999999991 0.095095846156980982 4.5000000000000009 -1403.4999999999998 -0.059525337843387476 1.5000000000000002 -4702.4999999999991 -3598.4999999999995 -3297.4999999999995 -0.18426031827300829 3.5000000000000004 -1687.4999999999998 -1209.4999999999998 -2053.4999999999995 -2585.4999999999995 -1773.9999999999998 3.5000000000000004 -4287.4999999999991
decision_type=8 10 10 8 10 10 10 10 10 2 2 10 2 10 2 2 10 2 2 2 2 8 2 2 2 2 2 2 2 2
left_child=2 3 -1 7 -3 8 16 12 -6 -10 -11 -7 -2 21 -9 25 -4 -12 -19 -20 -21 -5 -23 -18 -8 26 28 -27 -16 -30
right_child=1 4 6 13 5 11 24 14 9 10 17 -13 -14 -15 15 -17 23 18 19 20 -22 22 -24 -25 -26 27 -28 -29 29 -31
leaf_value=-0.043902551619208557 -0.0091060922352446724 0.025099754312416112 0.0086949342274899623 0.016935989586280602 -0.041239927446901407 0.01311923487829323 -0.0079491201420359928 -0.017465647720931239 -0.0042997947343314438 0.047508014869172929 -0.015426435563940442 0.035413884299071323 0.016320268840584556 0.051107821942319991 -0.0129245176795428 -0.028444858918633711 -0.020234589535556111 0.059000504355070052 -0.0018986478149268207 0.035270481347836613 0.0084704185105763108 -0.0043693825446604658 0.0061322204491685937 -0.038283174737338756 0.038421006928247708 0.045788133133640455 -0.028334562154991097 -0.0013469520659756373 0.029667486108675135 -4.1069214675832513e-05
leaf_weight=3991.8612235933542 1908.4501629769802 5400.6807615458965 510.93419151008129 2209.8200509548187 376.21153900027275 20052.066063597798 6715.99081851542 7280.0031437575817 7997.5858781635761 505.76708027720451 995.39261288940907 1490.7802815884352 2220.4516951590776 268.63829775154591 3343.9482391029596 1113.2144208997488 7456.8710229992867 225.83380204439163 4883.3701450377703 758.48991963267326 10335.787795260549 8855.2489059269428 11172.314759835601 1683.4427660554647 211.49612377583981 449.62589730322361 1814.5443717688322 1761.8284320384264 672.50408852100372 4449.307021766901
leaf_count=25372 8717 22411 2431 9499 2168 85382 33576 35743 35731 2101 4411 6123 9713 1117 15765 5676 38594 944 21213 3285 44567 40906 50009 9447 1073 2061 8605 8213 3096 20752
internal_value=-0.000152712 0.00410684 -0.0209719 -0.00243332 0.00996834 0.0082523 -0.0154506 -0.00785985 0.00295735 0.00360428 0.00717472 0.014662 0.00456776 0.00359789 -0.0103168 -0.0064914 -0.0218512 0.00598864 0.00730419 0.00657349 0.0103027 0.00302394 0.0014889 -0.0235587 -0.00653344 -0.00453499 -0.00728232 0.0082364 -0.00277 0.00385972
internal_weight=121112 100542 20570.6 47519.9 53022 47621.3 16578.7 25013.9 26078.4 25702.2 17704.6 21542.8 4128.9 22506 20885 13605 9651.25 17198.9 16203.5 15977.6 11094.3 22237.4 20027.6 9140.31 6927.49 12491.8 10280.3 2211.45 8465.76 5121.81
internal_count=558701 448208 110493 219872 228336 205925 85121 118341 114420 112252 76521 91505 18430 101531 99911 64168 50472 74420 70009 69065 47852 100414 90915 48041 34649 58492 48218 10274 39613 23848
is_linear=0
shrinkage=0.05


Tree=16
num_leaves=31
num_cat=0
split_feature=10 13 12 19 38 13 10 9 10 4 19 32 36 4 32 43 5 7 35 2 29 43 32 32 5 5 8 5 2 43
split_gain=4016.32 1695.09 728.745 678.28 597.157 462.978 411.592 362.464 286.379 248.283 240.841 228.29 219.421 190.716 183.835 175.496 234.2 159.545 148.197 134.048 132.811 132.274 192.576 171.238 130.039 127.637 126.985 134.253 125.416 142.332
threshold=0.01391527471582293 0.037527637094297454 0.035714285714285733 -0.24514068905084249 -0.14831562115310956 0.0030303030303029149 0.024143435225491911 0.036170636489283099 0.026637129772235375 -0.079096045197742756 -0.059172403357767363 10.500000000000002 0.99960845732184855 0.12387242080790463 3.5000000000000004 3.5000000000000004 -0.11438334117338926 -0.16594826251478614 -0.022727272727365296 -0.076923076923076913 -0.1808423387550066 2.5000000000000004 7.5000000000000009 6.5000000000000009 0.1199999999999959 -0.088339222614841048 0.21510134496404512 -0.067883719563882158 -0.11620039086273236 6.5000000000000009
decision_type=8 10 10 8 8 10 10 10 10 10 10 2 2 10 2 2 8 8 10 10 10 2 2 2 10 10 10 10 10 2
left_child=2 3 -1 5 19 21 14 13 15 -4 24 18 28 17 -7 16 -5 -6 -8 -3 -17 -2 23 -23 -11 -10 27 -20 -9 -30
right_child=1 4 9 8 7 6 11 12 25 10 -12 -13 -14 -15 -16 20 -18 -19 26 -21 -22 22 -24 -25 -26 -27 -28 -29 29 -31
leaf_value=-0.049834617572806064 -0.038202573024119196 0.038149746967653109 0.0036825515912230905 0.0078891599647033239 0.0085680603082458253 -0.018321725732156506 0.028023387345763758 0.031643130651867343 0.024762783193468821 -0.029664619973892966 -0.013071246757819836 0.015999550036660117 0.039158860970596031 0.012792087180131554 -0.0073893232032389775 0.042614766457288282 -0.010189414870639747 8.6833746058799022e-05 0.0011306580979130493 0.019940619768469267 0.0045517091680898616 -0.019074593565928194 -0.039870147169370165 0.079599968688218878 0.0067116808127407604 0.0084038347654162415 0.0067279968127873027 -0.012627712922921303 0.011004205752099656 0.039970942779742169
leaf_weight=2449.2203273624182 1482.6849173009396 1862.4612811356783 1021.5344311445951 2623.6563210189342 8631.7610889226198 5236.0528004318476 399.68586872518063 861.46462507545948 1847.540990754962 6224.2148056328297 4400.2768784165382 2192.8047729581594 860.38786064088345 6460.39174439013 14478.051266536117 234.92850482463837 5647.5979339778423 15506.243777006865 3230.8168913125992 2209.9907151907682 9358.5771591514349 83.411079570651054 187.21405647695065 92.976433739066124 255.78091771900654 3362.3234027326107 2469.873412579298 3929.7223003655672 12878.929766148329 438.51567021012306
leaf_count=16840 8393 7542 5128 11749 37359 26023 1752 3569 7846 34326 23122 9520 3518 27440 68929 1013 26899 69252 14261 9109 42691 463 1059 422 1299 14501 10899 17874 54148 1838
internal_value=-0.000165224 0.00317876 -0.0249971 -0.00271754 0.00992289 -0.00723085 -0.0058235 0.00828586 0.00389035 -0.0198858 -0.0220987 0.00138521 0.0146417 0.0051619 -0.010293 0.000882277 -0.00445486 0.00311972 -0.00180981 0.0282682 0.00548381 -0.0315751 -0.00454993 0.0329382 -0.0282288 0.0142051 -0.00304796 -0.00641997 0.013154 0.011958
internal_weight=120919 106568 14351 56857.9 49710.1 33783.3 31937 45637.7 23074.6 11901.8 10880.3 12222.9 15039.3 30598.4 19714.1 17864.8 8271.25 24138 10030.1 4072.45 9593.51 1846.29 363.602 176.388 6480 5209.86 9630.41 7160.54 14178.9 13317.4
internal_count=558784 478069 80715 264294 213775 159595 149258 197124 104699 63875 58747 54306 63073 134051 94952 82352 38648 106611 44786 16651 43704 10337 1944 885 35625 22347 43034 32135 59555 55986
is_linear=0
shrinkage=0.05


Tree=17
num_leaves=31
num_cat=0
split_feature=13 10 10 38 37 0 32 33 33 43 33 33 33 43 33 43 10 13 1 29 32 33 33 43 33 33 43 33 33 32
split_gain=3753.76 1312.06 1108.72 649.44 717.076 516.013 391.695 321.504 277.995 281.971 620.975 253.914 883.259 262.425 260.895 263.455 225.69 219.084 215.806 211.515 209.3 211.65 499.648 203.829 200.139 193.883 192.254 268.867 446.052 378.3
threshold=0.022725120339649827 0.011302393568678919 0.031679259091226743 -0.095624788267483149 0.020942408376929959 0.0014270426361444601 3.5000000000000004 -3146.4999999999995 -2455.4999999999995 1.5000000000000002 -4823.4999999999991 -2053.4999999999995 -1773.9999999999998 2.5000000000000004 -2585.4999999999995 5.5000000000000009 0.034484145615531966 0.0009900990099009719 -0.12053578553486886 1.0000000180025095e-35 3.5000000000000004 -1773.9999999999998 -2207.4999999999995 1.5000000000000002 -1660.4999999999998 -1541.4999999999998 2.5000000000000004 -4287.4999999999991 -4347.4999999999991 10.500000000000002
decision_type=10 8 10 8 10 8 2 2 2 2 2 2 2 2 2 2 10 10 10 10 2 2 2 2 2 2 2 2 2 2
left_child=1 17 3 8 6 7 -5 16 9 10 -2 14 -13 24 26 -16 -3 -1 -4 -9 23 22 -22 -20 -14 -26 -8 28 -28 -29
right_child=2 5 18 4 -6 -7 11 19 -10 -11 -12 12 13 -15 15 -17 -18 -19 20 -21 21 -23 -24 -25 25 -27 27 29 -30 -31
leaf_value=-0.046979166289752614 -0.0079349007537869252 -0.0088863453254430895 0.043265456164651481 -0.013591414941656031 0.0068175023046939528 0.0011199558082550388 -0.0077617394918699963 -0.01556248608067721 0.028459875218343169 0.0037420451886306032 0.061831250785166963 0.049486041346547945 -0.015207027588707442 -0.012523737044812825 -0.021377889728269948 0.032252611939333063 0.038954441121382528 -0.028220835102709948 -0.027316385512536102 -0.031847933468930896 0.012159061825767481 0.0034932614899396766 0.031678588899241689 0.0075691300437832308 0.073450134496796965 0.013368099261869987 0.00021197157094842976 -0.0066224551832329386 0.054946308884526562 0.01992990956241205
leaf_weight=2540.7100729346275 590.66890925168991 6467.6944377273321 601.44718328118324 9418.764282733202 20863.624388605356 7066.8229025453329 7806.4921381473541 5291.8402326256037 2378.9925206899643 5560.6259079128504 693.34818483889103 1027.4581222236156 599.03537686169147 2585.6802641302347 3033.0069917887449 247.69412513077259 256.29085230827332 4018.3799634426832 451.00973834097385 3199.125320404768 11082.545871183276 3025.3992282748222 4655.6597068607807 5847.1777781397104 145.0428928732872 1808.474393427372 942.77754847705364 6222.3517626076937 615.06281551718712 1710.1093607693911
leaf_count=17877 2563 31598 2429 45122 91384 34166 36422 26696 10088 24000 2886 4556 2744 11869 13949 1078 1112 23234 1980 17162 46465 12837 18976 25238 650 8351 4190 28752 2807 7778
internal_value=-9.34169e-05 -0.0158309 0.0048448 0.0014269 -0.000564071 -0.0100448 -0.00482287 -0.0152304 0.0137362 0.00861868 0.0297377 -0.00173464 0.00716581 -0.00129668 -0.00440151 -0.0173288 -0.00706285 -0.035487 0.0136681 -0.0216983 0.0129578 0.015605 0.0179333 0.005071 0.0100761 0.017829 -0.00194959 0.00283135 0.0218221 -0.000898198
internal_weight=120753 28840.9 91912.4 66249.2 57025.6 22281.8 36162 15215 9223.64 6844.64 1284.02 26743.2 6165.69 5138.23 20577.5 3280.7 6723.99 6559.09 25663.2 8490.97 25061.8 18763.6 15738.2 6298.19 2552.55 1953.52 17296.8 9490.3 1557.84 7932.46
internal_count=558959 151845 407114 299189 259652 110734 168268 76568 39537 29449 5449 123146 28170 23614 94976 15027 32710 41111 107925 43858 105496 78278 65441 27218 11745 9001 79949 43527 6997 36530
is_linear=0
shrinkage=0.05


Tree=18
num_leaves=31
num_cat=0
split_feature=10 13 12 37 19 13 0 32 32 33 32 33 10 33 4 33 33 0 43 33 33 33 32 19 33 7 33 34 32 33
split_gain=3438.29 1441.17 663.423 606.463 606.365 417.176 394.127 374.232 298.172 294.836 831.847 327.967 273.154 253.208 253.061 251.363 268.676 241.825 214.083 197.09 577.016 403.133 254.249 196.243 195.046 189.928 183.273 177.378 175.271 172.131
threshold=0.013781780721637613 0.037527637094297454 0.035714285714285733 -0.083917278051173813 -0.10263102822019744 0.0030303030303029149 0.076923076923070113 4.5000000000000009 3.5000000000000004 -2207.4999999999995 8.5000000000000018 -1806.4999999999998 0.02404650137379935 -4702.4999999999991 -0.084690553745928196 -4287.4999999999991 -4328.4999999999991 0.072463768115944696 3.5000000000000004 -2355.4999999999995 -1773.9999999999998 -2585.4999999999995 8.5000000000000018 0.2873614742444251 -1773.9999999999998 -0.22097246492552844 -1687.4999999999998 4.0613043240706554 3.5000000000000004 -2163.4999999999995
decision_type=8 10 10 8 8 10 10 2 2 2 2 2 10 2 10 2 2 10 2 2 2 2 2 10 2 8 2 2 2 2
left_child=2 4 -1 -3 5 -2 8 -7 -5 -10 11 -11 -9 -14 -4 16 -16 18 25 21 22 -20 28 -17 27 -6 -26 -12 -21 -30
right_child=1 3 14 6 17 7 -8 12 9 10 24 -13 13 -15 15 23 -18 -19 19 20 -22 -23 -24 -25 26 -27 -28 -29 29 -31
leaf_value=-0.048363720181264343 -0.028987277555995863 0.023983025401817421 0.007684611769343032 -0.0016686771996136209 0.012213003094404528 -0.011905455686819336 0.02749951428180257 -0.0054754184214123383 0.0047743857003033196 0.039326463178780878 0.020869144538160859 0.015958293108356048 0.045015307743798146 0.0039566662368225132 -0.0019709053632042534 -0.027377323221200862 0.10018558021802865 0.044624432491342486 0.0070299687193475556 0.015059741747408775 -0.003494311363006822 -0.041499898495115178 0.0025082779052878132 -0.011912736647601757 -0.018891210707266945 -0.0057881535759047543 0.0044488792241950429 -0.013379236615542182 0.094271279296898672 0.047041477076824302
leaf_weight=2273.2857803106308 1906.6443268358707 6096.8905711621046 837.63071106374264 9623.8938925117254 1859.2139005362988 12536.21339674294 2257.0167506337166 13950.79540078342 20444.443737864494 2999.3379365056753 1582.8352224826813 3006.6066456139088 393.26498325169086 8311.8942089378834 534.90679948031902 6936.1467841416597 73.166952088475227 370.2163047939539 7174.9838849455118 296.34192790091038 1527.8087281882763 455.0680770277977 377.24044696986675 2912.9801641106606 1621.4887871593237 6916.1791565567255 1747.5219720602036 496.69334042072296 255.73506355285645 785.35432250797749
leaf_count=16646 10940 25247 4218 42673 8015 60437 9304 66492 88179 12260 6600 12902 1640 36429 2776 39024 353 1546 32193 1328 6910 2058 1697 15537 7091 32374 7536 2089 1066 3385
internal_value=-8.00046e-06 0.00299889 -0.0237193 0.00920875 -0.00242381 -0.00620812 0.00715125 -0.00497399 0.0060452 0.00837248 0.0147945 0.0276282 -0.0011386 0.00581153 -0.0187592 -0.0208774 0.0103212 0.00458949 0.00383513 0.00852403 0.0188507 0.00413557 0.0387606 -0.0228035 0.000647819 -0.00197431 -0.00678459 0.012689 0.0489861 0.0586431
internal_weight=120562 106994 13568.1 49876.7 57117 37098.8 43779.8 35192.2 41522.8 31898.9 11454.5 6005.94 22656 8705.16 11294.8 10457.2 608.074 20018.1 19647.9 10872.5 3242.48 7630.05 1714.67 9849.13 5448.54 8775.39 3369.01 2079.53 1337.43 1041.09
internal_count=558945 480391 78554 213881 266510 175938 188634 164998 179330 136657 48478 25162 104561 38069 61908 57690 3129 90572 89026 48637 14386 34251 7476 54561 23316 40389 14627 8689 5779 4451
is_linear=0
shrinkage=0.05


Tree=19
num_leaves=31
num_cat=0
split_feature=10 10 12 19 1 19 13 32 37 20 32 19 0 32 43 5 3 43 32 32 32 7 3 20 3 4 38 13 3 43
split_gain=3155.3 1324.02 638.085 558.198 450.144 457.594 328.502 333.424 277.935 251.92 261.227 238.121 231.304 202.502 261.416 170.485 165.882 199.973 163.388 160.119 149.524 152.813 144.473 136.716 130.804 126.623 125.36 123.543 122.519 120.241
threshold=0.013781780721637613 0.023948555133159456 0.035714285714285733 -0.091598366509141313 -0.079021983763362433 -0.070270991345177974 0.0030303030303029149 3.5000000000000004 -0.066085628899931845 0.047468797900827142 4.5000000000000009 -0.059172403357767363 0.083333333333333384 5.5000000000000009 1.5000000000000002 -0.085073027754785743 -0.08333333333333319 3.5000000000000004 10.500000000000002 9.5000000000000018 2.5000000000000004 -0.33439660025911827 -0.098259053315652087 0.510040368819903 -0.14896117608938939 -0.08333333333333319 0.083881916822937344 0.01875271887840194 -0.028169014084507168 6.5000000000000009
decision_type=8 10 10 8 10 10 10 2 10 10 2 10 10 2 2 10 8 2 2 2 2 10 10 10 10 10 10 10 10 2
left_child=2 3 -1 6 24 9 -2 -8 -9 -6 20 25 15 14 27 -7 -5 -18 19 -15 22 -22 -11 -10 -3 -4 -17 -12 -20 -16
right_child=1 4 11 16 5 12 7 8 23 10 13 -13 -14 18 29 26 17 -19 28 -21 21 -23 -24 -25 -26 -27 -28 -29 -30 -31
leaf_value=-0.047601340193292971 -0.037825962164069575 0.04233265416018242 -0.00035298509592721392 0.020999854331225004 -0.038121509913832369 0.018419576889790509 -0.016194029145842906 0.013637490898211908 -0.014471533926779166 0.024393897437104427 -0.025699222128235805 -0.009335712171897128 0.031010621879526662 0.0050168692715340073 0.01051389662016214 0.0037588715056538001 -0.0037190534435437351 0.0064677862532491782 0.019677713794206953 -0.0079179964410583236 0.016211038245937344 -0.012779443594376969 -0.00037016537385834114 -0.0034766393455362269 0.019736045160351604 -0.026191842650753389 0.013067366334482969 0.072240121032637591 0.0055566045214781408 0.068496210058044335
leaf_weight=2197.50020429492 883.47711080312729 940.00057117640972 514.06129568815231 1204.0628216564655 364.9437609910965 5689.3208555877209 7084.5591396838427 2097.3859580755234 3496.087914571166 664.95518009364605 36.032093435525894 4559.1082374453545 1569.6802854239941 11068.01760405302 1610.7653334289789 7570.6277461946011 8771.8235799819231 10687.211372643709 2810.0981867313385 3052.3569950312376 510.93503910303116 4119.4896678775549 5152.9784049093723 14780.504168152809 2009.616064235568 6105.3500063419342 6925.7267960608006 302.69821430742741 3387.9765772074461 94.668157339096069
leaf_count=16625 5510 3788 2620 5213 2253 23961 35244 9324 16980 2847 163 24336 6386 47847 6936 32630 40838 47853 11880 13218 2127 18809 22965 69938 8314 34917 28826 1242 14526 402
internal_value=-7.67664e-05 0.00278826 -0.0229708 -0.00325962 0.00790873 0.00688697 -0.00781607 -0.0068505 -0.00360151 0.00319148 0.00365099 -0.0181289 0.0125224 0.00670051 0.0217012 0.0110847 0.00299011 0.00187572 0.00519135 0.00222078 -0.00287592 -0.00958055 0.00246022 -0.00557983 0.0269373 -0.0241852 0.00820606 0.0618219 0.0119589 0.0137325
internal_weight=120262 106886 13376 49005.1 57880.9 54931.3 28342 27458.5 20374 33175.9 32811 11178.5 21755.4 22362.6 2044.16 20185.7 20663.1 19459 20318.4 14120.4 10448.4 4630.42 5817.93 18276.6 2949.62 6619.41 14496.4 338.73 6198.07 1705.43
internal_count=558518 480020 78498 230900 249120 237018 136996 131486 96242 145215 142962 61873 91803 96214 8743 85417 93904 88691 87471 61065 46748 20936 25812 86918 12102 37537 61456 1405 26406 7338
is_linear=0
shrinkage=0.05


Tree=20
num_leaves=31
num_cat=0
split_feature=10 13 13 28 7 13 33 33 33 33 33 33 33 33 34 7 5 28 32 43 32 7 33 5 33 34 5 33 33 9
split_gain=2807.33 911.752 907.576 520.233 470.887 368.272 345.78 580.028 481.394 328.267 343.502 512.566 374.184 382.24 431.127 323.681 313.95 372.382 289.567 544.94 466.549 280.991 271.6 261.473 242.336 223.016 220.9 208.77 199.954 189.564
threshold=0.016014546308111634 0.0084841814979985091 0.037122707984487975 0.0016830630171665213 -0.26488955996069785 0.011228448974078148 -1613.4999999999998 -2355.4999999999995 -2585.4999999999995 -4546.4999999999991 -2801.4999999999995 -2738.4999999999995 -3221.4999999999995 -3631.4999999999995 3.1112881340356844 -0.0166960394720948 -0.13654618473895633 0.062279000433845814 8.5000000000000018 3.5000000000000004 1.5000000000000002 -0.203341524356386 -4586.4999999999991 -0.044950734984335487 -4865.4999999999991 2.7440554690903465 -0.094947948087302877 -4842.4999999999991 -2605.4999999999995 0.035609974503897454
decision_type=8 10 10 10 8 10 2 2 2 2 2 2 2 2 2 10 10 10 2 2 2 8 2 8 2 2 10 2 2 8
left_child=1 26 3 5 -4 -2 7 8 9 22 12 -12 13 -11 -15 24 -3 -18 19 -9 -21 -7 23 -5 -6 -22 -1 -25 -13 -26
right_child=2 16 4 6 15 21 -8 18 -10 10 11 28 -14 14 -16 -17 17 -19 -20 20 25 -23 -24 27 29 -27 -28 -29 -30 -31
leaf_value=-0.0071459879220617311 -0.025511165589978402 0.0069461573580339763 0.019974728437487287 0.033153985870963742 -0.017151744317662112 0.0041619383164960598 -0.012854894937861738 -0.0093862199367407764 -0.031171985395406322 -0.0059988758139629906 0.063417909537399009 -0.015476693762635947 -0.02117172077141339 0.038054195783784939 0.0018177115104316131 0.017087705495434268 -0.017700626688510201 0.0034307265661752948 0.0029433192995705335 0.0010224819711390448 0.088127793166247637 -0.0079196189519253422 0.055369060798180471 -0.0299296085584781 0.0025933679715693203 0.043923314452181492 -0.043398160702354548 0.012723059979781966 0.047741789438414881 0.010264128320161646
leaf_weight=481.09402072429657 2264.1735124886036 1987.4739816784859 7316.593738719821 909.09135617315769 1248.6474516242743 6800.9296865016222 2687.7298924028873 708.67022719979286 1044.8071591109037 5571.3015067130327 518.73301480710506 569.47459699213505 2115.4865653812885 1290.2023406326771 2256.2818811535835 5928.742820173502 12570.819524228573 2499.3626638650894 1473.5196927189827 594.80886597931385 342.81601336598396 16462.005158215761 449.44014978408813 437.61850124597549 23174.753535538912 1701.4427040815353 3320.5304245948792 832.94994415342808 160.28204829990864 12344.251219451427
leaf_count=2936 12333 9445 30097 3926 5952 29826 12633 3323 4740 25367 2288 2580 9730 5828 10329 24669 67821 12108 6588 2736 1467 78455 1961 2074 101377 7342 24622 3555 724 51697
internal_value=5.89116e-06 -0.0166676 0.00351174 -0.00131041 0.00825471 -0.00626117 0.00402999 0.00619341 0.00165147 0.00392098 0.000538736 0.0254191 -0.00222652 0.00216909 0.0150005 0.00624633 -0.0117326 -0.014196 0.0214131 0.0295427 0.0399962 -0.00438757 0.0199783 0.0126808 0.00449817 0.0513363 -0.0388105 -0.00196768 -0.00159153 0.00525926
internal_weight=120064 20859.3 99204.8 49191.8 50013 25527.1 23664.7 20976.9 16155.7 15110.9 12481.8 1248.49 11233.3 9117.79 3546.48 42696.4 17057.7 15070.2 4821.26 3347.74 2639.07 23262.9 2629.1 2179.66 36767.7 2044.26 3801.62 1270.57 729.757 35519
internal_count=558529 116932 441597 227805 213792 120614 107191 94558 73102 68362 56846 5592 51254 41524 16157 183695 89374 79929 21456 14868 11545 108281 11516 9555 159026 8809 27558 5629 3304 153074
is_linear=0
shrinkage=0.05


Tree=21
num_leaves=31
num_cat=0
split_feature=13 13 7 28 5 5 38 7 38 0 2 32 32 34 38 5 11 32 8 0 32 7 32 32 2 1 32 28 8 38
split_gain=2645.46 936.752 706.715 736.789 441.524 410.253 359.772 296.317 417.487 243.08 227.458 217.278 277.309 227.135 183.27 173.96 173.951 145.394 136.216 132.054 131.595 145.574 130.514 207.257 128.572 128.261 123.666 121.783 124.672 126.746
threshold=0.022725120339649827 0.0009900990099009719 -0.27096227909644632 0.048538641140230855 -0.12618344377562232 -0.096774193548386442 0.015329769070675294 -0.16961130742049471 0.07307270906443554 0.083333333333333384 -0.076923076923076913 3.5000000000000004 8.5000000000000018 2.8819995850723745 -0.19428823303254764 -0.06501048517619161 0.39908154381015398 3.5000000000000004 0.012820512820512888 -0.039156626506024576 1.5000000000000002 -0.10682301631856526 3.5000000000000004 2.5000000000000004 -0.063829787234038857 -0.014037578241302582 1.5000000000000002 0.0061988707189496268 0.0058633836760372269 -0.017981609840021003
decision_type=10 8 8 10 8 10 8 8 10 10 10 2 2 2 10 8 10 2 10 10 2 10 2 2 10 10 2 10 10 10
left_child=1 5 10 7 16 14 15 19 17 11 -2 20 -13 -14 -1 -6 -3 26 -17 -4 25 -22 23 -21 -18 -5 -9 -16 -29 -30
right_child=2 4 3 9 6 -7 -8 8 -10 -11 -12 12 13 -15 27 18 24 -19 -20 22 21 -23 -24 -25 -26 -27 -28 28 29 -31
leaf_value=0.063021045091908007 0.030119071755650095 0.041091375025336989 0.020074575682544518 -0.0086003035155047241 -0.0073762960670161887 -0.043113311498651434 -0.00078285569438020443 -0.0012685484477118743 0.0072546530195141973 0.032932557701931604 0.012396805718205985 0.016159407724041189 0.020291742588200608 -0.00014281703723390259 -0.024758049990497993 -0.030104342003943331 0.049274140101969809 -0.0037061804378045234 -0.016718619907395604 0.0061054526236696029 0.0087475496317036307 -0.019024173806984547 0.0061248237104847151 -0.016518219093786601 0.00067367411399491678 0.011870878191093254 -0.015146335053091115 -0.032871093363047117 0.0032522791776581801 0.082874960570798836
leaf_weight=82.31997437775135 2358.9592074006796 316.5705638974905 1293.9721255749464 1093.7000126391649 3811.8627391308546 3374.8688166588545 4825.0515046715736 2183.2847693860531 7659.146966189146 1056.098976790905 7787.427444845438 11082.974152579904 1713.4686809033155 6589.4190536737442 791.97484424710274 2473.3948646485806 141.39673934876919 22387.295315742493 8206.6224360018969 2212.1068131625652 702.6193418353796 1436.7885636687279 11824.569068193436 1866.504794433713 3621.2543927133083 2547.1458034515381 6063.488341525197 103.5899109095335 128.87708297371864 81.643190756440163
leaf_count=398 9551 1404 5439 4809 19757 24938 24129 10321 33022 4272 32506 46829 7318 28230 4620 14110 623 103987 43267 9851 3124 6452 51592 8619 16870 11016 29675 614 622 396
internal_value=-2.74753e-05 -0.013494 0.00407138 0.00252597 -0.00945211 -0.034217 -0.0126085 -0.000737826 -0.00318636 0.00943268 0.0165171 0.0084465 0.0109834 0.00407427 -0.00895289 -0.0165459 0.00549494 -0.00579683 -0.0198186 0.00471438 -6.17295e-05 -0.00990345 0.00346459 -0.00424787 0.00250003 0.00572139 -0.0114723 -0.0143095 0.0120347 0.0341313
internal_weight=119818 27959.4 91859 81712.6 23396.2 4563.27 19316.9 55490.4 38293.2 26222.2 10146.4 25166.1 19385.9 8302.89 1188.41 14491.9 4079.22 30634.1 10680 17197.2 5780.25 2139.41 15903.2 4078.61 3762.65 3640.85 8246.77 1106.09 314.11 210.52
internal_count=558361 151748 406613 364556 120160 31588 101263 252506 177005 112050 42057 107778 82377 35548 6650 77134 18897 143983 57377 75501 25401 9576 70062 18470 17493 15825 39996 6252 1632 1018
is_linear=0
shrinkage=0.05


Tree=22
num_leaves=31
num_cat=0
split_feature=10 10 20 12 32 1 32 7 28 4 5 33 5 33 33 33 33 33 28 33 38 33 33 33 33 33 20 38 12 33
split_gain=2444.29 1138.79 537.788 417.051 407.404 379.759 363.742 358.249 291.055 325.932 290.85 261.537 441.18 385.088 328.719 425.255 213.425 211.469 207.988 221.437 200.22 198.78 250.489 323.66 178.978 177.835 177.575 171.614 168.366 177.78
threshold=0.012421228540709947 0.023948555133159456 0.510040368819903 0.035714285714285733 3.5000000000000004 -0.075791491698854727 1.5000000000000002 -0.011695845473389753 0.098547724132990691 -0.13957883961726544 -0.18749999999999958 -4219.4999999999991 -0.29766227457647676 -3844.4999999999995 -3453.4999999999995 -2756.4999999999995 -3481.4999999999995 -2738.4999999999995 0.1231062197344245 -4546.4999999999991 -0.032512494738420654 -4765.4999999999991 -2207.4999999999995 -2317.4999999999995 -3498.4999999999995 -4683.4999999999991 0.2535748962173438 -0.077407740774163944 2.4857142857142898 -3813.4999999999995
decision_type=8 10 8 10 2 10 2 10 10 8 10 2 10 2 2 2 2 2 10 2 8 2 2 2 2 2 10 10 10 2
left_child=3 2 -2 -1 6 -3 11 10 9 -6 21 12 -4 -13 16 -16 -15 -17 19 -12 -19 -7 23 -23 25 -20 -21 -8 29 -29
right_child=1 5 4 -5 8 7 27 -9 -10 -11 18 13 -14 14 15 17 -18 20 24 26 -22 22 -24 -25 -26 -27 -28 28 -30 -31
leaf_value=-0.045399462510246541 -0.016493698876102553 0.023254241933483261 -0.034439401772785143 -0.019275369865500672 0.02113339000124996 0.043265948883693173 -0.0019321747026842012 0.019361970907768977 0.015495385835403329 -0.0014258027029070645 0.012787125160297994 -0.049247419695070509 0.050723170426880716 0.0089693458728574895 -0.042672259961020649 0.074267051580694354 0.064275773510163309 0.041555392920461107 0.018543836749409202 -0.01996686225443127 -0.0070794574658947923 0.0081091771568842005 0.025276246016637069 -0.049248698977967395 0.01818954209794673 -0.016128689894703712 0.0009982711907638869 -0.042796930034367651 -0.0068797961460795413 -0.019399183714930116
leaf_weight=1925.0928152129054 6786.4238915145397 3311.495104983449 206.60924161970615 7401.4022282809019 1693.7470233142376 525.05476814508438 1584.6318888813257 4481.7166984677315 3268.8975272774696 29272.898960754275 4003.9687850624323 410.02114003896713 576.15613795816898 422.3858929425478 607.44535739719868 107.74102093279362 297.15192790329456 257.85393780469894 621.454769089818 1042.6866278350353 1180.1822977662086 4648.4157912135124 2232.3081929385662 259.68809433281422 3738.4184451401234 913.31714430451393 32228.639978393912 1136.9425010532141 1599.5191342383623 2839.2800210267305
leaf_count=16038 35254 13578 1038 43287 7307 2153 7294 18443 14202 138146 16924 2016 2577 1994 3080 477 1318 1228 2537 5507 5546 19430 9424 1281 15369 3832 140679 5710 7983 14516
internal_value=-8.92237e-05 0.00198987 -0.00336437 -0.0246677 -0.00140444 0.00681252 -0.00967031 0.00581707 0.00130595 -0.000191908 0.00460815 0.00227408 0.0282447 -0.0039185 0.00255117 -0.00722605 0.0318096 0.00670328 0.00299298 0.00167814 0.00164125 0.0135735 0.0113901 0.00507437 0.0122874 -0.00208921 0.000341247 -0.0164521 -0.0205787 -0.0260894
internal_weight=119582 110255 52247.9 9326.5 45461.5 58007.2 11225.9 54695.7 34235.5 30966.6 50214 4065.55 782.765 3282.78 2872.76 2153.22 719.538 1545.78 42548.5 37275.3 1438.04 7665.47 7140.41 4908.1 5273.19 1534.77 33271.3 7160.37 5575.74 3976.22
internal_count=558168 498843 249686 59325 214432 249157 54777 235579 159655 145453 217136 19274 3615 15659 13643 10331 3312 7251 184848 163110 6774 32288 30135 20711 21738 6369 146186 35503 28209 20226
is_linear=0
shrinkage=0.05


Tree=23
num_leaves=31
num_cat=0
split_feature=10 13 10 0 37 5 13 38 19 5 38 19 33 33 0 7 33 33 33 3 5 33 33 33 33 8 33 0 33 33
split_gain=2266.64 918.757 532.762 488.141 464.174 328.568 329.894 310.063 208.849 205.836 243.344 198.932 193.944 327.069 159.359 153.093 163.153 445.174 287.489 180.439 163.959 162.591 175.383 149.497 151.861 147.459 141.321 140.576 139.512 133.148
threshold=0.013639503327077824 0.035625335993052627 0.0077859942529809418 0.0014270426361444601 -0.079497907949802979 -0.12017167381974274 0.0009900990099009719 0.20778601927495047 0.79968096237583863 -0.1343283582089552 0.029479758170309237 -0.14519976049112768 -4823.4999999999991 -4783.4999999999991 -0.040540540540540619 -0.30040338977537046 -1933.4999999999998 -1773.9999999999998 -1660.4999999999998 -0.048458149779735442 0.3179610983679611 -1489.4999999999998 -1512.4999999999998 -1283.4999999999998 -1636.4999999999998 0.24305687629432396 -4865.4999999999991 0.083333333333333384 -2000.4999999999998 -4965.4999999999991
decision_type=8 10 10 8 8 8 10 10 10 8 8 10 2 2 10 10 2 2 2 10 10 2 2 2 2 10 2 10 2 2
left_child=2 3 -1 5 26 -2 -7 8 12 -5 -11 -4 -6 -14 -8 -15 28 20 -19 21 -18 22 -20 24 -13 -16 29 -12 -17 -3
right_child=1 4 11 9 7 6 14 -9 -10 10 27 23 13 15 25 16 17 18 19 -21 -22 -23 -24 -25 -26 -27 -28 -29 -30 -31
leaf_value=-0.038700298004853945 0.002135383610597303 0.018370879675601429 -0.020920668297986982 0.01504993024419491 -0.01899070342310533 -0.03330854323705066 0.026500977045373738 0.015719691465370066 0.0099254763906380904 -0.0031692882507991581 0.008314896069586207 -0.0052545847331994773 0.050229060175933038 0.013385137828959771 -0.0096150811279118471 -0.0007684254243510635 0.040547578340934032 -0.017795288701225116 0.028266510460493263 0.001413652725087924 0.0029852359059685599 0.0066354052521243991 0.095301959796992936 0.028627746698983637 -0.036558899495450263 0.0036879966103904706 0.02034068552867303 0.052043433382036097 -0.023028503685401075 -0.045888732809023759
leaf_weight=2995.2045072466135 8787.1735798865557 162.30330948531628 5248.509031675756 3394.5806271731853 1107.88213545084 1335.1634921878576 334.80477318167686 5941.6842764914036 9738.1349185556173 10107.825855448842 5459.6868839561939 3383.0034160614014 351.90330421924591 2587.6723494380713 20285.745179176331 20206.119997665286 1148.2760888934135 1531.442604765296 362.10560557246208 2968.8307087272406 388.91097509860992 537.99366047978401 133.55781483650208 286.18070047348738 437.52135569602251 2321.4619754999876 6714.4262230843306 190.19163797795773 729.2857901006937 160.15909652411938
leaf_count=23284 40011 760 30885 14961 5315 8322 1517 24288 41410 48257 24600 18076 1436 10784 98222 88225 4742 6764 1634 13126 1569 2358 579 1556 2517 10344 27637 780 3270 730
internal_value=-6.58275e-05 0.00227542 -0.0203472 -0.00246999 0.00679954 -0.00614932 -0.00914799 0.00503223 0.00351276 0.00388197 0.00147612 -0.0144712 0.00156456 0.00230044 -0.00774191 0.00174915 0.000674042 0.00724056 0.00062849 0.00767785 0.0310442 0.0256696 0.0463294 -0.00622856 -0.00883951 -0.00824903 0.0187879 0.00978693 -0.00154386 -0.0135453
internal_weight=119338 106987 12350.4 52216.6 54770.7 33064.3 24277.2 47733.8 41792.1 19152.3 15757.7 9355.21 32054 30946.1 22942 30594.2 28006.5 7071.12 5533.93 4002.49 1537.19 1033.66 495.663 4106.71 3820.52 22607.2 7036.89 5649.88 20935.4 322.462
internal_count=557959 481641 76318 247014 234627 158416 118405 205500 181212 88598 73637 53034 139802 134487 110083 133051 122267 30772 24461 17697 6311 4571 2213 22149 20593 108566 29127 25380 91495 1490
is_linear=0
shrinkage=0.05


Tree=24
num_leaves=31
num_cat=0
split_feature=10 10 12 5 38 5 5 28 0 33 33 7 7 10 33 13 33 33 32 33 33 32 26 33 33 33 9 33 33 33
split_gain=2120.79 740.96 735.714 458.426 404.796 435.57 293.466 373.498 249.765 216.141 206.993 232.193 193.255 192.685 189.321 186.173 184.449 178.869 225.882 191.705 458.894 350.372 162.807 184.603 274.22 156.264 151.84 150.722 220.058 211.849
threshold=0.015794752975284102 0.029259995119475548 0.035714285714285733 -0.22469948071313664 0.029479758170309237 -0.070866141732285323 -0.11438334117338926 0.062279000433845814 -0.049679157582987181 -4842.4999999999991 -4965.4999999999991 -0.019026440499473437 -1.0000000180025095e-35 0.0087285353880675199 -1167.4999999999998 0.010015823777757891 -4903.4999999999991 -1452.4999999999998 8.5000000000000018 -4287.4999999999991 -4347.4999999999991 1.5000000000000002 0.70988707706568921 -1403.4999999999998 -1452.4999999999998 -1235.4999999999998 0.02354049755933561 -4683.4999999999991 -4641.4999999999991 -4586.4999999999991
decision_type=8 10 10 8 8 8 10 10 10 2 2 8 10 10 2 10 2 2 2 2 2 2 10 2 2 2 10 2 2 2
left_child=2 3 -1 -2 5 16 14 13 -3 -7 -6 -12 27 -8 -4 -11 -5 19 -19 20 21 -17 23 24 26 -25 -18 -10 -29 -30
right_child=1 8 6 4 10 9 7 -9 12 15 11 -13 -14 -15 -16 17 22 18 -20 -21 -22 -23 -24 25 -26 -27 -28 28 29 -31
leaf_value=-0.043786089022855031 0.015422897127953234 0.025498266082901871 0.0015147658637154353 0.046883600088330556 -0.014277956328393793 -0.033701896028988175 -0.03469148237876496 0.0030358231523947487 0.019335679589839134 -0.030891588352679047 0.0014549740922659253 0.012899157779679161 0.021639685073254623 -0.015931469038170384 0.14946705790840004 0.07085564373872251 0.0005174951771761471 0.024984416450440652 -0.01520432563332658 -0.010405690864557622 0.056979338986640482 -0.0095857909865352392 -0.0094177200190510638 -0.041675558010977214 0.056476106073846823 0.031688406814380919 0.013459231086404495 -0.026101591456384046 0.032403878279039205 0.0055751176093552738
leaf_weight=2010.4561788514256 4331.4108820259571 2082.0872077345848 2899.15571641922 221.55770799517632 1402.5058660954237 855.20864419639111 1576.6043811589479 2446.8014156222343 2173.5321269333363 856.905896268785 12172.843484386802 6970.037177413702 2301.9478820115328 10381.560246646404 21.78443831205368 145.02377606928349 10288.081642255187 915.2230679243803 565.76855817437172 16289.852242812514 356.32194356620312 2032.7351092398167 3088.8416476249695 378.21913446485996 247.62866459786892 89.819936066865921 2906.7699482738972 534.41078668832779 755.66514354944229 28004.992963075638
leaf_count=17472 18270 8545 14462 971 6935 4312 10793 12221 8907 5207 54030 30109 9340 57696 120 643 47642 4286 2660 77812 1610 9479 13813 2032 1126 464 12802 2234 3121 119439
internal_value=2.70711e-06 0.00293461 -0.015155 -0.000284378 -0.0014224 -0.00439956 -0.0118327 -0.014763 0.00869109 -0.00905857 0.00426343 0.00562187 0.00765486 -0.0184049 0.0026182 -0.00806267 0.00155702 -0.00709924 0.00963151 -0.00841555 0.00437767 -0.00422894 0.000966268 0.00327204 0.00434682 -0.0275965 0.0033685 0.00663186 0.00568931 0.00628002
internal_weight=119304 99967.4 19336.4 64114.8 59783.3 39238 17325.9 14405 35852.6 22017 20545.4 19142.9 33770.5 11958.2 2920.94 21161.8 17220.9 20304.9 1480.99 18823.9 2534.08 2177.76 16999.4 13910.5 13442.5 468.039 13194.9 31468.6 29295.1 28760.7
internal_count=558553 445789 112764 294203 275933 184859 95292 80710 151586 106009 91074 84139 143041 68489 14582 101697 78850 96490 6946 89544 11732 10122 77879 64066 61570 2496 60444 133701 124794 122560
is_linear=0
shrinkage=0.05


Tree=25
num_leaves=31
num_cat=0
split_feature=13 33 10 32 33 33 28 32 10 33 33 32 37 33 32 43 43 33 33 33 33 43 4 33 2 33 33 33 33 8
split_gain=1911.25 856.514 644.612 430.141 468.975 1464.06 391.683 368.666 362.576 346.638 336.883 483.708 332.526 321.211 335.569 311.932 290.951 332.235 271.56 386.214 347.985 262.797 260.729 241.657 233.127 227.459 360.112 205.976 199.052 306.315
threshold=0.0212049432296041 -1613.4999999999998 0.031679259091226743 3.5000000000000004 -2053.4999999999995 -1773.9999999999998 -0.15362000757112065 1.5000000000000002 0.020654640292124469 -2585.4999999999995 -2546.4999999999995 7.5000000000000009 -0.042884067507320427 -1452.4999999999998 8.5000000000000018 5.5000000000000009 3.5000000000000004 -1687.4999999999998 -4546.4999999999991 -4922.4999999999991 -3844.4999999999995 2.5000000000000004 -0.093770586251381113 -4530.4999999999991 0.0039538568815383765 -2191.4999999999995 -2163.4999999999995 -1135.4999999999998 -1209.4999999999998 0.0018930828221584985
decision_type=10 2 10 2 2 2 8 2 8 2 2 2 10 2 2 2 2 2 2 2 2 2 10 2 10 2 2 2 2 10
left_child=1 8 3 7 6 -6 -5 18 24 -8 -11 -12 16 -14 27 -13 17 -7 19 -2 -20 -10 -3 -9 -1 -23 -27 -15 -24 -30
right_child=2 22 -4 4 5 12 9 23 21 10 11 15 13 14 -16 -17 -18 -19 20 -21 -22 25 28 -25 -26 26 -28 -29 29 -31
leaf_value=-0.017489104514776973 -0.036927481072820394 0.0073479521705880381 0.0097966640544448896 0.04635472445868874 0.043037845864740083 -0.0035167722798503812 0.0017393896411640585 -0.032823384886651021 -0.0072880077626142322 -0.040654081795852448 0.041013944576103488 -0.015756240221961794 -0.011817980350441681 0.028980475389147994 -0.013502910376125688 0.024097426837220215 -0.021690411789324963 0.045922709289307764 -0.034280053573516094 0.05237054664587059 0.0046772805647709859 0.0056206020483939301 -0.039158127198438093 -0.0090315610497795473 -0.0022051591089361847 0.081410256459645058 0.0068970220881197919 -0.01048794073866214 -0.032200934090287271 0.020849411178853999
leaf_weight=8035.8767915293574 154.97352470457554 427.69927413761616 26125.668141379952 455.58167549967766 2819.4966344684362 504.2351510822773 33536.526718392968 1192.4723641425371 3342.5399609059095 835.41598574817181 486.65006475150585 4344.5777467787266 4261.0416871458292 1647.4970025420189 1065.1069088131189 553.53408241271973 333.5078085064888 1042.0877574533224 653.43467624485493 553.69128629565239 4669.5138006359339 2192.0787592530251 3752.5253327339888 10167.018582165241 3618.3696236759424 285.466264128685 375.35075476765633 413.54046720266342 918.83153632283211 386.58569980412722
leaf_count=45616 769 2324 108935 1955 12017 2183 151621 5684 16496 3859 2160 19554 19423 7353 4867 2319 1489 4523 3105 2379 21219 10189 25249 48891 19405 1199 1734 1869 7933 2384
internal_value=-2.6582e-05 -0.0128585 0.00309855 0.000587531 0.00285274 0.011489 0.000256945 -0.00622444 -0.00754805 -0.0002713 -0.0111121 -0.0065288 0.0018903 -0.00288755 0.00928492 -0.0112524 0.0206658 0.0298012 0.00376602 0.0328425 -0.000105045 0.00222568 -0.030138 -0.0115291 -0.0127438 0.0133722 0.039086 0.0210613 -0.0333078 -0.0164906
internal_weight=119151 23335.3 95815.6 69689.9 52298.8 12086.5 40212.3 17391.1 17849.7 39756.7 6220.18 5384.76 9267.02 7387.19 3126.14 4898.11 1879.83 1546.32 6031.61 708.665 5322.95 6195.44 5485.64 11359.5 11654.2 2852.9 660.817 2061.04 5057.94 1305.42
internal_count=558703 132529 426174 317239 235192 53724 181468 82047 94639 179513 27892 24033 41707 33512 14089 21873 8195 6706 27472 3148 24324 29618 37890 54575 65021 13122 2933 9222 35566 10317
is_linear=0
shrinkage=0.05


Tree=26
num_leaves=31
num_cat=0
split_feature=10 10 19 37 19 13 32 12 32 33 3 5 0 43 33 33 33 33 33 33 33 33 33 5 33 12 33 33 33 12
split_gain=1787.63 923.551 489.245 312.458 359.643 291.469 247.608 246.692 214.894 245.525 196.786 170.442 169.33 164.442 208.271 186.848 166.754 319.722 237.024 167.804 227.187 188.814 187.018 184.911 170.5 165.732 163.169 153.622 200.229 281.098
threshold=0.011302393568678919 0.02384870673248032 -0.18422184416709422 -0.073828484900914912 0.39335842927562564 1.1796119636642291e-17 3.5000000000000004 0.035714285714285733 4.5000000000000009 -4783.4999999999991 -0.064676616915422189 -0.18426031827300829 0.095095846156980982 3.5000000000000004 -4287.4999999999991 -4328.4999999999991 -3668.4999999999995 -3453.4999999999995 -3528.4999999999995 -2355.4999999999995 -1760.4999999999998 -1429.9999999999998 -2585.4999999999995 -0.0051020408163273126 -1415.4999999999998 1.1285714285714297 -2067.4999999999995 -2935.4999999999995 -3221.4999999999995 0.5928571428571453
decision_type=8 10 8 10 10 10 2 10 2 2 10 8 10 2 2 2 2 2 2 2 2 2 2 10 2 10 2 2 2 10
left_child=7 2 5 -3 8 -2 -7 -1 -5 -10 26 -4 13 -13 15 -15 -16 18 -18 22 23 -22 27 -21 -23 -20 -8 28 29 -19
right_child=1 3 11 4 -6 6 10 -9 9 -11 -12 12 -14 14 16 -17 17 19 25 20 21 24 -24 -25 -26 -27 -28 -29 -30 -31
leaf_value=-0.042111898260340674 -0.03751704611185111 0.015530888703721544 0.015392354052017429 -0.0039640506045365972 0.0110309922734282 -0.014767614993743261 0.0016767594777944473 -0.019733021874078979 0.047588188363267087 0.003789739242859508 -0.0060864620383399622 -0.0045990606353311318 0.041780822825452729 0.011201681966630635 -0.012294441685555846 0.052399210044813273 0.0099760287757982066 0.039500938063100725 0.072540184141259678 0.041069176178956703 -0.01761504488028549 0.069063201957966711 -0.03718121100326581 0.0079469137410840829 0.0040762730870954082 0.021182194966461738 0.02982736958178786 0.012353919072912556 -0.027948419373954193 -0.01212858002698923
leaf_weight=1638.77214474231 794.3882809728384 7280.7390834540129 2143.8022695928812 11222.622693479061 14814.090843141079 7254.009068466723 2496.4147663116455 4954.5695341676474 324.14140202105045 24906.428871199489 17790.898942284286 9964.4272094517946 247.40794150531292 1044.8543642908335 1784.3508974164724 373.64532089233398 1161.2537254840136 362.6117507070303 329.70330041646957 663.481663800776 1124.8853377997875 122.52830703556538 465.14197184145451 1154.7212363034487 572.52957078814507 300.02856810390949 648.46954424679279 1063.7389433383942 966.44845741987228 965.84009175002575
leaf_count=15387 5829 30148 9180 50220 61897 37895 11451 31109 1305 107504 87658 48071 1019 4674 8236 1638 5359 1645 1446 2987 5268 562 2221 5118 2569 1339 2929 4794 4583 4502
internal_value=7.69809e-06 0.00149271 -0.00323673 0.00583824 0.00446174 -0.00764842 -0.00680672 -0.0252953 0.00179208 0.00435243 -0.00404836 0.00191692 0.000642476 0.000188512 0.0040185 0.0220535 0.00170066 0.0043995 0.0233708 -0.000153911 0.00753301 -0.00495561 -0.00746765 0.0200336 0.0155325 0.0480713 0.00748137 -0.00335259 -0.0106329 0.00196412
internal_weight=118937 112344 53795.6 58548 51267.3 28984.2 28189.8 6593.34 36453.2 25230.6 20935.8 24811.4 22667.6 22420.2 12455.8 1418.5 11037.3 9252.91 1790.99 7461.93 3638.15 1819.94 3823.78 1818.2 695.058 629.732 3144.88 3358.64 2294.9 1328.45
internal_count=558543 512047 260973 251074 220926 145762 139933 46496 159029 108809 102038 115211 106031 105012 56941 6312 50629 42393 8144 34249 16504 8399 17745 8105 3131 2785 14380 15524 10730 6147
is_linear=0
shrinkage=0.05


Tree=27
num_leaves=31
num_cat=0
split_feature=13 10 3 33 33 33 33 33 33 33 33 1 3 2 33 33 3 33 34 33 33 33 33 33 33 33 33 33 33 33
split_gain=1682.38 762.524 551.873 471.694 613.524 889.6 594.25 694.434 524.126 451.44 646.102 432.932 311.838 285.077 284.369 280.231 400.552 235.768 224.901 223.003 222.626 670.736 488.501 735.774 616.956 473.352 394.544 312.9 962.232 660.758
threshold=0.022725120339649827 0.0087285353880675199 -0.11144634402665619 -2368.4999999999995 -1773.9999999999998 -1918.4999999999998 -2725.4999999999995 -2772.4999999999995 -2329.4999999999995 -2207.4999999999995 -2163.4999999999995 2.1094237467877978e-15 0.011221070745296437 -0.055555555555555629 -2012.4999999999998 -1687.4999999999998 -0.046875000000001103 -1209.4999999999998 3.3013753505938035 -1135.4999999999998 -4546.4999999999991 -4823.4999999999991 -4370.4999999999991 -4287.4999999999991 -4100.4999999999991 -4065.4999999999995 -4803.4999999999991 -3631.4999999999995 -3467.4999999999995 -3528.4999999999995
decision_type=10 8 8 2 2 2 2 2 2 2 2 10 10 8 2 2 10 2 2 2 2 2 2 2 2 2 2 2 2 2
left_child=1 -1 -2 6 5 8 7 20 12 -10 -11 13 -5 -3 -12 -6 -17 -18 -9 -19 21 -4 -22 -24 -25 -26 -23 -27 29 -29
right_child=2 11 3 4 15 -7 -8 18 9 10 14 -13 -14 -15 -16 16 17 19 -20 -21 22 26 23 24 25 27 -28 28 -30 -31
leaf_value=-0.033923234473430208 0.017155086010748413 0.022871451246583779 -0.012018508502579222 0.063122741485981543 -0.013858082673675063 0.034217309999501573 -0.012374947852184494 0.063919128999840508 -0.033517954856899339 0.060012270844619575 0.0087792676458294371 0.0015495790851091668 0.014382401888773003 -0.014023224988967213 -0.013594306430995785 0.02217231877943375 -0.0040427472924436519 0.035813402994742852 0.020659923645962596 -0.005887316081689152 -0.018731618568675844 0.065036623977706709 0.033330960032950385 -0.01927042687895357 0.037633615123649725 -0.0069486573289174102 0.013676951326222115 0.0083773775572146564 -0.0011320761327500012 0.05166870917001315
leaf_weight=3203.392383672297 6568.0393808782101 542.28815227746964 2933.3588175326586 573.94674277305603 2792.3785592019558 4214.2309278249741 8867.0848097205162 515.37017330527306 827.37198202311993 505.01955890655518 4223.9139123409986 7983.008666433394 766.32824330031872 15168.495110675693 2139.606486722827 2361.6827888935804 8117.6135201007128 781.41614109277725 720.47417482733727 543.64794898033142 3506.4742250740528 399.36497895419598 1660.1937527358532 3970.018277823925 890.47924883663654 9222.1387273520231 5871.3352097272873 1976.8760309666395 15440.891915008426 1590.6089263409376
leaf_count=26608 27347 2575 14016 2532 12372 17262 39628 2187 3767 2064 17846 40441 3332 82274 9642 10516 36613 3416 3077 2392 16011 1649 7286 18277 3789 41541 24614 8864 70334 6798
internal_value=-2.78597e-05 -0.0110275 0.00318869 0.0021147 0.00745701 0.0152465 -0.000469665 0.0016981 0.00639901 0.00137371 0.0055767 -0.00793195 0.0352545 -0.0127497 0.0012566 0.00038598 0.00375548 -0.000850703 0.0386998 0.0187044 0.000734626 0.00771624 -0.000945015 0.000849693 -0.000779909 0.00174087 0.0169479 0.000608703 0.00427525 0.0276794
internal_weight=118877 26897.2 91979.9 85411.8 27847.2 13250.4 57564.7 48697.6 9036.19 7695.91 6868.54 23693.8 1340.27 15710.8 6363.52 14596.7 11804.4 9442.68 1235.84 1325.06 47461.7 9204.06 38257.7 34751.2 33091 29121 6270.7 28230.5 19008.4 3567.48
internal_count=559070 151898 407172 379825 121754 56445 258071 218443 39183 33319 29552 125290 5864 84849 27488 65309 52937 42421 5264 5808 213179 40279 172900 156889 149603 131326 26263 127537 85996 15662
is_linear=0
shrinkage=0.05


Tree=28
num_leaves=31
num_cat=0
split_feature=13 33 7 28 33 43 34 38 33 33 33 33 7 33 4 33 33 5 3 33 33 5 28 32 33 33 33 32 33 33
split_gain=1465.38 737.623 554.832 584.157 324.296 470.705 309.861 296.856 278.78 444.936 340.545 365.524 263.04 254.762 251.755 251.001 235.651 291.008 231.928 219.247 199.54 207.38 187.274 185.228 251.995 233.318 422.255 361.664 182.633 227.223
threshold=0.019753631129347748 -1636.4999999999998 -0.23287671232876708 0.048538641140230855 -4513.4999999999991 3.5000000000000004 2.8593355435749763 0.099805304959278987 -2191.4999999999995 -2163.4999999999995 -1773.9999999999998 -1918.4999999999998 -0.14285714285714282 -3614.9999999999995 -0.056497175141243243 -4117.4999999999991 -1209.4999999999998 -0.06501048517619161 -0.09210526315789451 -2000.4999999999998 -4823.4999999999991 -0.050724637681159472 0.28421805677184725 10.500000000000002 -1452.4999999999998 -4287.4999999999991 -4347.4999999999991 1.5000000000000002 -2725.4999999999995 -2772.4999999999995
decision_type=10 2 8 10 2 2 2 10 2 2 2 2 10 2 10 2 2 8 10 2 2 8 10 2 2 2 2 2 2 2
left_child=1 4 18 7 20 -6 13 12 28 -10 11 19 15 -7 -3 -4 -16 -18 -2 -11 21 -1 -13 24 25 26 27 -14 29 -5
right_child=2 14 3 8 5 6 -8 -9 9 10 -12 22 23 -15 16 -17 17 -19 -20 -21 -22 -23 -24 -25 -26 -27 -28 -29 -30 -31
leaf_value=0.028935970382417176 0.019752129798019463 -0.0025198406649417499 -0.0079657548313598319 0.0033710142118703493 -0.019956732932816371 -0.006120371098107218 -0.0052423344352228434 0.0086608533453523175 0.080135483465406818 0.0097779985255352902 0.00053989435275473598 0.03407546510943537 0.04753625824787841 0.043632870096386861 -0.041205113261285065 0.0039619377049515915 0.036369125680457116 -0.027009458108892982 0.0069118793516253609 -0.048226442015785152 0.036429726741351968 -0.017088480471170234 -0.015637039968809767 0.0030572476351657784 0.0097764913357606051 -0.011923215584790873 0.042905760967262258 -0.012839725717138671 -0.010450710945133074 0.031240876351772723
leaf_weight=396.98209694027901 5033.3779539614916 752.29858653992414 6089.9480529129505 13614.832000568509 5870.3282595723867 425.96170547604561 5910.6882928535342 5692.3746482282877 242.70315536856651 2703.4678070396185 4116.066381379962 2966.2607701420784 280.76882417500019 649.79310772567987 3054.2703993842006 15995.116509407759 224.6540534645319 934.58704175055027 11671.814959585667 173.35786235332489 619.87416087090969 638.2714664041996 202.37109895050526 4171.9604602307081 1767.1761903613806 18696.829038068652 545.81371656060219 2127.6607062667608 2249.9305563718081 772.86287893354893
leaf_count=1786 20537 4325 28477 58719 32856 2122 32644 24163 980 11238 17909 12101 1231 3243 22348 72025 1477 8372 49396 782 2862 3378 817 19522 8413 91078 2457 10187 9799 3256
internal_value=7.94064e-06 -0.0125297 0.00247181 0.00078751 -0.00683792 -0.00951974 -0.000750097 -0.00215445 0.00681111 0.0132309 0.011633 0.0191857 -0.00339379 0.0239323 -0.0291633 0.000672881 -0.0339203 -0.0147271 0.0107807 0.00628264 0.013994 0.000560223 0.0309005 -0.00664903 -0.0083782 -0.00986 0.00319766 -0.00580124 0.00279651 0.0048681
internal_weight=118592 19477.7 99114.7 82409.5 14511.9 12856.8 6986.44 55367.6 27041.9 10404.2 10161.5 6045.46 49675.3 1075.75 4965.81 22085.1 4213.51 1159.24 16705.2 2876.83 1655.13 1035.25 3168.63 27590.2 23418.2 21651.1 2954.24 2408.43 16637.6 14387.7
internal_count=558500 115413 443087 373154 78891 70865 38009 257553 115601 43827 42847 24938 233390 5365 36522 100502 32197 9849 69933 12020 8026 5164 12918 132888 113366 104953 13875 11418 71774 61975
is_linear=0
shrinkage=0.05


Tree=29
num_leaves=31
num_cat=0
split_feature=13 13 33 33 32 37 32 25 0 43 43 4 28 5 33 32 33 28 33 33 33 32 32 43 33 33 33 28 12 33
split_gain=1354.64 781.877 517.034 622.463 430.581 404.509 392.19 353.159 321.56 290.97 250.859 238.261 237.112 243.193 258.087 235.191 339.967 216.885 212.64 285.991 212.806 203.09 244.47 202.803 195.87 476.119 268.501 379.851 239.293 252.089
threshold=0.0009900990099009719 0.030664148744198452 -4546.4999999999991 -4823.4999999999991 5.5000000000000009 -0.070487993803285673 4.5000000000000009 0.28609274776481824 0.083333333333333384 2.5000000000000004 3.5000000000000004 -1.0000000180025095e-35 0.13479897814159514 -0.08021283422459756 -4287.4999999999991 1.5000000000000002 -4922.4999999999991 0.10097329020666161 -3498.4999999999995 -4287.4999999999991 -3467.4999999999995 10.500000000000002 8.5000000000000018 4.5000000000000009 -2634.9999999999995 -2329.4999999999995 -1918.4999999999998 -0.054105560065791043 3.0000000000000058 -4513.4999999999991
decision_type=8 10 2 2 2 8 2 10 10 2 2 8 10 10 2 2 2 10 2 2 2 2 2 2 2 2 2 10 8 2
left_child=7 2 3 15 -5 -3 23 11 17 -8 -6 -1 13 -11 -15 16 -2 -7 19 -19 -20 22 -16 24 28 -26 -27 -28 -4 -30
right_child=1 5 6 4 10 8 9 -9 -10 12 -12 -13 -14 14 21 -17 -18 18 20 -21 -22 -23 -24 -25 25 26 27 -29 29 -31
leaf_value=-0.015776861799952222 -0.019260483328609919 0.013704660052031182 -0.0229963500290115 0.066455652487217812 0.042991168293724208 0.00059659379527246103 -0.0094185327060546872 -0.038129437871752027 0.022523728682705777 0.010151266064182887 -0.00026497041682348632 0.044398908570972548 0.027562027873408508 0.032898392931857409 -0.0021284911336319425 -0.016308722873068681 0.050127194253158036 0.0078233987321434436 0.052080434901047259 -0.024172879935786585 0.011147499864124805 0.0091265536472083953 -0.01874060175364756 0.015471263802912062 0.04272869360791446 -0.034971792707318962 0.040422607902486654 -0.010969272852064595 0.067144385980010976 -0.0077785838631138533
leaf_weight=899.28209566324949 325.99963781237602 9863.7957760840654 6665.9652131795883 637.7939950376749 555.5506858676672 46518.096630334854 9521.7267975732684 2841.8757904320955 1991.5284244865179 4454.6803970932961 844.96466915309429 201.31829262524843 827.52771152555943 468.75910776853561 6277.321563847363 1581.981327265501 385.00678230822086 2185.4881830066442 331.73170924186707 1026.3593696653843 7414.6341134756804 2110.1494198590517 3422.0420165359974 608.29320919513702 458.54039119184017 907.52137168496847 415.7633273229003 2659.5417998805642 119.31524956226349 1901.3727019578218
leaf_count=6249 1619 41236 34693 2748 2419 205524 47946 24254 8126 20854 3720 1067 3739 2213 31800 7937 1703 9081 1363 4320 30615 10630 17633 2890 2222 4847 2101 14286 569 10166
internal_value=2.39e-07 0.000992623 -0.00412784 0.0122977 0.0324018 0.00432715 -0.00587078 -0.0288166 0.00277172 -0.00238032 0.0168937 -0.0047697 0.00143598 0.000143914 -0.00348685 -0.00557338 0.0183126 0.00208732 0.00841554 -0.00240115 0.0129004 -0.00493111 -0.00798943 -0.0127525 -0.0140603 -0.00551898 -0.0110737 -0.00402139 -0.0184273 -0.00335462
internal_weight=118424 114481 45149.8 4331.3 2038.31 69331.6 40818.5 3942.48 59467.8 27082.2 1400.52 1100.6 17560.5 16733 12278.3 2292.99 711.006 57476.3 10958.2 3211.85 7746.37 11809.5 9699.36 13736.3 13128 4441.37 3982.83 3075.31 8686.65 2020.69
internal_count=558570 527000 226735 20146 8887 300265 206589 31570 259029 134815 6139 7316 86869 83130 62276 11259 3322 250903 45379 13401 31978 60063 49433 71774 68884 23456 21234 16387 45428 10735
is_linear=0
shrinkage=0.05


Tree=30
num_leaves=31
num_cat=0
split_feature=10 10 1 19 19 7 5 33 33 5 33 33 36 13 1 29 33 33 33 33 33 33 33 20 5 5 34 43 7 20
split_gain=1453.16 685.472 359.574 362.67 331.149 234.294 219.606 219.898 353.189 304.07 202.649 191.751 190.802 171.847 170.099 149.996 156.024 134.795 161.464 148.402 138.777 250.863 197.716 132.682 132.403 131.127 124.582 198.482 116.779 115.651
threshold=0.011302393568678919 0.020654640292124469 -0.086956521739130307 0.53219995056652103 -0.24514068905084249 -0.11201354475017243 -0.22469948071313664 -4823.4999999999991 -4783.4999999999991 0.27107351241110361 -1760.4999999999998 -1837.4999999999998 0.99960845732184855 1.1796119636642291e-17 0.1855562120228125 -0.047200132884182074 -1209.4999999999998 -4546.4999999999991 -4387.4999999999991 -4641.4999999999991 -4683.4999999999991 -4727.4999999999991 -4746.4999999999991 0.23119369334571258 -0.044950734984335487 -0.15199999999999944 3.662277948377024 4.5000000000000009 -0.025515293903829891 1.051449626714301
decision_type=8 8 8 10 10 10 8 2 2 8 2 2 2 10 8 10 2 2 2 2 2 2 2 10 8 10 2 2 10 10
left_child=5 4 29 6 13 -1 -4 -8 -9 17 11 26 24 -2 -11 -6 -17 19 -19 20 21 22 -10 -20 -5 -15 27 -7 -27 -3
right_child=1 2 3 12 15 10 7 8 9 14 -12 -13 -14 25 -16 16 -18 18 23 -21 -22 -23 -24 -25 -26 28 -28 -29 -30 -31
leaf_value=0.0022675171182568003 -0.036461237773053608 0.03056086512154842 0.011045083745429077 0.014267407794183585 0.0089071335808693832 -0.0070130903008221029 -0.013485554856947538 0.046551480494622335 0.0098493206768842431 0.0074279301728001961 -0.03824063124319263 0.055480563200292571 0.028805871476155227 0.0019141532198930084 0.050961955588489517 -0.0030919183569501144 0.032053608028136803 -0.018443824499917473 -0.019042160197981314 0.022183402759239777 -0.02215468700324812 0.034736295312263507 -0.042142663235275116 -0.0009462977328611469 0.0048838620567842363 -0.011454643131111379 -0.026383541664534001 0.15171310457043613 0.0071889342735305343 0.009449517286502963
leaf_weight=775.78738190978765 565.95673584192991 1579.8683430254459 5252.9466078281403 5704.1925809234381 4001.2670731693506 687.87160115689039 2733.8060368597507 423.44852218031883 485.43394058942795 9851.6894894689322 2337.9591937437654 84.525846295058727 1189.7993361651897 2586.6554961651564 229.60994711518288 12371.936022855341 324.05572040379047 1467.2317625433207 1045.1074070706964 1227.9012869298458 519.50438860058784 534.92241963744164 293.35959985852242 32935.78771263361 11025.430702060461 13623.562458224595 2357.3908406347036 20.275909014046192 895.12234152108431 1100.6789542287588
leaf_count=4704 4597 6515 22077 24113 18309 4348 13459 1728 2006 41866 21070 494 4877 11878 953 59758 1541 6787 6029 5191 2220 2212 1249 147467 46664 71495 15718 109 4460 4521
internal_value=-1.60617e-05 0.00129501 0.00389855 0.00325476 -0.0045835 -0.0234523 0.00130425 0.000315449 0.00108521 0.000688993 -0.027088 -0.0188107 0.00945923 -0.00935428 0.00841945 0.000465583 -0.00219486 -0.00133476 -0.00220405 0.00873178 -0.000278196 0.00837279 -0.00973526 -0.00150285 0.00808331 -0.00845741 -0.0208591 -0.00246839 -0.0103052 0.0218922
internal_weight=118233 111969 77600.7 74920.2 34368.6 6263.81 57000.7 51747.8 49014 48590.5 5488.02 3150.06 17919.4 17671.3 10081.3 16697.3 12696 38509.2 35448.1 3061.12 1833.22 1313.72 778.794 33980.9 16729.6 17105.3 3065.54 708.148 14518.7 2680.55
internal_count=558415 511972 339934 328898 172038 46443 253244 231167 217708 215980 41739 20669 75654 92430 42819 79608 61299 173161 160283 12878 7687 5467 3255 153496 70777 87833 20175 4457 75955 11036
is_linear=0
shrinkage=0.05


Tree=31
num_leaves=31
num_cat=0
split_feature=9 5 32 12 33 33 33 32 28 32 3 13 43 33 32 38 33 33 9 1 5 32 5 33 32 5 33 43 5 37
split_gain=1152.95 659.898 482.884 448.233 415.15 1079.46 695.985 505.691 448.964 385.056 312.548 306.541 421.741 287.579 417.033 276.096 271.057 269.771 335.961 258.273 252.776 246.551 398.713 397.932 226.795 218.137 208.019 206.104 204.668 200.565
threshold=0.012748535525535886 -0.10185185185185168 3.5000000000000004 0.035714285714285733 -2207.4999999999995 -1773.9999999999998 -2585.4999999999995 8.5000000000000018 -0.10753863183609828 2.5000000000000004 -0.052830188679244543 0.034376509768860378 1.5000000000000002 -1429.9999999999998 8.5000000000000018 -0.095624788267483149 -2815.4999999999995 -2053.4999999999995 0.039235397288656361 -0.12053578553486886 -0.14285714285714304 11.500000000000002 -0.10185185185185168 -2756.4999999999995 4.5000000000000009 0.0012324424223697508 -2872.4999999999995 5.5000000000000009 0.03191310686897398 0.0018055635358952273
decision_type=8 8 2 10 2 2 2 2 8 2 10 10 2 2 2 8 2 2 8 8 10 2 10 2 2 8 2 2 10 10
left_child=1 -1 9 -3 6 7 8 28 -4 15 20 -8 -13 -12 -15 -2 24 18 27 -11 -7 22 -18 -23 -10 -16 -26 -9 -6 -5
right_child=2 3 4 29 5 10 11 17 16 19 13 12 -14 14 25 -17 21 -19 -20 -21 -22 23 -24 -25 26 -27 -28 -29 -30 -31
leaf_value=0.0062852896069236167 0.02082651216016565 -0.039056155147250665 0.027823097057249425 -0.017962495793221952 0.041288809993731662 0.034053375276428113 -0.026945494816443667 -0.019913978039924812 -0.0099441831086405363 0.047057215455533846 -0.011471522040965205 0.02826712506937289 -0.012885359176163725 0.021673149137766259 -0.033727586421868384 -0.0018224116664397737 0.026774703396713631 0.028562942200222041 0.023646747029924184 -0.014671290054154382 0.0039034193519140513 0.021755181416723099 -0.0095425410065250044 0.10808051728636361 0.003579273930337554 0.0033457382718625585 -0.014134304174326982 0.031545399738484761 0.022996282093844241 -0.0046223228435001316
leaf_weight=3983.662677615881 1473.4748817831278 1942.584226578474 1852.6665023863316 7907.3291144147515 2569.2192825675011 1012.1757390499115 2617.6495727524161 1581.030860543251 3922.1696063280106 173.31746427714825 5890.146262973547 771.807268217206 3219.9328236877918 2005.3490132167935 690.23633562773466 15500.706976100802 1536.0014000982046 1071.1956061348319 912.90403565764427 7597.7972338572145 2219.8015144243836 624.51161029934883 1487.7455664128065 169.79235656559467 34136.929762795568 933.24519260972738 1741.9922886788845 221.88789063692093 3777.1800968796015 4377.2580225840211
leaf_count=20199 6316 19160 8053 47537 10947 4194 13036 7051 18007 713 26564 3274 13719 8909 3473 71329 6656 4529 3689 36675 9741 2658 6736 724 151801 4103 7717 948 15426 24052
internal_value=-0.000133133 -0.0117018 0.00197973 -0.0167383 0.00397883 0.00959206 0.0015124 0.0217735 0.00371603 -0.00407653 -8.87392e-05 -0.0136483 -0.00492848 -0.00465011 0.00642207 0.00014367 0.00269211 0.0073141 -0.00106703 -0.0132946 0.0133456 0.015418 0.00890587 0.0402083 0.00147134 -0.0124163 0.00271924 -0.0135808 0.0304017 -0.0132091
internal_weight=117922 18210.8 99710.9 14227.2 74965.6 22884.4 52081.2 10133.4 45471.8 24745.3 12751 6609.39 3991.74 9518.98 3628.83 16974.2 43619.1 3787.02 2715.82 7771.11 3231.98 3818.05 3023.75 794.304 39801.1 1623.48 35878.9 1802.92 6346.4 12284.6
internal_count=557936 110948 446988 90749 331955 99574 232381 42590 202352 115033 56984 30029 16993 43049 16485 77645 194299 16217 11688 37388 13935 16774 13392 3382 177525 7576 159518 7999 26373 71589
is_linear=0
shrinkage=0.05


Tree=32
num_leaves=31
num_cat=0
split_feature=10 37 28 12 13 32 32 33 34 33 33 33 32 33 33 32 32 9 10 43 33 32 43 33 33 33 33 1 33 33
split_gain=1239.93 536.788 594.525 328.588 314.085 313.078 335.245 342.076 322.216 459.813 486.336 390.605 335.04 334.864 323.849 323.644 319.66 314.294 268.593 261.37 241.168 238.957 275.24 226.896 251.945 275.303 258.891 224.988 223.997 220.371
threshold=0.012893450306360917 -0.073828484900914912 0.0022952530964877511 0.035714285714285733 0.011767737987303363 4.5000000000000009 1.5000000000000002 -4546.4999999999991 3.1675802983811168 -3598.4999999999995 -4287.4999999999991 -3297.4999999999995 8.5000000000000018 -2177.4999999999995 -2163.4999999999995 7.5000000000000009 8.5000000000000018 0.031074387066779546 0.020937092562099118 6.5000000000000009 -3528.4999999999995 10.500000000000002 5.5000000000000009 -4783.4999999999991 -2207.4999999999995 -2906.4999999999995 -1541.4999999999998 -0.033149171270720305 -1452.4999999999998 -4803.4999999999991
decision_type=8 8 10 10 10 2 2 2 2 2 2 2 2 2 2 2 2 8 10 2 2 2 2 2 2 2 2 10 2 2
left_child=3 27 4 -1 -3 6 7 -4 9 10 15 20 13 -13 -15 29 23 -8 -6 -12 -11 22 -14 -10 25 -25 -26 -2 -28 -7
right_child=1 2 5 -5 18 8 17 -9 16 11 19 12 21 14 -16 -17 -18 -19 -20 -21 -22 -23 -24 24 26 -27 28 -29 -30 -31
leaf_value=-0.039097844143781035 0.017914122402686677 -0.021435013027430116 0.033025933025351943 -0.013494930103812728 -0.0080509399765873457 0.076245531266820404 -0.015205240043925788 0.0011262009163879108 0.039218975267009931 0.02142391729721994 -0.017523388349384644 0.0086170104166737975 -0.017961273721453015 0.09494991245057556 0.030603793433594168 0.041396947358601333 -0.0031139173575181547 0.0074244973998527754 0.00016429307445463661 0.047599377118354179 0.06331527694854551 0.01579565602025557 0.059758478405353969 0.0052712120919638072 0.022721056212198047 -0.019302815009306223 -0.020018032428010684 0.0030502767745322085 0.01281005976945045 -0.016256857266807177
leaf_weight=1489.9109085798264 6448.2101705670357 2456.1440146267414 984.34869791567326 7887.0433611348271 16303.820662498474 72.79822351038456 5930.5492375344038 5747.0190788656473 560.45248244702816 651.90568801760674 2561.2106002271175 1986.4144278094172 1433.8050321489573 215.95577920973301 2068.5187732353806 878.31340683996677 11916.236118763685 2069.8160592764616 25527.272280022502 163.93624383211136 726.38713915646076 1583.6511421352625 123.74890542030334 5976.5738614797592 3632.5754956454039 1408.2760716602206 803.64091615378857 4206.7987702265382 1470.3214824646711 557.14981089532375
leaf_count=16291 26979 15206 4249 49189 81907 295 28906 25615 2297 2886 11433 8812 6432 889 8664 3698 52586 8903 113641 675 3100 6925 508 26328 15078 6404 3650 17917 6428 2359
internal_value=-0.000119559 0.00138844 0.000227504 -0.017563 -0.00405793 0.00377342 -0.00243194 0.005791 0.00612999 0.0125398 -0.000998084 0.0190596 0.0145146 0.0236313 0.0366866 0.0217817 0.00289031 -0.00935058 -0.00303762 -0.0136058 0.0435015 0.00211922 -0.0117864 0.00805554 0.00674148 0.000584994 0.0144388 0.0120456 0.00120829 -0.00556707
internal_weight=117843 108466 97810.8 9376.95 44287.2 53523.6 14731.7 6731.37 38791.9 13023.8 4233.41 8790.39 7412.09 4270.89 2284.47 1508.26 25768.1 8000.37 41831.1 2725.15 1378.29 3141.21 1557.55 13851.8 13291.4 7384.85 5906.54 10655 2273.96 629.948
internal_count=558250 492770 447874 65480 210754 237120 67673 29864 169447 56676 18460 38216 32230 18365 9553 6352 112771 37809 195548 12108 5986 13865 6940 60185 57888 32732 25156 44896 10078 2654
is_linear=0
shrinkage=0.05


Tree=33
num_leaves=31
num_cat=0
split_feature=10 5 28 10 10 0 33 33 33 33 5 7 33 33 33 33 43 43 33 33 33 33 32 32 33 0 28 3 33 33
split_gain=1164.14 489.593 441.729 341.099 299.977 196.378 196.125 494.073 291.296 334.064 181.693 189.616 171.559 167.747 215.802 241.096 159.641 155.418 361.514 270.73 268.247 166.274 152.7 190.106 273.868 150.584 150.342 140.438 134.19 144.217
threshold=0.012893450306360917 -0.2203389830508474 0.048538641140230855 0.020746975430790283 0.0072863478994696406 -0.04360001771142135 -2191.4999999999995 -2163.4999999999995 -1773.9999999999998 -1918.4999999999998 -0.070866141732285323 -0.019026440499473437 -2000.4999999999998 -2725.4999999999995 -2829.4999999999995 -2872.4999999999995 5.5000000000000009 1.5000000000000002 -2303.4999999999995 -2368.4999999999995 -1577.4999999999998 -1636.4999999999998 5.5000000000000009 8.5000000000000018 -4287.4999999999991 0.0029370420864546225 0.28421805677184725 -0.080213903743315426 -4287.4999999999991 -4328.4999999999991
decision_type=8 8 10 8 10 10 2 2 2 2 10 10 2 2 2 2 2 2 2 2 2 2 2 2 2 10 10 8 2 2
left_child=4 17 3 10 -1 -5 13 -8 9 12 -3 22 -9 14 15 16 -4 18 -2 -19 -20 -21 -12 -24 -25 27 -11 -7 29 -6
right_child=1 2 6 5 28 25 7 8 -10 26 11 -13 -14 -15 -16 -17 -18 19 20 21 -22 -23 23 24 -26 -27 -28 -29 -30 -31
leaf_value=-0.033277965040551347 0.040025408546178629 -0.001256021767808908 0.0050932669931467662 0.014706091666299824 0.0041307290693261079 0.0055820427730228234 0.073080326060341858 0.0071711976748052436 -0.00073853732470686214 0.030135553792728198 -0.018570557399847032 0.0079022521256444742 -0.042926801052663527 -0.009851029559690078 0.025572418851891585 -0.045743235460808968 -0.015193216482015867 0.0037531369118651739 -0.052920299689876896 0.033325713774159028 0.082998842411313167 0.0037773851623022236 0.0033693974732458133 0.035752629231423007 -0.01686198673705552 0.0036935604002672757 -0.014077360607764353 -0.0038862754149400682 -0.01367797227438197 0.091249582167720888
leaf_weight=2149.9900929555297 1133.2831833958626 9382.1816942766309 13440.773748457432 2414.0419682711363 360.62143786251545 4735.6333274096251 311.50101448595524 2825.5446651950479 4349.9189685210586 3014.7413631752133 5345.143213108182 1294.8947922661901 181.88880638033152 2376.6212579905987 1117.9699171036482 251.55374154448509 1045.1882551908493 5290.9166214764118 194.81087355315685 1580.0367582291365 44.613838106393814 681.43277807533741 2599.9416736811399 263.14140240848064 4114.9892548918724 17468.005019187927 205.37307013571262 22636.972359269857 6726.4628753513098 54.71144238114357
leaf_count=21173 4630 46111 58094 10234 2004 20559 1286 11757 19091 12290 29330 6112 846 10416 4670 1107 4398 22153 938 6622 183 2933 13113 1195 21865 77089 830 104557 42111 262
internal_value=8.02283e-05 0.00153742 0.000529936 -0.00161628 -0.0169041 0.000814338 0.0057077 0.0110172 0.00918952 0.0161242 -0.00661003 -0.0102987 0.00414128 0.00253661 0.00439343 0.00278682 0.00362956 0.0127552 0.0282315 0.00994221 -0.0275934 0.0244221 -0.0122112 -0.00733994 -0.0136997 6.64605e-05 0.0273157 -0.0022482 -0.0119749 0.0156068
internal_weight=117593 108301 99376 70254.9 9291.79 47254.7 29121.1 10889 10577.5 6227.55 23000.3 13618.1 3007.43 18232.1 15855.5 14737.5 14486 8925.09 1372.71 7552.39 239.425 2261.47 12323.2 6978.07 4378.13 44840.6 3220.11 27372.6 7141.8 415.333
internal_count=557959 492409 454950 330165 65550 212439 124785 46100 44814 25723 117726 71615 12603 78685 68269 63599 62492 37459 5751 31708 1121 9555 65503 36173 23060 202205 13120 125116 44377 2266
is_linear=0
shrinkage=0.05


Tree=34
num_leaves=31
num_cat=0
split_feature=10 19 0 12 32 32 13 5 33 37 33 33 33 28 33 28 33 38 33 28 32 33 32 33 0 33 33 19 38 33
split_gain=1069.9 447.919 488.302 353.934 318.319 316.883 255.824 251.785 248.37 233.222 217.798 783.983 247.29 471.506 246.276 276.802 221.408 207.703 202.827 200.661 243.206 319.569 204.507 287.483 192.969 189.835 824.968 167.867 161.304 160.137
threshold=0.013639503327077824 0.37544851764067483 -0.039156626506024576 0.035714285714285733 3.5000000000000004 2.5000000000000004 0.0030303030303029149 -0.28813559322033877 -1603.4999999999998 -0.030715703868391283 -2067.4999999999995 -1773.9999999999998 -1687.4999999999998 -0.058498348985765246 -2585.4999999999995 0.13479897814159514 -2546.4999999999995 -0.083008614477553963 -2514.4999999999995 -0.10753863183609828 4.5000000000000009 -2786.9999999999995 11.500000000000002 -2756.4999999999995 0.072463768115944696 -2698.4999999999995 -3029.4999999999995 0.27125019632932218 -0.064020965930436144 -2634.9999999999995
decision_type=8 10 10 10 2 2 10 8 2 10 2 2 2 10 2 10 2 10 2 8 2 2 2 2 10 2 2 10 10 2
left_child=3 2 -2 -1 5 17 24 -8 25 -10 14 -12 -13 -14 19 16 -16 -4 28 -9 29 -22 -23 -24 -6 26 -7 -5 -18 -21
right_child=1 -3 4 27 6 8 7 10 9 -11 11 12 13 -15 15 -17 18 -19 -20 20 21 22 23 -25 -26 -27 -28 -29 -30 -31
leaf_value=-0.037944601119323462 0.016345961378210833 0.0067561220038245247 0.01417907664139241 -0.015850759937413608 -0.022187609097010286 -0.018548870648069201 0.018962647215976233 0.020343893657645933 0.03978307754262398 -0.010738162620039319 0.025272011971964749 -0.015484436355680807 0.042225512626606759 -0.001441842147366921 -0.039895151037479183 0.016181193352474085 0.052544368263143959 -0.0050694641007212014 -0.013999038677123857 -0.015786494901050548 -0.00022383959482015324 0.008267390584922955 0.026265259661458259 0.10633160722601616 0.070388428079987742 -0.034015954885138248 0.1199449724037835 -0.0016885679205697109 -0.0036120479684701627 0.037839773131613963
leaf_weight=1442.3425801619887 4057.7668891102076 28909.219844020903 1614.2630196586251 6658.3556102588773 1597.2324064821005 3154.2213812917471 1888.5860838145018 1202.7810455262661 339.94625697284937 696.3868390545249 3744.0207463800907 2451.8641876280308 689.90337064862251 5946.0302600115538 735.24691784381866 857.51148435473442 211.45557337999344 10632.190544344485 4453.6210310012102 3113.6621274799109 26082.746370345354 870.76982094347477 449.81824113428593 149.33079719543457 58.346029236912727 1809.7751112803817 111.32154355943203 3051.2535407096148 323.51800860464573 145.72755968570709
leaf_count=16578 17146 125138 7127 42343 10440 16069 7747 5311 1601 3589 15595 10989 3035 27263 3514 3518 914 50936 20174 14816 118420 3930 1931 631 250 8860 552 17524 1519 662
internal_value=-0.000100003 0.00144572 -0.000538043 -0.0148334 -0.00147233 -0.00717288 0.000431388 0.00103244 -0.0164718 0.00583422 0.000373992 0.00601719 -0.00191547 0.00309802 -0.00150217 -0.0103112 -0.0142801 -0.00253222 -0.0105048 0.000308718 -0.000473376 0.00105448 0.0237375 0.0462208 -0.018925 -0.0210265 -0.0138277 -0.0114003 0.0185845 -0.0133889
internal_weight=117449 106297 77388 11152 73330.3 18358.1 54972.2 53316.6 6111.65 1036.33 51428 12831.8 9087.8 6635.93 38596.2 6581.35 5723.84 12246.5 4988.59 32014.8 30812.1 27552.7 1469.92 599.149 1655.58 5075.32 3265.54 9709.61 534.974 3259.39
internal_count=558122 481677 356539 76445 339393 88734 250659 239969 30671 5190 232222 56882 41287 30298 175340 29639 26121 58063 22607 145701 140390 124912 6492 2562 10690 25481 16621 59867 2433 15478
is_linear=0
shrinkage=0.05


Tree=35
num_leaves=31
num_cat=0
split_feature=12 5 8 33 13 33 0 43 33 33 33 33 28 33 33 33 33 32 43 37 37 12 33 33 33 6 33 33 33 33
split_gain=842.967 552.081 691.711 295.549 295.031 286.872 244.205 232.174 460.187 446.72 456.221 324.34 345.107 268.57 228.142 330.493 253.23 253.023 192.238 171.43 167.687 159.877 159.163 254.759 252.833 168.078 158.652 155.992 195.886 155.041
threshold=1.0000000180025095e-35 -0.1343283582089552 0.16883116883116892 -4865.4999999999991 0.022900667859460964 -4287.4999999999991 0.083333333333333384 1.5000000000000002 -2368.4999999999995 -2303.4999999999995 -1577.4999999999998 -2163.4999999999995 -0.067908247876525787 -4823.4999999999991 -2514.4999999999995 -4082.4999999999995 -4065.4999999999995 7.5000000000000009 2.5000000000000004 -0.0039447731755705697 -0.072094823607914402 0.58571428571428663 -1636.4999999999998 -1660.4999999999998 -1235.4999999999998 50.267113601374611 -4328.4999999999991 -2163.4999999999995 -2177.4999999999995 -4803.4999999999991
decision_type=8 8 8 2 10 2 8 2 2 2 2 2 10 2 2 2 2 2 2 10 10 10 2 2 2 10 2 2 2 2
left_child=27 7 4 -4 5 26 20 9 14 13 -11 -10 -13 -2 15 17 -17 -9 -7 -20 -5 -21 23 -14 -24 -25 -3 28 -1 -15
right_child=1 2 3 6 -6 18 -8 8 11 10 -12 12 22 29 -16 16 -18 -19 19 21 -22 -23 24 25 -26 -27 -28 -29 -30 -31
leaf_value=-0.020208860239419993 0.0081996763367126468 0.004878191182880031 -0.013122384499348881 0.017580606832483376 -0.002384112592905531 -0.019393659249421283 0.02347162594426461 -0.016973081811253069 0.045176613680601004 -0.044718373088906825 0.07128726901995 0.0396188348205515 0.0066926784356001945 0.075883525996476325 -0.015780997090527674 0.065468952113338502 0.0074001997582905212 0.011182535575543204 -0.014809224138386385 0.01268125823270738 0.0031915471663182381 -0.007417229464391108 -0.012514023904121757 0.07738091207499484 0.035789746259233417 0.014139263054268115 0.071926526197456722 -0.037971789258684385 0.067232747314060856 0.034654725160579145
leaf_weight=351.87109735608101 940.78764581680298 1773.6129210069776 2391.0925932824612 2162.4305476248264 37176.475272148848 6148.0660398826003 1710.1649057120085 2792.0243858844042 879.41492959856987 421.77911175042391 106.06674465537071 935.7767683044076 1690.9018385112286 278.34016552567482 1867.0679569244385 192.3227453827858 7888.8225253969431 1117.2380662560463 4604.6252415925264 1434.8160861358047 31803.747671432793 3187.7762679979205 1614.7605525702238 241.71989227831364 325.51075588911772 185.83275406062603 92.847433090209961 1712.5146298408508 78.300651028752327 1261.4793546944857
leaf_count=1929 3969 8989 11968 9008 173463 38261 6973 12499 3773 2060 446 3974 7163 1134 7988 784 34516 4751 26175 8151 136825 18151 7440 1020 1623 789 440 18645 328 5216
internal_value=-0.000136407 0.00044143 -0.00127471 0.00389529 -0.00489131 -0.0102973 0.00503584 0.00742119 0.00544842 0.0203599 -0.0214079 0.0171768 0.0122466 0.0292476 0.000477008 0.0030086 0.00878217 -0.00892642 -0.0125444 -0.00798075 0.00410762 -0.00117882 0.00593573 0.0154116 -0.00441031 0.0498934 0.00821352 -0.0312103 -0.00429258 0.0421073
internal_weight=117368 115226 92485.7 38067.4 54418.2 17241.7 35676.3 22739.8 19731.4 3008.45 527.846 5873.92 4994.5 2480.61 13857.5 11990.4 8081.15 3909.26 15375.3 9227.22 33966.2 4622.59 4058.73 2118.45 1940.27 427.553 1866.46 2142.69 430.172 1539.82
internal_count=558451 537549 438404 164774 273630 100167 152806 99145 86320 12825 2506 25782 22009 10319 60538 52550 35300 17250 90738 52477 145833 26302 18035 8972 9063 1809 9429 20902 2257 6350
is_linear=0
shrinkage=0.05


Tree=36
num_leaves=31
num_cat=0
split_feature=10 37 37 5 13 32 36 33 28 33 33 32 28 28 32 10 34 33 33 2 33 33 33 32 33 33 33 33 5 34
split_gain=880.604 484.781 531.775 411.408 244.852 226.684 209.714 209.491 242.461 194.351 302.641 218.938 168.407 154.551 177.894 152.995 147.527 187.142 140.359 136.69 129.182 199.79 296.034 128.284 126.382 444.202 252.487 142.65 132.122 123.579
threshold=0.010610208614244715 -0.063379699011592336 0.012999412072377982 -0.10185185185185168 0.0009900990099009719 4.5000000000000009 0.99960845732184855 -1687.4999999999998 -0.074024713731101824 -4530.4999999999991 -4100.4999999999991 7.5000000000000009 0.048538641140230855 -0.033727242758563362 9.5000000000000018 0.0072863478994696406 3.2484327419143733 -4746.4999999999991 -1918.4999999999998 -0.062500000000000042 -4965.4999999999991 -4287.4999999999991 -4347.4999999999991 7.5000000000000009 -1773.9999999999998 -1933.4999999999998 -1209.4999999999998 -1135.4999999999998 0.29807692307692263 4.2492090180449527
decision_type=8 8 8 8 10 2 2 2 10 2 2 2 10 10 2 10 2 2 2 10 2 2 2 2 2 2 2 2 10 2
left_child=15 7 3 9 -5 18 24 19 -9 13 11 -11 20 14 -3 -1 -14 -18 -6 -2 -7 22 23 -22 25 -4 -26 -28 -27 -23
right_child=1 2 6 4 5 12 -8 8 -10 10 -12 -13 16 -15 -16 -17 17 -19 -20 -21 21 29 -24 -25 26 28 27 -29 -30 -31
leaf_value=-0.031468009753218978 0.012807548701016245 -0.016385444386613348 0.0027082196183463299 -0.029256239714281169 -0.01327087046002386 -0.034470856579837762 0.020667798994122456 0.06029529652276272 0.015175596217614216 -0.021445389805192047 0.004287236171101598 0.015710033162000026 0.014966486158618215 0.032525624546510153 0.052524029742795179 -0.013367406991720713 0.045749294925156836 -0.0034909250361378746 0.00013715101285012051 0.0023945349169795082 -0.012796330965816005 -0.0037913983034165801 0.047456917055309432 0.011427277390449068 -0.0075015517645217874 0.031503621816149713 0.038553809915066177 -0.0065239290308868846 0.0092645356694620543 -0.013199933280510449
leaf_weight=2017.3672996535897 6089.4477908313274 420.12407802045345 29184.465914979577 1116.3097729757428 10827.050425104797 367.2789498269558 1826.1917895823717 402.43477979302406 1144.5992579981685 2084.5866889804602 13883.825050584972 489.59383602440357 2134.3145571351051 940.32941633462906 120.52632950246334 2770.956072576344 202.61874158680439 4048.8340943604708 2381.1420428752899 6532.3054469898343 952.65323217213154 11938.231051176786 407.15879037976265 1282.1584198772907 5075.5885595604777 1814.6282589733601 511.24687685072422 267.24598422646523 1056.7957215756178 4931.9864544421434
leaf_count=21204 25615 1837 127931 8828 55812 1867 7770 1715 4907 9902 64097 2173 9371 3960 524 19016 847 18102 12196 28391 4456 58220 1831 5839 22499 7491 2166 1134 4261 24668
internal_value=6.29737e-06 0.000900631 -0.000346069 -0.00337677 -0.00616361 -0.00551055 0.00411795 0.00954687 0.0269127 0.0029289 0.00136772 -0.0143786 -0.0028236 0.0202781 -0.00102357 -0.0209934 0.00424047 -0.0011442 -0.0108537 0.00741836 -0.00509276 -0.00453977 0.00824522 0.00110126 0.00332072 0.00455442 -0.00343483 0.0230792 0.0233188 -0.00654197
internal_weight=117222 112434 98264.9 58528.7 40589.7 39473.4 39736.2 14168.8 1547.03 17939 16458 2574.18 26265.2 1480.98 540.65 4788.32 6385.77 4251.45 13208.2 12621.8 19879.5 19512.2 2641.97 2234.81 37910 32055.9 5854.08 778.493 2871.42 16870.2
internal_count=558630 518410 457782 284530 202037 193209 173252 60628 6622 82493 76172 12075 125201 6321 2361 40220 28320 18949 68008 54006 96881 95014 12126 10295 165482 139683 25799 3300 11752 82888
is_linear=0
shrinkage=0.05


Tree=37
num_leaves=31
num_cat=0
split_feature=10 5 38 10 43 32 1 43 5 2 34 19 8 3 12 37 19 43 11 32 32 11 36 2 28 5 43 11 10 32
split_gain=792.772 410.107 439.162 259.574 228.91 206.683 201.45 187.917 178.859 174.487 173.145 155.765 166.196 131.495 128.85 127.822 153.738 129.84 125.559 122.703 164.777 118.249 112.19 103.435 100.412 100.161 99.0029 140.199 104.349 89.6816
threshold=0.011302393568678919 -0.16438356164383491 0.063274356581835237 0.020654640292124469 3.5000000000000004 4.5000000000000009 0.086666666666665906 1.5000000000000002 -0.06361323155216235 0.003003447609819299 3.1505946914676559 -0.86461806812374109 0.091156518003939993 -0.04761904761904983 1.4285714285714299 -0.052838631202171353 -0.10263102822019744 1.0000000180025095e-35 0.37399786333184254 3.5000000000000004 6.5000000000000009 3.4665870479835319e-07 0.99960845732184855 -0.10486606787108819 0.062279000433845814 -0.28813559322033877 3.5000000000000004 1.1596041217004915 0.033681391749978647 10.500000000000002
decision_type=8 8 8 10 2 2 10 2 10 10 2 10 10 10 10 10 10 2 8 2 2 10 2 8 10 10 2 10 10 2
left_child=8 7 3 4 13 -6 23 11 -1 24 -7 12 -2 18 21 17 29 19 -3 -5 -21 -15 -8 -4 -10 -9 27 -19 -28 -17
right_child=1 2 6 15 5 10 22 25 9 -11 -12 -13 -14 14 -16 16 -18 26 -20 20 -22 -23 -24 -25 -26 -27 28 -29 -30 -31
leaf_value=-0.00083638647106388695 0.015665334471103725 0.10785053488753814 0.023059135656000301 -0.048105683745462993 -0.012635295024237931 0.011505707748779813 0.011088931651333636 0.014145651606901399 -0.032396738536584833 -0.0079583184613357776 -0.0027256696664759296 0.027789246382464286 -0.045877325085777007 -0.042482303964455972 -0.0067702557050486238 -0.005940772375582784 0.0028464156383875374 0.01552850669562213 -0.0024124777308329988 0.044379035724246139 -0.027700609191114445 -0.016168742054585065 0.032548610219489488 0.0024050486114651597 -0.0040993790546363712 0.0037865732607142242 -0.0084635188965394969 -0.0041179318709838268 0.010289032093596055 0.0026988405502524678
leaf_weight=1169.9170579910278 355.86179019510746 26.06431770324707 623.28450088202953 212.19348552823067 3290.4224616661668 3149.3354422077537 3773.0478619337082 2915.5283347070217 2809.5364729613066 1385.0887481197715 6650.551270455122 1854.5033082291484 158.58779618889093 459.68106149882078 4174.5133723542094 16014.420517869294 12062.281628221273 3967.726049169898 2736.7956819161773 130.40654945373535 202.27419130504131 5996.5935063585639 726.27414198219776 22080.223753891885 352.87285984307528 11687.489855155349 1718.3392635732889 1177.5634894892573 1305.38755646348 3697.1282410696149
leaf_count=7841 1494 157 2603 1023 17654 15367 15537 12015 26967 8973 33349 7734 802 3359 22320 75634 52624 17128 13934 540 846 33103 2976 95497 2673 50670 7630 5075 5393 16700
internal_value=-0.000114542 0.000819478 -0.000469871 -0.00264596 -0.00649476 -0.00179273 0.00488753 0.00797385 -0.0182719 -0.0227574 0.00184779 0.0210365 -0.00330623 -0.0110903 -0.0136159 -0.000128375 -0.00159961 0.00523626 -0.00137228 -0.018396 0.00055368 -0.0180422 0.0145529 0.00297207 -0.0292392 0.00585479 0.00681254 0.0110322 -0.000367765 -0.00432031
internal_weight=116864 111146 94174.5 66971.7 26484 13090.3 27202.8 16972 5717.42 4547.5 9799.89 2368.95 514.45 13393.6 10630.8 40487.7 31773.8 8713.89 2762.86 544.874 332.681 6456.27 4499.32 22703.5 3162.41 14603 8169.02 5145.29 3023.73 19711.5
internal_count=557618 511164 438449 321836 139243 66370 116613 72715 46454 38613 48716 10030 2296 72873 58782 182593 144958 37635 14091 2409 1386 36462 18513 98100 29640 62685 35226 22203 13023 92334
is_linear=0
shrinkage=0.05


Tree=38
num_leaves=31
num_cat=0
split_feature=10 10 20 0 3 1 0 32 1 32 33 35 33 33 33 33 33 33 12 33 33 7 20 0 11 33 33 43 43 20
split_gain=774.589 457.809 346.089 217.668 229.101 195.762 194.01 182.863 146.951 132.251 125.303 120.124 119.791 246.988 162.87 198.846 203.339 142.134 135.508 114.163 173.503 111.305 108.7 93.3729 98.4839 93.2722 209.334 92.9762 92.5797 92.1614
threshold=0.0091343642455318161 0.023948555133159456 0.510040368819903 0.0035714285714287812 -0.063583815028901577 -0.07026416097691239 0.00070077093396636602 3.5000000000000004 -0.0293655104272556 1.5000000000000002 -1933.4999999999998 -0.012195121951309782 -4219.4999999999991 -4922.4999999999991 -3844.4999999999995 -3453.4999999999995 -2756.4999999999995 -3481.4999999999995 1.0142857142857153 -1918.4999999999998 -1760.4999999999998 -0.10411445148673242 0.83121011071122874 0.083333333333333384 0.45522853221299969 -2725.4999999999995 -2772.4999999999995 2.5000000000000004 5.5000000000000009 0.10954973224357843
decision_type=8 10 8 8 8 10 10 2 10 2 2 10 2 2 2 2 2 2 10 2 2 10 10 10 10 2 2 2 2 10
left_child=21 2 8 4 10 22 11 9 -2 12 -4 -7 13 -6 -14 17 -17 -16 -19 25 -21 -1 -3 24 -8 26 -5 -22 -28 -13
right_child=1 5 3 19 7 6 23 -9 -10 -11 -12 29 14 -15 15 16 -18 18 -20 20 27 -23 -24 -25 -26 -27 28 -29 -30 -31
leaf_value=0.0038643640133922542 0.0062707796461708839 0.024359064827659791 0.0029185578522705137 0.0023712516088697649 -0.028118452096416266 0.0086833225251828731 0.027044465654955503 -0.0030008050394616757 -0.015670257388699024 -0.01832444700433469 0.024470706392578378 -0.022914160427576505 -0.047792987950317473 0.047421018608936397 0.0037423890643138121 -0.042273375737855778 -1.9570127066849627e-05 0.12436793313616096 0.028466109368687539 0.03415300751777401 0.016635513598219961 -0.027934570976589457 0.00752121548470705 0.017190122278130032 0.0049664488520338237 -0.0073282191943218862 0.081506191265355479 -0.0024566723301766287 0.01852553943242817 -0.00041642254269041605
leaf_weight=305.58118626475334 871.35301297903061 1643.070185571909 3668.5827740728855 11510.607477083802 172.22849382460117 3809.6888492703438 517.51679421961308 20394.803498581052 6144.3921364024282 3964.3958069980145 826.30768197029829 463.21647235006094 236.95108710229397 291.11725561320782 261.5407282859087 412.0473165512085 921.46743419021368 58.285991311073303 100.08142426609993 686.68390290439129 1132.5825507491827 2766.7544678598642 2300.606895595789 1853.4714281409979 21067.848322033882 2492.08693074435 117.38747300207615 1459.3117985799909 116.02073080837727 26334.983696915209
leaf_count=2135 4292 6764 16786 55010 912 16330 2235 101414 35716 21923 3721 3313 1305 1279 1323 2348 4663 258 448 2956 5440 27603 9495 7577 89447 12045 542 6935 498 113825
internal_value=1.75976e-06 0.00067042 -0.00256104 -0.00106885 -0.00356592 0.00378195 0.00299722 -0.00531716 -0.0129452 -0.0126778 0.00688055 0.000375722 -0.00355475 0.0193425 -0.00888508 -0.00362721 -0.0130757 0.0263787 0.0637621 0.00339472 0.0118064 -0.0247718 0.0145364 0.00642053 0.00549578 0.0014575 0.00332184 0.00588606 0.0502003 -0.000805304
internal_weight=116901 113829 55838.2 48822.5 31307.8 57990.4 54046.7 26812.9 7015.75 6418.12 4494.89 30607.9 2453.72 463.346 1990.37 1753.42 1333.51 419.908 158.367 17514.7 3278.58 3072.34 3943.68 23438.8 21585.4 14236.1 11744 2591.89 233.408 26798.2
internal_count=558538 528800 279814 239806 156380 248986 232727 135873 40008 34459 20507 133468 12536 2191 10345 9040 7011 2029 706 83426 15331 29738 16259 99259 91682 68095 56050 12375 1040 117138
is_linear=0
shrinkage=0.05


Tree=39
num_leaves=31
num_cat=0
split_feature=13 10 25 19 4 19 0 28 32 0 34 8 43 43 32 34 28 4 37 3 37 32 43 37 32 43 28 28 10 26
split_gain=710.679 441.507 269.832 254.403 230.97 214.983 199.165 165.156 157.965 138.124 116.501 116.331 113.78 113.02 111.561 135.646 137.08 102.844 97.9708 93.9209 90.7011 90.3301 119.997 86.9748 98.0796 257.982 99.8923 79.0854 75.4158 107.501
threshold=1.1796119636642291e-17 0.019243115208424814 0.3057233848953595 -0.57824589750848243 -1.0000000180025095e-35 -0.24514068905084249 -0.040540540540540619 -0.15362000757112065 10.500000000000002 0.083333333333333384 2.7986345156290233 0.28276650546677901 1.5000000000000002 2.5000000000000004 5.5000000000000009 3.0492730495215876 0.068816240265324194 -0.075052948788558491 -1.6153745008296025e-14 -0.10571811737658852 -0.021739130434826944 8.5000000000000018 5.5000000000000009 -0.057162848867458864 3.5000000000000004 1.5000000000000002 -0.10460382673071005 0.030009369051748662 0.031679259091226743 0.69820333512641219
decision_type=8 8 10 10 8 10 10 8 2 10 2 8 2 2 2 2 10 10 10 10 10 2 2 10 2 2 10 10 10 10
left_child=2 5 4 6 -1 12 -3 -5 11 19 27 23 -2 20 17 16 -16 -14 -6 -9 -10 -13 -23 24 25 -8 -26 -7 29 -21
right_child=1 3 -4 7 18 10 8 9 13 -11 -12 21 14 -15 15 -17 -18 -19 -20 28 -22 22 -24 -25 26 -27 -28 -29 -30 -31
leaf_value=-0.014319336281553845 0.0093745127920063336 0.016503553518801947 -0.033504246915470132 0.031249940366405517 0.066661208837472771 0.0041138980495698469 -0.045318733631049914 0.012740533699064289 0.0052926935727870082 0.01753940320225944 -0.0021412609419046796 0.0065143864528807577 -0.0023774545395173845 0.013258666572411711 0.00052755043637195236 -0.0095953349620942902 0.040834903398513089 -0.018138779498496762 -0.011162498490388029 0.0040193860756118421 -0.012802222763786337 -0.0085659371872046867 0.068739396640912984 -0.0081358212801601101 0.024519393613601743 0.0015431332544170358 0.00091146014162054006 0.024242957155568613 0.006350837767250074 -0.002049623660612837
leaf_weight=763.30069278180599 828.92384914308786 1524.9597259759903 2136.0647604763508 577.53355701267719 148.89571268111467 1702.235174074769 391.94333648681641 2811.9436899423599 1990.2572024911642 1916.2496771067381 12911.569521710277 3955.6108912676573 1315.9530962333083 2549.0475006401539 1857.8875539898872 6249.7940890043974 237.94831077009439 4847.4723866656423 55.51918039470911 22121.404135383666 1062.1005361750722 1932.8253373354673 51.537117123603821 12483.182133741677 549.10143975913525 1171.579157307744 2435.5586404502392 684.05943641811609 14430.360345579684 10887.823129862547
leaf_count=5933 4366 6464 22302 2473 715 8685 1832 11660 8807 7830 66495 17123 6657 10920 9888 34832 1091 29077 436 99019 4874 8789 210 58803 2308 5196 10427 3092 59931 47361
internal_value=2.35122e-05 0.000669133 -0.0235814 0.0025657 -0.00167831 -0.00445941 -0.00110229 0.00465874 -0.00204194 0.00436436 -0.000265435 -0.00387776 -0.00864242 0.00548676 -0.00967175 -0.00590395 0.0051038 -0.0147736 0.0455243 0.00386195 -0.00100363 0.00214724 -0.00655819 -0.00597908 -5.95675e-05 -0.0102042 0.00525472 0.00988413 0.00333568 0.00201757
internal_weight=116583 113479 3103.78 82843 967.716 30635.8 30097.7 52745.3 28572.7 52167.8 15297.9 22971.3 15338 5601.41 14509.1 8345.63 2095.84 6163.43 204.415 50251.5 3052.36 5939.97 1984.36 17031.4 4548.18 1563.52 2984.66 2386.29 47439.6 33009.2
internal_count=557596 528210 29386 364027 7084 164183 135753 228274 129289 225801 78272 104688 85911 24601 81545 45811 10979 35734 1151 217971 13681 26122 8999 78566 19763 7028 12735 11777 206311 146380
is_linear=0
shrinkage=0.05


Tree=40
num_leaves=31
num_cat=0
split_feature=10 5 38 10 5 7 43 33 33 33 33 33 33 32 33 33 33 33 33 28 33 33 33 33 32 33 32 28 26 33
split_gain=672.611 389.601 404.03 331.273 269.948 180.181 177.016 311.531 327.04 291.837 171.526 221.837 453.68 219.473 166.85 158.314 174.251 248.55 217.011 215.563 155.13 143.796 196.181 366.213 144.802 141.429 139.407 131.691 130.829 130.005
threshold=0.0094678124731847422 -0.16438356164383491 0.028373033064003631 0.028218675730208649 -0.067883719563882158 -0.019026440499473437 1.5000000000000002 -2303.4999999999995 -1589.4999999999998 -4082.4999999999995 -4842.4999999999991 -4287.4999999999991 -4328.4999999999991 1.5000000000000002 -4823.4999999999991 -4065.4999999999995 -2368.4999999999995 -2514.4999999999995 -1636.4999999999998 -0.078500231742700391 -1183.4999999999998 -3893.4999999999995 -3407.4999999999995 -3543.4999999999995 6.5000000000000009 -2455.4999999999995 6.5000000000000009 0.12744617863146296 0.65947883367238214 -3438.4999999999995
decision_type=8 8 8 10 8 10 2 2 2 2 2 2 2 2 2 2 2 2 2 10 2 2 2 2 2 2 2 10 10 2
left_child=-1 6 3 4 20 -4 7 14 -9 26 -6 12 13 -12 -2 -11 17 -17 -18 -20 28 -13 23 24 -23 -19 -8 -24 -3 -25
right_child=1 2 5 -5 10 -7 9 8 -10 15 11 21 -14 -15 -16 16 18 25 19 -21 -22 22 27 29 -26 -27 -28 -29 -30 -31
leaf_value=-0.022276329000377904 0.0095501414613025758 0.0012921927141945821 0.0012840100197569375 0.0028239480030774742 -0.03063452327621205 0.0090187375597153129 -0.016443670955390042 -0.044111688164098752 0.061290244863559877 0.062660377125140429 0.056502774290201424 -0.020453179750210281 0.060379391371935869 -0.0058779256398856115 0.039952328063871251 0.008487353738072894 0.024236328423548503 -0.032972019012549807 0.050341047023069567 -0.0061956158276408957 0.055172009582165442 -0.017764285160267776 -0.011308455872773812 0.039486070241728149 0.0048868975390489334 -0.0018869131234688211 0.0063406074185297966 0.016322369962511275 -0.010912225193324715 -0.0016122284020072151
leaf_weight=3303.4528502374887 715.97599487006664 12659.537955567241 28205.520772241056 16114.367109194398 862.37134865671396 10271.262621678412 1924.1586034446955 312.77172843366861 96.239089846611023 136.30327087640762 150.22150631248951 2688.2329289317131 330.30080315470695 2297.0856888145208 1220.7481774836779 5613.3792600780725 2913.6288233175874 607.99529704451561 193.02352574467659 1332.3969669938087 124.68964130431414 1491.059009090066 15655.805891185999 715.57249993085861 1339.3180521503091 918.97117877006531 1031.1242405921221 443.44370744377375 2656.7096296697855 263.19615027308464
leaf_count=31943 2961 63598 123981 69681 4700 44117 8513 1567 403 550 645 13775 1427 11246 5019 24006 12321 2603 801 6002 720 8117 85133 3462 6857 3853 4388 2038 12456 1436
internal_value=-3.67523e-05 0.000611764 -0.000621024 -0.00326404 -0.00561793 0.00334877 0.00758602 0.0203395 -0.0193109 0.00554687 -0.00870496 -0.00795966 0.00537484 -0.00204885 0.0287131 0.00908869 0.00845809 0.00362194 0.0162372 0.000958416 -0.00037256 -0.00959876 -0.00813308 0.00207089 -0.00704588 -0.0142641 -0.00849404 -0.0105474 -0.000824748 0.0284345
internal_weight=116589 113285 96268.7 57791.9 41677.5 38476.8 17016.7 2345.73 409.011 14671 26236.6 25374.2 2777.61 2447.31 1936.72 11715.7 11579.4 7140.35 4439.05 1525.42 15440.9 22596.6 19908.4 3809.15 2830.38 1526.97 2955.28 16099.2 15316.2 978.769
internal_count=558319 526376 453389 285291 215610 168098 72987 9950 1970 63037 138836 134136 13318 11891 7980 50136 49586 30462 19124 6803 76774 120818 107043 19872 14974 6456 12901 87171 76054 4898
is_linear=0
shrinkage=0.05


Tree=41
num_leaves=31
num_cat=0
split_feature=10 19 37 5 32 0 7 13 13 13 43 0 11 43 32 43 28 12 10 32 32 32 43 43 5 34 32 7 32 43
split_gain=611.248 331.411 265.223 222.339 196.378 176.672 176.18 160.291 159.427 154.284 148.941 127.448 126.744 147.669 119.373 133.749 115.221 136.122 108.908 125.737 106.916 256.614 118.858 101.078 110.361 100.974 99.4376 99.2598 88.9733 119.44
threshold=0.011302393568678919 -0.49831208890681572 -0.052838631202171353 -0.19374999999999989 4.5000000000000009 0.067927319234211928 -0.10411445148673242 0.0009900990099009719 0.0084841814979985091 0.010015823777757891 1.5000000000000002 -0.037885985704260099 1.1166877060633251 3.5000000000000004 3.5000000000000004 1.5000000000000002 0.048538641140230855 0.52142857142857046 0.021220655428485655 3.5000000000000004 10.500000000000002 9.5000000000000018 2.5000000000000004 3.5000000000000004 -0.021945832234211534 2.847807942661571 9.5000000000000018 -0.02850048613589656 11.500000000000002 2.5000000000000004
decision_type=8 8 10 8 2 8 10 10 10 10 2 10 10 2 2 2 10 10 10 2 2 2 2 2 8 2 2 8 2 2
left_child=6 2 11 10 -4 7 -1 23 -8 -6 -3 -2 13 -13 15 -14 18 -18 19 -9 21 27 -22 -5 -25 -24 -19 -11 -28 -30
right_child=1 3 4 5 9 -7 8 16 -10 20 -12 12 14 -15 -16 -17 17 26 -20 -21 22 -23 25 24 -26 -27 28 -29 29 -31
leaf_value=0.004937862428680731 0.019817156273415158 0.029283613416574084 -0.01036637295237551 -0.028223584854116392 -0.019721348619268032 0.013821032549896112 -0.032619214284690605 -0.01035185227734739 -0.01317705055610764 -0.0014384054803973161 0.0085658641228609656 0.01104595438708867 -0.045237104636756717 -0.0053937640381597554 0.0002930818530592484 -0.0050153166996677791 0.01657620324408085 0.0053233970488385804 0.0026797213996435864 -0.00026433024996875973 -0.0028072834333559694 -0.017347732348085256 0.029854148011915778 0.044967489417376334 -0.027838125503678049 0.0070122650288908274 -0.01250878564168327 0.016706188304978654 -0.02465202808106658 0.011171946161797567
leaf_weight=839.86573471873999 1191.6975308060646 1010.5258736461401 10348.954053252935 707.7699371650815 1170.1894300580025 3085.9753548651934 1617.6555996835232 4107.3902190700173 3028.3371424302459 12119.370255216956 6129.1120970398188 4698.7126805186272 359.11935476958752 1925.8312029838562 2013.9451506361365 486.92719489336014 2250.9670024216175 13769.84296797961 20605.84417039156 12460.31352045387 2728.021410048008 2665.9159735292196 605.23717240989208 112.62909136712551 96.773652963340282 2411.7593589425087 1655.5480904728174 803.72129620611668 287.89224572479725 1213.0324055701494
leaf_count=5442 4977 4160 53339 5148 8099 12766 20273 21938 20812 56261 25739 20732 1749 8475 8679 2224 9643 58637 90281 61792 12781 12857 2668 596 612 10859 7022 3629 1257 5090
internal_value=0.000155564 0.000960599 -0.00244103 0.00315445 -0.0046659 0.00216742 -0.0161368 0.00153944 -0.0199465 -0.00204443 0.0114982 0.00440539 0.00246896 0.00626674 -0.00632777 -0.0220882 0.00187692 0.00502473 0.000253008 -0.00276518 -0.00107484 -0.00322362 0.00475584 -0.019195 0.011321 0.0115946 0.00348855 -0.000309945 -0.00451583 0.00430055
internal_weight=116509 111023 43529.4 67493.6 32853.2 60354 5485.86 57268 4645.99 22504.2 7139.64 10676.2 9484.54 6624.54 2859.99 846.047 56350.8 19177.3 37173.5 16567.7 21334 15589 5745.02 917.173 209.403 3017 16926.3 12923.1 3156.47 1500.92
internal_count=558537 512010 207329 304681 160493 274782 46527 262016 41085 107154 29899 46836 41859 29207 12652 3973 255660 81649 174011 83730 99055 72747 26308 6356 1208 13527 72006 59890 13369 6347
is_linear=0
shrinkage=0.05


Tree=42
num_leaves=31
num_cat=0
split_feature=13 5 38 25 7 4 28 38 11 7 36 32 34 25 2 5 9 2 34 36 34 25 32 8 8 32 8 32 32 13
split_gain=555.505 349.684 415.426 258.121 221.339 188.558 181.045 158.347 162.132 136.845 116.462 110.292 151.046 106.291 105.758 97.846 96.7793 96.6797 91.2109 86.4886 76.5301 77.3517 75.1464 96.1634 72.2566 69.5865 68.1836 68.1882 144.375 72.9673
threshold=1.1796119636642291e-17 -0.1343283582089552 0.028373033064003631 0.3057233848953595 -0.14285714285714282 -1.0000000180025095e-35 0.0005465413477202365 -0.1760899115792163 0.39908154381015398 -0.0166960394720948 0.99960845732184855 4.5000000000000009 3.1505946914676559 0.069872707147375104 -0.057750759878419426 -0.019349324467925585 0.010014807495308727 -0.095890410958903979 7.0415428878236961 0.26315789473684253 3.0118508989681732 0.6370706775406515 1.5000000000000002 0.016666666666666722 0.070112668602025821 6.5000000000000009 0.17513629572461833 2.5000000000000004 3.5000000000000004 0.025812795350675152
decision_type=8 8 8 10 8 8 10 10 10 10 2 2 2 10 10 10 10 8 2 2 2 10 2 10 10 2 10 2 2 10
left_child=3 7 4 5 14 -1 16 13 -9 17 20 22 -13 -2 -3 -7 -6 -4 -14 -10 21 -11 23 -8 -15 -18 27 29 -29 -16
right_child=1 2 9 -5 6 15 11 8 19 10 -12 12 18 24 26 -17 25 -19 -20 -21 -22 -23 -24 -25 -26 -27 -28 28 -30 -31
leaf_value=-0.011479753490473539 0.0088349240070590557 0.0074840212850160225 0.01698022959480287 -0.031370108467490124 -0.019242702208419775 0.065177891249511344 -0.032817365039991518 0.034193639031054789 0.00020934016684001061 0.039888693373785644 0.026515346216161764 0.0088403068146059981 -0.002616820323551984 0.034225703273134372 -0.0082603802314937438 -0.010317268499949359 -0.011841525352892079 0.00087531869709296835 -0.029537195767185914 0.006946450915675949 0.0043672709780276471 0.011394130427434503 -0.014236975136208602 0.0040418538308307226 -3.9103428649456799e-05 -0.0045831089966991952 0.0059808025662603653 -0.017664666378973782 -0.0020530380101427092 0.011619335016258578
leaf_weight=743.5478957593441 1518.613160893321 4095.7377429977059 964.54281625151634 2027.8772563040257 2458.8142076358199 143.95927548408508 202.6654112637043 452.97392381727695 8624.8003050237894 284.2551946491003 803.42535336315632 3419.8453693762422 7600.6333172768354 987.6423612087965 670.23920913785696 61.148784503340721 7051.2467296421528 27516.157643005252 328.23584341257811 10641.393124394119 7214.4939441233873 1469.0223231688142 2786.5392279550433 1394.7385694980621 182.24970598518848 6210.2142481282353 2614.8413617536426 1717.8938940018415 10736.186416596174 1482.6650096923113
leaf_count=5923 6242 17460 4032 22305 17300 647 1303 2015 37574 1231 3414 16493 38675 4071 3550 517 38164 121191 2166 46451 31310 6225 15373 7058 751 31380 11103 8880 49196 6737
internal_value=2.2874e-05 0.000582395 -0.000795031 -0.0212994 -0.00367093 0.000228035 -0.00633682 0.00617765 0.00462566 0.00317242 0.00827816 -0.00254488 5.70835e-05 0.0175609 0.000262449 0.0426705 -0.0101317 0.00142074 -0.00373126 0.00393048 0.00664429 0.0160139 -0.00928057 -0.000634539 0.0288878 -0.00844248 -0.001455 -0.00278611 -0.00420648 0.00543041
internal_weight=116407 113430 91022.4 2976.53 52770.5 948.656 31452.9 22407.7 19719.2 38251.9 9771.2 15732.7 11348.7 2688.51 21317.6 205.108 15720.3 28480.7 7928.87 19266.2 8967.77 1753.28 4383.94 1597.4 1169.89 13261.5 17221.8 14607 12454.1 2152.9
internal_count=558737 529345 432241 29392 264838 7087 167912 97104 86040 167403 42180 81068 57334 11064 96926 1164 86844 125223 40841 84025 38766 7456 23734 8361 4822 69544 79466 68363 58076 10287
is_linear=0
shrinkage=0.05


end of trees

feature_importances:
Column_33=368
Column_32=154
Column_10=83
Column_5=76
Column_28=65
Column_13=63
Column_43=62
Column_7=42
Column_38=42
Column_37=40
Column_19=37
Column_0=33
Column_3=25
Column_1=24
Column_20=23
Column_12=22
Column_4=20
Column_8=18
Column_9=18
Column_34=18
Column_2=17
Column_36=12
Column_11=8
Column_25=6
Column_29=5
Column_35=5
Column_26=3
Column_6=1

parameters:
[boosting: gbdt]
[objective: binary]
[metric: binary_logloss]
[tree_learner: serial]
[device_type: cpu]
[data_sample_strategy: bagging]
[data: ]
[valid: ]
[num_iterations: 500]
[learning_rate: 0.05]
[num_leaves: 31]
[num_threads: 1]
[seed: 42]
[deterministic: 0]
[force_col_wise: 0]
[force_row_wise: 0]
[histogram_pool_size: -1]
[max_depth: -1]
[min_data_in_leaf: 100]
[min_sum_hessian_in_leaf: 0.001]
[bagging_fraction: 0.8]
[pos_bagging_fraction: 1]
[neg_bagging_fraction: 1]
[bagging_freq: 1]
[bagging_seed: 400]
[bagging_by_query: 0]
[feature_fraction: 0.8]
[feature_fraction_bynode: 1]
[feature_fraction_seed: 30056]
[extra_trees: 0]
[extra_seed: 12879]
[early_stopping_round: 0]
[early_stopping_min_delta: 0]
[first_metric_only: 0]
[max_delta_step: 0]
[lambda_l1: 0]
[lambda_l2: 0]
[linear_lambda: 0]
[min_gain_to_split: 0]
[drop_rate: 0.1]
[max_drop: 50]
[skip_drop: 0.5]
[xgboost_dart_mode: 0]
[uniform_drop: 0]
[drop_seed: 17869]
[top_rate: 0.2]
[other_rate: 0.1]
[min_data_per_group: 100]
[max_cat_threshold: 32]
[cat_l2: 10]
[cat_smooth: 10]
[max_cat_to_onehot: 4]
[top_k: 20]
[monotone_constraints: ]
[monotone_constraints_method: basic]
[monotone_penalty: 0]
[feature_contri: ]
[forcedsplits_filename: ]
[refit_decay_rate: 0.9]
[cegb_tradeoff: 1]
[cegb_penalty_split: 0]
[cegb_penalty_feature_lazy: ]
[cegb_penalty_feature_coupled: ]
[path_smooth: 0]
[interaction_constraints: ]
[verbosity: -1]
[saved_feature_importance_type: 0]
[use_quantized_grad: 0]
[num_grad_quant_bins: 4]
[quant_train_renew_leaf: 0]
[stochastic_rounding: 1]
[linear_tree: 0]
[max_bin: 255]
[max_bin_by_feature: ]
[min_data_in_bin: 3]
[bin_construct_sample_cnt: 200000]
[data_random_seed: 175]
[is_enable_sparse: 1]
[enable_bundle: 1]
[use_missing: 1]
[zero_as_missing: 0]
[feature_pre_filter: 1]
[pre_partition: 0]
[two_round: 0]
[header: 0]
[label_column: ]
[weight_column: ]
[group_column: ]
[ignore_column: ]
[categorical_feature: ]
[forcedbins_filename: ]
[precise_float_parser: 0]
[parser_config_file: ]
[objective_seed: 16083]
[num_class: 1]
[is_unbalance: 0]
[scale_pos_weight: 1]
[sigmoid: 1]
[boost_from_average: 1]
[reg_sqrt: 0]
[alpha: 0.9]
[fair_c: 1]
[poisson_max_delta_step: 0.7]
[tweedie_variance_power: 1.5]
[lambdarank_truncation_level: 30]
[lambdarank_norm: 1]
[label_gain: ]
[lambdarank_position_bias_regularization: 0]
[eval_at: ]
[multi_error_top_k: 1]
[auc_mu_weights: ]
[num_machines: 1]
[local_listen_port: 12400]
[time_out: 120]
[machine_list_filename: ]
[machines: ]
[gpu_platform_id: -1]
[gpu_device_id: -1]
[gpu_use_dp: 0]
[num_gpu: 1]

end of parameters

pandas_categorical:null
