tree
version=v4
num_class=1
num_tree_per_iteration=1
label_index=0
max_feature_idx=43
objective=binary sigmoid:1
feature_names=Column_0 Column_1 Column_2 Column_3 Column_4 Column_5 Column_6 Column_7 Column_8 Column_9 Column_10 Column_11 Column_12 Column_13 Column_14 Column_15 Column_16 Column_17 Column_18 Column_19 Column_20 Column_21 Column_22 Column_23 Column_24 Column_25 Column_26 Column_27 Column_28 Column_29 Column_30 Column_31 Column_32 Column_33 Column_34 Column_35 Column_36 Column_37 Column_38 Column_39 Column_40 Column_41 Column_42 Column_43
feature_infos=[-0.12:0.12000000000000011] [-0.28091428571428478:0.4049280000000004] [-0.39330543933054385:0.63520000000000043] [-0.52631578947368429:1.5849624060150314] [-0.52463312368972748:6.2329545454545574] [-0.78388652584479956:9.0095036958817332] [0:99.999999998991115] [-0.92047999999999996:0] [0:8.958847736625513] [0:0.11425235081910329] [0:0.10750550575190457] [0:3445.3822046328423] [-2.5376526277146434e-16:496.55000000000007] [-4.2327252813834091e-17:0.27909186019549898] [0:21] none none [0:5] none [-2.7229370425488262:4.364357448056035] [7.3304783253464089e-06:4.1994884612742513] [-0.99999999999999889:1] [0:45.198273902114231] none none [0.0024509803921568627:1] [0.0026109660574412533:1] none [-0.35051546391752597:1.4627374711935675] [-1.246495190900494:5.5435411369415526] none [1:7] [1:12] [-5029:-848] [0.47000362924573563:8.4654576940081832] [-0.89746093750000022:8.9927378358748484] [0:1] [-0.89818879338964941:1.6901590030079339] [-0.89912170089584331:1.8016469745790546] [0:1] none none none [0:7]
tree_sizes=3550 3593 3583 3581 3600 3585 3587 3566 3586 3579 3587 3567 3572 3600 3584 3581 3583 3583 3586 3583 3578 3578 3558 3586 3599 3581 3589 3596 3592 3580 3587 3568 3588 3603 3555

Tree=0
num_leaves=31
num_cat=0
split_feature=10 10 13 13 20 38 28 3 19 13 13 19 19 7 0 7 4 12 28 7 28 28 0 4 28 3 32 0 32 36
split_gain=18773.3 6047.24 3532.67 1983.88 1319.72 1296.62 1009.62 1177.45 893.789 683.865 664.272 600.668 490.927 457.933 446.041 442.011 437.914 379.227 351.223 332.471 328.041 320.296 306.971 300.89 298.445 257.114 255.039 220.634 204.288 203.801
threshold=0.016162565628468597 0.027503236324342404 0.012124407530072358 0.034324410244902133 0.10972537454121337 -0.14381959389916968 0.12468495384483885 -0.12371442523305153 -0.11620636421516613 0.0058263612144551164 0.028382972473856308 0.1388794594003622 0.080481792431294497 -0.19997006884166416 0.089211452932709726 -0.29043510968743924 -0.097368421052632367 0.035714285714285733 0.054740668355711404 -0.29043510968743924 0.062536595976200787 0.0027586410418160485 0.084447666223672516 0.18460266785189142 0.07081496346152262 -0.1584123869469988 3.5000000000000004 0.084447666223672516 4.5000000000000009 0.99960845732184855
decision_type=8 10 10 10 10 8 10 10 8 10 10 10 10 8 10 10 10 10 10 10 10 10 10 10 10 10 2 10 2 2
left_child=2 3 17 8 -3 25 7 19 9 -2 20 15 26 -11 21 -9 -12 -1 -15 -6 -4 -10 -13 28 -18 -5 -7 -14 -17 -8
right_child=1 4 10 5 6 12 29 11 14 13 16 22 27 18 -16 23 24 -19 -20 -21 -22 -23 -24 -25 -26 -27 -28 -29 -30 -31
leaf_value=-0.81953161039964939 -0.80233349833290313 -0.79849229052568904 -0.7832326002621921 -0.65932229335789605 -0.67680139149211072 -0.76254967294473985 -0.70614279737624142 -0.71723970440408469 -0.75805473531015899 -0.7470935511608422 -0.71786403998181569 -0.72273861167517894 -0.73636036279709716 -0.77030708065787223 -0.64372754842351321 -0.74890635043872678 -0.77030037583444477 -0.79965853631537864 -0.74983185445306089 -0.71169303649617299 -0.75895255162908504 -0.74059961703268939 -0.68872609296846155 -0.71893160160411318 -0.73527046967917253 -0.70739795930855554 -0.74595846647058472 -0.69530844353117527 -0.73670413847206417 -0.66289741768491817
leaf_weight=6004.1673317551613 1211.9381819963455 611.41257905960083 11630.556592047215 367.54431390762329 1201.2689453959465 3112.1509944796562 4769.8019789457321 2840.6298099756241 5102.5079692602158 3449.2117752432823 579.40486925840378 8456.3498336672783 8689.9843412637711 13652.485797584057 101.46661746501923 5135.3866371512413 3497.9854282736778 3999.6572880148888 2473.9564541578293 1581.65989112854 1580.1357144713402 5419.5367139577866 719.84686124324799 1758.899862408638 735.95958590507507 1142.9147533774376 9057.5286551713943 340.10913407802582 10329.562945365906 288.94034630060196
leaf_count=27575 5566 2808 53415 1688 5517 14293 21906 13046 23434 15841 2661 38837 39910 62701 466 23585 16065 18369 11362 7264 7257 24890 3306 8078 3380 5249 41598 1562 47440 1327
internal_value=-0.751941 -0.741008 -0.787759 -0.751716 -0.725632 -0.740458 -0.72443 -0.727709 -0.759856 -0.765886 -0.774534 -0.730667 -0.743647 -0.763629 -0.748058 -0.735514 -0.758632 -0.811586 -0.767166 -0.696632 -0.780328 -0.749064 -0.72007 -0.738527 -0.764211 -0.6957 -0.750201 -0.734814 -0.740756 -0.703673
internal_weight=119843 91815.1 28027.9 54121.3 37693.8 22710.2 37082.3 32023.6 31411.1 20787.6 18024 29240.7 21199.8 19575.7 10623.5 20064.5 4813.35 10003.8 16126.4 2782.93 13210.7 10522 9176.2 17223.8 4233.95 1510.46 12169.7 9030.09 15464.9 5058.74
internal_count=550396 421674 128722 248560 173114 104300 170306 147073 144260 95470 82778 134292 97363 89904 48790 92149 22106 45944 74063 12781 60672 48324 42143 79103 19445 6937 55891 41472 71025 23233
is_linear=0
shrinkage=1


Tree=1
num_leaves=31
num_cat=0
split_feature=10 10 13 13 37 38 38 20 5 37 4 28 33 7 13 33 28 5 0 5 43 33 1 33 33 5 9 38 37 3
split_gain=16953.2 5291.73 3389.47 1621.71 1320.73 1357.3 1127.24 931.752 752.759 877.816 649.378 613.094 557.456 588.498 469.731 458.879 371.584 402.83 364.396 339.302 330.764 329.769 304.256 290.614 268.935 265.199 262.005 247.095 238.636 233.374
threshold=0.016272020852235825 0.027375925753235168 0.011636508113031655 0.033445379067764833 -0.090909090909138277 0.18612065666067282 -0.14787823459357782 0.17080675100591966 -0.13352272727272749 0.0061525005930379581 -0.097368421052632367 0.049399213428838969 -4846.4999999999991 -0.026986233376960041 0.0058263612144551164 -4545.4999999999991 0.12468495384483885 -0.1968439536660985 0.095383202923156732 -0.090476190476190585 3.5000000000000004 -3496.4999999999995 -0.076052087080789962 -1779.4999999999998 -4525.4999999999991 -0.12528219004958427 0.035843629242344861 -0.095888643364198653 0.029512697323208274 -0.12371442523305153
decision_type=8 10 10 10 10 10 8 10 8 8 10 10 2 8 10 2 10 10 10 10 2 2 10 2 2 10 10 10 10 10
left_child=2 3 19 8 22 7 29 -6 24 14 -4 25 -8 27 -10 -9 17 -17 20 -1 -11 -18 -3 -23 -2 -12 -19 -14 -29 -5
right_child=1 4 10 6 5 -7 12 15 9 18 11 -13 13 -15 -16 16 21 26 -20 -21 -22 23 -24 -25 -26 -27 -28 28 -30 -31
leaf_value=-0.028051775109803546 0.040957336460048004 0.075139130955561698 0.014483088324459374 0.074475079563054561 -0.037891173188349336 0.045191901380273132 -0.022905167549731195 0.03656664892071889 -0.049790689490490314 -0.012878303621637841 -0.0095344961930642277 -0.0045838726582332293 0.021347572465221398 0.025507530154394914 -0.015848092646889408 0.030589345735015407 -0.018081107509236399 0.0082869215441675748 0.10182475368233596 -0.061218851698090743 0.0091748654478875803 0.052513556548912294 0.043593272580754495 0.0010865205034137071 0.005031506218812317 -0.031001310075880868 0.020463332044033802 -0.0013729363369417433 0.012904111645853443 0.034225613518725759
leaf_weight=846.47889602184296 580.57767866551876 1140.6056303679943 1171.3784630447626 661.98795847594738 739.98818662762642 5199.9725971370935 1446.5778408199549 3271.5744298696518 1093.1005699932575 2640.3160693198442 1626.5015082508326 3301.2671784311533 2002.0908287018538 4370.4989057630301 15095.907460525632 3487.0190841853619 244.7080095410347 13775.716363415122 91.30222450196743 8659.4205887019634 4775.5324743688107 1578.8522622436285 2317.1439276188612 332.57516953349113 5069.7438424229622 12461.933929920197 6503.5119217336178 10485.663051515818 4060.1349551081657 789.83139710128307
leaf_count=3965 2666 5146 5375 2968 3440 23553 6633 14883 5102 12148 7543 15202 9167 19979 69606 15858 1106 62868 405 40676 21931 7134 10488 1503 23317 57830 29640 48079 18572 3574
internal_value=1.9431e-05 0.0104213 -0.0339857 0.000190834 0.0245146 0.0216128 0.00988449 0.0175168 -0.00767626 -0.0115866 -0.0215511 -0.0239784 0.00711303 0.00918889 -0.0181399 0.0189212 0.0166943 0.0148912 0.00254543 -0.0582654 0.00132312 0.0365691 0.0539993 0.0435656 0.00872293 -0.028523 0.0121919 0.00487893 0.00261218 0.0525782
internal_weight=119822 91754.9 28067 53163.3 38591.7 35133.9 23816.8 29933.9 29346.5 23696.2 18561.1 17389.7 22365 20918.4 16189 29194 25922.4 23766.2 7507.15 9505.9 7415.85 2156.14 3457.75 1911.43 5650.32 14088.4 20279.2 16547.9 14545.8 1451.82
internal_count=550357 419766 130591 244147 175619 159985 108972 136432 135175 109192 85950 80575 102430 95797 74708 132992 118109 108366 34484 44641 34079 9743 15634 8637 25983 65373 92508 75818 66651 6542
is_linear=0
shrinkage=0.05


Tree=2
num_leaves=31
num_cat=0
split_feature=13 9 13 38 5 7 38 37 5 8 33 33 29 9 2 7 3 33 29 36 19 9 33 33 33 33 9 1 33 7
split_gain=15583.5 4042.15 3403.65 1366.05 1264.08 1119.14 1151.14 1015.82 741.391 731.964 550.827 446.113 428.908 417.619 414.195 405.35 381.559 348.371 329.88 328.617 321.698 267.297 256.252 245.994 245.631 281.702 225.659 224.643 210.674 200.785
threshold=0.02283713808750417 0.025875980149293074 1.2437810945298651e-05 -0.103643524326875 -0.13352272727272749 -0.28277815792481181 0.20306721253732266 0.022592818825639797 -0.1399999999999986 0.074383892928439069 -4846.4999999999991 -4285.4999999999991 -0.084709480498922865 0.036114192320104009 -0.079372367703218358 -0.17459939890957962 -0.12371442523305153 -4525.4999999999991 -0.27726920092425861 0.99960845732184855 0.21505991928880994 0.012706282813621496 -4761.9999999999991 -4545.4999999999991 -2135.4999999999995 -2180.4999999999995 0.017166962027676601 -0.083541485803198243 -4328.4999999999991 -0.15866621548311557
decision_type=10 10 8 8 8 8 10 10 10 8 2 2 8 10 10 8 10 2 10 2 10 10 2 2 2 2 8 10 2 10
left_child=2 3 8 16 17 14 10 12 18 11 -7 28 -5 20 -3 -14 -2 -4 -1 -8 22 -13 -12 -9 25 -10 -17 -15 -6 -24
right_child=1 5 4 7 9 6 19 23 24 -11 13 21 15 27 -16 26 -18 -19 -20 -21 -22 -23 29 -25 -26 -27 -28 -29 -30 -31
leaf_value=0.11996045854546356 0.057086762397904535 0.06857199280022272 0.050111133124382361 0.0086184325547621326 -0.0065167659759223784 -0.024023679811239287 0.037240688628079895 0.034392062639496367 -0.043668940546545347 -0.011054058019111371 0.057479216677899937 -0.038682360249959767 0.0030418187595660155 0.049825483246730889 0.03621238624732058 -0.018316304626110998 0.019710060281358122 0.0023356005688283071 -0.01957314414543939 0.081024947554429905 0.022249878431640835 -0.023951394686191434 0.015511618730122563 0.0086508658912066525 -0.063514680772379511 0.057640541577962556 -0.0076927470065394944 0.022908553155034251 0.08698377348650306 0.0023647137087808119
leaf_weight=44.638867676258087 816.2680246680975 1346.4147594869137 435.66524210572243 3964.0024767965078 1156.4643276482821 841.49717912077904 4844.414651542902 1022.1570128798485 460.71765303611755 7192.9221295267344 257.80128616094589 8342.5451514869928 5467.7296496927738 844.79653573036194 3723.7925860881805 8813.9179089963436 4176.2240474075079 3072.8359433114529 829.10231281816959 470.13161818683147 5886.2710986584425 4881.2163760364056 4550.678778603673 10089.267509356141 7137.5576787590981 80.624380022287369 11547.754977837205 9401.3088324517012 63.556206479668617 8026.7904333025217
leaf_count=194 3639 5952 1974 18148 5376 3877 21683 4663 2158 33309 1167 39253 25057 3795 16709 40912 19001 14134 3870 2080 26641 22722 20702 46116 34341 373 53192 42469 296 36670
internal_value=-1.39235e-05 0.0112688 -0.0288391 0.00113012 -0.0195716 0.0228462 0.0196763 -0.00188345 -0.0560862 -0.0240859 0.0158543 -0.0305757 -0.00669534 0.0170127 0.0448056 -0.00904553 0.0258211 0.00826809 -0.0124445 0.0411139 0.0125714 -0.0332448 0.00813288 0.0110188 -0.0610519 -0.0285805 -0.0122913 0.0251279 -0.00164591 0.00712142
internal_weight=119789 86091.2 33697.8 45897.3 25145.2 40193.9 35123.7 40904.8 8552.64 21636.7 29809.1 14443.8 29793.4 28967.6 5070.21 25829.4 4992.49 3508.5 873.741 5314.55 18721.5 13223.8 12835.3 11111.4 7678.9 541.342 20361.7 10246.1 1220.02 12577.5
internal_count=550473 392473 158000 210728 117064 181745 159084 188088 40936 100956 135321 67647 137309 131444 22661 119161 22640 16108 4064 23763 85180 61975 58539 50779 36872 2531 94104 46264 5672 57372
is_linear=0
shrinkage=0.05


Tree=3
num_leaves=31
num_cat=0
split_feature=9 9 33 7 28 37 37 7 20 32 19 12 33 33 37 32 9 37 0 33 26 32 32 19 32 1 7 33 32 7
split_gain=13893.5 3994.07 2355.38 1207.14 1287.3 1055.82 1058.42 964.996 682.951 691.639 602.625 528.103 462.507 1698.87 445.952 395.839 388.245 383.726 383.556 341.739 322.171 321.83 310.136 287.796 286.644 250.61 243.328 299.514 241.701 238.37
threshold=0.01283403421982752 0.025875980149293074 -1414.4999999999998 -0.20651563948665388 0.048449465448957729 -0.110491745687944 0.098369780199114035 -0.1496598639455782 0.17080675100591966 3.5000000000000004 -0.082465881482137141 0.035714285714285733 -1764.4999999999998 -2063.4999999999995 -0.073214594398719565 2.5000000000000004 0.039190507958339095 0.0071942446042845285 0.084447666223672516 -4761.9999999999991 0.29937288668711176 4.5000000000000009 5.5000000000000009 -0.037012748658158491 5.5000000000000009 -0.070559610705596396 -0.2333276893554577 -4587.9999999999991 4.5000000000000009 -0.057142857142857099
decision_type=8 10 2 8 10 10 10 8 10 2 8 10 2 2 10 2 10 10 10 2 10 2 2 8 2 10 8 2 2 8
left_child=2 3 7 14 10 25 8 19 -7 15 21 -4 13 16 -2 -10 26 -9 -8 -1 -21 -5 29 28 -15 -3 27 -11 -6 -13
right_child=1 5 11 4 23 6 18 17 9 12 -12 22 -14 24 -16 -17 -18 -19 -20 20 -22 -23 -24 -25 -26 -27 -28 -29 -30 -31
leaf_value=0.072670826171848335 0.034883342243635367 0.066199440866285417 -0.063638605944020682 -0.022600819248167085 -0.014728954052015845 -0.036433009682220269 0.030757566293604561 -0.033579715369750122 0.0098362491628158841 0.064794907318928313 -0.00033491749757220285 -0.0038392548414785312 0.0059571968174142939 0.089906536259629299 0.0094882554711711135 -0.014259626687794456 0.030281926134249144 -0.014024739484916693 0.063217362214546449 -0.0080192342722944492 0.039364496258615767 -0.0094798224078994266 -0.051410202075201909 0.0187802700700846 0.051487753586940868 0.036300794954699941 0.0093505613841367349 0.018942015028546984 0.0091985234201673715 -0.046361074220755277
leaf_weight=157.48467324674129 2325.756057202816 1259.3648987263441 5411.5945452898741 7596.6853252500296 1473.9726558178663 650.47616127133369 5797.6966487318277 9428.894103705883 5856.4453725963831 429.41319684684277 12037.591523259878 852.42462918162346 4949.22235904634 664.65096254646778 6734.4616758227348 2404.0655426979065 4327.0793675631285 3418.1254405677319 1079.5314334332943 3138.0926864743233 405.03104320168495 12144.666600495577 1885.5701604932547 5552.8595606684685 1801.3044102340937 1580.3921494185925 9879.4179626852274 2087.2235775142908 3716.7585500776768 537.34699940681458
leaf_count=710 10403 5492 26760 35331 6782 3090 25798 44785 26501 1909 55387 4049 22342 2985 30638 10898 19332 16021 4727 14561 1862 56384 9054 25240 8076 6980 44816 9344 17066 2586
internal_value=-1.01696e-05 0.00880377 -0.0329644 -0.000563385 -0.00409405 0.020102 0.0180068 -0.0218965 0.0142932 0.0153117 -0.00915236 -0.0540477 0.0195853 0.0231002 0.0160072 0.0028236 0.0173873 -0.0283768 0.0358528 0.000600789 -0.00260258 -0.0145289 -0.0382013 0.0108681 0.0618428 0.0495601 0.0128862 0.0267659 0.00240402 -0.0202801
internal_weight=119584 94349 25234.6 51582.8 42522.5 42766.3 39926.5 16547.6 33049.3 32398.8 31778.9 8686.94 24138.3 19189.1 9060.22 8260.51 16723.1 12847 6877.23 3700.61 3543.12 19741.4 3275.34 10743.6 2465.96 2839.76 12396.1 2516.64 5190.73 1389.77
internal_count=549909 429521 120388 237231 196190 192290 179818 77939 149293 146203 147102 42449 108804 86462 41041 37399 75401 60806 30525 17133 16423 91715 15689 49088 11061 12472 56069 11253 23848 6635
is_linear=0
shrinkage=0.05


Tree=4
num_leaves=31
num_cat=0
split_feature=10 10 13 19 20 38 28 7 13 38 13 32 28 19 38 7 28 3 33 28 2 5 32 33 13 33 33 32 33 38
split_gain=13287.7 4019.74 2818.57 1400.13 914.381 765.229 713.473 787.061 602.651 581.819 549.363 491.002 473.502 411.123 354.878 351.104 349.459 317.667 307.602 288.408 281.592 275.818 268.818 252.294 250.275 233.086 353.582 219.749 208.1 306.627
threshold=0.016162565628468597 0.027375925753235168 0.011083276227219049 -0.17689747789376378 0.14108576410264725 -0.092457939265036856 0.12468495384483885 -0.29043510968743924 0.0080478994991599207 -0.136096988281214 0.028846473696851373 4.5000000000000009 0.022038042942820794 0.21505991928880994 -0.090873218514701301 -0.13002951168158652 0.07669894383127758 -0.11606902970753046 -4098.4999999999991 0.062536595976200787 -0.095691834706980769 -0.11934419488513752 1.5000000000000002 -4545.4999999999991 0.039686589356274816 -2194.4999999999995 -1779.4999999999998 10.500000000000002 -4933.4999999999991 0.11545885172844274
decision_type=8 10 10 8 10 10 10 10 10 8 10 2 10 10 10 10 8 10 2 10 10 10 2 2 10 2 2 2 2 8
left_child=2 3 15 5 -3 18 7 17 -7 -5 19 22 28 20 -12 -1 -13 -6 -2 21 -9 -4 -10 -22 -20 -8 -27 -25 -11 -30
right_child=1 4 10 9 6 8 25 13 11 12 14 16 -14 -15 -16 -17 -18 -19 24 -21 23 -23 -24 27 -26 26 -28 -29 29 -31
leaf_value=-0.018105620764534758 -0.004519610775630698 -0.036534636764945554 -0.0088793031191054302 0.043185931802460956 0.057408677510546714 -0.045801940988918974 0.027726746889114934 0.034896555074893053 -0.0027228116266276897 -0.020322165990793034 0.029918232712954601 -0.0068053250028265308 0.015405295693543142 0.025476658670717123 -0.010402030116067303 -0.057443975381700478 0.015153474347393612 0.029700973736203215 0.0089709419159664933 -0.005378014022800158 0.028605964207559703 -0.030700374345542708 -0.023832494342852322 0.0059943548537113416 0.037833168248003458 0.057667694804866165 0.014551975345196325 0.020791969988188122 0.00034253132824006109 0.030096233344900955
leaf_weight=610.54890857636929 2198.2860486805439 675.9856761097908 1687.6391373872757 1191.049047678709 1411.7978759407997 1176.9706937968731 2439.1456784904003 1274.4674149602652 1975.0632069706917 1063.7687238156796 636.33874186873436 12851.212158769369 10056.508516699076 8201.6771850734949 3832.269897416234 7990.588394805789 2109.2013725042343 3870.3241761773825 2009.4009799212217 1663.8354994803667 1760.2371100336313 10204.349695473909 6378.9670074731112 13685.44718965888 1199.4449035227299 2290.0967528969049 600.11435091495514 3072.1007278263569 10490.710126385093 943.80253671109676
leaf_count=2954 10014 3269 7888 5234 6059 5761 10713 5631 9158 4929 2874 59580 45506 36496 17889 40285 9622 17123 9137 7743 7858 48831 29774 61773 5335 9982 2651 13796 48132 4248
internal_value=3.95078e-05 0.00896226 -0.0311017 6.34359e-05 0.0211149 -0.00713537 0.0221243 0.0194041 -0.0108939 0.00912751 -0.0198639 -0.00913165 0.00732898 0.0160638 -0.00466034 -0.0546516 -0.00370945 0.0371066 0.00988872 -0.0248757 0.0121633 -0.0276037 -0.0188417 0.0105987 0.0197594 0.0391092 0.0487153 0.00870715 0.000830531 0.0027984
internal_weight=119551 92925.8 26625.6 53644.4 39281.4 29898.5 38605.4 33276.1 24491.4 23745.8 18024.4 23314.4 22554.8 27993.9 4468.61 8601.14 14960.4 5282.12 5407.13 13555.8 19792.3 11892 8354.03 18517.8 3208.85 5329.36 2890.21 16757.5 12498.3 11434.5
internal_count=550245 421781 128464 246430 175351 138381 172082 148736 113895 108049 85225 108134 102815 125554 20763 43239 69202 23182 24486 64462 89058 56719 38932 83427 14472 23346 12633 75569 57309 52380
is_linear=0
shrinkage=0.05


Tree=5
num_leaves=31
num_cat=0
split_feature=13 10 10 37 37 5 43 32 12 32 13 5 37 5 28 37 28 32 1 10 43 10 32 0 43 43 8 37 5 1
split_gain=12095.4 4087.3 2876.71 1067.48 979.849 840.088 823.553 605.708 533.503 528.088 499.936 480.959 435.998 407.467 495.103 369.957 528.106 341.576 477.564 330.214 321.051 282.027 260.073 251.902 251.56 258.596 286.572 226.411 197.87 209.292
threshold=0.025657659597308809 0.011588926432350799 0.029098587441802038 -0.073214594398719565 0.03242885506276983 -0.16137147335423244 3.5000000000000004 3.5000000000000004 0.035714285714285733 3.5000000000000004 1.2437810945298651e-05 -0.17788573920235876 0.0022631749110411108 -0.13792809910111656 0.062536595976200787 -0.078707183506940656 0.098670960702016045 2.5000000000000004 -0.12241662676484825 0.02350070555305989 1.5000000000000002 0.029098587441802038 1.5000000000000002 0.058139534883721151 1.0000000180025095e-35 3.5000000000000004 0.092105263157894815 -0.08086303758622275 -0.2244907590582351 0.087097185238605671
decision_type=10 8 10 8 10 8 2 2 10 2 8 8 8 8 10 10 10 2 10 10 2 10 2 8 2 2 10 10 10 10
left_child=1 8 3 11 7 24 10 22 -1 17 -7 20 21 -9 -15 -11 28 27 -19 -12 -2 -8 -5 -14 -3 -26 -27 -4 -17 -30
right_child=2 5 9 4 -6 6 12 13 -10 15 19 -13 23 14 -16 16 -18 18 -20 -21 -22 -23 -24 -25 25 26 -28 -29 29 -31
leaf_value=-0.061036706705220801 0.081091926977843967 0.051746669381094124 0.047782514761906737 -0.00078698519832382798 0.013118024982737744 -0.049212598852781668 -0.017108766415573948 0.013529523606827954 -0.038789259675025903 0.044250148986282815 -0.025051103614556793 0.012692068403487798 0.0033265903630393086 -0.0063216939193817007 0.015620218883790567 0.037457032324187942 0.038826356969622638 0.097198873107033734 -0.0097681800934583882 -0.0036096496877537016 0.033838617588143778 0.017038517811484286 -0.020447808573383588 0.081123049419469739 -0.004506377731942882 0.012128505010538788 0.073949445244541445 0.015317924370148495 0.015797416231477106 0.036357978221318268
leaf_weight=4785.1627194881439 470.10541699826717 319.70499335229397 600.44342650473118 2337.7058220207691 12607.934566184878 1796.071731030941 7006.2620393037796 4933.2278008759022 6168.4865409880877 2819.6940441429615 9100.8543943911791 2737.4002630710602 4696.345890134573 15356.350768476725 3087.8694604039192 1455.5842501819134 5018.4524299502373 109.81563450396061 2094.550511687994 2237.0613987743855 1527.2450421601534 661.78469152748585 5996.9404443651438 106.4099937081337 2266.5079420953989 949.69352628290653 233.55865149199963 5087.0663614869118 11505.345648095012 1386.9198180437088
leaf_count=25048 2027 1409 2612 10787 56716 9001 33248 22362 30342 12201 43263 12346 21878 71098 14003 6387 21791 465 9354 10288 6668 3003 27898 465 10438 4338 1056 22657 51216 6072
internal_value=-0.000154767 -0.0224413 0.011203 0.00373809 0.00132731 -0.012721 -0.0159653 -0.00336038 -0.0485082 0.0233777 -0.0247031 0.0263044 -0.0067628 0.000765664 -0.00264825 0.0273291 0.0248654 0.0122693 -0.00443937 -0.0208205 0.0449604 -0.0141617 -0.0149333 0.00505025 0.00931692 0.00538477 0.0243312 0.0187453 0.0199822 0.0180093
internal_weight=119461 40327.9 79132.7 49054.8 44320 29374.3 25604.8 31712.1 10953.6 30077.9 13134 4734.75 12470.8 23377.4 18444.2 22186 19366.3 7891.88 2204.37 11337.9 1997.35 7668.05 8334.65 4802.76 3769.47 3449.76 1183.25 5687.51 14347.8 12892.3
internal_count=550437 193777 356660 223905 202864 138387 121146 146148 55390 132755 62552 21041 58594 107463 85101 97667 85466 35088 9819 53551 8695 36251 38685 22343 17241 15832 5394 25269 63675 57288
is_linear=0
shrinkage=0.05


Tree=6
num_leaves=31
num_cat=0
split_feature=10 10 13 19 37 38 20 13 37 38 33 19 13 4 28 33 28 28 43 1 1 36 10 7 10 38 37 33 33 33
split_gain=11327.1 3268.29 2554.65 1153.9 890.901 928.559 631.481 576.53 532.657 526.445 519.332 481.943 479.148 360.32 338.635 336.118 320.07 255.039 247.01 237.774 234.357 225.903 220.714 206.844 197.591 195.305 219.676 163.219 474.415 347.284
threshold=0.016272020852235825 0.026417240632979049 0.0070241359699331962 -0.24693313878069509 -0.08086303758622275 0.18612065666067282 0.10972537454121337 0.020371179639544146 -0.097149023502431917 -0.099678456591700146 -4846.4999999999991 -0.060206225214508795 0.01048538179965265 -0.10979576449776883 0.07081496346152262 -4545.4999999999991 0.047484162219619756 0.054740668355711404 1.5000000000000002 -0.076052087080789962 0.12525645876689354 0.99960845732184855 0.0085586322774836368 -0.13915094339622638 0.034527535594603351 -0.083080848349594213 0.037795633280207415 -1764.4999999999998 -2180.4999999999995 -2165.4999999999995
decision_type=8 10 10 10 10 10 10 10 10 10 2 10 10 10 10 2 10 10 2 10 10 2 10 10 10 8 10 2 2 2
left_child=2 3 23 9 19 6 -6 22 -5 10 -2 15 -11 -9 -15 -8 25 -14 -12 -3 -20 -7 -4 -1 -17 -10 -27 28 -13 -30
right_child=1 4 7 8 5 21 11 13 16 12 18 27 17 14 -16 24 -18 -19 20 -21 -22 -23 -24 -25 -26 26 -28 -29 29 -31
leaf_value=-0.02145510839969136 -0.017881373700150003 0.055610046649763427 -0.046426052155138071 0.048393278164819989 -0.039751559603543291 0.031198983646697383 0.027606980949483769 0.022390953732892887 0.015912521020539725 -0.041390409483024804 0.049459760596642671 0.018348594179168721 -0.011899743759125794 -0.018220169618052409 0.0080112351297476816 0.0022739062963473031 0.015330532327684387 0.0025839960280034479 0.0094639032530071943 0.03124715857482992 0.10059659450845171 0.066418423356689182 -0.025676558363680536 -0.057594201224369701 0.013019630310331546 -0.0041869224241822224 0.010621319728212078 0.0091216453549901634 0.10891080473807183 0.038708398392955062
leaf_weight=422.10242430865765 1565.8259018361568 1410.309742256999 1562.1369230002165 777.6105597615242 570.70184552669525 5164.3118661493063 2080.0641197413206 706.44820408523083 2209.8834331035614 1230.4658687263727 489.79449379444122 7816.0016458332539 16692.097501188517 8757.595831900835 1431.4536312222481 11181.884563401341 6725.62145870924 3716.0200498104095 3262.963854432106 3454.8557534366846 72.104343041777611 499.32065896689892 7136.6888475418091 6387.6787927597761 6928.7182627767324 9283.1556692272425 3429.7753966748714 2280.912789940834 194.65717758238316 1854.4271872788668
leaf_count=2088 7304 5950 7860 3346 2858 22307 9163 3178 9951 6169 2152 34537 78253 41851 6568 50451 30146 16999 14631 14964 308 2098 34905 34133 30770 42936 15402 10131 856 8107
internal_value=-7.45331e-05 0.00813968 -0.0289727 -0.000649778 0.0181471 0.0156039 0.0123855 -0.0198041 0.00773494 -0.00760654 0.00637392 0.0133057 -0.0110894 -0.0121407 -0.0145349 0.0085713 0.0062745 -0.00926247 0.0163036 0.0383095 0.0114342 0.034304 -0.0294028 -0.0553541 0.00638498 0.002193 -0.000191861 0.0211757 0.0239628 0.0453774
internal_weight=119296 92891.5 26404.1 49455.3 43436.2 38571 32907.4 19594.3 22426 27029.3 5390.69 32336.7 21638.6 10895.5 10189 20190.7 21648.4 20408.1 3824.86 4865.17 3335.07 5663.63 8698.83 6809.78 18110.6 14922.8 12712.9 12146 9865.09 2049.08
internal_count=550372 419789 130583 227597 192192 171278 146873 94362 101781 125816 24395 144015 101421 51597 48419 90384 98435 95252 17091 20914 14939 24405 42765 36221 81221 68289 58338 53631 43500 8963
is_linear=0
shrinkage=0.05


Tree=7
num_leaves=31
num_cat=0
split_feature=10 13 13 10 38 9 19 33 20 13 32 4 32 33 4 7 7 33 33 33 35 32 38 7 3 32 33 33 33 32
split_gain=10360.8 3837.93 1465.16 1256.94 1064.8 800.914 772.349 661.121 534.276 499.939 456.916 358.504 333.875 322.164 318.326 305.607 263.87 258.4 422.131 551.91 248.704 243.454 237.273 217.413 214.971 190.843 202.708 181.67 531.837 183.791
threshold=0.013955621172257786 0.037650859361800619 0.0070241359699331962 0.024003141068632175 -0.14787823459357782 0.036114192320104009 -0.13776138944680724 -4545.4999999999991 0.17080675100591966 0.0058263612144551164 6.5000000000000009 -0.086511250995137776 3.5000000000000004 -4846.4999999999991 0.12935323383084532 -0.0030291560571651939 -0.16108517016779531 -1414.4999999999998 -2180.4999999999995 -2135.4999999999995 0.087795568795345794 3.5000000000000004 0.027988575942545561 -0.11159578853899092 -0.11267605633802751 10.500000000000002 -3862.4999999999995 -1779.4999999999998 -2180.4999999999995 5.5000000000000009
decision_type=8 10 10 10 8 10 8 2 10 10 2 10 2 2 8 10 8 2 2 2 10 2 10 10 10 2 2 2 2 2
left_child=2 3 23 6 24 13 9 -5 -9 -2 -10 -4 -11 -6 16 21 -15 18 25 -20 -8 -7 -13 -1 -3 -12 -27 28 -23 -30
right_child=1 4 11 7 5 15 20 8 10 12 17 22 -14 14 -16 -17 -18 -19 19 -21 -22 27 -24 -25 -26 26 -28 -29 29 -31
leaf_value=-0.022469379211519713 -0.045475435557945351 0.052763516314874609 0.0095831846822184916 0.033269361384985346 -0.017860229854928571 0.0088279485670164602 0.00043977773201152326 -0.03582690703736132 -0.0023476093423276229 -0.022851586002517625 0.0019992279476250679 -0.030434670261715049 -0.0085751113089852053 0.014826841150464743 0.021063910448220348 0.044777778789148945 0.0034968035153286844 -0.010012991729569371 0.085975360449813215 0.02341638890400766 0.089345434875060081 0.020353579228128655 -0.011067684692871692 -0.057675557146340206 0.028994445282210679 -0.0034563498711217612 0.033950873179216565 0.011772850225517649 0.078796924340148622 0.042273958247073688
leaf_weight=475.19809512794018 1218.4778784960508 2081.5566711127758 711.72622226178646 2169.4578624367714 1032.8405188769102 2930.5671940892935 13128.368852764368 803.11863911151886 8356.3341916799545 5653.7793596088886 3273.7279306650162 9020.8557497859001 14856.216134980321 8313.4892331808805 5735.2534936070442 1581.3924740254879 13457.287943258882 974.9543074965477 429.11639842391014 1976.0701021552086 79.135982185602188 5546.9695590883493 1917.6737732738256 5681.136963263154 1751.8146265894175 520.00136585533619 1193.1226773709059 1991.702601775527 423.7454836666584 1840.8351970463991
leaf_count=2430 6366 8693 3313 9579 4811 12878 60637 4028 37936 26891 14805 44729 69846 36965 25209 6709 60838 4448 1883 8855 331 24120 9182 31343 7544 2348 5341 8700 1802 7885
internal_value=-5.42336e-05 0.00612746 -0.035228 -0.00286854 0.0166542 0.0143958 -0.00856304 0.0072322 0.00400927 -0.0143591 0.00592235 -0.0248021 -0.0125106 0.0095547 0.0105841 0.0240472 0.00782334 0.0141818 0.0173729 0.0345777 0.000972478 0.0214726 -0.0270394 -0.054958 0.0419013 0.0090749 0.0225963 0.0252526 0.0286896 0.0491081
internal_weight=119126 101319 17806.6 54631.9 46687.5 42854.1 34936 19695.9 17526.4 21728.5 16723.3 11650.3 20510 28538.9 27506 14315.2 21770.8 8366.99 7392.04 2405.19 13207.5 12733.8 10938.5 6156.34 3833.37 4986.85 1713.12 9803.25 7811.55 2264.58
internal_count=550445 459448 90997 253294 206154 189917 164071 89223 79644 103103 75616 57224 96737 127823 123012 62094 97803 37680 33232 10738 60968 55385 53911 33773 16237 22494 7689 42507 33807 9687
is_linear=0
shrinkage=0.05


Tree=8
num_leaves=31
num_cat=0
split_feature=13 10 10 37 4 38 28 5 33 33 43 32 32 33 8 12 36 10 20 33 5 37 5 43 8 28 1 32 33 37
split_gain=9450.55 2695.23 2681.49 822.521 807.219 732.52 768.148 647.983 624.208 380.252 365.093 358.242 502.284 364.192 322.148 313.022 304.08 285.523 282.423 278.125 274.598 269.457 310.823 259.081 309.448 229.235 219.046 211.754 195.617 193.715
threshold=0.022165516810615512 0.010714696024264872 0.024003141068632175 -0.08086303758622275 0.13291015898023731 -0.103643524326875 0.032617716473887566 -0.13567847718502626 -3148.4999999999995 -4117.4999999999991 1.5000000000000002 3.5000000000000004 2.5000000000000004 -4782.4999999999991 1.0000000180025095e-35 1.0000000180025095e-35 0.99960845732184855 0.025611946100466427 1.4123874507516272 -4525.4999999999991 -0.11730432946217532 0.05769230769227552 -0.07903254189975982 3.5000000000000004 0.092105263157894815 0.087625057847340065 -0.093606540194950669 3.5000000000000004 -4982.4999999999991 0.015293261197566134
decision_type=8 8 10 10 10 8 10 8 2 2 2 2 2 2 8 10 2 10 8 2 10 10 10 2 10 10 10 2 2 8
left_child=1 15 5 26 11 9 21 19 17 -2 -11 12 -5 -13 -10 -1 27 -9 -16 -3 -15 22 28 -21 -25 -22 -4 -6 -7 -8
right_child=2 7 3 4 16 6 29 8 14 10 -12 13 -14 20 18 -17 -18 -19 -20 23 25 -23 -24 24 -26 -27 -28 -29 -30 -31
leaf_value=-0.058158242728594489 -0.005763123693712323 0.042981069655644022 0.054808611887741436 0.0085865134223306033 0.01020288165617388 -0.026259646564527207 -0.001120180770835635 -0.011960848856260961 -0.044397395316570623 0.069877836399016208 0.020472973375773317 0.055021283182240588 -0.017666069618863682 0.020933468585864021 -0.025713020730069227 -0.039074512943967431 0.057738952141781985 0.017182394914251713 0.0071026154941071134 -0.010731326654734757 0.0061624356714802264 0.011111496522881667 -0.01553903082191101 0.0058101801508045735 0.072094859823064836 0.022023676539294653 0.029296951708350717 0.027115202604661937 -0.0013418061346028784 0.011866121630339965
leaf_weight=4064.8896833211184 1186.8793246001005 411.56281606853008 1037.2843381017447 6415.1129364818335 2414.2301627397537 866.46157155930996 4879.336535140872 6772.3255177140236 2168.8955228477716 437.55375996232033 2572.1468371748924 501.39015781879425 2544.7261636704206 6235.2823300659657 6647.7728217840195 4558.400777682662 677.75830617547035 959.51080942153931 727.40240880846977 2151.0707234889269 14381.005112826824 1550.0927137285471 12791.052979066968 876.06383615732193 220.3667438775301 2706.7049305737019 4455.3071211874485 7930.9265763759613 8658.0865935236216 6979.0471960008144
leaf_count=23316 5278 1798 4291 28774 10543 4096 22583 32758 11293 1877 11357 2164 11595 27396 32522 23823 2822 4357 3449 10124 64222 6975 60650 4059 968 11767 19013 34078 40370 31367
internal_value=-4.22178e-05 -0.0245454 0.00807555 0.0158757 0.0135889 -0.00155719 -0.00387858 -0.0148553 -0.0189036 0.018204 0.0276555 0.00965327 0.00113039 0.0128585 -0.027458 -0.0480703 0.025294 -0.00834421 -0.0224765 0.00425873 0.0119521 -0.00904676 -0.010447 -0.000648635 0.0191324 0.00867487 0.0341149 0.0231684 -0.00360862 0.00652268
internal_weight=118779 29558.3 89220.4 49299.7 43807.1 39920.7 35724.1 20935 17275.9 4196.58 3009.7 32784.2 8959.84 23824.4 9544.07 8623.29 11022.9 7731.84 7375.18 3659.06 23323 23865.7 22315.6 3247.5 1096.43 17087.7 5492.59 10345.2 9524.55 11858.4
internal_count=549685 148467 401218 216665 193361 184553 166041 101328 84379 18512 13234 145918 40369 105549 47264 47139 47443 37115 35971 16949 103385 112091 105116 15151 5027 75989 23304 44621 44466 53950
is_linear=0
shrinkage=0.05


Tree=9
num_leaves=31
num_cat=0
split_feature=9 9 12 5 5 37 32 2 19 8 33 3 20 32 8 32 33 33 33 37 43 4 43 33 33 32 32 32 33 33
split_gain=8312.01 2281.03 1778.39 994.118 985.108 812.49 661.971 550.436 586.276 530.333 409.946 406.83 401.587 397.622 397.259 359.316 327.1 278.052 273.666 235.215 233.816 231.673 264.389 291.376 440.274 230.206 228.222 316.556 358.629 831.111
threshold=0.012706282813621496 0.028013278531102706 1.0000000180025095e-35 -0.16666666666666666 -0.10256410256410302 0.029512697323208274 4.5000000000000009 -0.11600169348010163 0.21505991928880994 0.092105263157894815 -2150.4999999999995 -0.099203174603173558 0.10972537454121337 3.5000000000000004 0.077325658629043628 1.5000000000000002 -4782.4999999999991 -4933.4999999999991 -898.49999999999989 -0.065420560747794551 3.5000000000000004 -0.14236355289889044 2.5000000000000004 -4285.4999999999991 -4348.4999999999991 2.5000000000000004 10.500000000000002 8.5000000000000018 -2180.4999999999995 -1541.4999999999998
decision_type=8 10 10 8 8 8 2 10 10 10 2 10 10 2 10 2 2 2 2 10 2 8 2 2 2 2 2 2 2 2
left_child=2 3 10 11 9 6 15 -3 12 16 20 -2 -9 25 -6 18 -4 -7 -5 -17 -1 -8 -23 24 -24 -14 27 28 -25 -30
right_child=1 7 4 5 14 17 21 8 -10 -11 -12 -13 13 -15 -16 19 -18 -19 -20 -21 -22 22 23 26 -26 -27 -28 -29 29 -31
leaf_value=-0.025824305112312623 0.041549965251592602 0.042887503704554131 0.070050961658912433 -0.0030519241908881969 -0.030134284439960718 -0.021800048628128683 0.022410187105754747 -0.038822113168636804 0.023905947001849885 0.067802453006099453 -0.056932708718853892 0.011456955918000822 0.0063881252403573917 0.01477793214843639 -0.010307321184545283 0.0013892774745732253 -0.005448504836251796 0.01070786306047661 0.071449293078180556 -0.021964243708242244 0.067715686131407396 -0.0083867543163741315 0.002933206569738985 -0.0051417659051654265 0.059747683514633568 -0.014976551371465134 0.013964230555231119 -0.014920259964350653 0.056361709753077506 -0.0068412614978159208
leaf_weight=233.70668694376945 1349.477707400918 1810.0833602696657 150.54727073013783 3026.0517747849226 10961.486785963178 697.8643813431263 1005.4194390922785 410.80845704674721 11512.192736566067 298.40184856951237 4775.2257293015718 6695.3114518076181 4099.5710304379463 17776.651156678796 3283.0807728618383 1219.6054230034351 3047.620938450098 11455.23176920414 128.49774242937565 9299.5956696271896 93.5479686409235 9781.2761115133762 951.32099202275276 4128.856158182025 531.50577458739281 1820.8747820705175 2321.0580229908228 3751.91498914361 907.43079234659672 1218.7229673862457
leaf_count=1115 5758 7596 660 14099 56133 3329 4458 2132 49510 1321 27975 29969 18190 77661 15850 5541 14651 51283 598 44224 409 45768 4297 19199 2466 8204 10806 17449 4092 5713
internal_value=-0.000104226 0.00635222 -0.0272089 0.000182358 -0.0197272 -0.00242177 -0.00599834 0.0159901 0.0146233 0.00405351 -0.0532226 0.0165049 0.0101905 0.0110402 -0.0255646 -0.0148181 -0.00189452 0.00884117 -1.7184e-05 -0.0192566 0.000914737 -0.00109546 -0.00209719 0.00235729 0.0232978 -0.000182731 -0.000161472 -0.00343786 0.00344958 0.0201334
internal_weight=118743 95899.3 22843.6 58469.1 17741.1 50424.4 38271.3 37430.2 35620.1 3496.57 5102.48 8044.79 24107.9 23697.1 14244.6 13673.8 3198.17 12153.1 3154.55 10519.2 327.255 24597.5 23592.1 13810.8 1482.83 5920.45 12328 10006.9 6255.01 2126.15
internal_count=550456 432342 118114 269049 88615 233322 178710 163293 155697 16632 29499 35727 106187 104055 71983 64462 15311 54612 14697 49765 1524 114248 109790 64022 6763 26394 57259 46453 29004 9805
is_linear=0
shrinkage=0.05


Tree=10
num_leaves=31
num_cat=0
split_feature=10 10 10 19 1 19 20 32 13 32 32 3 7 0 28 4 28 3 20 28 33 33 28 5 33 43 32 5 28 1
split_gain=8148.68 2925.08 1291.12 1013.61 680.004 732.12 504.888 515.194 503.627 487.243 446.788 401.286 396.654 385.611 381.568 365.291 346.981 326.26 294.325 270.676 232.965 231.387 227.958 212.203 211.078 236.998 275.321 206.389 236.173 187.737
threshold=0.013955621172257786 0.024003141068632175 0.0081363546049338566 -0.23107552411182272 -0.093606540194950669 0.038978808530539803 0.081250802695659083 3.5000000000000004 0.0042067038131226508 2.5000000000000004 3.5000000000000004 -0.11267605633802751 -0.29043510968743924 0.084447666223672516 0.022038042942820794 -0.10979576449776883 0.087625057847340065 -0.074999999999999775 0.45084422863047319 0.052484111990662122 -3635.4999999999995 -4692.4999999999991 0.062536595976200787 -0.1399999999999986 -4672.4999999999991 1.5000000000000002 6.5000000000000009 -0.12121242171687528 0.12468495384483885 0.087097185238605671
decision_type=8 10 10 8 10 10 10 2 10 2 2 8 10 10 10 10 10 10 10 10 2 2 10 8 2 2 2 10 10 10
left_child=2 3 -1 8 -3 6 -6 9 -2 -8 -10 -5 -9 27 23 -4 24 -12 -17 -19 21 -18 -20 -13 25 26 -14 -7 -29 -25
right_child=1 4 15 11 5 13 7 12 10 -11 17 14 16 -15 -16 18 20 19 22 -21 -22 -23 -24 29 -26 -27 -28 28 -30 -31
leaf_value=-0.0507757415453505 -0.044723488789737406 0.043953349612235057 0.0281756075938864 0.040119976575827193 -0.040185158760860068 0.028463199270467882 0.006439547404474698 0.02866137804529531 -0.020352517238898218 -0.01863448976965831 0.013609362184574451 0.0099543057600071164 0.04593858263906847 0.045440091522871505 0.010662794557670887 -0.045887395398116468 0.037821435104812742 -0.010540319197294822 -0.023585803305742524 0.0069643881337903366 0.031101621734251201 -0.011205172155038946 -0.0010430606250431405 -0.0075376440578142634 0.0055159540699723092 0.060801170685599759 -0.022451143408073054 0.011921332778033793 0.028333381392502216 0.026416015473647698
leaf_weight=5950.4222687780857 1037.7296033501625 1752.5168857872486 352.58874422311783 744.69087663292885 537.25198613107204 3808.9302350729704 6011.8859432339668 3261.0522890239954 6481.9742050170898 2858.7956139296293 2079.2659051418304 2588.1238633543253 279.20087520778179 1403.4275908172131 8991.4998762905598 1296.1313736438751 349.99712489545345 12691.140754133463 8130.376660451293 2673.6627786457539 2789.8962221443653 770.43360559642315 1300.8870994448662 9622.524005278945 16226.046595573425 373.05237807333469 311.1822212934494 10709.419698134065 2756.1542627364397 425.0998358130455
leaf_count=34867 5747 7297 1610 3184 2852 16417 26892 13876 31179 13070 9413 11648 1205 5852 40470 7066 1492 60352 41436 12247 11913 3329 6237 45254 72340 1621 1354 46789 11651 1878
internal_value=1.62222e-05 0.00538456 -0.0319897 -0.00369644 0.0133156 0.0122918 0.00789833 0.00867569 -0.0106228 -0.00164118 -0.00914381 0.00403241 0.0124324 0.020235 0.0027898 -0.0219008 0.0099242 -0.00497881 -0.0235467 -0.00749429 0.0233676 0.00410963 -0.0204764 -0.00281256 0.00686605 0.0296042 0.00989137 0.0181873 0.0152806 -0.00610112
internal_weight=118565 101535 17030.4 47335.7 54199.2 52446.7 33768.8 33231.5 24963.8 8870.68 23926 22371.9 24360.9 18677.9 21627.2 11080 21099.8 17444.1 10727.4 15364.8 3910.33 1120.43 9431.26 12635.7 17189.5 963.435 590.383 17274.5 13465.6 10047.6
internal_count=550538 459322 91216 221372 237950 230653 149944 147092 118938 39962 113191 102434 107130 80709 99250 56349 93254 82012 54739 72599 16734 4821 47673 58780 76520 4180 2559 74857 58440 47132
is_linear=0
shrinkage=0.05


Tree=11
num_leaves=31
num_cat=0
split_feature=10 10 10 20 1 38 5 38 32 32 20 5 5 28 4 43 33 20 33 33 33 0 32 33 10 28 3 32 33 33
split_gain=7339.38 2586.62 1272.78 820.083 667.128 602.212 573.212 579.002 458.985 631.862 487.757 421.917 377.638 354.548 338.662 332.652 305.587 285.344 283.781 329.94 348.457 279.04 264.172 240.839 238.514 226.637 209.843 199.723 378.327 341.95
threshold=0.013955621172257786 0.024003141068632175 0.0081363546049338566 0.54172616571757992 -0.076052087080789962 0.20306721253732266 -0.19339622641509455 0.027988575942545561 3.5000000000000004 2.5000000000000004 0.14108576410264725 -0.12737209557954074 -0.071255989308245823 0.047484162219619756 -0.10071942446043174 1.5000000000000002 -4958.4999999999991 0.45084422863047319 -4782.4999999999991 -2194.4999999999995 -1828.4999999999998 0.095383202923156732 3.5000000000000004 -3895.4999999999995 0.040433946257797206 0.10593498184785986 -0.056818181818183093 8.5000000000000018 -2194.4999999999995 -1793.4999999999998
decision_type=8 10 10 8 10 10 8 8 2 2 10 10 8 10 10 2 2 10 2 2 2 8 2 2 10 10 10 2 2 2
left_child=2 3 -1 -2 -3 8 15 12 9 -6 -10 18 -8 24 -4 -5 -9 -16 -12 -20 -21 -18 -14 -17 -13 -19 -22 28 -15 -30
right_child=1 4 14 6 5 -7 7 16 10 -11 11 13 22 27 17 23 21 25 19 20 26 -23 -24 -25 -26 -27 -28 -29 29 -31
leaf_value=-0.049751274691214396 -0.018594336493790026 0.035122834220097536 0.020996694623589312 0.05804421936060089 0.0082398023777768437 0.027049598080047973 0.00018435414821141446 -0.016390149163108363 -0.030965403557022049 -0.016854352754187115 0.063825729266959785 0.0031445988526454961 -0.023537299638981813 0.01135183449738416 -0.044972835734426481 -0.007854099031239823 0.0077651186063225578 -0.021393322748857573 0.013769372143434192 0.059570555710116949 0.045703953845293424 0.064580935289350813 -0.0081259596576361143 0.022677062452938299 0.020608384150731348 0.013714065215228576 0.0082835609740717474 0.0095995001045234441 0.055097604326753619 0.013527842420303558
leaf_weight=5770.8196181356907 7602.6613635122776 3060.0119526088238 465.49512183666229 469.08266267180443 8579.1028234064579 5299.430995285511 10172.31321926415 1339.0302280634642 640.81935805082321 3545.1010779440403 398.86251227557659 14234.398531854153 3903.1980068087578 2324.7108979821205 1253.3949207663536 959.47682143747807 10975.517144933343 8746.4487586021423 5561.6415905356407 945.07537631690502 578.3049943447113 220.44733744859695 9668.4751549512148 1976.5162148028612 2266.4351649731398 485.20037245750427 1063.8147715330124 3641.9158588349819 1399.2368873655796 765.27251894772053
leaf_count=34825 37177 12801 2131 1984 38085 22211 47497 6396 3409 16219 1664 63366 18938 10083 6998 4268 49640 44848 23986 4020 2475 931 45981 8762 9724 2298 4655 15754 5905 3328
internal_value=-5.31974e-05 0.00499915 -0.0307488 -0.00355064 0.0124441 0.0110899 -0.000668576 -0.00250958 0.009249 0.000902305 0.0122412 0.0130757 -0.00709911 0.00975425 -0.0207347 0.0189462 0.00618397 -0.0225874 0.022647 0.0206314 0.0353826 0.00888382 -0.0125582 0.0126995 0.0055433 -0.0195481 0.0214619 0.0182997 0.0253578 0.0404004
internal_weight=118312 101591 16721.4 47286.7 54304.1 51244.1 39684.1 36279 45944.7 12124.2 33820.5 33179.7 23744 24632 10950.5 3405.08 12535 10485 8547.7 8148.84 2587.2 11196 13571.7 2935.99 16500.8 9231.65 1642.12 8131.14 4489.22 2164.51
internal_count=550359 459259 91100 221574 237685 224884 184397 169383 202673 54304 148369 144960 112416 108160 56275 15014 56967 54144 36800 35136 11150 50571 64919 13030 73090 47146 7130 35070 19316 9233
is_linear=0
shrinkage=0.05


Tree=12
num_leaves=31
num_cat=0
split_feature=13 13 13 37 28 7 33 8 0 33 8 7 38 8 7 33 33 32 34 33 33 32 32 33 33 33 37 32 32 33
split_gain=6758.17 2067.8 1611.89 760.838 577.871 806.927 533.733 512.072 450.231 422.196 400.552 318.909 295.07 284.75 273.895 262.348 333.914 231.652 230.257 217.505 264.948 216.5 265.863 510.056 214.909 264.058 213.985 209.277 200.866 196.802
threshold=0.022517055162620338 1.2437810945298651e-05 0.043129058363028695 -0.078707183506940656 0.047484162219619756 -0.19369046234182533 -4525.4999999999991 0.054054054054054064 0.084447666223672516 -4824.4999999999991 0.094295524792129229 -0.17069420112898373 0.20306721253732266 0.28431372549019612 -0.096067341905224077 -2180.4999999999995 -1608.4999999999998 5.5000000000000009 3.275254371572224 -2653.4999999999995 -878.49999999999989 3.5000000000000004 5.5000000000000009 -2605.4999999999995 -1764.4999999999998 -3578.4999999999995 -0.0039615166949940597 8.5000000000000018 1.5000000000000002 -3228.4999999999995
decision_type=10 8 10 8 10 8 2 8 10 2 8 10 10 10 8 2 2 2 2 2 2 2 2 2 2 2 8 2 2 2
left_child=1 7 4 -4 5 -2 9 -1 12 14 11 -8 21 17 28 -9 -17 19 -6 -7 -21 -5 23 -23 25 -24 -12 -11 -3 -19
right_child=2 6 3 8 18 13 10 15 -10 27 26 -13 -14 -15 -16 16 -18 29 -20 20 -22 22 24 -25 -26 -27 -28 -29 -30 -31
leaf_value=-0.050688857836671389 0.0099609506725542932 0.046267318893706805 0.032256172923322932 0.00011704393132677216 0.019323226108582239 -0.018029549951175877 -0.0059373695568256946 -0.029716627914761141 0.038209087138652044 0.061320456298645368 -0.017160969670000616 -0.023218139023241893 0.022047327300610788 0.010035529008849129 -0.026387348196516832 0.069541929130628941 -0.033313885095643377 0.0030863139673674845 0.0054542593133831488 -0.0003650574966731745 -0.05056230436022835 0.010136709698604356 0.0018655154201569846 0.049437270843771135 -0.0026415266774019331 0.017515579204833199 0.0053506865590715463 0.0080067824433950659 -0.016424513791960867 -0.0086445717409784611
leaf_weight=5767.4515566825867 10763.17232978344 313.30705374479294 5441.8398844599724 5975.7661433815956 4683.6032270640135 7440.608347222209 3376.9947182536125 654.63080351054668 1554.0613354891539 463.64342610538006 1657.3451458364725 12749.04423071444 4719.327008292079 2494.9811013936996 741.79841260612011 183.8737763017416 138.22443330287933 6440.0148295164108 8289.4719700813293 3884.9788809269667 281.94783234596252 2535.3898630440235 4412.8568461835384 1224.2150959223509 3570.851857021451 6924.9460300058126 2907.5466879457235 305.26202145218849 215.7550653219223 8037.2829191833735
leaf_count=35942 47540 1385 22765 26710 20766 35510 15897 3344 6453 2119 7952 66014 19761 11157 3631 801 744 30128 36889 18365 1378 11046 19425 5289 15725 29979 13742 1407 997 37703
internal_value=3.5602e-05 -0.020706 0.00692993 0.0150162 0.00131006 -0.0017075 -0.0134924 -0.0450191 0.0119817 0.0109096 -0.015898 -0.0195993 0.0105936 -0.00610184 -0.00678429 -0.0115398 0.0254026 -0.00764536 0.0104613 -0.0129076 -0.00376157 0.00840025 0.0110517 0.0229339 0.00805533 0.0114243 -0.00282247 0.0401545 0.0207012 -0.00342626
internal_weight=118150 29474.9 88675.3 36359.3 52316.1 39343 22730.7 6744.18 30917.4 2039.77 20690.9 16126 29363.4 28579.8 1270.86 976.729 322.098 26084.8 12973.1 11607.5 4166.93 24644 18668.3 3759.6 14908.7 11337.8 4564.89 768.905 529.062 14477.3
internal_count=550564 153975 396589 157153 239436 181781 113144 40831 134388 9539 103605 81911 127935 134241 6013 4889 1545 123084 57655 55253 19743 108174 81464 16335 65129 49404 21694 3526 2382 67831
is_linear=0
shrinkage=0.05


Tree=13
num_leaves=31
num_cat=0
split_feature=10 13 10 28 37 13 7 10 32 32 28 5 19 32 32 7 10 32 35 32 35 34 1 43 5 28 28 1 38 43
split_gain=6406.47 2201.83 1191.51 816.843 808.241 607.109 564.81 527.732 414.948 823.504 339.747 376.682 308.398 261.621 274.838 248.812 230.872 220.748 181.081 177.18 173.166 165.963 159.932 150.569 239.451 171.426 149.44 146.96 146.759 141.784
threshold=0.013955621172257786 0.036677915470326956 0.0081363546049338566 0.0075939848684942269 -0.097149023502431917 0.0097926845701416469 -0.19997006884166416 0.031687902829037516 4.5000000000000009 1.5000000000000002 0.13611791882985322 -0.10606060606060556 -0.1869212580430531 3.5000000000000004 8.5000000000000018 -0.021689360478791494 0.024928504087967745 1.5000000000000002 -3.2801539262550245e-13 5.5000000000000009 0.087795568795345794 3.1759661446427061 0.0025704507056258934 1.5000000000000002 -0.15881914713595488 0.087625057847340065 -0.13352012927615634 -0.039735099337748374 -0.064997689404901401 1.5000000000000002
decision_type=8 10 10 10 8 10 8 10 2 2 10 8 10 2 2 10 10 2 10 2 10 2 8 2 10 10 8 10 10 2
left_child=2 3 -1 5 26 18 -7 13 9 22 11 -10 28 17 23 -9 19 -6 -2 -8 -20 -16 -5 24 -15 -25 27 -3 -4 -23
right_child=1 4 12 8 7 6 16 15 10 -11 -12 -13 -14 14 21 -17 -18 -19 20 -21 -22 29 -24 25 -26 -27 -28 -29 -30 -31
leaf_value=-0.048157031274108954 0.0035628229812298012 0.066387719098767964 -0.0052854918586932188 0.0029068580632695875 0.0090100216804272736 0.0061129278503180666 -0.018791603280767365 0.014475316446829943 0.02241749041440648 -0.020353903144039551 0.032470399235400092 0.0025331780326204975 -0.010021621473029161 0.060445800046613721 0.011904030806176875 0.03174030893170135 -0.00010622478031615242 -0.0099335777384004162 -0.037673122885069958 -0.0080458613391242561 0.088931670212693728 -0.020577660747111193 0.026878028512388231 0.008029107842267914 0.016095667806602924 0.024410655954898955 0.028210351037235272 0.019348909789226026 -0.029920820599321482 0.00092089937226332941
leaf_weight=5491.2786029726267 328.89058016240597 550.50398263335228 682.85157188773155 1361.5045293867588 2442.5585898756981 7306.6133163422346 7165.9195065796375 15646.277317106724 3042.118686363101 3945.8708128333092 1425.5616007894278 10971.722345724702 4757.9120245873928 428.07051907479763 3222.3078295886517 2407.9401468336582 4445.4796336293221 4151.8540794551373 2234.9552672207355 8255.0999844670296 27.338995844125748 882.12615831196308 1423.1415531933308 7072.6365714222193 1052.9922177791595 2062.787985086441 3679.6351085752249 237.75982315838337 5271.7045455425978 5871.9418708384037
leaf_count=34973 1625 2252 3347 6301 10809 32560 35089 66877 13659 18647 6219 50634 24300 1812 14231 9959 20226 18977 12019 39770 112 4117 6424 31335 4603 8803 15231 994 28414 25925
internal_value=-2.17899e-05 0.00463286 -0.0292197 -0.00256684 0.0121548 -0.00797871 -0.00577357 0.0101512 0.00469887 -0.00566152 0.00921529 0.00684966 -0.0195123 0.0057506 0.00852618 0.016778 -0.0101453 -0.0029169 -0.0311034 -0.0130392 -0.0361432 0.00256745 0.0151577 0.0141256 0.0289142 0.0117281 0.0324427 0.0521997 -0.0270957 -0.00188696
internal_weight=117847 101644 16203.7 51934.2 49709.4 29764.3 27173.1 45241.5 22169.9 6730.52 15439.4 14013.8 10712.5 27187.3 20592.9 18054.2 19866.5 6594.41 2591.18 15421 2262.29 9976.38 2784.65 10616.5 1481.06 9135.42 4467.9 788.264 5954.56 6754.07
internal_count=550244 459210 91034 243285 215925 141401 127645 197448 101884 31372 70512 64293 56061 120612 90826 76836 95085 29786 13756 74859 12131 44273 12725 46553 6415 40138 18477 3246 31761 30042
is_linear=0
shrinkage=0.05


Tree=14
num_leaves=31
num_cat=0
split_feature=10 10 12 19 19 13 32 1 13 32 5 38 28 36 3 19 28 28 33 33 33 33 33 32 32 43 33 33 28 1
split_gain=5806.96 2145.68 1017.99 896.037 534.703 471.475 445.694 391.071 355.541 355.755 328.757 304.317 310.377 282.272 265.158 251.293 225.272 220.451 215.758 203.077 230.949 195.631 176.086 173.419 192.066 205.855 192.491 380.268 186.708 165.194
threshold=0.013397310842407011 0.024003141068632175 0.035714285714285733 -0.17689747789376378 -0.47970098809730505 0.0097926845701416469 3.5000000000000004 -0.073265336361645658 0.0097926845701416469 4.5000000000000009 -0.25684124565865712 -0.11767359515795615 0.0027586410418160485 0.99960845732184855 -0.07934555141107684 -0.060206225214508795 0.10337996672684012 0.065016454398478876 -4782.4999999999991 -2760.4999999999995 -1779.4999999999998 -4545.4999999999991 -2063.4999999999995 10.500000000000002 8.5000000000000018 5.5000000000000009 -2180.4999999999995 -1496.4999999999998 -0.054278431634802941 0.22928382787012561
decision_type=8 10 10 8 10 10 2 10 10 2 10 8 10 2 10 10 10 10 2 2 2 2 2 2 2 2 2 2 10 8
left_child=2 3 -1 5 7 -2 -7 -3 -9 -10 -6 -5 -13 16 22 -4 21 -16 -11 -18 -21 -12 -8 24 26 -26 -20 -28 -29 -14
right_child=1 4 15 11 10 6 14 8 9 18 13 12 29 -15 17 -17 19 -19 23 20 -22 -23 -24 -25 25 -27 27 28 -30 -31
leaf_value=-0.052315209279368863 -0.037146001109484489 0.028883296744471976 -0.028401227423164477 0.025748856208954837 0.034012425928086024 -0.019165561139141189 0.0053174494261367215 -0.02838802079877897 -0.0047428631715573455 0.081586713538853717 0.02456219452915907 -0.0045962821649650522 0.0072214611545647336 0.036506580473608864 -0.008493899986767332 -0.012617211977082264 0.010346159997801226 0.0082741740211728278 0.0041743280614025486 0.035505557940602325 0.0022183165533954485 0.0087528796732400434 0.041713995760003397 0.017486049166772266 -0.0050557457796231208 0.079443082299094248 0.04243711752540285 0.057185251198098766 -0.0085826348033676142 0.075250836012411823
leaf_weight=3773.6642040163279 1487.7181640118361 1605.8804442882538 6243.9375192523003 1477.1172360479832 2135.1258332431316 6754.447811961174 1474.2817747443914 849.84464573860168 6842.7210106551647 102.08714954555035 2170.739675194025 9169.1532214283943 11321.87897478044 1295.0457499027252 14246.669645041227 4229.9547421634197 2443.0678043961525 2272.8448417931795 3925.7496913820505 2766.0105143487453 642.02394326031208 19856.818926036358 429.0119301378727 3958.52195315063 3861.2909937053919 73.448765680193901 1142.2050322890282 123.74530111253262 843.46127660572529 89.945442378520966
leaf_count=25923 8557 6670 34168 6304 8943 33188 6611 4426 30753 423 9272 43288 51170 5390 68358 22233 10298 10286 17202 11449 2722 86750 1920 17134 16869 311 4795 548 3734 374
internal_value=-0.000124135 0.0040008 -0.0300491 -0.00362796 0.0108037 -0.00979503 -0.00817887 0.00507358 0.00331344 0.00460416 0.0150734 0.00382712 0.00225378 0.0136873 -0.00415076 -0.0220267 0.0126273 -0.00618686 0.00916272 0.021348 0.0292347 0.0103108 0.0135214 0.0086319 0.00511638 -0.00347843 0.0107199 0.0229017 -0.000168231 0.00775765
internal_weight=117608 103361 14247.6 48723.1 54637.8 26665 25177.3 23329 21723.1 20873.2 31308.8 22058.1 20581 29173.7 18422.8 10473.9 27878.7 16519.5 14030.5 5851.1 3408.03 22027.6 1903.29 13928.4 9969.9 3934.74 6035.16 2109.41 967.207 11411.8
internal_count=550069 467745 82324 230056 237689 128920 120363 102865 96195 91769 134824 101136 94832 125881 87175 56401 120491 78644 61016 24469 14171 96022 8531 60593 43459 17180 26279 9077 4282 51544
is_linear=0
shrinkage=0.05


Tree=15
num_leaves=31
num_cat=0
split_feature=10 10 19 12 37 19 5 38 0 5 43 20 32 12 33 3 33 32 33 33 7 33 10 33 43 0 43 33 33 32
split_gain=5280.1 2148.65 917.649 744.721 545.88 603.995 453.172 344.783 322.211 313.006 303.831 281.095 266.968 265.025 251.674 224.222 186.123 185.324 245.137 332.051 185.129 184.518 181.288 166.553 165.936 164.135 162.096 160.965 562.381 315.688
threshold=0.012337430784020853 0.024003141068632175 -0.11620636421516613 0.035714285714285733 -0.08086303758622275 -0.31163533289633932 -0.13352272727272749 0.015585349832599961 0.084447666223672516 -0.16409462570453351 3.5000000000000004 0.05709618662577462 4.5000000000000009 0.14999999999999969 -4782.4999999999991 -0.072368421052631346 -4285.4999999999991 4.5000000000000009 -4285.4999999999991 -4348.4999999999991 -0.10457516339869281 -1899.4999999999998 0.041282137709043133 -4846.4999999999991 1.5000000000000002 0.095383202923156732 2.5000000000000004 -2367.4999999999995 -1779.4999999999998 3.5000000000000004
decision_type=8 10 8 10 10 10 10 10 10 8 2 10 2 10 2 10 2 2 2 2 10 2 10 2 2 10 2 2 2 2
left_child=3 2 6 -1 23 11 15 13 27 24 25 -6 -13 -8 -14 21 -12 -15 19 -19 -5 -2 -16 -3 -4 -11 -22 -7 29 -29
right_child=1 4 9 20 5 8 7 -9 -10 10 16 12 14 17 22 -17 -18 18 -20 -21 26 -23 -24 -25 -26 -27 -28 28 -30 -31
leaf_value=-0.051479472544103802 0.009246166497067913 -0.029490641981493728 0.052834631323970219 -0.0076276324214593853 -0.039238053052687419 0.0090121304716372311 -0.047059037219053489 -0.0029988643196165658 0.036739559041430517 -0.0061133703370881524 0.025845313397042415 -0.004219166047062046 0.070888737372976324 -0.022753266619089017 0.0044634871118269942 -0.0040442805121205395 0.0048653758291894982 -0.0054772478743248774 -0.01386284183929571 0.065333274936480307 -0.037237603642169825 0.052137459315138357 0.019869676043710812 0.026071370531507976 0.015176757505532767 0.060101948967713696 -0.020915838037480459 0.007909899521296641 0.0048343462519594028 0.03588480545813607
leaf_weight=3566.9616561532021 1550.4605568349361 138.16522248089314 336.09473234415054 1430.9045183956623 389.3986476957798 13465.51537913084 704.03144437074661 5963.6286852806807 1466.0044724792242 8586.2844862341881 1189.0778549164534 7492.1524588763714 153.59183490276337 5822.4625521451235 13895.191706091166 5285.0443915277719 9527.0406088978052 575.3325946778059 8936.3971297293901 232.4468257278204 2562.5101859122515 299.12592345476151 2213.7082783728838 5666.6064437776804 2256.7411049157381 94.620417192578316 3743.2761757224798 1361.0184501856565 4701.5715892165899 3893.1405572444201
leaf_count=25405 6883 592 1401 7546 2256 57985 4423 28275 5991 40575 5349 33928 631 29646 61156 24776 43506 2774 44061 1087 14671 1309 9330 23487 9939 398 20605 5922 20464 16303
internal_value=-9.08521e-05 0.00336721 -0.00398176 -0.0325784 0.0102502 0.00853368 -0.00976496 -0.0132833 0.0139996 0.00374208 0.00156109 0.00289946 0.0035902 -0.0170527 0.00718799 0.0011994 0.00719334 -0.0156957 -0.0114785 0.0148992 -0.0238642 0.0161828 0.00658063 0.0247489 0.0200581 -0.00539163 -0.0275486 0.0125763 0.0173969 0.0286383
internal_weight=117499 106195 51358.8 11303.7 54836.1 49031.3 29368.9 22234.3 24887.3 21989.9 19397 24144 23754.6 16270.7 16262.5 7134.63 10716.1 15566.6 9744.18 807.779 7736.69 1849.59 16108.9 5804.77 2592.84 8680.9 6305.79 23421.2 9955.73 5254.16
internal_count=550674 482447 244402 68227 238045 213966 143234 110266 106665 101168 89828 107301 105045 81991 71117 32968 48855 77568 47922 3861 42822 8192 70486 24079 11340 40973 35276 100674 42689 22225
is_linear=0
shrinkage=0.05


Tree=16
num_leaves=31
num_cat=0
split_feature=13 10 10 38 38 1 5 1 32 13 32 32 3 10 35 43 7 34 5 7 5 43 43 32 1 12 32 5 43 5
split_gain=4967.41 1810.73 1325.18 627.106 589.243 540.971 409.527 327.123 325.101 284.803 257.243 328.427 247.02 207.975 229.66 200.673 191.099 196.541 200.284 184.101 179.102 183.769 181.818 270.303 164.283 163.959 162.599 172.306 145.197 289.747
threshold=0.021998353280922884 0.0092703030303493642 0.028959039321796724 -0.103643524326875 0.03378857140339276 0.0029430690847886969 -0.12328767123287636 -0.093606540194950669 4.5000000000000009 1.2437810945298651e-05 3.5000000000000004 2.5000000000000004 -0.11267605633802751 0.020302495924791723 0.087795568795345794 1.5000000000000002 -0.0030291560571651939 4.0766892672816306 -0.27897536788227784 -0.01734101879452837 -0.099078765350374395 2.5000000000000004 1.5000000000000002 5.5000000000000009 -0.060406997808872868 1.0000000180025095e-35 1.5000000000000002 -0.090476190476190585 1.5000000000000002 -0.26333926453143547
decision_type=10 8 10 8 8 8 8 10 2 8 2 2 10 10 10 2 10 2 10 10 8 2 2 2 10 10 2 10 2 10
left_child=1 25 3 12 8 6 -3 -4 26 -8 11 -9 15 14 -7 -2 17 18 -12 -6 22 -22 23 -10 -11 -1 28 -28 29 -5
right_child=2 5 7 4 19 13 9 10 20 24 16 -13 -14 -15 -16 -17 -18 -19 -20 -21 21 -23 -24 -25 -26 -27 27 -29 -30 -31
leaf_value=-0.051556120283305411 0.057444721327173556 -0.0017987942502021425 0.037040025700982256 -0.041459508103422471 0.0030839157806798745 -0.0072174716863820376 -0.039915337159516277 0.010946160963528897 0.085721954067063053 0.045754073838395949 0.038688653033952053 -0.011959051295033919 0.0096499307837000226 0.013981233754560798 0.08393271760705967 0.020576705948131158 0.03093177090313412 0.0068045051229519912 0.015581478667796937 0.01407392000231769 -0.010827982742612072 0.00057662286857753677 0.0037989078212298842 -0.0048997157211843438 -0.018954771723140511 -0.034699667412258245 -0.0052232639260408548 -0.019713771788305787 -0.0039128357661233791 0.083084965087918003
leaf_weight=3052.1982301473618 521.80046911537647 3343.5749132335186 1430.607176810503 71.48260597884655 12862.459334895015 4325.7096154987812 1803.8847716748714 5908.0861544013023 170.24326452612877 99.083899095654488 1006.0960902124643 2128.9054019451141 4930.5822462290525 1915.114816814661 70.227170616388321 1261.1192661225796 1794.0535004734993 6650.8653564453125 13806.567000374198 5414.8880474120378 6136.9044975191355 8322.4119917750359 6159.2679497599602 159.2668616771698 9736.7018088102341 2735.4882159233093 3132.4784361571074 5944.968261256814 2277.2774438261986 134.69459262490273
leaf_count=22649 2137 15974 5822 343 57937 21976 11116 25458 735 464 4151 9513 21519 8802 285 5238 7326 28165 58432 23808 29089 38926 28030 719 50024 16714 14827 29304 10745 619
internal_value=-9.99742e-06 -0.01879 0.00562702 0.00105561 -0.000842882 -0.0120498 -0.0172219 0.0136592 -0.00488118 -0.0216523 0.0125904 0.00487884 0.0154173 0.000229651 -0.0057613 0.0313667 0.0152553 0.0139449 0.0171509 0.00633984 -0.00116668 -0.00426378 0.00573478 0.0419205 -0.0183029 -0.0435891 -0.0116118 -0.0147133 -0.000275081 0.0399048
internal_weight=117307 27082 90225 57499.8 50786.3 21294.3 14983.2 32725.2 32509 11639.7 31294.6 8036.99 6713.5 6311.05 4395.94 1782.92 23257.6 21463.5 14812.7 18277.3 20948.1 14459.3 6488.78 329.51 9835.79 5787.69 11560.9 9077.45 2483.45 206.177
internal_count=550847 148004 402843 263976 235082 108641 77578 138867 153337 61604 133045 34971 28894 31063 22261 7375 98074 90748 62583 81745 97499 68015 29484 1454 50488 39363 55838 44131 11707 962
is_linear=0
shrinkage=0.05


Tree=17
num_leaves=31
num_cat=0
split_feature=10 13 10 33 13 37 43 38 43 33 33 32 32 33 33 32 33 38 13 7 33 33 33 32 33 7 32 19 13 33
split_gain=4612.5 1858.13 705.584 689.615 667.505 640.239 424.706 421.955 356.821 370.099 508.791 659.033 405.956 440.196 354.75 318.556 450.706 315.106 313.948 297.965 272.271 268.175 283.234 353.952 267.148 262.037 216.178 204.152 199.952 187.036
threshold=0.012337430784020853 0.036677915470326956 0.020677609216243488 -4545.4999999999991 0.0070241359699331962 -0.083166332665358153 3.5000000000000004 0.20306721253732266 2.5000000000000004 -1608.4999999999998 -2353.4999999999995 8.5000000000000018 3.5000000000000004 -2339.4999999999995 -2583.4999999999995 10.500000000000002 -2760.4999999999995 -0.067320832518034709 0.0097926845701416469 -0.023809523809523777 -4846.4999999999991 -4285.4999999999991 -4328.4999999999991 1.5000000000000002 -1443.4999999999998 -0.30875508347457847 3.5000000000000004 0.31477382683247196 1.2437810945298651e-05 -4846.4999999999991
decision_type=8 10 10 2 10 8 2 10 2 2 2 2 2 2 2 2 2 10 10 8 2 2 2 2 2 10 2 10 10 2
left_child=4 2 6 -4 -1 29 17 20 18 10 14 12 13 -12 15 -10 -17 -2 -5 21 -7 22 23 -8 -11 -22 -23 -27 -19 -3
right_child=1 5 3 8 -6 7 19 -9 9 24 11 -13 -14 -15 -16 16 -18 28 -20 -21 25 26 -24 -25 -26 27 -28 -29 -30 -31
leaf_value=-0.046172555952486788 -0.004024306480679014 -0.01184874540363821 0.025497889936102566 -0.029122553327364988 -0.020908279466009386 -0.019374849976716818 0.1048208346007731 0.020500198180523663 0.00025911804487593903 -0.031744136382679998 0.086989979620324467 -0.0063241379995119104 0.05689321935796178 -0.0023748289645445704 -0.036357927473803862 0.018419416034528294 0.12826450044612012 -0.045956684811958533 -0.0038473105875218268 0.015725644842835725 0.021598210439290971 -0.021588371084280241 0.070311652893620902 -0.0069204965538991782 0.0077516607785929649 0.002812729941128449 -0.0038647192274897709 0.010856177380165085 -0.01779589815870905 0.027221966824525337
leaf_weight=4335.2745131999254 4722.4488590806723 323.17069186270237 2903.8957993686199 1418.8526117056608 6586.6125900149345 1019.7149403095245 79.444060400128365 5878.070442199707 7634.3057622462511 1104.9404728114605 168.7172304391861 1176.1938634216785 1376.0903526991606 752.01655746996403 573.630580291152 1234.3996409773827 101.02683629095554 676.52224090695381 9162.1174502968788 1968.3433334678411 2773.9651157706976 2228.0574159920216 215.53760033845901 656.57126542925835 698.98872756958008 22539.282550543547 7551.9319241046906 12136.591076210141 9234.5373443067074 5871.386717364192
leaf_count=31889 22374 1441 12619 7597 36539 4871 370 24208 34933 5175 775 5297 5886 3465 2586 5504 445 4438 42041 9044 11728 11169 986 3133 3261 99530 36708 52241 46564 24154
internal_value=4.07149e-06 0.00318666 -0.00311745 0.00241567 -0.0309365 0.0101265 -0.00884729 0.00802323 -0.000223112 0.00478416 0.00772564 0.0241123 0.0396987 0.0140006 0.00176219 0.00420004 0.0267293 -0.0146535 -0.00723659 -0.00215706 0.00611678 -0.00543704 0.0199026 0.00514065 -0.0164403 0.00681089 -0.00790249 0.00562794 -0.0197181 0.0251836
internal_weight=117103 106181 55638.6 28305.2 10921.9 50542.2 27333.4 44347.6 25401.3 14820.3 13016.4 3473.02 2296.82 920.734 9543.36 8969.73 1335.43 14633.5 10581 12699.9 38469.6 10731.5 951.553 736.015 1803.93 37449.8 9779.99 34675.9 9911.06 6194.56
internal_count=550971 482543 264370 129584 68428 218173 134786 192578 116965 67327 58891 15423 10126 4240 43468 40882 5949 73376 49638 61410 168370 52366 4489 3503 8436 163499 47877 151771 51002 25595
is_linear=0
shrinkage=0.05


Tree=18
num_leaves=31
num_cat=0
split_feature=10 13 12 19 37 13 10 0 32 10 4 9 2 33 43 29 33 33 32 32 33 33 33 32 33 33 7 32 33 10
split_gain=4207.1 1554.42 911.134 615.88 540.147 455.602 411.424 338.996 278.133 265.666 254.626 251.322 225.583 212.807 193.34 178.916 177.073 241.769 244.016 323.446 210.995 231.57 179.984 170.926 167.061 162.169 161.957 158.258 278.724 151.19
threshold=0.013397310842407011 0.038854776774547323 0.035714285714285733 -0.23107552411182272 -0.090909090909138277 0.0023806825801352452 0.028959039321796724 0.084447666223672516 3.5000000000000004 0.021237442525768275 -0.07548935027720198 0.035052050016905117 0.0064102564102571655 -4545.4999999999991 3.5000000000000004 -0.18061034596415754 -3635.4999999999995 -3461.4999999999995 8.5000000000000018 3.5000000000000004 -2194.4999999999995 -1568.4999999999998 -3496.4999999999995 1.5000000000000002 -4487.9999999999991 -4285.4999999999991 -0.20327884938083393 5.5000000000000009 -1508.4999999999998 0.016922319511371593
decision_type=8 10 10 8 8 10 10 10 2 10 10 10 10 2 2 10 2 2 2 2 2 2 2 2 2 2 8 2 2 10
left_child=2 3 -1 5 -3 -2 8 11 23 14 -4 16 -12 -11 -5 -16 -6 22 19 -19 -21 -22 -18 29 -8 -17 -10 28 -23 -7
right_child=1 4 10 9 7 6 24 -9 26 13 12 -13 -14 -15 15 25 17 18 -20 20 21 27 -24 -25 -26 -27 -28 -29 -30 -31
leaf_value=-0.049214358798855495 -0.031238366693511377 0.02577845759260973 0.006143268103296272 -0.0073108011590921167 -0.0020942629629361765 -0.02542114987751759 0.026609778637010546 0.029897309844716925 0.0050387502730573873 0.027872353501968691 -0.026946121271197016 0.012678746203664265 -0.010209528999996137 0.0071246559116753443 0.055054295943310995 0.027222104414951577 0.016419934304215511 8.6470413924014798e-06 -0.0029445125817270518 0.006812820075999957 0.039709586948749792 -0.0070899974246090777 0.061548800732047382 -0.020888597638202541 0.0031689154770813016 0.00097771595308535748 -0.0067831719496458474 0.0017865379707820974 0.055692266885612379 0.0048015547799983484
leaf_weight=3310.4728556126356 1743.8286534845829 4986.5228033214808 916.6598754376173 6010.1128233522177 7498.2006609737873 578.34184364974499 883.27354061603546 1744.6431046724319 3550.647103369236 1416.4669057428837 6181.5683171600103 14133.31489469111 2985.7804825752974 9695.6333814412355 175.09725773334503 659.44720838963985 697.2737820148468 4558.8134460300207 5476.4906795620918 2570.0574862360954 1595.0003301054239 287.2874621450901 323.40858878195286 5215.6527603715658 5450.4901425689459 5480.5279133617878 15739.549443155527 1112.2162124812603 459.59584768116474 1454.5208372324705
leaf_count=26000 10453 20425 4713 28854 33159 2971 3745 7130 15885 6035 35784 59426 16063 42969 755 2968 3046 20404 23963 11271 6639 1268 1382 26349 23955 25494 76030 4902 1990 6904
internal_value=-8.68951e-05 0.00332559 -0.0264545 -0.00209579 0.0102515 -0.00633336 -0.00501219 0.00833765 -0.00774488 0.004163 -0.0189827 0.007366 -0.0214951 0.00976938 -0.000891584 0.00521764 0.00431101 0.00712293 0.00562323 0.0100569 0.0176609 0.0257326 0.0307193 -0.0160951 0.00643786 0.00379642 -0.00460717 0.0137411 0.0315432 -0.00379669
internal_weight=116891 103496 13394.5 58053.6 45442.8 34616.3 32872.5 40456.3 26538.7 23437.3 10084 38711.7 9167.35 11112.1 12325.2 6315.07 24578.3 17080.1 16059.5 10583 6024.16 3454.1 1020.68 7248.52 6333.76 6139.98 19290.2 1859.1 746.883 2032.86
internal_count=550932 468372 82560 273367 195005 166292 155839 174580 128139 107075 56560 167450 51847 49004 58071 29217 108024 74865 70437 46474 26070 14799 4428 36224 27700 28462 91915 8160 3258 9875
is_linear=0
shrinkage=0.05


Tree=19
num_leaves=31
num_cat=0
split_feature=10 13 10 19 5 38 4 1 5 20 3 19 43 32 32 0 13 0 32 32 5 43 38 32 32 3 34 43 43 37
split_gain=3827.37 1374.81 1073.25 580.835 379.372 305.487 300.083 289.371 283.626 267.557 258.904 249.735 243.079 236.27 318.278 226.617 223.472 188.17 176.326 174.671 162.57 213.249 206.441 146.972 135.962 140.642 135.84 132.69 126.36 124.1
threshold=0.015947366092470487 0.0090181250712808633 0.028959039321796724 -0.037012748658158491 -0.13142857142857181 0.015585349832599961 -0.07548935027720198 -0.09959332793308083 -0.0666668461541257 0.081250802695659083 -0.1584123869469988 -0.16696326214867602 1.5000000000000002 3.5000000000000004 2.5000000000000004 0.095383202923156732 0.011083276227219049 0.084447666223672516 5.5000000000000009 4.5000000000000009 -0.077441077441077741 1.5000000000000002 0.0086455331411543507 3.5000000000000004 10.500000000000002 -0.0065359477124182211 4.0766892672816306 1.5000000000000002 3.5000000000000004 -0.052211114606022395
decision_type=8 10 10 8 8 8 10 10 10 10 8 10 2 2 2 8 10 10 2 2 8 2 10 2 2 10 2 2 2 10
left_child=1 8 3 4 12 16 -3 -4 -1 -9 -5 -8 -2 14 -11 20 -6 18 -15 -18 21 -12 -22 -7 -14 -26 27 -20 -13 -29
right_child=2 6 7 10 5 23 11 9 -10 13 15 28 24 17 -16 -17 19 -19 26 -21 22 -23 -24 -25 25 -27 -28 29 -30 -31
leaf_value=-0.013177019004424471 0.029186890340697137 0.0065907392111514765 0.035032385513676954 0.046895975084736183 -0.032275543415666193 -0.0095993210009303331 -0.020742928845772755 -0.031759533752782405 -0.046644752005418295 0.0093353893999737897 0.035117016072434525 -0.015541024026865108 -0.0010211451894188001 0.022482695562352339 -0.012562965759915721 0.0408737530105674 -0.01579116452264313 0.033156210434672512 -0.003197399752527968 -0.0052416489244649402 -0.0053889553579516396 0.0079737804851787789 0.006360160808170672 0.0041002951082881435 0.02783842809093744 -0.0058533137237452544 0.0044251772755794531 0.024788709423065772 -0.0017773876550435008 0.012268002332993048
leaf_weight=740.21038521081209 970.60505771636963 1898.0935955196619 1220.7379557490349 383.47376000881195 1108.9758092314005 2683.8459472209215 7671.0808535814285 374.73933923244476 4372.5243200808764 6251.08334235847 818.04029190540314 2889.8575473278761 5557.3400007784367 3567.4763302505016 2258.90265186131 443.71730700135231 6191.7109138965607 1124.0615936815739 1134.0032183527946 10711.767954021692 5933.9339463114738 6268.5420948117971 10106.411454573274 7236.3572408407927 918.96704237163067 467.23623801767826 6439.3634320348501 2442.3853257000446 3942.6029607355595 10431.760709702969
leaf_count=4707 4127 9119 4945 1573 6674 12756 41736 2274 33748 26786 3480 15271 25158 14942 10105 1854 30876 4543 4804 50698 27680 27809 44137 32979 4037 2152 27186 10175 20075 44098
internal_value=-0.000117572 -0.0191611 0.0041931 0.000114163 -0.003914 -0.00665194 -0.0121043 0.011114 -0.0417994 0.0102558 0.00614222 -0.0145509 0.00574943 0.0107237 0.00352266 0.0054792 -0.0105324 0.0131614 0.0122255 -0.00910592 0.00480011 0.0111071 0.00201372 0.000393954 0.00247321 0.0164822 0.010436 0.0131991 -0.00759886 0.0146433
internal_weight=116560 21514.4 95045.4 59800.9 35846.8 27932.7 16401.6 35244.5 5112.73 34023.8 23954.1 14503.5 7914.15 33649 8509.99 23570.6 18012.5 25139.1 24015 16903.5 23126.9 7086.58 16040.3 9920.2 6943.54 1386.2 20447.5 14008.1 6832.46 12874.1
internal_count=550504 124656 425848 275990 169457 133983 86201 149858 38455 144913 106533 77082 35474 142639 36891 104960 88248 105748 101205 81574 103106 31289 71817 45735 31347 6189 86263 59077 35346 54273
is_linear=0
shrinkage=0.05


Tree=20
num_leaves=31
num_cat=0
split_feature=10 13 12 7 28 4 33 13 33 33 32 32 33 33 33 28 33 33 33 33 33 33 33 43 7 33 32 33 32 37
split_gain=3576.36 1374.03 658.52 608.959 497.008 489.779 356.666 337.159 332.259 334.29 374.784 459.344 618.455 512.625 527.238 404.35 325.804 491.166 354.788 323.309 758.003 368.437 329.023 311.888 291.656 276.94 271.144 260.272 337.374 251.645
threshold=0.012337430784020853 0.028689790771656384 0.035714285714285733 -0.27270917776491016 -0.00030917781959142755 0.13291015898023731 -1608.4999999999998 0.0070241359699331962 -878.49999999999989 -2381.9999999999995 8.5000000000000018 3.5000000000000004 -1568.4999999999998 -2339.4999999999995 -1932.4999999999998 -0.04153281939806467 -2728.4999999999995 -2760.4999999999995 -2742.4999999999995 -2180.4999999999995 -2150.4999999999995 -1914.4999999999998 -4545.4999999999991 1.5000000000000002 -0.19997006884166416 -4846.4999999999991 1.5000000000000002 -4824.4999999999991 8.5000000000000018 -0.01918047079340068
decision_type=8 10 10 8 10 10 2 10 2 2 2 2 2 2 2 10 2 2 2 2 2 2 2 2 8 2 2 2 2 8
left_child=2 4 -1 -3 7 8 19 -2 9 16 11 13 -13 26 -15 -14 17 25 -19 22 -21 -22 27 -18 -9 -5 -11 -6 -29 -16
right_child=1 3 -4 5 6 -7 -8 24 -10 10 -12 12 15 14 29 -17 23 18 -20 20 21 -23 -24 -25 -26 -27 -28 28 -30 -31
leaf_value=-0.04783564520085818 -0.030456000801236685 0.019354002145470131 -0.020018930108989291 -0.017424274499173168 -0.0029600436314208326 0.013297176793421163 -0.017440539140307451 0.0034231157776690399 -0.036010313660283309 0.022003419808474468 -0.001354497625563107 0.042491340063053683 0.044112125671610047 -0.021654419623928983 0.030372192989925453 0.0017690177709454797 0.023678420892594074 0.10476707619160693 0.013039923460884943 0.081138339029734816 -0.018213641233128294 0.024633421937104577 -0.0029709789390486357 -0.016701179102314678 -0.012523835230270196 0.0026948395991837379 0.08487645479019984 0.064295164059093177 0.0011405768525333709 -0.0005043205432543593
leaf_weight=3002.9889217242599 2021.5523039028049 8369.3966349363327 7299.0848625600338 1843.9236935377121 611.42568255960941 13884.51238040626 2304.8240175321698 3746.0975996106863 549.10766077041626 639.85992313921452 6308.4471058994532 2486.0645348578691 700.70106591284275 2096.0309090018272 1084.3655923008919 2885.9438589066267 539.45268012583256 196.2651132941246 227.74223099648952 422.11380921304226 829.30029751360416 1270.1461219191551 10156.828168928623 4211.9705732166767 12220.490288361907 23627.985348805785 234.2592207044363 537.50294394791126 348.62317508459091 1685.7650415748358
leaf_count=25290 12064 34724 42796 8819 2836 58106 11771 16889 2590 2822 27749 10401 3114 9403 4946 12921 2382 849 984 1804 4136 5881 48634 18792 61450 105759 1041 2349 1530 7687
internal_value=-2.18049e-06 0.00273024 -0.0281273 0.00668003 -0.00547119 0.00500172 0.000801335 -0.0112181 0.00266629 0.00310177 0.00848522 0.0137399 0.0233258 0.00359882 -0.00273397 0.0100413 -8.14109e-05 0.00212684 0.0554987 0.00376723 0.0200007 0.00770844 0.000254917 -0.0121167 -0.00878234 0.00123841 0.0388531 0.0221339 0.0394486 0.0115823
internal_weight=116343 106041 10302.1 71571.8 34468.9 63202.4 16480.8 17988.1 49317.9 48768.8 18121.4 11813 6072.71 5740.28 4866.16 3586.64 30647.3 25895.9 424.007 14175.9 2521.56 2099.45 11654.4 4751.42 15966.6 25471.9 874.119 1497.55 886.126 2770.13
internal_count=550519 482433 68086 313089 169344 278365 78941 90403 220259 217669 80084 52335 26436 25899 22036 16035 137585 116411 1833 67170 11821 10017 55349 21174 78339 114578 3863 6715 3879 12633
is_linear=0
shrinkage=0.05


Tree=21
num_leaves=31
num_cat=0
split_feature=13 8 13 38 37 5 5 28 38 28 32 32 32 1 38 32 28 32 32 1 32 38 13 34 32 20 5 28 9 34
split_gain=3223.35 1187.13 883.153 489.465 488.614 459.393 367.97 438.055 329.042 292.554 232.684 202.49 219.309 191.603 182.28 171.634 160.145 159.897 252.76 233.13 170.791 157.518 170.213 150.158 130.441 156.319 129.506 127.7 122.869 119.179
threshold=0.019635504542735199 1.0000000180025095e-35 0.038033692768250645 -0.053540553193677003 -0.078707183506940656 -0.09569377990430343 -0.099078765350374395 0.048449465448957729 0.21319972074643359 -0.00030917781959142755 6.5000000000000009 3.5000000000000004 5.5000000000000009 0.0080000000000018962 0.026876686340698289 1.5000000000000002 -0.079244059646408654 2.5000000000000004 3.5000000000000004 -0.10888228995168718 8.5000000000000018 -0.021600164984312883 0.01259175357407909 3.0468977391027221 10.500000000000002 1.8862116000924212 -0.22943443206030464 0.14547000426390547 0.013195679221310428 2.7942232096912614
decision_type=10 8 10 10 8 10 8 10 10 10 2 2 2 10 8 2 8 2 2 10 2 8 8 2 2 10 8 10 10 2
left_child=1 3 6 26 16 9 24 10 11 -3 14 15 -13 -7 -8 -6 17 -4 19 -19 -20 -11 -23 -9 25 -2 -1 -25 -12 -26
right_child=2 5 4 -5 8 13 7 23 -10 21 28 12 -14 -15 -16 -17 -18 18 20 -21 -22 22 -24 27 29 -27 -28 -29 -30 -31
leaf_value=0.026859633715281484 0.0024462010118155054 -0.0073746748561563857 0.064592207479770278 -0.043927042542824972 0.0068740709628871332 -0.019424150671548103 -0.015486631940385343 0.017034608791284093 0.018073621458043743 0.007950026521727778 -0.012178206541422822 0.01597434189857368 0.0047014158655032251 -0.0035207694555927111 -0.0015000562653688871 -0.0073985959164033794 0.014819058639718288 0.056922219000784514 0.052590373167669159 -0.019002112492488996 0.021243164781164094 0.0702283290914643 0.018476884033252552 -0.0010610056858755786 0.038160510191465796 0.034801598275705739 -0.016533480253073597 0.016887871088797763 8.1819815754600856e-05 0.01079443000035564
leaf_weight=200.9424732029438 10723.591767907143 2152.7129112035036 308.13804924488068 4819.2692069858313 3476.8996974825859 7888.6223708093166 9461.9525816440582 2165.7746992409229 5372.8734584897757 977.64540354907513 2567.7978653758764 5391.8435524106026 21591.068129494786 2492.2861419022083 3090.2675081640482 5343.5930886268616 3929.1266920566559 129.9327131062746 811.17845250666142 455.71707202494144 935.77705675363541 268.43143326789141 389.34141182899475 5848.808842971921 495.2175115942955 386.76487900316715 1191.5005377084017 1193.1090517193079 10010.892545744777 2023.4058540314436
leaf_count=969 48937 10879 1263 37709 15152 44101 47254 9636 21946 4691 13307 23075 93189 13011 14491 24264 16171 528 3295 1937 3857 1287 1809 26481 2173 1701 6396 5163 46784 8995
internal_value=-0.000102481 -0.0181574 0.00374203 -0.0363827 0.00855602 -0.0101674 -0.00104974 -0.00380868 0.00653562 0.00473639 -0.00722701 0.00480416 0.00695402 -0.015606 -0.0120432 -0.00177253 0.0212188 0.0307409 0.0262691 -0.00215748 0.0357989 0.0206783 0.0395962 0.0055211 0.0059015 0.00357253 -0.0102715 0.00198006 -0.00242093 0.0161752
internal_weight=116094 20380.8 95713.7 6211.71 47746.1 14169 47967.6 34338.6 41176.3 3788.13 25130.9 35803.4 26982.9 10380.9 12552.2 8820.49 6569.87 2640.74 2332.61 585.65 1746.96 1635.42 657.773 9207.69 13629 11110.4 1392.44 7041.92 12578.7 2518.62
internal_count=550451 120852 429599 45074 204677 75778 224922 163116 177626 18666 121836 155680 116264 57112 61745 39416 27051 10880 9617 2465 7152 7787 3096 41280 61806 50638 7365 31644 60091 11168
is_linear=0
shrinkage=0.05


Tree=22
num_leaves=31
num_cat=0
split_feature=10 10 20 5 28 12 7 28 32 32 33 33 11 33 32 32 33 33 33 33 20 33 33 33 33 8 33 34 1 33
split_gain=3084.51 1341.42 611.109 431.147 494.074 358.88 352.354 359.146 245.437 295.204 283.403 260.917 418.439 223.779 206.107 249.073 297.663 362.96 201.883 198.685 195.12 175.625 287.723 226.7 196.419 167.636 165.518 164.762 160.686 158.394
threshold=0.010714696024264872 0.024003141068632175 0.51212421417947473 -0.16666666666666666 0.07081496346152262 1.0000000180025095e-35 -0.2988900556732117 0.047484162219619756 3.5000000000000004 1.5000000000000002 -1620.4999999999998 -4545.4999999999991 1.3793324900128974 -4098.4999999999991 3.5000000000000004 7.5000000000000009 -2194.4999999999995 -1899.4999999999998 -3844.4999999999995 -1568.4999999999998 0.05709618662577462 -3461.4999999999995 -2760.4999999999995 -3477.4999999999995 -2742.4999999999995 0.35780903517544244 -866.49999999999989 2.7819152571143779 -0.029656540204068545 -4545.4999999999991
decision_type=8 10 8 8 10 10 10 10 2 2 2 2 8 2 2 2 2 2 2 2 10 2 2 2 2 10 2 2 10 2
left_child=5 2 28 13 8 -1 26 20 9 10 11 12 -5 -4 -9 16 -16 -18 -13 -19 -8 23 -23 -20 -24 29 -3 -17 -2 -22
right_child=1 6 3 4 -6 -7 7 14 -10 -11 -12 18 -14 -15 15 27 17 19 21 -21 25 22 24 -25 -26 -27 -28 -29 -30 -31
leaf_value=-0.046896145184477239 0.0031837989153579676 0.019575921098083763 -0.0039837560102393412 0.05808886126214368 0.0089068532227299813 -0.023501653269523304 -0.036411212792200824 0.001923843100950996 -0.003235938807212806 -0.019104966416289858 0.038630309515496619 -0.050629272332900647 -0.03708323067137035 0.017831258329079031 0.012256181441221134 0.025949751104636321 0.086452553192903375 0.038327510868768622 0.0089923637771878919 0.0045127763071830069 0.014533142754223127 -0.043227591821521055 0.11124825722553122 0.13071102489760267 -0.001606254315299532 0.01137148081988937 -0.060419156002774782 0.0061245385559374529 -0.01999314590682209 0.00052916114029226326
leaf_weight=2586.1862693578005 848.91490790247917 6135.0930901020765 1665.2645976543427 338.1693851351738 6884.2296714484692 4477.4563219770789 311.55366039276123 3926.6949203163385 24963.160598836839 6095.8528329282999 413.70244378596544 322.30451746284962 175.39246527850628 3997.6736112684011 2798.8552874028683 1248.5179301351309 312.46965110301971 1536.5500501394272 267.24646770954132 605.61837573349476 2203.9375257641077 541.59607411921024 40.724209845066071 44.644611746072769 724.00722226500511 5404.9589377343655 65.352159112691879 6525.4398074895144 6280.6750533059239 24087.627713531256
leaf_count=23441 4096 25483 7349 1557 30758 28170 2010 16932 121681 31195 2038 1615 887 17643 11712 5186 1270 6217 1308 2576 9408 2813 189 212 3482 22910 282 27264 34075 106465
internal_value=-4.96156e-05 0.0020297 -0.0036032 -0.00151217 -0.00330611 -0.032067 0.00750339 0.00608133 -0.0057843 -0.0128813 0.000347846 -0.0061057 0.0255855 0.0114163 0.0119653 0.0149919 0.023402 0.0361108 -0.0144928 0.0287677 0.00296471 -0.00729544 -0.015344 0.0264154 0.00440358 0.00335175 0.0187328 0.00930852 -0.0172335 0.00170307
internal_weight=115830 108766 53603.6 46474 40811 7063.64 55162.7 48962.2 33926.8 8963.64 2867.79 2454.08 513.562 5662.94 16954.1 13027.5 5253.49 2454.64 1940.52 2142.17 32008.1 1618.22 1306.33 311.891 764.731 31696.5 6200.45 7773.96 7129.59 26291.6
internal_count=550224 498613 260898 222727 197735 51611 237715 211950 166977 45296 14101 12063 2444 24992 71157 54225 21775 10063 9619 8793 140793 8004 6484 1520 3671 138783 25765 32450 38171 115873
is_linear=0
shrinkage=0.05


Tree=23
num_leaves=31
num_cat=0
split_feature=10 13 0 10 37 5 13 37 36 29 33 33 5 38 33 33 34 33 33 33 0 33 33 33 33 33 33 3 33 7
split_gain=2913.62 1155.76 572.795 439.257 427.716 403.485 393.729 288.876 206.108 203.474 199.25 293.248 192.999 236.61 180.927 547.813 257.569 183.912 249.33 171.539 163.513 158.272 269.344 444.775 301.798 289.522 225.841 186.423 195.599 168.477
threshold=0.011400824546765357 0.037463099032309641 0.0029311200830683952 0.0071897977074470484 -0.08086303758622275 -0.12328767123287636 1.2437810945298651e-05 0.098369780199114035 0.99960845732184855 -0.08023291506807205 -4824.4999999999991 -4782.4999999999991 -0.13352272727272749 0.029154658589628294 -3431.4999999999995 -3620.4999999999995 3.9936025676927458 -4285.4999999999991 -4348.4999999999991 -878.49999999999989 0.084447666223672516 -2194.4999999999995 -1779.4999999999998 -1932.4999999999998 -1685.4999999999998 -2004.4999999999998 -2325.4999999999995 -0.038251366120218559 -1496.4999999999998 -0.12828467853306733
decision_type=8 10 8 10 8 8 10 10 2 10 2 2 8 8 2 2 2 2 2 2 10 2 2 2 2 2 2 10 2 10
left_child=3 2 5 -1 -3 -2 -7 10 -9 -8 -6 -12 -4 -14 15 17 -17 18 -11 21 -15 26 23 25 -24 -23 29 28 -26 -13
right_child=1 4 12 -5 7 6 9 8 -10 14 11 19 13 20 -16 16 -18 -19 -20 -21 -22 22 24 -25 27 -27 -28 -29 -30 -31
leaf_value=-0.042176846126389618 0.002687811250327445 0.019789470378994693 0.01500356104327092 -0.018594615568295014 -0.017571292771475757 -0.034107463280419408 0.0027608649278697034 0.011823718612592566 0.038960359265644562 -0.0043576031946283029 0.047943471908798288 0.0070655959158010114 -0.0026176687831235604 0.0081819497622951532 -0.013035646981362479 0.044513178683944617 -0.005799349422623847 -0.015504110641297706 0.04226764940402062 -0.02599346917272647 0.052646337820181993 0.016045184273342464 -0.018010449405970224 0.037708081492693828 0.042715843333031661 -0.017949659411170996 -0.035210721760948992 0.0023416220270234575 0.0083860577312253742 -0.002209551079393295
leaf_weight=3594.2148189991713 9554.6095252260566 6418.9246414452791 3428.8018742352724 4382.2045827880502 1043.975810021162 1499.9845243990421 3910.8234165459871 7429.30331620574 772.4724346101284 3180.4473305046558 385.92290304601192 10025.15575312078 10438.368385836482 5976.0846171081066 14426.00832259655 779.99135956168175 377.49110117554665 4417.1454366594553 315.14088506996632 466.70982129871845 214.17005103826523 2249.4311496913433 1391.2194147258997 1816.053009390831 673.35883767902851 868.00088709592819 404.4440231770277 4490.9492793083191 1081.0724544674158 9569.3052133321762
leaf_count=30741 43704 26362 15221 26967 4991 10063 18169 30659 3116 15244 1584 43213 50853 27049 72073 3704 1857 21821 1462 2143 886 9439 6038 7454 2963 3869 1852 19711 4728 42035
internal_value=-6.30877e-05 0.00209828 -0.00264761 -0.0292209 0.00775617 -0.00621988 -0.00916413 0.00594587 0.0143795 -0.00779899 0.00393891 0.00461081 0.0042025 0.00197534 -0.00955662 -0.00402329 0.0281047 -0.008723 -0.000154155 0.0041046 0.00972033 0.0045359 0.00893238 0.0180384 0.00304961 0.00657984 0.00177255 0.00774094 0.021562 0.00253591
internal_weight=115582 107605 58519.1 7976.42 49086.3 38461.6 28907 42667.4 8201.78 27407 34465.6 33421.6 20057.4 16628.6 23496.2 9070.22 1157.48 7912.73 3495.59 33035.7 6190.25 32569 12570.1 4933.49 7636.6 3117.43 19998.9 6245.38 1754.43 19594.5
internal_count=549971 492263 282106 57708 210157 188097 144393 183795 33775 134330 150020 145029 94009 78788 116161 44088 5561 38527 16706 143445 27935 141302 54202 20762 33440 13308 87100 27402 7691 85248
is_linear=0
shrinkage=0.05


Tree=24
num_leaves=31
num_cat=0
split_feature=10 10 13 12 12 7 1 0 33 38 33 33 33 33 0 32 32 33 33 33 33 32 33 32 33 33 12 28 33 28
split_gain=2660.99 1187.92 459.336 341.337 331.734 298.059 275.546 266.08 265.077 381.865 246.927 221.805 423.457 247.433 214.229 193.567 376.715 235.553 995.186 385.683 335.606 492.911 254.258 223.122 185.04 253.859 180.108 176.633 173.631 310.921
threshold=0.010714696024264872 0.024003141068632175 0.029317649331494489 0.035714285714285733 0.035714285714285733 -0.33265081148145659 0.087097185238605671 0.003584229390681593 -4824.4999999999991 -0.103643524326875 -4545.4999999999991 -4373.4999999999991 -4285.4999999999991 -4098.4999999999991 -0.049275362318841769 3.5000000000000004 2.5000000000000004 -1764.4999999999998 -2180.4999999999995 -2165.4999999999995 -4672.4999999999991 10.500000000000002 -4655.4999999999991 8.5000000000000018 -3862.4999999999995 -3180.4999999999995 2.2785714285714316 0.0027586410418160485 -1685.4999999999998 -0.067009852564760164
decision_type=8 10 10 10 8 10 10 8 2 10 2 2 2 2 10 2 2 2 2 2 2 2 2 2 2 2 10 10 2 10
left_child=3 2 4 -1 -2 -3 14 -6 -4 -10 -11 -12 26 -14 -7 16 -16 18 20 -20 -17 22 -22 -21 -23 -26 -13 -9 -19 -30
right_child=1 5 8 -5 7 6 -8 27 9 10 11 12 13 -15 15 17 -18 28 19 23 21 24 -24 -25 25 -27 -28 -29 29 -31
leaf_value=-0.04495076665163153 -0.041918603033196812 0.020028193474527538 -0.016890746900326995 -0.021753271308549593 -0.010313499646879958 0.020688126665292933 0.017740035674944327 -0.0069605671500258919 0.017449977955806408 0.028467829301560027 -0.027637846796604387 0.051301053386996726 -0.025975507063010262 -5.6978340129270834e-05 0.004149322660834032 0.02039217921732369 -0.015904634399836932 -0.016231652727028527 0.075373056116383647 0.031585755286440184 -0.048517793464320343 0.0024423730930326982 -0.0032730802744124795 0.010764502484593569 0.04619294742349931 0.013088758717232635 -0.0045013916830814347 0.0072837512449290239 0.04679421793826178 -0.00096841023394073067
leaf_weight=2539.0801457464695 696.20978747308254 4068.6831278204918 1827.4534534662962 4223.6185220628977 18827.714260280132 2035.3759825974703 4530.6265007704496 4295.3134617358446 3773.1079792976379 737.41090115904808 751.77741990983486 556.80157305300236 975.51291812956333 16424.932978823781 8403.3453437387943 2451.0034374296665 3246.555100440979 1655.4031625986099 379.30820669233799 3193.7628533244133 318.29124101996422 1926.2819648832083 12706.326991423965 2154.760475307703 809.58570602536201 2034.3259356468916 195.32494203746319 4411.6218279451132 365.76559165120125 4978.4794311225414
leaf_count=24465 5179 16804 8797 27106 97246 8422 18629 21843 16071 3257 3563 2465 4675 75972 36815 10183 15116 7137 1556 12983 1333 8242 55860 9082 3417 8639 861 21237 1583 22043
internal_value=-3.0939e-05 0.00186182 -0.00345089 -0.0304629 -0.00783286 0.00700294 0.00596765 -0.00697101 0.00144989 0.00288131 8.2729e-05 -0.0010245 7.7673e-05 -0.00151004 0.00482453 0.00410096 -0.00143925 0.00605838 0.00825222 0.0266527 0.00304647 0.000657328 -0.00437876 0.0231975 0.0144079 0.0225126 0.0368093 0.000256731 -0.00208231 0.00230051
internal_weight=115494 108731 53473.2 6762.7 28230.9 55257.9 51189.2 27534.6 25242.3 23414.9 19641.8 18904.3 18152.6 17400.4 46658.6 44623.2 11649.9 32973.3 25973.6 5727.83 20245.8 17794.8 13024.6 5348.52 4770.19 2843.91 752.127 8706.94 6999.65 5344.25
internal_count=550581 499010 261166 51571 145505 237844 221040 140326 115661 106864 90793 87536 83973 80647 202411 193989 51931 142058 111295 23621 87674 77491 57193 22065 20298 12056 3326 43080 30763 23626
is_linear=0
shrinkage=0.05


Tree=25
num_leaves=31
num_cat=0
split_feature=13 10 33 33 28 37 10 38 32 19 32 33 33 32 33 32 28 37 33 43 33 33 34 33 33 33 28 33 33 11
split_gain=2420.07 1116.47 734.479 549.153 423.013 457.488 386.522 354.911 295.005 288.41 261.795 251.904 251.714 240.9 292.025 260.255 201.482 187.841 187.471 179.425 230.375 259.664 198.082 211.792 444.984 169.832 205.553 163.798 207.864 217.385
threshold=0.011636508113031655 0.020677609216243488 -2135.4999999999995 -2180.4999999999995 0.07081496346152262 -0.064106915509751713 0.033133538498761266 -0.18449147977837546 3.5000000000000004 0.48300838561364007 1.5000000000000002 -2381.9999999999995 -1620.4999999999998 3.5000000000000004 -4782.4999999999991 2.5000000000000004 0.024118679386425139 -0.058879315072367981 -3951.4999999999995 2.5000000000000004 -4285.4999999999991 -4328.4999999999991 3.1505946914676559 -3620.4999999999995 -3228.4999999999995 -1685.4999999999998 -0.033560427271542591 -2760.4999999999995 -4207.9999999999991 0.49669144792246489
decision_type=8 10 2 2 10 8 10 10 2 10 2 2 2 2 2 2 10 10 2 2 2 2 2 2 2 2 10 2 2 10
left_child=2 4 3 18 5 11 9 -4 10 13 12 -2 16 15 -15 -3 27 25 -1 -10 21 -21 23 -22 -25 -16 -27 28 29 -7
right_child=1 6 7 -5 -6 8 -8 -9 19 -11 -12 -13 -14 14 17 -17 -18 -19 -20 20 22 -23 -24 24 -26 26 -28 -29 -30 -31
leaf_value=0.015582616327107422 0.0040477317883073653 -0.00016801163759172334 0.057525028551116124 0.065683833815939258 0.0083837090596110241 -0.03173114859524976 0.011178839381391442 -0.037589716915708934 -0.01070607785075575 0.0097579556115058811 -0.023458058337225147 0.03946052935671325 0.035072924869168375 0.039173347711100676 0.0076924659480351563 -0.018071791169970385 0.013118768550363839 0.00058295899120964069 -0.018891679661352793 0.0025089337089897819 -0.014882415525671829 0.055152742130552962 -0.0086251310905528442 0.0406213598601173 -0.0026871672462802526 0.060551084826768325 0.0060733066878043617 0.013105197482535658 -0.040068701815464486 0.05738834142698053
leaf_weight=501.4597992002964 2411.0115268230438 6059.9415007084608 99.801440328359604 255.32858288288116 5137.9627494364977 148.03474405407906 21957.593755334616 5673.9545838609338 10473.946736887097 12184.906582936645 5364.6520835161209 634.28585356473923 356.29366521537304 555.0762759745121 3430.5447035729885 3052.0879997611046 639.95746310055256 20905.077017471194 1846.2619436681271 671.25140091776848 899.37479834258556 359.78812755644321 7147.5420218557119 941.77075968682766 1602.0762913376093 366.3436276614666 328.3381889462471 292.38589163124561 918.78252980113029 127.24204635620117
leaf_count=2507 10842 27732 470 1092 23436 757 91590 46556 53090 52064 28624 2813 1827 2300 14593 14798 3085 93429 10848 3180 4432 1622 36538 4622 7958 1550 1417 1474 4934 590
internal_value=-0.000124061 0.00190271 -0.0260046 -0.00395458 -0.00496131 -0.0070398 0.00570428 -0.0359456 -0.00891759 0.00314024 -0.0172454 0.0114236 -0.00382086 0.00081626 0.00330255 -0.00616491 -0.0103378 0.00250707 -0.0115282 -0.00595996 -0.00168261 0.0208793 -0.00387908 0.00597292 0.0133463 0.0122577 0.0348024 -0.0204365 -0.0286498 0.00946283
internal_weight=115343 106966 8376.81 2603.05 38126.4 32988.4 68839.9 5773.76 29943.1 46882.3 7847.35 3045.3 2482.7 34697.4 25585.4 9112.03 2126.4 25030.3 2347.72 22095.8 11621.8 1031.04 10590.8 3443.22 2543.85 4125.23 694.682 1486.45 1194.06 275.277
internal_count=550770 489297 61473 14447 189824 166388 299473 47026 152733 207883 41291 13655 12667 155819 113289 42530 10840 110989 13355 111442 58352 4802 53550 17012 12580 17560 2967 7755 6281 1347
is_linear=0
shrinkage=0.05


Tree=26
num_leaves=31
num_cat=0
split_feature=10 10 19 12 19 5 0 13 32 33 33 5 32 0 3 33 0 43 33 33 43 5 33 33 32 37 33 37 33 33
split_gain=2325.2 954.485 538.824 326.879 303.295 302.021 282.853 254.127 217.247 214.29 239.732 203.204 197.108 187.816 180.771 174.063 168.288 163.201 155.299 210.153 152.709 156.447 148.796 234.143 196.188 173.268 150.625 141.209 138.796 188.294
threshold=0.010714696024264872 0.023906311815248247 -0.13776138944680724 1.0000000180025095e-35 -0.43625326723576879 -0.11934419488513752 -0.045112623180996451 0.0070241359699331962 4.5000000000000009 -4285.4999999999991 -4328.4999999999991 -0.21138336460287813 10.500000000000002 0.084447666223672516 -0.083969433599465224 -4782.4999999999991 0.058139534883721151 1.5000000000000002 -1347.4999999999998 -1659.4999999999998 3.5000000000000004 -0.080615849583366359 -4672.4999999999991 -4655.4999999999991 3.5000000000000004 -0.062719762940168053 -4564.4999999999991 -0.064106915509751713 -4285.4999999999991 -3635.4999999999995
decision_type=8 10 8 10 10 10 10 10 2 2 2 10 2 10 8 2 8 2 2 2 2 8 2 2 2 10 2 10 2 2
left_child=3 2 5 -1 6 27 -3 -7 -9 10 15 17 22 -13 -4 -10 20 -6 19 -14 21 -16 24 -24 -8 -25 -27 -2 -22 -30
right_child=1 4 14 -5 11 7 12 8 9 -11 -12 13 18 -15 16 -17 -18 -19 -20 -21 28 -23 23 25 -26 26 -28 -29 29 -31
leaf_value=-0.044424666386343334 0.012075265035425463 0.026771508561978949 0.019625022289989785 -0.020931545328698384 0.046573453153700664 -0.034623704906344831 -0.023757911039084856 -0.016674155249383652 0.09429953786481049 -0.0077430701462897879 0.056472497908908174 0.0070731910687638891 0.011955719660659614 0.02544484542449171 0.0041451229745893244 -0.0033395427652039762 0.021982650587163442 0.016325738849986875 -0.013625814008413575 0.083410338847887289 0.019760924590076293 -0.0091744088034845326 -0.053007521028681351 0.0076352329564226915 0.023656801843639233 0.04527912115293492 -0.00494520195705383 -0.003264539196802366 -0.01239925683878799 0.0054646102398629966
leaf_weight=2271.3484568074346 1984.3118228167295 1109.7975893467665 1439.7788986265659 4253.1154862418771 526.45192900300026 1067.904953174293 270.58250343799591 7046.1401188075542 48.38641582429409 11977.869691714644 266.97343501448631 25865.363318517804 3866.847672238946 1470.2330687493086 3482.3594449386001 805.86825467646122 944.40042717754841 2915.9153590351343 590.41791529208422 105.71306173503399 1286.3396054655313 6008.3410891965032 226.30023883283138 3803.517977565527 1126.1864644289017 150.91312190890312 13813.804434031248 6149.9061000421643 1788.7930667549372 8412.0648146271706
leaf_count=23437 8695 4585 6236 28231 2142 8175 1201 37781 217 60059 1189 110072 16408 5943 16292 3928 4080 12095 2720 446 5677 29705 955 16160 4669 647 62135 29613 8354 38794
internal_value=-0.000119834 0.00162262 -0.00320322 -0.0291102 0.00617775 -0.00771368 0.0020944 -0.0108546 -0.00959461 -0.00578645 0.0151158 0.00950302 0.000951119 0.0080613 0.0024628 0.0021909 0.00133565 0.0209516 0.0103011 0.0138572 0.000406144 -0.00428716 -0.00124902 -0.00246929 0.0144716 -0.00182562 -0.00440244 0.000477548 0.00428374 0.00233205
internal_weight=115076 108551 52709.4 6524.46 55842 29347.4 25064.1 21213.1 20145.2 13099.1 1121.23 30778 23954.3 27335.6 23362.1 854.255 21922.3 3442.37 4562.98 3972.56 20977.9 9490.7 19391.3 17994.5 1396.77 17768.2 13964.7 8134.22 11487.2 10200.9
internal_count=550641 498973 258795 51668 240178 149657 109926 111349 103174 65393 5334 130252 105341 116015 109138 4145 102902 14237 19574 16854 98822 45997 85767 79897 5870 78942 62782 38308 52825 47148
is_linear=0
shrinkage=0.05


Tree=27
num_leaves=31
num_cat=0
split_feature=10 13 33 33 37 20 37 28 7 33 36 33 33 7 28 33 33 33 33 33 33 10 33 33 1 33 33 33 7 33
split_gain=2179.37 1042.3 483.504 585.961 444.427 421.314 374.327 296.771 300.032 248.264 235.563 215.759 404.497 200.275 177.182 198.321 177.103 278.299 238.388 176.35 162.625 158.508 156.861 152.076 150.016 147.582 421.85 147.406 146.515 189.326
threshold=0.0085586322774836368 0.029961232760359328 -4545.4999999999991 -4824.4999999999991 -0.071491223138303681 0.38897405202642193 0.042664126262964015 0.047484162219619756 -0.19997006884166416 -866.49999999999989 0.99960845732184855 -4824.4999999999991 -4782.4999999999991 -0.14119095410547702 -0.079244059646408654 -1685.4999999999998 -4098.4999999999991 -4061.4999999999995 -4545.4999999999991 -4655.4999999999991 -4782.4999999999991 0.018301315349255071 -2583.4999999999995 -878.49999999999989 -0.039024390243902411 -1914.4999999999998 -1779.4999999999998 -2004.4999999999998 -0.088346580464871302 -4893.4999999999991
decision_type=8 10 2 2 8 8 10 10 10 2 2 2 2 10 8 2 2 2 2 2 2 8 2 2 10 2 2 2 8 2
left_child=-1 2 3 28 14 22 9 8 -7 11 -8 -6 -13 16 15 24 18 -18 19 -14 -5 -10 -4 -17 -3 27 -27 -15 29 -2
right_child=1 4 5 20 6 7 10 -9 21 -11 -12 12 13 25 -16 23 17 -19 -20 -21 -22 -23 -24 -25 -26 26 -28 -29 -30 -31
leaf_value=-0.035954570825208809 0.03033169528407419 0.028701170682416913 -0.0093447968415018758 0.067757468547765154 -0.018658681045958674 0.0035971329955372523 0.0077020557897957212 0.0047966358426424936 -0.013541780791230888 -0.045495094676814778 0.031186967220740908 0.055017305903584203 -0.0026954024061849246 -0.0042701177874969335 0.0096823614010636619 0.064613183707029481 0.051223849449176975 0.006197162881318611 -0.015228066687999387 0.037675673667969589 0.026687984133427919 -0.0050475541987906256 -0.029190320602196521 -0.049320314834848361 0.0067602130637775433 0.03479432561959999 -0.0016203473618937722 -0.036540664470413965 -0.018201235010989181 -0.016262166084627605
leaf_weight=4085.9683423563838 477.93831035494804 1860.0566701591015 1613.7737287133932 289.93843683600426 1353.3415672183037 5290.6376858726144 18482.137383535504 6481.8253414332867 12008.599716670811 289.67370645701885 1133.2185719609261 351.86763192713261 694.93918423354626 13601.177903547883 5854.1098918765783 388.89808708429337 351.44390247762203 14578.832093074918 2174.0693214088678 442.90585525333881 1429.2386050224304 10121.091380372643 2599.7633473426104 31.674054309725761 1340.4905522465706 952.86704483628273 4810.4479485750198 363.3212157189846 1119.0350714921951 400.89098614454269
leaf_count=36898 2076 7715 8234 1251 6650 24034 77663 30513 66956 1413 4615 1440 2932 61964 24371 1596 1484 63583 9751 1852 6297 49688 16920 137 5657 3946 22117 1717 5680 1927
internal_value=-9.29265e-05 0.00122849 -0.00499973 0.0122136 0.00500145 -0.00667837 0.00340184 -0.00482514 -0.0070996 0.000625302 0.00905883 0.000962033 0.00165494 0.00116043 0.0150598 0.0237533 0.00493671 0.00725705 -0.00552346 0.013019 0.0336143 -0.00965692 -0.0215895 0.0560326 0.0195116 -0.00233147 0.00440021 -0.00510972 -0.00620187 0.00907722
internal_weight=114974 110888 41832.7 3717.04 69055.5 38115.7 59580.2 33902.2 27420.3 39964.9 19615.4 39675.2 38321.9 37970 9475.23 3621.12 18242.2 14930.3 3311.91 1137.85 1719.18 22129.7 4213.54 420.572 3200.55 19727.8 5763.31 13964.5 1997.86 878.829
internal_count=551077 514179 213576 17231 300603 196345 261127 171191 140678 178849 82278 177436 170786 169346 39476 15105 79602 65067 14535 4784 7548 116644 25154 1733 13372 89744 26063 63681 9683 4003
is_linear=0
shrinkage=0.05


Tree=28
num_leaves=31
num_cat=0
split_feature=13 9 5 33 7 5 37 38 43 33 33 33 33 33 43 33 33 33 32 33 3 33 33 43 32 36 28 7 29 43
split_gain=1979.34 867.714 636.166 505.398 424.068 403.218 398.197 308.543 292.033 287.382 323.989 300.921 259.442 539.256 237.339 223.657 322.837 283.033 267.672 245.078 243.866 218.069 229.466 217.831 205.211 203.958 199.33 212.464 190.27 181.888
threshold=1.2437810945298651e-05 0.019241084865027812 -0.09210526315789512 -4846.4999999999991 -0.28277815792481181 -0.099078765350374395 0.0071942446042845285 0.096329582327557076 1.5000000000000002 -4545.4999999999991 -4373.4999999999991 -4285.4999999999991 -3635.4999999999995 -3431.4999999999995 6.5000000000000009 -2381.9999999999995 -2150.4999999999995 -2583.4999999999995 5.5000000000000009 -2634.9999999999995 -0.064056939501779306 -878.49999999999989 -925.49999999999989 1.5000000000000002 4.5000000000000009 0.99960845732184855 0.13285209425201233 -0.14856052931717242 -0.041012041142881088 3.5000000000000004
decision_type=8 8 8 2 10 10 10 10 2 2 2 2 2 2 2 2 2 2 2 2 10 2 2 2 2 2 10 10 10 2
left_child=5 2 8 -3 -5 29 28 9 -2 -6 -11 -12 14 -14 23 17 -17 18 19 -10 -18 22 26 -13 -16 -9 27 -15 -4 -1
right_child=1 3 6 4 7 -7 -8 25 15 10 11 12 13 21 24 16 20 -19 -20 -21 -22 -23 -24 -25 -26 -27 -28 -29 -30 -31
leaf_value=-0.015073053063120746 0.034205593696889074 -0.017165784429700969 -0.0056839185385629716 0.015814000496613346 0.01548574874439867 -0.040005418797321605 -0.00042692457966570353 0.0086067330195588373 -0.012140534465514089 -0.021697427889687426 0.031378792037510171 0.036288848050421839 0.028822730510499259 0.0047272673567041665 -0.046872677448049987 0.053084069794232948 0.038329189352161834 -0.031862407398460524 0.011471169866306254 0.045827544039075956 0.00033485390593718614 -0.030955944071801012 0.032915485808993061 -0.011922780432276594 0.047854760672575783 0.033422890358541603 0.018592097946757084 -0.0043392453702760462 -0.016343298068708257 0.037321963689568659
leaf_weight=818.34004021435976 821.05649761855602 2557.0681181102991 6278.7240652441978 8653.7916223108768 3517.6382371634245 3594.6131978780031 9950.6234524697065 14610.963403999805 3035.8699227645993 1568.3512356728315 823.96485303342342 243.3325769007206 1871.3319781422615 12441.142272278666 70.040748029947281 460.03018997609615 524.82195302844048 697.19431234896183 3379.0570107698441 193.98386515676975 2162.614038400352 520.3580614477396 577.02281202375889 6305.7600825726986 311.19600899517536 877.69961124658585 1529.8464461117983 13444.459675043821 12563.267159506679 207.67422650009394
leaf_count=5113 3599 12475 32115 35866 14786 34784 48847 60930 14822 7162 3590 1034 8282 54125 306 1968 2382 3308 15856 943 10586 2513 2518 28461 1323 3566 6409 61536 70248 1031
internal_value=-5.57015e-05 0.00129105 -0.0045757 0.00465277 0.00548094 -0.0321143 -0.0085182 0.00395794 0.00549245 0.00178822 0.000574755 0.00149064 0.000830665 0.00282182 -0.00789901 0.00323723 0.01438 -0.00156305 0.00163332 -0.00865899 0.00775466 0.00111535 0.00171153 -0.0101315 0.0304515 0.010013 0.00105476 1.83035e-05 -0.0127913 -0.00446785
internal_weight=114612 109991 40067.2 69924 67366.9 4620.63 28792.6 58713.1 11274.6 43224.4 39706.8 38138.5 37314.5 30384.2 6930.33 10453.6 3147.47 7306.11 6608.91 3229.85 2687.44 28512.8 27992.5 6549.09 381.237 15488.7 27415.4 25885.6 18842 1026.01
internal_count=550484 509556 204674 304882 292407 40928 151210 256541 53464 192045 177259 170097 166507 135383 31124 49865 14936 34929 31621 15765 12968 127101 124588 29495 1629 64496 122070 115661 102363 6144
is_linear=0
shrinkage=0.05


Tree=29
num_leaves=31
num_cat=0
split_feature=13 13 5 38 5 37 37 33 36 33 7 33 33 32 33 33 33 43 43 33 28 33 33 26 32 33 33 32 33 33
split_gain=1850.95 775.576 415.684 456.222 377.017 375.679 286.187 262.766 219.957 215.48 219.697 211.662 270.417 195.717 220.049 186.273 273.191 166.429 164.518 157.422 206.813 156.992 193.795 156.302 149.976 228.882 147.709 247.254 334.139 228.979
threshold=1.2437810945298651e-05 0.029798383403372833 -0.075892857142857748 0.027988575942545561 -0.097276264591431058 -0.071491223138303681 0.042664126262964015 -4525.4999999999991 0.99960845732184855 -866.49999999999989 -0.14216527056597536 -4285.4999999999991 -4846.4999999999991 1.5000000000000002 -4328.4999999999991 -2214.4999999999995 -1608.4999999999998 3.5000000000000004 3.5000000000000004 -4846.4999999999991 -0.08206611381933325 -2325.4999999999995 -2367.4999999999995 0.036029545395539639 5.5000000000000009 -1401.4999999999998 -2583.4999999999995 5.5000000000000009 -2605.4999999999995 -2760.4999999999995
decision_type=8 10 8 8 10 8 10 2 2 2 8 2 2 2 2 2 2 2 2 2 10 2 2 10 2 2 2 2 2 2
left_child=4 2 7 11 17 19 9 -2 -8 10 -7 12 -4 -14 -15 21 18 -1 -17 -3 -21 22 26 -13 -25 -26 27 28 -9 -29
right_child=1 5 3 -5 -6 6 8 15 -10 -11 -12 23 13 14 -16 16 -18 -19 -20 20 -22 -23 -24 24 25 -27 -28 29 -30 -31
leaf_value=-0.015263911830665475 0.024854204816488541 -0.013392148377073781 -0.028717831146250136 0.0031158591138614471 -0.039420144685407804 0.0049321998724111485 0.0066177781408458432 -0.013004326626903651 0.029352906066813497 -0.042452669975587526 -0.0025074157460877196 -0.029574141013899043 0.067762742761316955 0.0012284758737041599 0.065685938341943848 0.010817231024996305 -0.0010937647193981122 0.034239803858747399 0.044753190564108626 0.025736357400038358 0.0097618248532111412 -0.059055762961161377 0.092554706970522635 -0.018146901339543848 -0.0051789075422831879 -0.026954432364981171 -0.022793997231581018 0.0059522945425689129 0.076714427000147981 0.087829105137844643
leaf_weight=816.28963774442673 1241.4091990590096 509.3063492923975 545.49629834294319 7043.4495321959257 3459.0802915841341 18199.782380580902 18534.50568844378 3489.260581292212 1128.6385331004858 289.01961328089237 21821.778467491269 1405.4876535087824 141.86321933567524 1572.4088788181543 144.58220881223679 738.35844454169273 2103.1371674090624 214.37053450942039 691.70232460647821 3065.4568666368723 5975.800539508462 124.26352033019066 53.344774201512337 6399.3144295960665 8399.4439659789205 1409.2004897892475 851.37255629897118 3899.5730841159821 106.95790685713291 87.303014025092125
leaf_count=5162 5360 2325 2895 33856 34539 79246 77729 17434 4599 1449 99959 9190 621 7690 658 3466 10587 1063 3158 12651 24782 598 245 35548 43677 8484 4160 18550 509 404
internal_value=-4.33454e-05 0.00124137 -0.00426368 -0.00782873 -0.0315112 0.0044441 0.00297739 0.0029431 0.00792274 0.000565088 0.000875745 -0.0116797 0.00223605 0.0113197 0.00665623 0.00070349 0.0103709 -0.00496746 0.0272316 0.0136545 0.015178 -0.00326268 -0.00244586 -0.0135793 -0.0121923 -0.00830738 -0.0030467 -0.000829624 -0.0103359 0.0077452
internal_weight=114462 109972 40447.9 27061.2 4489.74 69524.3 59973.7 13386.7 19663.1 40310.6 40021.6 20017.8 2404.35 1858.85 1716.99 12145.3 3533.2 1030.66 1430.06 9550.56 9041.26 8612.08 8487.81 17613.4 16208 9808.64 8434.47 7583.09 3596.22 3986.88
internal_count=550594 509830 207090 142619 40764 302740 262982 64471 82328 180654 179205 108763 11864 8969 8348 59111 17211 6225 6624 39758 37433 41900 41302 96899 87709 52161 41057 36897 17943 18954
is_linear=0
shrinkage=0.05


Tree=30
num_leaves=31
num_cat=0
split_feature=10 10 20 1 19 33 33 7 43 33 43 34 5 33 5 33 33 33 33 33 33 33 11 37 33 33 26 29 12 33
split_gain=1742.55 833.538 401.148 332.443 376.38 228.798 230.118 320.222 210.687 284.238 279.026 238.617 227.913 226.32 201.664 230.913 277.464 232.615 191.162 344.23 166.238 165.797 155.176 153.868 224.916 167.106 149.512 147.595 144.303 143.941
threshold=0.0085586322774836368 0.019450057298583758 0.45685162134668184 -0.073265336361645658 0.54702890610565691 -866.49999999999989 -4846.4999999999991 -0.33265081148145659 1.5000000000000002 -4824.4999999999991 2.5000000000000004 2.9096258622311582 -0.11182795698924745 -4285.4999999999991 0.23742855668048993 -4545.4999999999991 -4373.4999999999991 -4285.4999999999991 -3620.4999999999995 -3228.4999999999995 -4328.4999999999991 -3895.4999999999995 0.77509079645429624 -0.051198586279892426 -1685.4999999999998 -2700.4999999999995 0.6111790274381963 -0.158495182221876 1.0000000180025095e-35 -4608.4999999999991
decision_type=8 8 10 8 10 2 2 10 2 2 2 2 10 2 10 2 2 2 2 2 2 2 8 10 2 2 10 10 10 2
left_child=28 2 -2 -3 5 6 22 29 9 -4 12 18 21 20 15 -9 -17 -18 -12 -20 -13 -10 -5 24 25 -19 -26 -21 -1 -8
right_child=1 3 8 4 -6 -7 7 14 10 -11 11 13 -14 -15 -16 16 17 23 19 27 -22 -23 -24 -25 26 -27 -28 -29 -30 -31
leaf_value=-0.043156070354941976 -0.023459442450143468 0.017471322956282519 -0.013680228152594606 0.020846574695263645 0.0093075974705421512 -0.03752570613115639 0.047201352597148589 0.012131180857861695 -0.016884647039857117 0.030342417748050517 -0.0062488957524227985 0.0063295806241060728 -0.016444452248854307 -0.006076901620901241 0.0074060734839073638 -0.021269488497076224 0.029265991206079187 0.0097124511876031661 0.047788109251751004 0.095345649024501225 0.050643085048735062 0.0057915169634438907 -0.018196336760192902 -0.0029214250529642823 0.049971492371945501 -0.0080068352853560239 0.01334578040094294 0.0021990604626773362 -0.023705373846890837 0.012825306568233691
leaf_weight=1876.1495098397136 2944.2439237907529 4206.551690608263 587.67068721354008 288.16420838236809 18142.53096216917 381.89586907625198 332.73197524249554 3268.21806435287 1169.050002604723 974.99082638323307 1001.3187339901924 841.07842791080475 7160.3396584019065 10985.927686326206 9677.5535470023751 1732.1859827488661 632.75489823520184 2630.9087211787701 737.27264021337032 43.970409974455833 282.80160899460316 2596.215797945857 2178.1256835907698 28616.262366421521 380.12508506327868 2692.0919853001833 1043.6933017075062 1296.6853944212198 1939.1136235147715 3591.1939729899168
leaf_count=22098 18733 17451 2970 1254 76908 1872 1356 13772 5547 4684 4969 3978 39819 56039 41278 8064 2763 11569 3519 189 1225 12525 10914 132577 1691 11730 4539 6484 14792 15102
internal_value=-4.83797e-05 0.00109955 -0.00591323 0.00379072 0.00302938 0.0010466 0.00130474 0.00197958 -0.0040467 0.0137868 -0.00511383 -0.000730472 -0.0112077 -0.00389063 0.000914023 -0.000618488 -0.00172294 -0.000782321 0.0116975 0.0203456 0.0174802 -0.00124904 -0.0136345 -0.00131998 0.00547247 0.000750974 0.023124 0.00525405 -0.0332702 0.0157402
internal_weight=114232 110417 30621.6 79795 75588.4 57445.9 57064 54597.7 27677.3 1562.66 26114.7 15189.1 10925.6 12109.8 50673.8 40996.2 37728 35995.8 3079.25 2077.93 1123.88 3765.27 2466.29 35363.1 6746.82 5323 1423.82 1340.66 3815.26 3923.93
internal_count=550411 513521 160681 352840 335389 258481 256609 244441 141948 7654 134294 76403 57891 61242 227983 186705 172933 164869 15161 10192 5203 18072 12168 162106 29529 23299 6230 6673 36890 16458
is_linear=0
shrinkage=0.05


Tree=31
num_leaves=31
num_cat=0
split_feature=13 9 5 28 25 33 38 7 33 33 33 33 33 33 12 33 43 33 43 33 33 33 43 32 33 32 28 7 11 3
split_gain=1641.81 658.072 524.818 380.595 374.313 373.109 386.309 268.883 238.766 278.267 217.983 212.837 483.42 346.083 333.595 299.461 241.336 247.12 199.43 199.778 258.507 242.585 195.94 195.351 217.938 189.636 182.495 197.607 171.317 163.781
threshold=1.2437810945298651e-05 0.019241084865027812 -0.10077091473048171 0.036104051051290866 0.28714543751672467 -4846.4999999999991 -0.16933004323683912 -0.018504011737980327 -4672.4999999999991 -4655.4999999999991 -878.49999999999989 -3635.4999999999995 -3461.4999999999995 -3529.4999999999995 1.8928571428571443 -4545.4999999999991 6.5000000000000009 -4079.4999999999995 1.5000000000000002 -2381.9999999999995 -2583.4999999999995 -2150.4999999999995 1.5000000000000002 5.5000000000000009 -2634.9999999999995 4.5000000000000009 0.13285209425201233 -0.14856052931717242 0.29551231629604618 -0.064056939501779306
decision_type=8 8 8 10 10 2 10 8 2 2 2 2 2 2 10 2 2 2 2 2 2 2 2 2 2 2 10 10 10 10
left_child=4 2 18 -4 28 -3 -7 8 -8 -10 11 15 13 -13 -15 -11 22 -18 -2 20 23 -21 25 24 -20 -17 27 -14 -1 -23
right_child=1 5 3 -5 -6 6 7 -9 9 10 -12 12 26 14 -16 16 17 -19 19 21 -22 29 -24 -25 -26 -27 -28 -29 -30 -31
leaf_value=0.021673114808007557 0.030030014875379631 -0.014812494856895295 -0.011017941817883582 0.0016265911477708528 -0.038579900423932972 0.019061333455156069 0.016349889247733066 0.012812109639995573 -0.043778696914073906 0.016732057064301035 -0.028222604286090663 0.0075310656145667751 0.0058758067031223285 0.072110783819114649 0.011445063172928057 0.0062017957038384731 -0.040912366897724942 0.045857586905845495 -0.010668612739719984 0.049515089983968127 -0.031298968798418383 0.033845564775344388 -0.0086655868557552699 0.010818109264579026 0.045711470001592536 0.094570920598625277 0.013715076160910966 -0.00183459881917489 -0.020355830371325899 0.0020282253506880474
leaf_weight=398.96650814265013 775.7236949801445 2532.8635241538286 21064.462609224021 8294.4317339882255 3286.1689849495888 4398.4610979855061 2971.5689970850945 7223.0169519037008 332.99960099160671 1659.5149990767241 587.11922073364258 977.7934757322073 15859.953633263707 612.35030251741409 359.72759465873241 197.88423766195774 103.41382202506065 397.31064410507679 2747.0519960224628 425.84458291530609 639.54288119077682 510.51804952323437 10598.331382870674 3126.8036684542894 182.81054276227951 87.578544825315475 3580.6377666145563 17455.368322603405 618.09019672870636 1946.9223456382751
leaf_count=2711 3335 12524 115266 40406 33380 18163 12287 30010 1398 6907 2871 4285 68142 2597 1520 835 450 1661 13420 1800 3058 2280 47352 14482 860 363 14740 78676 4736 9423
internal_value=-8.07759e-05 0.00110816 -0.00403204 -0.00744563 -0.030376 0.0040271 0.00473505 0.00373491 0.00255953 0.00178356 0.00207268 0.00241546 0.00427107 0.0285342 0.0496608 -0.00311064 -0.00600309 0.0279371 0.00564611 0.00367156 -0.00106652 0.0146754 -0.00756456 0.00212582 -0.00715074 0.033313 0.00298881 0.00183598 -0.0038689 0.00863808
internal_weight=113953 109650 39714.1 29358.9 4303.23 69935.9 67403 63004.6 55781.6 52810 52477 51889.9 38845.8 1949.87 972.078 13044 11384.5 500.724 10355.2 9579.49 6696.21 2883.28 10883.8 6056.67 2929.86 285.463 36896 33315.3 1017.06 2457.44
internal_count=549938 509111 204330 155672 40827 304781 292257 274094 244084 231797 230399 227528 169960 8402 4117 57568 50661 2111 48658 45323 31820 13503 48550 28762 14280 1198 161558 146818 7447 11703
is_linear=0
shrinkage=0.05


Tree=32
num_leaves=31
num_cat=0
split_feature=10 10 19 1 19 12 33 33 37 33 33 33 38 28 12 36 5 33 33 33 32 4 28 32 33 33 33 33 33 33
split_gain=1519.77 661.677 370.736 300.21 292.911 197.68 194.556 187.429 265.323 186.086 188.397 178.734 182.088 170.59 167.985 164.598 156.029 157.795 344.856 186.874 151.739 151.458 172.409 133.92 151.959 194.649 380.605 172.928 133.404 320.019
threshold=0.0092703030303493642 0.020677609216243488 -0.24693313878069509 -0.076052087080789962 0.038978808530539803 0.071428571428571466 -866.49999999999989 -4846.4999999999991 -0.052211114606022395 -1699.4999999999998 -1496.4999999999998 -4545.4999999999991 0.18612065666067282 -0.14107215282843991 1.0000000180025095e-35 0.99960845732184855 0.21779703978776535 -2339.4999999999995 -2194.4999999999995 -2367.4999999999995 6.5000000000000009 -0.10416666666666828 0.012682137404364779 11.500000000000002 -3862.4999999999995 -2413.4999999999995 -2760.4999999999995 -3148.4999999999995 -2367.4999999999995 -1779.4999999999998
decision_type=8 8 10 8 10 10 2 2 10 2 2 2 8 10 10 2 8 2 2 2 2 10 10 2 2 2 2 2 2 2
left_child=14 2 5 13 6 -2 7 -5 9 16 -11 20 23 -3 -1 28 17 19 -19 -9 -10 -4 -23 -13 -25 26 27 -26 -6 -30
right_child=1 3 21 4 15 -7 -8 8 11 10 -12 12 -14 -15 -16 -17 -18 18 -20 -21 -22 22 -24 24 25 -27 -28 -29 29 -31
leaf_value=-0.041090855033944634 -0.041403163845276841 0.049574918906886992 0.016679880155333213 -0.013790134756337872 0.0033269492247968604 -0.00872685729384781 -0.037343855765103483 0.0054481836709685018 0.027947332889696436 0.044035197527469372 0.010350769530234111 -0.0039748592289072168 0.011158333745217137 0.01399325302572447 -0.020937990109674731 0.024626404580151539 0.020260766706544583 -0.054999687935362196 0.0015350060312713612 0.094288199916847615 0.003003815153018171 -0.0059096524334056851 0.004462394607461468 -0.019792961392440786 0.038878443886519932 0.00084944280732654096 0.10570173188338519 -0.007284514365821307 0.020231394838983969 0.0019379083165729652
leaf_weight=1797.3509589582682 475.3289180546999 374.6636967509985 1356.6786917597055 2079.9765150249004 14412.676866188645 17623.90531437844 335.63277685642242 4910.7032118737698 946.42975650727749 687.66774687170982 1047.2840255647898 25015.891170077026 2547.2828470170498 3337.9923969358206 2434.8401550352573 1300.9218565970659 1480.3734286651015 355.5944816544652 1117.2481729835272 59.915531307458878 1713.7318533211946 8006.0619616657495 8020.1964477971196 432.41271634399891 423.70680186152458 1447.6819918677211 141.22880634665489 389.23412270843983 4708.5728972107172 4856.4667159020901
leaf_count=22515 4544 1597 5928 10456 61373 94010 1676 21050 3921 2922 4501 115722 10517 13757 18348 5344 6240 1649 4774 250 7222 41381 37707 1965 1803 6436 592 1713 19537 20831
internal_value=-9.65005e-05 0.00103873 -0.00457627 0.00372657 0.00299589 -0.00958501 0.000582357 0.000866516 0.00158019 0.00887031 0.023702 -0.000549843 -0.00163745 0.017584 -0.0294966 0.00730497 0.00562286 0.00225983 -0.0121144 0.00651906 0.0118782 0.000638872 -0.000719055 -0.00280781 0.00749288 0.0124052 0.0299379 0.0167757 0.00636519 0.0109432
internal_weight=113838 109605 35482.2 74123.3 70410.6 18099.2 45132 44796.4 42716.4 9658.79 1734.95 33057.6 30397.4 3712.66 4232.19 25278.6 7923.83 6443.46 1472.84 4970.62 2660.16 17382.9 16026.3 27850.2 2834.26 2401.85 954.17 812.941 23977.7 9565.04
internal_count=550281 509418 183570 325848 310494 98554 203409 201733 191277 41386 7423 149891 138748 15354 40863 107085 33963 27723 6423 21300 11143 85016 79088 128231 12509 10544 4108 3516 101741 40368
is_linear=0
shrinkage=0.05


Tree=33
num_leaves=31
num_cat=0
split_feature=10 10 1 0 13 28 5 43 37 3 33 33 5 33 33 32 33 33 33 33 33 32 33 33 33 33 33 32 5 3
split_gain=1441.19 649.306 295.964 340.075 237.619 208.509 288.601 202.416 193.931 182.796 182.132 171.043 260.069 169.989 626.517 173.142 212.79 464.958 171.776 224.294 168.168 158.899 152.264 147.999 386.155 147.311 240.839 276.048 138.373 136.512
threshold=0.0085586322774836368 0.019450057298583758 -0.076052087080789962 0.00070997524033766812 1.1449174941446928e-17 0.07081496346152262 -0.068254828113982577 1.5000000000000002 1.0000000180025095e-35 -0.066312997347479516 -3895.4999999999995 -4933.4999999999991 -0.23426287530948173 -1764.4999999999998 -1932.4999999999998 6.5000000000000009 -2339.4999999999995 -2353.4999999999995 -4545.4999999999991 -4824.4999999999991 -4893.4999999999991 1.5000000000000002 -3827.4999999999995 -2180.4999999999995 -2165.4999999999995 -4247.4999999999991 -4348.4999999999991 9.5000000000000018 -0.18390804597701157 -0.18296529968454281
decision_type=8 8 8 8 10 10 10 2 10 8 2 2 10 2 2 2 2 2 2 2 2 2 2 2 2 2 2 2 10 10
left_child=-1 4 29 9 -2 6 7 -6 -8 -4 25 -5 -13 14 15 16 17 18 19 20 -11 -15 -12 -17 -25 26 27 -9 -24 -3
right_child=1 2 3 11 5 -7 8 10 -10 13 22 12 -14 21 -16 23 -18 -19 -20 -21 -22 -23 28 24 -26 -27 -28 -29 -30 -31
leaf_value=-0.031318624337038435 -0.031116091249280522 0.036460061619639279 0.0061861208763538227 -0.018056895953173221 0.025089223269371703 0.0060384663956650981 -0.016039552490406363 -0.020009595984865052 -0.0047046014643689713 0.0096395477163188428 0.035557738070717743 0.022206250727478949 0.0057093197308585057 0.012475095921063807 0.027853195326978799 -0.0004177079822162284 -0.022865170967750717 0.066292171293307514 -0.0082119229323300864 0.026653353377496115 -0.038041918428290626 -0.011189114238063803 0.016475435317734623 0.066773801203670477 0.0051872783315897219 -0.026222164104499637 0.050728110519060801 0.075886205187058214 -0.0025636875264504048 0.012327563500531706
leaf_weight=3574.2163482308388 865.18413107097149 723.46870830655098 8839.6809472814202 691.83223862946033 760.0653492808342 4027.8853842392564 7864.701778575778 836.95587813854218 7254.0823582932353 438.74920809268951 326.16875642538071 2604.9087152779102 28828.279482737184 795.60132052004337 1873.3376807793975 11610.588801987469 1697.2640965655446 231.52169905602932 8536.0201592743397 879.1941405236721 319.63747619092464 6545.5191294103861 1144.2564355134964 298.06412649154663 1742.440819889307 1188.0043947845697 187.78041166067123 82.437544316053391 5749.4424649178982 3084.2659128308296
leaf_count=36929 7896 3024 38438 3551 3465 18586 45122 4051 37460 2035 1578 10882 125262 3594 7733 51843 8599 1012 39301 3623 1481 30856 5128 1241 7563 5999 857 383 29864 12723
internal_value=-7.23793e-05 0.000942649 0.00330984 0.00262771 -0.00528976 -0.0045303 -0.00620668 0.000259077 -0.010601 -0.000237724 -0.00172436 0.00653518 0.00707644 -0.00186163 -6.45785e-05 -0.00209535 -0.00644948 -0.00377178 -0.00536624 0.00946713 -0.0104568 -0.00862448 0.00217596 0.00176481 0.0141835 -0.0139935 -0.000872068 -0.0114111 0.000596537 0.0169127
internal_weight=113602 110027 79740.4 75932.6 30287 29421.8 25393.9 10275.1 15118.8 43807.6 9515.05 32125 31433.2 34967.9 27626.8 25753.5 12102.4 10405.1 10173.6 1637.58 758.387 7341.12 7219.87 13651.1 2040.5 2295.18 1107.17 919.393 6893.7 3807.73
internal_count=550079 513150 352761 337014 160389 152493 133907 51325 82582 197319 47860 139695 136144 158881 124431 116698 56051 47452 46440 7139 3516 34450 36570 60647 8804 11290 5291 4434 34992 15747
is_linear=0
shrinkage=0.05


Tree=34
num_leaves=31
num_cat=0
split_feature=12 10 19 2 0 19 33 33 32 33 5 33 33 33 13 33 32 32 8 33 28 33 34 32 33 0 33 33 33 33
split_gain=1344.09 643.419 330.086 277.224 322.434 255.443 210.089 447.353 294.621 420.838 271.121 218.035 268.477 263.813 182.973 177.523 176.709 168.808 158.89 157.994 148.53 170.17 146.283 144.874 143.388 140.897 137.846 268.83 135.727 134.574
threshold=1.0000000180025095e-35 0.019450057298583758 -0.082465881482137141 -0.086538461538461606 0.084447666223672516 -0.49797596663972016 -2367.4999999999995 -1779.4999999999998 3.5000000000000004 -2339.4999999999995 0.06055109272421811 -2728.4999999999995 -2760.4999999999995 -2742.4999999999995 0.019432343530629767 -2150.4999999999995 1.5000000000000002 10.500000000000002 0.24777972331329959 -2214.4999999999995 -0.080560836313937789 -1685.4999999999998 2.806381538134517 8.5000000000000018 -4982.4999999999991 -0.03265170199757355 -1347.4999999999998 -1659.4999999999998 -878.49999999999989 -925.49999999999989
decision_type=8 8 10 8 8 10 2 2 2 2 10 2 2 2 10 2 2 2 10 2 10 2 2 2 2 10 2 2 2 2
left_child=15 2 14 25 5 17 11 8 9 16 19 12 -7 -14 -2 -1 -8 18 -5 -10 21 -9 -4 -21 -19 -3 27 -26 29 -16
right_child=1 3 22 4 -6 6 7 20 10 -11 -12 -13 13 -15 28 -17 -18 24 -20 23 -22 -23 -24 -25 26 -27 -28 -29 -30 -31
leaf_value=-0.0044983572188957901 -0.016352507677587412 0.024166089110270156 0.012560715909352605 -0.0058356936538988486 0.021778526014471715 0.0026928525574370001 0.014988380394737053 -0.010609546999529505 -0.054645389102297319 -0.012480639634667679 0.013863563729458121 -0.0090164609165807198 0.08708644082551667 0.012685440810083676 -0.0057641460666669458 -0.040256913260038475 0.070973171326416562 -0.039072373829395303 0.003679559255702446 0.045321525888130682 -0.0005838582780218521 0.046861521371561153 -0.0016314770250797151 0.015618409322497402 0.0082074735804655904 0.0072456351102628686 -0.015282373062959735 0.084660494072576753 -0.048816782663230668 0.04952552459579778
leaf_weight=408.6014878153801 6564.913877107203 2159.1401536166668 2164.1716474145651 18325.363056585193 2082.2966107428074 21608.553669214249 346.50975471735001 201.68901383876801 46.36289369314909 1455.1519167944789 2830.3127051964402 4091.1276304572821 184.39185403287411 336.71940220892429 11312.57768022269 2305.3751570209861 237.59278327226639 171.8341698795557 5768.2653991654515 1805.1486195251346 8017.4976927861571 356.42074206471443 11274.763566061854 531.34783793985844 4936.8139024749398 2859.9810849875212 604.1440162807703 117.72339652478695 181.4117684289813 111.13690868765116
leaf_count=2184 42520 8928 10642 86136 8532 94313 1474 865 215 6449 11582 17736 768 1414 58408 28203 1007 884 25009 7447 35228 1541 57585 2285 21761 11974 2909 498 1075 572
internal_value=-0.00011 0.000742403 -0.0052872 0.00315266 0.00238193 0.00182075 0.0043336 0.00888248 0.018023 0.00191006 0.024326 0.00158769 0.00354809 0.0390118 -0.00968143 -0.0348733 0.0377611 -0.00171026 -0.00355764 0.0367531 0.00115228 0.0260927 0.000653997 0.0385667 0.00592376 0.0145245 0.00729013 0.00998811 -0.00590766 -0.00522625
internal_weight=113397 110683 31609 79074.4 74055.3 71973 42048.8 15828 7252.43 2039.25 5213.17 26220.8 22129.7 521.111 18170 2713.98 584.103 29924.1 24093.6 2382.86 8575.61 558.11 13438.9 2336.5 5830.52 5019.12 5658.68 5054.54 11605.1 11423.7
internal_count=550144 519757 170802 348955 328053 319521 182324 68093 30459 8930 21529 114231 96495 2182 102575 30387 2481 137197 111145 9947 37634 2406 68227 9732 26052 20902 25168 22259 60055 58980
is_linear=0
shrinkage=0.05


end of trees

feature_importances:
Column_33=294
Column_32=119
Column_10=66
Column_28=58
Column_13=57
Column_5=55
Column_43=45
Column_37=44
Column_7=43
Column_38=39
Column_19=32
Column_1=27
Column_0=24
Column_3=21
Column_12=21
Column_20=20
Column_9=15
Column_4=14
Column_8=12
Column_34=11
Column_36=10
Column_29=6
Column_2=5
Column_11=4
Column_35=4
Column_26=3
Column_25=1

parameters:
[boosting: gbdt]
[objective: binary]
[metric: binary_logloss]
[tree_learner: serial]
[device_type: cpu]
[data_sample_strategy: bagging]
[data: ]
[valid: ]
[num_iterations: 500]
[learning_rate: 0.05]
[num_leaves: 31]
[num_threads: 2]
[seed: 42]
[deterministic: 0]
[force_col_wise: 0]
[force_row_wise: 0]
[histogram_pool_size: -1]
[max_depth: -1]
[min_data_in_leaf: 100]
[min_sum_hessian_in_leaf: 0.001]
[bagging_fraction: 0.8]
[pos_bagging_fraction: 1]
[neg_bagging_fraction: 1]
[bagging_freq: 1]
[bagging_seed: 400]
[bagging_by_query: 0]
[feature_fraction: 0.8]
[feature_fraction_bynode: 1]
[feature_fraction_seed: 30056]
[extra_trees: 0]
[extra_seed: 12879]
[early_stopping_round: 0]
[early_stopping_min_delta: 0]
[first_metric_only: 0]
[max_delta_step: 0]
[lambda_l1: 0]
[lambda_l2: 0]
[linear_lambda: 0]
[min_gain_to_split: 0]
[drop_rate: 0.1]
[max_drop: 50]
[skip_drop: 0.5]
[xgboost_dart_mode: 0]
[uniform_drop: 0]
[drop_seed: 17869]
[top_rate: 0.2]
[other_rate: 0.1]
[min_data_per_group: 100]
[max_cat_threshold: 32]
[cat_l2: 10]
[cat_smooth: 10]
[max_cat_to_onehot: 4]
[top_k: 20]
[monotone_constraints: ]
[monotone_constraints_method: basic]
[monotone_penalty: 0]
[feature_contri: ]
[forcedsplits_filename: ]
[refit_decay_rate: 0.9]
[cegb_tradeoff: 1]
[cegb_penalty_split: 0]
[cegb_penalty_feature_lazy: ]
[cegb_penalty_feature_coupled: ]
[path_smooth: 0]
[interaction_constraints: ]
[verbosity: -1]
[saved_feature_importance_type: 0]
[use_quantized_grad: 0]
[num_grad_quant_bins: 4]
[quant_train_renew_leaf: 0]
[stochastic_rounding: 1]
[linear_tree: 0]
[max_bin: 255]
[max_bin_by_feature: ]
[min_data_in_bin: 3]
[bin_construct_sample_cnt: 200000]
[data_random_seed: 175]
[is_enable_sparse: 1]
[enable_bundle: 1]
[use_missing: 1]
[zero_as_missing: 0]
[feature_pre_filter: 1]
[pre_partition: 0]
[two_round: 0]
[header: 0]
[label_column: ]
[weight_column: ]
[group_column: ]
[ignore_column: ]
[categorical_feature: ]
[forcedbins_filename: ]
[precise_float_parser: 0]
[parser_config_file: ]
[objective_seed: 16083]
[num_class: 1]
[is_unbalance: 0]
[scale_pos_weight: 1]
[sigmoid: 1]
[boost_from_average: 1]
[reg_sqrt: 0]
[alpha: 0.9]
[fair_c: 1]
[poisson_max_delta_step: 0.7]
[tweedie_variance_power: 1.5]
[lambdarank_truncation_level: 30]
[lambdarank_norm: 1]
[label_gain: ]
[lambdarank_position_bias_regularization: 0]
[eval_at: ]
[multi_error_top_k: 1]
[auc_mu_weights: ]
[num_machines: 1]
[local_listen_port: 12400]
[time_out: 120]
[machine_list_filename: ]
[machines: ]
[gpu_platform_id: -1]
[gpu_device_id: -1]
[gpu_use_dp: 0]
[num_gpu: 1]

end of parameters

pandas_categorical:null
