tree
version=v4
num_class=1
num_tree_per_iteration=1
label_index=0
max_feature_idx=43
objective=binary sigmoid:1
feature_names=Column_0 Column_1 Column_2 Column_3 Column_4 Column_5 Column_6 Column_7 Column_8 Column_9 Column_10 Column_11 Column_12 Column_13 Column_14 Column_15 Column_16 Column_17 Column_18 Column_19 Column_20 Column_21 Column_22 Column_23 Column_24 Column_25 Column_26 Column_27 Column_28 Column_29 Column_30 Column_31 Column_32 Column_33 Column_34 Column_35 Column_36 Column_37 Column_38 Column_39 Column_40 Column_41 Column_42 Column_43
feature_infos=[-0.12:0.12000000000000011] [-0.30350510510510609:0.37468493150685123] [-0.40232558139534902:0.63425925925925597] [-0.52830188679245282:1.5821501014198773] [-0.59615384615384626:6.2329545454545574] [-0.78026740067952072:12.090909090909097] [0:99.999999998991115] [-0.91935999999999996:0] [0:10.917241379310346] [0:0.11425235081910329] [0:0.10750550575190457] [0:3445.3822046328423] [0:515.10714285714289] [-4.163336342344337e-17:0.27909186019549898] [0:21] none none [0:5] none [-2.7766800813494017:4.3643517853218814] [1.6373214238310463e-05:4.1987723962030099] [-0.99999999999999978:1] [0:44.878853880134137] none none [0.0026041666666666665:1] [0.0026041666666666665:1] none [-0.34725848563968675:1.4627374711935675] [-1.2170598352837829:6.0670880511708507] none [1:7] [1:12] [-5029:-1260] [0.47000362924573563:8.6900198136483908] [-0.78922220878190408:0.6545095528766085] [0:1] [-0.89818879338964941:1.2327341532637432] [-0.89912170089584331:1.7613708412586715] [0:1] none none none [0:7]
tree_sizes=3521 3555 3564 3560 3561 3559 3564 3566 3571 3547 3563 3555 3554 3556 3557 3562 3582 3562 3553 3569 3559 3575 3556 3586 3587 3567 3557 3589 3571 3579 3568 3572 3551 3568 3558 3578 3569 3569 3570 3585 3573 3592 3593 3547 3596 3571 3569 3564 3579 3583 3575 3575 3566 3583 3568 3586 3565 3600 3571 3600 3594 3589 3596 3587 3593 3568 3595 3580 3579 3589 3587 3602 3557 3593 3614 3603

Tree=0
num_leaves=31
num_cat=0
split_feature=10 10 32 32 7 28 20 32 38 28 12 32 32 10 32 7 43 10 43 32 43 32 43 32 32 39 32 43 32 11
split_gain=13213.9 4531.14 4264.03 2703.29 1578.01 1644.45 1273.34 1033.09 918.158 1038.1 869.717 976.313 865.387 790.418 748.818 641.038 563.625 552.547 450.324 488.545 435.242 418.612 417.252 407.788 393.591 366.738 346.643 413.413 468.381 341.35
threshold=0.023945848455425137 0.013726572198003328 3.5000000000000004 3.5000000000000004 -0.29332757628094408 0.098527772283736478 0.51087673226675945 1.5000000000000002 -0.11539477158709581 0.077522887617894665 0.14285714285714304 8.5000000000000018 1.5000000000000002 0.0089332508102177039 8.5000000000000018 -0.23478260869565218 1.0000000180025095e-35 0.031780156129154809 3.5000000000000004 11.500000000000002 2.5000000000000004 3.5000000000000004 1.5000000000000002 8.5000000000000018 11.500000000000002 1.0000000180025095e-35 8.5000000000000018 1.0000000180025095e-35 5.5000000000000009 0.36842891971182673
decision_type=10 8 2 2 10 10 10 2 8 10 10 2 2 10 2 10 2 10 2 2 2 2 2 2 2 10 2 2 2 10
left_child=1 13 12 7 16 10 23 22 -8 18 11 -6 20 -1 -7 -14 -4 24 26 -20 -2 -15 25 29 -12 -3 27 -10 -29 -5
right_child=2 3 4 6 5 14 8 -9 9 -11 17 -13 15 21 -16 -17 -18 -19 19 -21 -22 -23 -24 -25 -26 -27 -28 28 -30 -31
leaf_value=-0.70693950787710147 -0.61164885619779097 -0.59353020348524443 -0.53121384449967579 -0.59913912145067805 -0.55724704327932395 -0.59039876945717751 -0.61532970140585663 -0.6859522334771494 -0.60435337791753807 -0.62440415239843328 -0.64046160576129274 -0.69927546017913422 -0.63665594073815679 -0.69768653601038 -0.6238432399779914 -0.6701839192625807 -0.59910433185042899 -0.62309621301876472 -0.64775535786542737 -0.61449478766503651 -0.64519977759553548 -0.67462567178703048 -0.66204988083209237 -0.6796690036086106 -0.61555203621453536 -0.68349697806359688 -0.66662344184534972 -0.66411750073002629 -0.63566920672797078 -0.65995581951091309
leaf_weight=3853.0209086090326 1255.0226137787104 437.05908814072609 327.0049937069416 260.47639153897762 725.04900328814983 4383.4455604702234 2423.2197637110949 8335.4700499325991 461.18980146944523 4211.3732775747776 14168.788096293807 145.2353213429451 1813.6373513042927 2631.3753562569618 2707.3758272081614 6663.9107303768396 4694.8896268904209 10970.228216469288 11067.202111154795 1226.3814867436886 4206.6373431831598 7804.594356700778 3791.2282408326864 3866.1011083573103 1785.6727863252163 152.90302464365959 5973.366391941905 3851.4422638118267 2317.4505622982979 2019.9887783676386
leaf_count=17085 5565 1938 1450 1155 3215 19437 10745 36961 2045 18674 62827 644 8042 11668 12005 29549 20818 48644 49074 5438 18653 34607 16811 17143 7918 678 26487 17078 10276 8957
internal_value=-0.647502 -0.662733 -0.629204 -0.655687 -0.620889 -0.624661 -0.648959 -0.67562 -0.644901 -0.647363 -0.630144 -0.580949 -0.653012 -0.687586 -0.603168 -0.663011 -0.594684 -0.631734 -0.651246 -0.644437 -0.63749 -0.68044 -0.655963 -0.669778 -0.637674 -0.616847 -0.657887 -0.650017 -0.65343 -0.653009
internal_weight=118531 64683.8 53846.9 50394.9 39907.7 34885.8 37678.2 12716.7 31531.6 29108.4 27795 870.284 13939.2 14289 7090.82 8477.55 5021.89 26924.7 24897 12293.6 5461.66 10436 4381.19 6146.57 15954.5 589.962 12603.4 6630.08 6168.89 2280.47
internal_count=525587 286820 238767 223460 176958 154690 167072 56388 139817 129072 123248 3859 61809 63360 31442 37591 22268 119389 110398 54512 24218 46275 19427 27255 70745 2616 55886 29399 27354 10112
is_linear=0
shrinkage=1


Tree=1
num_leaves=31
num_cat=0
split_feature=10 9 5 28 5 33 33 28 33 33 10 33 33 33 5 38 33 33 33 38 33 33 33 33 34 43 33 10 38 33
split_gain=11954.5 4269.8 2172.92 1752.46 1507.23 1363.81 1170.11 1143.9 1111.83 1051.55 911.279 766 650.008 643.238 682.443 584.569 557.188 805.182 1189.77 598.434 519.222 518.942 1318.48 738.03 516.147 503.484 494.6 486.143 461.586 432.13
threshold=0.023945848455425137 0.012582936672919388 -0.15999999999999928 0.10102171742231085 -0.17866732202834443 -2220.4999999999995 -1435.4999999999998 0.071842291723493226 -4550.4999999999991 -1780.4999999999998 0.031625577835981918 -4280.4999999999991 -4352.4999999999991 -4970.4999999999991 -0.1191489361702142 0.015038108261860252 -4550.4999999999991 -2220.4999999999995 -1828.4999999999998 -0.16446197640465757 -4852.9999999999991 -1919.4999999999998 -1767.4999999999998 -3223.4999999999995 2.9258425522898488 1.5000000000000002 -4116.4999999999991 0.0112396985642494 -0.071967177232864873 -3437.4999999999995
decision_type=10 8 10 10 8 2 2 10 2 2 10 2 2 2 10 10 2 2 2 10 2 2 2 2 2 2 2 10 10 2
left_child=1 6 16 8 25 -5 11 13 20 -7 -10 12 -1 -6 -15 -16 -2 19 -19 -18 -4 23 -23 24 -9 -3 -27 -13 -22 -17
right_child=2 4 3 5 7 9 -8 21 10 -11 -12 27 -14 14 15 29 17 18 -20 -21 28 22 -24 -25 -26 26 -28 -29 -30 -31
leaf_value=-0.0075553439914063025 0.074105868408422509 0.067387091798288987 -0.024381381062486523 0.014285022141424542 -0.04621227922032848 0.068165325366431259 -0.063656272320277194 0.055544024530983477 -0.0025907940475936309 0.005195228901967836 0.014266127794475177 -0.04540050446639296 0.09323828403922009 0.002503060465455508 -0.020700659768891971 0.0080562832676420778 0.052018778756930506 0.091347355621930526 0.026113255254179804 0.015335048971384449 0.077498276760567197 0.084976845382922273 -0.01053264174221376 -0.021630782719506678 0.0067460614216845495 -0.014765799451514265 0.025554748208809437 -0.026138722647146534 0.030849680059684061 -0.014203489320877461
leaf_weight=1391.6716029644012 996.01094622910023 523.12477521598339 341.42399024963379 4455.2829664051533 1389.5251200795174 3093.9961197376251 2892.8847173601389 688.20287455618382 17940.99524012208 843.78291471302509 14494.825747638941 4968.898221552372 180.72469972074032 6889.1226420104504 16840.190433785319 3747.8377742320299 1472.6966982930899 1318.5167442262173 1487.5024614483118 4536.14982201159 667.49999834597111 708.45565338432789 737.50381560623646 1980.3656753450632 2548.8267970830202 1022.7874044179916 2966.6824499666691 9613.3996454775333 2579.805022969842 5212.7969083935022
leaf_count=6197 4352 2310 1516 19595 6215 13523 13003 3044 79453 3709 63919 22358 805 30635 75054 16673 6452 5782 6543 19972 2934 3127 3266 8773 11296 4542 13152 42871 11377 23212
internal_value=7.05947e-05 -0.0145114 0.0173616 0.0126577 -0.0061526 0.0332335 -0.0343711 -0.00918937 0.00786396 0.0546722 0.00494218 -0.0291269 0.00402946 -0.0128939 -0.0114777 -0.0152107 0.0386578 0.0346524 0.056766 0.0243258 0.0342717 0.0097575 0.0362627 0.00241179 0.0171207 0.0212655 0.0152177 -0.0327021 0.0404385 -0.00489321
internal_weight=118531 64303 54228.5 44417.6 45255.4 8393.06 19047.6 40742.8 36024.5 3937.78 32435.8 16154.7 1572.4 34079.5 32689.9 25800.8 9810.88 8814.87 2806.02 6008.85 3588.73 6663.35 1445.96 5217.4 3237.03 4512.59 3989.47 14582.3 3247.31 8960.63
internal_count=525660 286533 239127 196026 201299 36827 85234 181295 159199 17232 143372 72231 7002 151789 145574 114939 43101 38749 12325 26424 15827 29506 6393 23113 14340 20004 17694 65229 14311 39885
is_linear=0
shrinkage=0.05


Tree=2
num_leaves=31
num_cat=0
split_feature=9 7 5 8 8 8 13 33 33 33 33 33 33 33 33 33 7 33 33 33 33 33 33 33 33 5 33 33 34 33
split_gain=9375.26 2991.78 2946.26 1927.66 1703.26 1442.66 1067.41 1036.58 914.25 6361.36 786.235 1710.68 766.83 756.922 929.1 687.043 747.93 660.711 591.493 1106.29 538.803 508.394 650.667 770.503 1587.95 711.554 553.418 2201.38 665.689 851.372
threshold=0.018581236572107033 -0.27240761339760217 -0.11720779220779291 0.35363357747649476 0.066120496251270491 0.099673115339009369 0.011825955769588082 -4550.4999999999991 -1767.4999999999998 -1933.4999999999998 -4852.9999999999991 -4550.4999999999991 -4392.4999999999991 -4550.4999999999991 -4116.4999999999991 -4303.4999999999991 -0.19999999999999998 -4550.4999999999991 -2205.4999999999995 -1780.4999999999998 -4067.4999999999995 -2009.4999999999998 -2205.4999999999995 -2739.4999999999995 -2782.4999999999995 -0.011111111111110848 -3636.4999999999995 -3465.4999999999995 3.654545938253261 -3538.4999999999995
decision_type=10 8 8 10 8 10 10 2 2 2 2 2 2 2 2 2 10 2 2 2 2 2 2 2 2 10 2 2 2 2
left_child=2 13 5 8 6 7 -4 -1 9 10 -3 -12 -13 -2 -15 -14 -17 -8 -5 -20 -16 22 23 24 26 -24 -18 28 29 -28
right_child=1 3 4 18 -6 -7 17 -9 -10 -11 11 12 15 14 20 16 21 -19 19 -21 -22 -23 25 -25 -26 -27 27 -29 -30 -31
leaf_value=0.061537016322815434 0.07705274227503868 -0.028489072910800842 -0.052437354221226778 0.015973641991569733 -0.011105739345964033 0.074920379174074028 0.023100348767796448 -0.0028687810177656431 -0.012648701554144612 0.088849344623254778 0.033683466798440045 -0.03246028652146616 0.040614744394547479 -0.012082909687542198 0.10035577566172652 0.015194194477277878 -0.013074286611426338 -0.028325131974868741 0.055092123634311652 0.0067548078638563786 0.036605226041073018 -0.042332553124333885 0.070558971343957624 -0.020682503368931529 0.08774904036769289 0.0052563888045942799 0.035011565300832194 -0.0072516707365142445 0.014889622721087679 0.11856164642550743
leaf_weight=680.9559293538332 1132.2539114207029 2059.2818071991205 5106.1936035305262 7107.9111596792936 16377.804482907057 749.07368235290051 649.6176823079586 7566.4721832871437 7646.65753300488 2203.7359904944897 4114.2612609267235 1773.3314260393381 1074.796370446682 984.50685518980026 350.06768077611923 6403.5353563576937 6775.183836966753 16211.772289440036 3379.6544799059629 1821.7692751139402 6227.8601625114679 834.59908287227154 594.15993872284889 5839.1857323348522 505.28085997700691 1400.1672954410315 629.9193162471056 6956.3938103318214 722.07185444235802 590.94769570231438
leaf_count=2982 4860 9211 23309 31276 73139 3247 2885 33649 33919 9606 17978 7882 4757 4315 1519 28205 30029 72920 14627 8019 27113 3718 2591 25926 2232 6166 2778 30930 3192 2607
internal_value=-2.77167e-05 0.0114475 -0.0172684 0.00762073 -0.0233102 0.00848311 -0.0324091 0.00244894 0.00326687 0.00613198 0.0016057 0.00322746 -0.000447189 0.0389262 0.0332179 0.00130896 -4.28358e-05 -0.0263439 0.0253496 0.0381623 0.0399979 -0.00396956 -0.00263623 -0.00511321 0.00050565 0.0247117 -0.00230671 0.00589079 0.0529453 0.0754531
internal_weight=118469 71127.5 47341.9 62432.8 38345.4 8996.5 21967.6 8247.43 50123.5 42476.9 40273.1 38213.8 34099.6 8694.69 7562.43 32326.2 31251.4 16861.4 12309.3 5201.42 6577.93 24847.9 24013.3 22019 16179.8 1994.33 15674.5 8899.33 1942.94 1220.87
internal_count=525587 313456 212131 275649 172253 39878 99114 36631 221727 187808 178202 168991 151013 37807 32947 143131 138374 75805 53922 22646 28632 110169 106451 97694 71768 8757 69536 39507 8577 5385
is_linear=0
shrinkage=0.05


Tree=3
num_leaves=31
num_cat=0
split_feature=9 32 7 7 28 32 33 32 33 33 34 33 32 33 33 11 33 7 33 32 32 33 33 33 33 34 7 33 26 32
split_gain=8418.08 4070.21 2617.58 1679.67 1805.82 1668.36 2070.63 940.424 924.683 3757.12 919.916 856.386 1602.22 795.524 790.717 748.867 1362.72 728.811 721.474 694.199 738.564 683.689 1168.75 898.081 652.756 640.733 569.794 673.977 569.655 550.443
threshold=0.018064829285231083 3.5000000000000004 -0.18279569892473116 -0.29332757628094408 0.082714957640426592 4.5000000000000009 -1410.4999999999998 1.5000000000000002 -1780.4999999999998 -2061.4999999999995 2.9150606983496101 -2189.4999999999995 8.5000000000000018 -4550.4999999999991 -4852.9999999999991 0.36842891971182673 -2163.4999999999995 -0.23478260869565218 -4550.4999999999991 8.5000000000000018 11.500000000000002 -4950.4999999999991 -4501.4999999999991 -4392.4999999999991 -4607.4999999999991 3.9541237218239575 -0.19999999999999998 -4303.4999999999991 0.31445650043651013 10.500000000000002
decision_type=10 2 8 8 10 2 2 2 2 2 2 2 2 2 2 10 2 10 2 2 2 2 2 2 2 2 10 2 8 2
left_child=2 7 15 24 8 13 10 -2 9 21 -7 -6 -13 14 -4 16 -1 -9 -17 28 -21 -5 -23 -24 -3 -11 -25 -28 -12 -29
right_child=1 3 5 4 11 6 -8 17 -10 25 19 12 -14 -15 -16 18 -18 -19 -20 20 -22 22 23 26 -26 -27 27 29 -30 -31
leaf_value=0.094079628669604898 0.004703702996364992 0.089352170644780182 -0.024553484227652231 -0.034704787436324332 0.018885331901071074 0.01069230841967881 -0.058640210058453726 0.0076761355909654248 -0.0079422896726902299 0.092105208733280194 -0.013241880107833138 0.066691117021279334 0.0090023351840013161 -0.041107738306136322 0.068451773343474978 0.054087586889460408 -0.032247560779264793 -0.024766758711767548 -0.0016380495822989677 -0.03278560138561594 0.0015353040509967491 0.036625778856106433 -0.034587326333517431 0.021826833229172091 0.03699758295296425 0.03346533278651985 0.044012820934075228 -0.0035920851376104422 0.014765414232622795 0.01714108028958827
leaf_weight=628.43797326087952 6821.5519461780787 679.52947300672531 749.80296771228313 908.76887595653534 5879.0091980993748 4295.0463063418865 2437.0599922537804 2125.4927828162909 6529.9624037444592 1594.1203157752752 6312.4892218410969 3455.456029817462 1846.8906548470259 11555.523374319077 328.72225604951382 642.97884741425514 323.30398504436016 9328.6302143186331 6009.3987624496222 6870.9274734258652 2030.8149220347404 3455.57595269382 1315.9220114797354 5588.0029539167881 4806.6782298088074 658.16216982901096 978.08707810938358 13378.708273664117 2548.5557681173086 4208.1993124037981
leaf_count=2691 30123 2844 3343 4126 25597 19270 11301 9302 28955 6880 28514 14672 8038 52597 1461 2777 1451 41886 26745 31099 9146 14983 5871 24424 20665 2846 4285 59336 11372 18565
internal_value=6.09994e-05 0.0104625 -0.0170432 0.0172249 0.0143321 -0.0225168 -0.0149049 -0.00999349 0.00920853 0.012699 -0.0100728 0.0320267 0.0465972 -0.0372747 0.00379346 0.00968303 0.0511666 -0.0187465 0.00374806 -0.0150938 -0.0249557 0.00799787 0.00933954 0.00563739 0.0434823 0.0749695 0.00782894 0.00361562 -0.00518661 0.00136895
internal_weight=118292 73558.7 44733.1 55283.1 49796.9 37128.9 24494.9 18275.7 38615.5 32085.5 22057.8 11181.4 5302.35 12634 1078.53 7604.12 951.742 11454.1 6652.38 17762.8 8901.74 29833.3 28924.5 25468.9 5486.21 2252.28 24153 18565 8861.04 17586.9
internal_count=525165 323398 201767 242087 218578 168103 110702 81311 170271 141316 99401 48307 22710 57401 4804 33664 4142 51188 29522 80131 40245 131590 127464 112481 23509 9726 106610 82186 39886 77901
is_linear=0
shrinkage=0.05


Tree=4
num_leaves=31
num_cat=0
split_feature=10 9 32 32 33 33 32 33 33 5 33 33 32 7 32 28 32 32 33 5 33 34 33 34 34 33 33 34 7 33
split_gain=9239.25 3496.51 3132.36 2249.45 1505.32 4787.46 2034.37 1131.27 1467.93 1202.42 1127.34 957.406 809.355 764.378 815.319 744.194 717.381 677.079 638.304 615.92 577.937 577.121 536.453 517.874 511.806 510.141 860.269 526.072 472.485 470.658
threshold=0.023945848455425137 0.011963893922457952 3.5000000000000004 3.5000000000000004 -1780.4999999999998 -2205.4999999999995 8.5000000000000018 -4950.4999999999991 -4501.4999999999991 -0.18501255793000923 -4797.4999999999991 -1641.4999999999998 1.5000000000000002 -0.29332757628094408 10.500000000000002 0.077522887617894665 4.5000000000000009 1.5000000000000002 -4550.4999999999991 -0.20882352941176482 -4681.4999999999991 3.0301337186998141 -4392.4999999999991 2.8593355435749763 2.7179950858365554 -2429.4999999999995 -3869.4999999999995 3.0841983033087499 -0.25592417061611372 -4280.4999999999991
decision_type=10 8 2 2 2 2 2 2 2 10 2 2 2 10 2 10 2 2 2 10 2 2 2 2 2 2 2 2 10 2
left_child=1 11 17 12 5 10 24 -5 -9 22 -4 16 18 -12 20 23 -1 -2 -3 -6 -15 -18 -10 -11 -7 26 29 -28 -19 -16
right_child=2 3 4 7 19 6 -8 8 9 15 13 -13 -14 14 25 -17 21 28 -20 -21 -22 -23 -24 -25 -26 -27 27 -29 -30 -31
leaf_value=-0.042616535430142322 0.0080571035222768549 0.040332109935863315 0.077979357047422898 -0.038251689373174351 0.041408582661564698 0.1090179726074616 0.025031731579249213 0.043649963739311626 -0.027753447359478739 0.0064616117096922528 0.035885045513297673 -0.054634886986149378 -0.03476518277644771 0.028549134764803696 0.035842304802575886 0.015778770494628783 0.0087645615883573946 0.01175812688393435 -0.015457700378648374 -0.0054477833757588957 0.0017697618003311773 -0.024194943932880963 0.031205421453797511 -0.011507112077268599 0.07093190791589607 -0.011097157958648688 0.083467022946232705 0.03623659965876503 -0.019783229184886911 -0.011225321685939871
leaf_weight=4372.2356862276793 5547.7712868452072 606.76652248203754 716.20447078347206 1823.5291163176298 796.7443740516901 1139.3937387019396 2591.7640128582716 2006.8995220065117 431.68076618015766 5128.369428768754 3561.8547278493643 3876.0086091756821 7647.305313795805 2340.8884014487267 987.27833862602711 3984.8732086271048 1661.5930904150009 1429.7769059091806 3306.8489609956741 5856.8803890347481 14460.632847249508 6618.2269827872515 3630.7705070823431 18385.285717561841 3906.1021888256073 728.16951301693916 931.72497740387917 1605.5239586085081 7001.6416626572609 1149.5697182565928
leaf_count=20225 24355 2661 3006 8395 3435 4773 11151 8724 1927 22880 15124 18279 34951 10035 4243 17430 7486 6209 14918 25818 63496 30320 15834 82560 16418 3182 4034 6985 31512 5044
internal_value=-0.000134213 -0.013115 0.0149159 -0.00615272 0.0219186 0.0261612 0.0610373 0.000102271 0.0021858 -0.000450826 0.016103 -0.0328931 -0.0253011 0.014383 0.0109338 -0.00420196 -0.0262324 -0.00550852 -0.00680805 0.000163075 0.00550082 -0.0175806 0.0249404 -0.0075881 0.0795327 0.0278306 0.0338951 0.0535805 -0.0144345 0.0105211
internal_weight=118232 63480.4 54751.9 46952.3 40772.7 34119.1 7637.26 35391.4 33567.9 31561 26481.8 16528.1 11560.9 25765.6 22203.8 27498.5 12652.1 13979.2 3913.62 6653.62 16801.5 8279.82 4062.45 23513.7 5045.5 5402.27 4674.1 2537.25 8431.42 2136.85
internal_count=525410 286590 238820 210280 176744 147491 32342 157750 149355 140631 115149 76310 52530 112143 97019 122870 58031 62076 17579 29253 73531 37806 17761 105440 21191 23488 20306 11019 37721 9287
is_linear=0
shrinkage=0.05


Tree=5
num_leaves=31
num_cat=0
split_feature=10 10 32 32 5 28 32 32 32 12 34 43 10 28 5 32 32 43 9 11 32 34 43 43 32 32 43 43 32 34
split_gain=8249.65 3592.27 2487.36 2332.83 1103.9 1189.65 944.66 844.044 1216.47 807.701 729.73 657.756 626.938 585.927 644.163 576.941 522.134 507.346 491.762 489.169 438.636 445.664 382.412 369.73 486.344 399.887 365.388 339.023 333.376 428.408
threshold=0.025059439308113576 0.01358858626690305 3.5000000000000004 3.5000000000000004 -0.15999999999999928 0.077522887617894665 1.5000000000000002 8.5000000000000018 10.500000000000002 0.16428571428571481 2.8361459037824157 3.5000000000000004 0.0089332508102177039 0.1231062197344245 -0.15277777777777771 8.5000000000000018 1.5000000000000002 1.5000000000000002 0.039190087027570771 0.36842891971182673 10.500000000000002 2.8593355435749763 1.5000000000000002 1.0000000180025095e-35 5.5000000000000009 5.5000000000000009 2.5000000000000004 1.5000000000000002 3.5000000000000004 2.8931418480839728
decision_type=10 8 2 2 8 10 2 2 2 10 2 2 10 10 10 2 2 2 10 10 2 2 2 2 2 2 2 2 2 2
left_child=1 12 16 6 17 11 27 9 18 -4 -10 15 -1 14 22 19 26 -5 -9 -6 -13 -22 -11 25 -25 -21 -2 -3 -14 -30
right_child=2 3 7 4 5 -7 -8 8 10 13 -12 20 28 -15 -16 -17 -18 -19 -20 23 21 -23 -24 24 -26 -27 -28 -29 29 -31
leaf_value=-0.052866124905350677 0.033200692583287207 0.027862165098328534 0.074329711212709773 0.06175175487876057 0.053707741449627533 0.018905513555646722 -0.033376904668264373 -0.0071447620223434932 0.051943323310193405 0.072432969699507133 0.018732397043944825 -0.0034149669587175968 -0.044583303579795619 0.045017269167000801 0.016586461901018069 -0.02301474612054363 -0.012172681154623798 0.014813680079969947 0.019833474656516848 0.062452256467380479 0.060574811575245094 0.0088434383203638989 0.032463235231222104 -0.020947314444034013 0.0075558551964820114 -0.026124750723087453 0.0012481370575106883 -0.011083084706330206 0.0051733814994550549 -0.028216796742190721
leaf_weight=3552.8190348744392 1161.8151702433825 645.47735905647278 935.68695151805878 643.80527353286743 351.69102962315083 5163.8343831002712 8870.328754067421 6150.6775003671646 2158.2237579524517 752.43386863172054 7079.9201520383358 11914.707565948367 2353.9910552352667 3546.0960976779461 11445.077760115266 8463.0716827958822 7547.1666798442602 5441.8621120750904 2328.6651876419783 370.9292505979538 522.5160396695137 2048.7071773856878 2923.6872330307961 3961.0648715496063 2405.3638669103384 194.09323401749134 3891.7328400760889 4161.5549129098654 1142.6365087628365 6031.2010609507561
leaf_count=17107 5042 2813 3897 2722 1544 22419 41018 26859 9230 3149 30558 53380 11098 14786 49776 38677 33895 23808 10055 1582 2285 9069 12515 17943 10755 831 17079 18821 5198 27848
internal_value=-8.2922e-05 -0.0113828 0.0153635 -0.0057963 0.000108105 -0.00327398 -0.0237036 0.0218486 0.0139393 0.0289972 0.0264912 -0.00706237 -0.0349403 0.0267249 0.0224352 -0.0141362 -0.00384413 0.0197793 0.000264218 -0.00381921 0.000626856 0.0193561 0.0406443 -0.00673803 -0.0101782 0.0320248 0.00859406 -0.00585361 -0.028256 -0.0228985
internal_weight=118161 68239.7 49921.2 55159 41481.6 35396 13677.4 37320.5 17717.5 19603 9238.14 30232.1 13080.6 18667.3 15121.2 15746.2 12600.7 6085.67 8479.34 7283.14 14485.9 2571.22 3676.12 6931.45 6366.43 565.022 5053.55 4807.03 9527.83 7173.84
internal_count=525759 308918 216841 247667 185015 158485 62652 160825 76702 84123 39788 136066 61251 80226 65440 71332 56016 26530 36914 32655 64734 11354 15664 31111 28698 2413 22121 21634 44144 33046
is_linear=0
shrinkage=0.05


Tree=6
num_leaves=31
num_cat=0
split_feature=10 10 7 33 33 33 33 38 33 37 33 33 33 33 33 34 33 7 33 33 33 28 33 33 33 33 33 33 33 34
split_gain=7599.94 3099.16 1391.07 1014.92 3603.1 1175.05 2379.97 1007.1 956.262 926.056 920.131 913.266 526.857 597.582 520.305 505.463 480.668 472.701 443.781 433.6 391.671 380.372 566.918 673.975 401.871 456.388 357.089 898.899 602.701 347.888
threshold=0.023945848455425137 0.01358858626690305 -0.27858460727464412 -2220.4999999999995 -1780.4999999999998 -1933.4999999999998 -2123.4999999999995 -0.11539477158709581 -2726.4999999999995 0.0031647567952994842 -1699.4999999999998 -2798.4999999999995 -4550.4999999999991 -4116.4999999999991 -2023.4999999999998 2.8931418480839728 -4550.4999999999991 -0.19120669005946253 -4116.4999999999991 -1919.4999999999998 -4280.4999999999991 -0.037559239191132715 -4280.4999999999991 -4375.4999999999991 -4550.4999999999991 -4852.9999999999991 -2455.4999999999995 -2338.4999999999995 -2374.4999999999995 3.0032012097360954
decision_type=10 8 10 2 2 2 2 8 2 10 2 2 2 2 2 2 2 8 2 2 2 10 2 2 2 2 2 2 2 2
left_child=1 10 16 8 5 6 -5 -3 11 17 15 12 -4 -14 -8 -1 -2 -9 -18 20 -17 -19 23 24 25 -23 -10 28 -28 -7
right_child=2 7 3 4 -6 29 14 9 26 -11 -12 -13 13 -15 -16 19 18 21 -20 -21 -22 22 -24 -25 -26 -27 27 -29 -30 -31
leaf_value=0.0027692973301861948 0.06375670652837602 0.019244641477313289 0.021087509919282738 0.065485682146705929 -0.0055217030527068348 0.093169556007281273 0.018562059488276113 0.0018443689229923695 -0.022636060041193378 0.00053949669126516369 -0.05827111799686488 0.053389239312077098 -0.013941157523826717 0.0081649077652870949 -0.020895462896845112 0.0058510798964149981 -0.0069225671301139371 -0.025470758913133742 0.03246572581957919 0.0066262273494931637 -0.037263462494487351 -0.021787726830733524 -0.01563400561655973 0.060426985871286289 -0.03740492416439125 0.052743843210633579 -0.0014343959382042816 -0.031993896336110696 0.055086636874502215 0.055969933913086169
leaf_weight=1282.9725269377232 1078.5561954528093 3576.2894433140755 5344.2566148042679 2503.0879983901978 7426.7326509356499 881.63404078781605 1899.6207522600889 4055.8201298713684 3562.7180103510618 18086.216639816761 2960.9628405719995 1131.0053169727325 3956.656664416194 13447.174896687269 1491.4461214393377 567.16473469138145 809.25961220264435 8059.1981584876776 6146.8374567776918 708.50565119087696 7394.4468314051628 393.06928995251656 14182.405201852322 543.50018732249737 571.87824828922749 430.19233958423138 1150.278751090169 1295.3526841700077 799.45446905493736 2188.9283379167318
leaf_count=5886 4433 15616 22824 10395 32898 3611 8116 18063 15771 80942 14503 4855 17531 59038 6609 2610 3485 37195 26006 3323 34994 1780 64654 2398 2643 1854 5009 5816 3545 9025
internal_value=-8.03693e-05 -0.0119702 0.0134705 0.0101889 0.0202337 0.0415706 0.028505 -0.00632007 0.0048234 -0.00829378 -0.0338016 0.00953617 0.00735585 0.00313923 0.001208 -0.0265221 0.0326989 -0.0139518 0.0278834 -0.0308565 -0.0341921 -0.0166014 -0.0121674 0.0131932 -0.00520747 0.0171585 -0.0117071 0.000291494 0.0217411 0.0666509
internal_weight=117926 62812.6 55113 47078.3 16391.4 8964.72 5894.15 49898.6 30686.9 46322.3 12914.1 23879.1 22748.1 17403.8 3391.07 9953.09 8034.65 28236.1 6956.1 8670.12 7961.61 24180.2 16121 1938.64 1395.14 823.262 6807.8 3245.09 1949.73 3070.56
internal_count=525428 286461 238967 205043 70654 37756 25120 225145 134389 209529 61316 104248 99393 76569 14725 46813 33924 128587 29491 40927 37604 110524 73329 8675 6277 3634 30141 14370 8554 12636
is_linear=0
shrinkage=0.05


Tree=7
num_leaves=31
num_cat=0
split_feature=10 32 10 32 33 33 33 33 33 32 34 33 38 32 33 32 32 33 33 33 33 33 33 7 33 32 33 33 33 33
split_gain=7020.87 3619.15 2469.96 1374.26 1153.26 1087.49 1263.13 1083.71 2373.65 1025.86 1056.45 950.496 1096.54 938.705 884.02 753.912 1661.04 1350.49 2926.16 1346.85 1492.56 844.446 1290.97 747.626 715.256 1205.86 693.252 673.437 589.531 609.871
threshold=0.015962934371496155 3.5000000000000004 0.028523561679827971 1.5000000000000002 -1688.4999999999998 -4950.4999999999991 -4501.4999999999991 -1780.4999999999998 -2205.4999999999995 3.5000000000000004 2.9150606983496101 -4392.4999999999991 -0.13822131888153436 8.5000000000000018 -4303.4999999999991 8.5000000000000018 10.500000000000002 -2205.4999999999995 -1562.4999999999998 -3916.4999999999995 -3180.4999999999995 -2810.4999999999995 -2443.4999999999995 -0.24864497649823733 -2599.4999999999995 5.5000000000000009 -4550.4999999999991 -3524.4999999999995 -4501.4999999999991 -2061.4999999999995
decision_type=8 2 10 2 2 2 2 2 2 2 2 2 10 2 2 2 2 2 2 2 2 2 2 10 2 2 2 2 2 2
left_child=4 3 5 26 9 -3 -7 8 -4 -1 -11 -8 -13 -10 -14 17 -17 24 -19 -18 27 -22 -23 -5 25 -16 -2 -21 -12 -30
right_child=1 2 7 23 -6 6 11 -9 13 10 28 12 14 -15 15 16 19 18 -20 20 21 22 -24 -25 -26 -27 -28 -29 29 -31
leaf_value=-0.041571435529593408 0.036236455132127948 -0.034334014056090358 0.01754788639978147 0.0069442576214894056 -0.051552050055289747 0.034656660326789795 -0.034794643407561075 -0.00059156575859712192 0.067165118070469251 0.018209859555522404 0.047064062694422586 0.036239846861433195 0.038356230317403504 0.025910591360572194 -0.015055331738553772 -0.022807875947326472 -0.045447648317734561 0.070948818467396133 -0.00094023183257377753 0.029675040983025459 -0.037657944111260146 0.068955538892075605 -0.0020034058493100435 -0.025231956406439021 -0.032967768260943484 0.01851678879774624 -0.0018780688906464918 0.089469557471333117 -0.026904098936928918 0.008162938511498543
leaf_weight=4436.3633579015732 1408.7992346733809 1776.3143524229527 17025.40909974277 2104.848337739706 3698.6308957785368 3439.52635397017 1590.5069738924503 4123.6201970875263 4189.3855949938297 2159.482678771019 317.24819920957088 2563.8281136006117 1631.2518808543682 2055.3784376084805 5017.8562446534634 8275.8791447281837 976.74811740219593 2326.1907652020454 3615.6915904283524 1140.8085297346115 1031.9847217649221 818.40819148719311 2956.5190671682358 12686.460871338844 1602.566156566143 5728.0073994547129 7789.38728903234 801.86594232916832 9079.7271477282047 1435.9682349562645
leaf_count=21277 6061 8439 72880 9247 18307 14576 7152 17973 17047 9663 1394 10947 7115 8672 22467 37244 4399 9775 16195 5012 4591 3571 13248 58822 7144 25390 34589 3437 42371 6659
internal_value=-8.26208e-05 0.00562356 0.0111812 -0.011216 -0.0261936 0.00401333 0.0055786 0.0230329 0.0272192 -0.0208122 -0.0137238 0.00308311 0.00464841 0.0535868 0.00239378 0.000683091 -0.00724286 0.00761751 0.0272037 0.00942924 0.0173706 0.00242323 0.0133806 -0.0206532 -0.00180705 0.00284005 0.00395957 0.0543561 -0.0200896 -0.0221155
internal_weight=117805 96677.2 72687.7 23989.5 21127.4 45294 43517.6 27393.8 23270.2 17428.8 12992.4 40078.1 38487.6 6244.76 35923.8 34292.5 16002.2 18290.3 5941.88 7726.33 6749.59 4806.91 3774.93 14791.3 12348.4 10745.9 9198.19 1942.67 10832.9 10515.7
internal_count=525664 425993 317274 108719 99671 200702 192263 116572 98599 81364 60087 177687 170535 25719 159588 152473 71502 80971 25970 34258 29859 21410 16819 68069 55001 47857 40650 8449 50424 49030
is_linear=0
shrinkage=0.05


Tree=8
num_leaves=31
num_cat=0
split_feature=10 32 10 32 33 33 38 32 34 33 33 32 33 33 33 32 32 33 33 33 33 33 33 33 10 33 33 33 32 33
split_gain=6170.66 3189.93 2299.21 1208.02 1159.41 1074.89 1198.95 1066.73 1024.79 929.56 1919.71 768.651 727.995 896.692 768.932 787.677 1508.99 1286.27 1330.53 1232.22 2573.93 769.035 1191.83 668.24 639.289 614.601 677.946 611.124 605.499 1162.46
threshold=0.016287970979547425 3.5000000000000004 0.02902195741671287 1.5000000000000002 -1699.4999999999998 -4950.4999999999991 -0.14541433719557093 3.5000000000000004 2.9365093959507509 -1780.4999999999998 -2205.4999999999995 8.5000000000000018 -4501.4999999999991 -4392.4999999999991 -4303.4999999999991 8.5000000000000018 10.500000000000002 -3916.4999999999995 -3180.4999999999995 -2205.4999999999995 -1562.4999999999998 -2810.4999999999995 -2443.4999999999995 -3997.4999999999995 0.030554525602436957 -2061.4999999999995 -4501.4999999999991 -3538.4999999999995 5.5000000000000009 -2882.4999999999995
decision_type=8 2 10 2 2 2 10 2 2 2 2 2 2 2 2 2 2 2 2 2 2 2 2 2 8 2 2 2 2 2
left_child=4 3 5 -2 7 -3 -7 -1 -9 10 -4 -12 -8 -14 -15 19 -17 -18 27 23 -21 -20 -23 -16 -5 26 -10 -19 -25 -30
right_child=1 2 9 24 -6 6 12 8 25 -11 11 -13 13 14 15 16 17 18 21 20 -22 22 -24 28 -26 -27 -28 -29 29 -31
leaf_value=-0.039203314309860987 0.0038779046298622224 -0.034152242724886865 0.017573904941550558 -0.026295971967410122 -0.04874835719224424 0.035490455577989091 0.026397172377288666 0.017734623176398095 0.045891383242210537 -8.9196178499898782e-06 0.062943668211663667 0.025045967259297905 -0.038997950841888812 0.03658294925122179 0.031786665800902343 -0.021687347659516614 -0.044037555907901087 0.022213429937179119 -0.036420808421510603 0.066456007265969952 0.00020893219181864696 0.064683390332301874 -0.0020795456774370612 -0.019382343752121778 -0.0033188784551927198 0.01248935797304373 -0.024870685601072383 0.077709665297455058 0.016864139312704137 -0.031272995975934879
leaf_weight=4643.3497363775969 9076.2471407651901 1770.1953352838755 16144.687892362475 10096.513439327478 3821.5154990553856 3114.2076384425163 3148.5485231876373 2463.1061003357172 351.00624071061611 3854.1867512762547 4088.8350679129362 1988.7151399552822 1327.2149261683226 1613.7324112802744 1399.5813393741846 8284.0139387398958 1002.5653280317783 953.64957518875599 1004.9231055676937 2442.9852515310049 3667.2375329434872 857.65002250671387 3030.5585438162088 4353.2663003206253 4323.5800479799509 1453.2813345640898 9485.2969106435776 1033.8655381053686 4934.2596383243799 1681.6048190444708
leaf_count=22601 40049 8528 68779 47332 19271 13174 13275 10961 1520 16789 16520 8340 6066 6962 6152 37505 4578 4165 4517 10118 16416 3668 13555 19610 19519 6701 44616 4358 21740 7550
internal_value=3.85269e-05 0.00557621 0.010816 -0.0104123 -0.0236881 0.00404645 0.00558851 -0.0184822 -0.0114861 0.022659 0.0265905 0.0505427 0.00330254 0.00136797 0.00284548 0.00127407 -0.00678596 0.00887304 0.0165825 0.0083258 0.0266958 0.0025696 0.0126468 -0.000749088 -0.0194067 -0.0178613 -0.0223456 0.0510815 -0.00490041 0.00462876
internal_weight=117410 95192.8 71696.5 23496.3 22217.6 45620.1 43849.9 18396 13752.7 26076.4 22222.2 6077.55 40735.7 37587.1 36259.9 34646.2 16167.2 7883.21 6880.65 18478.9 6110.22 4893.13 3888.21 12368.7 14420.1 11289.6 9836.3 1987.52 10969.1 6615.86
internal_count=524935 419265 312365 106900 105670 201937 193409 86399 63798 110428 93639 24860 180235 166960 160894 153932 72346 34841 30263 81586 26534 21740 17223 55052 66851 52837 46136 8523 48900 29290
is_linear=0
shrinkage=0.05


Tree=9
num_leaves=31
num_cat=0
split_feature=9 32 5 7 33 33 8 8 33 32 33 7 9 32 33 32 34 5 33 33 33 34 33 33 33 33 33 32 32 32
split_gain=5157.54 2198.52 2076.17 1146.31 1134.31 3634.23 1118.49 887.257 713.623 682.268 657.09 626.396 619.705 583.1 550.536 775.8 513.473 451.234 449.817 447.63 863.392 883.11 493.202 479.261 539.377 436.668 426.864 406.745 595.959 579.947
threshold=0.018064829285231083 3.5000000000000004 -0.11538354868730842 -0.30231705966066441 -1767.4999999999998 -2061.4999999999995 0.066120496251270491 0.099673115339009369 -4264.9999999999991 7.5000000000000009 -4550.4999999999991 -0.23697855564680112 0.039190087027570771 1.5000000000000002 -1410.4999999999998 4.5000000000000009 2.957507667707016 0.25000909337586202 -1794.4999999999998 -3239.4999999999995 -3636.4999999999995 3.0032012097360954 -3762.4999999999995 -2978.4999999999995 -2896.4999999999995 -1688.4999999999998 -4607.4999999999991 4.5000000000000009 8.5000000000000018 11.500000000000002
decision_type=10 2 8 8 2 2 8 10 2 2 2 8 10 2 2 2 2 8 2 2 2 2 2 2 2 2 2 2 2 2
left_child=2 11 7 26 5 12 8 10 9 -4 -1 -2 19 -13 15 -10 18 -15 -7 20 22 -22 -5 -21 -25 -6 -3 -8 -29 -30
right_child=1 3 6 4 25 16 27 -9 14 -11 -12 13 -14 17 -16 -17 -18 -19 -20 23 21 -23 -24 24 -26 -27 -28 28 29 -31
leaf_value=0.050326373526440531 0.014152147677840277 0.073240637767880479 -0.019339646735988359 0.0078867465016864546 -0.026139484544034388 0.088065612828856332 -0.021235285833356762 0.059849435481061086 -0.041423208309642995 0.045881388809383 -0.0012517356217442211 0.00078431617823747184 0.022146778231245435 -0.025132998512854162 -0.051866076196503463 -0.018149543541025694 0.043332611802534074 0.0021183667331343635 -0.011978411002850164 -0.021769683533553758 0.060648297714987233 0.012171991899943842 -0.021722724584302841 0.032102775306912724 -0.0015510308258584874 0.000358567465423502 0.029848077373852696 0.0089602026853982213 -0.023127898940221027 0.019498538085588941
leaf_weight=676.06239175796509 2847.1365359127522 649.3276020437479 1158.0156930536032 13279.974837556481 2214.1637137830257 1238.6869705617428 4607.573572024703 758.83981208503246 5592.1389906108379 613.36087064445019 7128.05437938869 5924.5768303871155 6639.455518886447 7180.5558649748564 2485.09978094697 9954.4700165241957 3899.357073366642 1926.5937970876694 123.56313402950764 2439.2296826541424 1538.6771572828293 2412.6077203154564 1572.9652817994356 1368.7973826676607 9145.1574716866016 5220.6403002589941 4457.1236772984266 5019.9528468698263 4260.2530120164156 981.8368174880743
leaf_count=2837 12385 2614 5325 57713 9870 5023 21733 3129 27465 2691 32334 26124 28193 33872 12935 46888 15954 8878 510 10936 6615 10514 6949 5992 39829 23237 18509 22309 19877 4391
internal_value=-8.97238e-05 0.00791951 -0.0138125 0.0127779 0.0105204 0.0135947 -0.0192575 0.00823518 -0.0270392 0.00324394 0.00321642 -0.00735214 0.00825458 -0.0114252 -0.0300141 -0.0265211 0.0525647 -0.019368 0.0789911 0.00535017 0.010277 0.0310492 0.00475103 -0.00180214 0.00283031 -0.00753283 0.0353658 -0.00889395 -0.00335279 -0.015144
internal_weight=117314 74078.6 43235.7 56199.7 51093.3 43658.5 34672.7 8562.96 19803.1 1771.38 7804.12 17878.9 38396.9 15031.7 18031.7 15546.6 5261.61 9107.15 1362.25 31757.4 18804.2 3951.28 14852.9 12953.2 10514 7434.8 5106.45 14869.6 10262 5242.09
internal_count=525631 323717 201914 242458 221335 188228 163614 38300 95304 8016 35171 81259 166741 68874 87288 74353 21487 42750 5533 138548 81791 17129 64662 56757 45821 33107 21123 68310 46577 24268
is_linear=0
shrinkage=0.05


Tree=10
num_leaves=31
num_cat=0
split_feature=10 32 10 32 33 33 5 32 7 33 33 32 7 33 33 33 33 33 33 38 5 33 43 12 33 33 33 32 33 12
split_gain=5232.76 2618.6 1910.68 1041.23 1025.69 919.719 1032.31 853.415 833.198 770.368 1717.44 753.861 671.112 654.545 666.843 719.256 598.37 572.518 509.694 487.022 483.2 479.246 439.576 428.645 430.68 521.812 419.839 521.148 556.567 411.091
threshold=0.015962934371496155 3.5000000000000004 0.028523561679827971 1.5000000000000002 -1699.4999999999998 -4950.4999999999991 -0.14808537827053694 3.5000000000000004 -0.072344836045771452 -1780.4999999999998 -2205.4999999999995 8.5000000000000018 -0.24864497649823733 -2061.4999999999995 -2656.4999999999995 -2782.4999999999995 -4501.4999999999991 -4550.4999999999991 -3852.4999999999995 -0.14541433719557093 0.25000909337586202 -3997.4999999999995 2.5000000000000004 0.58571427209036686 -3636.4999999999995 -3256.4999999999995 -4681.4999999999991 10.500000000000002 -2416.4999999999995 2.2500000000000022
decision_type=8 2 10 2 2 2 10 2 10 2 2 2 10 2 2 2 2 2 2 10 10 2 2 10 2 2 2 2 2 10
left_child=4 3 5 17 7 -3 19 -1 16 10 26 29 -5 14 15 21 -8 -2 -19 -7 -14 -9 -20 24 -23 -26 -4 -28 -29 -12
right_child=1 2 9 12 -6 6 8 13 -10 -11 11 -13 20 -15 -16 -17 -18 18 22 -21 -22 23 -24 -25 25 -27 27 28 -30 -31
leaf_value=-0.037430623548658885 0.032854066628474864 -0.032424889361930408 0.035160953986491099 0.0080180440361539256 -0.047696715020860384 0.037060000821819795 0.023374121853812518 0.012995664011878218 0.011127963803824359 -0.00014777637234127561 0.068586970925616025 0.021007552915085916 -0.026682217781655443 0.018045351837899987 -0.042075399797907816 0.086481799475476781 -0.0076967072968643392 -0.036892523027969547 0.029343065839340932 0.01207097250854608 0.00029575587798600565 -0.02869979027444064 -0.0031332650849463344 -0.024564945109694217 0.045160641457856129 -0.023499387278964251 0.0061291943388921168 0.033564631974872888 -0.019130212891910321 0.035337236594842947
leaf_weight=4214.0426396876574 1412.4824825674295 1740.9456000775099 2284.5763524323702 2126.6960082501173 3487.0142784714699 2687.725774243474 1678.5023626685143 1563.5324578285217 11913.075796157122 4085.3127046078444 2859.5099409967661 2077.3852030783892 10418.252700597048 1636.5474690049887 1986.6987675428391 188.73930087685585 20168.847180858254 910.83919759094715 1280.1022629886866 7101.700200676918 1974.3069744408131 684.10771837830544 5600.1584459841251 5482.6226545572281 783.92937165498734 427.70005559921265 10559.584439262748 3809.4008025825024 576.99491731822491 1377.3943489640951
leaf_count=21175 6014 8533 9468 9332 18357 11239 7011 7043 52296 17836 11480 8633 49854 7510 9426 880 91014 4098 5632 30864 9120 3094 24890 26370 3566 1963 45063 15962 2447 5536
internal_value=-2.39383e-05 0.00483869 0.00953303 -0.00959111 -0.0229985 0.00321146 0.00463606 -0.0179229 0.000490755 0.0198952 0.0233729 0.0456804 -0.0179311 -0.0114772 -0.0158232 -0.0101111 -0.00530958 0.00356578 -0.00174402 0.0189318 -0.0223843 -0.0121499 0.0029091 -0.0174784 0.00301641 0.0209239 0.0151982 0.0121467 0.0266331 0.0577777
internal_weight=117099 96643.8 72921 23722.8 20454.9 45290.8 43549.9 16967.9 33760.4 27630.2 23544.8 6314.29 14519.3 12753.9 11117.3 9130.63 21847.3 9203.58 7791.1 9789.43 12392.6 8941.89 6880.26 7378.36 1895.74 1211.63 17230.6 14946 4386.4 4236.9
internal_count=525706 426322 317382 108940 99384 200957 192424 81027 150321 116425 98589 25649 68306 59852 52342 42916 98025 40634 34620 42103 58974 42036 30522 34993 8623 5529 72940 63472 18409 17016
is_linear=0
shrinkage=0.05


Tree=11
num_leaves=31
num_cat=0
split_feature=10 32 10 33 32 33 5 32 34 33 33 32 33 38 9 5 33 33 33 33 33 34 5 38 33 32 33 34 33 32
split_gain=4882.57 2478.26 1695.09 1022.23 979.147 809.145 915.79 770.032 818.721 728.158 1597.26 662.536 621.849 671.454 618.437 602.997 557.768 475.267 515.43 473.056 449.802 438.266 429.983 425.992 413.676 368.169 507.583 455.288 346.316 344.421
threshold=0.015962934371496155 3.5000000000000004 0.028523561679827971 -1699.4999999999998 1.5000000000000002 -4950.4999999999991 -0.18501255793000923 3.5000000000000004 2.8931418480839728 -1780.4999999999998 -2205.4999999999995 7.5000000000000009 -4501.4999999999991 0.010026043390230501 0.029852398903266592 -0.067669172932327812 -4550.4999999999991 -4501.4999999999991 -2061.4999999999995 -4392.4999999999991 -4180.4999999999991 4.0664589915953142 -0.27232574628789169 -0.070755695453246545 -4779.4999999999991 10.500000000000002 -2429.4999999999995 3.1068238101485854 -2656.4999999999995 11.500000000000002
decision_type=8 2 10 2 2 2 10 2 2 2 2 2 2 10 8 10 2 2 2 2 2 2 10 8 2 2 2 2 2 2
left_child=3 4 5 7 16 -3 -7 -1 -9 10 24 21 -8 15 -6 19 -2 -10 28 -14 -18 -12 -11 -22 -4 -26 27 -27 -19 -15
right_child=1 2 9 -5 14 6 12 8 17 22 11 -13 13 29 -16 -17 20 18 -20 -21 23 -23 -24 -25 25 26 -28 -29 -30 -31
leaf_value=-0.035977855723681194 0.031963158360430829 -0.030569710702085525 0.051870654934016991 -0.047380306441296566 -0.024415764879695941 0.021363388568460914 0.024614793981607808 0.017377409793098549 0.041928806550555628 0.060466577519700353 0.070868422323720121 0.02804345974829461 -0.044962132398448575 0.005551222894309993 -0.001770385885212919 -0.014239150358497805 -0.03669852927418326 -0.018432972359538651 0.0090583747626300157 0.0055519550489883437 0.036259865719361704 0.026480815415793391 -0.0049254539849964999 -0.0023532526426654626 0.0083101696335862903 0.057551019727218593 -0.011264216691973077 0.020270338166370788 -0.043523418517016993 0.03231851299376947
leaf_weight=4169.9823117107153 1429.0946011990309 1706.829901099205 706.25702907145023 3403.2546654045582 10069.628938466311 6811.9530099928379 2675.746797695756 2091.4843234568834 333.03866726160049 269.14194765686989 2349.5693992525339 3270.6430342495441 488.36398181319237 12342.251229062676 4303.3913637250662 10836.661423712969 834.83991475403309 7124.3570324480534 1432.4048414677382 9094.6405836045742 808.56289638578892 728.53279702365398 3810.5340142548084 6125.9976204931736 12177.358595073223 1244.7805829197168 786.85913591086864 2393.9518228024244 1704.2925970554352 1331.4085988998413
leaf_count=21309 6039 8484 2879 18355 48368 28924 11128 9269 1420 1118 9423 13383 2252 54231 19755 49466 3805 34274 6571 40666 3501 2928 16692 27244 51690 5145 3337 9996 8299 5715
internal_value=-6.74158e-05 0.00461311 0.00916318 -0.0223848 -0.00948318 0.00320143 0.00452406 -0.0173381 -0.0112108 0.018897 0.0222612 0.043713 0.00140436 -0.000417265 -0.0176356 -0.00615924 0.00325524 -0.0168547 -0.0187626 0.00297768 -0.00202526 0.0603627 -0.00061145 0.002149 0.014393 0.0127988 0.0251495 0.0330238 -0.0232765 0.00815756
internal_weight=116856 96597 73025.5 20258.8 23571.5 45287.9 43581 16855.6 12685.6 27737.6 23658 6348.75 36769.1 34093.3 14373 20419.7 9198.5 10594.1 10261.1 9583 7769.4 3078.1 4079.68 6934.56 17309.2 16603 4425.59 3638.73 8828.65 13673.7
internal_count=525666 426169 317457 99497 108712 200866 192382 81142 59833 116591 98781 25734 163458 152330 68123 92384 40589 50564 49144 42918 34550 12351 17810 30745 73047 70168 18478 15141 42573 59946
is_linear=0
shrinkage=0.05


Tree=12
num_leaves=31
num_cat=0
split_feature=9 32 33 32 33 32 11 7 32 28 33 33 28 38 33 7 26 32 33 33 33 34 33 33 34 33 33 33 33 33
split_gain=4143.74 1698.9 1420.21 1698.81 1131.84 1057.6 1015.72 1012.79 917.088 856.114 708.653 602.994 1043.72 602.633 578.075 566.7 553.449 518.463 494.549 2023.53 492.062 464.814 453.628 481.212 437.676 432.447 427.115 404.057 939.23 405.746
threshold=0.017248937940642927 3.5000000000000004 -1410.4999999999998 5.5000000000000009 -4550.4999999999991 8.5000000000000018 0.36842891971182673 -0.27240761339760217 10.500000000000002 0.077522887617894665 -4832.4999999999991 -3965.4999999999995 0.10102171742231085 -0.11775483524819096 -4910.4999999999991 -0.23478260869565218 0.37429369513168403 1.5000000000000002 -1780.4999999999998 -2061.4999999999995 -3636.4999999999995 3.9425517400786041 -4607.4999999999991 -4116.4999999999991 2.844909405997881 -4067.4999999999995 -4681.4999999999991 -2656.4999999999995 -2782.4999999999995 -2220.4999999999995
decision_type=10 2 2 2 2 2 8 8 2 10 2 2 8 10 2 8 8 2 2 2 2 2 2 2 2 2 2 2 2 2
left_child=2 15 3 4 10 6 -5 22 11 18 14 12 -7 -6 -1 -2 -8 -17 19 27 26 -21 -3 -24 -10 -25 -11 28 -9 -29
right_child=1 7 -4 5 13 8 16 9 24 20 -12 -13 -14 -15 -16 17 -18 -19 -20 21 -22 -23 23 25 -26 -27 -28 29 -30 -31
leaf_value=0.039699028265400893 0.013176916124076055 0.060251808829353153 -0.046829124294418295 0.058566708853960772 0.014233843025303033 0.055612874749089852 -0.0020870630536083965 0.005249518735717721 0.033575738680256068 0.025783390530468738 0.07400501836547195 -0.033512228033836459 -0.036106693609941655 -0.031154376399828661 -0.037302375470097418 0.00071861676424321954 0.026741581899347045 -0.017880998973268968 -0.0081339598757192988 0.067431019417167781 0.025966732137854942 0.0178156891476953 -0.010517994238288074 0.079185192737638369 -0.0037717858116980401 0.024817903562999843 -0.0092800350477805892 -0.015167117225963304 0.077876076514012724 0.013069125174036751
leaf_weight=428.7420556396246 3032.6542659699917 941.6017266958952 2941.5054612904787 972.91520543396473 777.32785412669182 566.90858101844788 6942.4391929805279 23272.235356897116 954.34403200447559 1410.1808355748653 410.70148998498917 4827.0627411007881 684.8949109017849 12355.82374355197 564.86816535890102 6243.3867723196745 2189.9978610277176 9369.3187161833048 6429.879979968071 1587.9585478901863 8835.7874130904675 671.73382054269314 914.20332229137421 392.69332860410213 4406.7161653339863 5333.1723719090223 2261.0851304829121 4681.3327616155148 453.84628032147884 1747.0898779183626
leaf_count=1811 13175 3789 15864 4024 3526 2445 32161 101909 4225 5820 1738 22930 3457 61170 2640 27605 9626 45112 28898 6459 36893 2758 3879 1594 20607 22025 9574 20791 1873 7402
internal_value=-0.000131925 0.00655321 -0.0134216 -0.0106982 -0.0239058 -0.0017865 0.0100002 0.0107151 -0.0121981 0.00819651 0.0187591 -0.0254928 0.00543066 -0.0284679 -0.00407633 -0.00660138 0.00482617 -0.0104432 0.00453318 0.00704591 0.019574 0.052682 0.0277737 0.0231681 0.0028766 0.0285465 0.00418828 0.00362607 0.00663876 -0.00749319
internal_weight=116602 77578.2 39024.2 36082.7 14537.5 21545.3 10105.4 58932.8 11439.9 51351.1 1404.31 6078.87 1251.8 13133.2 993.61 18645.4 9132.44 15612.7 38844.1 32414.2 12507.1 2259.69 7581.67 6640.07 5361.06 5725.87 3671.27 30154.5 23726.1 6428.42
internal_count=525780 339556 186224 170360 70885 99475 45811 253664 53664 222377 6189 28832 5902 64696 4451 85892 41787 72717 170090 141192 52287 9217 31287 27498 24832 23619 15394 131975 103782 28193
is_linear=0
shrinkage=0.05


Tree=13
num_leaves=31
num_cat=0
split_feature=10 10 32 5 38 5 43 32 10 32 32 5 32 32 32 28 32 34 28 1 5 34 34 13 32 11 34 43 34 38
split_gain=4175.07 2312.71 1628.71 886.738 854.211 687.688 676.258 670.592 661.307 527.656 394.795 387.885 387.294 345.999 518.773 326.615 316.268 375.068 346.612 302.13 291.447 291.253 291.121 289.77 271.205 311.741 264.174 259.324 252.104 251.563
threshold=0.014385691916713904 0.028765339661056138 3.5000000000000004 -0.12883044322023171 0.0037918590580749982 -0.17866732202834443 1.5000000000000002 1.5000000000000002 0.0089332508102177039 3.5000000000000004 5.5000000000000009 -0.053427827306420365 11.500000000000002 8.5000000000000018 10.500000000000002 0.10102171742231085 8.5000000000000018 2.9014216150426262 0.096031719822778222 0.18537397475124032 0.25000909337586202 3.1915040999375512 3.0750027876182671 0.064435536197904861 8.5000000000000018 0.36842891971182673 1.5580892133149293 2.5000000000000004 2.8115666804667279 0.19047619047610889
decision_type=8 10 2 8 10 10 2 2 10 2 2 8 2 2 2 10 2 2 10 10 8 2 2 10 2 10 2 2 2 10
left_child=8 2 7 6 11 -3 10 -2 -1 -7 -4 -5 16 26 23 28 18 -18 -6 24 -9 -16 27 -15 25 -13 -11 -14 -10 -28
right_child=1 5 3 4 12 9 -8 20 15 13 -12 19 22 14 21 -17 17 -19 -20 -21 -22 -23 -24 -25 -26 -27 29 -29 -30 -31
leaf_value=-0.045769438992770799 -0.0024879017878828855 0.02954269391253337 0.067499866164757005 0.00087030126790567516 0.0047160870958841677 -0.00087620481872829165 0.010421650646135438 -0.026309656380975419 -0.0033166254243657749 0.078914740701809344 0.0037299611079426899 0.030012194162463774 -0.02145658853598113 -0.010117713257648604 0.034814983328423414 0.014993562784218907 0.019468158134861469 -0.010771838420349612 0.026990933233797389 0.091401126706867564 0.0031238223993473348 0.010682749175690892 0.015769471548772205 0.015002148281249229 -0.019634976312597821 -0.0092047411173640913 0.015896990461185628 0.07436088695361158 -0.025013876106867963 0.034708799065250207
leaf_weight=3105.4418225586414 5913.114356175065 5756.4401178210974 878.93866804242134 7756.5552453398705 7232.9755553007126 7435.0749769806862 10218.39876742661 9290.7096493542194 1571.8525017797947 190.73440609872341 335.29119984805584 566.45210386812687 83.54271525144577 3882.9154636859894 1904.0751574486494 639.67129753530025 1297.788086488843 4885.1116746813059 2302.3638794273138 68.688181340694427 924.75412632524967 3641.4266887158155 1283.3524436354637 1629.9703879803419 7889.1010362654924 4807.3391305357218 9086.5429456830025 456.31195896863937 9028.8716173768044 2209.2388505041599
leaf_count=17118 26690 23931 3594 35181 31915 33584 44263 46073 7405 779 1425 2379 369 16710 7893 3023 5672 21886 9556 293 4385 15342 5519 6905 37177 21790 38071 1884 45550 9072
internal_value=-9.07703e-05 0.00346374 -0.0020703 0.0023815 -0.00123864 0.0137139 0.0146136 -0.0158884 -0.0253456 0.0106746 0.0498908 -0.00801984 0.00691364 0.0144839 0.00817096 -0.019703 0.00438333 -0.00442448 0.0100945 -0.0131923 -0.0236452 0.0189687 0.028728 -0.00269064 -0.013734 -0.00507088 0.0205615 0.0595331 -0.0217967 0.0195762
internal_weight=116273 101927 66190.8 50062.2 38629.6 35736.4 11432.6 16128.6 14345.8 29980 1214.23 21088.1 17541.4 22544.9 11058.4 11240.4 15718.2 6182.9 9535.34 13331.6 10215.5 5545.5 1823.21 5512.89 13262.9 5373.79 11486.5 539.855 10600.7 11295.8
internal_count=525434 452338 300051 222903 173621 152287 49282 77148 73096 128356 5019 96820 76801 94772 46850 55978 69029 27558 41471 61639 50458 23235 7772 23615 61346 24169 47922 2253 52955 47143
is_linear=0
shrinkage=0.05


Tree=14
num_leaves=31
num_cat=0
split_feature=10 32 10 33 5 38 32 43 32 34 33 33 34 10 33 33 5 32 33 43 33 33 32 12 32 33 33 33 33 33
split_gain=3814.89 1849.37 1299.28 869.631 803.692 777.172 736.465 685.074 649.527 675.598 534.39 1095.59 574.175 493.218 445.141 417.792 538.618 392.737 388.116 397.245 386.391 377.32 363.185 351.787 351.606 409.29 333.86 697.805 330.708 323.623
threshold=0.015741813263382021 3.5000000000000004 0.030109092372056969 -1699.4999999999998 -0.13924050632911392 0.016777462896643839 1.5000000000000002 1.5000000000000002 3.5000000000000004 2.9365093959507509 -1780.4999999999998 -2220.4999999999995 4.0664589915953142 0.025726498998584337 -4550.4999999999991 -4970.4999999999991 -0.04489686842133838 7.5000000000000009 -3852.4999999999995 2.5000000000000004 -1864.4999999999998 -2599.4999999999995 5.5000000000000009 19.721428571428607 10.500000000000002 -4681.4999999999991 -2220.4999999999995 -1828.4999999999998 -1767.4999999999998 -4018.4999999999995
decision_type=8 2 10 2 8 10 2 2 2 2 2 2 2 8 2 2 10 2 2 2 2 2 2 10 2 2 2 2 2 2
left_child=3 6 4 8 7 15 14 22 -1 -10 11 21 17 23 -2 -6 -17 -13 -16 -20 29 24 -3 -8 25 -4 -9 -28 -22 -11
right_child=1 2 10 -5 5 -7 13 26 9 20 -12 12 -14 -15 18 16 -18 -19 19 -21 28 -23 -24 -25 -26 -27 27 -29 -30 -31
leaf_value=-0.033973393016248958 0.028010731294633641 0.067381633617406872 0.031727957703932518 -0.044766862970247123 -0.034085665137424628 0.008661388091575772 -0.026569323110291504 0.0054437920549534873 0.015517601958146443 0.0058543577900950147 -0.00092157544308031517 0.061088944559963811 0.0099599188713081193 -0.0061099598851004269 -0.03311601312394976 0.0035027145210193922 -0.011852531124236648 0.032105035381157492 0.026587150218121709 -0.0039557465149388732 0.046542590488101915 -0.0048573780044296501 0.0067836559122081974 0.041558772689205672 0.031763781466103758 0.0058457078822503712 0.074792030820482788 0.011254700956114716 -0.029203730870605318 -0.02199585574661651
leaf_weight=3793.0370291769505 1451.8480896055698 885.67726697027683 1968.5833401679993 3140.6313339918852 1233.3382151573896 15335.256257399917 7010.7255316674709 7130.8915819525719 2100.7123022526503 1199.8285851627588 3411.4525451213121 2344.1049875915051 1382.6007743179798 7025.6817433387041 895.30908681452274 11370.873899102211 11473.312432810664 2330.9945157021284 1315.9257275462151 5573.6143203377724 435.87049946188927 2479.7077024579048 343.02133931219578 194.74532544612885 2885.0098077505827 6816.3705107569695 579.79389299452305 1696.7575826942921 215.26665124297142 7984.8891416192055
leaf_count=20239 6075 3596 8060 17987 6372 66434 35221 30571 9306 5471 14830 9464 5594 32712 4148 50966 52322 9465 5748 24857 1959 10490 1445 971 11868 28799 2378 7356 1014 39608
internal_value=-0.000173645 0.00382277 0.00771672 -0.0207454 0.00315514 -0.000136337 -0.0084007 0.0153519 -0.0159492 -0.0102217 0.0173828 0.020473 0.0382664 -0.0155366 0.00259369 -0.00573971 -0.00420934 0.0466376 -0.0021465 0.00187805 -0.015719 0.0128554 0.0504642 -0.024728 0.0166191 0.0116456 0.0107659 0.0274364 0.0215008 -0.0183577
internal_weight=116006 97135.6 73667.7 18870.2 50048.9 39412.8 23467.8 10636.1 15729.6 11936.6 23618.8 20207.4 6057.7 14231.2 9236.7 24077.5 22844.2 4675.1 7784.85 6889.54 9835.85 14149.7 1228.7 7205.47 11670 8784.95 9407.44 2276.55 651.137 9184.72
internal_count=525326 429742 320010 95584 221440 176094 109732 45346 77597 57358 98570 83740 24523 68904 40828 109660 103288 18929 34753 30605 48052 59217 5041 36192 48727 36859 40305 9734 2973 45079
is_linear=0
shrinkage=0.05


Tree=15
num_leaves=31
num_cat=0
split_feature=10 9 5 32 32 33 33 32 33 33 33 33 5 33 32 33 32 34 33 32 33 33 33 33 33 33 33 43 33 32
split_gain=3534.04 1646.71 1239.34 1197.5 838.24 741.181 1362.1 1000.89 635.877 772.143 560.551 524.958 497.144 496.143 487.831 515.32 820.052 538.194 534.132 572.096 509.509 577.595 455.005 585.942 532.082 495.518 638.078 417.22 351.745 330.901
threshold=0.020708503820368328 0.010726204752903383 -0.14348305979460615 4.5000000000000009 3.5000000000000004 -1767.4999999999998 -2205.4999999999995 8.5000000000000018 -2627.4999999999995 -2782.4999999999995 -1641.4999999999998 -4970.4999999999991 -0.18501255793000923 -4501.4999999999991 5.5000000000000009 -3239.4999999999995 8.5000000000000018 3.654545938253261 -3636.4999999999995 10.500000000000002 -4280.4999999999991 -4352.4999999999991 -4550.4999999999991 -4116.4999999999991 -4067.4999999999995 -2374.4999999999995 -1641.4999999999998 1.5000000000000002 -4910.4999999999991 4.5000000000000009
decision_type=10 8 10 2 2 2 2 2 2 2 2 2 10 2 2 2 2 2 2 2 2 2 2 2 2 2 2 2 2 2
left_child=1 10 22 -4 28 6 8 -8 9 -5 29 -6 -13 -14 -15 17 -17 18 20 -20 21 -16 -2 -24 -25 -26 27 -27 -3 -1
right_child=2 4 3 5 11 -7 7 -9 -10 -11 -12 12 13 14 15 16 -18 -19 19 -21 -22 -23 23 24 25 26 -28 -29 -30 -31
leaf_value=-0.036314703922811338 0.045444491768300004 0.028550818703261517 -0.0073803247770171977 0.0072867570640348161 -0.033888089915139495 -0.007450057799126557 0.043939579440341422 0.007331631172950848 -0.013761149207878362 0.063856898764211176 -0.048375800432327309 0.01694573743904914 0.033925614216005519 -0.018985241081543581 -0.019673481140093835 0.010506355079119838 -0.020320322341014919 -0.0062233579607149508 0.02752331021223893 0.096614329401484123 -0.012589260062593305 0.073449332912958964 -0.012652708587639417 0.069782091771494539 0.0090108255799372008 0.00035820681067894684 -0.00068122325538717962 0.04791119700197001 -0.022265856595941363 -0.014618425386878723
leaf_weight=2610.6681136339903 1541.146479293704 356.55249804258347 17515.344460278749 20464.865719795227 1190.035531938076 6212.9568753093481 4756.1814760267735 3073.850309252739 3608.0480129718781 621.52177113294601 2616.2958922088146 3728.5408567786217 879.82140906155109 4488.8472742289305 263.49636174738407 3554.4557486325502 5488.8738591074944 2969.1191874593496 1483.6018420904875 375.43673230707645 1414.8827978074551 452.41218140721321 1503.2242016792297 523.31010955572128 6359.3546674400568 542.349564909935 1245.1886510699987 3085.2211298346519 7577.8447057306767 5376.8532101511955
leaf_count=14013 6317 1495 81007 87684 6252 27943 19225 12924 15936 2529 15418 16154 3649 21096 1166 16177 26014 13629 6565 1587 6422 1941 6562 2145 26826 2306 5391 12886 38353 26360
internal_value=-7.97595e-05 -0.0110728 0.00685584 0.00346872 -0.00573855 0.00837418 0.011397 0.0295683 0.00563528 0.00895416 -0.0282891 -0.00143967 9.87933e-05 -0.00284045 -0.00441907 -0.000333068 -0.00820398 0.00989538 0.0218905 0.0414764 0.00480251 0.0391747 0.01973 0.016741 0.0204998 0.0182037 0.0302011 0.0408017 -0.0199823 -0.0217097
internal_weight=115880 44827.7 71052.6 56252.8 34223.9 38737.4 32524.5 7830.03 24694.4 21086.4 10603.8 26289.5 25099.5 21370.9 20491.1 16002.3 9043.33 6958.95 3989.83 1859.04 2130.79 715.909 14799.8 13258.6 11755.4 11232.1 4872.76 3627.57 7934.4 7987.52
internal_count=525972 216291 309681 247248 160500 166241 138298 32149 106149 90213 55791 120652 114400 98246 94597 73501 42191 31310 17681 8152 9529 3107 62433 56116 49554 47409 20583 15192 39848 40373
is_linear=0
shrinkage=0.05


Tree=16
num_leaves=31
num_cat=0
split_feature=10 9 32 5 32 5 10 32 43 32 7 38 13 34 38 32 43 32 12 5 32 12 5 12 32 12 32 3 8 9
split_gain=3241.97 1875.95 1126.22 856.043 633.347 569.841 496.341 476.893 467.95 571.138 347.52 300.303 282.927 264.779 262.273 250.665 533.234 374.779 269.238 247.72 245.924 240.195 239.976 237.315 236.715 230.155 223.618 222.129 213.127 208.639
threshold=0.025059439308113576 0.010870300656066955 3.5000000000000004 -0.13716659025194747 4.5000000000000009 -0.17326522399542213 0.0089332508102177039 1.5000000000000002 3.5000000000000004 11.500000000000002 -0.032405099516266071 -0.17056237577432135 0.030467387167463732 3.1822118484109185 -0.11102285597576393 8.5000000000000018 1.5000000000000002 5.5000000000000009 1.4071428571428588 -0.081250000000000364 10.500000000000002 4.6714285714285753 -0.064779174916516621 2.2214285714285738 8.5000000000000018 0.14285714285714304 5.5000000000000009 -0.086843236638457819 0.51468627450980398 0.012093614155730055
decision_type=10 8 2 10 2 8 10 2 2 2 10 10 8 2 10 2 2 2 10 8 2 10 10 10 2 10 2 10 10 10
left_child=1 6 7 11 28 27 -1 -3 15 12 13 -2 24 20 -9 16 18 -18 26 -17 25 -16 -8 -11 -10 -6 -7 -4 -5 -13
right_child=3 2 5 4 10 8 22 14 9 23 -12 29 -14 -15 21 19 17 -19 -20 -21 -22 -23 -24 -25 -26 -27 -28 -29 -30 -31
leaf_value=-0.043479341892653671 0.039525490399819174 -0.0035911653945835025 0.035023209903164869 -0.0061449324837931155 0.052984962711570674 0.028137254802095897 -0.0079047309728807365 0.0013530102332457389 0.00075710742575923703 0.038925141866956503 0.023172411918761803 0.048351346927377387 0.0073023671763649892 0.0038748557669445352 -0.031020998111395245 0.0013789123041283869 -0.016543254251590627 0.0079622482634030996 0.043103646062550523 -0.018903329838962792 0.029837442640180491 -0.005192659092874443 -0.025415364225976896 0.00099374156430366198 -0.015989116709831566 0.0076799344409046498 -0.034464109834640537 0.010442495991972583 0.013699192920625171 0.016072316462633338
leaf_weight=2891.8426314592361 1965.9189681261778 4533.2412047386169 1206.5059011280537 10390.33452808857 294.93144574761391 307.64254152774811 2926.2334810048342 910.89329409599304 5686.0548940002918 1497.088905826211 4362.6548741906881 531.82486970722675 8361.3112538158894 15067.137715488672 6010.2828790694475 1984.5998773276806 4267.776474788785 2459.3098793029785 883.19235987961292 6235.6120326071978 2095.7046934515238 1058.6985663324594 5904.8571413457394 569.10388612747192 3355.5901437997818 5661.751100987196 265.99098725616932 3858.0911400914192 1555.6290827989578 8527.5119752883911
leaf_count=16902 8036 21106 5027 47420 1204 1293 14461 4382 25703 6444 18227 2218 36676 64042 31379 9185 20126 11049 3761 30234 8697 5498 30486 2491 15559 24094 1162 16495 6933 35822
internal_value=-2.0618e-05 -0.00738697 -0.00341429 0.00949497 0.00605097 0.000598285 -0.0255005 -0.0165418 -0.00161823 0.00362365 0.010229 0.0218113 0.00067284 0.00778659 -0.0238989 -0.00783953 -0.0016451 -0.00758445 0.0257806 -0.0140066 0.015106 -0.0271528 -0.0196131 0.0284775 -0.00545785 0.00992311 -0.000890684 0.0162982 -0.00356079 0.0179672
internal_weight=115627 65173.9 53451 50453.4 39428.1 40937.9 11722.9 12513.1 35873.3 19469.1 27482.2 11025.3 17403 23119.5 7979.87 16404.1 8183.91 6727.09 1456.83 8220.21 8052.39 7068.98 8831.09 2066.19 9041.65 5956.68 573.634 5064.6 11946 9059.34
internal_count=526112 309419 247570 216693 170617 185205 61849 62365 163683 86873 116264 46076 77938 98037 41259 76810 37391 31175 6216 39419 33995 36877 44947 8935 41262 25298 2455 21522 54353 38040
is_linear=0
shrinkage=0.05


Tree=17
num_leaves=31
num_cat=0
split_feature=10 7 32 32 33 33 33 32 33 43 33 9 10 32 33 33 33 33 33 33 33 33 33 33 43 43 33 32 33 33
split_gain=3011.95 1532.49 1368.3 1160.78 1551.83 1410.65 1000.66 968.567 787.277 738.423 572.942 535.34 520.859 494.802 492.905 885.052 508.319 432.959 967.594 432.958 939.974 683.513 391.011 390.47 386.876 436.481 379.434 359.618 382.807 343.591
threshold=0.015741813263382021 -0.23911439771917317 4.5000000000000009 8.5000000000000018 -2205.4999999999995 -1794.4999999999998 -2882.4999999999995 11.500000000000002 -1699.4999999999998 2.5000000000000004 -1919.4999999999998 0.039190087027570771 0.027773727652572289 5.5000000000000009 -4550.4999999999991 -4116.4999999999991 -4067.4999999999995 -3239.4999999999995 -3538.4999999999995 -3152.4999999999995 -2782.4999999999995 -2416.4999999999995 -1498.4999999999998 -2374.4999999999995 2.5000000000000004 1.5000000000000002 -3239.4999999999995 1.5000000000000002 -4550.4999999999991 -4699.4999999999991
decision_type=8 8 2 2 2 2 2 2 2 2 2 10 8 2 2 2 2 2 2 2 2 2 2 2 2 2 2 2 2 2
left_child=8 14 12 4 6 -6 -4 11 10 -9 13 17 27 -1 -2 -16 -17 18 29 -11 -21 -22 23 -18 25 -25 -15 28 -3 -5
right_child=1 2 3 7 5 -7 -8 9 -10 19 -12 -13 -14 26 15 16 22 -19 -20 20 21 -23 -24 24 -26 -27 -28 -29 -30 -31
leaf_value=-0.027901845558196272 0.040395560602644147 0.033056336615914665 0.009770867781237107 -0.031836891830486144 0.047708079256190972 0.0076058189649593272 -0.020337150159673897 -0.0055414493360554703 -0.042070404730204278 0.04427518564850879 0.020267060762661538 0.011947839706696842 0.00063309127428536104 0.0011189983800383482 -0.016058164188864674 0.065810929014673197 0.011844919688784174 -0.017085161205150089 0.057063178369214741 -0.043409803186552361 0.072137327389666842 0.0056621518058172712 -0.016664159766411252 0.0080321022919106911 0.0099444422794031633 0.052673121816182437 -0.020100023825180894 -0.019106985132988211 -0.0084246264562387162 -0.0020666698688409659
leaf_weight=5784.2250810861588 2073.857094630599 652.13681913912296 15124.572218745947 1152.6842678040266 4888.6965317577124 3976.772987395525 3375.6396469324827 2827.8155172765255 2959.1721762865782 2008.9850705862045 1135.8220960795879 3130.172598734498 9050.5454817712307 4452.0643976777792 2053.8917563557625 563.24184253811836 6456.2261715233326 10474.977472230792 645.89918072521687 565.19145825505257 631.38721309602261 997.79903542995453 795.30687290430069 728.17527484893799 1437.7912487089634 2207.6833083629608 3999.4224101603031 11392.426311269403 3780.2744244039059 6089.1185012310743
leaf_count=30924 8455 2736 65073 6211 19834 17447 15010 12786 18009 8300 5257 13213 40966 21324 8992 2282 26973 47927 2681 2499 2574 4201 3398 3069 6021 9195 19990 56654 17433 26707
internal_value=0.000134818 0.00364468 0.000821116 0.0051629 0.0125196 0.0297195 0.00427721 -0.00189502 -0.0184538 0.0142138 -0.0139074 -0.00716484 -0.00893394 -0.016634 0.0176214 0.0143052 0.0194217 -0.0104229 -0.00157524 0.0275041 0.0121499 0.0314244 0.0171742 0.0196591 0.0311942 0.0416009 -0.00892229 -0.0144055 -0.00232157 -0.00680522
internal_weight=115412 97081.3 80765.1 55889.7 27365.7 8865.47 18500.2 28524 18330.7 7031.18 15371.5 21492.9 24875.4 14235.7 16316.2 14242.3 12188.4 18362.7 7887.7 4203.36 2194.38 1629.19 11625.2 10829.9 4373.65 2935.86 8451.49 15824.8 4432.41 7241.8
internal_count=526141 430637 362252 244463 117364 37281 80083 127099 95504 30360 77495 96739 117789 72238 68385 59930 50938 83526 35599 17574 9274 6775 48656 45258 18285 12264 41314 76823 20169 32918
is_linear=0
shrinkage=0.05


Tree=18
num_leaves=31
num_cat=0
split_feature=10 7 32 32 33 33 10 32 33 33 33 32 34 33 33 9 32 43 33 33 43 43 33 33 33 33 34 33 33 33
split_gain=2766.68 1226.1 1003.23 927.537 1352.66 1271.23 902.392 814.448 823.963 1050.68 730.074 723.031 596.117 491.632 468.847 430.887 495.283 423.569 415.131 635.11 404.164 466.129 388.471 356.208 965.583 353.259 420.572 442.356 436.73 370.777
threshold=0.017423356916213339 -0.25099944063288393 4.5000000000000009 8.5000000000000018 -2205.4999999999995 -1794.4999999999998 0.0092988685928697846 10.500000000000002 -3900.4999999999995 -3180.4999999999995 -2896.4999999999995 3.5000000000000004 3.654545938253261 -3997.4999999999995 -3869.4999999999995 0.031483791935682071 1.5000000000000002 3.5000000000000004 -4550.4999999999991 -4116.4999999999991 3.5000000000000004 1.5000000000000002 -4067.4999999999995 -2810.4999999999995 -2443.4999999999995 -1401.4999999999998 2.8931418480839728 -3636.4999999999995 -3223.4999999999995 -2061.4999999999995
decision_type=8 8 2 2 2 2 10 2 2 2 2 2 2 2 2 8 2 2 2 2 2 2 2 2 2 2 2 2 2 2
left_child=6 18 15 4 10 -6 -1 -5 17 12 -4 -8 14 20 -10 16 -3 -9 -2 -20 21 -13 -21 -11 -25 26 27 -15 -29 -28
right_child=1 2 3 7 5 -7 11 8 9 23 -12 13 -14 25 -16 -17 -18 -19 19 22 -22 -23 -24 24 -26 -27 29 28 -30 -31
leaf_value=-0.039604891777959922 0.040086320019924807 0.0014289547294136214 0.009348861031630077 -0.0096137844983441006 0.045276846296574483 0.0063589910736756008 -0.027448498939378646 -0.024579185907594735 0.0039857435665505599 -0.020607607745222883 -0.01601105560733472 0.04212617288633027 0.012689507151356836 -0.022799940580162072 0.077867629990449341 0.0044126622935540564 -0.016867859105811841 0.0083535000322464328 -0.01399596650417264 0.063033525655491932 0.039832515116097325 -0.02060893731008482 0.016899127001120656 0.048960832319685989 8.647496419830201e-05 -0.043296594876649663 -0.017052218081364711 0.053338712363121848 0.0046467256658553535 0.0053829996761718549
leaf_weight=3177.188608661294 1807.6309292018414 5392.5691036731005 13804.144962862134 13763.925199687481 4847.3394241780043 3699.898058667779 5159.6657736450434 2385.3642903417349 261.81208968162537 1054.725230500102 3572.4530921876431 420.63213218748569 892.83183237910271 760.96430356800556 1194.0938543975353 6033.8758695572615 11774.573918744922 1652.9188592433929 1693.7378743886948 478.29576124250889 970.05498117208481 1000.0327904075384 9921.2821874320507 1299.8868678063154 4540.4910936206579 735.24001917243004 8457.4279808700085 714.62263810634613 1295.0486173778772 2354.2138117551804
leaf_count=19103 7350 24133 59010 62124 19696 16142 28218 11397 1133 4755 15863 1774 3734 3424 4857 27251 58089 6907 7401 1930 4264 4645 41221 5361 19940 4383 41686 3088 5955 11328
internal_value=-5.67432e-06 0.00408172 0.00158962 0.00538727 0.0121454 0.0284302 -0.0147055 -0.0010904 0.00774218 0.0159734 0.00413512 -0.0110879 0.0448557 -0.00603558 0.0645816 -0.00708075 -0.0111204 -0.0110994 0.0177373 0.0143967 0.0149535 -0.00203425 0.0190209 0.00613491 0.0109644 -0.00954032 -0.00771302 0.0096674 0.0219612 -0.012167
internal_weight=115117 90071.9 76170.9 52969.9 25923.8 8547.24 25045.1 27046 13282.1 9243.84 17376.6 21867.9 2348.74 16708.2 1455.91 23201 17167.1 4038.28 13900.9 12093.3 2390.72 1420.66 10399.6 6895.1 5840.38 14317.5 13582.3 2770.64 2009.67 10811.6
internal_count=526162 398294 340392 230919 110711 35838 127868 120208 58084 39780 74873 108765 9724 80547 5990 109473 82222 18304 57902 50552 10683 6419 43151 30056 25301 69864 65481 12467 9043 53014
is_linear=0
shrinkage=0.05


Tree=19
num_leaves=31
num_cat=0
split_feature=10 10 32 5 7 10 43 5 32 38 12 5 8 32 1 32 32 34 32 26 38 32 32 43 8 32 34 32 43 32
split_gain=2509.57 1447.53 957.229 554.118 644.788 506.649 495.29 443.686 408.255 352.297 338.884 313.171 295.89 259.6 259.497 232.015 228.587 235.139 220.553 217.282 207.328 196.74 260.898 272.954 247.672 191.178 217.159 195.569 182.779 277.381
threshold=0.014385691916713904 0.029166954855541737 3.5000000000000004 -0.12883044322023171 -0.058823529411764656 0.0089332508102177039 1.5000000000000002 -0.13489736070381272 1.5000000000000002 0.19932457710030707 4.6714285714285753 -0.04489686842133838 0.14382416273422829 5.5000000000000009 0.18537397475124032 3.5000000000000004 3.5000000000000004 2.844909405997881 11.500000000000002 0.66277364795744398 -0.10683954175840148 8.5000000000000018 11.500000000000002 3.5000000000000004 0.34667200427008277 8.5000000000000018 2.9150606983496101 4.5000000000000009 1.0000000180025095e-35 5.5000000000000009
decision_type=8 10 2 8 10 10 2 10 2 10 8 8 10 2 10 2 2 2 2 10 10 2 2 2 8 2 2 2 2 2
left_child=5 2 8 6 11 -1 13 -3 -2 15 20 28 16 -4 21 -9 -7 -18 25 -8 -10 24 -23 -24 -13 27 -27 -6 -5 -30
right_child=1 7 3 4 18 12 19 9 10 -11 -12 14 -14 -15 -16 -17 17 -19 -20 -21 -22 22 23 -25 -26 26 -28 -29 29 -31
leaf_value=-0.03968040739494625 -0.002176040272592147 0.021569921319066217 0.054835078147874597 0.034422064049747722 -0.015681559355284064 -0.03145139019626926 0.011776834415471912 -0.0034247625329444187 -0.0018385999032349857 0.020353316578250909 0.0039059462408731435 -0.0065040537523059069 0.017979522632214591 0.0040336023085530996 0.081280265914208075 0.0082375342493150802 0.0061217839899882723 -0.017381102020278059 0.030998606062958529 -0.0046019734759813087 -0.025440546224706262 -0.0186152640419017 -0.013202385885087499 0.02281144301742058 0.025404922117199198 0.019803385602761191 -0.0083131625960453075 0.015106752683361174 -0.014227283875929839 0.0049195597319518572
leaf_weight=2737.6411149054766 5987.835929453373 7529.7964054048061 907.31221409142017 405.15800862014294 568.99587717652321 2308.2305872142315 7808.3417637497187 5752.0524308532476 1063.5727986842394 4650.9944489747286 1419.3780774027109 6718.1669040471315 618.99436566233635 347.8982752263546 78.526642829179764 16492.758550494909 1272.6659039855003 6496.7901464551687 1028.3067253082991 2733.813260152936 7434.9304517805576 7878.8969175070524 1351.8549010306597 861.35935124754906 668.64744639396667 888.1918528676033 3027.826744005084 5515.2053592354059 2514.6955869048834 7633.6922023147345
leaf_count=17019 27290 31202 3706 1652 2634 13443 33737 26179 5075 19554 7258 30133 3057 1473 329 69263 5939 33565 4336 11625 39135 37864 6374 3652 2776 3854 13709 23664 11740 34404
internal_value=-0.000181567 0.00251217 -0.00177787 0.00156571 -0.00129742 -0.020487 0.0110645 0.0108419 -0.0124854 0.00783852 -0.0187097 -0.00531709 -0.0155748 0.0407548 -0.00940867 0.0052219 -0.0176357 -0.0135312 0.00894848 0.00752945 -0.0224868 -0.00981611 -0.0143544 0.000813812 -0.00361568 0.0066811 -0.00193605 0.0122274 0.00148988 0.000175113
internal_weight=114703 101268 66842.6 50936.9 39139.5 13434.3 11797.4 34425.6 15905.7 26895.8 9917.88 28111 10696.7 1255.21 17557.5 22244.8 10077.7 7769.46 11028.5 10542.2 8498.5 17478.9 10092.1 2213.21 7386.81 10000.2 3916.02 6084.2 10553.5 10148.4
internal_count=525641 452618 306420 227662 177121 73023 50541 146198 78758 114996 51468 128924 56004 5179 81128 95442 52947 39504 48197 45362 44210 80799 47890 10026 32909 43861 17563 26298 47796 46144
is_linear=0
shrinkage=0.05


Tree=20
num_leaves=31
num_cat=0
split_feature=10 10 32 33 5 7 43 33 33 33 33 7 12 33 33 32 32 33 33 33 13 32 33 33 34 32 33 33 5 33
split_gain=2295.96 1279.81 976.566 641.931 539.659 638.505 454.917 453.772 432.303 682.593 626.413 375.8 369.353 436.764 650.397 358.513 352.835 358.867 364.641 363.384 314.521 311.376 459.44 812.475 481.66 333.516 308.447 277.706 418.074 277.257
threshold=0.013854876010956946 0.030109092372056969 3.5000000000000004 -1699.4999999999998 -0.12883044322023171 -0.067409904574000742 1.5000000000000002 -4910.4999999999991 -2049.4999999999995 -1767.4999999999998 -3223.4999999999995 -0.33588700542806266 3.5285714285714307 -3479.4999999999995 -3465.4999999999995 11.500000000000002 11.500000000000002 -1919.4999999999998 -4280.4999999999991 -4335.4999999999991 0.028905832610106385 3.5000000000000004 -1780.4999999999998 -2220.4999999999995 4.0664589915953142 7.5000000000000009 -3510.4999999999995 -4970.4999999999991 -0.06335919077072065 -2220.4999999999995
decision_type=8 10 2 2 8 10 2 2 2 2 2 10 8 2 2 2 2 2 2 2 10 2 2 2 2 2 2 2 10 2
left_child=3 2 7 16 6 27 -4 -2 10 -10 15 -3 13 -9 -15 -7 17 18 19 -1 -16 -13 23 -23 25 -25 -17 -6 -29 -8
right_child=1 11 4 -5 5 8 29 12 9 -11 -12 21 -14 14 20 26 -18 -19 -20 -21 -22 22 -24 24 -26 -27 -28 28 -30 -31
leaf_value=-0.0027275543264194432 0.028187751099641035 0.02747114859913688 0.038087853329168163 -0.045244531865574304 -0.02935452666602591 0.0078434035437109518 0.0031658163605375999 -0.028924580488758303 0.050030698336922197 0.0039296257508167681 -0.013586758157816362 -0.00036734381889216871 0.0017156328789412014 0.075285354603653626 -0.024331220339746423 0.012362071401373839 0.016227717867103399 0.013690132845096088 -0.024946470799837417 0.096298131813657498 -0.0040720552686984513 0.007746583821980917 -0.0061660422528529886 0.052093484803186756 0.0038079277171913571 0.024664617076780661 0.075979610938738035 0.003643919667731991 -0.0091734226311048495 0.021507315801402242
leaf_weight=576.088209182024 677.00427159667015 3014.2304640561342 1368.070705845952 2233.3628111332655 1147.4702752232552 6148.6250369250774 8598.1416644155979 4996.220848724246 1406.6068267673254 1870.9036808907986 3723.6397550702095 6863.4624581933022 3173.3766790926456 216.90226392447948 3274.5006539672613 380.71434357762337 804.67605677247047 792.19344617426395 7177.9333599358797 110.39560750126839 4617.0211116373539 12594.88616207242 3029.0503824651241 2205.5304142981768 1310.5424234569073 2227.6139091402292 381.41176187992096 10346.872539296746 16519.509945571423 2709.749271646142
leaf_count=2804 2808 12308 5655 14811 6400 26786 36929 25249 5757 8545 16772 30845 15698 983 17040 1603 3976 3762 39162 483 22620 52488 13194 9111 5315 9050 1548 46639 75804 11596
internal_value=-0.000141024 0.00224706 -0.0014394 -0.0211335 0.00181553 -0.000917702 0.0108557 -0.0119215 0.00783828 0.0237148 0.00294515 0.0106896 -0.0135897 -0.017296 -0.0101307 0.0118528 -0.015442 -0.0183859 -0.0216169 0.0131971 -0.0124784 0.00889786 0.0118739 0.0148537 0.0304382 0.0383107 0.0441999 -0.00526599 -0.00423716 0.00756105
internal_weight=114497 102802 71556.7 11694.6 54601.7 41925.8 12676 16955 13911.9 3277.51 10634.4 31245.3 16278 13104.6 8108.42 6910.75 9461.29 8656.61 7864.42 686.484 7891.52 28231.1 21367.6 18338.6 5743.69 4433.14 762.126 28013.9 26866.4 11307.9
internal_count=525741 460743 328432 64998 244034 189854 54180 84398 61011 14302 46709 132311 81590 65892 40643 29937 50187 46211 42449 3287 39660 120003 89158 75964 23476 18161 3151 128843 122443 48525
is_linear=0
shrinkage=0.05


Tree=21
num_leaves=31
num_cat=0
split_feature=9 38 5 32 8 8 38 34 32 32 5 13 32 32 32 32 32 32 28 32 20 34 28 2 7 34 32 32 11 28
split_gain=2078.64 1006.97 958.194 786.142 631.64 518.144 509.653 449.865 477.884 374.714 353.055 285.379 239.677 239.67 305.592 236.93 325.534 336.148 241.972 230.366 226.828 223.516 203.555 200.983 199.063 193.104 178.229 172.887 168.114 166.976
threshold=0.015050654862848687 -0.14176008349109911 -0.092463317679611787 3.5000000000000004 0.091719285704830358 0.037218836075710533 0.065676916477215755 3.1419924481000066 10.500000000000002 1.5000000000000002 0.27328563884627827 0.0060608945017545995 5.5000000000000009 8.5000000000000018 10.500000000000002 5.5000000000000009 8.5000000000000018 11.500000000000002 0.035941627054277996 8.5000000000000018 0.58962070851395298 2.8707317708119455 -0.031242287740010036 -0.065420560747663489 -0.18018018018018014 4.4432391460348235 9.5000000000000018 1.5000000000000002 0.50361882846073869 0.046228345065385631
decision_type=8 8 8 2 10 8 10 2 2 2 8 10 2 2 2 2 2 2 10 2 10 2 10 10 10 2 2 2 10 10
left_child=2 23 4 9 12 11 7 8 26 -3 25 -4 -1 24 -15 27 -17 -18 -19 29 -14 22 -10 -2 -9 -11 -5 -7 -6 -8
right_child=1 3 5 6 28 15 19 13 21 10 -12 -13 20 14 -16 16 17 18 -20 -21 -22 -23 -24 -25 -26 -27 -28 -29 -30 -31
leaf_value=-0.012463290071587996 0.033415001916675728 0.0017661914091685776 -0.043278059339619646 0.0064260649286269275 0.060004995252886377 -0.0038987336894598735 0.0079654809840388682 0.011127293175648652 0.011493199064771784 -0.020007733606090268 0.0071359373358930505 -0.021955911931947111 -0.018348877327069895 -0.013862845405264763 0.0005665202092402299 0.0048236190926637008 -0.024744602636062964 -0.0083041342333690406 0.048807746138120181 0.0059664020440959274 0.01379448811711079 0.0075005412120738094 0.042028887589919905 0.015406611122312447 -0.0012291946666120924 -0.0026695519697304132 -0.011070433081873303 -0.02758538517921796 0.0029074723836866531 0.022586153922771461
leaf_weight=2757.8041964173317 2597.4276181608438 7847.9612717479467 2042.2292486876249 10369.58224016428 578.04146002233028 1078.4839190244675 2885.5346506536007 4984.9607129693031 785.72587426006794 7554.4980117976665 1925.9931111633778 6776.2812017351389 686.61715458333492 6745.436010107398 8046.3445142805576 3770.987809240818 2715.2729509025812 522.91852773725986 287.38714395463467 7484.7261296957731 2735.4079479575157 1336.8720293790102 1787.0459264665842 3839.6977387517691 9416.2809168547392 2039.4703787863255 1693.174655944109 2696.4346251636744 165.92056968808174 6041.2864861488342
leaf_count=13935 10776 35032 13070 44892 2438 5529 12366 21161 3369 38629 9065 36477 3257 31285 35661 17498 13701 2457 1284 31949 12513 5893 7428 15911 41660 10411 7634 14681 727 25012
internal_value=-9.70379e-05 0.00363978 -0.0122748 0.00212616 0.00374526 -0.0178514 0.00488965 0.00214764 0.00889389 -0.00665988 -0.0124001 -0.0268938 -0.00149461 -0.00154345 -0.00601365 -0.0106491 -0.00538804 -0.0163105 0.0119515 0.0124358 0.00734504 0.0240854 0.0327033 0.0226731 0.00304798 -0.016322 0.00397019 -0.0208182 0.0472709 0.0178601
internal_weight=114196 87382 26813.8 80944.9 6923.79 19890 61577 45165.4 15972.4 19367.9 11520 8818.51 6179.83 29193 14791.8 11071.5 7296.57 3525.58 810.306 16411.5 3422.03 3909.64 2572.77 6437.13 14401.2 9593.97 12062.8 3774.92 743.962 8926.82
internal_count=525701 388134 137567 361447 32870 104697 268310 198983 69216 93137 58105 49547 29705 129767 66946 55150 34940 17442 3741 69327 15770 16690 10797 26687 62821 49040 52526 20210 3165 37378
is_linear=0
shrinkage=0.05


Tree=22
num_leaves=31
num_cat=0
split_feature=10 5 32 32 33 33 33 32 34 10 33 33 33 13 8 5 38 33 33 12 32 33 33 34 34 33 33 12 7 12
split_gain=1892.86 1162.6 1095.36 688.363 1217.81 1180.57 1053.21 911.761 672.986 566.663 531.481 492.636 1002.33 657.525 388.127 353.806 352.251 338.33 331.079 476.863 567.736 470.822 341.489 393.608 326.012 310.11 392.6 299.52 295.502 279.145
threshold=0.013009019142354359 -0.18501255793000923 4.5000000000000009 8.5000000000000018 -2205.4999999999995 -1780.4999999999998 -2882.4999999999995 10.500000000000002 2.8115666804667279 0.027773727652572289 -1699.4999999999998 -4303.4999999999991 -4641.4999999999991 0.055445540086504506 1.0000000180025095e-35 0.073684210526316143 -0.16446197640465757 -1699.4999999999998 -3332.4999999999995 2.1642857142857168 7.5000000000000009 -4699.4999999999991 -3304.4999999999995 3.0657219285807118 2.8931418480839728 -3997.4999999999995 -3636.4999999999995 1.5357142857142876 -0.13978494623655915 0.55714285714285772
decision_type=8 8 2 2 2 2 2 2 2 8 2 2 2 8 10 10 10 2 2 10 2 2 2 2 2 2 2 8 10 8
left_child=10 16 9 4 6 15 18 11 17 -3 24 12 27 -13 -10 -6 -2 -9 19 20 -4 -21 23 -20 -1 -22 -27 -5 -8 -28
right_child=1 2 3 7 5 -7 28 8 14 -11 -12 13 -14 -15 -16 -17 -18 -19 22 21 25 -23 -24 -25 -26 26 29 -29 -30 -31
leaf_value=0.011676314226801633 0.031540215603521445 -0.013682780403093557 -0.012019700110167368 0.020734851378538661 0.053015191282522245 0.0024044128001593341 -0.0057076085627419991 0.03370980815484733 -0.015210671027721929 0.0009866869470847191 -0.045065887984169328 -0.018828831331068094 0.050979088209198567 0.0085010016246070512 0.0064671046306973498 0.027581935506854373 0.011613311551500475 -0.040938230574641049 0.10579719634471062 0.042291505262002246 0.0413429865070018 0.0057115110853113412 0.013489596617196785 0.023476276261550817 -0.019580987184557173 -0.023794552602693465 0.060868635212049695 -0.024597142907430619 -0.03385575315792267 -0.0075201975182454242
leaf_weight=960.03499339520931 2824.0998794734478 17654.096288979053 5845.9029222130775 502.65243291854858 2447.5322961956263 3722.3055149614811 1666.1730809658766 2627.2897825539112 2535.6940056234598 10497.788620814681 1915.4374656230211 11143.173539876938 959.7032557874918 2742.419477596879 11119.487535297871 3098.5606387704611 10329.308554425836 161.09773595631123 225.12939167022705 1271.2491387575865 858.08786807954311 2855.6009850353003 4462.8362341970205 409.01494711637497 6364.3843689411879 673.60540398955345 348.53810903429985 1324.6237811148167 2117.1732770204544 260.90549966692924
leaf_count=4641 11548 89451 25197 2157 10081 16601 7319 11040 12475 47253 13452 52259 4052 11817 48395 12719 43785 766 971 5158 3566 12429 19480 1850 35292 2904 1499 6349 9754 1132
internal_value=7.7141e-05 0.0019919 -5.57021e-06 0.00363985 0.00909082 0.0241866 0.00242644 -0.00134142 0.00701257 -0.00821256 -0.0216164 -0.00958067 0.00960368 -0.0134312 0.00244166 0.0388058 0.0158917 0.0293971 0.0076771 0.0031788 -0.00395206 0.0169797 0.0183681 0.0527013 -0.015484 0.0180749 0.00251342 -0.0121271 -0.0214594 0.0315911
internal_weight=113924 104684 91530.6 63378.8 30262.6 9268.4 20994.2 33116.1 16443.6 28151.9 9239.86 16672.6 2786.98 13885.6 13655.2 5546.09 13153.4 2788.39 17210.9 12113.9 7987.04 4126.85 5096.98 634.144 7324.42 2141.14 1283.05 1827.28 3783.35 609.444
internal_count=525392 472007 416674 279970 130660 39401 91259 149310 72676 136704 53385 76634 12558 64076 60870 22800 55333 11806 74186 51885 34298 17587 22301 2821 39933 9101 5535 8506 17073 2631
is_linear=0
shrinkage=0.05


Tree=23
num_leaves=31
num_cat=0
split_feature=10 9 38 10 33 19 34 33 33 13 26 33 33 33 33 33 33 33 33 33 33 33 37 0 8 5 33 33 22 38
split_gain=1800.19 815.59 765.962 547.842 440.307 358.663 333.148 277.811 372.112 258.505 237.85 224.297 617.869 221.218 543.47 381.985 359.544 338.231 258.194 417.045 254.859 214.921 212.869 209.13 211.834 273.412 274.738 269.702 204.605 200.775
threshold=0.019169630698905329 0.010580345001285114 -0.14541433719557093 0.031625577835981918 -1641.4999999999998 -0.22222846253990466 2.844909405997881 -4532.4999999999991 -4852.9999999999991 0.027832550708775248 0.25837396217947417 -3636.4999999999995 -3223.4999999999995 -2374.4999999999995 -1767.4999999999998 -1933.4999999999998 -2726.4999999999995 -2163.4999999999995 -2205.4999999999995 -2338.4999999999995 -2798.4999999999995 -4303.4999999999991 -0.017857142857213234 0.095002376907630706 0.29180412984456289 -0.070640385634626865 -4550.4999999999991 -4392.4999999999991 1.3301296362625725 -0.095797380607193214
decision_type=8 10 8 10 2 10 2 2 2 10 10 2 2 2 2 2 2 2 2 2 2 2 10 10 10 8 2 2 10 10
left_child=1 4 -2 5 10 23 11 8 -8 -9 21 -3 -13 16 15 17 20 18 19 -15 -7 -1 -6 24 25 26 -4 -28 -5 -14
right_child=2 6 3 28 22 13 7 9 -10 -11 -12 12 29 14 -16 -17 -18 -19 -20 -21 -22 -23 -24 -25 -26 -27 27 -29 -30 -31
leaf_value=0.011541899027459768 0.021693092679979577 -0.0073377362429305247 0.027501292590323179 0.0072342534515489878 -0.0056667574259332129 0.0024746041231047916 -0.02818722709705402 -0.014860491333087473 0.033822430224941434 -0.0026680981667165098 0.078342396798871575 0.052790474895419506 0.037291166798361884 0.056384435003656336 -0.0019644567375782132 0.049586029111342883 -0.018909831850944196 -0.0034711332784928997 0.067310966289705412 -0.023800916632382894 0.035477283245496115 -0.020434751317874637 -0.049983607108092416 0.068518493096631106 0.0095099222809267234 -0.0094545956511942544 -0.039654021749036386 0.00054936135762093162 0.022151211630358283 -0.0054830523249991435
leaf_weight=574.41698531806469 5638.9717079102993 1738.5757740736008 900.21319696307182 21379.56545843184 320.60223964601755 13429.651110216975 342.89952029287815 10163.818473592401 821.64522810280323 7596.8532118946314 65.072358712553978 799.23787443339825 324.51715113222599 320.85802055895329 3534.5349458903074 1142.5115003883839 1967.6100351065397 1239.9865919202566 390.69741499423981 327.84067085385323 611.62173312902451 6167.3361780792475 1750.1718978062272 98.944014802575111 2530.7963016331196 16742.464715376496 440.40419434010983 7902.6514656990767 2575.7223555296659 1774.1776378452778
leaf_count=2750 23217 8037 3788 90789 2132 59772 1782 51311 3513 36611 313 3403 1456 1476 16159 4676 9021 5461 1609 1653 2592 34052 12445 431 11191 79151 2036 35131 10834 8503
internal_value=-6.1787e-05 -0.0100178 0.00391687 0.00258983 -0.0229338 -0.000312037 -0.00515137 -0.00809417 0.0155637 -0.00964538 -0.016792 0.00686048 0.0153785 0.00434204 0.0117865 0.02599 0.00110717 0.0141628 0.0352 0.0158602 0.00391216 -0.0177102 -0.0431224 -0.00404716 -0.00429894 -0.00564381 0.00125871 -0.00157285 0.00883816 0.00113104
internal_weight=113614 32439.3 81175 75536.1 8877.6 51580.8 23561.7 18925.2 1164.54 17760.7 6806.83 4636.51 2897.93 22965.3 6956.43 3421.89 16008.9 2279.38 1039.4 648.699 14041.3 6741.75 2070.77 28615.5 28516.5 25985.7 9243.27 8343.06 23955.3 2098.69
internal_count=525295 166308 358987 335770 51692 234147 114616 93217 5295 87922 37115 21399 13362 102419 31034 14875 71385 10199 4738 3129 62364 36802 14577 131728 131297 120106 40955 37167 101623 9959
is_linear=0
shrinkage=0.05


Tree=24
num_leaves=31
num_cat=0
split_feature=10 13 5 32 32 33 33 33 32 33 33 38 33 33 12 33 33 33 33 32 33 32 12 33 10 10 13 33 28 32
split_gain=1644.36 800.511 704.889 623.998 529.417 472.237 528.624 920.374 762.366 645.976 675.168 390.074 379.602 516.534 571.977 483.134 905.627 565.801 1130.36 484.401 391.626 761.582 345.803 339.722 322.233 311.035 303.127 433.036 297.659 294.653
threshold=0.019256636613266698 0.010080235881605315 -0.17587939698492469 4.5000000000000009 4.5000000000000009 -4950.4999999999991 -1767.4999999999998 -2205.4999999999995 7.5000000000000009 -2627.4999999999995 -2782.4999999999995 -0.097461878218988149 -3304.4999999999995 -3538.4999999999995 0.89285714285714379 -2061.4999999999995 -1767.4999999999998 -2627.4999999999995 -2782.4999999999995 8.5000000000000018 -4280.4999999999991 7.5000000000000009 2.1928571428571453 -4761.9999999999991 0.034320706295164094 0.01270035044646735 0.013527713802788355 -1699.4999999999998 -0.11167167465607152 5.5000000000000009
decision_type=8 10 8 2 2 2 2 2 2 2 2 10 2 2 10 2 2 2 2 2 2 2 10 2 8 10 8 2 10 2
left_child=1 -1 -2 11 24 -6 7 9 22 10 28 -3 13 20 -15 17 -17 18 19 -14 21 23 -9 -5 -4 -18 -8 -28 -7 -16
right_child=2 3 4 12 5 6 26 8 -10 -11 -12 -13 15 14 29 16 25 -19 -20 -21 -22 -23 -24 -25 -26 -27 27 -29 -30 -31
leaf_value=-0.033149711944559228 0.014753507617998539 0.0094465691420513084 -0.0085703927385274818 0.043544204599847758 -0.022774545952344478 0.045972228655029236 -0.04154132622352813 0.052598411463329199 0.010512087490340395 -0.013788142379291993 0.053673733296942916 -0.021350606439177779 0.0045554536127345715 0.063551193362525182 -0.035418266591406865 0.043278055632213958 -0.041244085252453724 -0.033579589635279648 0.090140617082816149 -0.027037308666149468 -0.0082946375957621762 0.043042319858564923 0.017967796625588641 -0.030397526148463978 0.0056542495119958607 -0.0001349379068621793 -0.02282228197964218 0.0046228946346246174 0.0047206500619678352 0.026230420321002885
leaf_weight=3241.2493259832263 12294.154232144356 1173.6087644249201 15445.794884160161 193.63489802181721 1519.5905156433582 445.14298161864281 577.01617729663849 2212.8957152217627 5175.5372771769762 4447.0911123454571 747.2208426296711 8296.7830329537392 2469.7705039829016 750.60717703402042 308.45801018178463 1176.8635307401419 597.65821952372789 2667.8758210986853 293.13773663341999 2384.9262470752001 4520.3533786982298 1256.9010556787252 1069.125456944108 785.46952837705612 5363.9237581044436 1999.4233158826828 2072.2230642735958 4690.4428664892912 24813.383694916964 521.5300118625164
leaf_count=20756 51274 5648 74782 790 8469 1856 2851 9224 21631 19887 3013 45935 11785 3343 1611 5179 3802 13336 1318 12171 21400 5315 4369 3568 23679 9633 9466 20907 106200 2506
internal_value=-9.44303e-05 -0.00956745 0.00372861 -0.00696732 0.00175219 0.00465173 0.00555284 0.00787447 0.0224663 0.00382193 0.00683332 -0.0175341 -0.00194531 0.00619141 0.0319227 -0.00779841 0.00689271 -0.0148923 -0.00520752 -0.0109649 0.000171778 0.0172877 0.0413174 -0.0157743 -0.00490384 -0.00959526 -0.00675499 -0.00378688 0.00544765 0.00331921
internal_weight=113512 32638.3 80873.5 29397 68579.4 47769.7 46250.1 38910.4 8457.56 30452.8 26005.7 9470.39 19926.6 8336.95 1580.6 11589.7 3773.95 7815.71 5147.83 4854.7 6756.36 2236.01 3282.02 979.104 20809.7 2597.08 7339.68 6762.67 25258.5 829.988
internal_count=525704 168096 357608 147340 306334 207873 199404 166180 35224 130956 111069 51583 95757 38533 7460 57224 18614 38610 25274 23956 31073 9673 13593 4358 98461 13435 33224 30373 108056 4117
is_linear=0
shrinkage=0.05


Tree=25
num_leaves=31
num_cat=0
split_feature=10 38 32 32 33 33 32 33 34 33 33 10 13 10 13 33 33 33 33 33 33 34 34 38 33 33 33 33 33 32
split_gain=1571.03 926.031 944.31 704.95 1146.2 1141.57 824.576 765.852 691.223 539.579 515.251 664.796 652.086 455.483 348.467 372.324 652.22 564.989 590.254 508.884 372.114 339.305 330.961 313.638 305.771 293.739 329.662 481.932 289.47 289.412
threshold=0.013726572198003328 -0.11775483524819096 4.5000000000000009 8.5000000000000018 -2205.4999999999995 -1794.4999999999998 10.500000000000002 -2599.4999999999995 2.8361459037824157 -1699.4999999999998 -4303.4999999999991 0.022161215144848975 0.066007039746674545 0.030554525602436957 0.0018217375844493638 -3900.4999999999995 -3180.4999999999995 -2810.4999999999995 -2443.4999999999995 -4280.4999999999991 -4607.4999999999991 3.654545938253261 2.519889237999525 0.0092572206981235156 -4910.4999999999991 -1974.4999999999998 -2338.4999999999995 -2374.4999999999995 -1641.4999999999998 11.500000000000002
decision_type=8 8 2 2 2 2 2 2 2 2 2 8 8 8 8 2 2 2 2 2 2 2 2 8 2 2 2 2 2 2
left_child=9 -2 13 4 7 22 10 -4 -8 29 11 -5 23 24 -10 19 21 -18 -19 20 -16 -17 -6 -12 -3 26 27 -15 -27 -1
right_child=1 2 3 6 5 -7 8 -9 14 -11 12 -13 -14 25 15 16 17 18 -20 -21 -22 -23 -24 -25 -26 28 -28 -29 -30 -31
leaf_value=-0.015696787314090944 0.016047854954213882 0.031681114157537521 0.0062064349676676451 0.054192204827694358 0.068752686159153836 0.004476205446455662 0.027352342416151438 -0.021576913358620674 -0.044069320833811848 -0.041781397454633828 -0.025225172571585366 -0.0033749160477732293 0.0184619619352142 -0.0026038891138949458 -0.010463917532677508 0.053874137233449394 -0.02867818635092554 0.038696969904761618 -0.00073981028460859432 -0.03542938065460121 0.030813150909001847 0.014113620110432155 0.033597329106533173 -0.0090066513832749977 -0.012279634402001631 0.038727641225065668 -0.02761184311462983 0.048881221346172926 0.00050622468020066901 0.016403930271934472
leaf_weight=8050.9862826615572 10337.291808143258 403.66405320167542 18797.498352736235 650.06503649055958 785.17424960434437 4452.3689436465502 3163.247060328722 2857.4063092321157 409.25862121582031 1979.7897591069341 6222.4726066291332 2194.5622452050447 1413.1627506762743 4332.617076382041 1676.3074605762959 986.90504756569862 1316.1894901245832 1207.2878678292036 4431.509427651763 1320.2514793872833 809.76335760951042 1175.8877577930689 4543.2351105213165 5722.0470351725817 19687.745188653469 981.25385943055153 1092.3855796605349 507.80329866707325 1000.4149892628193 769.23212522268295
leaf_count=44823 43345 1671 80786 2701 3364 19522 13334 13016 2154 14795 30104 10086 6010 19197 8173 4104 6125 5006 19469 6037 3280 4990 18828 25883 99366 4272 4979 2195 4500 3829
internal_value=-5.39413e-05 0.00185761 0.000265604 0.00361048 0.00895685 0.0231631 -0.00152934 0.00254037 0.00633949 -0.0181921 -0.00954109 0.00978054 -0.0136558 -0.00739431 0.00135434 0.00279274 0.00827599 0.00081869 0.00770375 -0.010342 0.00298086 0.0322568 0.0387777 -0.0174557 -0.0113964 0.00276527 -0.00280178 0.00279736 0.0194321 -0.0128972
internal_weight=113278 102478 92140.5 64134.6 31435.7 9780.78 32698.9 21654.9 16496.6 10800 16202.3 2844.63 13357.7 28005.9 13333.4 12924.1 9117.78 6954.99 5638.8 3806.32 2486.07 2162.79 5328.41 11944.5 20091.4 7914.47 5932.81 4840.42 1981.67 8820.22
internal_count=525944 462497 419152 282972 135516 41714 147456 93802 72672 63447 74784 12787 61997 136180 59338 57184 39694 30600 24475 17490 11453 9094 22192 55987 101037 35143 26371 21392 8772 48652
is_linear=0
shrinkage=0.05


Tree=26
num_leaves=31
num_cat=0
split_feature=10 5 32 32 33 33 33 32 43 34 33 5 33 33 33 33 33 33 33 13 33 33 43 32 33 33 12 33 32 32
split_gain=1466.83 855.959 823.068 503.954 811.078 904.098 658.03 612.841 545.5 528.471 474.091 470.126 432.989 381.929 933.233 551.99 381.226 766.378 444.451 349.188 401.06 564.797 348.816 334.748 329.406 737.991 368.667 312.767 310.907 302.052
threshold=0.01358858626690305 -0.13716659025194747 4.5000000000000009 8.5000000000000018 -2205.4999999999995 -2882.4999999999995 -1780.4999999999998 10.500000000000002 2.5000000000000004 2.9014216150426262 -1699.4999999999998 0.25000909337586202 -3916.4999999999995 -4532.4999999999991 -4116.4999999999991 -4067.4999999999995 -2374.4999999999995 -1828.4999999999998 -2508.4999999999995 0.066813733104809619 -4280.4999999999991 -4664.4999999999991 1.5000000000000002 1.5000000000000002 -1933.4999999999998 -1619.4999999999998 1.9285714285714299 -2952.4999999999995 11.500000000000002 6.5000000000000009
decision_type=8 8 2 2 2 2 2 2 2 2 2 8 2 2 2 2 2 2 2 10 2 2 2 2 2 2 10 2 2 2
left_child=10 13 11 4 5 -4 -6 19 12 -10 28 23 -9 -2 29 -16 18 22 27 20 21 -5 -18 -3 26 -26 -25 -17 -1 -15
right_child=1 2 3 7 6 -7 -8 8 9 -11 -12 -13 -14 14 15 16 17 -19 -20 -21 -22 -23 -24 24 25 -27 -28 -29 -30 -31
leaf_value=-0.01599303331247023 0.031303166861119031 -0.0017508114455343515 0.0069345836472948829 -0.021221012021666628 0.031950193177484328 -0.022422229405666742 0.0032515732181844954 -0.023846985188362667 0.039336520759193229 0.0077820515121400369 -0.040727565379188257 0.0061164127947552979 0.0034417858735493489 -0.029728587667940249 0.052899282833576901 0.0018623267295853959 -0.00089334422039974253 0.0037663405954552567 -0.016990333379876779 0.012132882997165452 -0.015578179713065958 0.025802061759975244 0.046445451425531158 -0.025781687568201039 0.04930738144553129 -0.014574010517321784 -0.0069456857445505706 0.022745873249691739 0.017661969931999099 0.0070282087549037187
leaf_weight=7664.9963960796595 2032.3061790913343 6121.2346691340208 15106.69488991797 1096.2722850292921 5066.3825433552265 3173.5938275903463 3297.3562336862087 2013.8650713711977 1730.618732213974 5688.064271017909 1883.873922303319 4662.1190962791443 5225.1370948851109 1887.6691778004169 822.02922838926315 4597.2172194123268 461.6480328142643 3246.1414944678545 1911.1019957959652 1784.4831172376871 11003.717739149928 1529.4955307394266 2477.4407079219818 7574.6143953055143 595.11926518380642 1881.3811702281237 3953.6811972856522 2939.1177999228239 753.70941099524498 794.01327948272228
leaf_count=43128 8426 28395 64780 5422 21078 14662 14664 10028 7132 24233 14522 21143 23631 8776 3390 19920 1941 13949 8044 7621 52171 6472 10487 39644 2622 9873 20243 12385 3732 3337
internal_value=-6.82382e-05 0.0017365 -0.000590129 0.00273164 0.00773881 0.00183802 0.0206359 -0.00170481 0.00561484 0.015143 -0.0180537 -0.00819039 -0.00414985 0.0106945 0.00850585 0.0129634 0.0108634 0.0205133 0.00454558 -0.00866531 -0.0113884 0.00616967 0.0390099 -0.0115045 -0.0157677 0.000777106 -0.0193218 0.0100068 -0.01298 -0.0188454
internal_weight=112975 102673 81503.8 56715.7 26644 18280.3 8363.74 30071.7 14657.7 7418.68 10302.6 24788.1 7239 21168.7 19136.4 16454.7 15632.7 6185.23 9447.44 15414 13629.5 2625.77 2939.09 20126 14004.8 2476.5 11528.3 7536.34 8418.71 2681.68
internal_count=525851 464469 373814 251894 115184 79442 35742 136710 65024 31365 61382 121920 33659 90655 82229 70116 66726 26377 40349 71686 64065 11894 12428 100777 72382 12495 59887 32305 46860 12113
is_linear=0
shrinkage=0.05


Tree=27
num_leaves=31
num_cat=0
split_feature=9 33 7 10 8 33 33 33 33 33 33 34 33 33 33 33 19 33 33 33 33 33 33 33 33 10 13 33 33 33
split_gain=1382.73 766.84 602.891 524.164 471.447 301.161 618.832 671.248 434.607 631.495 456.712 384.063 486.7 297.288 522.978 353.827 279.97 372.663 628.993 693.468 484.064 374.548 317.585 670.009 499.083 276.373 273.056 270.465 293.062 268.551
threshold=0.01461450385735036 -1422.4999999999998 -0.29332757628094408 0.023452020460934943 0.35363357747649476 -4852.9999999999991 -4550.4999999999991 -4392.4999999999991 -4303.4999999999991 -4116.4999999999991 -4067.4999999999995 4.2773600816534803 -4501.4999999999991 -4280.4999999999991 -4352.4999999999991 -4116.4999999999991 -0.26420047411154141 -2389.4999999999995 -1780.4999999999998 -1933.4999999999998 -2338.4999999999995 -2726.4999999999995 -3650.4999999999995 -3465.4999999999995 -2966.4999999999995 0.011003847081953075 0.026724466816017155 -4517.4999999999991 -4852.9999999999991 -3239.4999999999995
decision_type=8 2 8 10 10 2 2 2 2 2 2 2 2 2 2 2 8 2 2 2 2 2 2 2 2 10 8 2 2 2
left_child=1 3 -2 13 5 26 -7 11 -9 -10 -11 -8 -13 14 27 -15 29 21 19 20 -19 22 -18 -24 -25 -17 -4 28 -1 -12
right_child=2 -3 4 -5 -6 6 7 8 9 10 16 12 -14 15 -16 25 17 18 -20 -21 -22 -23 23 24 -26 -27 -28 -29 -30 -31
leaf_value=-0.016004764562920513 0.016056398184088758 -0.039541476840772159 0.0070584189524705134 0.012937052269043781 0.010174155707975432 0.016641484948857078 -0.039623126322403168 0.025690836634241151 -0.022415973895282087 0.034937975954879706 0.0046175292077033315 0.062847137569118625 -0.023892620130216164 -0.043231733193944882 0.065530909055379644 -0.023595362261783701 -0.0096563392633302186 0.047630929452608432 -0.0018060626523191275 0.051265798480648342 0.001366084812043521 -0.017175892352755573 0.035602896725480497 -0.011288783122289925 0.01739123829521633 -0.0078858167477870757 -0.026173101982151972 -0.025229955399648403 0.033636201632714822 -0.0064406664215027609
leaf_weight=532.48782874643803 7777.6570587456226 2109.011076502502 892.70010429620743 2636.2515027970076 13074.944995716214 5445.6417414397001 1710.2595493346453 1616.5278412997723 3132.3966939896345 956.04969231784344 7588.5861489027739 235.36030700802803 516.87566810846329 923.42988449335098 317.18004067242146 3608.3180425390601 3462.6244488358498 717.87446968257427 4504.4978977143764 1586.511386975646 2661.5641845911741 2880.1104061752558 1771.3577531427145 3613.0710535943508 2614.5754877477884 12492.764541015029 2009.8880255967379 841.0713914334774 673.20090335607529 19856.36069688201
leaf_count=2662 31920 15003 4368 11801 55936 22285 8441 6740 15059 4084 34353 1218 2423 5214 1344 21890 15538 3243 20715 6607 12048 13375 7555 17106 11326 64199 10887 4181 2966 91820
internal_value=-0.000128895 -0.0107393 0.00276043 -0.00798126 0.00148134 -0.000195704 0.000509332 -0.00096901 0.00013589 -0.000610516 0.000697646 -0.0265274 0.0032466 -0.0108255 0.00578969 -0.0131326 5.89946e-05 0.00402616 0.0117236 0.023996 0.0111939 -0.00105676 0.0029937 0.00846968 0.000752055 -0.0114064 -0.0159526 -0.00346822 0.0117125 -0.00338305
internal_weight=112759 24133.7 88625.4 22024.7 80847.8 67772.8 64870.2 59424.6 56962.1 55345.6 52213.2 2462.5 752.236 19388.5 2363.94 17024.5 51257.1 23812.2 9470.45 4965.95 3379.44 14341.7 11461.6 7999 6227.65 16101.1 2902.59 2046.76 1205.69 27444.9
internal_count=526307 129260 397047 114257 365127 309191 293936 271651 259569 252829 237770 12082 3641 102456 11153 91303 233686 107513 42613 21898 15291 64900 51525 35987 28432 86089 15255 9809 5628 126173
is_linear=0
shrinkage=0.05


Tree=28
num_leaves=31
num_cat=0
split_feature=9 33 32 38 5 33 32 33 33 33 33 33 7 33 33 33 33 12 32 33 32 32 33 33 33 7 33 33 26 9
split_gain=1221.52 704.612 851.944 673.694 587.793 555 517.298 451.139 358.049 353.815 403.757 347.381 368.873 327.385 956.521 507.68 1330.18 388.819 370.012 294.478 290.754 289.261 361.093 799.93 346.825 285.023 250.714 242.58 238.698 406.089
threshold=0.01461450385735036 -1422.4999999999998 5.5000000000000009 -0.12567205351285596 -0.069143553446396819 -4550.4999999999991 4.5000000000000009 -4832.4999999999991 -2389.4999999999995 -2599.4999999999995 -2810.4999999999995 -4950.4999999999991 -0.027466240852968556 -1947.4999999999998 -1641.4999999999998 -2338.4999999999995 -2374.4999999999995 4.4857146126883611 1.5000000000000002 -2163.4999999999995 8.5000000000000018 11.500000000000002 -1767.4999999999998 -2061.4999999999995 -1699.4999999999998 -0.099009882105458843 -4910.4999999999991 -4501.4999999999991 0.40642493041873851 0.018794094855553761
decision_type=8 2 2 8 8 2 2 2 2 2 2 2 8 2 2 2 2 8 2 2 2 2 2 2 2 8 2 2 10 10
left_child=1 2 5 -2 8 7 13 26 9 10 -4 -8 21 15 -15 16 17 18 -5 -10 -6 22 23 -13 -24 -18 -1 -19 -23 -30
right_child=3 -3 4 6 20 -7 11 -9 19 -11 -12 12 -14 14 -16 -17 25 27 -20 -21 -22 28 24 -25 -26 -27 -28 -29 29 -31
leaf_value=0.026733289591046462 0.015874672255607302 -0.03821838848140062 0.0076579781132680618 0.00021909954094514211 0.0023377665139782738 -0.024315166966137561 -0.020908196605953375 0.073030794920031505 0.061124100713186504 -0.034113168798596043 0.08997739215115981 0.00079416577923745147 0.014003859244907596 0.041692554790570435 -0.0084171707349372203 -0.028013006907288335 0.064643698897119586 0.038176725382677475 -0.017846968149590157 0.01548593292892666 -0.015758210862089284 0.031721411401920988 -0.029274116123929259 0.028266775328021757 -0.002703103879584902 0.011264371736726946 -0.035845607619618129 0.0012381519090820749 -0.047538898030472836 0.011519779629229652
leaf_weight=313.12200385332108 8626.1042933911085 2041.7227576896548 2474.5680512040854 4193.7783072292805 4233.240049123764 7586.5300577804446 1387.0465620011091 258.22470599412918 632.57752613723278 478.79827676713467 158.49575667083263 30895.367633834481 8493.6199894994497 1387.5711506009102 3036.1468370556831 2671.8224478363991 776.83193176984787 555.73370404541492 8742.3261667191982 801.04463171213865 4666.8463944494724 1313.2142199128866 1694.3750265985727 2898.2334735691547 4462.7497852444649 368.80167339742184 327.40700271725655 2219.8272214978933 311.63892248272896 4409.4675974994898
leaf_count=1323 35927 14862 11376 18874 20814 43955 8041 1095 2791 2421 698 134908 36271 6070 14890 13037 3444 2568 44357 3815 24325 5628 7954 12143 20249 1708 1723 10640 1448 18390
internal_value=-0.00011305 -0.0101242 -0.00750864 0.00260042 0.000320085 -0.0199139 0.00116586 0.0172384 0.0149486 0.00542373 0.0126131 0.00380155 0.00443067 -0.00498142 0.00730056 -0.00776352 -0.00455405 -0.0083467 -0.0119901 0.0356235 -0.00715103 0.00266246 0.00112126 0.00315029 -0.0100152 0.0474599 -0.00525397 0.00863414 0.0128661 0.00762133
internal_weight=112417 23972.6 21930.9 88444.7 13445.6 8485.28 79818.6 898.754 4545.48 3111.86 2633.06 55865.7 54478.7 23952.8 4423.72 19529.1 16857.3 15711.7 12936.1 1433.62 8900.09 45985 39950.7 33793.6 6157.12 1145.63 640.529 2775.56 6034.32 4721.11
internal_count=525745 129198 114336 396547 66240 48096 360620 4141 21101 14495 12074 245032 236991 115588 20960 94628 81591 76439 63231 6606 45139 200720 175254 147051 28203 5152 3046 13208 25466 19838
is_linear=0
shrinkage=0.05


Tree=29
num_leaves=31
num_cat=0
split_feature=7 38 32 33 33 33 33 12 33 5 28 33 33 33 33 33 33 33 32 12 33 33 5 43 33 43 33 33 0 12
split_gain=1092.76 1178.46 559.569 569.048 522.672 1082.13 599.309 444.971 418.794 367.826 361.221 331.992 509.961 347.175 574.03 547.248 765.395 1385.18 552.22 485.558 497.024 457.612 628.152 300.402 373.488 544.08 396.074 290.669 271.531 250.183
threshold=-0.18703653408976603 0.039501039500967623 4.5000000000000009 -1410.4999999999998 -4550.4999999999991 -4116.4999999999991 -4067.4999999999995 1.421428598676411 -1422.4999999999998 -0.08583040743745228 -0.043060341639959747 -4280.4999999999991 -4375.4999999999991 -3671.4999999999995 -3304.4999999999995 -2220.4999999999995 -2627.4999999999995 -2798.4999999999995 8.5000000000000018 0.75714285714285712 -3636.4999999999995 -1780.4999999999998 -0.024418206984462339 3.5000000000000004 -2374.4999999999995 1.5000000000000002 -2037.4999999999998 -1454.4999999999998 0.072555205047319507 1.6071428571428588
decision_type=8 10 2 2 2 2 2 8 2 10 10 2 2 2 2 2 2 2 2 8 2 2 10 2 2 2 2 2 10 8
left_child=4 2 9 10 -1 -6 -7 -5 23 -2 -4 12 -12 -13 19 16 17 18 -16 20 -15 22 -17 24 -8 -26 -27 -23 -3 -14
right_child=1 28 3 7 5 6 8 -9 -10 -11 11 13 29 14 15 21 -18 -19 -20 -21 -22 27 -24 -25 25 26 -28 -29 -30 -31
leaf_value=0.026717253083774789 -0.0027585954662936825 0.0039244252915455842 -0.012026718945240282 -0.044110047700718608 -0.019032890359623317 0.050950919422420353 0.0069934621059670968 0.004960844642094773 -0.023343303169453163 -0.019452903405703544 0.00094361113641624984 -0.014486513423584682 0.056578218387780002 -0.021601641458949362 0.0049235813541067142 0.045572837538760035 -0.034701858072285929 0.061473451664134461 -0.027490078709680978 0.0021697335956811538 0.049276210987424796 -0.014872327395453109 0.0017098812756919273 0.0016637810126716543 -0.0057010597518268929 0.054248609798128206 0.022188146064900761 0.019977979012417643 0.02384624066412587 0.010692087579179409
leaf_weight=3397.9231574237347 4526.7743662595749 27197.837142579257 7550.2014553844929 1483.6983059570193 3737.7901117056608 860.37192380428314 7524.2020882517099 670.87131348252296 991.51953364163637 12169.868746995926 2498.5767647176981 4430.9935309737921 810.48323826491833 297.02540130913258 2664.8957366943359 1425.9742268323898 2542.8220645934343 752.45682129263878 2592.1173961162567 2171.6105237603188 1478.6702118366957 2368.4177606999874 1908.8321791887283 7159.9306782782078 1229.637201026082 1371.8023779541254 3235.2500658929348 800.54046520590782 1825.2002711892128 468.91904643177986
leaf_count=14067 23252 120701 37644 10641 17138 3562 32497 3632 4461 67961 10638 20281 3404 1322 12604 6184 12606 3194 13182 10586 6566 11519 8711 30642 5321 5805 14008 3934 7793 2000
internal_value=1.12698e-05 -0.0029381 -0.00733123 -0.00389597 0.00827081 0.00587026 0.0100308 -0.0288308 0.00839424 -0.0149268 -0.00235052 0.000334185 0.0140888 -0.00188327 0.00105542 -0.00339414 -0.0117069 -0.00197697 -0.0110589 0.0180272 0.0374203 0.007537 0.0204658 0.00992773 0.0143563 0.0238478 0.0317345 -0.00606846 0.00517727 0.0397603
internal_weight=112145 82636.8 53613.7 36917.1 29508.4 26110.5 22372.7 2154.57 21512.3 16696.6 34762.5 27212.3 3777.98 23434.4 19003.4 15056.1 8552.29 6009.47 5257.01 3947.31 1775.7 6503.76 3334.81 20520.8 13360.9 5836.69 4607.05 3168.96 29023 1279.4
internal_count=525856 398355 269861 178648 127501 113434 96296 14273 92734 91213 164375 126731 16042 110689 90408 71934 41586 28980 25786 18474 7888 30348 14895 88273 57631 25134 19813 15453 128494 5404
is_linear=0
shrinkage=0.05


Tree=30
num_leaves=31
num_cat=0
split_feature=10 5 37 10 43 33 33 33 33 33 33 20 0 33 33 34 34 33 33 37 34 43 33 33 33 33 33 34 33 33
split_gain=1205.97 730.327 666.346 469.842 327.496 620.002 836.346 493.775 336.291 335.003 445.132 321.857 282.136 237.22 230.517 235.436 229.568 225.23 224.947 277.541 265.361 197.822 196.791 186.68 259.535 173.607 180.884 212.268 186.307 735.762
threshold=0.0112396985642494 -0.13716659025194747 0.011024688534479467 0.025276163581237066 1.5000000000000002 -2374.4999999999995 -1641.4999999999998 -2508.4999999999995 -2966.4999999999995 -4532.4999999999991 -4410.4999999999991 0.52093171280031092 0.083333333333333384 -2325.4999999999995 -1641.4999999999998 3.623005818698426 2.0346842756905814 -1905.4999999999998 -4970.4999999999991 -0.075047393960802719 5.9114739122436086 2.5000000000000004 -2810.4999999999995 -3024.4999999999995 -3039.4999999999995 -4852.9999999999991 -4779.4999999999991 3.6336301073569621 -3650.4999999999995 -3465.4999999999995
decision_type=8 8 10 8 2 2 2 2 2 2 2 10 10 2 2 2 2 2 2 10 2 2 2 2 2 2 2 2 2 2
left_child=14 4 3 11 13 7 21 8 9 -6 -11 -3 25 -2 15 -1 22 -17 20 -20 -5 -7 -10 24 -12 -4 27 -27 -28 -30
right_child=1 2 12 18 5 6 -8 -9 16 10 23 -13 -14 -15 -16 17 -18 -19 19 -21 -22 -23 -24 -25 -26 26 28 -29 29 -31
leaf_value=0.0041658643273742735 0.033129238181957392 -0.019182798408298465 -0.021075469737871274 -0.027148670190793256 0.034202515327565151 0.045083254529463629 -0.0066276675468478529 -0.024160930805226612 -0.066687341611488635 -0.036432979288065485 0.0016645610448589991 -0.0061260917235509433 0.025798975610956544 -1.1093196344739887e-05 -0.043698477306559486 -0.030424638157075856 0.024054799045362969 0.010599867124059852 0.012989613854888518 -0.001053356523970107 0.130750840649385 0.021765906017981344 0.011256019546034782 -0.030568111605972881 0.06887368993649369 -0.0023371365363783281 -0.0025787834092277761 0.055105541178872966 0.031579213379657113 0.0027207969410013941
leaf_weight=902.68921197205782 2190.8237733840942 6029.0579634830356 703.37335810065269 957.30565840005875 645.14315818250179 2043.734112650156 1832.981639623642 1699.2433429211378 134.26521417498589 896.17481146752834 6238.8822841495275 21737.069098815322 1482.4327263981104 716.60246713459492 1148.4341058507562 2547.2038508802652 2656.6626735329628 385.15199272334576 4358.3603671938181 18257.10730740428 27.368892297148705 1639.1639464646578 204.05873945355415 436.98008181154728 147.02624006569386 285.14310736954212 8995.5878058075905 368.88004225492477 2486.9121692031622 19741.488167434931
leaf_count=5014 9247 31697 3512 5860 2609 8637 8170 7253 557 4108 27561 109470 6317 3025 10281 15899 11220 2065 18902 81106 168 6950 855 1921 767 1152 39747 1491 10649 89487
internal_value=-4.93242e-06 0.00111576 -0.000956507 -0.00455253 0.00935688 0.00691437 0.0209699 0.000977305 0.00473778 -0.000410226 -0.00330309 -0.00896119 0.00446608 0.024961 -0.0240474 -0.0181627 0.0191148 -0.0250363 0.000634365 0.00165295 -0.0227599 0.0347053 -0.0196761 0.00104847 0.00321195 0.00349545 0.0040376 0.0300615 0.0034925 0.00594947
internal_weight=111895 106912 85430.1 51366.3 21481.7 18574.3 5515.88 13058.4 11359.2 8364.21 7719.06 27766.1 34063.8 2907.43 4983.48 3835.05 2994.99 2932.36 23600.1 22615.5 984.675 3682.9 338.324 6822.89 6385.91 32581.4 31878 654.023 31224 22228.4
internal_count=525697 492438 399558 247203 92880 80608 23757 56851 49598 36966 34357 141167 152355 12272 33259 22978 12632 17964 106036 100008 6028 15587 1412 30249 28328 146038 142526 2643 139883 100136
is_linear=0
shrinkage=0.05


Tree=31
num_leaves=31
num_cat=0
split_feature=9 33 32 38 32 5 33 33 33 33 32 33 33 32 34 5 32 32 12 33 33 33 34 33 32 32 33 33 33 43
split_gain=987.1 579.561 697.721 550.184 488.942 438.405 434.924 389.994 357.443 1308.95 906.909 889.394 415.02 463.464 400.643 359.989 322.918 315.268 313.279 343.632 292.398 786.106 941.575 485.567 473.758 450.948 384.235 607.652 486.056 406.559
threshold=0.013726780427651785 -1422.4999999999998 5.5000000000000009 -0.16446197640465757 3.5000000000000004 -0.069143553446396819 -4550.4999999999991 -4832.4999999999991 -2220.4999999999995 -1780.4999999999998 7.5000000000000009 -2599.4999999999995 -2798.4999999999995 10.500000000000002 3.1591235665908397 -0.14348305979460615 1.5000000000000002 11.500000000000002 3.0142857142857182 -4133.4999999999991 -3223.4999999999995 -3636.4999999999995 3.0032012097360954 -2978.4999999999995 10.500000000000002 7.5000000000000009 -4501.4999999999991 -4410.4999999999991 -4950.4999999999991 1.5000000000000002
decision_type=8 2 2 8 2 8 2 2 2 2 2 2 2 2 2 10 2 2 8 2 2 2 2 2 2 2 2 2 2 2
left_child=1 2 6 -2 16 -4 7 -1 11 10 14 12 20 15 -10 -14 -5 -11 19 -18 21 26 -23 -22 -24 -25 28 -28 -6 -29
right_child=3 -3 5 4 8 -7 -8 -9 9 17 -12 -13 13 -15 -16 -17 18 -19 -20 -21 23 22 24 25 -26 -27 27 29 -30 -31
leaf_value=-0.0068089369336681487 0.019594166195146881 -0.036736806425608622 0.014043148500361608 0.0021284110461008018 -0.018515970405212748 -0.0067004307899276644 -0.024194310288537749 0.073933854178143216 0.058722708255646773 -0.0069254231524639373 0.0079890316226842069 -0.017693628830109772 0.030388850944397791 0.043099779383508931 0.027481430746797365 -0.01942256625321051 -0.033985768054848924 0.019173744104670556 0.0028378986313763615 -0.010272686090567199 -0.020254564303086624 0.044374381847168416 -0.0039230861018152664 0.021383759309474323 0.035087415653333336 -0.0094900036378486111 -0.035303873556758875 0.050716240692064901 0.014016318217069671 -0.0028238396655026346
leaf_weight=511.87765942513943 4305.4266855716705 1849.1528312861919 3812.0647202953696 8350.4444454014301 1373.3087324351072 7675.9754909947515 6198.2653703615069 211.27908737957478 1610.8023988753557 8824.3397750630975 5156.5188555568457 5608.0592655092478 649.68426577746868 1356.439614802599 2827.7223354429007 821.19209054112434 1947.5406899601221 1331.7101888507605 3192.1450684592128 7088.1207084357738 3512.8409327715635 2433.5373917371035 3251.7374330163002 2127.3144237399101 1023.159442782402 2663.6698972582817 1463.0765723288059 364.48288697004318 7002.7387616038322 13040.561767980456
leaf_count=2476 17757 14545 17887 37650 8184 39642 37392 893 6969 40271 21754 25611 2752 5538 11858 3940 10807 5734 16198 37009 16666 10205 14558 9102 4222 11844 6890 1549 28569 56707
internal_value=-6.80877e-05 -0.0100529 -0.00737264 0.00214681 0.00128359 0.00018289 -0.0199132 0.0167811 0.00336936 0.00900799 0.0222507 0.000984163 0.00353374 0.0220194 0.0388193 0.00257908 -0.00545093 -0.00350317 -0.0106269 -0.0153838 0.00216757 0.00446916 0.019547 -0.00613444 0.00541374 0.0042187 0.000117576 -0.00470749 0.00868243 -0.00136809
internal_weight=111585 20258.6 18409.5 91326.6 87021.1 11488 6921.42 723.157 66442.9 19751.1 9595.04 46691.8 41083.7 2827.32 4438.52 1470.88 20578.3 10156 12227.8 9035.66 38256.4 29952.6 6708.43 8303.83 4274.9 4790.98 23244.2 14868.1 8376.05 13405
internal_count=525179 112835 98290 412344 394587 57529 40761 3369 292923 86586 40581 206337 180726 12230 18827 6692 101664 46005 64014 47816 168496 130884 28985 37612 18780 20946 101899 65146 36753 58256
is_linear=0
shrinkage=0.05


Tree=32
num_leaves=31
num_cat=0
split_feature=10 5 32 10 32 33 33 33 32 34 34 33 33 13 33 43 33 33 33 32 33 34 12 33 33 12 33 33 33 33
split_gain=956.359 676.474 598.51 385.359 383.927 680.494 721.108 661.538 636.783 444.46 356.873 332.442 729.54 477.582 288.803 282.769 491.67 545.383 372.599 295.19 467.702 275.476 269.958 246.036 487.285 448.33 393.788 284.885 297.729 262.504
threshold=0.011448289483948779 -0.15999999999999928 4.5000000000000009 0.025726498998584337 8.5000000000000018 -2205.4999999999995 -2882.4999999999995 -1794.4999999999998 10.500000000000002 2.844909405997881 2.519889237999525 -4303.4999999999991 -4641.4999999999991 0.0604307937589302 -1699.4999999999998 1.5000000000000002 -2374.4999999999995 -1828.4999999999998 -2508.4999999999995 6.5000000000000009 -4116.4999999999991 6.0367963499707153 0.54999999999999971 -3900.4999999999995 -3180.4999999999995 3.2500000000000027 -4280.4999999999991 -2810.4999999999995 -2443.4999999999995 -4607.4999999999991
decision_type=8 8 2 8 2 2 2 2 2 2 2 2 2 8 2 2 2 2 2 2 2 2 8 2 2 10 2 2 2 2
left_child=-1 15 3 21 5 6 -4 10 11 14 -7 12 -6 -13 -10 -2 18 -18 19 20 -17 -3 -11 26 25 -25 29 -26 -29 -24
right_child=1 2 4 -5 8 7 -8 -9 9 22 -12 13 -14 -15 -16 16 17 -19 -20 -21 -22 -23 23 24 27 -27 -28 28 -30 -31
leaf_value=-0.021012168325632661 0.0260015209047351 -0.014034616032542531 0.0053614886779755414 -0.00039914547544032383 -0.012574090926829732 0.064907169141829688 -0.019501563753615808 0.0030475926106986219 0.026347878162745409 -0.025754806055979823 0.024926304739488415 -0.015797361713064544 0.040916141948717649 0.010284950807648081 -0.042739397725314071 -0.024775061625621611 0.041114152683440715 0.0056566337284769223 -0.021827943405905222 0.016407698389742788 0.0075703586609332978 0.016312377009509646 -0.0068405100076032316 0.044183577751719022 -0.020785055384746953 -0.0058576167738054368 -0.03014498166124821 0.028728719641998995 -0.0001810349249235047 0.027884807229324529
leaf_weight=5167.1323439255357 2401.5924797654152 13939.816284291446 16959.098364472389 12229.600350216031 1722.2273516207933 645.54813611507416 3521.9293551146984 4155.6032564565539 2835.3741720169783 860.34296958148479 4122.5836198329926 11652.692954525352 1012.0129160284996 2066.2910409420729 159.79236616194248 1591.6212829947472 1966.2212676256895 2418.3517107442021 1459.2700991034508 3633.9969985634089 3752.4941390156746 790.20316953957081 1741.2802998274565 1457.6747159063816 1208.4648880362511 645.93052965402603 1265.2450109273195 1141.1346156895161 4056.0783130899072 791.66465458273888
leaf_count=35003 10108 76132 73305 56216 8251 2898 16723 18667 11974 4710 17433 56982 4162 8815 823 7580 8438 10311 6179 15033 16144 4237 8678 6171 5823 2756 5924 4725 18076 3189
internal_value=-6.33816e-06 0.00101566 -0.000739998 -0.00695971 0.00196362 0.0061068 0.00108602 0.0176301 -0.00177161 0.00527717 0.0303392 -0.00869604 0.00722403 -0.011869 0.0226621 0.0100857 0.00750691 0.0215572 0.0016046 0.00541325 -0.00206298 -0.0124066 0.00132278 0.00321561 0.00793871 0.028818 -0.00736578 0.00108201 0.00616658 0.00401279
internal_weight=111371 106204 88980.6 26959.6 62021 29404.8 20481 8923.74 32616.2 16163 4768.13 16453.2 2734.24 13719 2995.17 17223.5 14822 4384.57 10437.4 8978.11 5344.12 14730 13167.8 12307.5 8509.28 2103.61 3798.19 6405.68 5197.21 2532.94
internal_count=525466 490463 416670 136585 280085 129026 90028 38998 151059 72849 20331 78210 12413 65797 12797 73793 63685 18749 44936 38757 23724 80369 60052 55342 37551 8927 17791 28624 22801 11867
is_linear=0
shrinkage=0.05


Tree=33
num_leaves=31
num_cat=0
split_feature=10 38 32 28 9 33 33 33 32 33 33 33 32 33 10 13 13 33 33 33 33 33 33 33 5 39 33 9 33 33
split_gain=923.355 615.047 652.618 409.551 342.189 435.292 479.8 429.543 286.206 618.217 782.061 760.454 553.497 353.781 491.405 399.651 337.941 294.097 741.645 666.002 859.339 351.135 313.223 276.831 250.98 241.595 238.456 232.92 214.729 566.667
threshold=0.0112396985642494 -0.097461878218988149 4.5000000000000009 -0.037559239191132715 0.022873889428507248 -4550.4999999999991 -4832.4999999999991 -4910.4999999999991 8.5000000000000018 -2220.4999999999995 -1794.4999999999998 -2599.4999999999995 10.500000000000002 -4303.4999999999991 0.021357192023531164 0.053746652262508757 0.0060608945017545995 -3900.4999999999995 -3180.4999999999995 -2810.4999999999995 -2443.4999999999995 -2074.4999999999995 -3524.4999999999995 -4280.4999999999991 -0.024418206984462339 1.0000000180025095e-35 -1641.4999999999998 0.033529480306639735 -4532.4999999999991 -4116.4999999999991
decision_type=8 8 2 10 8 2 2 2 2 2 2 2 2 2 8 8 8 2 2 2 2 2 2 2 10 10 2 10 2 2
left_child=26 28 4 -4 5 6 7 25 9 11 24 -5 13 14 -10 -15 -14 23 22 27 -21 -22 -19 -18 -11 -3 -1 -20 -2 -30
right_child=1 2 3 8 -6 -7 -8 -9 12 10 -12 -13 16 15 -16 -17 17 18 19 20 21 -23 -24 -25 -26 -27 -28 -29 29 -31
leaf_value=-0.015670391155120651 0.026975266792937221 0.05123565163674218 -0.006255783615955782 0.0053675392551505536 -0.0012734987837677587 -0.015585962733600731 0.056396005734722893 -0.029309147281753656 0.052720749967802807 0.045595037001334118 0.0010629878884852526 -0.030532224629658385 -0.032748084218062627 -0.016038370157735543 -0.0037126907681643839 0.0082089428770158648 0.0065095408613577363 0.018162832091474172 -0.033509420779744926 0.045448551431644647 -0.02260726362079267 0.0098504803931988086 0.052133570495967708 -0.02779850817387311 0.022653373934106883 -0.030366914930875535 -0.04241911842179337 0.029620043556677453 -0.017049558715778169 0.012367106096648092
leaf_weight=3719.3387947902083 1694.9354776889086 372.49703133106232 12172.241738446057 16262.8153437078 12811.849586635828 12863.276716724038 440.18902730941772 715.65516071021557 540.6309857070446 1841.6538311690092 3859.5680020302534 1622.2789910584688 502.88807325810194 8295.4472808763385 1346.511113718152 2137.2226777970791 1600.7943996489048 1351.9363990873098 1254.4135573804379 1439.487227499485 1171.1951845288277 2887.7771440222859 1362.3188506215811 929.32703731954098 3380.2656962573528 119.89794263243675 1073.7123384401202 165.37331055104733 1917.7282639294863 11188.507867053151
leaf_count=22944 7180 1534 58222 70170 60086 70861 1836 3859 2206 8049 17273 7874 2979 40779 5567 9180 6644 5739 6141 5934 5246 12572 5650 4310 14532 518 10306 694 8881 47605
internal_value=-0.000195703 0.000772698 -0.00075777 0.00199944 -0.00722856 -0.0124861 0.0117057 -0.00457849 0.00393362 0.00750584 0.01813 0.00211123 7.8142e-05 -0.00746747 0.0124544 -0.0110711 0.0074178 0.00907854 0.0130633 0.00437319 0.0122564 0.000484969 0.0352132 -0.00609199 0.0307444 0.0313655 -0.0216625 -0.0261563 0.0102285 0.00806281
internal_weight=111042 106249 91447.5 64124.1 27323.4 14511.5 1648.24 1208.05 51951.9 26966.6 9081.49 17885.1 24985.3 12319.8 1887.14 10432.7 12665.5 12162.6 9632.5 6918.25 5498.46 4058.97 2714.26 2530.12 5221.92 492.395 4793.05 1419.79 14801.2 13106.2
internal_count=525371 492121 428455 289761 138694 78608 7747 5911 231539 117898 39854 78044 113641 57732 7773 49959 55909 52930 41976 30587 23752 17818 11389 10954 22581 2052 33250 6835 63666 56486
is_linear=0
shrinkage=0.05


Tree=34
num_leaves=31
num_cat=0
split_feature=10 5 32 32 33 33 32 33 34 33 12 13 10 34 33 34 33 32 33 34 38 33 33 33 33 33 33 12 33 33
split_gain=837.237 580.96 455.439 393.094 642.647 595.775 585.435 559.752 526.292 418.221 694.662 460.279 357.172 321.189 320.288 439.81 485.487 432.435 337.774 390.972 286.73 253.184 251.502 874.014 413.473 289.04 1062.4 514.231 514.002 508.463
threshold=0.011003847081953075 -0.22551418654062752 4.5000000000000009 8.5000000000000018 -2220.4999999999995 -2882.4999999999995 10.500000000000002 -1794.4999999999998 2.8361459037824157 -4303.4999999999991 1.507142857142858 0.064435536197904861 0.034919988694686079 3.1591235665908397 -3332.4999999999995 4.158101222371581 -4699.4999999999991 7.5000000000000009 -3304.4999999999995 3.0657219285807118 0.010026043390230501 -4641.4999999999991 -4550.4999999999991 -4852.9999999999991 -4910.4999999999991 -2641.4999999999995 -2338.4999999999995 3.1071428571428599 -4133.4999999999991 -3405.4999999999995
decision_type=8 8 2 2 2 2 2 2 2 2 8 8 8 2 2 2 2 2 2 2 8 2 2 2 2 2 2 10 2 2
left_child=-1 -2 12 4 5 14 9 13 -8 10 -5 20 22 -6 15 17 -17 -4 19 -16 -11 -12 23 24 -3 27 -27 28 -24 -30
right_child=1 2 3 6 7 -7 8 -9 -10 11 21 -13 -14 -15 18 16 -18 -19 -20 -21 -22 -23 25 -25 -26 26 -28 -29 29 -31
leaf_value=-0.021521184354204408 0.013723890588549351 0.026426534013137933 -0.011908595211706851 0.039936262616442612 0.044228940260181662 -0.017236145605624774 0.022498328650067081 0.0036307601117882313 0.00057652305775625779 -0.021737832350738735 -0.02209693311318996 0.012478244746125564 0.0063867581273870161 0.018609288681785584 0.093462124707079874 0.043400109197663649 0.0041169949726214848 0.012790979159799482 0.0098455739024273844 0.019468767441022505 -0.0066965373316849935 0.019042325756877119 -0.039433990937247608 0.038660517511698494 -0.03670304647200353 0.039341775616113295 -0.010175016523255776 0.003493961341867316 8.2831559478574682e-05 -0.024093706941961709
leaf_weight=4369.8196368813515 8049.5833583921194 350.05560405552387 6841.5737725645304 1123.5926684141159 1852.8509863466024 3640.8695465624332 3371.306377582252 4599.0985333770514 14571.851887017488 6996.2962948381901 1283.3848510831594 1740.8203505724669 5309.9944573938847 3600.8471043258905 272.70862340927124 1053.6203887164593 3102.4311652779579 2391.5149153620005 5024.4461786746979 516.92397151887417 5790.9842946827412 527.800856128335 2392.8403226733208 1171.5558451712132 1001.2072317898273 1305.0104308575392 6374.1415418908 3330.4207418113947 3929.1311670094728 4870.6454729139805
leaf_count=31094 33755 1465 29380 4665 8291 17474 14369 20618 66363 35721 6379 7339 23368 15293 1122 4240 13761 10025 21975 2376 26982 2168 13661 4921 5560 6078 33305 17222 20395 26013
internal_value=-7.14701e-05 0.000809567 -0.000247552 0.00200886 0.005944 0.00130809 -0.0016474 0.0164787 0.00469537 -0.00816462 0.00905137 -0.0116424 -0.00537889 0.0273134 0.00482401 0.000568835 0.0140758 -0.00551102 0.0146232 0.0450232 -0.0149261 -0.0101085 -0.0079057 0.00705416 -0.0203488 -0.00960558 -0.00176003 -0.013754 -0.0188862 -0.0132988
internal_weight=110757 106388 98337.9 68302.9 32896.9 22844.1 35406 10052.8 17943.2 17462.9 2934.78 14528.1 30035 5453.7 19203.2 13389.1 4156.05 9233.09 5814.08 789.633 12787.3 1811.19 24725 2522.82 1351.26 22202.2 7679.15 14523 11192.6 8799.78
internal_count=525378 494284 460529 308541 144555 100353 163986 44202 80732 83254 13212 70042 151988 23584 82879 57406 18001 39405 25473 3498 62703 8547 128620 11946 7025 116674 39383 77291 60069 46408
is_linear=0
shrinkage=0.05


Tree=35
num_leaves=31
num_cat=0
split_feature=9 38 33 32 26 32 33 33 37 26 0 33 5 33 33 33 33 5 32 12 33 8 32 32 33 33 33 33 12 33
split_gain=808.737 488.892 465.092 461.565 414.315 379.33 273.584 271.199 259.421 245.235 236.707 222.643 222.47 218.194 600.444 1051.42 502.11 365.618 291.072 333.038 235.684 221.651 192.66 322.74 416.024 477.63 407.672 305.923 533.474 432.592
threshold=0.012943202358662647 -0.1028830808752119 -1435.4999999999998 5.5000000000000009 0.33853153372243844 4.5000000000000009 -4550.4999999999991 -4852.9999999999991 0.099829932828064752 0.61610640764162994 0.083333333333333384 -4950.4999999999991 -0.099426764562551492 -1974.4999999999998 -2338.4999999999995 -2374.4999999999995 -1641.4999999999998 -0.056329825187882369 1.5000000000000002 2.9714285714285738 -4550.4999999999991 0.10069335186350604 11.500000000000002 8.5000000000000018 -2205.4999999999995 -1794.4999999999998 -2599.4999999999995 -3239.4999999999995 1.3642857142857152 -3538.4999999999995
decision_type=8 8 2 2 10 2 2 2 8 10 10 2 8 2 2 2 2 10 2 10 2 8 2 2 2 2 2 2 10 2
left_child=2 -2 3 6 12 8 7 -1 13 -4 11 -7 -5 14 15 18 17 -15 20 -20 -3 -17 23 24 26 -26 -13 28 29 -25
right_child=1 5 9 4 -6 10 -8 -9 -10 -11 -12 22 -14 16 -16 21 -18 -19 19 -21 -22 -23 -24 27 25 -27 -28 -29 -30 -31
leaf_value=-0.010095185096898412 0.010830442361781182 0.022938012553450834 -0.041300867365515082 0.011608725013496149 0.041646936970613779 -0.018103741653873979 -0.022511159226905286 0.061562418028678713 0.011354021283341545 0.021303482237216911 0.022617010161439053 0.003738689138489488 -0.0073029997852769356 0.047291321510097316 -0.036183672953503207 0.07175116510154686 -0.0093868634466070747 -9.1834165499377009e-05 -0.019581971933576407 0.0013576149097333397 -0.0048318375386378403 0.024091975824877841 0.010304370212805338 0.010802795789114313 0.026685812458249504 0.0022243193204029925 -0.018436873068180971 -0.0083888473608625374 -0.0089498444271514828 0.060051365689176718
leaf_weight=407.09193904697895 12950.301046416163 973.09923300147057 1522.9195372983813 1985.4779221788049 545.59323728084564 1333.6294419169426 5017.3932985961437 195.42495635151863 2226.5849974155426 174.33468658477068 1439.2871782183647 16445.293308466673 7173.5450329855084 878.32704472541809 1831.9048548489809 408.8485486805439 2863.0974640324712 758.86154685914516 7343.0292918533087 2561.1955376267433 3556.6238834112883 604.90332381427288 7014.6681912243366 3471.7907178848982 4027.6561739146709 3955.2535219490528 2371.3901118040085 12090.633417129517 3863.0686822086573 511.59972324967384
leaf_count=2027 55218 4023 13140 9244 2457 8130 31943 826 10083 1219 6103 70451 38060 3903 9250 1846 14609 3704 39724 13052 16805 2672 29900 15273 17469 17436 11318 56786 16899 2100
internal_value=-1.1694e-05 0.00181358 -0.0100358 -0.00728528 -0.000681866 0.000363559 -0.0186882 0.0131468 -0.00490208 -0.0348704 0.00259993 0.00207692 -0.00320335 -0.00656396 -0.00911794 -0.00590828 0.00324247 0.0253285 -0.00936528 -0.0141671 0.00113383 0.043313 0.00257762 0.00141792 0.00500164 0.014566 0.000943993 -0.00339934 0.004289 0.0171279
internal_weight=110503 93481 17021.8 15324.5 9704.62 80530.7 5619.91 602.517 24006.5 1697.25 56524.3 55085 9159.02 21779.9 17279.6 15447.7 4500.29 1637.19 14433.9 9904.22 4529.72 1013.75 53751.4 46736.7 26799.6 7982.91 18816.7 19937.1 7846.46 3983.39
internal_count=525670 426754 98916 84557 49761 371536 34796 2853 119671 14359 251865 245762 47304 109588 87372 78122 22216 7607 73604 52776 20828 4518 237632 207732 116674 34905 81769 91058 34272 17373
is_linear=0
shrinkage=0.05


Tree=36
num_leaves=31
num_cat=0
split_feature=9 5 3 8 32 32 33 34 32 33 33 33 33 33 33 33 33 32 33 33 33 33 33 9 33 33 5 33 34 33
split_gain=739.559 451.258 421.163 355.479 349.092 277.32 260.684 258.482 296.47 343.949 735.985 424.07 347.011 323.27 868.511 329.661 527.82 274.463 671.354 299.592 472.637 334.233 274.417 266.403 358.288 425.63 266.078 256.391 247.889 319.485
threshold=0.012943202358662647 -0.067669172932327812 -0.1220141603727679 0.082195663653589338 3.5000000000000004 1.5000000000000002 -1631.4999999999998 3.1419924481000066 10.500000000000002 -2455.4999999999995 -1794.4999999999998 -1933.4999999999998 -2599.4999999999995 -3869.4999999999995 -3180.4999999999995 -2798.4999999999995 -2443.4999999999995 8.5000000000000018 -4779.4999999999991 -2220.4999999999995 -1562.4999999999998 -1454.4999999999998 -1688.4999999999998 0.041445419141723103 -2508.4999999999995 -2782.4999999999995 0.4227201032406081 -2123.4999999999995 4.4432391460348235 -4133.4999999999991
decision_type=8 8 8 10 2 2 2 2 2 2 2 2 2 2 2 2 2 2 2 2 2 2 2 10 2 2 10 2 2 2
left_child=1 3 -2 -1 5 -4 -3 8 9 12 11 27 -6 -10 -15 -16 -17 18 -9 -20 26 -22 23 24 25 -19 -21 -11 29 -7
right_child=2 6 4 -5 7 28 -8 17 13 10 -12 -13 -14 14 15 16 -18 22 19 20 21 -23 -24 -25 -26 -27 -28 -29 -30 -31
leaf_value=-0.0028112084505713488 0.015857839716776474 -0.012078522332454695 0.0021580483250630829 0.035071464390912022 0.002423763229189144 -0.031573375286595005 -0.032915439818121395 0.040564352867991121 -0.0038895196753143445 0.027331323611753756 -0.011053229645495507 0.054780159229610971 -0.025040344545840584 0.061834407317337303 -0.023716178593078653 0.063093190958916398 0.0060793810929920932 -0.0049087856699648446 -0.0018971176177083261 0.027440480964337384 -0.015656813694790755 0.018666643316551709 0.011513010406503894 0.011061390468664797 -0.018393536104803525 0.040820600116251875 -0.0048693708557455348 -0.015790009040579488 0.0034766729217861544 -0.0087742271470101826
leaf_weight=4940.641026340425 5024.6783538907766 9457.2256297394633 8457.9802290424705 708.00087343156338 12029.084324583411 1952.9186921566725 1784.2042357847095 1206.4562238305807 1370.9411351680756 1251.2219122350216 1626.8818522617221 1136.4558442085981 1271.7382300496101 1114.3671448677778 580.05910839140415 516.2131662517786 1900.3807685747743 10874.950402230024 14594.48725540936 3430.4888764023781 2107.2626172304153 1069.1016799360514 2640.4339100569487 2108.119157359004 5408.5756427049637 533.81770314276218 782.56564685702324 475.79532453417778 2752.4834357500076 7207.4876630753279
leaf_count=26551 21721 53864 38487 3348 52321 11326 15123 4952 6051 5435 7495 5223 5944 4588 2613 2123 7964 50692 64987 14499 9567 4713 12129 8745 25090 2176 3352 2090 14426 38316
internal_value=3.60521e-05 -0.00959236 0.00177675 0.00193701 0.00097638 -0.00476554 -0.0153857 0.00269575 0.00696977 0.00383721 0.0158022 0.0310602 -0.000202176 0.0171362 0.0241478 0.0101333 0.0182582 0.000473275 0.00424913 0.00225618 0.0104592 -0.00410421 -0.003587 -0.00569371 -0.00779403 -0.0027691 0.021439 0.0154513 -0.00968118 -0.0136348
internal_weight=110315 16890.1 93424.9 5648.64 88400.3 20370.9 11241.4 68029.4 23273.1 17791.2 4490.35 2863.47 13300.8 5481.96 4111.02 2996.65 2416.59 44756.3 23190.4 21983.9 7389.42 3176.36 21565.9 18925.5 16817.3 11408.8 4213.05 1727.02 11912.9 9160.41
internal_count=525911 98886 427025 29899 405304 102555 68987 302749 101847 78508 20243 12748 58265 23339 17288 12700 10087 200902 102070 97118 32131 14280 98832 86703 77958 52868 17851 7525 64068 49642
is_linear=0
shrinkage=0.05


Tree=37
num_leaves=31
num_cat=0
split_feature=10 38 32 2 32 32 9 34 11 43 10 43 34 12 5 26 26 2 25 5 43 34 32 9 8 32 43 34 28 34
split_gain=686.274 515.525 451.523 322.524 320.14 446.526 333.675 290.26 287.411 284.04 295.823 281.764 265.596 254.964 233.49 211.263 199.06 196.61 189.302 186.272 163.79 182.813 156.524 155.842 151.459 142.352 176.693 264.266 138.062 137.348
threshold=0.011003847081953075 -0.1028830808752119 4.5000000000000009 0.020000000000000354 8.5000000000000018 11.500000000000002 0.010870300656066955 4.0664589915953142 0.36842891971182673 1.0000000180025095e-35 0.039751065585888694 2.5000000000000004 2.947063657109513 1.0357142857142871 0.28160739129000528 0.55386918470750823 0.81398483043941594 -0.062695924764891095 0.95697144484796703 -0.070640385634626865 2.5000000000000004 3.623005818698426 11.500000000000002 0.022625247497137575 0.21642110235818338 6.5000000000000009 1.0000000180025095e-35 4.8445806323270011 -0.067068635269915952 2.844909405997881
decision_type=8 8 2 8 2 2 8 2 8 2 8 2 2 8 8 8 8 10 8 10 2 2 2 8 10 2 2 2 10 2
left_child=20 17 3 14 8 6 -6 9 24 -8 29 -7 -13 -12 19 -14 -9 28 25 -3 -1 22 -22 -17 -4 -10 27 -27 -2 -11
right_child=1 2 4 -5 5 11 7 16 18 10 13 12 15 -15 -16 23 -18 -19 -20 -21 21 -23 -24 -25 -26 26 -28 -29 -30 -31
leaf_value=-0.031172661282432138 0.026873254862686942 -0.0044687185032308979 0.042352517527824381 0.0021009912284334917 -0.026636205600264737 -0.0035428274493154682 -0.032758567617290332 -0.016810382039815264 -0.00024788300627960342 0.0069412684210896055 -0.0087751700525498192 0.0338248553496662 0.019513697110546385 0.033802135801377309 0.0062794399984920733 -0.04996128822789301 0.001805468768064441 0.0056837156398610268 0.019787846158086628 -0.015468642348360172 0.0018987904602716711 -0.019045795339852151 0.073003441391424853 0.00085747104445729186 -0.018331863679071202 -0.030637352104631879 0.0079713224997459073 0.049495754632840186 0.0090156009255362088 -0.0042843069763584514
leaf_weight=1816.2209212109447 2332.2853298187256 5953.7100551202893 734.31347867846489 8475.7023360803723 1699.7787547633052 3309.9253185987473 624.51520283520222 5376.5065375342965 13718.423762597144 3900.8522378131747 497.63033078610897 1389.4514021873474 2071.2028592824936 1198.2897918522358 2053.3964348137379 165.0672068297863 1959.3289112001657 9183.2992930486798 1888.5987527370453 10885.106734015048 487.29345843940973 1825.4551690965891 92.011162877082825 1752.845615118742 119.56246495246887 611.40221759676933 14577.224218770862 123.70293040573597 2019.5658470243216 9038.58048440516
leaf_count=15385 9945 30550 3407 41354 10269 15529 3992 26027 61556 17366 2095 5828 9035 4969 9343 773 9010 39482 7999 59815 3093 12117 450 7184 535 2480 63969 497 8537 42436
internal_value=-6.93173e-05 0.000720466 -0.000618228 -0.00600271 0.00165738 -0.00179306 -0.00527204 -0.0036649 0.00523931 0.000264258 0.0016734 0.00793514 0.0149986 0.0213088 -0.00963831 0.00844119 -0.0118383 0.0098321 0.00444904 -0.0115794 -0.0198393 -0.0112796 0.0131924 -0.0035163 0.0338553 0.00345118 0.00676519 -0.0171526 0.018586 -0.000900131
internal_weight=109881 105660 92125.1 27367.9 64757.2 32984 24295.5 22595.7 31773.2 15259.9 14635.4 8688.49 5378.57 1695.92 18892.2 3989.12 7335.84 13535.2 30919.4 16838.8 4220.98 2404.76 579.305 1917.91 853.876 29030.8 15312.3 735.105 4351.85 12939.4
internal_count=525027 493982 436018 141062 294956 154513 116164 105895 140443 70858 66866 38349 22820 7064 99708 16992 35037 57964 136501 90365 31045 15660 3543 7957 3942 128502 66946 2977 18482 59802
is_linear=0
shrinkage=0.05


Tree=38
num_leaves=31
num_cat=0
split_feature=10 38 38 32 33 12 34 33 33 33 33 12 34 33 33 33 33 32 11 10 9 33 33 33 13 33 32 33 33 33
split_gain=618.254 479.735 436.549 356.526 344.061 420.92 328.023 329.531 322.991 294.058 747.988 363.586 310.888 277.797 1108.54 441.264 397.684 943.537 448.157 256.859 232.307 219.565 500.091 355.026 210.476 191.506 189.304 195.641 182.64 424.565
threshold=0.0089332508102177039 -0.090909090909107801 0.065676916477215755 4.5000000000000009 -1410.4999999999998 1.1785714285714299 3.1419924481000066 -1454.4999999999998 -4910.4999999999991 -1933.4999999999998 -1653.4999999999998 1.3357142857142865 4.7427557540103971 -3636.4999999999995 -3239.4999999999995 -2966.4999999999995 -4280.4999999999991 7.5000000000000009 1.4291633740203542 0.017995410235585586 0.023635319212720586 -4550.4999999999991 -4116.4999999999991 -4067.4999999999995 0.014559978622321902 -3152.4999999999995 1.5000000000000002 -2009.4999999999998 -3636.4999999999995 -3465.4999999999995
decision_type=8 8 10 2 2 8 2 2 2 2 2 8 2 2 2 2 2 2 8 8 10 2 2 2 10 2 2 2 2 2
left_child=-1 21 3 8 6 -6 13 -8 -3 11 12 19 -11 16 -15 25 17 -5 -19 -10 24 -2 -23 -24 -9 -16 27 -21 -4 -30
right_child=1 2 28 4 5 -7 7 20 9 10 -12 -13 -14 14 15 -17 -18 18 -20 26 -22 22 23 -25 -26 -27 -28 -29 29 -31
leaf_value=-0.027367812339784088 0.024531042221973685 0.027908189755033438 -0.0019127608327854037 -0.025451319511191124 -0.040146659470467631 0.0036295550966867021 -0.0035974051537503802 -0.03613083977848152 -0.032945323560962851 0.060988876985152263 -0.0079724561375107712 -0.0045219929772255764 -0.025787116413745675 0.043268881509275083 -0.0075351114594304734 0.0071407724672179988 -0.012566651786423239 0.055030546494180946 -0.016205268305487613 0.0050952733325858894 -0.016357834578433494 -0.016103982863695746 0.045717730446210948 0.0080469849779004222 0.054267223960934301 -0.051208034304358177 -0.019457294920214141 -0.055688925005334844 0.032161473123225308 0.0052396987248777144
leaf_weight=2036.0538794398308 1842.4363258183002 595.01182420551777 6509.7849756628275 904.86788953840733 1184.6113986819983 1023.591225810349 29285.911206923425 72.927534759044647 2504.4730900228024 644.87387550622225 3130.4876344352961 7722.418751180172 122.88361124694347 2128.9423694163561 526.79249283671379 6769.112158857286 3662.5529395192862 1079.7106840163469 277.54072006046772 1591.3857259303331 217.27096635103226 2143.654042378068 659.90572646260262 11978.030936859548 550.08447907865047 479.48775909841061 4404.3039539903402 144.38986575603485 1635.3561129420996 14013.719016447663
leaf_count=17137 7874 2472 28260 3891 8199 5157 138469 402 15917 2943 17089 41006 590 9068 2630 30926 16270 4400 1546 7261 944 10079 2798 51457 2548 2233 24004 682 6935 62554
internal_value=-7.20034e-05 0.00044351 -0.000980656 -0.00294088 -0.000575953 -0.0198546 0.00035041 -0.00271162 -0.00840117 -0.00946725 0.00287402 -0.0124067 0.0470999 0.00617815 0.0113012 0.00254825 -0.00238607 0.0140971 0.0404637 -0.0194503 0.0281602 0.00825504 0.00622633 0.010014 0.0436856 -0.0283451 -0.0139458 3.89617e-05 0.00512533 0.00805307
internal_weight=109843 107807 91182.5 69023.6 48163.4 2208.2 45955.2 30126.2 20860.2 20265.2 3898.25 16367 767.757 15829 9904.33 7775.39 5924.67 2262.12 1357.25 8644.55 840.283 16624 14781.6 12637.9 623.012 1006.28 6140.08 1735.78 22158.9 15649.1
internal_count=525741 508604 436396 338647 226683 13356 213327 142363 111964 109492 20622 88870 3533 70964 44857 35789 26107 9837 5946 47864 3894 72208 64334 54255 2950 4863 31947 7943 97749 69489
is_linear=0
shrinkage=0.05


Tree=39
num_leaves=31
num_cat=0
split_feature=10 10 19 9 32 8 4 0 32 43 32 1 34 32 34 25 21 43 34 32 34 10 14 37 13 32 32 28 32 32
split_gain=606.3 452.166 333.608 269.196 201.426 168.398 161.643 159.214 142.973 201.403 475.003 136.2 130.328 130.284 135.095 119.849 112.957 129.367 202.265 142.77 110.811 103.716 118.651 127.286 102.84 97.6697 92.2372 119.987 110.228 114.046
threshold=0.0089332508102177039 0.030852217657166628 -0.071267959298964165 0.012582936672919388 11.500000000000002 0.27013602511232843 -0.14925379316117407 0.095002376907630706 3.5000000000000004 1.5000000000000002 5.5000000000000009 -0.11999999999999993 4.3851465679125932 11.500000000000002 2.9014216150426262 0.48413842001738255 0.48711139998795672 3.5000000000000004 3.2367138130944357 10.500000000000002 3.7623615564016326 0.048737210141645906 1.0000000180025095e-35 -0.049114233062878813 0.0084126772707364805 9.5000000000000018 9.5000000000000018 0.018801144896180701 5.5000000000000009 1.5000000000000002
decision_type=8 10 8 10 2 8 8 10 2 2 2 10 2 2 2 10 10 2 2 2 2 10 10 10 10 2 2 8 2 2
left_child=15 2 3 -2 5 8 -4 13 20 10 -10 -3 -6 26 -15 -1 17 21 19 25 -5 22 23 -13 -9 -19 28 -28 29 -8
right_child=1 11 6 4 12 -7 7 24 9 -11 -12 16 -14 14 -16 -17 -18 18 -20 -21 -22 -23 -24 -25 -26 -27 27 -29 -30 -31
leaf_value=-0.014834854360693371 -0.012591054918741483 0.029495600054802052 0.020779193734734313 -0.015818508020980664 0.01369191853127354 0.0060163280528788797 0.0061371404616720792 0.094987702306908575 0.038616479280772775 -0.004433539114301571 -0.009876974121361487 0.020392009531205058 -0.0082442673752829345 0.034865741681605937 0.0061540312289153258 -0.039366707631580733 0.016478279431510156 0.0068510562588335946 -0.0040046799544559515 0.026681090436975721 -0.0038892526039789131 0.023297023916779541 -5.1576043392425451e-05 0.0059405591113362022 0.022472809943272307 -0.021171722696036573 0.00050543452712149362 -0.015133536582252659 0.0051300567750164928 -0.0049011805712555158
leaf_weight=963.85083819180727 8106.568436421454 590.16894707083702 1143.4100672006607 4584.88004514575 2843.6102338135242 3924.7454407215118 3248.2759721428156 56.539831072092056 920.56104142963886 21297.194784842432 1118.5678450614214 2269.4820289164782 888.71895645558834 521.59010543674231 1909.769475787878 1029.7971115931869 2063.9067189842463 4372.8557940274477 8169.1006377339363 891.39735291898251 3383.1147698909044 1028.1185090392828 4095.8976640552282 4636.6498368382454 361.51193591952324 334.74304212629795 3020.8985041901469 2064.7546566277742 11244.276840373874 8368.5469595864415
leaf_count=7646 46849 2462 4976 25467 12555 18203 15818 240 3975 98613 5054 9617 3981 2243 8534 9487 8824 19287 35017 3663 18331 4259 17389 20139 1581 1420 14727 10508 50604 43434
internal_value=-0.000185431 0.000321443 -0.0016249 -0.00430133 -0.00257652 -0.00374669 0.00231923 0.00163384 -0.00497072 -0.00299624 0.0120153 0.00572614 0.00846861 0.0012121 0.0123134 -0.0275065 0.00522266 0.00432219 0.00101252 0.00833275 -0.0107535 0.00811 0.0066908 0.0106896 0.0322802 0.00485844 0.000246289 -0.00584392 0.00160111 -0.00181466
internal_weight=109454 107460 79007.5 47068 38961.4 35229.1 31939.6 30796.2 31304.3 23336.3 2039.13 28452.3 3732.33 30378.1 2431.36 1993.65 27862.2 25798.2 13768.1 5599 7967.99 12030.1 11002 6906.13 418.052 4707.6 27946.8 5085.65 22861.1 11616.8
internal_count=524903 507770 385693 233028 186179 169643 152665 147689 151440 107642 9029 122077 16536 145868 10777 17133 119615 110791 59387 24370 43798 51404 47145 29756 1821 20707 135091 25235 109856 59252
is_linear=0
shrinkage=0.05


Tree=40
num_leaves=31
num_cat=0
split_feature=10 5 38 33 33 33 32 10 32 33 33 33 33 32 33 33 33 33 33 33 43 33 33 28 33 32 33 7 33 33
split_gain=540.923 426.099 459.57 314.87 702.756 431.607 353.431 292.568 271.636 270.642 693.786 367.985 328.189 324.138 275.231 284.006 265.029 264.864 398.541 249.251 241.032 240.383 281.855 280.401 238.853 273.101 235.469 217.599 198.437 198.93
threshold=0.011003847081953075 -0.10273972602739705 0.016777462896643839 -4532.4999999999991 -4116.4999999999991 -4067.4999999999995 6.5000000000000009 0.029418873499362522 5.5000000000000009 -2389.4999999999995 -1767.4999999999998 -2528.4999999999995 -1933.4999999999998 10.500000000000002 -2798.4999999999995 -3152.4999999999995 -4280.4999999999991 -2599.4999999999995 -2782.4999999999995 -4874.4999999999991 1.5000000000000002 -3346.9999999999995 -3304.4999999999995 -0.024290891398017579 -2455.4999999999995 8.5000000000000018 -2641.4999999999995 -0.37047794224561603 -1641.4999999999998 -1905.4999999999998
decision_type=8 8 10 2 2 2 2 8 2 2 2 2 2 2 2 2 2 2 2 2 2 2 2 10 2 2 2 10 2 2
left_child=28 3 7 -2 6 -6 -5 8 -3 11 12 13 -11 21 15 -15 -8 18 -10 -4 -13 -7 -23 26 -19 -26 -24 -12 29 -1
right_child=1 2 19 4 5 9 16 -9 17 10 27 20 -14 14 -16 -17 -18 24 -20 -21 -22 22 23 -25 25 -27 -28 -29 -30 -31
leaf_value=-0.016819048641938859 0.022178283133810994 -0.014067845380544564 -0.033975246527151337 -0.027878285664354321 0.040446315353131479 -0.0099423752543125951 0.020760651169133743 0.0011247176910003593 -0.00069978939011482275 0.020638125456006726 0.043288493013314971 0.024799243997168104 0.056284923235610129 0.024064998354265864 0.053774152984662309 -0.025000757086991333 -0.034289134010981139 -0.032986802907963651 0.05773737668035387 0.003266380110258846 -0.023492783004912279 0.04818601997803601 0.0059017605336913088 -0.0085589285531075202 0.0085778255969020858 -0.015726098096221296 0.038698470848964897 -0.0038326100309279488 -0.03883482187617842 0.021015821488101424
leaf_weight=2799.7957338318229 2665.6971383541822 10837.120557367802 455.05201579630375 2342.9784759283066 944.42435632646084 3216.5369515419006 827.70009595155716 13311.713379189372 10118.365793541074 3328.1784492135048 260.5231662094593 298.08007991313934 801.10795615613461 1233.2118864357471 532.1447116881609 387.62481337785721 297.11980272829533 1116.4882822483778 300.42932695150375 35436.301864951849 1940.1411107033491 391.13618004322052 1963.5775020867586 2340.2450082302094 1749.5485050976276 3406.3323821127415 758.76704898476601 4111.6993272304535 888.64500802010298 396.63975071907043
leaf_count=18869 11332 61356 2481 11986 4021 14324 3446 60474 47868 14698 1055 1266 3513 5191 2179 1701 1316 6079 1240 159784 8591 1688 9145 10643 8031 19045 3301 18638 9984 2286
internal_value=-8.30253e-05 0.000609049 -0.00133349 0.00581326 0.00413381 0.00736198 -0.0168183 -0.00496102 -0.00790387 0.00591294 0.0128562 0.0013937 0.0275538 0.00521017 0.0225743 0.0123309 0.00621932 -0.00390177 0.000985265 0.00279421 -0.0170614 0.000898355 0.00729208 0.00413261 -0.0120194 -0.00747903 0.0150428 -0.00102485 -0.0179347 -0.0121242
internal_weight=109457 105372 76731.4 28640.9 25975.2 22507.4 3467.8 40840 27528.3 21563 8501.51 13061.5 4129.29 10823.2 2152.98 1620.84 1124.82 16691.2 10418.8 35891.4 2238.22 8670.26 5453.73 5062.59 6272.37 5155.88 2722.34 4372.22 4085.08 3196.44
internal_count=525531 494392 366358 128034 116702 99954 16748 204093 143619 95933 37904 58029 18211 48172 9071 6892 4762 82263 49108 162265 9857 39101 24777 23089 33155 27076 12446 19693 31139 21155
is_linear=0
shrinkage=0.05


Tree=41
num_leaves=31
num_cat=0
split_feature=5 8 13 0 32 38 7 37 32 32 32 34 25 25 26 13 35 38 26 10 43 26 11 43 43 26 32 25 11 34
split_gain=513.162 668.401 435.661 281.344 280.663 218.197 187.714 174.231 165.972 153.719 148.167 171.292 119.227 118.773 118.197 115.831 113.179 111.144 110.925 251.304 94.4903 94.0347 93.6581 90.4703 89.8402 122.277 86.1495 88.9222 86.0455 117.799
threshold=-0.099426764562551492 0.066120496251270491 0.0093198993877798338 0.083333333333333384 5.5000000000000009 -0.18587352039037427 -0.028429127168848819 -0.07876703632771391 11.500000000000002 8.5000000000000018 10.500000000000002 2.7757039971150994 0.94547931632400306 0.7593171774076054 0.30224480491433509 0.0084126772707364805 -0.0067796610169743579 -0.0649728298930589 0.66277364795744398 0.031625577835981918 1.5000000000000002 0.06056618819776715 0.56217606981522228 1.5000000000000002 3.5000000000000004 0.56967820621071408 1.5000000000000002 0.31988859967153177 0.73303952768025815 3.9070099585665958
decision_type=8 8 10 10 2 10 10 8 2 2 2 2 10 8 10 10 10 10 10 10 2 8 10 2 2 10 2 10 8 2
left_child=5 2 16 6 17 20 7 -3 12 14 -11 -12 21 24 -6 -5 28 26 -7 23 -1 -9 -15 -20 -10 -26 27 -4 29 -2
right_child=1 3 4 15 9 18 -8 8 13 10 11 -13 -14 22 -16 -17 -18 -19 19 -21 -22 -23 -24 -25 25 -27 -28 -29 -30 -31
leaf_value=0.036525125834403968 0.14558649456193842 0.011531445656951293 0.0012367715180780644 0.084377376289098582 -0.0021020594855715945 0.006614713952021233 0.0058511789584565453 -0.021412752431359282 0.0031783374610679059 -0.013807764163855702 0.023634265503767071 -0.0044902798590406882 0.0064511436026674909 -0.032683940453929652 0.014188656760368124 0.018095955731697446 -0.032545980113915234 -0.018185858632549842 0.014725901854141788 0.009259203927156635 0.014011353234677615 -0.0035368443437623007 0.0020884608817370687 -0.0095714337188212498 0.036299282540144438 0.0063857829009476138 -0.0087803710500022614 0.060632933291361449 -0.015375705949043104 -0.0099805580586498719
leaf_weight=656.02679109573364 24.330762006342411 2486.9777341485023 194.40464691072702 68.67644852399826 2541.4937810003757 18353.146000951529 11485.01917360723 751.92729271203279 978.95964395999908 3683.3938901647925 648.3742311000824 3280.8839720413089 3008.9696233719587 229.20752584934235 1981.5633793398738 1638.849588572979 2206.836642973125 5588.2080598771572 417.68503805994987 3966.1434757709503 1609.3359914124012 34058.368085891008 1248.2601242959499 4628.8229220062494 766.85527360439301 616.08049742877483 1995.2824876531959 93.233853809535503 86.194404356181622 24.344475731253624
leaf_count=2855 225 11197 945 293 13431 85209 53004 4095 4566 19985 2848 16209 13284 1088 8859 7049 17837 34364 1824 16645 6602 160221 5271 20604 3228 2553 10377 416 611 159
internal_value=5.8613e-07 -0.00208839 -0.00942326 0.000770506 -0.00703492 0.00561844 0.000156894 -0.00132454 -0.00209203 -0.00226557 -0.00660317 0.000150604 -0.00309759 0.00781313 0.00503495 0.0207618 -0.0298285 -0.0143883 0.00438396 -0.000158705 0.0205311 -0.00392298 -0.00330597 -0.00756041 0.0147686 0.0229732 -0.00509253 0.0204892 0.0146361 0.0677811
internal_weight=109318 79686.7 22348.5 57338.2 20006.8 29631.2 55630.6 44145.6 41658.6 12135.7 7612.65 3929.26 37819.3 3839.36 4523.06 1707.53 2341.71 7871.13 27365.8 9012.65 2265.36 34810.3 1477.47 5046.51 2361.9 1382.94 2282.92 287.639 134.87 48.6752
internal_count=525854 392115 126266 265849 107434 133739 258507 205503 194306 61332 39042 19057 177600 16706 22290 7342 18832 46102 124282 39073 9457 164316 6359 22428 10347 5781 11738 1361 995 384
is_linear=0
shrinkage=0.05


Tree=42
num_leaves=31
num_cat=0
split_feature=5 9 8 19 38 32 32 13 32 34 32 32 34 7 5 32 32 26 32 26 9 9 26 34 32 26 32 32 32 5
split_gain=484.863 492.253 254.117 240.41 195.447 156.462 221.684 194.813 154.649 212.39 185.449 167.791 236.068 177.354 160.927 151.459 140.379 127.643 120.651 162.315 137.814 132.301 107.906 102.242 98.7284 98.0719 96.8109 95.3625 142.944 95.1794
threshold=-0.13924050632911392 0.014839554899208469 0.35363357747649476 -0.060038573639195479 -0.17056237577432135 4.5000000000000009 8.5000000000000018 0.010080235881605315 4.5000000000000009 3.1333155632446723 10.500000000000002 8.5000000000000018 3.5667118416916908 -0.057988086200383641 -0.067669172932327812 1.5000000000000002 10.500000000000002 0.30647658044542103 11.500000000000002 0.4102912486064661 0.019778501738598384 0.036991995284073188 0.25837396217947417 1.2946333325561217 3.5000000000000004 0.62787394291754761 5.5000000000000009 8.5000000000000018 11.500000000000002 -0.043479094627375141
decision_type=8 8 10 10 10 2 2 10 2 2 2 2 2 8 10 2 2 10 2 8 10 10 10 2 2 10 2 2 2 8
left_child=4 3 8 5 -1 -2 17 -8 14 10 23 12 -11 -14 22 -16 -9 -7 21 -20 -21 29 24 -10 -3 26 -5 -28 -29 -13
right_child=1 2 -4 25 -6 6 7 16 9 11 -12 18 13 -15 15 -17 -18 -19 19 20 -22 -23 -24 -25 -26 -27 27 28 -30 -31
leaf_value=0.019143012309426388 -0.021224603993571543 0.0094008024826223932 0.0067073005137076765 -0.0099696619807419957 0.0049976579358635177 -0.0046558039001066585 -0.035027783187059021 -0.020017374402016595 0.058836148655241761 -0.0087257200819124501 0.01616578266167536 -0.00087464719867912924 0.001918084335151259 0.017345069583408035 9.99958967698639e-05 -0.011661862489038527 -3.1177187522388837e-06 0.018340001982805255 0.019945650957129912 -0.038056741619486231 -7.3413713740630546e-05 0.0062862628523313677 0.00041247227578633218 0.0018951750551599164 0.056111019540755536 0.05619027850536689 0.0087536563979548603 -0.013172502762970471 0.014835520771325087 -0.012839695739255363
leaf_weight=2822.5977248996496 3812.9142945185304 340.70992828160524 13093.424110919237 2498.0082315281034 18109.170602843165 3131.0549324676394 1080.0283311754465 1893.2019971013069 79.527598604559898 3297.067108720541 3336.6853571981192 2143.8002879470587 5580.6555857658386 2796.6557877063751 4029.5969102308154 8533.0141816213727 1630.8040380254388 747.51933976262808 974.83934062719345 266.5719728320837 2292.7693257927895 1404.3396966159344 3786.876002445817 9048.6308147609234 169.35569612681866 73.18226595968008 2565.5053874775767 1627.4094084948301 632.65203514695168 7396.9209327846766
leaf_count=11802 26117 1698 56372 16078 80160 16614 9358 11057 372 14405 14546 10138 24649 12014 18780 46200 8378 3379 4346 1287 9901 6042 18800 40174 742 492 12573 9473 3350 36553
internal_value=6.34051e-05 -0.00155911 0.0004419 -0.00852693 0.00690512 -0.0128119 -0.00903037 -0.0164493 -0.0010368 0.000707445 0.00607853 -0.00185242 0.00260768 0.00706818 -0.00503218 -0.00788912 -0.0107554 -0.000223812 -0.00544853 0.00258352 -0.00402962 -0.0080421 0.00332042 0.00239126 0.0249099 -0.00140412 -0.00197964 0.00215648 -0.0053323 -0.0101511
internal_weight=109195 88263.7 68571.4 19692.3 20931.8 12295.5 8482.61 4604.03 55478 38618.5 12464.8 26153.6 11674.4 8377.31 16859.6 12562.6 3524.01 3878.57 14479.2 3534.18 2559.34 10945.1 4296.94 9128.16 510.066 7396.76 7323.58 4825.57 2260.06 9540.72
internal_count=525850 433888 317019 116869 91962 74903 48786 28793 260647 174427 55092 119335 51068 36663 86220 64980 19435 19993 68267 15534 11188 52733 21240 40546 2440 41966 41474 25396 12823 46691
is_linear=0
shrinkage=0.05


Tree=43
num_leaves=31
num_cat=0
split_feature=10 20 32 13 33 33 33 33 33 0 2 33 12 32 32 33 32 33 7 32 33 12 13 33 33 12 33 33 43 33
split_gain=445.442 475.826 305.21 218.942 269.232 438.243 249.611 252.907 269.804 204.637 216.181 197.592 215.742 203.838 252.676 210.511 197.543 186.172 174.506 174.227 163.571 162.603 161.827 159.506 429.398 136.745 136.347 132.351 128.51 304.186
threshold=0.023945848455425137 0.45660976416268534 11.500000000000002 0.029376502857802026 -4280.4999999999991 -4352.4999999999991 -4517.4999999999991 -4852.9999999999991 -4910.4999999999991 0.083333333333333384 -0.10348841603095608 -4133.4999999999991 5.6071428571428585 8.5000000000000018 5.5000000000000009 -4018.4999999999995 10.500000000000002 -4970.4999999999991 -0.17630455898979283 5.5000000000000009 -1498.4999999999998 1.0000000180025095e-35 0.0093198993877798338 -1947.4999999999998 -1767.4999999999998 4.7785714285714347 -1349.4999999999998 -4375.4999999999991 2.5000000000000004 -3885.4999999999995
decision_type=8 10 2 10 2 2 2 2 2 10 8 2 10 2 2 2 2 2 10 2 2 10 8 2 2 10 2 2 2 2
left_child=1 20 3 4 5 6 7 8 -3 10 -2 12 -6 14 18 -16 -15 22 -13 -9 -1 -4 -12 -5 -25 28 -18 -8 29 -23
right_child=9 2 21 23 11 -7 27 19 -10 -11 17 13 -14 16 15 -17 26 -19 -20 -21 -22 25 -24 24 -26 -27 -28 -29 -30 -31
leaf_value=-0.014080478941799736 0.016648417220548519 0.025686055380001006 -0.043441758558396909 -0.0012264448966738388 -0.045167135254301681 0.04860286767526531 -0.025787286982906606 0.042649326901140712 -0.044069271408472457 0.019407339390711296 0.14116147416685446 0.0056517888304727613 0.024039449640018706 -0.022601101587042573 0.06634174920282819 0.00183221477555089 0.00098433481887227089 0.002236330898305037 -0.013828975939895292 0.0015235293531176758 -0.038945995566677077 -0.051622644169153464 -0.0233743406975679 0.043554858567454884 0.0017097741974890415 -0.010484058773572962 -0.05313727682553418 0.016188933420522942 0.024351143547227786 0.017418581287830831
leaf_weight=4215.5699260234833 2586.706464856863 237.65141630172729 128.03982273489237 15204.984059482813 641.91776655614376 530.94354793429375 997.73717919737101 643.94746561348438 332.66808890551329 1857.11219227314 15.19888651371002 1405.1919630020857 136.56909445673227 3519.0528576821089 129.04857541620731 6314.0632955878973 1769.64607758075 52031.267278656363 6319.5472817495465 429.16112540662289 784.45595913380384 204.86447706818581 891.54088121652603 770.57003074139357 2999.4799974039197 496.43061345815659 124.56191636621952 231.32166361808777 2197.086154602468 721.05979998409748
leaf_count=23015 11101 1011 1214 73098 4083 2222 5305 2966 2025 7926 94 6981 810 20583 579 30822 8985 230047 40380 1771 7021 1054 5905 3301 14770 2373 1261 994 9737 3515
internal_value=5.11103e-05 -0.00332535 -0.0017489 -0.0029486 -0.00614652 0.00687041 -0.000843322 0.011903 -0.0150023 0.00308062 0.00253455 -0.00832251 -0.0330263 -0.00734036 -0.00418701 0.00312427 -0.0155935 0.0018449 -0.0102853 0.0262022 -0.0179816 0.011933 -0.0206164 0.00105625 0.0102626 0.013892 -0.00257467 -0.0178869 0.0177668 0.00214293
internal_weight=108867 51485.6 46485.5 42738.1 23763 3403.43 2872.49 1643.43 570.32 57381.8 55524.7 20359.6 778.487 19581.1 14167.9 6443.11 5413.26 52938 7724.74 1073.11 5000.03 3747.48 906.74 18975 3770.05 3619.44 1894.21 1229.06 3123.01 925.924
internal_count=524949 269876 239840 221947 130778 16294 14072 7773 3036 255073 247147 114484 4893 109591 78762 31401 30829 236046 47361 4737 30036 17893 5999 91169 18071 16679 10246 6299 14306 4569
is_linear=0
shrinkage=0.05


Tree=44
num_leaves=31
num_cat=0
split_feature=10 5 38 10 32 38 20 7 34 10 26 10 5 28 34 37 25 43 36 43 32 38 43 10 10 43 32 12 35 28
split_gain=446.006 332.949 397.861 265.005 254.126 186.813 175.325 163.191 152.904 135.317 115.738 199.289 115.35 110.32 253.697 133.159 106.768 101.602 88.3677 87.0061 153.787 85.5031 85.2882 90.3057 83.4293 81.8272 188.319 77.7425 75.5741 75.3994
threshold=0.0089332508102177039 -0.10971607702642187 0.026756108535256676 0.029418873499362522 5.5000000000000009 -0.17056237577432135 0.34865071668092434 -1.0000000180025095e-35 2.8819995744167968 0.019820973663005673 0.66710296684118686 0.031625577835981918 -0.0046592004226667086 0.28373396469204798 5.9114739122436086 -0.075047393960802719 0.5128440799396683 1.5000000000000002 0.999589153656532 3.5000000000000004 10.500000000000002 0.00075422088226073669 1.5000000000000002 0.043828588141592593 0.044413701747699777 1.5000000000000002 3.5000000000000004 0.21428571428571447 0.089552238805848075 0.034083518197862255
decision_type=8 8 10 8 2 10 10 10 2 10 10 10 10 8 2 10 10 2 2 2 2 10 2 10 8 2 2 10 8 10
left_child=16 5 3 4 9 22 -6 -4 19 25 -7 17 -10 15 -15 24 -1 -12 -9 29 -21 -14 -2 -24 -5 26 -3 -11 -26 -8
right_child=1 2 7 13 6 10 8 18 12 27 11 -13 21 14 -16 -17 -18 -19 -20 20 -22 -23 23 -25 28 -27 -28 -29 -30 -31
leaf_value=-0.012946741504305881 0.030755671839323435 -0.024662556018767042 0.0014282036445987236 0.0038950347117266849 -0.020397567755138013 0.0061398221049259547 -0.0065009638510135697 0.0085642337467819289 -0.00032645419470380403 -0.042995855266960675 0.017378824577081505 0.0075664073405704874 -0.013900333891594958 -0.027377264890494319 0.13742038801541026 -0.00040859335058525615 -0.036917082347666989 -0.010634405251761668 0.028207847475223632 0.0060604789392285797 0.036503615100983974 -0.0021844137062928277 0.008517403138683842 0.04394178384507675 0.017082452739917819 -0.019298294501072854 0.033689457660302985 -0.0062499379108672199 0.066446469012433715 0.027082459718063612
leaf_weight=983.34734635800123 818.71939280629158 318.18185620009899 27398.791253052652 1835.8242127746344 1377.4334443807602 16291.620624318719 1428.0721059516072 4775.3856248185039 8033.6467439904809 147.36779692769051 352.03996807336807 3553.3498856425285 3947.1678416207433 537.92084650695324 24.413440048694611 10450.297268584371 880.53101982176304 4018.1298532634974 650.51001212000847 2044.3360425904393 520.45152536034584 2572.0479170456529 1948.4172063916922 198.20998647809029 1426.7195205688477 5653.5891849696636 244.53138667345047 6187.5017160326242 81.989663138985634 189.28372272104025
leaf_count=8210 3596 2067 123782 7889 8231 74835 6964 21328 40320 867 1527 14896 20189 3605 141 46731 8910 17866 2833 9432 2210 12706 8021 807 6420 36094 1084 33067 348 850
internal_value=-2.24041e-05 0.000399886 -0.00122723 -0.00417617 -0.00666476 0.0051797 -0.00318081 0.00299708 -0.001915 -0.0122476 0.00372913 -0.00122752 -0.00433647 0.00148557 -0.0202227 0.00237049 -0.0242708 -0.00837779 0.0109193 0.00651112 0.0122381 -0.00927801 0.0170251 0.0117883 0.011054 -0.0174885 0.000694762 -0.00710476 0.0197651 -0.0025706
internal_weight=108890 107026 79845.5 47020.8 32663.6 27180.5 20112.4 32824.7 18735 12551.2 24215.1 7923.52 14552.9 14357.2 562.334 13794.8 1863.88 4370.17 5425.9 4182.14 2564.79 6519.22 2965.35 2146.63 3344.53 6216.3 562.713 6334.87 1508.71 1617.36
internal_count=525826 508706 387158 239215 174081 121548 100902 147943 92671 73179 109124 34289 73215 65134 3746 61388 17120 19393 24161 19456 11642 32895 12424 8828 14657 39245 3151 33934 6768 7814
is_linear=0
shrinkage=0.05


Tree=45
num_leaves=31
num_cat=0
split_feature=10 3 19 33 33 33 33 33 33 32 33 33 13 33 33 33 32 32 33 33 33 34 33 13 33 33 11 33 26 34
split_gain=386.633 314.794 285.665 310.698 282.571 398.61 376.386 294.54 276.18 252.296 223.301 423.78 205.605 196.135 216.301 291.125 220.081 611.875 428.411 376.452 618.788 226.94 219.939 199.802 292.788 235.059 233.354 195.874 194.209 190.164
threshold=0.0089332508102177039 -0.1220141603727679 -0.20403732458653182 -4550.4999999999991 -2389.4999999999995 -2163.4999999999995 -2726.4999999999995 -2798.4999999999995 -4852.9999999999991 4.5000000000000009 -2220.4999999999995 -2338.4999999999995 0.039033802157391599 -4392.4999999999991 -4303.4999999999991 -4098.4999999999991 10.500000000000002 8.5000000000000018 -3180.4999999999995 -2810.4999999999995 -2443.4999999999995 3.8928396664555511 -3869.4999999999995 0.0060608945017545995 -2061.4999999999995 -2037.4999999999998 1.0971540906474233 -4352.4999999999991 0.69027710031821254 3.3551519202956919
decision_type=8 8 8 2 2 2 2 2 2 2 2 2 10 2 2 2 2 2 2 2 2 2 2 10 2 2 10 2 8 2
left_child=-1 -2 3 8 6 10 7 -4 -3 -5 11 -6 -10 -11 27 -16 17 -17 21 -20 -21 22 -18 -22 -25 -26 -27 -15 -19 -9
right_child=1 2 4 9 5 -7 -8 29 12 13 -12 -13 -14 14 15 16 18 28 19 20 23 -23 -24 24 25 26 -28 -29 -30 -31
leaf_value=-0.022834202072529286 0.012526540194340569 -0.0088478779209824072 0.00090111562938307026 -0.0093250752938196704 0.036474590363583782 0.0049017279663520173 -0.014479791795156408 0.046937483758741468 0.025810110695738769 -0.024651315200010033 0.04805818555570554 -0.021996904694479451 0.0024518485520814938 -0.0015074379844256655 -0.02301973730601569 0.0029485757377702444 0.005081665903172188 -0.019276908463284538 -0.028126430775682984 0.040416036019830175 -0.031133248318007036 0.0030760779418389991 0.051507485022987187 -0.018189115159836091 0.046661535335018385 0.014953082496775631 -0.022149607574866698 0.040104559771555401 -0.0027374618966344768 0.0082478919659655144
leaf_weight=1832.5580328479409 5039.493760406971 1598.3679515644908 26901.372766003013 15163.248760223389 856.96268882602453 12273.060087837279 3939.8490666970611 570.12405689060688 2214.472907781601 898.33944001793861 852.057158857584 485.39986508339643 1639.6241761893034 535.22730205953121 1529.893999889493 14557.394529797137 349.73414839804173 5665.4023043885827 1003.3091273754835 1013.7392447590828 550.18399607390165 669.25642721354961 942.85380388796329 1292.173613846302 392.46769453585148 1503.5142847374082 590.11430453509092 599.62570391595364 2584.5704548805952 717.0474711805582
leaf_count=17118 21857 8457 126174 81790 3747 57500 19098 2450 9158 4257 3929 2557 6717 2297 7231 65642 1531 30694 4895 4243 3727 2917 3939 5729 1656 6655 2643 2453 11637 3134
internal_value=-6.22341e-05 0.000328034 -0.000275309 -0.00270567 0.00260871 0.00841111 -4.12806e-06 0.0020191 0.00862614 -0.00394534 0.0280386 0.0153312 0.015873 -0.00159299 -0.00097977 -0.00172577 -0.000678755 -0.00321664 0.00628886 -2.46118e-05 0.00525315 0.0267095 0.0389461 -0.00298213 0.00111718 0.0111518 0.00449524 0.0204792 -0.0140954 0.0253846
internal_weight=108761 106929 101889 55293.5 46595.9 14467.5 32128.4 28188.5 5452.47 49841 2194.42 1342.36 3854.1 34677.8 33779.5 32644.6 31114.7 22807.4 8307.35 6345.5 5342.19 1961.84 1292.59 4328.45 3778.27 2486.1 2093.63 1134.85 8249.97 1287.17
internal_count=525832 508714 486857 268268 218589 67733 150856 131758 24332 243936 10233 6304 15875 162146 157889 153139 145908 107973 37935 29548 24653 8387 5470 20410 16683 10954 9298 4750 42331 5584
is_linear=0
shrinkage=0.05


Tree=46
num_leaves=31
num_cat=0
split_feature=7 37 13 33 33 33 33 32 33 0 33 33 33 33 28 12 33 33 33 12 34 33 33 33 5 5 33 33 32 33
split_gain=352.057 441.139 319.319 295.6 526.298 384.824 289.504 275.29 261.173 235.48 191.739 299.489 476.625 267.83 188.915 187.586 175.125 579.299 460.254 388.73 336.055 248.784 230.008 319.354 293.734 228.404 219.955 318.148 215 203.05
threshold=-0.18703653408976603 0.0049495302494584345 0.0018217375844493638 -4532.4999999999991 -4116.4999999999991 -4067.4999999999995 -1307.4999999999998 4.5000000000000009 -1422.4999999999998 0.072555205047319507 -1947.4999999999998 -2338.4999999999995 -2374.4999999999995 -1641.4999999999998 0.018080477903643883 0.95714285714285785 -3650.4999999999995 -3465.4999999999995 -3510.4999999999995 1.0357142857142871 4.158101222371581 -2374.4999999999995 -1767.4999999999998 -1933.4999999999998 -0.043479094627375141 0.11133733214445264 -2726.4999999999995 -2782.4999999999995 8.5000000000000018 -2739.4999999999995
decision_type=8 8 10 2 2 2 2 2 2 10 2 2 2 2 10 10 2 2 2 10 2 2 2 2 8 10 2 2 2 2
left_child=3 2 -2 14 -5 -6 7 10 -7 16 11 12 15 -12 -1 -4 20 18 -18 -20 -3 26 23 24 -23 -25 27 -19 -22 -29
right_child=1 9 6 4 5 8 -8 -9 -10 -11 13 -13 -14 -15 -16 -17 17 21 19 -21 28 22 -24 25 -26 -27 -28 29 -30 -31
leaf_value=0.027458967211288429 -0.026097492454709784 -0.010304776015473398 -0.022389913312794222 -0.015024403451145764 0.039151400017527233 0.0056105161894887713 0.061169746388898952 -0.0019015523683223183 -0.021190844954734524 0.018202849332284523 0.035860903203218726 -0.038990955630732987 0.047904828940220523 -0.0069887817279236444 0.002933670885920091 -0.0071938123260274671 0.010774759887281212 -0.0043773244756276008 0.084284757116986048 0.019543054179590666 0.014614013396770462 0.03102886991092187 -0.0028669447456229529 0.041074720865525896 -0.0039098067349688402 0.01265655813098795 -0.017500022112633708 0.045496075717329151 -0.0095693759264360891 -0.0026653657479407426
leaf_weight=2160.8819292485714 1782.7453844919801 7496.8536295518279 3361.3114777654409 3550.126623056829 828.25114507973194 20355.312062576413 167.3355533182621 26541.569399356842 951.47028883546591 2132.1468097269535 472.73713119328022 1064.2371792346239 331.49100898206234 1595.2976292446256 1233.3547146916389 5130.7203291207552 1949.6603918969631 6920.5581421032548 488.03553380072117 441.70112346112728 2997.6664996296167 733.88810029625893 4654.6376344710588 1176.7142751812935 3336.3186472728848 1771.476921543479 2592.1942017152905 566.06803836673498 1325.4274207577109 356.78659241646528
leaf_count=9204 15079 34649 20387 16946 3541 88266 1210 130329 4413 9182 2413 6109 1523 9520 5147 29707 8633 33406 2173 1920 13826 3336 22809 5259 15252 7816 12841 2460 6388 1634
internal_value=-2.69061e-05 -0.00175093 -0.00540802 0.00467973 0.00284717 0.0057135 -0.00445407 -0.00473931 0.00441368 0.00204771 -0.0110391 -0.0139349 -0.0109127 0.00280633 0.0185473 -0.0132087 0.00111191 0.00348391 0.0245792 0.0535271 -0.00390264 0.000736486 0.00575144 0.0114672 0.00238989 0.0239991 -0.00487313 -0.00070003 0.00719957 0.0268763
internal_weight=108467 79387.6 40447.4 29079.4 25685.2 22135 38664.7 38497.4 21306.8 38940.1 11955.8 9887.76 8823.52 2068.03 3394.24 8492.03 36808 24988 2879.4 929.737 11819.9 22108.6 11673 7018.4 4070.21 2948.19 10435.6 7843.41 4323.09 922.855
internal_count=525378 397861 216277 127517 113166 96220 201198 199988 92679 181584 69659 57726 51617 11933 14351 50094 172402 117539 12726 4093 54863 104813 54472 31663 18588 13075 50341 37500 20214 4094
is_linear=0
shrinkage=0.05


Tree=47
num_leaves=31
num_cat=0
split_feature=5 8 13 33 33 33 33 43 33 33 43 34 33 43 32 32 33 25 32 33 33 33 43 32 33 32 13 33 43 11
split_gain=374.244 485.077 288.658 283.113 680.134 279.281 808.221 505.144 445.112 436.768 366.744 305.357 252.797 353.319 242.248 230.514 217.488 249.809 216.892 254.079 302.569 330.367 216.627 233.725 470.918 218.087 214.4 210.238 202.559 196.939
threshold=-0.084302325581394985 0.066120496251270491 0.0084126772707364805 -4517.4999999999991 -4410.4999999999991 -2374.4999999999995 -1767.4999999999998 1.5000000000000002 -2599.4999999999995 -2966.4999999999995 1.5000000000000002 2.0346842756905814 -3152.4999999999995 2.5000000000000004 10.500000000000002 3.5000000000000004 -4852.9999999999991 0.96816131375762404 5.5000000000000009 -4280.4999999999991 -3900.4999999999995 -3304.4999999999995 3.5000000000000004 3.5000000000000004 -2338.4999999999995 7.5000000000000009 0.018314970054466657 -4375.4999999999991 3.5000000000000004 1.0731985109181943
decision_type=8 8 10 2 2 2 2 2 2 2 2 2 2 2 2 2 2 8 2 2 2 2 2 2 2 2 10 2 2 10
left_child=3 2 -2 -1 -5 7 10 -6 9 12 -7 14 -9 -14 -11 -13 -3 -18 -4 27 -21 -22 -12 24 -24 -25 -8 -20 29 -28
right_child=1 16 18 4 5 6 26 8 -10 11 22 15 13 -15 -16 -17 17 -19 19 20 21 -23 23 25 -26 -27 28 -29 -30 -31
leaf_value=0.018971037376121526 -0.027344312622789965 -0.014142072141978632 -0.013696289822712244 -0.034432193406378035 0.03601705008514465 -0.0085931309020814799 -0.029123048331601821 0.00085526823821389919 -0.018689832207107626 -0.049771400544642505 0.044372352434132796 -0.015198236473896932 -0.00065419865024433715 -0.045186774535144136 0.062008149176521837 0.025237180328183163 0.00016472112777494755 0.012636474475249286 0.0021496050710145521 -0.028815223774084433 0.016365608603452243 -0.0072941327210489576 0.049278586839127503 0.051166033327248187 -0.043436971337340965 0.01094942976388847 0.017891467317282191 0.041935389027164899 -0.013017759519750463 -0.0099613116890173176
leaf_weight=3074.6779290288687 1864.3580385223031 2418.2427013888955 6762.7276299744844 1163.9294447079301 981.45813185721636 624.93528757989407 639.75642022490501 9530.9907249137759 2922.5221006721258 267.64652121067047 1960.2617826536298 394.80529496073723 1055.0933100730181 770.78203839808702 59.189469113945961 3286.4726519286633 48871.540105432272 4374.4604905322194 854.77274790406227 1189.3913097828627 1915.5743410363793 6421.1544727608562 229.2053012996912 709.8013901412487 340.28254230320454 642.00135111808777 2074.7715309560299 542.96053870022297 1525.9022793471813 914.33925577998161
leaf_count=13231 16645 13974 41238 5825 4407 2685 4066 43802 13270 1143 8869 1906 5585 3774 248 14268 226876 18830 3620 6169 9356 34852 977 3264 1588 2772 9147 2286 7046 4051
internal_value=9.47094e-05 -0.00185638 -0.00863166 0.00451909 0.00304256 0.00455025 0.0114881 0.00107167 -0.000803786 0.00259826 0.0269551 0.0167885 -0.00240981 -0.0194534 -0.0295283 0.0209006 0.000523298 0.00118935 -0.00665914 -0.00230259 -0.00522351 -0.00185771 0.0326784 0.0207472 -0.00612117 0.0320663 -0.00203361 0.0176047 0.00180484 0.00937158
internal_weight=108384 75215.2 19550.9 33168.8 30094.1 28930.2 9661.26 19269 18287.5 15365 4506.49 4008.11 11356.9 1825.88 326.836 3681.28 55664.2 53246 17686.6 10923.9 9526.12 8336.73 3881.55 1921.29 569.488 1351.8 5154.77 1397.73 4515.01 2989.11
internal_count=525770 373846 114166 151924 138693 132868 44465 88403 83996 70726 20155 17565 53161 9359 1391 16174 259680 245706 97521 56283 50377 44208 17470 8601 2565 6036 24310 5906 20244 13198
is_linear=0
shrinkage=0.05


Tree=48
num_leaves=31
num_cat=0
split_feature=10 2 32 33 33 34 34 33 32 33 33 33 33 33 33 33 33 13 34 33 11 33 10 33 33 32 28 33 32 34
split_gain=326.884 257.388 245.732 215.117 286.81 309.603 214.502 216.285 203.701 246.074 218.37 285.469 208.359 468.369 351.672 200.43 976.138 428.167 425.797 329.358 287.381 423.401 533.076 365.772 358.357 424.513 304.005 272.836 264.642 299.115
threshold=0.011640203580476698 -0.095022624434389288 3.5000000000000004 -1757.4999999999998 -1864.4999999999998 3.623005818698426 6.3788505382161729 -3479.4999999999995 1.5000000000000002 -4874.4999999999991 -4550.4999999999991 -3852.4999999999995 -2023.4999999999998 -2374.4999999999995 -1653.4999999999998 -1767.4999999999998 -2061.4999999999995 0.015745510289094159 2.519889237999525 -1688.4999999999998 0.36842891971182673 -2599.4999999999995 0.025059439308113576 -2220.4999999999995 -2798.4999999999995 10.500000000000002 -0.11979236824000776 -2123.4999999999995 6.5000000000000009 3.7875922857682265
decision_type=8 10 2 2 2 2 2 2 2 2 2 2 2 2 2 2 2 10 2 2 8 2 8 2 2 2 8 2 2 2
left_child=3 -2 6 4 5 -1 8 -8 10 -10 -3 -12 13 -13 -14 16 20 -17 -18 -19 -4 24 -23 -24 26 -26 -22 -25 -21 -30
right_child=1 2 15 -5 -6 -7 7 -9 9 -11 11 12 14 -15 -16 17 18 19 -20 28 21 22 23 27 25 -27 -28 -29 29 -31
leaf_value=0.013138214544967015 0.012725479383670286 0.01792466680284812 0.027762006745411235 -0.033577274987042924 0.049615097625146778 -0.019590149116905448 0.062904154733023507 0.0042842979234513079 -0.042932044350854577 -0.00798270873509478 -0.030521587946646063 -0.0010088919759991223 -0.03867211415247384 0.040531045577459929 0.0024571624133189092 -0.034004834489672758 0.056515881884161845 -0.016826318814043725 0.01650299123865195 -0.0087234071852319919 0.029148131091441265 -0.022791462808942328 -0.01098015079345516 0.025036516459402039 0.00073964538572353139 0.03717652270925164 0.00034765257064350218 -0.0056397053390996885 -0.0024311493871483386 0.022185152245353956
leaf_weight=995.12860354036093 4217.1365654990077 1480.3647213727236 954.4863683283329 981.65657668188214 208.93670333921909 2638.5060754045844 224.74007003009319 524.79304283857346 525.16088217496872 12295.672607913613 841.87962141633034 3796.2318889200687 803.45387703180313 826.26637651026249 1471.7558016553521 1119.523703828454 756.79922397434711 2601.0139166265726 5474.0790926814079 2737.0317208841443 936.21882490813732 4189.4278645664454 3476.2294225096703 1817.2534618973732 1659.8194835111499 1542.0052044689655 42993.972562357783 1205.7680323272943 2322.7026119083166 2632.9052789136767
leaf_count=5912 18651 6168 4625 11601 1043 18789 1159 2729 3199 69939 4480 18231 3892 3475 7127 7600 3510 12399 23721 12857 4329 21354 15368 7957 7746 6435 194300 5060 10534 11882
internal_value=3.40224e-05 0.000627424 0.000113168 -0.0126879 -0.00735135 -0.010627 -0.00444353 0.0218609 -0.00533805 -0.00941429 0.000330162 -0.00303517 0.000319604 0.00641633 -0.012067 0.0014721 0.00254504 -0.00463906 0.0213629 -0.00144528 0.000550119 0.000100913 -0.00888372 8.12396e-05 0.00213846 0.0182877 0.000961434 0.0128009 0.00375532 0.0106474
internal_weight=108251 103427 99209.6 4824.23 3842.57 3633.63 22790.3 749.533 22040.8 12820.8 9219.95 7739.59 6897.71 4622.5 2275.21 76419.2 65006.1 11413.2 6230.88 10293.7 58775.2 57820.7 10688.7 6499.25 47132 3201.82 43930.2 3023.02 7692.64 4955.61
internal_count=526072 488727 470076 37345 25744 24701 120399 3888 116511 73138 43373 37205 32725 21706 11019 349677 294405 55272 27231 47672 267174 262549 49739 28385 212810 14181 198629 13017 35273 22416
is_linear=0
shrinkage=0.05


Tree=49
num_leaves=31
num_cat=0
split_feature=10 37 0 20 33 33 33 33 33 33 7 13 32 33 33 33 34 10 34 33 33 34 33 33 34 33 33 33 33 32
split_gain=315.682 255.073 239.763 203.165 213.52 972.286 809.541 525.013 529.25 621.524 334.74 318.114 312.669 276.378 264.651 262.413 405.996 257.58 223.577 215.953 235.938 214.055 209.207 1262.72 614.923 561.509 558.61 506.068 658.444 496.406
threshold=0.0089332508102177039 -0.075047393960802719 0.083333333333333384 0.15327416099367835 -2389.4999999999995 -2726.4999999999995 -2782.4999999999995 -1767.4999999999998 -1933.4999999999998 -2149.4999999999995 -0.12898928868128726 0.018314970054466657 1.5000000000000002 -2739.4999999999995 -1454.4999999999998 -1892.4999999999998 4.7427557540103971 0.033755112080869766 3.7530265867549524 -2205.4999999999995 -2338.4999999999995 4.078384184158887 -3636.4999999999995 -3465.4999999999995 3.9308442781404018 -3538.4999999999995 -4280.4999999999991 -4375.4999999999991 -4501.4999999999991 11.500000000000002
decision_type=8 8 10 8 2 2 2 2 2 2 8 8 2 2 2 2 2 10 2 2 2 2 2 2 2 2 2 2 2 2
left_child=-1 -2 3 -3 5 6 22 8 9 10 -6 -9 -11 -8 -13 16 -10 -17 -16 20 -12 -14 26 24 25 -24 27 28 -5 -25
right_child=1 2 -4 4 7 -7 13 11 15 12 19 14 21 -15 18 17 -18 -19 -20 -21 -22 -23 23 29 -26 -27 -28 -29 -30 -31
leaf_value=-0.021182150137185898 0.0081138460627737038 -0.019663251279716361 0.016900072487711644 0.004811708189591494 0.030348838411304587 -0.017896321323924779 0.045540658976188697 -0.026133518324981061 0.05929719444919223 -0.037081930055714883 0.009581329118465147 -0.0057863564794651458 0.0035150520325351684 -0.0010754639066626619 -0.0045056686982514081 0.027172095417082615 -0.031351265622697751 -0.00031962767477205519 0.022580812957888271 0.024429087875436642 -0.033651084318405293 -0.019075761096809148 0.019365941975422393 -0.0014601769328660185 -0.00030850157512236134 0.060982132155704499 -0.010037957253821922 0.024261657336912226 -0.022771333928280034 -0.041961006331267592
leaf_weight=1731.2229835130274 9603.5106085911393 1404.445756085217 1955.4528860002756 11152.125664018095 2348.6654865145683 8457.291686013341 1294.974344715476 1455.419244505465 854.28937459737062 769.14110092818737 701.82670067250729 8871.4260007366538 3688.8755194321275 421.43633218854666 1319.0057762116194 2375.3618227690458 144.39977227896452 1328.5527400672436 1803.5162870585918 717.63200823962688 573.44595776498318 1465.0179725140333 1828.7800764143467 16953.296774014831 1560.6733871400356 1455.7341769486666 15883.732429675758 2415.9909702539444 2684.3731571137905 791.91120180487633
leaf_count=16969 42638 8092 8400 51758 10872 42541 5541 10115 3895 3890 3242 43055 17021 1920 6367 10387 684 6003 8384 3135 3214 7199 8025 84502 7219 6265 77252 10079 13395 3838
internal_value=-2.95495e-06 0.000342038 -0.000429985 -0.000787751 -0.00050367 -0.00208627 0.000282668 0.00311082 0.00955325 0.00318928 0.0175599 -0.00405867 -0.00734437 0.0340948 -0.00137998 0.0234442 0.0461904 0.0173111 0.011139 0.00248805 -0.00985879 -0.00290649 -0.000777795 0.00290938 0.0255322 0.0378107 -0.00336973 0.00314721 -0.000539586 -0.0032676
internal_weight=108012 106280 96676.8 94721.3 93316.9 64900.3 56443 28416.6 14967.2 10264.6 4341.57 13449.4 5923.03 1716.41 11993.9 4702.6 998.689 3703.91 3122.52 1992.9 1275.27 5153.89 54726.6 22590.4 4845.19 3284.51 32136.2 16252.5 13836.5 17745.2
internal_count=525897 508928 466290 457890 449798 312335 269794 137463 69542 48573 20463 67921 28110 7461 57806 20969 4579 16390 14751 9591 6456 24220 262333 109849 21509 14290 152484 75232 65153 88340
is_linear=0
shrinkage=0.05


Tree=50
num_leaves=31
num_cat=0
split_feature=38 10 32 33 33 33 12 33 33 33 33 38 33 33 28 33 32 32 12 28 12 28 5 33 33 33 33 33 33 33
split_gain=313.618 274.633 261.176 263.568 194.864 725.093 321.002 297.97 275.144 277.993 358.798 254.373 252.667 356.08 299.96 242.231 251.491 235.645 218.485 207.467 188.204 184.762 184.755 209.498 348.654 271.483 411.398 238.239 183.624 175.092
threshold=-0.094202898550796541 0.017423356916213339 5.5000000000000009 -1401.4999999999998 -3650.4999999999995 -3437.4999999999995 2.2500000000000022 -3552.4999999999995 -4303.4999999999991 -4375.4999999999991 -4481.4999999999991 0.19047619047610889 -4180.4999999999991 -3997.4999999999995 0.098527772283736478 -4852.9999999999991 1.5000000000000002 10.500000000000002 2.492857142857146 0.031655404913169184 2.6357142857142883 0.12692645817359899 -0.060462507662810576 -1608.4999999999998 -2374.4999999999995 -2739.4999999999995 -2966.4999999999995 -3152.4999999999995 -4681.4999999999991 -4641.4999999999991
decision_type=8 8 2 2 2 2 8 2 2 2 2 8 2 2 10 2 2 2 8 10 10 10 8 2 2 2 2 2 2 2
left_child=-1 2 -2 -4 8 6 7 -6 9 10 15 22 -10 14 18 16 20 -15 -14 -17 -3 -9 23 24 25 26 27 -7 -21 -30
right_child=1 4 3 -5 5 11 -8 21 12 -11 -12 -13 13 17 -16 19 -18 -19 -20 28 -22 -23 -24 -25 -26 -27 -28 -29 29 -31
leaf_value=0.0065180897110620854 -0.013974952507764283 0.026990803868009873 -0.00025492203450702932 -0.032095337379682884 0.011740200131382869 0.013659837704096893 -0.00055682629830153686 0.051797751751738952 -0.023540061274113393 0.023062437220752918 -0.024452790209442406 0.010928117456259831 0.0045852995239851297 -0.016337985803348255 -0.031978248040718311 0.016711409917152895 -0.018717818013565254 0.01000294901162044 0.034663373996654562 0.010609653936100165 -0.043662513182288601 0.016403233257325126 -0.0036509199893046528 -0.01041854697090526 0.01718300401870301 -0.013122324843127557 0.026920807472919108 -0.024618791322215124 -0.035963900102485562 -0.0024487709222338287
leaf_weight=15579.397013142705 7199.6190132796764 593.36628551781178 11772.344910137355 687.92186020314693 1369.9518335014582 693.78750568628311 1222.4769335538149 1384.8678390234709 2348.0736807584763 1360.923687055707 1411.605617582798 4859.9627548605204 1845.4008921533823 5261.6846850812435 398.89773066341877 3218.915852651 2110.0296899825335 1012.4258228391409 897.33742420375347 2067.0778688788414 112.05464349687099 502.48782552778721 25632.838145412505 2159.4165576994419 4497.1065673232079 2663.129469268024 1558.9497706741095 981.57362034916878 505.61092956364155 1699.7998701334
leaf_count=68304 48982 2468 62038 8212 5829 3203 5322 6122 11325 5539 6680 21134 8530 25161 1650 14193 12950 4214 4081 8389 466 2188 123357 10423 20673 12561 6657 4903 2108 7506
internal_value=-4.23744e-05 -0.00115297 -0.00639345 -0.00201281 0.000270647 0.00214647 0.0212908 0.0294903 -0.00331792 0.00167238 -0.000811759 0.000154163 -0.00886629 -0.00520699 0.0085339 0.00242607 -0.0100774 -0.0120875 0.0144259 0.00712516 0.0157677 0.0423743 -0.00121702 0.00375255 0.00669653 -0.00129995 0.00843458 -0.00876714 -9.71754e-05 -0.0101324
internal_weight=107609 92029.6 19659.9 12460.3 72369.8 47526.5 4479.78 3257.31 24843.2 13079.4 11718.5 43046.8 11763.8 9415.75 3141.64 10306.9 2815.45 6274.11 2742.74 7491.4 705.421 1887.36 38186.8 12554 10394.5 5897.44 3234.31 1675.36 4272.49 2205.41
internal_count=525168 456864 119232 70250 337632 222372 19461 14139 115260 60299 54760 202911 54961 43636 14261 48080 15884 29375 12611 32196 2934 8310 181777 58420 47997 27324 14763 8106 18003 9614
is_linear=0
shrinkage=0.05


Tree=51
num_leaves=31
num_cat=0
split_feature=5 38 13 33 33 33 33 33 33 33 33 33 33 43 33 33 12 12 38 33 33 33 33 33 33 43 13 37 43 33
split_gain=286.683 447.633 277.217 263.848 745.318 336.786 371.06 353.077 301.231 288.119 264.938 273.622 245.681 354.463 285.487 231.002 296.223 224.522 202.258 200.42 190.742 187.353 181.99 491.41 419.891 369.942 231.603 166.301 216.099 212.672
threshold=-0.072164948453607478 0.0037918590580749982 0.030467387167463732 -2374.4999999999995 -1767.4999999999998 -1933.4999999999998 -2338.4999999999995 -2220.4999999999995 -2528.4999999999995 -2163.4999999999995 -2966.4999999999995 -2739.4999999999995 -3285.4999999999995 3.5000000000000004 -3332.4999999999995 -2810.4999999999995 0.35714285714285693 4.7785714285714347 -0.079382699224617312 -2641.4999999999995 -4532.4999999999991 -4874.4999999999991 -4550.4999999999991 -4410.4999999999991 -4852.9999999999991 1.5000000000000002 0.029686427207101223 -0.017857142857213234 3.5000000000000004 -1688.4999999999998
decision_type=10 10 10 2 2 2 2 2 2 2 2 2 2 2 2 2 8 10 10 2 2 2 2 2 2 2 8 10 2 2
left_child=3 2 20 8 5 6 17 -8 10 -9 12 15 14 -14 22 16 -12 -5 19 -13 -2 -3 24 -24 26 -25 -1 28 29 -6
right_child=1 21 -4 4 27 -7 7 9 -10 -11 11 18 13 -15 -16 -17 -18 -19 -20 -21 -22 -23 23 25 -26 -27 -28 -29 -30 -31
leaf_value=0.010049983313855043 0.009996188452230239 -0.033598350103574086 -0.0015294543698605681 0.072679133486758779 -0.019622592554156153 0.048088690020793523 -0.019041557914185239 0.040166097556061604 -0.014691331478678052 0.0062750742758404966 -0.037925840443091191 -0.013054009089961537 -0.00024137213313738684 -0.037447075148555851 0.039838785550644351 0.041943841855115557 0.020219815338579333 0.00049909382523368948 -0.012753259519397582 0.030859519395862501 -0.012903809916162285 0.0016602678537505498 -0.031807837384150252 0.046127048988281585 0.022804267259984162 -0.00095205121612348368 -0.019293338342599692 -0.01161339658986899 -0.019039271448046863 0.01947183788577907
leaf_weight=1286.733091942966 970.9283380061388 380.37512598931789 13043.092794395983 425.13689658045769 422.30053709447384 1118.2256238013506 768.47586077451706 1027.0263250619173 2841.7950042784214 1610.4767629355192 253.25859263539314 396.83194893598557 1719.8764750212431 1019.7201738655567 485.13593503087759 1018.7187808081508 1621.1661099269986 144.30683371424675 1368.1110708937049 752.58812971413136 14329.617577925324 39683.849089745432 1280.0023683831096 435.83134926110506 2627.2500546574593 9797.6574295312166 1408.6119766160846 2651.0889746583998 697.61519968509674 1973.8305947780609
leaf_count=6299 4421 2308 62113 1793 1816 5098 3455 5012 13004 7178 1091 1774 9068 5115 2118 4289 6952 603 6865 3213 87849 185064 6586 2007 11074 45346 8363 13226 3362 9367
internal_value=-0.000123577 -0.00207643 -0.00688514 0.00328854 0.00992264 0.0238472 0.0170284 0.0107824 0.000748969 0.019472 0.00247161 0.0122905 -0.000176686 -0.0140899 0.00202389 0.0227792 0.0123636 0.0543875 0.000236893 0.0156986 -0.0114506 0.00132552 0.000934241 -0.00260029 0.0085799 0.00105299 -0.0052851 -0.00242353 0.00545145 0.0125817
internal_weight=107560 68407.9 28343.6 39151.8 10838.5 5093.65 3975.42 3405.98 28313.3 2637.5 25471.5 5410.67 20060.8 2739.6 17321.2 2893.14 1874.42 569.444 2517.53 1149.42 15300.5 40064.2 16836.1 11513.5 5322.6 10233.5 2695.35 5744.84 3093.75 2396.13
internal_count=525829 341755 154383 184074 50910 23139 18041 15645 133164 12190 120160 24184 95976 14183 81793 12332 8043 2396 11852 4987 92270 187372 79675 53939 25736 47353 14662 27771 14545 11183
is_linear=0
shrinkage=0.05


Tree=52
num_leaves=31
num_cat=0
split_feature=10 5 19 33 33 33 33 12 33 33 13 33 32 12 33 33 32 33 33 32 33 33 33 33 33 33 28 33 33 34
split_gain=284.305 261.549 215.445 208.209 300.86 270.173 206.026 183.983 177.407 246.128 215.206 195.261 202.793 201.876 269.029 244.381 199.876 302.117 246.139 221.68 309.56 298.858 257.72 410.114 357.674 179.368 174.186 182.964 173.799 168.412
threshold=0.0092988685928697846 -0.26493950320179199 -0.20403732458653182 -2389.4999999999995 -2163.4999999999995 -2726.4999999999995 -2798.4999999999995 5.7428571428571473 -4550.4999999999991 -4852.9999999999991 0.033860143857219804 -1608.4999999999998 5.5000000000000009 2.800000000000002 -4517.4999999999991 -4133.4999999999991 8.5000000000000018 -2205.4999999999995 -2882.4999999999995 10.500000000000002 -3916.4999999999995 -4280.4999999999991 -3180.4999999999995 -2798.4999999999995 -2443.4999999999995 -4910.4999999999991 0.025270607225151065 -4641.4999999999991 -4797.4999999999991 3.3446254749081765
decision_type=8 8 8 2 2 2 2 10 2 2 10 2 2 10 2 2 2 2 2 2 2 2 2 2 2 2 10 2 2 2
left_child=-1 -2 8 5 7 6 -4 -5 9 25 11 12 13 15 -15 -10 17 18 -14 21 -21 -18 -22 -24 -25 -3 27 -11 -28 -8
right_child=1 2 3 4 -6 -7 29 -9 10 26 -12 -13 16 14 -16 -17 19 -19 -20 20 22 -23 23 24 -26 -27 28 -29 -30 -31
leaf_value=-0.018894200758260021 0.011849872639834121 0.00096672083852971107 0.00079544826712982491 0.029940133597675063 0.0042827035628148725 -0.012598262560935887 0.042701569419441761 -0.016993846113766958 -0.036741472540662221 0.01335130942690607 0.00036406460809606384 -0.017752076746900537 0.0062147811488473675 0.094669708760586099 -0.000973012064064348 -0.010834029147648397 0.035726942012009398 0.030111621857811008 -0.018579218271764016 -0.03279627176003428 0.026550367467649827 -0.018763588456176702 -0.032200408583059635 0.049808696590717086 -0.0014749323337591388 -0.034592202945931662 0.058536782978245473 0.045762904038838099 -0.0028765939310379921 0.0057663175048059878
leaf_weight=1965.8545446097851 4681.3862099796534 1113.0050428658724 26479.338452726603 1880.8296780735254 12021.074793554842 3728.8547972813249 536.81825152039528 234.88218722492456 1086.3551969975233 1618.1299279630184 22101.85305788368 3261.3712375052273 4516.5673214942217 76.08663746714592 2183.8660100921988 5614.9294912517071 270.21360012888908 1029.4137437790632 1285.990405395627 575.76608073711395 1130.3122691959143 3658.7907491400838 788.1599937081337 447.15578556060791 1418.674105361104 520.48490443080664 123.50014047324657 595.71465913951397 1714.6421916484833 726.02692657709122
leaf_count=19078 19855 5761 125096 8950 56773 18607 2329 1105 6942 6746 101283 19715 20197 394 12117 32046 1141 4586 6293 2955 4954 19867 4063 1885 6718 3143 515 2433 7012 3163
internal_value=-5.44835e-05 0.000296836 -0.00024004 0.00230221 0.00734279 3.79821e-05 0.00173643 0.0247296 -0.00234315 0.00602131 -0.00330493 -0.00627058 -0.00471569 -0.0106758 0.00224703 -0.0150339 -0.00118352 0.00514846 0.000719817 -0.00640243 0.0013596 -0.0150161 0.00655628 -0.00195904 0.0108155 -0.0103635 0.0126266 0.0220728 0.00124962 0.021467
internal_weight=107386 105420 100739 45607.8 14136.8 31471 27742.2 2115.71 55131 5685.48 49445.5 27343.7 24082.3 8961.24 2259.95 6701.28 15121 6831.97 5802.56 8289.07 4360.07 3929 3784.3 2653.99 1865.83 1633.49 4051.99 2213.84 1838.14 1262.85
internal_count=525722 506644 486789 216023 66828 149195 130588 10055 270766 25610 245156 143873 124158 51499 12511 38988 72659 31076 26490 41583 20575 21008 17620 12666 8603 8904 16706 9179 7527 5492
is_linear=0
shrinkage=0.05


Tree=53
num_leaves=31
num_cat=0
split_feature=10 5 7 5 33 33 33 33 33 33 33 12 13 33 33 33 4 33 43 33 33 34 33 33 28 43 33 9 33 33
split_gain=259.255 224.798 218.728 206.503 226.357 689.888 338.509 280.701 213.563 205.652 988.582 508.105 308.123 301.396 342.552 244.915 240.77 197.839 212.423 181.946 221.46 351.805 220.983 269.513 283.702 190.81 440.127 177.503 173.109 169.547
threshold=0.0074749048882913017 -0.26493950320179199 -0.019846486613868449 -0.072164948453607478 -2389.4999999999995 -1767.4999999999998 -1933.4999999999998 -2528.4999999999995 -4852.9999999999991 -3419.4999999999995 -3552.4999999999995 2.2785714285714307 0.031403962161598055 -4280.4999999999991 -3671.4999999999995 -1296.4999999999998 -0.0016274771555910836 -2023.4999999999998 1.5000000000000002 -4375.4999999999991 -4481.4999999999991 4.6096599673783807 -4550.4999999999991 -4641.4999999999991 0.026871448564610757 3.5000000000000004 -4590.4999999999991 0.035121965117930067 -1410.4999999999998 -2966.4999999999995
decision_type=8 8 10 10 2 2 2 2 2 2 2 10 10 2 2 2 10 2 2 2 2 2 2 2 10 2 2 10 2 2
left_child=-1 -2 3 4 7 6 17 29 -5 10 13 -12 15 19 27 28 -17 18 -6 20 21 22 23 -10 -25 -23 -27 -15 -11 -3
right_child=1 2 -4 8 5 -7 -8 -9 9 12 11 -13 -14 14 -16 16 -18 -19 -20 -21 -22 25 -24 24 -26 26 -28 -29 -30 -31
leaf_value=-0.025349524990806151 0.010933382691584729 -0.0011120934495738141 0.006767849950792432 -0.032094915229706575 -0.0084137499246239849 -0.0042909497925013029 0.04879536176660848 -0.018736781484807764 -0.0081170064064846822 -0.0097396502892004022 0.042749939015244348 -0.0044982157111952076 -0.0009086644435978954 -0.015754557397620703 0.010042794546828788 0.12239573379458182 -0.0049823990472775519 -0.008629495693647295 0.027321003936196395 0.021012616515258681 -0.022420804710208238 0.044313032793894674 -0.026795746607669774 0.044010549045450077 -0.00022970726149399809 -0.023612957235286103 0.054397076524466341 0.0044753903147087193 -0.033486180007944372 0.0096519493792279303
leaf_weight=999.7687078230083 4690.1092413365841 18040.400326162577 9972.4152243211865 618.19780770689249 501.90315292775631 4993.6590035632253 970.17091634124517 1942.1700901165605 2292.8529093116522 13800.36479806155 1976.3007496073842 799.08703161776066 20231.812583737075 7313.0809586420655 2038.9879679903388 68.357375420629978 81.125834684818983 686.33597022294998 2426.2108591347933 1368.2222833931446 877.01717029511929 713.30017502605915 770.45315629243851 649.11536346375942 820.37253901362419 443.67901335656643 305.1705346852541 1273.0731421709061 812.6612189412117 4588.8308819383383
leaf_count=11127 19920 87502 46207 3863 2222 24358 4440 9307 9377 76680 9180 3780 94095 37806 9352 488 676 3175 11162 5719 4333 3039 4820 2651 3346 1841 1398 5490 6995 20873
internal_value=-7.2164e-06 0.000231659 -0.000263454 -0.0010306 0.00204663 0.00856659 0.0225713 -0.000494944 -0.00286606 -0.00254701 0.00128438 0.0291463 -0.00491637 -0.00281455 -0.0083801 -0.0104089 0.0532665 0.0155323 0.0211958 0.00436183 0.00104663 0.00447974 -0.00239951 0.00259636 0.0193125 0.025806 0.00817763 -0.0127551 -0.0110602 0.00107068
internal_weight=107065 106065 101375 91402.9 34149.7 9578.28 4584.62 24571.4 57253.2 56635 21640.7 2775.39 34994.3 18865.3 10625.1 14762.5 149.483 3614.45 2928.11 8240.18 6871.96 5994.94 4532.79 3762.34 1469.49 1462.15 748.85 8586.15 14613 22629.2
internal_count=525222 514095 494175 447968 163039 45357 20999 117682 284929 281066 102132 12960 178934 89172 52648 84839 1164 16559 13384 36524 30805 26472 20194 15374 5997 6278 3239 43296 83675 108375
is_linear=0
shrinkage=0.05


Tree=54
num_leaves=31
num_cat=0
split_feature=38 32 10 32 33 33 33 12 32 34 33 33 33 10 34 32 33 34 33 32 33 33 34 33 32 10 33 33 33 33
split_gain=256.759 263.461 246.145 204.97 321.996 460.417 423.47 318.471 322.366 284.614 248.407 295.941 390.381 375.028 285.728 250.61 210.582 395.726 340.305 299.672 256.555 268.446 229.423 328.535 248.742 206.171 195.487 468.042 366.799 454.107
threshold=-0.083412689835456508 4.5000000000000009 0.01712620892766786 8.5000000000000018 -2205.4999999999995 -2163.4999999999995 -2882.4999999999995 0.049999999999999968 11.500000000000002 4.0543898706079506 -4987.4999999999991 -3239.4999999999995 -3538.4999999999995 0.03675893708747572 2.8707317708119455 9.5000000000000018 -3332.4999999999995 4.158101222371581 -3997.4999999999995 7.5000000000000009 -4049.4999999999995 -4699.4999999999991 2.9729720159030868 -3304.4999999999995 5.5000000000000009 0.030999159841601762 -1933.4999999999998 -1641.4999999999998 -2338.4999999999995 -2374.4999999999995
decision_type=8 2 8 2 2 2 2 8 2 2 2 2 2 8 2 2 2 2 2 2 2 2 2 2 2 8 2 2 2 2
left_child=-1 2 -2 4 6 -6 16 -5 9 10 -9 12 15 -13 -15 -12 17 19 20 -3 21 -19 23 -18 -25 -8 28 -28 29 -4
right_child=1 3 26 7 5 -7 25 8 -10 -11 11 13 -14 14 -16 -17 22 18 -20 -21 -22 -23 -24 24 -26 -27 27 -29 -30 -31
leaf_value=0.0052756030950379977 -0.015405152534007635 -0.012436354684574538 -0.0048113905132321534 -0.038188861303363575 0.040907711879844821 0.0070390404026650548 -0.023422298583848797 -0.041393360347289569 0.0069483070475191465 -0.012309006387692957 0.017640210092231601 -0.010682721847292562 0.04512591534595925 -0.014621530619493596 0.031076774383480828 -0.0041118091049997261 0.088837242493272461 0.034940486024928955 -0.0064359102088081743 0.008879513929725141 0.0585178451147218 -0.0011819225703706884 0.0053634384542484833 -0.035659672133394785 0.028405632042849849 0.0043662374002665363 0.037777074068973432 -0.0027784481751451729 -0.023709185652836653 0.030272030646622546
leaf_weight=18540.181133136153 5011.0813058316708 6151.0876701399684 13446.077325642109 605.63951131701469 1140.2164251804352 8365.5988957807422 2519.8089142367244 363.86855529248714 8169.8467592485249 7890.7064435221255 2175.2899074032903 6890.3227300085127 658.04087740182877 503.8422787040472 1065.2110547199845 3384.2090571448207 195.18349090218544 997.81031930446625 1499.3578199222684 2252.6952409893274 436.57547476887703 1061.4876122251153 4346.3676043450832 177.98105488717556 1018.7381003051996 908.0011502802372 940.08492927253246 2924.7376950010657 2349.1317354887724 990.27595806121826
leaf_count=82787 37076 26755 69211 6552 5622 38906 13434 2601 37142 41172 9619 35954 2829 2134 4453 15791 796 4025 7145 9445 1858 4725 20330 837 4234 3985 4246 15136 12340 4286
internal_value=-7.43258e-05 -0.00119587 -0.00546431 0.000548915 0.00343502 0.0111016 5.5639e-05 -0.00227929 -0.00158002 -0.00461843 -0.000583794 0.000427953 0.00870956 -0.00565893 0.0164025 0.0043992 0.00310162 -0.000563526 0.0123915 -0.00672248 0.0237019 0.0163208 0.0110211 0.0286879 0.0188776 -0.0160613 -0.00305202 0.00708633 -0.00538636 -0.00240481
internal_weight=106979 88439.3 25661.4 62777.9 31070.9 9505.82 21565.1 31707 31101.3 22931.5 15040.8 14676.9 6217.54 8459.38 1569.05 5559.5 18137.3 12399 3995.23 8403.78 2495.87 2059.3 5738.27 1391.9 1196.72 3427.81 20650.3 3864.82 16785.5 14436.4
internal_count=525426 442639 142295 300344 142097 44528 97569 158247 151695 114553 73381 70780 28239 42541 6587 25410 80150 53953 17753 36200 10608 8750 26197 5867 5071 17419 105219 19382 85837 73497
is_linear=0
shrinkage=0.05


Tree=55
num_leaves=31
num_cat=0
split_feature=3 10 19 32 5 43 5 34 32 32 34 13 12 34 21 29 12 34 11 43 36 9 34 28 38 11 34 5 38 32
split_gain=245.458 232.962 194.611 175.567 177.465 176.307 158.714 144.859 139.851 292.206 194.547 127.387 124.919 112.945 109.301 102.988 101.1 97.3465 96.494 107.487 93.0418 92.8151 90.6236 81.1185 73.6811 80.9474 75.2904 74.314 72.6207 71.8162
threshold=-0.1220141603727679 0.0074749048882913017 -0.048006081289795575 4.5000000000000009 -0.15277777777777771 2.5000000000000004 0.28160739129000528 2.844909405997881 8.5000000000000018 10.500000000000002 2.8361459037824157 0.017000897317281705 1.0000000180025095e-35 4.078384184158887 0.71133487606347467 -0.049297376811590722 0.9785714285714292 2.3655488623800953 1.0767791202782975 3.5000000000000004 0.999589153656532 0.01735397094435874 1.2946333325561217 0.15161644305622143 0.065676916477215755 0.36842891971182673 6.9596358456458933 0.071316136308147385 -0.070755695453246545 10.500000000000002
decision_type=10 8 10 2 10 2 10 2 2 2 2 10 8 2 8 10 10 2 8 2 2 10 2 10 8 8 2 10 10 2
left_child=18 15 3 4 5 -3 16 29 22 11 -11 14 -12 17 -10 -2 28 23 19 -1 -9 -19 -5 -13 25 27 -27 -24 -6 -4
right_child=1 2 7 8 6 -7 -8 20 9 10 12 13 -14 -15 -16 -17 -18 21 -20 -21 -22 -23 24 -25 -26 26 -28 -29 -30 -31
leaf_value=0.024534154676854315 0.0065354173469416455 0.010560172581977419 0.0061786537857101663 0.055372777818400699 -0.003706948334912231 -0.014363661083599292 0.0052831343046198841 0.0003614759212003251 -0.027776466285036546 0.015114554253620153 -0.039594387615529331 -0.025634457832342267 4.1244323880694237e-05 -0.01493159661058413 0.082339681535921444 -0.033543185834951902 -0.0069749641164729001 -0.011672688319964705 0.0047231647185953423 -0.00066302646949627177 0.016316628229550451 0.0023145017993639514 0.030647995858212491 0.036217525717951525 0.0091136523432252727 0.0009842347159593986 -0.023851446988327807 -0.028207471849244426 -0.018866155017684724 0.018598600702696037
leaf_weight=1690.3044456988573 203.23115082085133 2601.9200179353356 6741.2984720990062 81.374599456787109 973.52779230475426 975.59109573066235 1793.2159145772457 30433.727934323251 1035.553650226444 2405.9016450196505 203.15820149704814 671.9116979688406 9248.6535881049931 3168.3374984227121 23.036506190896034 758.56322506070137 7734.2386250346899 1618.217596758157 3203.0241706967354 564.62799172103405 942.00844653323293 4440.8669209629297 376.41723181307316 57.549649745225906 3467.7571186870337 15457.816297821701 311.30533063411713 62.545353785157204 4191.6277436055243 1406.8126652017236
leaf_count=7219 1814 12170 31605 379 5283 4490 8238 145396 7460 10706 1868 3078 43672 16035 147 9255 44002 9126 14858 2431 4184 20568 1896 244 14901 70826 1605 278 25959 6127
internal_value=-2.765e-05 -0.000583694 -0.000349139 -0.00212232 -0.00622313 0.00376342 -0.00865476 0.00238308 -0.000364836 -0.00302644 0.00242051 -0.00888985 -0.000810688 -0.00713664 -0.0253802 -0.0250744 -0.0105923 -0.00349859 0.0103013 0.0182249 0.000840505 -0.0014211 0.00271653 -0.0207547 0.00249876 0.00108349 0.000493942 0.022262 -0.0160089 0.00832302
internal_weight=106844 101386 100424 60900.5 18270.1 3577.51 14692.6 39523.8 42630.4 22873.2 11857.7 11015.5 9451.81 9956.88 1058.59 961.794 12899.4 6788.55 5457.96 2254.93 31375.7 6059.08 19757.2 729.461 19675.8 16208.1 15769.1 438.963 5165.16 8148.11
internal_count=525820 501312 490243 302931 100142 16660 83482 187312 202789 112904 56246 56658 45540 49051 7607 11069 75244 33016 24508 9650 149580 29694 89885 3322 89506 74605 72431 2174 31242 37732
is_linear=0
shrinkage=0.05


Tree=56
num_leaves=31
num_cat=0
split_feature=20 38 32 33 33 33 33 34 33 34 33 33 8 34 8 33 33 33 10 32 33 20 32 33 33 33 34 34 33 33
split_gain=228.939 212.588 203.253 198.456 486.746 402.108 463.925 290.418 337.621 241.509 224.686 453.941 222.582 208.893 182.74 175.769 200.009 358.943 202.608 172.045 158.417 153.283 152.283 309.239 425.459 363.685 312.948 250.772 305.779 928.109
threshold=0.15327416099367835 -0.080730282614587742 4.5000000000000009 -1933.4999999999998 -1653.4999999999998 -2338.4999999999995 -2374.4999999999995 4.4846958734632851 -4910.4999999999991 4.7812220418675606 -4481.4999999999991 -4852.9999999999991 0.095063728377871928 3.2248559203275584 0.1222246869762398 -2726.4999999999995 -3479.4999999999995 -3465.4999999999995 0.023358637903723074 2.5000000000000004 -2123.4999999999995 0.58067082951765248 8.5000000000000018 -2220.4999999999995 -2599.4999999999995 -1794.4999999999998 2.519889237999525 4.0664589915953142 -3239.4999999999995 -3538.4999999999995
decision_type=8 8 2 2 2 2 2 2 2 2 2 2 8 2 10 2 2 2 8 2 2 8 2 2 2 2 2 2 2 2
left_child=20 -2 3 5 9 6 7 8 13 -5 11 -9 -10 -3 -8 16 -14 18 -18 21 -1 -19 23 24 -4 26 -25 28 29 -24
right_child=1 2 22 4 -6 -7 14 10 12 -11 -12 -13 15 -15 -16 -17 17 19 -20 -21 -22 -23 27 25 -26 -27 -28 -29 -30 -31
leaf_value=-0.0036774117077148501 0.0051287787789500707 -0.019693570657693425 0.0023353309325180147 0.051258575036094801 -0.002815670416599306 -0.024927296596222486 0.051885645038242417 -0.026033414484598991 -0.019915407146739488 -0.021777666115587381 -0.0012648318482382016 0.04619899405375899 -0.012195210616335585 0.053636629547106643 0.0096496647740243191 -0.025023059245487467 0.11084668262567794 0.039625727063940068 0.026174855005666277 -0.016134705876650359 -0.035714434644825203 0.0026731668996787593 0.002151677650873656 0.052969857668708764 -0.021382251265238281 0.00031056215276387112 0.015317389109471469 -0.0080014284210727232 -0.0038660436364114335 0.049339813164806429
leaf_weight=803.99978292733431 18919.266576848924 138.21579629182816 18942.735055990517 698.83062781393528 3739.9769651629031 2619.2282899320126 463.03838822990656 307.20301991701126 4786.2916368022561 135.06282254308462 3473.486175455153 744.95968528091908 2837.9408010914922 326.61481632292271 573.04050527513027 1025.5053128451109 113.34278254210949 347.5511541813612 187.57263913750648 991.71687333285809 741.95599595829844 1457.6144425347447 7826.977652579546 631.00866973400116 2100.521918579936 4360.1814772412181 4399.3565750569105 10334.928867563605 11474.319512888789 1202.0420957803726
leaf_count=3702 84801 576 84163 3337 22143 14937 2086 1692 30553 707 20076 3484 14918 1356 2462 5254 513 1750 773 5349 6416 6896 36578 3326 11191 20481 20255 53024 57730 5326
internal_value=4.82312e-05 0.000329043 -0.000723929 -0.00452655 0.00488627 -0.00663768 -0.00394248 -0.00595225 -0.00996156 0.0394291 0.00486681 0.0251091 -0.0116153 0.0318321 0.0285255 -0.00590841 -0.00260601 0.00617881 0.0580673 0.000596147 -0.0190531 0.0097877 0.000825566 0.00333474 -3.21401e-05 0.0108796 0.0200405 -0.0016507 0.00155045 0.00843388
internal_weight=106704 105159 86239.3 24967.2 4573.87 20393.3 17774.1 16738 12212.4 833.893 4525.65 1052.16 11747.5 464.831 1036.08 6961.24 5935.74 3097.8 300.915 2796.88 1545.96 1805.17 61272.1 30433.8 21043.3 9390.55 5030.37 30838.3 20503.3 9029.02
internal_count=525855 515737 430936 138862 26187 112675 97738 93190 67938 4044 25252 5176 66006 1932 4548 35453 30199 15281 1286 13995 10118 8646 292074 139416 95354 44062 23581 152658 99634 41904
is_linear=0
shrinkage=0.05


Tree=57
num_leaves=31
num_cat=0
split_feature=20 5 38 9 25 32 32 7 26 34 26 32 32 32 43 0 34 25 8 39 34 26 25 11 9 12 14 34 43 25
split_gain=233.866 221.003 301.133 157.244 135.225 142.481 115.187 110.414 118.233 102.434 100.415 95.3383 109.478 142.041 96.2184 94.739 92.0411 90.7751 89.4243 83.0053 81.9941 78.1039 74.1231 74.0967 110.065 72.2503 69.8562 75.3098 69.1354 144.419
threshold=0.10685938529121336 -0.072164948453607478 0.0022352092318688181 0.032691059070173695 0.96040910159617554 11.500000000000002 9.5000000000000018 -0.37047794224561603 0.62787394291754761 5.0965070863816058 0.036755056353249972 5.5000000000000009 8.5000000000000018 10.500000000000002 2.5000000000000004 0.095002376907630706 2.844909405997881 0.4760600839077016 0.052537818218736494 1.0000000180025095e-35 4.3522113422813886 0.49841770567322624 0.17982361890681545 0.86340408405862845 0.035900732484708334 0.79285714285714348 1.5000000000000002 4.0543898706079506 1.5000000000000002 0.20251192870381327
decision_type=8 10 10 10 10 2 2 8 8 2 10 2 2 2 2 10 2 10 8 8 2 10 10 8 10 10 10 2 2 10
left_child=18 7 3 10 5 6 -4 9 19 -2 -3 25 -13 -14 22 23 -16 21 -1 28 -20 -7 -15 -10 -25 -12 27 -8 29 -9
right_child=1 2 4 -5 -6 17 26 8 15 -11 11 12 13 14 16 -17 -18 -19 20 -21 -22 -23 -24 24 -26 -27 -28 -29 -30 -31
leaf_value=-0.035773878340798843 0.018102488093313905 -0.02107813264052712 0.00051051995585501522 0.0032912200767360499 0.0092744673905698471 0.043652766156480755 -0.0051480628157399705 -0.0079327566378921029 0.0077186845128775442 -0.017750286216663354 -0.017297014682436145 0.0020191427068854055 -0.014025637836264189 0.014267485858004256 0.030737272463147971 0.027341489818292642 0.0021944691371664181 0.0062974894063952992 0.00056615388036116777 -0.0029744880375140175 -0.04513313573173261 0.0071245289691037371 -0.012200645140506151 -0.0065855769072854162 0.0036638214432998385 -0.0073432866507324741 0.011510574171562324 -0.018867588241553802 0.0048959152541654194 0.020445728774493865
leaf_weight=592.11417858675122 1900.3129889369011 1247.9746537916362 27819.979408591986 4158.295261874795 4613.5700542256236 345.78407737612724 3158.5241455212235 585.31981493532658 1830.3525104150176 222.55535715818405 2766.8938818611205 4952.8591034337878 4055.8979749903083 311.0045435205102 342.84562505781651 288.10489138960838 1603.1011246070266 2249.1327354982495 492.13234892114997 2937.6735724806786 122.60617333650589 253.70780588686466 1769.455033455044 7705.3029928654432 3968.3592377901077 5344.6377533227205 432.96202875673771 1463.8391499444842 16899.206995241344 1915.3869487941265
leaf_count=5195 8089 9191 133792 18182 20087 1528 14586 2586 8093 927 18575 23337 23167 1555 1503 1243 7617 9907 2317 14737 575 1084 11163 36617 17209 31390 1783 7326 82950 8672
internal_value=-2.0824e-05 0.000230377 -0.00150313 -0.00563803 0.00121875 0.000178389 -0.000751114 0.00326169 0.00261054 0.0143438 -0.00729604 -0.00648269 -0.00383433 -0.00742136 -0.000768711 -0.00102953 0.00722327 0.0109056 -0.0219059 0.00485806 -0.00854831 0.0281938 -0.00824397 -0.00163482 -0.00310138 -0.0107386 -0.00769402 -0.00949285 0.00604412 0.0138034
internal_weight=106350 105143 66890.5 26553 40337.5 35723.9 32875.3 38252.6 36129.7 2122.87 22394.7 21146.7 13035.2 8082.3 4026.41 13792.1 1945.95 2848.62 1206.85 22337.6 614.739 599.492 2080.46 13504 11673.7 8111.53 5055.33 4622.36 19399.9 2500.71
internal_count=524983 516896 335773 145680 190093 170006 157487 181123 172107 9016 127498 118307 68342 45005 21838 63162 9120 12519 8087 108945 2892 2612 12718 61919 53826 49965 23695 21912 94208 11258
is_linear=0
shrinkage=0.05


Tree=58
num_leaves=31
num_cat=0
split_feature=2 20 1 5 8 43 32 10 26 11 32 32 32 7 32 32 32 11 10 12 12 10 8 43 10 1 11 43 32 32
split_gain=206.068 196.814 163.045 164.893 175.483 124.984 146.146 149.326 147.305 131.363 129.96 124.042 124.267 120.312 117.908 261.353 151.809 104.78 96.0787 95.488 93.3118 89.1736 87.1657 84.8571 92.8827 81.6575 81.0118 76.2438 75.4319 73.5384
threshold=-0.095022624434389288 0.15327416099367835 0.18537397475124032 -0.067669172932327812 0.066120496251270491 1.5000000000000002 6.5000000000000009 0.034919988694686079 0.74799463806970523 1.5356797143797143 7.5000000000000009 5.5000000000000009 8.5000000000000018 -0.071581976752230311 5.5000000000000009 3.5000000000000004 1.5000000000000002 0.36842891971182673 0.0084938448077768371 12.517857142857151 2.3357142857142876 0.024139217980324815 0.039405303549335365 1.0000000180025095e-35 0.024847475972552758 -0.072727272727272405 1.264385389782974 3.5000000000000004 10.500000000000002 11.500000000000002
decision_type=10 8 10 8 8 2 2 10 10 10 2 2 2 10 2 2 2 10 8 10 10 8 10 2 10 8 10 2 2 2
left_child=25 22 3 5 11 14 7 8 9 -7 17 -5 19 21 15 16 20 -8 -14 -13 -3 -6 -2 24 -16 -1 -9 -19 -25 -15
right_child=1 2 -4 4 13 6 10 26 -10 -11 -12 12 18 29 23 -17 -18 27 -20 -21 -22 -23 -24 28 -26 -27 -28 -29 -30 -31
leaf_value=0.017256542712904759 -0.031575365279075888 0.028213316841721833 0.021357726485958271 -0.012482716162382555 -0.0088304905849374213 -0.0019836694722068521 0.041347454725014263 0.015060132159138965 -0.01464880311531116 0.048503323556154429 0.0025431293955020693 0.0062030862763523004 -0.032165301519380081 0.0010721888560096418 -0.077065623281861631 0.031414622435615741 -0.016941010103451289 0.021661151954055533 -0.0059635809241272517 -0.028713708646554866 -0.046587905417522481 -0.001515117485698835 -0.0074357794504010481 0.01608589790907132 -0.009695459622938829 0.0032523709815868067 -0.02494484686851076 0.003636051805192002 -0.016229971314455204 0.011370015749794904
leaf_weight=2214.1928787752986 696.148428209126 414.87983390688896 854.74640499055386 5787.7373851127923 5276.5485809519887 11352.574200112373 322.97088628262281 1568.2427652180195 2572.0857293009758 130.3200741559267 12037.998230330646 3367.8575223311782 372.51903042942286 23315.120893646032 69.262893125414848 1396.7884965464473 639.22617994993925 994.77355325222015 5754.6596575118601 207.88968765735626 46.350541412830353 19790.483550973237 808.01496176421642 540.24315526336432 195.75757609307766 1964.4485474452376 137.65764208137989 1430.0002416446805 271.23990911245346 1872.9229803010821
leaf_count=9650 6173 1731 3664 39328 27663 58309 1826 6759 11848 604 54467 17230 4508 110510 283 6198 3337 4450 31956 1234 198 91527 3892 2412 800 8927 580 6318 1177 8193
internal_value=-0.000210288 -0.000655161 -0.000387054 -0.000573166 -0.00203681 0.00224709 0.00121202 -0.00213774 -0.00383329 -0.00141069 0.0047827 -0.00668954 -0.00323395 -0.000602646 0.0110944 0.0170573 -0.00116622 0.0145943 -0.00755659 0.00417307 0.0206963 -0.00305499 -0.0186079 -0.00273819 -0.0273026 0.0106729 0.0118319 0.0110309 0.00528425 0.00183791
internal_weight=106404 102225 100721 99866.1 65745.7 34120.4 30546.6 15760.9 14055 11482.9 14785.7 15490.7 9702.93 50255.1 3573.75 2497.25 1100.46 2747.74 6127.18 3575.75 461.23 25067 1504.16 1076.5 265.02 4178.64 1705.9 2424.77 811.483 25188
internal_count=525752 507175 497110 493446 332149 161297 145161 78100 70761 58913 67061 94256 54928 237893 16136 11464 5266 12594 36464 18464 1929 119190 10065 4672 1083 18577 7339 10768 3589 118703
is_linear=0
shrinkage=0.05


Tree=59
num_leaves=31
num_cat=0
split_feature=10 3 25 5 38 28 32 32 10 7 34 25 20 32 32 32 34 34 10 28 34 28 10 34 28 14 32 12 10 43
split_gain=199.236 184.188 128.602 145.145 220.72 125.515 112.886 110.915 107.996 100.647 100.587 93.8629 87.9351 85.2433 79.9381 79.8607 195.667 94.809 80.377 85.1736 77.6074 76.6274 114.654 82.9668 76.2726 73.8002 92.7356 73.788 69.0573 68.0263
threshold=0.007996009071365405 -0.10865317822552949 0.96816131375762404 -0.069143553446396819 1.0000000180025095e-35 0.049264515535498092 11.500000000000002 9.5000000000000018 0.025276163581237066 -0.36029411764705876 4.0421733044834189 0.56094106266841715 0.37742030287678968 10.500000000000002 1.5000000000000002 4.5000000000000009 6.4871511491322105 2.5915093710922874 0.0150338373642928 0.18335554182124877 3.2709927654899751 0.018801144896180701 0.041267403478559526 4.0664589915953142 -0.048760370266216775 1.0000000180025095e-35 8.5000000000000018 1.0000000180025095e-35 0.050044134320023782 3.5000000000000004
decision_type=8 10 10 10 10 10 2 2 10 8 2 10 10 2 2 2 2 2 10 10 2 10 10 2 10 10 2 10 10 2
left_child=5 9 3 28 8 -1 7 15 12 -2 -7 -8 -5 14 -10 16 -6 18 -17 -20 -15 23 -23 -9 -14 26 -11 -19 -3 -16
right_child=1 2 -4 4 6 10 11 21 13 25 -12 -13 24 20 29 17 -18 27 19 -21 -22 22 -24 -25 -26 -27 -28 -29 -30 -31
leaf_value=-0.028785028755652836 0.022712662194516106 0.0016826780804242083 0.0083241737111883953 -0.02186499642167089 -0.0045522588089113242 0.098246623900200142 0.023705820385664149 0.0048788941721661172 0.01127451839035582 0.015620394184290601 -0.00020366808100162224 0.0039288102786486602 -0.015670854163237168 0.018876466190233313 -0.0016848553671590554 0.049765490953547403 0.02955109735815234 -0.06480124415530901 0.0055332676568185827 0.037022313018841471 -0.00056392331766522423 -0.017485017550176004 0.018791932769861051 -0.013503206107147836 -0.0057179669455276342 -0.0022499963161663416 0.00034439118331910782 0.0015602760967797303 0.028330938884366198 -0.01189799073629666
leaf_weight=925.01410491764545 999.72390483319759 34399.308302957565 4121.602664552629 1195.783117800951 9363.1572212912142 30.110808741301298 844.81751314550638 1746.6240912750363 718.94638428092003 2453.2105012983084 187.51758565381169 2069.850286655128 2391.5697514228523 818.12477130442858 3620.3915683105588 140.9536439627409 440.37707035243511 41.99415434896946 1384.3559570908546 254.17506188154221 1378.1825348958373 2172.496115449816 242.07314944267273 946.46822560951114 9864.9092969894409 2010.5957786589861 1669.6858102083206 16623.742776673287 244.84552679955959 2966.2393349632621
leaf_count=11329 4254 164140 17892 8909 49473 244 3692 8189 3233 11091 1537 9058 14677 3532 17199 643 2418 215 6184 1246 5991 10042 983 4799 57698 8686 8130 75203 1017 13946
internal_value=1.88503e-05 0.000244564 -0.000320112 -0.000699664 -0.0022034 -0.0207471 0.000224822 -0.000599723 -0.00604035 0.00800168 0.0134178 0.00966118 -0.00892273 -0.00195964 -0.00455629 0.000626267 -0.00302033 0.00256441 0.0135347 0.010418 0.00667762 -0.00738026 -0.0138481 -0.00158136 -0.00766004 0.00560387 0.00943394 0.00139306 0.00187101 -0.00628426
internal_weight=106267 105124 97991 93869.4 59225.2 1142.64 36271.1 33356.4 22954.1 7133.22 217.628 2914.67 13452.3 9501.88 7305.58 28248.8 9803.53 18445.2 1779.48 1638.53 2196.31 5107.66 2414.57 2693.09 12256.5 6133.49 4122.9 16665.7 34644.2 6586.63
internal_count=525650 512540 480379 462487 297330 13110 172145 159395 125185 32161 1781 12750 81284 43901 34378 135382 51891 83491 8073 7430 9523 24013 11025 12988 72375 27907 19221 75418 165157 31145
is_linear=0
shrinkage=0.05


Tree=60
num_leaves=31
num_cat=0
split_feature=10 2 19 20 32 34 10 34 5 35 29 39 32 43 5 0 35 28 43 12 32 34 34 32 43 32 32 34 10 32
split_gain=187.851 157.381 148.765 127.451 129.109 199.735 115.49 112.632 109.858 107.111 102.828 102.5 128.101 127.265 121.336 100.63 87.3882 78.0533 73.1572 72.1253 73.2874 69.7889 67.0689 97.9347 172.396 149.601 103.905 72.0455 63.6703 70.8609
threshold=0.0074749048882913017 -0.098927959244257166 -0.048006081289795575 0.035944083280082965 3.5000000000000004 4.4846958734632851 0.017525893508399851 2.844909405997881 0.25749251497005859 -0.0058479532163985817 -0.049297376811590722 1.0000000180025095e-35 1.5000000000000002 2.5000000000000004 0.29999957142979589 0.095002376907630706 0.017467248908263681 -0.071196709720476412 4.5000000000000009 0.14285714285714304 10.500000000000002 4.7427557540103971 4.0543898706079506 8.5000000000000018 1.0000000180025095e-35 4.5000000000000009 10.500000000000002 7.8254649986238762 0.030109092372056969 11.500000000000002
decision_type=8 10 8 10 2 2 8 2 10 10 10 8 2 2 10 10 10 8 2 8 2 2 2 2 2 2 2 2 8 2
left_child=10 17 3 -3 5 6 18 19 -7 -6 21 12 13 -8 -13 -9 22 -2 -5 -4 -21 -1 28 24 -24 -26 -25 -28 29 -11
right_child=1 2 7 4 9 8 11 15 -10 16 -12 14 -14 -15 -16 -17 -18 -19 -20 20 -22 -23 23 26 25 -27 27 -29 -30 -31
leaf_value=0.042734536188788731 0.019903247124593494 -0.025421704683671838 0.032076396746533981 -0.022563775137211944 0.0046352160563924447 0.0013099067072591579 0.02546901339088933 0.00026758769518343345 0.027848008420474874 -0.0039062663982507339 -0.031911910736224423 -0.016309722357477727 -0.0071663762962611236 -0.0047739134165293243 0.0032833098838434926 0.017964264841280199 0.0040224055856281204 0.0048136737086400183 0.05126743952471411 0.0041975928967580593 0.016908110313703841 -0.016500249505709417 0.036957770286662597 -0.017573100095217776 -0.022742499832793125 0.00061863217008813068 -0.0044985289185846778 0.084403164449057128 0.0034899739818114459 0.0065229494769106777
leaf_weight=85.845082402229309 1320.5086334273219 568.26012091338634 283.61544394865632 1664.2382546961308 8714.9988374859095 2860.6402691751719 732.10660088062286 31142.929794054478 451.52416051924229 13260.919777564704 700.57828232645988 3649.5577428042889 3078.1758418306708 662.76690177619457 1008.5433543622494 824.57910196483135 6004.5271154530346 2441.4851291254163 34.24221558868885 6508.4825079664588 1373.385052010417 118.17813634872437 283.75181959569454 2648.3254048153758 814.01052089780569 4334.5330158397555 2788.8430083878338 22.976831264793873 5924.3473056778312 1856.7560482062399
leaf_count=789 5784 3427 1580 12703 40836 16540 3244 150071 2056 65811 9265 19961 17171 3128 4649 3534 27129 10926 204 30415 5974 1033 1165 14431 4539 20569 13544 137 26126 8846
internal_value=-0.000127003 6.7976e-05 -0.000304244 -0.0018523 -0.001632 -0.00581708 -0.00910329 0.00206277 0.00492766 -0.000363415 -0.0228147 -0.00687638 -0.00147043 0.0110992 -0.0120676 0.000724061 -0.00151166 0.0101103 -0.0210753 0.00730375 0.00641235 0.00842346 -0.00255221 -0.005737 -0.000983805 -0.00307488 -0.010466 -0.00377207 -0.000903589 -0.00262535
internal_weight=106164 105259 101497 61364 60795.8 14141.8 10829.6 40133 3312.16 46654 904.602 9131.15 4473.05 1394.87 4658.1 31967.5 37939 3761.99 1698.48 8165.48 7881.87 204.023 31934.5 10892.4 5432.3 5148.54 5460.15 2811.82 21042 15117.7
internal_count=525587 514500 497790 306216 302789 79656 61060 191574 18596 223133 11087 48153 23543 6372 24610 153605 182297 16710 12907 37969 36389 1822 155168 54385 26273 25108 28112 13681 100783 74657
is_linear=0
shrinkage=0.05


Tree=61
num_leaves=31
num_cat=0
split_feature=3 33 33 34 33 33 33 33 33 33 28 13 38 34 13 33 34 33 33 38 34 12 12 33 33 33 33 33 33 33
split_gain=175.652 175.617 345.708 461.222 421.547 552.549 338.115 328.032 313.008 431.731 385.82 275.341 257.539 248.015 222.679 393.647 217.697 208.914 192.512 201.194 212.226 183.284 171.343 171.011 744.886 491.172 348.321 382.184 336.665 264.963
threshold=-0.1220141603727679 -4550.4999999999991 -4392.4999999999991 4.158101222371581 -4303.4999999999991 -4116.4999999999991 -4852.9999999999991 -4481.4999999999991 -4018.4999999999995 -3900.4999999999995 0.096031719822778222 0.02752064575408196 -0.0091571874537976199 2.2027494954295124 0.015186809799938495 -1767.4999999999998 4.1198495226759748 -4352.4999999999991 -4910.4999999999991 -0.014144796041466621 4.7427557540103971 0.84285714285714364 2.2214285714285738 -2389.4999999999995 -2726.4999999999995 -2782.4999999999995 -2338.4999999999995 -2298.4999999999995 -2163.4999999999995 -3239.4999999999995
decision_type=10 2 2 2 2 2 2 2 2 2 10 10 10 2 10 2 2 2 2 8 2 8 8 2 2 2 2 2 2 2
left_child=-1 6 3 -3 17 13 18 -5 10 12 -7 -8 -10 -6 15 16 -11 -4 19 20 -2 -19 -15 24 25 29 -25 -28 -29 -16
right_child=1 2 4 7 5 8 11 -9 9 14 -12 -13 -14 22 23 -17 -18 21 -20 -21 -22 -23 -24 26 -26 -27 27 28 -30 -31
leaf_value=0.0086293548011376342 0.03203399035655783 -0.030696280914967677 0.0015194212419715569 0.034255034104714976 0.048275235887215814 0.023577634941534684 0.028496581642385235 -0.016637108183153042 -0.037698097181592567 0.0081467112233234891 -0.030354062687410338 0.0058752745540241388 -0.008164620343805223 -0.028806202355223083 0.0047757499917226789 -0.02974843433897963 -0.012240042367511162 0.055475198183036957 -0.028089942510849689 -0.012017438549288002 -0.050578279488275882 0.018822070272926233 -0.0069727342148440466 0.025414916934895268 -0.01425009918477381 0.028417305892567607 -0.030472601226626924 0.037432403075786859 0.0023980983595119896 -0.0049389395338552316
leaf_weight=5448.6610237807035 603.11569476127625 2191.8253659829497 994.9929440766573 594.58719376474619 132.10684788972139 2395.091999836266 1728.176651135087 677.32066966593266 1167.1091630384326 2640.0984908789396 384.91076274216175 6069.507891356945 2008.475403688848 2633.5321288332343 16855.507272712886 1684.9948202073574 2598.1182791143656 508.70258973538876 914.58683293312788 1292.1187155470252 89.244333639740944 1035.0141638964415 1364.0049922540784 1732.9840772226453 8788.9625886082649 1695.9193704426289 862.07140731811523 705.69691153615713 24230.543695505708 12027.126033082604
leaf_count=24483 2570 12316 4232 3065 632 10387 7201 3381 5858 14485 1609 25024 9215 14799 80585 17415 17085 2051 5743 7560 385 4210 7148 7552 44536 7426 4841 3460 116129 60227
internal_value=-0.000114425 -0.000587972 -0.00130852 -0.0167975 -0.000687906 -0.00129524 0.00546847 0.00715378 -0.000372092 -0.000967194 0.0161104 0.0108888 -0.0190189 -0.0191289 -0.000190666 -0.00872701 -0.00196497 0.0193852 -0.00911062 -0.000363612 0.0213854 0.0309004 -0.0213564 0.000692741 -0.00142132 0.00226596 0.00371567 0.00225804 0.00338957 0.00073042
internal_weight=106055 100606 89909.7 3463.73 86446 83907.3 10696.8 1271.91 79777.6 76997.6 2780 7797.68 3175.58 4129.64 73822 6923.21 5238.22 2538.71 2899.07 1984.48 692.36 1543.72 3997.54 66898.8 39367.5 30578.6 27531.3 25798.3 24936.2 28882.6
internal_count=525610 501127 452644 18762 433882 423389 48483 6446 400810 388814 11996 32225 15073 22579 373741 48985 31570 10493 16258 10515 2955 6261 21947 324756 192774 148238 131982 124430 119589 140812
is_linear=0
shrinkage=0.05


Tree=62
num_leaves=31
num_cat=0
split_feature=20 5 25 28 26 35 32 26 43 35 32 32 34 10 43 32 32 34 38 12 34 13 34 38 13 32 28 28 5 34
split_gain=157.225 161.095 129.602 124.424 114.537 97.8319 106.49 135.627 121.007 116.175 109.984 190.899 156.356 113.212 101.752 251.217 138.865 136.09 90.9922 90.4694 123.19 87.3523 82.8825 83.4064 81.3672 75.8577 121.193 96.774 85.4797 82.3801
threshold=0.24504741278372319 -0.28008559205400019 0.96816131375762404 0.021552395298904712 0.048496155585707836 -0.005405405405445817 11.500000000000002 0.55760622044025776 2.5000000000000004 0.017804154302647816 8.5000000000000018 5.5000000000000009 3.6648420565604836 0.016182999138947812 1.5000000000000002 3.5000000000000004 1.5000000000000002 4.648708373426703 0.042122139629715678 0.14285714285714304 4.1198495226759748 0.011825955769588082 3.2007097802444995 -0.043320966701584578 1.0000000180025095e-35 2.5000000000000004 0.19201513674312318 -0.0095533490612571582 -0.10273972602739705 7.0432909108216277
decision_type=8 8 10 10 8 10 2 8 2 10 2 2 2 8 2 2 2 2 10 8 2 10 2 8 8 2 10 10 10 2
left_child=-1 3 4 -2 -3 -6 9 8 -8 10 11 13 21 18 15 16 17 22 -7 20 -13 -12 23 -15 -11 29 27 28 -27 -16
right_child=1 2 -4 -5 5 6 7 -9 -10 24 12 19 -14 14 25 -17 -18 -19 -20 -21 -22 -23 -24 -25 -26 26 -28 -29 -30 -31
leaf_value=-0.012263980215842329 0.01502564463694841 -0.0093061754712623398 0.0085660934824816626 -0.0091051579183119829 0.0032908267094133754 -0.015225640190066982 -0.00047872032330035873 -0.0024379319762075405 0.018329684246738292 0.082986716254881313 -0.032187382037363904 0.036709489460590876 -0.011092796876328088 0.041579181097635781 -0.00083035201262391203 0.028829103302006661 -0.020520293002929343 -0.044833840919211942 0.010598884174639618 0.0024355663949905603 -0.03250678342349126 -0.00058298992114185302 0.03799641693066088 -0.043528271479826554 0.0027832993671496695 0.0041585388535311267 0.032576851968723557 -0.013849099818120176 -0.0089563532010857785 0.048371705978696083
leaf_weight=2557.7112459801137 2955.7920725718141 3528.5562039241195 4144.1815551295877 652.03622843325138 17059.083266858011 3056.0898693799973 1339.3532444760203 3273.300743829459 2365.469316855073 31.708112210035324 224.24898313358426 379.71521557867527 7692.777167648077 46.942639023065567 8251.8014933466911 851.65023572742939 726.75277814269066 84.418424785137177 383.95207130908966 16185.516996309161 77.383870348334312 8733.2497161217034 315.99352353811264 74.434174701571465 11785.514428026974 2193.9309881031513 189.94997230172157 3772.9422941058874 2864.7691669389606 85.959988415241241
leaf_count=16271 12642 23468 17972 2763 83532 22082 7253 14382 10519 139 2223 2055 39862 194 41551 3679 4231 359 2267 72797 361 41556 1323 312 55105 10355 898 19541 15452 418
internal_value=-1.79472e-05 0.000285184 -9.03374e-05 0.0106645 -0.000465683 -0.000126789 -0.000904267 0.00497799 0.0115301 -0.00150781 -0.00245549 -0.00102008 -0.0058644 -0.00398176 -0.00250362 0.00789109 -0.00639107 0.0132883 -0.0123433 0.00305508 0.0249916 -0.0013742 0.0245066 -0.0106129 0.0029985 -0.0037612 -0.00693871 -0.00778861 -0.0032685 -0.000323093
internal_weight=105885 103327 99719.6 3607.83 95575.5 92046.9 74987.8 6978.12 3704.82 68009.7 56192.5 39542.2 16650.3 22899.6 19459.5 2100.19 1248.54 521.789 3440.04 16642.6 457.099 8957.5 437.37 121.377 11817.2 17359.4 9021.59 8831.64 5058.7 8337.76
internal_count=525562 509291 493886 15405 475914 452446 368914 32154 17772 336760 281516 197875 83641 122662 98313 10098 6419 2188 24349 75213 2416 43779 1829 506 55244 88215 46246 45348 25807 41969
is_linear=0
shrinkage=0.05


Tree=63
num_leaves=31
num_cat=0
split_feature=3 20 8 14 43 32 32 34 34 26 9 7 34 43 32 43 32 34 32 28 43 34 34 32 32 9 26 32 5 26
split_gain=155.867 128.561 117.683 112.239 128.603 106.517 158.16 177.669 114.575 110.565 98.3337 94.099 90.128 163.591 130.571 144.559 361.464 355.89 208.673 237.302 140.953 156.133 123.983 100.348 98.2397 192.396 134.018 96.7216 91.265 110.223
threshold=-0.09215634611309502 0.34865071668092434 0.025479686318598097 1.0000000180025095e-35 3.5000000000000004 3.5000000000000004 1.5000000000000002 4.4218479484999813 6.9596358456458933 0.56166181282134264 0.013835906178284904 -0.36029411764705876 3.1419924481000066 1.0000000180025095e-35 8.5000000000000018 1.5000000000000002 5.5000000000000009 3.7530265867549524 5.5000000000000009 0.19201513674312318 3.5000000000000004 4.1720766135341369 4.4846958734632851 6.5000000000000009 11.500000000000002 0.038200070083723066 0.36267136150234747 5.5000000000000009 0.027237054308339895 0.74799463806970523
decision_type=10 8 10 8 2 2 2 2 2 8 8 8 2 2 2 2 2 2 2 10 2 2 2 2 2 8 8 2 10 10
left_child=3 2 -2 4 11 6 -3 10 12 -9 -8 -1 13 27 15 16 -14 -18 19 -17 23 28 -21 -20 25 -16 -26 -7 29 -22
right_child=1 5 -4 -5 -6 8 7 9 -10 -11 -12 -13 14 -15 24 18 17 -19 20 22 21 -23 -24 -25 26 -27 -28 -29 -30 -31
leaf_value=0.032898242531455929 -0.020905554458899016 0.0013711907383477081 -0.0035159561572925603 -0.0012261308670979269 -0.0023210381405971247 0.0022916014166063088 -0.023791315091203004 -0.0057861820653619476 -0.013584997674365513 0.013254032789782029 -0.0088736196229483432 0.011322905041685916 0.031866014534281575 0.004196902990835639 -0.0079422456543129204 -0.0082739734293909243 -0.035430735629559583 0.01588224990296018 0.0037948551327852682 0.05106433267735893 -0.0051719395771946154 0.008031016589590002 -0.039635357004423444 0.02123137423448165 0.012495889466028065 0.0070789753959029367 -0.0033335317537500834 -0.030583131867041015 0.0021523718502680709 -0.028649457520741842
leaf_weight=574.89744029939175 1424.6400081850588 9173.9292008429766 3068.3819805793464 3643.1591086313128 1635.8858126550913 376.8371721804142 1308.0827875696123 1681.2054340168834 1403.7422845512629 1395.1973925679922 7104.4390024244785 4178.7437922134995 1305.9145142957568 22651.588206600398 12761.617931902409 6789.7091238796711 563.44442607462406 844.18830401450396 1537.8093320503831 251.48002434521914 2501.4690479934216 5004.3777306899428 44.318124070763588 1780.5208509266376 2047.765093177557 2559.1868994235992 3853.0400245897472 550.70412999391556 3195.067292958498 624.79541024565697
leaf_count=2498 11468 46208 15605 16569 7478 1634 10521 11499 8192 6931 41339 19259 5625 104807 66075 35092 2408 3568 7134 1169 11772 23030 204 8298 9984 11348 17013 2522 13969 2712
internal_value=-0.000151829 -0.000772766 -0.00902982 0.00577758 0.00977094 -0.000366469 -0.00352418 -0.00743315 0.000557092 0.00284886 -0.0111932 0.0139322 0.000843786 0.00335415 -0.000452446 0.00203879 0.0129199 -0.00465721 0.000679978 -0.00636409 0.00408824 0.001433 0.0374752 0.0131508 -0.00332185 -0.0054331 0.00215978 -0.0172269 -0.00379042 -0.00986401
internal_weight=105836 95803.5 4493.02 10032.7 6389.53 91310.4 20662.9 11488.9 70647.6 3076.4 8412.52 4753.64 69243.8 23579.1 45664.7 24443.1 2713.55 1407.63 21729.5 7085.51 14644 11325.7 295.798 3318.33 21221.6 15320.8 5900.81 927.541 6321.33 3126.26
internal_count=525931 480127 27073 45804 29235 453054 116498 70290 336556 18430 51860 21757 328364 108963 219401 114981 11601 5976 103380 36465 66915 51483 1373 15432 104420 77423 26997 4156 28453 14484
is_linear=0
shrinkage=0.05


Tree=64
num_leaves=31
num_cat=0
split_feature=33 33 37 39 13 7 6 32 33 33 33 33 12 33 33 33 33 5 33 33 12 7 8 33 12 33 33 33 34 33
split_gain=145.413 398.953 191.567 177.512 199.638 149.313 150.398 138.224 218.007 254.803 549.529 541.871 349.795 289.126 378.867 226.801 214.815 256.926 189.644 330.721 182.021 170.76 147.163 144.149 314.78 225.08 238.763 218.119 172.395 291.285
threshold=-4852.9999999999991 -4797.4999999999991 -0.073424897678890086 1.0000000180025095e-35 0.034712978984163444 -0.019846486613868449 36.982323861163913 4.5000000000000009 -4550.4999999999991 -2641.4999999999995 -2338.4999999999995 -1974.4999999999998 3.0142857142857182 -4133.4999999999991 -3405.4999999999995 -4517.4999999999991 -1641.4999999999998 -0.056329825187882369 -3479.4999999999995 -3823.4999999999995 4.3153571428571462 -0.099009882105458843 0.24389516703753802 -1422.4999999999998 1.1357142857142872 -1454.4999999999998 -1498.4999999999998 -1307.4999999999998 3.1591235665908397 -3636.4999999999995
decision_type=2 2 10 10 8 8 10 2 2 2 2 2 10 2 2 2 2 8 2 2 10 10 10 2 10 2 2 2 2 2
left_child=3 -2 -3 4 -1 7 -7 8 22 12 20 -12 13 -10 18 -14 17 -13 19 -15 21 -11 -4 25 27 26 28 -25 29 -9
right_child=1 2 5 -5 -6 6 -8 23 9 10 11 16 15 14 -16 -17 -18 -19 -20 -21 -22 -23 -24 24 -26 -27 -28 -29 -30 -31
leaf_value=0.0069230703501438982 0.026634527902804791 0.0066684815393151763 0.048234404404781828 -0.032789722749167124 -0.021202482714012271 -0.028928594792045011 0.0057905024309107683 -0.0039942894908263291 -0.031597229871273044 0.042353082376757945 -0.031027599191604346 0.032492245401961765 0.055189804538677993 0.018105342200240921 -0.020084117258016048 0.00072100104546751059 -0.0055153616419934028 -0.0031353106681130958 0.018462432833384827 -0.020198162699694815 -0.01108723860698526 0.0034420659320812935 -0.0094958103081758949 -0.039177886607514055 0.0039087026621275204 0.023891677387997131 -0.02065186556047684 0.021113235156814181 -0.0017449787190502259 0.0087327004228444447
leaf_weight=1570.8059851974249 1419.2226331233978 9572.5212001502514 318.85011127591133 695.11897357553244 1054.4647097885609 321.49660981819034 10472.06873383373 7008.5210275352001 1996.9039451032877 1134.3496427163482 1577.2394096553326 1039.9220901206136 203.2250233143568 889.44863253831863 4446.6908067986369 3206.4545576125383 3311.6734941154718 985.65326756983995 1153.2638646885753 1537.9741981849074 281.89863488823175 375.22027443349361 168.84870281815529 1034.5352535918355 1487.2302078530192 996.12042325735092 1376.4086796343327 175.45409259945154 33314.216407861561 12539.769676730037
leaf_count=8244 6276 42343 1304 4331 6594 3726 49264 30744 13382 4978 9011 4975 947 4514 26476 17659 19675 5803 5944 9451 1282 1773 689 9426 7676 4625 6564 1855 158450 57634
internal_value=-2.4858e-05 0.000309234 -6.09529e-05 -0.0103227 -0.00437382 -0.0007661 0.00475636 -0.00150601 -0.00481993 -0.00554834 0.00111479 -0.00527934 -0.00986642 -0.0145719 -0.0103367 0.00396747 0.00232966 0.0151557 0.00176826 -0.00616311 0.0257941 0.0326813 0.0282473 -0.000211633 -0.0114983 0.000339512 -9.30331e-05 -0.0304354 0.000442268 0.00416978
internal_weight=105666 102345 100926 3320.39 2625.27 91353.4 10793.6 80559.9 22627.6 22139.9 8705.96 6914.49 13434 10024.3 8027.38 3409.68 5337.25 2025.58 3580.69 2427.42 1791.47 1509.57 487.699 57932.3 2697.22 55235 54238.9 1209.99 52862.5 19548.3
internal_count=525615 506446 500170 19169 14838 457827 52990 404837 127863 125870 47497 39464 78373 59767 46385 18606 30453 10778 19909 13965 8033 6751 1993 276974 18957 258017 253392 11281 246828 88378
is_linear=0
shrinkage=0.05


Tree=65
num_leaves=31
num_cat=0
split_feature=20 33 33 33 33 33 33 8 43 28 33 33 32 5 43 11 12 28 28 34 34 9 8 12 33 33 34 32 34 32
split_gain=134.655 172.291 581.953 616.468 530.396 355.704 534.498 307.459 295.279 254.322 249.112 755.707 346.138 343.817 232.483 258.332 262.972 219.324 215.927 213.113 213.01 221.463 203.664 202.247 202.089 831.158 577.917 473.514 374.915 336.859
threshold=0.15327416099367835 -2374.4999999999995 -2726.4999999999995 -2782.4999999999995 -2338.4999999999995 -2220.4999999999995 -2163.4999999999995 0.1067038329621839 1.5000000000000002 -0.19440846219277988 -1767.4999999999998 -1933.4999999999998 1.5000000000000002 0.091428571428570873 3.5000000000000004 1.0731985109181943 0.049999999999999968 0.026871448564610757 -0.11979236824000776 3.166002196318539 4.078384184158887 0.036991995284073188 0.1770833333333334 0.63571428571428668 -3636.4999999999995 -3437.4999999999995 3.9541237218239575 11.500000000000002 4.158101222371581 8.5000000000000018
decision_type=8 2 2 2 2 2 2 8 2 10 2 2 2 10 2 10 8 10 8 2 2 8 8 10 2 2 2 2 2 2
left_child=-1 2 3 18 7 9 -7 -3 -4 -6 11 12 -8 19 15 16 -12 -16 -2 -13 21 -14 23 -5 28 26 -26 -27 -20 -30
right_child=1 4 8 22 5 6 10 -9 -10 -11 14 13 20 -15 17 -17 -18 -19 24 -21 -22 -23 -24 -25 25 27 -28 -29 29 -31
leaf_value=-0.015103886704558731 0.018474156467180675 0.057494544066868006 0.013854802984277839 0.074104342621837113 0.027047639394702283 0.035253691523661507 -0.032707286354187293 0.010516045004365773 -0.014935817153059461 -0.031648732506104893 -0.036095511165713516 0.056159052014988699 -0.0015099710411268844 0.0087559028143799067 -0.0186841118263734 -0.010060061841039606 0.011261028605419249 -0.00065074724391289858 -0.0067836846332837864 0.024865938439905311 -0.014266827072686887 0.021856602024590027 0.0070248290789978567 0.028421608869070483 0.029721162819137028 -0.00078489264333299216 -0.0030272152945477232 -0.039763931385598139 0.010588313068415317 -0.0080535497286494881
leaf_weight=1459.3146803118289 1508.1271420791745 679.50767952948809 984.95037990063429 340.24403398483992 218.17694871872663 1235.0990314334631 895.06481581926346 714.49274832010269 9294.5412988737226 1197.1657148003578 309.60142190754414 780.16394972801208 3084.2606636285782 2678.3143494129181 3341.8813012354076 2660.2102337069809 5516.9055087976158 3402.901297878474 23138.810007661581 1797.8210187256336 1764.0888341292739 1510.7186947315931 667.46184176206589 841.48260622471571 4049.6029013544321 17586.285727649927 2018.7627083212137 815.24992974102497 7348.6885509565473 3615.5896794497967
leaf_count=10140 7476 2958 4777 1525 954 6310 4794 3045 47272 6496 4605 3873 15067 12123 17951 13373 28679 16967 111656 8428 9045 6380 2874 3740 17918 89879 9917 4075 35418 17564
internal_value=-2.1111e-05 0.000190536 -0.00115972 0.000669015 0.00325794 0.00187469 0.00307016 0.0334158 -0.0121772 -0.0226006 0.00163731 0.00686529 -0.00359534 0.0213018 -0.0026567 0.00285021 0.00874466 -0.00958586 -0.00020616 0.034336 0.000502288 0.0061724 0.0291039 0.0415746 -0.000687138 0.00278002 0.0188268 -0.0025118 -0.00317492 0.00444096
internal_weight=105455 103996 72209.8 61930.3 31786.4 30392.4 28977 1394 10279.5 1415.34 27741.9 12510.4 7254.13 5256.3 15231.5 8486.72 5826.51 6744.78 60081.1 2577.98 6359.07 4594.98 1849.19 1181.73 58573 24469.9 6068.37 18401.5 34103.1 10964.3
internal_count=525279 515139 354091 302042 161048 155045 147595 6003 52049 7450 141285 59710 35286 24424 81575 46657 33284 34918 293903 12301 30492 21447 8139 5265 286427 121789 27835 93954 164638 52982
is_linear=0
shrinkage=0.05


Tree=66
num_leaves=31
num_cat=0
split_feature=10 0 2 5 7 10 32 25 43 32 12 13 11 43 34 37 3 32 43 12 12 43 28 34 12 29 10 34 25 43
split_gain=137.071 118.063 126.383 116.677 132.638 132.107 109.205 89.431 87.1115 97.6404 85.3467 80.4138 76.2161 106.039 149.842 81.5486 77.4504 74.8825 80.7316 71.4767 75.5756 67.0103 68.1075 133.353 113.022 94.7094 72.8635 72.5958 69.2664 66.1029
threshold=0.0089332508102177039 0.083333333333333384 -0.11490291109856342 -0.064779174916516621 -0.071581976752230311 0.024748666869404756 10.500000000000002 0.48002659574468093 5.5000000000000009 8.5000000000000018 1.0000000180025095e-35 0.0084126772707364805 1.0697233274448423 3.5000000000000004 2.844909405997881 -0.047293410412741148 -0.094170403587445536 8.5000000000000018 3.5000000000000004 5.7428571428571473 30.435714285714287 5.5000000000000009 0.28373396469204798 5.9114739122436086 11.38928571428572 -0.077251185310950349 0.020800873346487 2.8931418480839728 0.69203525399929811 6.5000000000000009
decision_type=8 10 8 8 8 8 2 10 2 2 8 10 10 2 2 10 10 2 2 10 10 2 8 2 10 10 10 2 10 2
left_child=7 2 -2 12 5 -5 8 -1 17 -10 -6 -3 13 16 -15 -16 -4 -7 -19 -17 -21 22 25 -24 -25 -12 27 28 -27 -23
right_child=1 11 3 4 10 6 -8 -9 9 -11 21 -13 -14 14 15 19 -18 18 -20 20 -22 29 23 24 -26 26 -28 -29 -30 -31
leaf_value=-0.0032969214095349602 0.011847680130256229 0.06497612986700417 0.016129750648004943 -0.0076980152318520375 -0.043390926201063641 -0.0018616961628427895 0.0061753974077440529 -0.027729015566653623 0.0073058539366667079 0.065263472987523136 0.01162758255929577 0.010126628387944597 -0.0012999780284206792 0.0098391609545358163 -0.018715132660941707 -0.0045911116697713045 0.0048880862783629809 -0.00052720196383807319 -0.015334399412946662 0.016379176475533969 -0.041985383683769757 -0.016788377483180069 -0.016859137552049552 0.15802124365418629 -0.0080107519275142008 0.014928107027285448 0.0036904681392072023 -0.0033687642129775195 -0.0033473776478631827 0.0020025575610977844
leaf_weight=774.37324092909694 2155.9396273270249 69.14770569652319 1744.810940399766 13326.967132728547 109.25432541966438 11623.379675328732 3946.6012349948287 725.41477779299021 638.3098281621933 82.004782617092133 2300.5061980597675 1987.5007626116276 12184.97975775972 2478.5995776318014 883.45899328589439 4963.8872271105647 12571.074830789119 1464.3246221840382 2478.7951420471072 707.45965244621038 60.184053614735603 1029.2077237144113 813.06620143353939 20.63730226457119 20.363948866724968 1168.0048892945051 12788.074196465313 10482.416079618037 932.32567335665226 858.33637040108442
leaf_count=7512 9344 305 7643 76956 1050 54201 17006 9531 2880 342 10855 8623 57120 11308 3995 23666 62156 6832 11305 3275 290 4669 5020 118 90 5816 58116 57310 4470 4048
internal_value=-0.000106463 0.000110194 -0.000129345 -0.000388399 -0.00166333 -0.00383268 -0.00128673 -0.0151142 -0.00309494 0.0139041 0.000721956 0.0119708 0.00190692 0.00357617 -0.000646138 -0.00457492 0.00625821 -0.00388154 -0.00983557 -0.00239535 0.0118033 0.000880425 0.00148416 -0.0124224 0.0755587 0.00191338 0.00103254 -0.00166876 0.00681572 -0.00824344
internal_weight=105389 103890 101833 99677 64082.6 33560.4 20233.4 1499.79 16286.8 720.315 30522.2 2056.65 35594.5 23409.5 9093.59 6614.99 14315.9 15566.5 3943.12 5731.53 767.644 30412.9 28525.4 854.067 41.0013 27671.3 25370.8 12582.7 2100.33 1887.54
internal_count=525852 508809 499881 490537 321084 169522 92566 17043 75560 3222 151562 8928 169453 112333 42534 31226 69799 72338 18137 27231 3565 150512 141795 5228 208 136567 125712 67596 10286 8717
is_linear=0
shrinkage=0.05


Tree=67
num_leaves=31
num_cat=0
split_feature=5 38 13 28 25 32 5 26 9 32 34 34 32 25 34 12 14 34 32 32 13 28 12 38 26 34 8 34 34 43
split_gain=139.833 162.659 150.158 134.307 87.5046 119.602 83.848 106.371 83.7471 82.5943 112.471 97.734 80.0775 74.8041 74.2603 89.0913 84.9266 70.4693 69.5054 111.418 106.012 98.347 84.3918 65.0201 63.2519 65.7736 60.6683 177.123 111.082 89.3593
threshold=-0.092463317679611787 0.0022352092318688181 0.030944357379279377 0.038614595640270706 0.93758468834688358 11.500000000000002 -0.33996413060801645 0.62391916473549136 0.031483791935682071 4.5000000000000009 2.0856528016791152 3.2153695596592824 9.5000000000000018 0.70325806373790767 5.2441251026372298 0.49285714285714327 7.5000000000000009 5.9114739122436086 8.5000000000000018 11.500000000000002 0.011329086460558109 -0.03985230703781404 1.0000000180025095e-35 -0.042490491901439602 0.56166181282134264 4.7427557540103971 0.0039661282697494036 4.2911439039520625 3.8575662620994593 2.5000000000000004
decision_type=10 10 10 8 10 2 8 10 10 2 2 2 2 10 2 8 8 2 2 2 10 10 10 10 10 2 10 2 2 2
left_child=3 2 9 6 5 12 -1 -8 -9 11 -11 -2 -3 24 15 -5 -16 -18 -12 20 -20 -21 -23 -24 25 -7 27 28 -25 -28
right_child=1 4 -4 14 -6 13 7 8 -10 10 18 -13 -14 -15 16 -17 17 -19 19 21 -22 22 23 26 -26 -27 29 -29 -30 -31
leaf_value=0.017236201054065658 -0.02255422018761382 -1.707435455342234e-05 -0.00011828677643226061 0.0084855503457476698 0.0059541404014045668 0.032340401164936382 0.0061094731321638647 -0.0051985587317922369 0.0040264338005308259 0.024203763340071849 -0.0015122450864069811 -0.0077259702479828968 -0.0071239715224064616 0.0016552591253813063 0.0064907413471845437 -0.0084871824412863141 0.025927864193222586 0.13407170338605823 -0.031100077503789399 -0.034145388323171232 -0.010039682099302552 -0.032508786784900282 -0.0074330038594148454 0.063393137706187028 0.0036106060539430824 -0.003679325068590816 -0.013956685350154156 -0.040106437392980157 0.20987076288006709 0.02358123619311725
leaf_weight=1183.7561601698399 1633.0749147385359 26927.910952396691 13803.348845660686 926.47053484246135 6973.0721908807755 728.429238922894 16303.640499975532 4801.8396182060242 5045.1406524032354 324.29295371845365 5292.0744102746248 3477.5570992566645 4647.7196157202125 1401.6501682065427 484.62508394569159 4672.4234642311931 38.674037709832191 24.674981415271759 716.05213350057602 166.52479716017842 3610.1373270489275 125.66435379162431 360.14260163158178 56.253732513636351 486.16197746992111 153.43535279482603 221.63910363614559 34.692079078406096 16.811225015670061 556.88270506262779
leaf_count=5071 11923 130751 66836 4306 30784 3239 79602 22120 22233 1631 27043 25459 22170 6167 2198 22214 274 129 7797 960 21025 1884 1806 528 2104 739 1238 309 130 2640
internal_value=5.07033e-05 -0.00119489 -0.00397127 0.00271865 0.000847498 -0.000189295 0.00422038 0.00363119 -0.000472096 -0.00717671 -0.00482306 -0.0124643 -0.00106316 0.00977319 -0.00395934 -0.00567864 0.0136074 0.0680508 -0.00566677 -0.00941559 -0.0135255 0.00214047 0.00654435 0.0104817 0.0180907 0.0260733 0.0177614 0.0529238 0.0970956 0.0128945
internal_weight=105195 71713.5 30395.1 33481.2 41318.4 34345.3 27334.4 26150.6 9846.98 16591.8 11481.2 5110.63 31575.6 2769.68 6146.87 5598.89 547.974 63.349 11156.9 5864.8 4326.19 1538.61 1372.09 1246.42 1368.03 881.865 886.279 107.757 73.065 778.522
internal_count=525310 367163 171209 158147 195954 165170 129026 123955 44353 104373 66991 37382 152921 12249 29121 26520 2601 403 65360 38317 28822 9495 8535 6651 6082 3978 4845 967 658 3878
is_linear=0
shrinkage=0.05


Tree=68
num_leaves=31
num_cat=0
split_feature=1 1 20 5 8 28 26 10 7 43 34 10 5 5 10 25 12 13 11 28 34 25 11 12 43 34 34 6 1 11
split_gain=124.231 125.379 110.565 113.514 131.447 106.211 93.0991 159.09 90.4264 76.5245 75.2647 68.278 72.102 83.8244 78.484 68.097 67.6771 66.1725 64.4304 61.5491 103.901 67.8789 56.7907 59.5027 56.7409 56.176 135.318 72.8254 59.973 55.7903
threshold=-0.08695652173913053 0.18537397475124032 0.035944083280082965 -0.070640385634626865 0.037218836075710533 -0.13609246123410731 0.71322142064372929 0.031780156129154809 -0.043429207763283399 1.5000000000000002 7.0432909108216277 0.019347719241598879 0.014434105816129807 0.25000909337586202 0.026261020965603479 0.98662654481068812 1.0000000180025095e-35 0.0018217375844493638 0.36842891971182673 0.021552395298904712 2.4466760667407619 0.31162928324731271 0.920978812751725 7.3571428571428585 5.5000000000000009 4.2024510238383925 3.2367138130944357 21.430865578210994 -1.0000000180025095e-35 1.560445278003608
decision_type=8 10 8 8 8 8 10 10 10 2 2 8 8 8 8 8 10 10 10 8 2 10 10 10 2 2 2 10 10 10
left_child=5 2 -2 6 10 -1 29 9 11 -8 16 -6 -13 -14 -15 -3 -5 -10 25 20 -16 -22 -9 -24 -21 26 -18 28 -28 -4
right_child=1 15 3 4 8 -7 7 22 17 -11 -12 12 13 14 19 -17 18 -19 -20 24 21 -23 23 -25 -26 -27 27 -29 -30 -31
leaf_value=0.038533654404789036 -0.022287564895913197 0.0088169628841299873 0.0033851293247467011 -0.025182413299430495 -0.0066311504279421883 0.0070856212876258713 0.011869183389878609 0.013206739253758322 -0.063119197936527663 -0.010456930524126566 -0.030173197100356031 0.0029867203477708113 -0.0047029228273474631 0.016776337491164309 -0.02636656017149008 0.03862000272092838 -0.015165287420009738 0.0025149100575064393 -0.0059859613749648523 -0.0057694086400902466 0.012795910644907559 0.00051963470711145559 0.003167199161564699 -0.02103620179088786 0.016465275194873071 -0.011487293966432055 0.19579197109346391 0.041865156486514767 0.066362069392764955 0.034461077622474544
leaf_weight=304.3195738196373 577.52045799046755 584.10741600394249 24962.238823588938 445.9139241501689 6533.9309979565442 2280.1855921670794 420.24456410109997 1354.1008704528213 38.488079890608788 4426.6970454864204 339.81762079894543 8343.8910279497504 15349.590186573565 744.02765969932079 270.04735653102398 285.2764126509428 73.367464769631624 17255.062108114362 8192.4411912709475 4257.1775159612298 1903.3934485316277 2756.9837926402688 2552.4892444089055 281.98989064991474 307.66533190011978 96.921867407858372 18.003446400165558 61.930851586163044 17.797994393855333 145.26788990199566
leaf_count=1347 3982 2531 121582 6443 36702 9970 1945 5825 280 20218 2943 39942 73977 3571 1207 1212 663 82969 50703 20054 8666 13060 10945 1189 1329 828 165 482 205 677
internal_value=-3.80734e-05 -0.000310807 -0.000472393 -0.000347837 -0.00154349 0.0107886 0.00199866 -0.00235362 -0.000657449 -0.00852119 -0.00707853 -0.00195074 -0.0010495 -0.00236561 0.00113821 0.0185964 -0.00619736 0.00236884 -0.00519674 -8.71534e-05 0.0037863 0.00553352 0.00478336 0.000759309 -0.00427082 0.0189267 0.0361552 0.0746814 0.131448 0.00356493
internal_weight=105181 102596 101727 101149 67006.5 2584.51 34143 9035.52 57760.3 4846.94 9246.19 40466.7 33932.8 25588.9 10239.3 869.384 8906.38 17293.6 8460.46 9495.27 4930.42 4660.38 4188.58 2834.48 4564.84 268.022 171.1 97.7323 35.8014 25107.5
internal_count=525612 514295 510552 506570 344189 11317 162381 40122 281757 22163 62432 198508 161806 121864 47887 3743 59489 83249 53046 44316 22933 21726 17959 12134 21383 2343 1515 852 370 122259
is_linear=0
shrinkage=0.05


Tree=69
num_leaves=31
num_cat=0
split_feature=10 35 35 7 25 4 9 0 13 34 20 8 34 10 13 10 32 12 32 13 25 32 26 12 43 20 32 34 7 34
split_gain=125.369 109.766 120.728 114.239 108.421 92.5046 94.6769 90.1642 80.436 65.5435 70.6582 69.1766 76.7772 59.2051 59.1436 52.4958 49.4741 80.7666 76.479 67.4274 64.464 56.6432 50.0476 48.4406 51.7452 55.8079 48.3324 62.9667 86.6085 47.7219
threshold=0.0068184028704408118 -0.0056179775281318669 0.018140589569143665 -0.37047794224561603 0.21438146304098052 -0.11869436201780424 0.0047652426755119496 1.0000000180025095e-35 0.024074790991255781 2.0856528016791152 0.39433019819592569 0.078232583133287861 4.3060898412376885 0.012552504710563806 0.0073953921635552386 0.036029628614287317 10.500000000000002 1.0214285714285734 8.5000000000000018 0.079259963196871869 0.78425156755461478 4.5000000000000009 0.46175250390872929 45.417857142857152 1.5000000000000002 0.66991727897067699 6.5000000000000009 3.7184382656144543 -0.25099944063288393 3.9541237218239575
decision_type=8 10 10 8 10 8 8 10 8 2 8 10 2 10 8 8 2 8 2 10 8 2 10 8 2 8 2 2 10 2
left_child=4 5 7 -4 -1 -2 29 8 9 13 11 -11 -13 -3 -5 -14 18 20 21 -20 22 -10 -18 24 -19 -26 27 28 -8 -7
right_child=1 2 3 14 -6 6 26 -9 16 10 -12 12 15 -15 -16 -17 17 23 19 -21 -22 -23 -24 -25 25 -27 -28 -29 -30 -31
leaf_value=0.018476704730714368 0.012087997086649068 0.079316470960719324 0.028911747840705455 0.042646940802710559 -0.032534654207214318 0.11207635734023641 0.012729038584661765 0.00064318018357403014 -0.0037816687349965595 -0.023392306540968404 -0.0052947352896498337 0.0035106249408534207 -0.016147212504456582 0.0073994362115600305 0.0024526030335650598 -0.070348168639455103 0.024211676041204389 -0.018410944569555141 -0.0086510617593177751 0.017918220727120401 -0.0096451329898172757 0.0017552636967981521 0.0070849912949527529 -0.04481884664228853 0.012817077492289899 -0.0028099756575781067 0.0045707326108344768 0.0046821557363260543 -0.0071672854566548682 -0.0037866118411638491
leaf_weight=130.93240806087852 2709.9987223371863 30.673470459878445 429.00770352780819 92.127390034496784 509.51795225217938 29.347987901419401 630.8458386734128 28720.858564980328 9113.6271654590964 1181.6777141951025 9938.1672568432987 680.29813385009766 186.87885687500238 427.01105863973498 13891.053445402533 58.707735434174538 737.31803575903177 386.00865389406681 5627.6078377254307 249.37159553170204 334.76614613831043 9365.8842786177993 1012.0573545321822 64.679420560598373 755.70921322703362 2341.5764424204826 8267.4957151524723 3055.0257793217897 4113.2596540823579 12.747529100626705
leaf_count=1261 12400 186 1837 422 7738 255 2831 141107 47387 9361 57609 3278 974 2195 64527 256 3401 2063 27442 1050 1528 41567 4422 276 3292 10133 38716 15882 21911 113
internal_value=-5.15683e-05 8.36696e-05 -0.000676232 0.00349715 -0.022106 0.00354122 0.00210338 -0.00152085 -0.00298354 -0.00635257 -0.00705822 -0.0153739 -0.00514025 0.0122192 0.00271742 -0.029104 -0.00157886 0.00264445 -0.00255544 -0.00752368 0.0104567 -0.000975411 0.0143035 -0.00194461 -0.0011485 0.00100288 0.00190717 -0.000916351 -0.00452158 0.0769903
internal_weight=105084 104444 85625.1 14412.2 640.45 18818.7 16108.7 71212.9 42492 12503.4 12045.7 2107.56 925.885 457.685 13983.2 245.587 29988.6 5632.12 24356.5 5876.98 2084.14 18479.5 1749.38 3547.97 3483.29 3097.29 16066.6 7799.13 4744.11 42.0955
internal_count=525420 516421 424313 66786 8999 92108 79708 357527 216420 73859 71478 13869 4508 2381 64949 1230 142561 25115 117446 28492 9351 88954 7823 15764 15488 13425 79340 40624 24742 368
is_linear=0
shrinkage=0.05


Tree=70
num_leaves=31
num_cat=0
split_feature=33 33 33 13 33 33 33 33 33 33 28 34 32 39 28 33 34 26 8 33 33 34 32 33 43 28 33 12 33 33
split_gain=124.351 369.831 184.117 173.805 143.955 347.71 508.127 476.04 352.616 421.023 384.104 299.56 338.624 258.41 236.839 331.371 209.536 198.327 189.297 163.095 514.727 773.651 354.042 415.085 329.51 338.413 288.313 319.647 248.03 411.08
threshold=-4852.9999999999991 -4797.4999999999991 -4910.4999999999991 0.029686427207101223 -4550.4999999999991 -4375.4999999999991 -4303.4999999999991 -4116.4999999999991 -4018.4999999999995 -3900.4999999999995 0.098527772283736478 4.2477804456445627 3.5000000000000004 1.0000000180025095e-35 0.031655404913169184 -4664.4999999999991 2.2027494954295124 0.048496155585707836 1.3440061475409837 -3304.4999999999995 -3636.4999999999995 3.654545938253261 10.500000000000002 -3332.4999999999995 3.5000000000000004 0.10102171742231085 -3823.4999999999995 0.87142857142857244 -2952.4999999999995 -2739.4999999999995
decision_type=2 2 2 8 2 2 2 2 2 2 10 2 2 10 10 2 2 8 10 2 2 2 2 2 2 10 2 10 2 2
left_child=2 -2 3 -1 14 11 -7 16 10 13 -9 -6 -13 -10 15 -3 -8 -11 -18 20 26 22 23 -22 -21 28 -19 -28 -26 -30
right_child=1 4 -4 -5 5 6 7 8 9 17 -12 12 -14 -15 -16 -17 18 19 -20 24 21 -23 -24 -25 25 -27 27 -29 29 -31
leaf_value=0.012047702701172065 0.025794962965084763 0.000360190955603536 -0.027226747188575345 -0.015580210787813839 -0.024629830512046424 0.024628016925055424 0.043866900366508331 0.024117524213974974 -0.034844116889879304 -0.01376514826398248 -0.02929551214247933 0.034095867446259503 -0.016094717547661608 -0.0060828146053302301 -0.0014942567061366494 0.033090166667214198 -0.019794594250785669 0.0094248320699566804 0.088071939566043811 0.0035101673740087682 0.013159643683804107 -0.004777438462996701 0.050714024621915987 0.059859487300866654 -0.017459121348684752 0.0055307808267243304 -0.025832394304526177 0.00018164805735294579 0.013601918883639772 -0.0075483803051266275
leaf_weight=1146.9096225649118 1402.1088859736919 1505.4301873147488 1020.0100914612412 1130.2346985861659 2682.8474705070257 2058.8156485408545 138.12109696120024 2600.5171833485365 1334.4727348834276 2377.8934588506818 386.625882178545 558.31380043923855 844.18347331136465 1882.8729576990008 3766.326351210475 1590.196275100112 4122.7457541674376 2361.3927175626159 41.078556001186371 28364.766653660685 4063.8170492574573 3701.4441340267658 1057.1737067848444 538.92559793591499 4539.7832584679127 7057.4361945055425 2213.7846364155412 2530.7961615845561 2701.2966048493981 15364.489921297878
leaf_count=5592 6238 6170 6411 7190 14849 8395 654 11339 6669 18174 1628 2785 4095 8738 15458 6555 22879 10391 175 147573 18861 18816 4877 2247 23463 32310 11492 12767 11909 76858
internal_value=-1.62675e-05 0.000293294 -0.00957287 -0.0016651 -6.28934e-05 -0.000575767 7.58171e-05 -0.000502677 0.000337127 -0.00029197 0.0172043 -0.0148406 0.00388543 -0.0180123 0.00692722 0.0171733 -0.0167206 0.000449673 -0.0187304 0.000903412 0.00529511 0.0129969 0.0246208 0.0186276 -0.000342881 -0.0040273 -0.00485112 -0.0119563 -0.00701132 -0.00438587
internal_weight=105085 101788 3297.15 2277.14 100386 93523.6 89438.2 87379.4 83077.5 80090.3 2987.14 4085.34 1402.5 3217.35 6861.95 3095.63 4301.95 76873 4163.82 74495.1 16467.3 9361.36 5659.92 4602.74 58027.8 29663 7105.97 4744.58 22605.6 18065.8
internal_count=525558 506365 19193 12782 500127 471944 450215 441820 418112 405145 12967 21729 6880 15407 28183 12725 23708 389738 23054 371564 79451 44801 25985 21108 292113 144540 34650 24259 112230 88767
is_linear=0
shrinkage=0.05


Tree=71
num_leaves=31
num_cat=0
split_feature=35 0 2 10 4 2 28 34 20 10 43 34 5 12 43 8 19 10 20 38 19 12 34 10 8 11 11 34 28 13
split_gain=124.094 136.638 115.669 98.6257 87.3813 83.7762 74.8717 81.9423 61.9273 72.652 55.9329 116.61 68.4876 99.1589 109.111 65.2252 62.0779 57.5376 53.2754 53.2401 52.9412 52.1263 49.3057 48.5571 60.1103 47.699 47.284 49.4248 45.921 42.9186
threshold=-0.005405405405445817 0.005226040432278368 -0.1224489795918338 0.0074749048882913017 -0.08957380768454519 0.30818868531522042 0.050285325317946834 4.5234175369119054 0.3587017442648604 0.024847475972552758 3.5000000000000004 3.0657219285807118 -0.040816326530612561 1.3928571428571439 1.0000000180025095e-35 0.28283608886390949 -0.40217275989425533 0.030109092372056969 0.58514086110852015 -0.023150113660695134 -0.42974828742071408 2.492857142857146 2.519889237999525 0.036029628614287317 0.082195663653589338 1.5167547191008504 1.1535650312199968 3.0841983033087499 -0.19440846219277988 1.1796119636642291e-17
decision_type=10 10 8 8 8 8 10 2 10 8 2 2 10 10 2 10 10 10 10 10 10 10 2 8 10 10 10 2 8 10
left_child=4 2 28 6 -1 -3 -4 -8 9 -5 12 16 17 14 -14 -15 -12 26 -17 20 -13 22 -19 24 -11 -22 27 -10 -2 -29
right_child=1 5 3 8 -6 -7 7 -9 10 23 11 19 13 15 -16 18 -18 21 -20 -21 25 -23 -24 -25 -26 -27 -28 29 -30 -31
leaf_value=0.01005725535982796 0.056410181804028937 0.0015130246578664037 -0.030076537745788841 -0.017489499811570247 0.0018719499662162979 0.023978312449893381 0.082489559470062479 -0.010692280173029705 -0.0033467057062834824 -0.010439821246271191 -0.0031903243860220117 -0.014272886196680632 -0.038788679410840882 -0.0024918796884241087 -0.0071960625570034317 0.032699959070703132 0.0060773859466487648 0.00090368003072653191 0.0059575984492550244 -0.0038458665430745049 -0.0054481551103422819 -0.0029592049376192422 0.018338064079792476 -0.010221708722933952 0.014030768391980794 0.043716142544882347 -0.0057212034905674202 -0.024684915966777046 0.011804669670734839 0.0055383142467312742
leaf_weight=4156.3510885424912 61.501465171575546 31103.365746952593 531.84015404805541 1428.1699288152158 15127.969010539353 420.60102831572294 31.643965862691402 92.733265798538923 2646.158328268677 406.31424175947905 3289.5140699483454 2927.7455258853734 297.09593946486712 3715.0721832923591 3411.9454859830439 220.19598084688187 4008.9802944734693 581.41918124258518 1207.6164082288742 13725.746430777013 2594.4864501953125 689.73739175498486 1340.5262845605612 1127.6083589568734 656.34340403974056 50.29061096906662 2344.1087255366147 119.96274152770638 933.42873221635818 5638.6266136132181
leaf_count=19652 262 148720 8223 10768 75462 1892 275 882 13160 2064 15957 14778 1577 20125 19622 966 18912 2598 5237 67749 12706 2946 5939 5695 3113 222 11770 912 4010 29386
internal_value=1.26415e-05 -0.000803646 -0.00232882 -0.0026454 0.00363613 0.00181276 -0.0219091 0.013015 -0.00240428 -0.00871562 -0.00193639 -0.0034832 -8.42758e-05 -0.00349519 -0.00972665 0.00099893 0.00190032 0.0021756 0.0100818 -0.00551922 -0.00964088 0.00883224 0.0130639 -0.00299458 0.00467428 -0.00451329 0.000558216 0.00230956 0.014562 0.0049087
internal_weight=104887 85602.8 54078.8 53083.9 19284.3 31524 656.217 124.377 52427.7 3618.44 48809.2 26596.8 22212.5 8851.93 3709.04 5142.88 7298.49 13360.5 1427.81 19298.3 5572.52 2611.68 1921.95 2190.27 1062.66 2644.78 10748.9 8404.75 994.93 5758.59
internal_count=525580 430466 279854 275582 95114 150612 9380 1157 266202 21640 244562 130324 114238 47527 21199 26328 34869 66711 6203 95455 27706 11483 8537 10872 5177 12928 55228 43458 4272 30298
is_linear=0
shrinkage=0.05


Tree=72
num_leaves=31
num_cat=0
split_feature=33 33 34 33 13 3 32 33 12 34 32 33 33 33 33 33 33 32 33 33 33 26 26 33 33 7 33 10 10 28
split_gain=128.156 291.748 186.793 162.439 166.701 133.426 127.454 287.222 375.131 371.724 375.305 637.519 444.855 235.734 388.946 363.661 241.88 332.499 266.868 318.454 221.684 216.666 208.232 205.082 225.238 295.821 198.639 267.235 176.177 168.738
threshold=-4852.9999999999991 -4779.4999999999991 3.6122674411288074 -4910.4999999999991 0.034712978984163444 -0.1220141603727679 5.5000000000000009 -2641.4999999999995 3.1571428571428535 4.1873791399198668 3.5000000000000004 -2338.4999999999995 -1974.4999999999998 -4133.4999999999991 -4550.4999999999991 -4067.4999999999995 -2726.4999999999995 3.5000000000000004 -3039.4999999999995 -3405.4999999999995 -4517.4999999999991 0.27057263223591826 0.43418711369170265 -1562.4999999999998 -1933.4999999999998 -0.19999999999999998 -3479.4999999999995 0.01358858626690305 0.045772964019133174 0.031655404913169184
decision_type=2 2 2 2 8 10 2 2 10 2 2 2 2 2 2 2 2 2 2 2 2 8 8 2 2 10 2 8 10 10
left_child=3 2 -2 4 -1 -3 7 8 13 10 11 28 -13 14 22 -15 17 18 19 26 -10 -14 -7 24 25 -12 -17 -28 -9 -20
right_child=1 5 -4 -5 -6 6 -8 9 20 -11 23 12 21 15 -16 16 -18 -19 29 -21 -22 -23 -24 -25 -26 -27 27 -29 -30 -31
leaf_value=0.0083178000957816241 0.0050813771762591225 0.0081031477274328065 0.036409214169939273 -0.026372724843627002 -0.019512623211774341 0.056431556396841977 0.00093363270690453273 0.037084521132954927 0.040923493456935245 -0.010677383659887076 0.04077719874235114 -0.030924596430685871 -0.027685621902923774 0.019505775913498894 -0.029109412671783203 -0.0067567593650832737 -0.028368859113263395 -0.017865432338378392 0.05415197837307123 -0.021389695771110863 0.0022541958947861745 0.008425995817881414 -0.010871696038565521 0.0039843745296303888 0.043556073171609637 -0.01249229449656318 0.12304573105743638 0.014100888943159799 -0.044061898088636163 0.0081414566284463419
leaf_weight=1412.71497284621 1019.4356266111135 4815.8425782173872 892.28642728924751 1009.2301200032234 869.08433567732573 214.38122352957726 61098.875191982836 1155.6949878111482 402.69605009257793 3589.3328576274216 489.24796268343925 1463.5913376659155 495.52218871563673 1158.9235634952784 2841.4981437399983 1623.3185490444303 1533.0067459791899 4103.4279928579926 339.66302242875099 1664.8979840949178 4654.6980358660221 2568.0132187157869 247.72536005079746 1162.4501582458615 1300.9670167416334 557.71815659105778 58.433165170252323 1533.6957353278995 70.997608214616776 482.09640608727932
leaf_count=7109 4561 20797 3812 6411 5718 880 291860 5022 1754 20453 2056 8361 4531 5527 18403 9937 8826 20835 2061 10858 24804 14145 1015 5960 6450 2961 435 7500 292 2128
internal_value=4.08157e-05 0.000355553 0.0197035 -0.0096698 -0.00228216 -1.57118e-05 -0.000428103 -0.00289608 -0.00651899 0.00298309 0.00827573 0.000415092 -0.00824844 -0.0103125 -0.0221908 -0.00717255 -0.00989937 -0.00701183 0.00079879 -0.00363983 0.00533325 0.002585 0.0203517 0.02116 0.0296635 0.0124006 0.00555072 0.0180993 0.032388 0.0271593
internal_weight=104829 101538 1911.72 3291.03 2281.8 99626.7 94810.9 33712 20858.5 12853.5 9264.2 5753.82 4527.13 15801.1 3303.6 12497.5 11338.5 9805.53 5702.1 4880.35 5057.39 3063.54 462.107 3510.38 2347.93 1046.97 3215.45 1592.13 1226.69 821.759
internal_count=525462 506224 8373 19238 12827 497851 477054 185194 114963 70231 49778 32351 27037 88405 20298 68107 62580 53754 32919 28730 26558 18676 1895 17427 11467 5017 17872 7935 5314 4189
is_linear=0
shrinkage=0.05


Tree=73
num_leaves=31
num_cat=0
split_feature=10 38 0 10 28 32 32 32 25 13 21 11 26 8 5 43 26 19 25 32 43 10 25 37 13 11 10 5 13 25
split_gain=119.275 100.745 118.706 108.781 104.259 93.9186 100.473 157.772 146.186 103.825 116.042 90.3113 133.632 120.13 89.8935 88.8686 103.723 85.4832 84.2388 110.673 83.551 94.2259 78.9659 78.4593 74.626 69.0133 68.0613 77.1421 67.2295 64.23
threshold=0.0074749048882913017 -0.071967177232864873 0.072555205047319507 0.044413701747699777 0.020016144843659055 4.5000000000000009 8.5000000000000018 11.500000000000002 0.60394649015463353 0.022942672514271782 0.77562231030926332 0.46938680978983122 0.30647658044542103 0.20806724967798798 -0.29809589687710714 2.5000000000000004 0.46566024837643843 0.80661137946021699 0.14499825918979328 1.5000000000000002 1.0000000180025095e-35 0.050044134320023782 0.335394171046345 -0.12306275319932657 0.010080235881605315 0.86019173190030707 0.057009043577104325 0.27328563884627827 0.0073953921635552386 0.87968919625266384
decision_type=8 8 10 8 10 2 2 2 8 8 8 8 10 10 10 2 10 8 10 2 2 8 10 10 10 10 10 8 10 8
left_child=22 3 5 4 14 17 11 9 15 10 -8 12 13 -7 -2 -9 28 23 -16 -20 -11 -22 -1 -3 -4 29 27 -25 -17 -10
right_child=1 2 24 -5 -6 6 7 8 25 20 -12 -13 -14 -15 18 16 -18 -19 19 -21 21 -23 -24 26 -26 -27 -28 -29 -30 -31
leaf_value=0.0025252276083824834 0.013704695214339103 0.039534439700582714 0.058362753730095224 0.01546151599093412 -0.00747053267109383 0.013535138150735569 -0.012649058078488921 0.0002558932156387956 -0.0057746180280918002 -0.018811044590827955 0.050357140709204842 0.0014789750569049293 0.042407975157945338 -0.03324177466307001 -0.0024508521475346033 -0.022453371504220353 0.0030401023024495878 0.0024292080081905567 0.031080071800159079 0.0039767424855539956 -0.0026560337540542526 0.016288483476723053 -0.030627624830859151 -0.006808134532275684 0.0083962318691159759 0.001882443305607743 -0.063745206089749706 0.0022011520931829588 0.02595526393328745 -0.031172930292533693
leaf_weight=272.47669145837426 1899.0557815507054 96.955973386764526 77.073783881962299 1640.6443222612143 2505.9126910641789 812.84157817065716 4013.6391314826906 1333.0915801897645 947.28093798458576 759.9627311527729 74.433626562356949 27229.48441156745 330.59317652136087 165.14108603447676 6033.0764807835221 75.155249707400799 956.67551413178444 4418.4481672346592 392.5272908732295 9310.9546646773815 15284.597161874175 685.81202912330627 527.01285648345947 15231.985352110118 2453.1134292781353 2426.319393094629 50.127501338720322 2815.1584877222776 1570.1553096175194 337.65284779667854
leaf_count=2827 8224 426 344 6908 11124 3991 26450 7055 4727 5577 469 124717 1721 745 27345 402 4199 23551 1826 44463 72771 2861 8217 91607 10739 10661 215 12877 7074 1526
internal_value=-9.00337e-05 5.79642e-05 -0.000743668 0.00308111 0.00207265 -0.00108251 -8.85453e-07 -0.00210275 0.00403951 -0.00435872 -0.0115019 0.00209558 0.0149262 0.00563644 0.00342868 0.0107535 0.0161318 -0.00380909 0.00218859 0.00507313 -0.00261329 -0.00184251 -0.0193287 -0.00532406 0.0099183 -0.00307939 -0.00556439 -0.00540278 0.023744 -0.0124487
internal_weight=104727 103928 82145.7 21782.2 20141.5 79615.5 57002.8 28464.8 7646.33 20818.4 4088.07 28538.1 1308.58 977.983 17635.6 3935.08 2601.99 22612.7 15736.6 9703.48 16730.4 15970.4 799.49 18194.2 2530.19 3711.25 18097.3 18047.1 1645.31 1284.93
internal_count=525639 514595 414705 99890 92982 403622 274946 143772 35644 108128 26919 131174 6457 4736 81858 18730 11675 128676 73634 46289 81209 75632 11044 105125 11083 16914 104699 104484 7476 6253
is_linear=0
shrinkage=0.05


Tree=74
num_leaves=31
num_cat=0
split_feature=20 26 35 35 7 4 9 28 26 7 28 10 25 8 13 5 7 25 43 13 11 20 28 10 7 9 35 13 43 12
split_gain=112.68 105.552 88.2788 112.48 107.538 69.2144 74.5456 88.5273 67.423 63.0627 80.3677 63.3281 58.2174 56.6849 55.4084 52.8093 71.5704 60.7034 56.8735 51.0726 48.9079 46.9263 47.0816 45.2371 41.9822 42.6846 44.7735 40.9758 40.7306 73.2303
threshold=0.10685938529121336 0.048496155585707836 -0.0035458825100484477 0.018140589569143665 -0.37047794224561603 -0.08957380768454519 0.007104130438169271 -0.019228695331064385 0.49010178145539646 -0.48956154114365408 -0.0052832554441687172 0.0057358843315476618 0.96816131375762404 0.054949629887182001 1.0000000180025095e-35 -0.064779174916516621 -0.071581976752230311 0.70325806373790767 5.5000000000000009 0.015186809799938495 1.0373356073168725 0.7354845326732431 -0.012416498945304435 0.019442525835950675 -0.039837901142681924 0.050121375289591145 -1.1601830607332884e-14 0.018517290699321207 3.5000000000000004 0.47857142857142865
decision_type=8 8 10 10 8 8 8 10 10 8 10 8 10 10 8 8 8 8 2 10 10 8 8 8 10 10 8 8 2 10
left_child=13 -2 5 9 -5 -3 7 8 -7 10 -4 -11 15 -1 -6 20 18 19 -17 -18 28 -19 -23 -8 25 26 -15 -25 -13 -30
right_child=1 2 3 4 14 6 23 -9 -10 11 -12 12 -14 24 -16 16 17 21 -20 -21 -22 22 -24 27 -26 -27 -28 -29 29 -31
leaf_value=-0.02829289628140183 -0.0084795145567238828 0.0086302538409905438 -0.0012350029300159469 0.028359599823704274 0.065060232390593664 0.023317975008733966 -0.0024090036558148211 0.010132399404354241 0.16434791414006691 -0.032887807712123129 -0.054769359829601662 0.0047225738176110404 0.0066323104667143128 0.011902203184859128 0.0027089583723722637 -0.0049825747191941062 -0.0088997001044765819 0.0049658484934478817 0.0098066460692202585 0.0040450636908678532 -0.0024699558808867141 0.0041300486146500382 -0.0061713222220950784 0.014888939228998477 -0.059837740998421866 -0.031999165821663442 -0.02587993989168836 0.0024531628699678322 0.0089275808809390501 -0.0041570632405973024
leaf_weight=504.31356510147452 3458.5426601693034 4633.2224898673594 159.49704191088676 426.57738627493382 35.723130166530609 14.059292390942572 5176.5597117766738 65.292672634124756 21.335356045514345 157.04472385346889 125.08814682066441 7953.593905761838 2345.6481246873736 371.21123229712248 13774.13809453696 20099.516415711492 843.31481467559934 1567.6414075344801 671.79629196226597 7899.7593090385199 8208.702583540231 1326.3059797547758 6775.2586491107941 703.16560415923595 33.679612532258034 100.33686476945877 99.412466950714588 11426.515180952847 1433.6464908570051 4207.8171256221831
leaf_count=5174 23856 21951 675 1847 163 137 28984 548 227 3268 521 38981 10226 1768 64021 103214 6228 8144 3089 39598 38992 6919 32352 3409 206 433 476 53416 6831 19843
internal_value=-6.16594e-05 0.000108186 0.000405043 -0.000384391 0.003634 0.00319925 0.00175367 0.0446514 0.108329 -0.00128142 -0.0247658 -0.00117615 -0.00109752 -0.0159151 0.00287025 -0.00139482 -0.00249235 -0.000222685 -0.00450425 0.00279647 0.000577567 -0.00295267 -0.00448489 0.00150409 -0.00559104 -0.00239115 0.00392127 0.00317407 0.00241766 -0.000831906
internal_weight=104619 103510 100051 78011.1 14236.4 22040.2 17406.9 100.687 35.3946 63774.6 284.585 63490 63333 1108.95 13809.9 60987.4 39183.6 18412.3 20771.3 8743.07 21803.8 9669.21 8101.56 17306.2 604.64 570.961 470.624 12129.7 13595.1 5641.46
internal_count=525497 517440 493584 384912 66031 108672 86721 912 364 318881 1196 317685 314417 8057 64184 304191 199544 93241 106303 45826 104647 47415 39271 85809 2883 2677 2244 56825 65655 26674
is_linear=0
shrinkage=0.05


Tree=75
num_leaves=31
num_cat=0
split_feature=20 38 32 12 19 28 34 12 9 43 14 8 5 28 34 43 43 12 11 37 8 3 12 5 26 37 34 12 20 5
split_gain=104.373 99.2327 95.41 142.683 103.371 94.0067 87.7005 82.257 79.4129 78.0254 113.091 88.4455 77.4676 81.7184 73.185 210.284 88.02 113.99 153.022 82.7609 69.0915 67.3287 66.4941 67.9066 63.5443 62.9986 62.5701 61.2475 63.0834 61.0997
threshold=0.06752246821554643 -0.071967177232864873 4.5000000000000009 27.542857142857155 0.80661137946021699 -0.043060341639959747 3.8701582576623808 1.2500000000000013 0.0063736511393285159 3.5000000000000004 1.0000000180025095e-35 0.15588299149447019 -0.28008559205400019 0.043184227210695876 3.054001199671823 1.0000000180025095e-35 3.5000000000000004 1.9928571428571449 0.79203680536599308 -0.0238980685372806 0.08962678648406687 -0.065934065934064742 1.0000000180025095e-35 -0.025790808204848633 0.20497754684193323 -0.13029366946419244 7.0432909108216277 0.70000000000000018 0.99788597873628959 0.25000909337586202
decision_type=8 8 2 8 8 10 2 10 10 2 10 8 10 10 2 2 2 8 10 8 10 10 10 10 10 10 2 8 10 10
left_child=-1 6 3 4 7 20 8 29 -2 10 21 -12 13 -10 15 -7 17 18 22 -18 -4 -8 -16 -24 -20 -9 27 -21 -29 -3
right_child=1 2 5 -5 -6 14 9 25 12 -11 11 -13 -14 -15 16 -17 19 -19 24 26 -22 -23 23 -25 -26 -27 -28 28 -30 -31
leaf_value=-0.017639012656719671 0.051086609302950572 -0.01087501670850502 -0.0083794540375264192 0.018145136950047307 0.0025905283024120068 -0.031119413575571686 0.012051150584559387 0.050865190773912154 0.015741484860807255 -0.0099218226472474243 -0.025812253427436507 0.020202791450230861 0.0034353444108393702 -0.017831336344886334 -0.015579453519455331 0.0053253192924883029 -0.0090569039997793147 0.008416538427954345 -0.025167525893378031 -0.0091064993441381404 0.00078217598981358046 -0.0008045965036002008 0.022694276022765969 0.0020825478935159749 -0.00494240154006826 -0.0028933353247625163 -0.016560429761490209 0.0041089242631926438 -0.0017201386078147573 0.0029400617022874234
leaf_weight=826.79774704575539 94.389373015612364 7419.6634304448962 4767.5263267718256 750.54389820992947 4691.6260754168034 407.28348982334137 1870.1747982427478 54.811704650521278 2302.1283364966512 1956.4909199550748 546.7049353569746 129.08461195230484 12204.738436672837 196.74267546832561 219.22685452923179 14039.900035012513 3241.7890328392386 6055.3519653193653 440.54855336993933 1701.6350750438869 3620.7491594329476 2236.3244627863169 921.27586992457509 705.68359879776835 3278.3292667642236 9505.6803497411311 588.0942409709096 8168.8700448349118 10748.98791975528 897.10464660823345
leaf_count=6059 710 47829 27498 3728 25193 1700 8570 238 9991 8746 2331 542 56660 836 2522 65785 15408 28799 2679 8997 16644 10637 5070 4172 15853 53224 3360 38734 48837 4254
internal_value=5.56167e-05 0.000196612 -0.000594738 -0.00330171 -0.00401494 0.000476899 0.00321789 -0.00574845 0.00537101 -0.00151027 0.001931 -0.0170228 0.00507754 0.0130982 0.00129084 0.0042979 8.64035e-05 0.00366911 -0.00149656 -0.0016164 -0.00442489 0.00505015 0.0102708 0.0137541 -0.00733833 -0.00258513 -0.000479051 -2.03894e-05 0.000796894 -0.00938483
internal_weight=104588 103761 82224.7 23319.4 22568.9 58905.3 21536.8 17877.3 14798 6738.78 4782.29 675.79 14703.6 2498.87 50517 14447.2 36069.8 11620.4 5565.06 24449.4 8388.28 4106.5 1846.19 1626.96 3718.88 9560.49 21207.6 20619.5 18917.9 8316.77
internal_count=525606 519547 420524 134466 130738 286058 99023 105545 68197 30826 22080 2873 67487 10827 241916 67485 174431 59095 30296 115336 44142 19207 11764 9242 18532 53462 99928 96568 87571 52083
is_linear=0
shrinkage=0.05


end of trees

feature_importances:
Column_33=806
Column_32=346
Column_34=174
Column_10=125
Column_43=101
Column_5=97
Column_12=81
Column_28=62
Column_38=61
Column_13=57
Column_7=54
Column_9=44
Column_26=40
Column_8=39
Column_11=30
Column_25=28
Column_20=24
Column_37=16
Column_0=15
Column_19=12
Column_35=12
Column_2=10
Column_3=10
Column_1=8
Column_14=6
Column_39=6
Column_4=5
Column_21=3
Column_29=3
Column_6=2
Column_36=2
Column_22=1

parameters:
[boosting: gbdt]
[objective: binary]
[metric: binary_logloss]
[tree_learner: serial]
[device_type: cpu]
[data_sample_strategy: bagging]
[data: ]
[valid: ]
[num_iterations: 500]
[learning_rate: 0.05]
[num_leaves: 31]
[num_threads: 1]
[seed: 42]
[deterministic: 0]
[force_col_wise: 0]
[force_row_wise: 0]
[histogram_pool_size: -1]
[max_depth: -1]
[min_data_in_leaf: 100]
[min_sum_hessian_in_leaf: 0.001]
[bagging_fraction: 0.8]
[pos_bagging_fraction: 1]
[neg_bagging_fraction: 1]
[bagging_freq: 1]
[bagging_seed: 400]
[bagging_by_query: 0]
[feature_fraction: 0.8]
[feature_fraction_bynode: 1]
[feature_fraction_seed: 30056]
[extra_trees: 0]
[extra_seed: 12879]
[early_stopping_round: 0]
[early_stopping_min_delta: 0]
[first_metric_only: 0]
[max_delta_step: 0]
[lambda_l1: 0]
[lambda_l2: 0]
[linear_lambda: 0]
[min_gain_to_split: 0]
[drop_rate: 0.1]
[max_drop: 50]
[skip_drop: 0.5]
[xgboost_dart_mode: 0]
[uniform_drop: 0]
[drop_seed: 17869]
[top_rate: 0.2]
[other_rate: 0.1]
[min_data_per_group: 100]
[max_cat_threshold: 32]
[cat_l2: 10]
[cat_smooth: 10]
[max_cat_to_onehot: 4]
[top_k: 20]
[monotone_constraints: ]
[monotone_constraints_method: basic]
[monotone_penalty: 0]
[feature_contri: ]
[forcedsplits_filename: ]
[refit_decay_rate: 0.9]
[cegb_tradeoff: 1]
[cegb_penalty_split: 0]
[cegb_penalty_feature_lazy: ]
[cegb_penalty_feature_coupled: ]
[path_smooth: 0]
[interaction_constraints: ]
[verbosity: -1]
[saved_feature_importance_type: 0]
[use_quantized_grad: 0]
[num_grad_quant_bins: 4]
[quant_train_renew_leaf: 0]
[stochastic_rounding: 1]
[linear_tree: 0]
[max_bin: 255]
[max_bin_by_feature: ]
[min_data_in_bin: 3]
[bin_construct_sample_cnt: 200000]
[data_random_seed: 175]
[is_enable_sparse: 1]
[enable_bundle: 1]
[use_missing: 1]
[zero_as_missing: 0]
[feature_pre_filter: 1]
[pre_partition: 0]
[two_round: 0]
[header: 0]
[label_column: ]
[weight_column: ]
[group_column: ]
[ignore_column: ]
[categorical_feature: ]
[forcedbins_filename: ]
[precise_float_parser: 0]
[parser_config_file: ]
[objective_seed: 16083]
[num_class: 1]
[is_unbalance: 0]
[scale_pos_weight: 1]
[sigmoid: 1]
[boost_from_average: 1]
[reg_sqrt: 0]
[alpha: 0.9]
[fair_c: 1]
[poisson_max_delta_step: 0.7]
[tweedie_variance_power: 1.5]
[lambdarank_truncation_level: 30]
[lambdarank_norm: 1]
[label_gain: ]
[lambdarank_position_bias_regularization: 0]
[eval_at: ]
[multi_error_top_k: 1]
[auc_mu_weights: ]
[num_machines: 1]
[local_listen_port: 12400]
[time_out: 120]
[machine_list_filename: ]
[machines: ]
[gpu_platform_id: -1]
[gpu_device_id: -1]
[gpu_use_dp: 0]
[num_gpu: 1]

end of parameters

pandas_categorical:null
