tree
version=v4
num_class=1
num_tree_per_iteration=1
label_index=0
max_feature_idx=43
objective=binary sigmoid:1
feature_names=Column_0 Column_1 Column_2 Column_3 Column_4 Column_5 Column_6 Column_7 Column_8 Column_9 Column_10 Column_11 Column_12 Column_13 Column_14 Column_15 Column_16 Column_17 Column_18 Column_19 Column_20 Column_21 Column_22 Column_23 Column_24 Column_25 Column_26 Column_27 Column_28 Column_29 Column_30 Column_31 Column_32 Column_33 Column_34 Column_35 Column_36 Column_37 Column_38 Column_39 Column_40 Column_41 Column_42 Column_43
feature_infos=[-0.12:0.12000000000000011] [-0.27115294117647459:0.4049280000000004] [-0.40232558139534902:0.62773333333332904] [-0.52830188679245282:1.5836363636363737] [-0.57407407407407418:6.2329545454545574] [-0.80381017917814346:9.1446540880503129] [0:99.999999998992266] [-0.91823999999999995:0] [0:9.1404018397482432] [0:0.11425235081910329] [0:0.10686349701594218] [0:3445.3822046328423] [-2.5376526277146434e-16:482.92857142857144] [-4.163336342344337e-17:0.23477536135294602] [0:21] none none [0:5] none [-2.6616641634371789:4.364357787018144] [8.9277037104301862e-06:4.1985595522176551] [-0.999999999999999:1] [0:45.798946525421698] none none [0.0026109660574412533:1] [0.0026109660574412533:1] none [-0.40705882352941181:1.4627374711935675] [-1.4380737940635226:6.0670880511708507] none [1:7] [1:12] [-5029:-899] [0.53062825106217038:8.692439779538228] [-0.57990638582413978:1.9528301886789667] [0:1] [-0.89818879338964941:1.6901590030079339] [-0.89912170089584331:1.8016469745790546] [0:1] none none none [0:7]
tree_sizes=3518 3566 3557 3556 3561 3576 3572 3555 3570 3559 3570 3565 3563 3569 3563 3561 3569 3585 3562 3591 3571 3586 3563 3571 3576 3573 3558 3590 3570 3556 3570 3576 3576 3571 3572 3558 3557 3576 3566 3582 3566 3580 3590 3590 3599 3555 3562 3596 3580 3549 3567 3575 3568 3573 3571 3600 3577 3611 3600 3579 3567 3565 3604 3615

Tree=0
num_leaves=31
num_cat=0
split_feature=10 10 32 10 32 38 28 32 32 32 12 32 20 28 43 9 28 32 32 7 32 43 7 43 32 32 9 12 43 32
split_gain=18433.6 6804.67 3233.36 3191.7 2578.57 1779.48 1734.85 1446.2 1141.05 1094.88 903.781 900.142 791.996 662.217 610.272 520.264 519 498.279 496.748 480.189 463.053 449.723 430.514 422.531 420.781 830.846 400.769 376.563 373.803 807.725
threshold=0.016043027793479912 0.029051953420231542 3.5000000000000004 0.0093673149722394641 3.5000000000000004 -0.13892461249905422 0.077587622724556632 1.5000000000000002 8.5000000000000018 3.5000000000000004 0.2214285714285715 10.500000000000002 0.56537702621499253 0.12658692444813344 1.5000000000000002 0.039107307083244412 0.077587622724556632 8.5000000000000018 7.5000000000000009 -0.29090909090909089 1.5000000000000002 1.5000000000000002 -0.14473414470986815 2.5000000000000004 8.5000000000000018 11.500000000000002 0.013677064412352743 0.83571428571428663 3.5000000000000004 11.500000000000002
decision_type=8 10 2 10 2 8 10 2 2 2 10 2 10 10 2 10 10 2 2 10 2 2 10 2 2 2 10 10 2 2
left_child=3 2 7 -1 19 14 12 21 10 -5 -6 15 17 -12 18 -10 22 -7 -4 -3 -21 -2 -11 -13 -8 -26 -19 -25 -14 -30
right_child=1 4 5 9 8 6 24 -9 11 16 13 23 28 -15 -16 -17 -18 26 -20 20 -22 -23 -24 27 25 -27 -28 -29 29 -31
leaf_value=-0.75142510890961689 -0.65316561446497068 -0.65894579493773098 -0.5780885901929429 -0.73574143693416771 -0.59709510334168037 -0.69085996402864691 -0.65309308003005984 -0.72196264347163097 -0.69257389683270654 -0.69238762663509279 -0.65565587710322959 -0.666647738793406 -0.69296244857147848 -0.62736722687736712 -0.6590149642002332 -0.66212436346850267 -0.68004390188807939 -0.73366872483448986 -0.67948218530420035 -0.67836390336663122 -0.70365805237614798 -0.6959877397615557 -0.71627882564770518 -0.61106065979595059 -0.69442499936472979 -0.63462091580154945 -0.70451141795991634 -0.65124507554084721 -0.68580309515095528 -0.64601951089162257
leaf_weight=9445.5370261520147 698.60743318498135 1213.6164763569832 490.55889438092709 5144.5335797220469 866.64663760364056 3760.8774322271347 3781.1043734997511 10599.584049090743 3805.5545222908258 2297.6471641212702 10109.691976949573 3472.1434024125338 15885.483943641186 2601.051283210516 1938.2299768924713 2221.8517028689384 1410.9958593249321 1819.7578922957182 160.25961162149906 3153.1800977289677 4245.6572005301714 5010.7245836108923 10514.675350561738 773.95834627747536 2152.9467380940914 795.29665794968605 3344.5580805391073 2362.7734695374966 12472.24317240715 1421.2204670011997
leaf_count=42495 3143 5460 2207 23145 3899 16920 17011 47687 17121 10337 45483 15621 71468 11702 8720 9996 6348 8187 721 14186 19101 22543 47305 3482 9686 3578 15047 10630 56112 6394
internal_value=-0.692392 -0.682163 -0.6918 -0.727596 -0.664361 -0.685268 -0.687565 -0.711035 -0.656562 -0.715974 -0.646499 -0.667376 -0.691639 -0.649867 -0.644948 -0.681349 -0.708825 -0.704704 -0.603056 -0.688097 -0.692878 -0.690748 -0.711994 -0.654631 -0.664133 -0.678293 -0.714786 -0.64133 -0.687724 -0.681733
internal_weight=127971 99157.6 64331.5 28813.4 34826.1 48022.5 45433.5 16308.9 26213.7 19367.9 13577.4 12636.3 38704.1 12710.7 2589.05 6027.41 14223.3 8925.19 650.819 8612.45 7398.84 5709.33 12812.3 6608.88 6729.35 2948.24 5164.32 3136.73 29778.9 13893.5
internal_count=575735 446105 289424 129630 156681 216051 204403 73373 117934 87135 61084 56850 174128 57185 11648 27117 63990 40154 2928 38747 33287 25686 57642 29733 30275 13264 23234 14112 133974 62506
is_linear=0
shrinkage=1


Tree=1
num_leaves=31
num_cat=0
split_feature=10 10 10 5 37 5 43 28 33 33 33 33 5 33 9 28 5 33 33 33 33 33 33 33 33 33 33 33 33 33
split_gain=16712.6 6177.79 2809.29 2698.11 1861.43 1240.55 1206.4 1016.55 766.131 747.55 1127.71 1054.76 770.739 584.695 554.635 530.418 629.721 491.688 476.555 475.252 723.593 453.091 1519.38 1311.32 673.705 549.293 537.146 418.73 624.592 379.688
threshold=0.015698928961232112 0.029051953420231542 0.0090383267241502668 -0.16385586413100969 0.011092988813272921 -0.17758620689655194 1.5000000000000002 0.14774999683624276 -2186.4999999999995 -4963.4999999999991 -4544.4999999999991 -4856.9999999999991 -0.1040821827097254 -4564.4999999999991 0.017614671731841624 0.036410636015486685 -0.13970588235294176 -4900.4999999999991 -1789.9999999999998 -4544.4999999999991 -4125.4999999999991 -2205.4999999999995 -1762.4999999999998 -1928.4999999999998 -2733.4999999999995 -2784.4999999999995 -2156.4999999999995 -2222.4999999999995 -1824.9999999999998 -1475.4999999999998
decision_type=8 10 10 8 10 10 2 10 2 2 2 2 10 2 10 10 10 2 2 2 2 2 2 2 2 2 2 2 2 2
left_child=2 3 -1 6 9 27 -2 13 -9 -5 11 17 -12 -7 -14 16 -4 -11 -10 -8 -21 24 23 26 25 -6 -23 -3 -29 -24
right_child=1 5 15 4 21 7 19 8 18 10 12 -13 14 -15 -16 -17 -18 -19 -20 20 -22 22 29 -25 -26 -27 -28 28 -30 -31
leaf_value=-0.05827746183458983 0.071352423425082828 0.037920174566356976 -0.00039959009811574249 -0.045354223698688897 0.0058993801275993912 0.040728162053148914 0.089003046331954119 0.01943902800403087 0.078106486893060809 0.01123704197165811 0.0031737296959007096 0.045512526648494422 -0.024279248478017625 0.016116982185916291 -0.0093434546703317044 -0.0078040317415582622 -0.032291443800240897 -0.052508502522655466 0.020877621429297531 -0.015407159848162303 0.023447178406542587 0.10025491260439903 -0.017338848835733653 0.089876055966267646 -0.024176701574926726 0.06733060745197568 0.00034891463252871688 0.094754833373435168 0.037699035043766115 0.014766024879717383
leaf_weight=8750.764631524682 1230.0076249092817 3576.2819580733776 1765.8999436944723 1483.8115156143904 11781.903390675783 2693.1772182881832 230.10782517492771 1508.6960920244455 1700.1342588961124 743.9187039732933 6729.3666513115168 1734.3632324784994 11037.519521325827 23219.108993202448 14228.264126986265 4023.6919713020325 12535.453822612762 509.80983936786652 462.7863135188818 1477.8954370170832 6333.2395099252462 155.89250726997852 1689.8818323463202 1141.6075663417578 1905.7907112687826 375.48294131457806 982.22593130171299 981.41950337588787 938.20940504968166 2023.8545131236315
leaf_count=40181 5464 15931 7987 6727 52937 11988 1032 6713 7513 3331 30303 7776 49779 103670 64102 18204 56947 2317 2056 6647 28442 697 7614 5093 8584 1681 4407 4343 4184 9089
internal_value=-9.14114e-05 0.00927061 -0.034971 0.00023562 -0.00386507 0.0262164 0.0252362 0.0221638 0.0467862 -0.0105942 -0.00911983 0.0202555 -0.0118633 0.0186749 -0.0158683 -0.0238414 -0.0283535 -0.0146841 0.0658616 0.0181821 0.0160958 0.00836981 0.0198814 0.0520128 0.00346378 0.00779669 0.0140334 0.0480315 0.0668691 0.000157168
internal_weight=127951 100875 27075.8 65794.9 56523.7 35079.8 9271.25 29583.9 3671.62 36467.1 34983.2 2988.09 31995.2 25912.3 25265.8 18325 14301.4 1253.73 2162.92 8041.24 7811.13 20056.6 5993.46 2279.73 14063.2 12157.4 1138.12 5495.91 1919.63 3713.74
internal_count=575739 452420 123319 296022 254437 156398 41585 131940 16282 164335 157608 13424 144184 115658 113881 83138 64934 5648 9569 36121 35089 90102 26900 10197 63202 54618 5104 24458 8527 16703
is_linear=0
shrinkage=0.05


Tree=2
num_leaves=31
num_cat=0
split_feature=9 7 5 8 8 33 33 33 33 33 5 37 8 13 11 33 33 33 33 33 9 33 33 11 6 33 34 33 33 33
split_gain=13572.8 3996.35 3355.23 2867.29 2220.17 2212.86 1007.73 1139.06 960.218 1628.93 909.496 952.281 663.888 645.232 579.809 573.568 858.03 533.995 644.799 532.47 514.333 450.793 609.469 441.925 432.475 431.313 380.638 376.849 719.484 633.4
threshold=0.014607983352770026 -0.25899280575539563 -0.092307692307692021 0.27977264913185501 0.091608980133706344 -1634.4999999999998 -4564.4999999999991 -4125.4999999999991 -2205.4999999999995 -1776.4999999999998 -0.14418800859353878 0.01229693281561184 0.065576256757670662 0.01762565880557496 0.34522955647917514 -1928.4999999999998 -2142.4999999999995 -4984.4999999999991 -4544.4999999999991 -4069.4999999999995 0.033143038833138481 -4298.4999999999991 -4349.4999999999991 0.50477293513792254 75.102050148785182 -2718.4999999999995 2.9096258622311582 -2387.9999999999995 -1762.4999999999998 -1928.4999999999998
decision_type=10 8 10 10 10 2 2 2 2 2 8 10 10 10 10 2 2 2 2 2 10 2 2 8 8 2 2 2 2 2
left_child=2 6 4 10 17 12 -2 -8 25 15 27 20 21 -7 -14 16 -10 -1 -19 -9 -12 22 -4 -6 -20 -5 -13 -3 29 -29
right_child=1 3 5 8 23 13 7 19 9 -11 11 26 14 -15 -16 -17 -18 18 24 -21 -22 -23 -24 -25 -26 -27 -28 28 -30 -31
leaf_value=-0.045388542731031996 0.076776245444492547 0.0088423536575795783 -0.015573964632377086 0.018024556312961362 0.10783267100581202 -0.059073997893858581 -0.0097540800899365981 0.090428729411537151 0.090544209333435682 0.010833276620806047 -0.0088382132635228591 0.021520029874358058 0.051953969421747452 -0.026404798079966142 -0.014621878411954265 0.076908609577878206 0.022087341178758952 0.046810313673558347 -0.0096671379360829309 0.035680413147961713 0.0083689105355717695 -0.034687479727242704 0.096440164921997432 0.0089960133159372631 0.049931196734553797 -0.010280087692469256 0.0040007928804277901 0.038941158976844581 0.010217513137449548 0.12289241856351277
leaf_weight=798.0060256421566 1426.7146978974342 5954.6852988302708 774.67937974631786 9021.4437891095877 541.89706470072269 8377.4341048598289 1413.4332278817892 468.81697197258472 625.14364832639694 3350.8231950849295 29624.701148763299 3934.4442319273949 345.66305467486382 1844.0990899652243 6067.7387203872204 1999.5220678597689 1709.2042251527309 612.08083768188953 6351.8711096793413 8428.1819903254509 5088.7622586339712 9539.7751906067133 144.00997340679169 142.92727150022984 319.71267360448837 1581.9208907932043 14626.145013019443 823.86854366958141 1670.7382175773382 308.9285197108984
leaf_count=3697 6246 26574 3523 40161 2362 39032 6316 2053 2715 14935 133683 17589 1532 8432 27583 8715 7578 2719 28794 37286 22711 43804 657 641 1442 7066 65555 3647 7459 1366
internal_value=-2.6257e-05 0.0101389 -0.0261217 0.00615655 0.000765479 -0.0348215 0.0373913 0.0319413 0.0235553 0.0370133 0.00102713 -0.00142765 -0.0236992 -0.05318 -0.0110336 0.0572549 0.0404202 -0.00655921 -0.00230503 0.0385653 -0.00631576 -0.0314661 0.00198491 0.0872048 -0.00681109 0.0138018 0.00771449 0.0159589 0.0310744 0.0618358
internal_weight=127917 92057.5 35859.9 80320.3 8766.49 27093.4 11737.1 10310.4 18288.1 7684.69 62032.3 53274.1 16871.9 10221.5 6413.4 4333.87 2334.35 8081.67 7283.66 8897 34713.5 10458.5 918.689 684.824 6671.58 10603.4 18560.6 8758.22 2803.54 1132.8
internal_count=575873 411655 164218 359754 39655 124563 51901 45655 81170 33943 278584 239538 77099 47464 29115 19008 10293 36652 32955 39339 156394 47984 4180 3003 30236 47227 83144 39046 12472 5013
is_linear=0
shrinkage=0.05


Tree=3
num_leaves=31
num_cat=0
split_feature=9 32 7 7 28 9 32 9 28 7 11 32 33 32 33 7 33 33 43 32 33 32 33 33 32 32 33 38 33 33
split_gain=12258.8 4853.13 3073.64 2404.5 2276.99 2245.48 1400.63 991.043 972.289 930.495 849.834 818.045 1402.41 809.521 739.804 696.492 728.581 769.248 665.859 1057.04 713.657 617.804 613.709 593.687 575.675 582.386 518.001 491.467 489.311 752.366
threshold=0.014832470108434569 3.5000000000000004 -0.13152767167277449 -0.29090909090909089 0.10238286432592546 0.0058367129499315214 1.5000000000000002 0.036029131308319411 -0.00077489545784148494 -0.23450518756859687 0.40201922114290067 8.5000000000000018 -2222.4999999999995 5.5000000000000009 -4606.4999999999991 -0.19230212301454694 -4487.9999999999991 -4394.4999999999991 3.5000000000000004 11.500000000000002 -4298.4999999999991 7.5000000000000009 -4298.4999999999991 -1776.4999999999998 8.5000000000000018 3.5000000000000004 -4125.4999999999991 -0.081320527648381644 -3153.4999999999995 -2784.4999999999995
decision_type=10 2 10 8 10 10 2 10 10 10 10 2 2 2 2 8 2 2 2 2 2 2 2 2 2 2 2 8 2 2
left_child=2 6 8 14 7 -4 27 15 -1 -8 24 12 -6 -7 -3 16 -5 -18 -17 20 -20 -19 -15 -14 25 -10 -16 -2 -21 -30
right_child=1 3 5 4 11 13 9 -9 10 -11 -12 -13 23 22 26 18 17 21 19 28 -22 -23 -24 -25 -26 -27 -28 -29 29 -31
leaf_value=-0.012869471128445206 0.041499201167748134 0.093216188254938576 -0.056206932662942334 0.061208376975502632 0.017578451454182988 -0.037780374491809612 0.0083388938690016293 0.02407099046318097 -0.015582282452728745 -0.025563793350369381 0.0010837169427442559 0.01741762679877331 0.07540955255809878 0.034641955267865863 0.00071815866982367959 -0.0046908813074219343 -0.036543539286791819 0.03397212134458457 0.038379420859717621 0.07005911513289971 0.0016778008144390213 0.0057438278218248096 -0.01847046517766962 0.016804782261743222 -0.013781168198431932 0.087863486731753829 0.045812849753977307 0.0017414251134881835 -0.045835411326039605 0.048160864246766515
leaf_weight=7527.7697056680918 865.83484393358231 732.89187428355217 8001.6514865159988 885.41189242899418 2397.6246015876532 6709.1748243421316 2436.4626168757677 9250.0073993355036 163.84522722661495 11952.01195140183 2312.5614972412586 3802.1635404080153 3042.5134653151035 575.01993384957314 736.66159604489803 16065.223635464907 703.03713256120682 3434.2775776237249 1459.3428925871849 939.31401896476746 14336.936667844653 4449.7206262499094 10046.33852045238 503.68877072632313 257.76524579524994 802.26886689662933 4698.8762515932322 7601.9722403138876 304.0794416218996 709.86126689612865
leaf_count=34335 3833 3130 38120 3870 10550 31059 10824 40790 738 54263 10462 16838 13044 2600 3278 72321 3161 15204 6530 4155 64250 19800 46285 2223 1164 3491 20486 33997 1359 3146
internal_value=-0.000159502 0.0096211 -0.0246962 0.0162821 0.013333 -0.0342988 -0.0103276 0.00921535 -0.00271032 -0.0198229 0.0189148 0.0355295 0.0471154 -0.0241837 0.0460596 0.00604086 0.018024 0.0135712 0.00268405 0.00935916 0.00506849 0.0180401 -0.0155951 0.0670856 0.0526071 0.0703199 0.0397013 0.00580667 0.0440585 0.0199715
internal_weight=127704 91307.9 36396.4 68451.6 62283.2 25332.2 22856.3 52537.2 11064.2 14388.5 3536.44 9745.99 5943.83 17330.5 6168.43 43287.2 9472.45 8587.04 33814.8 17749.5 15796.3 7884 10621.4 3546.2 1223.88 966.114 5435.54 8467.81 1953.25 1013.94
internal_count=575306 407052 168254 304135 277241 118064 102917 234586 50190 65087 15855 42655 25817 79944 26894 193796 42035 38165 151761 79440 70780 35004 48885 15267 5393 4229 23764 37830 8660 4505
is_linear=0
shrinkage=0.05


Tree=4
num_leaves=31
num_cat=0
split_feature=10 32 10 10 32 33 33 33 33 5 32 38 32 7 5 32 33 33 34 12 33 5 33 33 7 32 33 28 33 33
split_gain=13112.1 4676.31 3577.48 2464.98 1609.17 1498.81 1439.41 1315.64 3173.12 1290.25 1171.32 1086.05 954.899 901.147 742.84 697.604 676.245 669.173 658.706 612.715 599.314 587.011 586.231 543.296 504.358 508.183 493.586 470.445 434.077 524.664
threshold=0.015815997993689452 3.5000000000000004 0.028528697085407607 0.0093673149722394641 1.5000000000000002 -4963.4999999999991 -4487.9999999999991 -1776.4999999999998 -2205.4999999999995 -0.18654434250764632 7.5000000000000009 0.010300753863948244 3.5000000000000004 -0.24612869878452323 -0.068093385214008248 5.5000000000000009 -4791.4999999999991 -4564.4999999999991 2.8302634829926223 2.1571428571428606 -1685.4999999999998 0.23943688008350109 -4394.4999999999991 -4394.4999999999991 -0.29499608763693269 10.500000000000002 -1724.4999999999998 0.077587622724556632 -2446.4999999999995 -3871.4999999999995
decision_type=8 2 10 10 2 2 2 2 2 10 2 10 2 10 10 2 2 2 2 10 2 10 2 2 10 2 2 10 2 2
left_child=3 4 5 -1 17 -3 15 8 16 22 19 14 -5 -6 23 -7 -4 -2 20 -10 -14 -15 -8 -11 -18 -26 -9 -20 29 -27
right_child=1 2 7 12 13 6 9 26 10 11 -12 -13 18 21 -16 -17 24 -19 27 -21 -22 -23 -24 -25 25 28 -28 -29 -30 -31
leaf_value=-0.053082334075217702 0.044016542875714972 -0.042798514434836586 0.082123178367085214 -0.039989485960125339 0.0087148463236638076 0.07527291010214511 -0.02183938703025038 -0.024705343545792333 0.10380353936694749 -0.045918124213427142 0.043652130425041812 0.012222062713030467 0.025524466539574298 -0.030064062351789069 -0.013856638688430204 0.024955459686113454 0.040736586114843931 0.0010822147707147776 -0.022216993698801174 0.055047345411481069 -0.0407338944168339 -0.001602740153563646 0.031888413378747302 0.0071492388002156546 0.011393058963062648 0.019630025387957304 0.013785007484513143 0.010773721632482077 -0.0034297846522759385 0.063788505912110563
leaf_weight=8708.6284316927195 1016.8325562179089 1525.2646308541298 462.65835317969322 4699.640527382493 2262.0058033466339 929.16454514861107 561.33407817780972 1008.9064695686102 1944.5306186527014 507.60047559440136 3153.293584883213 14364.033305570483 1667.3883980661631 11116.864481508732 11995.913107261062 2663.1014883816242 2657.08773227036 8444.1434957236052 9860.8564776927233 963.73751239478588 429.11228439211845 2164.3756507635117 5314.0020899176598 9678.0461845695972 10230.237932637334 1291.4179097265005 4774.749423712492 1213.5933657288551 631.31265914440155 1403.8998452425003
leaf_count=42447 4467 7101 1982 22012 10019 4015 2545 4474 8237 2301 13581 64031 7634 51052 54548 11732 11442 37763 45622 4094 2006 9827 23327 43455 44909 5635 20980 5472 2774 6143
internal_value=-2.12151e-05 0.00819701 0.0143637 -0.0312701 -0.0105613 0.00596432 0.00758073 0.0283632 0.0337791 0.00500728 0.0647603 0.00151093 -0.0206406 -0.0204574 -0.00542525 0.0379704 0.0225182 0.00569665 -0.0137366 0.0876468 0.0119627 -0.0254259 0.0267552 0.00450463 0.0208174 0.0169133 0.00707071 -0.0186017 0.0338895 0.0426307
internal_weight=127644 101065 76060.3 26579.2 25004.2 47538.5 46013.2 28521.8 22738.2 42420.9 6061.56 36545.6 17870.6 15543.2 22181.6 3592.27 16676.6 9460.98 13171 2908.27 2096.5 13281.2 5875.34 10185.6 16214 13556.9 5783.66 11074.4 3326.63 2695.32
internal_count=575627 450434 337306 125193 113128 213055 205954 124251 98797 190207 25912 164335 82746 70898 100304 15747 72885 42230 60734 12331 9640 60879 25872 45756 70903 59461 25454 51094 14552 11778
is_linear=0
shrinkage=0.05


Tree=5
num_leaves=31
num_cat=0
split_feature=10 32 10 10 32 5 28 32 32 9 32 43 34 34 12 37 32 9 28 13 43 11 28 5 32 32 43 32 32 12
split_gain=11984.4 4123.75 3182.46 2360.9 1537.6 1269.76 1328.31 854.294 804.97 792.644 754.358 690.119 634.188 629.769 594.331 561.698 557.561 491.594 445.659 395.368 372.829 342.861 337.968 450.998 334.216 327.165 488.522 324.952 528.636 319.167
threshold=0.015815997993689452 3.5000000000000004 0.028528697085407607 0.0081720249350270922 1.5000000000000002 -0.16126885780719694 0.077587622724556632 3.5000000000000004 8.5000000000000018 0.029608387184518498 10.500000000000002 1.5000000000000002 3.0610489973715933 2.8986667661772656 0.23571428571428557 0.0014104366367999612 8.5000000000000018 0.011431806501267849 0.10238286432592546 0.063838711023900346 2.5000000000000004 0.28706449264939787 0.099935265889419492 -0.16126885780719694 5.5000000000000009 10.500000000000002 3.5000000000000004 7.5000000000000009 11.500000000000002 2.7142857142857175
decision_type=8 2 10 10 2 8 10 2 2 8 2 2 2 2 10 10 2 10 10 10 2 10 10 10 2 2 2 2 2 10
left_child=3 4 5 -1 20 11 15 -5 14 29 19 24 -12 -9 -4 16 21 -18 -15 -10 -2 -7 23 -16 -3 -19 -27 -8 -29 -6
right_child=1 2 8 7 9 6 27 13 10 -11 12 -13 -14 18 22 -17 17 25 -20 -21 -22 -23 -24 -25 -26 26 -28 28 -30 -31
leaf_value=-0.05452828876331009 0.022435742514773597 0.083369630392483934 0.071810412282776723 -0.038832195758668822 -0.031749623820367265 0.041735746545178046 0.037689602932014565 0.0078434188406986162 -0.0022429879993540419 -0.0022789527582003782 0.050677364498702505 0.018935330937575212 0.018972164280714663 -0.022245492826099018 0.047647207738116155 0.0063330754955442763 -0.036161627300804709 -0.019068786967070945 0.016761347787771847 0.024838690381338104 1.7149151753121582e-05 -0.00039562058173586229 0.04528165364003664 0.022065381996025688 0.011775396279868873 -0.010382393686086053 0.025969685307215929 0.0060233049774804483 0.053069993118562989 -0.01147570146417061
leaf_weight=7186.5062436014414 2529.3062664717436 669.21203468739986 1009.3525863438845 4926.5133827477694 8277.9144536554813 509.8696506768465 2353.4920056462288 2549.6304754912853 4617.5310131758451 4633.7677278518677 2316.8398084193468 6676.1933324635029 4940.7731747925282 10808.825212806463 2185.4037358909845 12826.040210425854 2135.1622769534588 4473.7730944305658 785.46450218558311 1903.1541262716055 6951.380841717124 9125.2608428299427 3594.1556259691715 8140.2457655221224 215.50098749995232 3238.4481637179852 1293.2816116213799 3365.1311030238867 725.88491792976856 2535.9589154869318
leaf_count=35959 11189 2788 4213 23484 38307 2262 10258 11742 20345 20966 9977 29308 21424 50557 9327 57336 10045 20286 3538 8279 31059 41278 15153 35465 924 14756 5779 14858 3166 11722
internal_value=-3.56996e-06 0.00780305 0.0135704 -0.0301048 -0.00985291 0.00564159 0.00209345 -0.020901 0.0267192 -0.0195812 0.0180039 0.0244343 0.0290934 -0.0146554 0.0347627 -0.00189451 -0.00697386 -0.0145913 -0.0196029 0.00566118 0.0059981 0.00183388 0.0320763 0.0274797 0.0659305 -0.00947711 -8.10448e-06 0.0228868 0.014371 -0.0269952
internal_weight=127500 101243 76314.7 26256.9 24928.3 47607.3 40046.3 19070.4 28707.5 15447.6 13778.3 7560.91 7257.61 14143.9 14929.2 33601.8 20775.8 11140.7 11594.3 6520.69 9480.69 9635.13 13919.8 10325.6 884.713 9005.5 4531.73 6444.51 4091.02 10813.9
internal_count=575750 450470 337227 125280 113243 213044 180024 89321 124183 70995 60025 33020 31401 65837 64158 151742 94406 50866 54095 28624 42248 43540 59945 44792 3712 40821 20535 28282 18024 50029
is_linear=0
shrinkage=0.05


Tree=6
num_leaves=31
num_cat=0
split_feature=10 10 10 7 38 28 38 33 33 33 33 33 33 33 33 7 33 33 33 33 33 33 33 33 33 33 33 34 33 33
split_gain=11189.4 4559.56 1402.55 1369.23 1145.05 1103.16 914.292 651.109 2893.1 1240.89 1871.34 761.058 620.385 522.317 480.557 773.387 436.575 461.531 404.647 677.175 978.449 462.875 423.974 389.202 2196.6 715.561 2351.67 557.934 426.637 537.731
threshold=0.013917539486370501 0.025071736108751234 0.0081720249350270922 -0.27999999999999992 -0.11699090263691812 -0.00031065878038184428 0.19517850287695218 -1776.4999999999998 -2205.4999999999995 -2156.4999999999995 -1928.4999999999998 -4544.4999999999991 -2025.4999999999998 -4544.4999999999991 -4963.4999999999991 -0.19512195121951217 -4298.4999999999991 -4349.4999999999991 -4107.4999999999991 -2733.4999999999995 -2800.4999999999995 -2460.4999999999995 -2331.4999999999995 -3463.4999999999995 -3544.4999999999995 -1928.4999999999998 -1776.4999999999998 3.6519552588822624 -4298.4999999999991 -4375.4999999999991
decision_type=8 10 10 10 8 10 10 2 2 2 2 2 2 2 2 10 2 2 2 2 2 2 2 2 2 2 2 2 2 2
left_child=2 4 -1 13 -2 14 7 8 11 -10 12 -5 -11 -3 -6 -16 17 -4 -13 20 -20 -21 -23 24 28 -25 -27 -26 29 -7
right_child=1 3 16 6 5 23 -8 -9 9 10 -12 18 -14 -15 15 -17 -18 -19 19 21 -22 22 -24 25 27 26 -28 -29 -30 -31
leaf_value=-0.053124369037267562 0.022392257651187103 0.070257655821912762 -0.007982736012114024 0.025368633630891004 -0.040705376561135473 0.0043762460235628542 0.03205923382457334 -0.0019936181727364579 0.091378150653247503 0.029214253565489148 0.072217994548988487 -0.014758254543730608 -0.015525163253834831 0.031338750710690581 0.006894513228104953 -0.015685801879977691 -0.027368415175224387 0.090000222808610142 0.0085132101041497637 -0.022654082308490753 0.06734740747684341 0.019843781154708903 -0.017175967686365388 -0.011546334972496568 0.1160689348027826 0.075762287558223368 -0.0039095471726380655 0.036253068403782313 -0.0072297684137590211 0.049137347305269169
leaf_weight=7001.9591012001038 3928.0766563266516 988.52317379415035 565.59435378015041 4308.4936250895262 1473.5077401846647 2872.2174777239561 5784.9052995145321 7963.8388127982616 1146.299575150013 1808.9375796914101 1960.4085877537727 2989.5457881838083 1355.4691144227982 6740.3753692805767 4707.3697554916143 19502.652353897691 11270.770592868328 152.60994939506054 10330.929155707359 2903.6000003218651 758.56137089431286 1914.8865320831537 1297.4485552459955 9991.9821190088987 537.59149496257305 1117.7716174870729 5404.2227484881878 369.39732863008976 5276.0723652094603 875.49198856949806
leaf_count=35923 17243 4119 2650 18705 7038 12850 24942 35454 4764 7818 8232 13374 6075 28870 21045 89785 53598 684 45717 12958 3286 8520 5775 45197 2378 4837 24489 1651 23815 3894
internal_value=5.70956e-05 0.00626438 -0.0353441 0.0168901 -0.00364029 -0.00560195 0.0135179 0.0107491 0.0140466 0.0443504 0.0338314 0.00629102 0.0100502 0.0363165 -0.0129826 -0.0112953 -0.0249599 0.0128375 0.00222091 0.00517115 0.0125377 -0.00818595 0.00489166 0.00156627 0.00938835 -0.00313758 0.00974501 0.0835616 0.00193313 0.0148328
internal_weight=127300 108309 18990.9 52252.2 56056.4 52128.3 44523.3 38738.4 30774.6 6271.11 5124.82 24503.5 3164.41 7728.9 25683.5 24210 11989 718.204 20195 17205.4 11089.5 6115.94 3212.34 26444.7 9930.77 16514 6521.99 906.989 9023.78 3747.71
internal_count=575686 482831 92855 228609 254222 236979 195620 170678 135224 26889 22125 108335 13893 32989 117868 110830 56932 3334 89630 76256 49003 27253 14295 119111 44588 74523 29326 4029 40559 16744
is_linear=0
shrinkage=0.05


Tree=7
num_leaves=31
num_cat=0
split_feature=10 10 32 32 10 33 33 33 33 32 38 33 33 32 32 33 33 33 33 33 33 33 32 32 33 33 33 33 34 34
split_gain=10053.9 4091.95 2406.12 1575.23 1242.49 1241.51 2876.6 1123.53 1260.69 1092.94 1067.21 908.78 1235.34 952.871 1876.65 1251.07 2963.83 1159.3 1963.05 908.75 1544.83 850.956 1471.23 832.273 760.802 722 683.98 580.38 543.64 482.418
threshold=0.013633191768595123 0.027015243390068722 3.5000000000000004 3.5000000000000004 0.0081720249350270922 -1776.4999999999998 -2205.4999999999995 -4963.4999999999991 -4487.9999999999991 7.5000000000000009 -0.13892461249905422 -4394.4999999999991 -4298.4999999999991 8.5000000000000018 10.500000000000002 -2205.4999999999995 -1569.4999999999998 -3904.4999999999995 -3183.4999999999995 -2814.4999999999995 -2446.4999999999995 -2880.4999999999995 5.5000000000000009 1.5000000000000002 -4544.4999999999991 -3529.4999999999995 -4791.4999999999991 -4069.4999999999995 4.0474272610532234 3.6519552588822624
decision_type=8 10 2 2 10 2 2 2 2 2 10 2 2 2 2 2 2 2 2 2 2 2 2 2 2 2 2 2 2 2
left_child=4 2 23 -3 -1 6 26 -4 -9 28 -10 -12 -13 15 -15 21 -17 -16 25 -20 -21 22 27 24 -2 -19 -5 -14 -8 -27
right_child=1 3 7 5 -6 -7 9 8 10 -11 11 12 13 14 17 16 -18 18 19 20 -22 -23 -24 -25 -26 29 -28 -29 -30 -31
leaf_value=-0.051768784719418572 0.034410626841216735 0.0007050194532325655 -0.039726275155697682 0.070690316392461483 -0.024522881889565036 0.0037524473254133767 0.088165174554906078 0.034237416306842398 0.03261793399069688 0.036471190104023048 -0.040383862499142463 0.041453771767640091 0.028850553934561558 -0.024457671951558096 -0.045492061523445343 0.071235581823729729 0.0023629595728457951 0.03037937444331645 -0.039603285226725966 0.070623015870515962 -0.0049984711947031069 -0.026760103466385011 0.020825509973661199 -0.027375430439080663 -0.012401970319865814 0.1183247560780695 0.016357503217876653 -0.024280901016109444 0.040454198860335071 0.042959801084998049
leaf_weight=6794.1952641010284 1067.0868680775166 10713.728163167834 1478.0638622641563 597.23816311359406 10893.303526878357 6851.2012787312269 2465.9971130937338 3323.6842784136534 2725.3628206700087 3540.795652449131 1327.5044202655554 1860.3353174328804 592.76470305025578 9186.7878070771694 909.63843190670013 2262.9672418683767 5043.3785901814699 1261.3689668774605 1217.069532841444 831.06382422149181 3604.4286422580481 2765.457574814558 5906.2152073085308 10494.446044325829 4650.4736590832472 547.70301359891891 19221.782938480377 3867.2833657711744 787.79181551933289 346.77667658030987
leaf_count=35757 4663 48012 7177 2473 52306 29979 10089 14398 11769 14921 6078 8252 2630 41928 4163 9741 22770 5646 5552 3710 16370 12515 26586 49518 21172 2361 83008 17505 3252 1526
internal_value=-1.2244e-05 0.00564015 -0.00231374 0.0173913 -0.0349887 0.0227334 0.0276197 0.00320496 0.00453862 0.0556946 0.00230821 0.000319197 0.00166321 -0.000267368 -0.00868867 0.00711014 0.0236946 0.00792817 0.0141513 -0.00133114 0.00917048 -0.00211728 0.0044568 -0.0190134 -0.00366518 0.0547459 0.0179948 -0.0172194 0.0766136 0.0891069
internal_weight=127136 109448 65269.9 44178.5 17687.5 33464.8 26613.6 49057.9 47579.8 6794.58 44256.1 41530.7 40203.2 38342.9 17904.8 20438.1 7306.35 8718.05 7808.41 5652.56 4435.49 13131.7 10366.3 16212 5717.56 2155.85 19819 4460.05 3253.79 894.48
internal_count=575827 487764 296030 191734 88063 143722 113743 220677 213500 28262 199102 187333 181255 173003 81256 91747 32511 39328 35165 25632 20080 59236 46721 75353 25835 9533 85481 20135 13341 3887
is_linear=0
shrinkage=0.05


Tree=8
num_leaves=31
num_cat=0
split_feature=10 32 10 32 10 33 33 32 33 5 33 33 38 38 32 43 33 33 33 32 32 33 33 33 33 33 33 32 33 26
split_gain=9237.36 3651.17 2701.56 1264.41 1169.43 1169.21 3462.92 1320.72 902.519 961.207 995.077 897.875 680.783 651.126 768.018 647.499 1036.88 573.5 661.067 543.202 893.995 848.501 778.273 597.621 577.108 560.887 1144.83 684.384 935.115 519.852
threshold=0.013633191768595123 3.5000000000000004 0.024020609308662923 1.5000000000000002 0.0081720249350270922 -1776.4999999999998 -2205.4999999999995 7.5000000000000009 -4963.4999999999991 -0.18348450534136077 -4487.9999999999991 -4791.4999999999991 -0.1254836137960976 -0.11979106134236138 10.500000000000002 3.5000000000000004 -4298.4999999999991 -4544.4999999999991 -3852.4999999999995 10.500000000000002 8.5000000000000018 -3153.4999999999995 -2784.4999999999995 -3544.4999999999995 -2446.4999999999995 -2186.4999999999995 -1569.4999999999998 5.5000000000000009 -2880.4999999999995 0.56005464480874323
decision_type=8 2 10 2 10 2 2 2 2 10 2 2 10 10 2 2 2 2 2 2 2 2 2 2 2 2 2 2 2 10
left_child=4 3 8 17 -1 6 11 -8 -3 -10 -11 -4 -5 -13 -15 -12 -17 -2 -19 20 25 23 -23 -21 -24 27 -27 -18 -29 -14
right_child=1 2 5 12 -6 -7 7 -9 9 10 15 13 29 14 -16 16 19 18 -20 21 -22 22 24 -25 -26 26 -28 28 -30 -31
leaf_value=-0.050475080177251545 0.030804177884429591 -0.03785342520021262 0.06634604313413979 0.011919777864920414 -0.023782722361223873 0.0031865751432512096 0.073844416011681777 0.032857695280569109 0.021931714826012451 0.039518882750163326 -0.010688131508209695 0.032716416579472517 -0.032247545717973794 0.0043377013706244654 0.025893025097089597 0.05331341205020973 -0.034364954761121266 -0.043809763190592932 0.0025907449453571006 0.0037483333490429178 -0.022451034622500733 -0.051686707955319849 0.094618945245362893 0.075778088856530909 -0.0020213021201739611 0.058937814514408632 -0.0037679227529472496 0.015215566381230561 -0.046149071019351229 -0.013605545319079308
leaf_weight=6627.3939347863197 1576.2459333240986 1443.2405818998814 812.99488063156605 1578.4240954518318 10774.266657277942 9152.5792494416237 3754.9765803664923 4124.1952630132437 5414.3180345445871 1458.8193962424994 13998.666162446141 3589.4324492663145 7229.3397288173437 16464.475697770715 5517.1370995640755 997.30065010488033 1365.3693536967039 851.89152979850769 7758.7027855962515 440.69302843511105 4181.5366787612438 551.37726400792599 220.27642999589443 830.92922250926495 517.20988729596138 1281.8115963488817 1684.4016263484955 4037.9279940873384 733.61682948470116 7747.2936247587204
leaf_count=35790 6820 7125 3336 7046 52260 40263 15302 17351 23489 6295 64370 15186 34574 71848 23711 4347 6238 3867 34846 1960 19219 2554 956 3564 2325 5435 7588 18110 3369 35907
internal_value=-0.000113043 0.00527315 0.0104734 -0.010784 -0.0339485 0.0190623 0.0233032 0.0523907 0.000950368 0.0024353 -0.000832808 0.0146166 -0.0193125 0.012972 0.00974784 -0.00274149 0.00386339 0.00307599 -0.0019999 0.000750989 -0.00331334 0.0218381 -0.00675168 0.0508155 0.0268437 0.0054776 0.0233296 -0.00315097 0.00578086 -0.0226042
internal_weight=126717 109315 82573.3 26741.9 17401.7 43415.8 34263.2 7879.17 39157.5 37714.3 32299.9 26384 16555.1 25571 21981.6 30841.1 16842.5 10186.8 8610.59 15845.1 13284.7 2560.49 1288.86 1271.62 737.486 9103.13 2966.21 6136.91 4771.54 14976.6
internal_count=575051 487001 363941 123060 88050 186997 146734 32653 176944 169819 146330 114081 77527 110745 95559 140035 75665 45533 38713 71318 59959 11359 5835 5524 3281 40740 13023 27717 21479 70481
is_linear=0
shrinkage=0.05


Tree=9
num_leaves=31
num_cat=0
split_feature=9 32 5 7 33 8 38 32 32 7 7 33 33 32 34 32 33 33 34 32 33 5 38 43 11 32 33 33 32 33
split_gain=7622.57 2806.55 2304.8 1497.37 1484.5 1407.97 1267.89 995.088 809.692 738.531 706.755 586.245 756.171 572.194 566.925 525.285 725.884 753.971 507.137 684.645 477.849 449.329 441.48 434.835 401.381 393.43 678.686 1349.94 606.388 512.874
threshold=0.01391509630348722 3.5000000000000004 -0.066666666666666582 -0.29499608763693269 -1647.4999999999998 0.083333333333333384 0.065914734909039999 1.5000000000000002 4.5000000000000009 -0.18630871521724948 -0.2284230253267808 -4487.9999999999991 -4394.4999999999991 7.5000000000000009 2.9096258622311582 8.5000000000000018 -2205.4999999999995 -1789.9999999999998 2.8986667661772656 10.500000000000002 -4606.4999999999991 0.24689192840294752 -0.069512862616344248 2.5000000000000004 0.51496764494778757 8.5000000000000018 -2205.4999999999995 -1776.4999999999998 11.500000000000002 -4774.4999999999991
decision_type=10 2 10 8 2 10 10 2 2 8 8 2 2 2 2 2 2 2 2 2 2 8 8 2 8 2 2 2 2 2
left_child=2 7 5 20 8 -1 9 22 -4 11 -9 -5 -13 -14 -10 16 -8 -18 19 -11 -3 -12 -2 -21 -7 26 29 -28 -27 -20
right_child=1 3 4 6 -6 24 15 10 14 18 21 12 13 -15 -16 -17 17 -19 25 23 -22 -23 -24 -25 -26 28 27 -29 -30 -31
leaf_value=-0.0080423844708051428 0.03381935234685228 0.073051542875302689 -0.038553538928042932 0.043775085695004712 -0.047979942566130834 0.075316109336075521 0.015599715460478348 0.0078258912109541012 0.015870772979935163 0.0047264584041526543 -0.025760057966363648 -0.034447921315861385 0.0266517455286167 0.0048591899689802319 -0.017764000590371389 0.01136762718764458 0.058992857535695109 0.01754557765631971 0.050035695793532002 0.013671986558430774 0.030090768827586774 -0.00050665173504677106 0.00065859985013079101 0.064744837559061116 -0.0032242653554796288 -0.014123304044303243 0.059033621698571251 0.0010791005702189542 0.01066219117849268 -0.0064646248366774326
leaf_weight=9027.8728141784668 1153.8068495541811 734.61514462530613 4182.0295550525188 1556.1339856684208 8141.030385941267 701.51157182455063 4960.0197881013155 2519.7859070450068 1532.4477092772722 5771.8248852789402 9940.4542612433434 844.52819742262363 5389.4061254858971 6828.4145089536905 6865.8588028252125 7697.6862220466137 2863.2139210551977 1778.9852962344885 421.23562946915627 777.97553208470345 5443.9509717971087 2140.7629492282867 7714.7624396085739 897.59703308343887 211.78004215657711 9968.6090511381626 1481.9993563145399 3120.5393560677767 3279.5679016262293 8638.8935736715794
leaf_count=42686 5036 2972 20751 6517 43200 2880 21510 11237 7078 25740 47526 3851 23177 29759 33041 33447 11600 7685 1794 3485 22867 9834 34497 3850 961 45285 6197 14058 14470 38804
internal_value=-0.000147304 0.00678958 -0.0218487 0.0116571 -0.0313436 -0.00205744 0.00946248 -0.00823747 -0.0205778 0.00535232 -0.0162613 0.0147652 0.0113093 0.0144721 -0.0116266 0.0210985 0.0288993 0.0431094 0.00134739 0.0128946 0.0351987 -0.0212852 0.00497284 0.0410315 0.0571037 -0.00184823 0.00410497 0.0197402 -0.00798769 -0.00383774
internal_weight=126587 95924.8 30662.5 72455.2 20721.4 9941.16 66276.6 23469.6 12580.3 48976.7 14601 14618.5 13062.3 12217.8 8398.31 17299.9 9602.22 4642.2 34358.2 7447.4 6178.57 12081.2 8868.57 1675.57 913.292 26910.8 13662.7 4602.54 13248.2 9060.13
internal_count=575795 425198 150597 317068 104070 46527 291229 108130 60870 216987 68597 63304 56787 52936 40119 74242 40795 19285 153683 33075 25839 57360 39533 7335 3841 120608 60853 20255 59755 40598
is_linear=0
shrinkage=0.05


Tree=10
num_leaves=31
num_cat=0
split_feature=10 10 32 5 38 33 32 43 33 32 33 33 32 33 33 33 5 32 32 32 33 33 33 12 33 33 7 33 33 32
split_gain=7902.73 3297.06 2321.3 1223.65 1228.07 1020.71 802.756 755.719 724.424 719.854 673.946 1444.81 559.382 535.251 595.128 515.666 740.55 488.296 467.739 522.415 598.339 1168.69 724.489 462.928 442.304 566.949 437.814 426.634 425.548 398.977
threshold=0.013201412644698679 0.030168890702733053 3.5000000000000004 -0.13761467889908161 0.0038518219344855224 -1697.4999999999998 1.5000000000000002 1.5000000000000002 -4544.4999999999991 3.5000000000000004 -1776.4999999999998 -2205.4999999999995 4.5000000000000009 -2054.4999999999995 -4298.4999999999991 -4963.4999999999991 -0.066666666666666582 8.5000000000000018 11.500000000000002 8.5000000000000018 -2205.4999999999995 -1569.4999999999998 -2880.4999999999995 0.43571428571428522 -3231.9999999999995 -3544.4999999999995 -0.10837942115708137 -1242.4999999999998 -3852.4999999999995 4.5000000000000009
decision_type=8 10 2 8 10 2 2 2 2 2 2 2 2 2 2 2 10 2 2 2 2 2 2 10 2 2 10 2 2 2
left_child=5 2 6 7 15 12 8 -4 -2 -3 11 -11 -1 14 -14 -5 -17 -13 19 20 22 -22 29 -16 25 -21 27 -7 -10 -6
right_child=1 9 3 4 18 26 -8 -9 28 10 -12 17 13 -15 23 16 -18 -19 -20 24 21 -23 -24 -25 -26 -27 -28 -29 -30 -31
leaf_value=-0.040357428819656496 0.031958612945598562 0.0046040723800521389 0.054303653299430925 -0.036332460726472525 -0.022438910005861672 -0.042941742006097301 -0.023811925091323183 0.013810710130026695 -0.047887718764270865 0.017623750151837949 0.0054421832515938566 0.057522042811868325 0.046925114223756385 0.026122859264821937 0.014608681468993063 0.0051234890668010805 -0.012500590849509453 0.026292168944147959 0.031043588327660878 0.0018733479422166602 0.055889730490562353 0.0033314889689292798 -0.036602162211926227 -0.030153383882275394 -0.014775358884029336 0.06394231772391408 -0.051009053235363859 0.031756038188588097 -0.0051673491537391654 0.015416360013032952
leaf_weight=2606.7596921175718 1248.0008410364389 7720.1259928494692 1291.6479194313288 1414.3882699608803 795.78578907251358 454.31661158800125 12246.659931123257 10675.430132001638 658.74570050835609 14189.647601366043 4882.4392598867416 3862.2037054151297 323.54782404005527 779.82276494801044 681.94436767697334 10089.557481586933 14564.669581890106 1851.7611920833588 2208.6255337297916 2779.911141499877 2012.1538762152195 2229.7652488052845 929.05598701536655 3775.2661399543285 4049.6460124850273 424.02063426375389 6656.8209262788296 329.9986387938261 5065.2154234498739 5553.2375030815601
leaf_count=13395 5366 34503 5350 7124 3613 2294 59256 46488 3070 60248 21157 15561 1490 3906 3272 45412 67086 7735 9552 12406 8277 9957 4256 18824 18368 1823 36926 1670 23085 24492
internal_value=-0.000142649 0.00455188 -0.00100914 0.0039056 0.000274676 -0.0334505 -0.0161017 0.0181813 -0.00255813 0.0179362 0.0220888 0.0261723 -0.021246 -0.0122867 -0.0185519 -0.00697242 -0.00528807 0.0474012 0.00927859 0.00671803 0.0133364 0.0282625 0.00463703 -0.0233049 -0.00379321 0.0100878 -0.046846 -0.0115128 -0.0100839 0.0106716
internal_weight=126351 110743 78236.5 59017.9 47050.8 15608.5 19218.6 11967.1 6971.96 32506.2 24786.1 19903.6 8167.34 5560.58 4780.76 26068.6 24654.2 5713.96 20982.2 18773.6 11520 4241.92 7278.08 4457.21 7253.58 3203.93 7441.14 784.315 5723.96 6349.02
internal_count=575962 494185 354981 264204 212366 81777 90777 51838 31521 139204 104701 83544 40887 27492 23586 119622 112498 23296 92744 83192 50595 18234 32361 22096 32597 14229 40890 3964 26155 28105
is_linear=0
shrinkage=0.05


Tree=11
num_leaves=31
num_cat=0
split_feature=10 10 32 32 10 33 33 32 32 33 33 33 34 33 32 33 5 38 33 33 33 33 33 32 32 33 33 34 33 32
split_gain=7270.31 2902.98 1591.27 1147.33 1041.6 936.953 2330.36 1033.18 786.313 837.058 928.434 1721.46 787.515 748.689 662.093 1060.22 846.933 591.285 591.216 1019.79 571.203 570.937 546.153 542.92 519.532 488.306 454.597 442.772 441.447 534.697
threshold=0.013633191768595123 0.025071736108751234 3.5000000000000004 3.5000000000000004 0.0081720249350270922 -1776.4999999999998 -2205.4999999999995 7.5000000000000009 8.5000000000000018 -4774.4999999999991 -2205.4999999999995 -1569.4999999999998 2.8875862353714372 -4487.9999999999991 5.5000000000000009 -2880.4999999999995 -0.2075032897861562 -0.072030637712684684 -3231.9999999999995 -3871.4999999999995 -4298.4999999999991 -4394.4999999999991 -4686.4999999999991 1.5000000000000002 11.500000000000002 -4544.4999999999991 -1724.4999999999998 4.0698807254103899 -2586.4999999999995 10.500000000000002
decision_type=8 10 2 2 10 2 2 2 2 2 2 2 2 2 2 2 10 10 2 2 2 2 2 2 2 2 2 2 2 2
left_child=4 2 23 -3 -1 6 13 27 9 -4 14 -12 18 17 16 -16 -11 -5 19 20 22 -15 -10 25 -14 -2 -7 -8 29 -23
right_child=1 3 8 5 -6 26 7 -9 12 10 11 -13 24 21 15 -17 -18 -19 -20 -21 -22 28 -24 -25 -26 -27 -28 -29 -30 -31
leaf_value=-0.047086557610582863 0.027472240680015275 3.1247886006507339e-05 0.056052492798107194 0.062884996737219021 -0.021190706388805231 -0.024748561886683344 0.074273047710585502 0.027679613375643182 -0.02635092701250355 0.025569684226208936 0.059338450828141313 0.0044140486854276307 -0.015848842863316531 -0.029432242656683608 0.015678355835338338 -0.030459466468445301 -0.021642318095683868 0.02160724139623852 -0.005112264486269163 0.074062345811865327 -0.025304489263899322 0.0094355218332273904 0.095229741519516381 -0.025530436409699559 0.0048758742356974846 -0.012451397728149571 0.0073805342121818426 0.033145524713066352 -0.0033455726414106306 0.031641669622583073
leaf_weight=6163.0321253091097 947.73443894088268 12735.322299435735 867.53961566090584 1113.2969095408916 10496.74257786572 1304.0604534000158 2778.0529978424311 3966.1611152589321 147.43923857808113 1160.700998172164 2076.9725821167231 4555.9903499931097 11985.092304572463 917.03906010091305 7474.1167030185461 1494.0487970411777 5230.7124707400799 3930.6298426389694 1956.5159844607115 872.05539985001087 704.93340300023556 10393.17083543539 247.29720920324326 8738.4339061528444 4044.3962010443211 3991.9308367669582 7068.8108554631472 856.08380226790905 4141.6466185301542 3667.3751387447119
leaf_count=35788 4044 57743 3615 4563 52393 5806 11165 16419 696 4950 8643 20576 55723 4051 33139 6926 24085 16568 8942 3773 3210 44841 1051 43016 18017 18431 30827 3452 17784 15535
internal_value=-7.53702e-07 0.00468635 -0.00319409 0.013107 -0.0307705 0.0172559 0.0211782 0.0453261 0.00154869 0.00787969 0.00597942 0.0216125 -0.00570299 0.0135827 -0.000771639 0.00799204 -0.0130685 0.0307181 0.0143604 0.0336829 0.00166132 0.00906209 0.0498178 -0.0180409 -0.0106198 -0.00479157 0.00237648 0.0645847 0.0110015 0.0152275
internal_weight=126027 109368 56495.9 52871.6 16659.8 40136.3 31763.5 7600.3 42817.8 22860.1 21992.5 6632.96 19957.7 24163.2 15359.6 8968.17 6391.41 5043.93 3928.24 1971.73 1099.67 19119.2 394.736 13678.1 16029.5 4939.67 8372.87 3634.14 18202.2 14060.5
internal_count=575772 487591 258837 228754 88181 171011 134378 31036 193346 101934 98319 29219 91412 103342 69100 40065 29035 21131 17672 8730 4957 82211 1747 65491 73740 22475 36633 14617 78160 60376
is_linear=0
shrinkage=0.05


Tree=12
num_leaves=31
num_cat=0
split_feature=9 32 7 7 13 28 8 33 33 33 32 33 7 7 38 32 12 33 33 32 33 34 33 33 38 32 33 33 33 33
split_gain=6042.41 2222.88 1822.2 1361.17 1251.27 1221.66 1132.16 848.977 888.822 1044.93 844.586 697.618 816.376 675.077 526.955 501.648 448.399 463.924 438.959 406.902 866.938 518.966 453.493 397.243 385.397 384.933 370.347 363.676 505.954 349.712
threshold=0.01273688843175975 3.5000000000000004 -0.14057014223224587 -0.29499608763693269 3.0531133177191813e-17 0.077587622724556632 0.076339475217819822 -4963.4999999999991 -4487.9999999999991 -4394.4999999999991 1.5000000000000002 -4298.4999999999991 -0.19998347380598244 -0.24612869878452323 0.03268374146912268 7.5000000000000009 3.0142857142857173 -3447.4999999999995 -3432.4999999999995 8.5000000000000018 -2205.4999999999995 2.9575076874722881 -1789.9999999999998 -4606.4999999999991 -0.072030637712684684 11.500000000000002 -4564.4999999999991 -4298.4999999999991 -4349.4999999999991 -4125.4999999999991
decision_type=8 2 8 8 10 10 10 2 2 2 2 2 10 10 10 2 10 2 2 2 2 2 2 2 8 2 2 2 2 2
left_child=2 10 6 23 -4 7 26 -5 -9 -10 24 -11 15 -12 -14 -13 17 -15 -19 20 -7 -21 -22 -3 -2 27 -1 28 -6 -25
right_child=1 3 4 5 25 19 -8 8 9 11 13 12 14 16 -16 -17 -18 18 -20 21 22 -23 -24 29 -26 -27 -28 -29 -30 -31
leaf_value=0.047378840488908266 0.031280395742886838 0.065880162819133545 -0.049725351791795561 -0.035218390490477425 -0.010285493756653503 0.010194242797920691 0.055570905503296408 0.026629379607447642 -0.034869469809464364 0.034275401890151797 0.010001622147912869 0.028242335501327542 -0.0043590647175057789 -0.040378283878363841 0.0083791735212989747 0.0060502538850582821 -0.0035821603277349486 0.045063973104182219 -0.019888546932209313 0.037188265414639737 0.051952769156401395 0.0023909671581520825 0.017319071225909245 -0.004165263710774708 0.00028367329659295882 0.0079904398510131681 -0.010652463003556956 -0.026532817684138628 0.088640969799014688 0.032070506625080313
leaf_weight=293.73891313374043 1143.4789167493582 748.19351814687252 5592.5915238857269 1334.6367470920086 811.19847637414932 3951.4647959470749 860.23605953156948 4424.6747022122145 1735.2333277910948 1905.029454216361 2285.544817507267 4547.27008497715 24305.139225140214 3231.7778410464525 12191.18503805995 5787.5585197359324 3298.7593734562397 271.7320102006197 6086.3648128211498 1394.350912719965 3312.4792756289244 4627.4518338292837 1322.5510686337948 771.68778778612614 8151.4954880923033 1023.091417580843 4293.9806667119265 11037.389316558838 153.74476291239262 4854.822038397193
leaf_count=1251 4963 3006 32377 6889 3865 16864 3591 18669 7994 8254 10178 19322 110376 15896 53372 25080 15877 1292 29593 5943 13356 20058 5623 3296 36625 5056 20336 56137 669 20106
internal_value=2.82087e-05 0.00536034 -0.022501 0.00952199 -0.0299434 0.00753053 0.00293314 0.00418379 0.00514174 0.00325798 -0.00777199 0.0046155 0.00340897 -0.0150423 -0.000104 0.0158147 -0.0194834 -0.0249531 -0.0171126 0.0204129 0.0274012 0.0104483 0.0420705 0.0316522 0.00409693 -0.0214499 -0.00693688 -0.0239594 0.0054765 0.0271007
internal_weight=125749 101683 24066 77213.7 18618 70839 5447.96 56230.7 54896.1 50471.4 24469.2 48736.2 46831.2 15174.2 36496.3 10334.8 12888.6 9589.87 6358.1 14608.3 8586.5 6021.8 4635.03 6374.7 9294.97 13025.4 4587.72 12002.3 964.943 5626.51
internal_count=575914 452632 123282 338208 98104 311800 25178 249956 243067 224398 114424 216404 208150 72836 163748 44402 62658 46781 30885 61844 35843 26001 18979 26408 41588 65727 21587 60671 4534 23402
is_linear=0
shrinkage=0.05


Tree=13
num_leaves=31
num_cat=0
split_feature=10 10 10 32 5 38 32 32 43 5 34 32 11 32 32 9 32 32 34 43 43 5 28 34 43 38 37 5 28 5
split_gain=6340.94 2050.94 1635.13 1424.24 882.344 976.536 686.817 682.578 649.976 519.253 516.813 431.857 414.025 396.632 380.327 345.884 338.38 443.206 397.398 326.271 317.609 294.035 286.998 282.471 274.564 271.186 266.564 265.822 243.961 241.036
threshold=0.016043027793479912 0.031560802447917681 0.0090383267241502668 3.5000000000000004 -0.12696604690050586 1.0000000180025095e-35 1.5000000000000002 3.5000000000000004 1.5000000000000002 -0.18047337278106565 2.8986667661772656 8.5000000000000018 0.34522955647917514 3.5000000000000004 5.5000000000000009 0.011431806501267849 11.500000000000002 8.5000000000000018 2.8875862353714372 1.0000000180025095e-35 2.5000000000000004 0.2540258848225701 0.077587622724556632 3.0750027876182671 3.5000000000000004 -0.10347962679594573 0.10626301843196752 -0.18970788248256301 0.074652260713601745 -0.082474226804123571
decision_type=8 10 10 2 8 10 2 2 2 10 2 2 10 2 2 10 2 2 2 2 2 8 10 2 2 10 10 10 10 10
left_child=2 3 27 6 8 11 -2 -4 14 -3 24 12 -6 -11 -5 -13 17 22 -19 -12 -18 29 -7 -22 25 -9 -15 -1 -21 -8
right_child=1 9 7 4 5 16 21 10 -10 13 19 15 -14 26 -16 -17 20 18 -20 28 23 -23 -24 -25 -26 -27 -28 -29 -30 -31
leaf_value=0.030106204767641056 0.0013408537185914296 0.032812491157808238 -0.031603719498292319 0.065930557337692972 0.036810996041431232 0.0074728570284749232 -0.0099452766910741661 0.052696640562148803 0.012441759740589239 0.00255493551938663 0.055204292957518733 -0.032131962730458458 -0.0015071007621957856 0.014794921632739023 0.010133442048390416 -0.0088678808992551286 -0.0040022799944637337 0.020886079503265806 -0.0087034888871619781 -0.017815520182138288 0.067949318770158987 0.0043426658197359977 0.024322926578765225 0.02405055048595113 0.02791781924790987 -0.013608630111302495 0.030522468878644043 -0.045144143666463528 0.0052524327444286867 -0.027267509628271392
leaf_weight=119.4889879077673 6508.7158988714218 4350.673533141613 4587.9764739871025 968.88623301684856 763.75306907296181 7700.1952589601278 2858.3407379835844 177.85195524990559 11573.35380461812 5723.5813980698586 167.74370032548904 1931.9841299057007 9156.0959434807301 14817.716510638595 445.98092742264271 9234.2580038905144 588.41014257073402 1414.1847320348024 5742.0411316156387 9604.223090082407 552.08964943885803 1178.8626746833324 3761.5287820398808 1089.7806633114815 1232.2408417910337 1160.0478139519691 3292.8392273038626 6582.2057715207338 1301.4698295593262 6752.322855129838
leaf_count=649 29130 18111 23745 3932 3254 34015 13757 783 49930 25690 748 9742 41342 62398 1877 42223 2585 6207 25737 47176 2272 5548 15722 4614 5678 5571 13671 39733 5959 33690
internal_value=-0.000115305 0.00548891 -0.0226833 0.0010247 0.00496524 0.00143826 -0.0114867 -0.0149202 0.0163526 0.016928 -0.00930996 -0.00614867 0.0014431 0.0140284 0.0483427 -0.012893 0.00911175 0.00690703 -0.00285612 -0.0139982 0.0275163 -0.0192248 0.0130027 0.0388118 0.0108893 -0.00479443 0.0176545 -0.0438025 -0.0150626 -0.0221156
internal_weight=125339 100406 24933.2 72220.8 54922.5 41934.3 17298.2 18231.6 12988.2 28184.8 13643.6 21086.1 9919.85 23834.1 1414.87 11166.2 20848.2 18617.9 7156.23 11073.4 2230.28 10789.5 11461.7 1641.87 2570.14 1337.9 18110.6 6701.69 10905.7 9610.66
internal_count=575489 445447 130042 325577 243452 187713 82125 89660 55739 119870 65915 96561 44596 101759 5809 51965 91152 81681 31944 53883 9471 52995 49737 6886 12032 6354 76069 40382 53135 47447
is_linear=0
shrinkage=0.05


Tree=14
num_leaves=31
num_cat=0
split_feature=10 10 32 33 5 20 32 33 33 34 32 5 34 33 33 32 32 33 33 5 33 34 28 33 33 32 38 33 33 32
split_gain=5620.28 2385.01 1289.35 903.904 846.019 706.29 670.788 712.762 1079.97 547.521 525.184 518.83 499.961 496.689 439.719 429.35 423.82 451.918 419.753 395.266 387.373 381.23 380.782 379.647 373.383 344.787 343.827 349.692 774.378 439.42
threshold=0.013048173279802592 0.025071736108751234 3.5000000000000004 -1697.4999999999998 -0.13548113954822263 0.51235369688878796 4.5000000000000009 -1776.4999999999998 -2205.4999999999995 4.0578530801286421 10.500000000000002 -0.17200000000000112 2.8986667661772656 -2913.4999999999995 -1198.4999999999998 7.5000000000000009 1.5000000000000002 -4544.4999999999991 -1242.4999999999998 -0.12499999999999971 -1913.4999999999998 3.232776784878983 0.077587622724556632 -4298.4999999999991 -3633.4999999999995 8.5000000000000018 -0.16783068120665343 -2222.4999999999995 -1762.4999999999998 2.5000000000000004
decision_type=8 10 2 2 10 10 2 2 2 2 2 8 2 2 2 2 2 2 2 10 2 2 10 2 2 2 10 2 2 2
left_child=3 2 16 12 26 25 14 8 10 15 13 -7 24 -8 -6 -10 17 -2 -18 -5 23 -12 -13 -14 -1 -4 -3 -28 29 -29
right_child=1 4 5 19 6 11 7 -9 9 -11 21 22 20 -15 -16 -17 18 -19 -20 -21 -22 -23 -24 -25 -26 -27 27 28 -30 -31
leaf_value=-0.018360087722474334 0.025625656955132997 0.04164645059157282 -0.00050812480719868581 0.0059874488737408291 -0.0030777200895389534 0.018860336663379686 0.010624918746511235 -0.0024918963056938634 0.061782272038611655 0.0088200336919018237 0.042112343128255035 -0.0009988352714272856 0.020139848876943645 -0.011962528118850152 0.060395647565079903 0.030490162503766793 -0.025570025007837706 -0.012271974437994477 0.026697965892151357 -0.046031861365535207 0.017362847524266655 0.012428063642310997 0.013813322783706975 -0.029801085590782785 0.044054564739615387 -0.023119207062561681 0.012189188604733387 -0.018646898924289345 0.0086787350273440263 0.065887303694499036
leaf_weight=437.49839052557945 971.53942866623402 2116.8589018285275 2893.912192299962 387.67180950939655 12081.131757080555 4901.7063686102629 8899.0265813618898 6406.2061482071877 1838.3805120438337 1562.3262537121773 1816.5419569909573 26866.902281478047 408.43254423141479 3350.050341963768 279.15993623435497 2715.1659374982119 8382.2462443858385 4133.3304264843464 402.56332981586456 6292.7274004220963 552.59414644539356 2673.4804059714079 5174.5737766474485 5573.4131443202496 529.78361064195633 4039.0963752269745 6058.4469413757324 171.85009314119816 1691.5706042349339 1457.8640938997269
leaf_count=2141 4119 8733 13076 2021 54902 20931 38038 28087 7402 6381 7596 123105 1985 14591 1229 11165 42587 19311 2051 38160 2871 11258 22299 29604 2613 19592 25649 749 7248 5965
internal_value=8.95507e-07 0.00379156 -0.00324024 -0.0296367 0.0114386 0.000962689 0.00812226 0.0122477 0.0163792 0.0343606 0.00980945 0.00371084 -0.0177248 0.00444739 -0.00164416 0.0431236 -0.0165169 -0.00505944 -0.0231748 -0.0430131 -0.0226911 0.0244375 0.00139327 -0.0263912 0.0158246 -0.0136811 0.0234451 0.0193373 0.0323763 0.0569733
internal_weight=125066 110884 57765.9 14182.1 53118.1 43876.2 41621.5 29261.2 22855 6115.87 16739.1 36943.2 7501.72 12249.1 12360.3 4553.55 13889.7 5104.87 8784.81 6680.4 6534.44 4490.02 32041.5 5981.85 967.282 6933.01 11496.6 9379.73 3321.28 1629.71
internal_count=575459 496064 267071 79395 228993 199003 180649 124518 96431 24948 71483 166335 39214 52629 56131 18567 68068 23430 44638 40181 34460 18854 145404 31589 4754 32668 48344 39611 13962 6714
is_linear=0
shrinkage=0.05


Tree=15
num_leaves=31
num_cat=0
split_feature=10 10 32 5 33 32 33 33 32 33 33 33 33 43 32 33 5 33 33 33 33 7 34 32 32 34 33 33 5 32
split_gain=5237.16 2164.67 1108.05 898.659 852.544 721.768 685.761 1165.36 629.362 804.097 1525.61 670.243 1236.06 878.951 854.771 973.87 662.508 893.435 1036.73 545.005 650.591 536.524 491.59 490.457 486.867 488.121 445.677 443.284 437.474 426.795
threshold=0.013048173279802592 0.024020609308662923 3.5000000000000004 -0.13548113954822263 -1697.4999999999998 4.5000000000000009 -1776.4999999999998 -2205.4999999999995 8.5000000000000018 -3231.9999999999995 -3544.4999999999995 -2205.4999999999995 -1569.4999999999998 1.5000000000000002 5.5000000000000009 -2880.4999999999995 0.01315789473684237 -4298.4999999999991 -3904.4999999999995 -2639.4999999999995 -2784.4999999999995 -0.2511682498089311 3.9029817516527641 8.5000000000000018 4.5000000000000009 3.0056826232918001 -2054.4999999999995 -4375.4999999999991 -0.2075032897861562 10.500000000000002
decision_type=8 10 2 10 2 2 2 2 2 2 2 2 2 2 2 2 8 2 2 2 2 10 2 2 2 2 2 2 10 2
left_child=4 2 -2 -3 24 -5 7 19 11 10 16 13 -13 -4 28 27 17 -10 -19 20 -7 -11 -12 -9 -1 -26 -27 -16 -15 -23
right_child=1 3 8 5 -6 6 -8 23 9 21 22 12 -14 14 15 -17 -18 18 -20 -21 -22 29 -24 -25 25 26 -28 -29 -30 -31
leaf_value=-0.036392913564139671 -0.016718348967662063 0.021981756448473947 0.03592893653684999 -0.0027458732424637377 -0.04210279976910565 0.010249977251972679 -0.0027693798051031896 0.043987233804681655 0.056629049294091176 0.024925577541534846 0.084648108486879037 0.053323617847307173 0.0049752380167627447 0.013487598061145674 -0.020188914877725353 -0.035105015715341747 -0.015571442986938147 -0.041340720155267428 0.029672181221778744 -0.012008388133649727 0.067435019704354851 -0.028390598977523274 0.011271073323909073 0.015598043828035105 0.027793469158659115 -0.022074819327673648 0.022594425951009061 0.018816014927130933 -0.024311618985597472 -0.0073702983562279351
leaf_weight=2305.9366584569216 12569.86424022913 12701.015137046576 1574.3776224702597 13517.285871356726 6540.6510248035192 15122.184510841966 7008.875781878829 4007.0565178841352 904.15686419606209 757.44962713122368 720.66188278794289 1921.2324746400118 4238.0491739064455 910.39172825217247 827.72475259006023 1175.117689281702 4271.2076125591993 950.69178032875061 1118.8129895478487 2749.4180346131325 514.2889649271965 5272.4225338101387 334.06563705205917 2452.5267743319273 776.50395523011684 3662.2535186260939 658.85472045838833 6071.7110566496849 4808.5695652663708 4455.4029093235731
leaf_count=12732 62209 53416 6672 61791 40338 64489 30852 16151 3845 3257 3013 7959 19176 3861 3707 5548 20339 4489 4995 12031 2115 25086 1464 10228 3675 19248 3393 26809 22476 20687
internal_value=-6.81487e-05 0.00356149 -0.00375708 0.0102259 -0.0289493 0.00693504 0.0110431 0.0149396 0.000284429 -0.00640351 0.00522386 0.0061204 0.0200563 0.000535052 -0.00350477 0.00697029 -0.00295547 0.0151654 -0.00294982 0.00852105 0.0121308 -0.0156071 0.0614073 0.0332086 -0.0173289 -0.00870513 -0.0152639 0.0141366 -0.0182944 -0.0187632
internal_weight=124899 110955 52881.9 58072.7 13944.2 45371.6 31854.4 24845.5 40312 18784.9 8299.6 21527.2 6159.28 15367.9 13793.5 8074.55 7244.87 2973.66 2069.5 18385.9 15636.5 10485.3 1054.73 6459.58 7403.55 5097.61 4321.11 6899.44 5718.96 9727.83
internal_count=576051 496665 245592 251073 79386 197657 135866 105014 183383 87175 38145 96208 27135 69073 62401 36064 33668 13329 9484 78635 66604 49030 4477 26379 39048 26316 22641 30516 26337 45773
is_linear=0
shrinkage=0.05


Tree=16
num_leaves=31
num_cat=0
split_feature=10 7 32 12 38 32 32 32 34 43 32 34 12 38 9 10 7 43 10 32 43 32 8 36 9 34 12 32 32 43
split_gain=4851.25 1638.29 1353.61 1351.06 982.796 756.234 566.947 874.386 874.544 500.995 470.033 492.463 441.753 415.04 343.637 310.547 278.626 278.624 270.058 244.431 465.57 240.776 234.928 232.432 222.222 222.91 212.93 199.073 245.24 189.619
threshold=0.015579112628390866 -0.23898838076964077 3.5000000000000004 1.0000000180025095e-35 0.06405775200027454 1.5000000000000002 8.5000000000000018 10.500000000000002 2.8535883538621087 2.5000000000000004 3.5000000000000004 2.8986667661772656 3.4000000000000026 -0.16783068120665343 0.0066705259892623847 0.011678771878352803 -0.19067261360516449 2.5000000000000004 0.030020662575394937 4.5000000000000009 1.5000000000000002 11.500000000000002 0.12125985684422215 0.99962990377498195 0.017394546515492517 3.662277948377024 0.32857142857142835 8.5000000000000018 10.500000000000002 1.5000000000000002
decision_type=8 8 2 10 10 2 2 2 2 2 2 2 8 10 10 10 10 2 8 2 2 2 10 2 10 2 8 2 2 2
left_child=3 13 5 -1 6 -3 14 24 17 26 16 -12 -7 29 -4 -13 -5 -9 19 20 -16 -11 -18 27 -8 -26 -10 -6 -29 -2
right_child=1 2 4 10 23 12 7 8 9 21 11 15 -14 -15 18 -17 22 -19 -20 -21 -22 -23 -24 -25 25 -27 -28 28 -30 -31
leaf_value=-0.047304387309277079 0.051442515972872686 0.002225965914474565 0.040127325752205803 0.0092912488068163795 0.01892267292753198 -0.022358792282734446 -0.024551779719643407 0.015748997314931262 -0.056812092071983414 -0.0026345294566273453 0.010120007031511303 -0.025531243876214554 0.00019588491472868278 0.014327629709222252 0.040663261854851869 -0.0084809461231284897 -0.036782352582779253 0.052298438649999106 0.015435838820586993 0.0056870904811723369 -0.014570388075733865 0.022567777033063313 0.0051484590594918422 0.040433592040250786 -0.0012940895785478912 -0.019102460453059883 -0.008846004195354187 0.00042481730409003128 0.019121168206611906 0.026408203740051334
leaf_weight=4074.8819286823273 1014.1956797093153 8288.5280788242817 743.8299385458231 426.40106065571308 9219.8784560859203 9627.0013442933559 3674.8161259591579 1014.7490267753601 241.98096349835396 1588.922993928194 2336.9101219475269 4367.7290821969509 2803.0253332853317 12949.357819586992 429.2287316173315 6872.8127215355635 3833.6770872324705 1072.5783450752497 5435.441782027483 14872.706797972322 3432.5006915926933 2348.3932338804007 365.93283465504646 878.14355859160423 3860.5971888154745 3225.1718149632215 5276.8653008490801 4400.2001064419746 2916.4888895004988 2975.7566137164831
leaf_count=26536 4166 37191 3130 2219 38653 48218 18033 4500 1205 7003 11216 24409 13643 54763 1790 33523 21473 4493 22833 66012 15715 10039 1930 3676 17322 14602 24154 19147 12227 12334
internal_value=-0.000136663 0.0044682 0.00164922 -0.0212798 0.00521428 -0.00947214 0.00146989 -0.00432061 0.00523765 -0.00122826 -0.0154541 -0.0107643 -0.0172726 0.018672 0.00665384 -0.0151062 -0.0292187 0.03453 0.00562369 0.00277689 -0.0084312 0.0123973 -0.0331287 0.0153667 -0.0145743 -0.00939978 -0.0109491 0.0140356 0.00787733 0.0327716
internal_weight=124569 102290 85351 22278.3 64632.5 20718.6 47217.8 22304.1 11543.5 9456.16 18203.5 13577.5 12430 16939.3 24913.7 11240.5 4626.01 2087.33 24169.9 18734.4 3861.73 3937.32 4199.61 17414.7 10760.6 7085.77 5518.85 16536.6 7316.69 3989.95
internal_count=576155 454849 383586 121306 284534 99052 210831 101351 51394 42401 94770 69148 61861 71263 109480 57932 25622 8993 106350 83517 17505 17042 23403 73703 49957 31924 25359 70027 31374 16500
is_linear=0
shrinkage=0.05


Tree=17
num_leaves=31
num_cat=0
split_feature=10 10 32 33 7 32 33 33 32 33 33 33 33 33 38 33 32 32 33 33 33 33 33 33 33 32 32 33 33 7
split_gain=4438.57 1824.06 980.827 799.029 774.854 583.801 648.093 2098.53 802.299 578.296 807.785 526.679 600.011 735.222 815.7 830.115 545.864 934.076 641.146 1086.12 605.049 1234.76 576.243 838.068 558.996 902.184 447.453 420.578 471.395 407.015
threshold=0.013048173279802592 0.024020609308662923 3.5000000000000004 -1697.4999999999998 -0.29090909090909089 3.5000000000000004 -1776.4999999999998 -2205.4999999999995 7.5000000000000009 -2669.4999999999995 -2784.4999999999995 -4963.4999999999991 -4487.9999999999991 -4394.4999999999991 -0.11699090263691812 -4298.4999999999991 8.5000000000000018 10.500000000000002 -3904.4999999999995 -3183.4999999999995 -2814.4999999999995 -2446.4999999999995 -2205.4999999999995 -1569.4999999999998 -2880.4999999999995 5.5000000000000009 4.5000000000000009 -2054.4999999999995 -4298.4999999999991 -0.10837942115708137
decision_type=8 10 2 2 10 2 2 2 2 2 2 2 2 2 10 2 2 2 2 2 2 2 2 2 2 2 2 2 2 10
left_child=3 2 -2 26 -3 -6 7 9 -9 10 -7 -4 -13 -14 -15 -16 22 -18 -19 -20 -21 -22 24 -24 25 -17 -1 28 -28 -5
right_child=1 4 11 29 5 6 -8 8 -10 -11 -12 12 13 14 15 16 17 18 19 20 21 -23 23 -25 -26 -27 27 -29 -30 -31
leaf_value=-0.034447393642119011 -0.015814984667990913 0.024470917829000113 -0.030890966990625476 -0.0046286503321612748 -0.0023351767639051093 0.0078542206693705732 -0.0024150962183526318 0.053663335188208261 0.020951495600273151 -0.011015429019350971 0.068188723902576839 0.024945459422944044 -0.037485604634469656 0.026854165418662857 0.033824407685001778 -0.017528798261178313 -0.022783281054392122 -0.045508623193340619 0.039824828735635608 -0.038225171676311162 0.065407941960668556 -0.010210264330325377 0.045050705342950727 0.0034326956484662958 -0.026878229232221485 0.01533166376466355 0.045037305031706887 0.027126173235403252 -0.018264472430714076 -0.044764744831213218
leaf_weight=2237.2570856660604 12397.649371668696 7377.0060676038265 1311.9269265085459 712.78660641610622 12335.286845847964 18130.373579949141 8080.9548613280058 3557.2894002050161 3962.1823630928993 4109.0553977042437 572.2690691202879 2513.6595687121153 1283.2424902170897 2816.2427043616772 1607.4391029626131 3529.074610337615 7248.035542562604 624.19884559512138 1852.1281914710999 1083.3493335992098 671.95054440200329 2745.930127337575 1727.4057378768921 4035.7005204409361 2092.8584950268269 5117.8868489712477 317.55764731764793 744.09295332431793 3981.1025388538837 5549.5060199648142
leaf_count=12806 62188 30358 7107 3897 57076 77118 35507 14435 16254 17802 2329 10576 6023 11921 6884 16550 34788 2989 7950 5138 2949 12835 7120 18288 9897 22575 1447 3805 21124 36555
internal_value=-8.0362e-05 0.00322273 -0.00351785 -0.0271014 0.00932946 0.00712839 0.0101674 0.0135197 0.0364267 0.00596883 0.00970035 0.000268833 0.00131839 -0.000311626 0.00104542 -0.00120234 -0.00303463 -0.0102124 0.00284588 0.00759657 -0.00566445 0.00465617 0.0031526 0.0159071 -0.00369159 0.00192036 -0.0158371 -0.00758046 -0.0135881 -0.0401964
internal_weight=124325 110783 52658.7 13542.3 58124.4 50747.4 38412.1 30331.2 7519.47 22811.7 18702.6 40261 38949.1 36435.4 35152.2 32336 30728.5 14225.6 6977.56 6353.36 4501.23 3417.88 16502.9 5763.11 10739.8 8646.96 7280.01 5042.75 4298.66 6262.29
internal_count=576291 496657 245778 79634 250879 220521 163445 127938 30689 97249 79447 183590 176483 165907 159884 147963 141079 66649 31861 28872 20922 15784 74430 25408 49022 39125 39182 26376 22571 40452
is_linear=0
shrinkage=0.05


Tree=18
num_leaves=31
num_cat=0
split_feature=10 10 32 7 34 32 33 32 33 33 32 33 33 33 33 33 32 33 33 32 33 32 33 34 32 33 34 33 33 32
split_gain=4107.55 1826.21 937.643 702.131 611.618 576.988 647.894 574.684 635.53 1879.74 685.052 646.877 700.277 572.315 673.349 506.073 434.402 427.223 382.936 416.64 409.241 367.984 367.332 431.536 364.038 382.305 362.631 354.399 744.102 361.582
threshold=0.011678771878352803 0.024020609308662923 3.5000000000000004 -0.30419580419580416 2.8535883538621087 8.5000000000000018 -4774.4999999999991 3.5000000000000004 -1776.4999999999998 -2222.4999999999995 8.5000000000000018 -2669.4999999999995 -2784.4999999999995 -2205.4999999999995 -1569.4999999999998 -1762.4999999999998 11.500000000000002 -2506.4999999999995 -1228.4999999999998 1.5000000000000002 -4544.4999999999991 1.5000000000000002 -1867.4999999999998 3.623005818698426 5.5000000000000009 -2880.4999999999995 2.7179950858365554 -1450.4999999999998 -1141.4999999999998 7.5000000000000009
decision_type=8 10 2 10 2 2 2 2 2 2 2 2 2 2 2 2 2 2 2 2 2 2 2 2 2 2 2 2 2 2
left_child=15 2 18 -3 -4 6 -6 21 9 11 26 12 -9 24 -15 22 17 -7 19 20 -2 -5 23 -1 -8 -26 -11 -16 29 -29
right_child=1 3 4 7 5 16 13 8 -10 10 -12 -13 -14 14 27 -17 -18 -19 -20 -21 -22 -23 -24 -25 25 -27 -28 28 -30 -31
leaf_value=0.004689634222226788 0.024777298850254342 0.024583973173961191 0.011408498438959096 0.0078538264901606078 0.049642428237727174 -0.0075358560043040966 -0.016304010581508922 0.0079316808761785915 -0.0024836339158912594 0.066860437845965806 0.011992702405561294 -0.012767639593449032 0.06305201906154255 0.040692420711345101 -0.012506271151202239 -0.041044261336939225 0.0038256297529379647 -0.026957072251487392 0.026024677867965657 -0.02420078060215361 -0.012666276270205445 -0.0095520834672213964 0.047153925417940563 -0.031103236578048723 0.0072031489598583728 -0.024448520137948238 0.036655831016412461 0.066323718347947688 -0.022658610045483231 0.011180098843143173
leaf_weight=1149.4230059832335 905.84801791608334 6282.7947166115046 8888.6225133538246 5141.4822255373001 711.66460353136063 7361.0832481682301 4602.896645128727 18593.443136751652 8242.7039774656296 1294.8800335228443 2458.8154472857714 3870.5841357856989 594.64564695954323 1669.4226579219103 1923.3624115586281 5483.247590020299 4115.5113053619862 4601.937606588006 532.2645193785429 7986.4650961905718 3753.4244100153446 7416.8418493121862 203.87794174253941 3149.5534616410732 5682.4452108293772 1146.5032379627228 4272.3965770304203 669.32455731928349 711.60477411746979 534.79791913926601
leaf_count=6059 3863 25745 39774 22684 2921 35444 21796 78893 36202 5301 10183 16830 2404 6910 8736 36920 18626 22396 2705 42376 18136 35392 1041 18011 25202 5554 17364 3078 3299 2408
internal_value=-9.56854e-05 0.00259861 -0.00386382 0.00879759 -0.000259656 -0.00333443 0.00290676 0.00688603 0.0098596 0.0131326 0.0339732 0.0058786 0.00963988 0.000943397 0.0141828 -0.0308442 -0.0101864 -0.0150068 -0.0155201 -0.0172688 -0.00538656 -0.00242596 -0.0184233 -0.0215332 -0.00543609 0.00188919 0.0436811 0.00265509 0.0178769 0.0418323
internal_weight=123952 113966 55797.2 58168.6 42619.2 33730.6 17652 51885.8 39327.5 31084.8 8026.09 23058.7 19188.1 16940.4 5508.51 9986.1 16078.5 11963 13178 12645.7 4659.27 12558.3 4502.85 4298.98 11431.8 6828.95 5567.28 3839.09 1915.73 1204.12
internal_count=576253 514222 263224 250998 196144 156370 79904 225253 167177 130975 32848 98127 81297 76983 24431 62031 76466 57840 67080 64375 21999 58076 25111 24070 52552 30756 22665 17521 8785 5486
is_linear=0
shrinkage=0.05


Tree=19
num_leaves=31
num_cat=0
split_feature=10 5 10 32 37 5 12 32 38 12 7 12 1 38 32 43 12 32 32 10 26 7 34 43 43 34 32 34 11 8
split_gain=3769.86 1616.49 1323.56 1013.98 541.972 478.459 471.018 446.4 421.213 373.337 309.063 275.528 266.36 229.974 228.354 310.231 288.463 218.495 215.486 202.769 193.328 184.935 182.709 439.539 179.052 239.198 175.521 236.386 166.059 192.55
threshold=0.011678771878352803 -0.18047337278106565 0.030020662575394937 3.5000000000000004 0.003244046147044433 -0.068093385214008248 1.0000000180025095e-35 1.5000000000000002 -0.17469553200492507 1.8000000000000005 -0.014088642246904868 0.028571428571432026 0.1628475229997676 -0.0091419691322879842 11.500000000000002 3.5000000000000004 1.6000000000000008 11.500000000000002 3.5000000000000004 0.016918537973490782 0.56005464480874323 -0.062636175919113232 4.0698807254103899 1.0000000180025095e-35 2.5000000000000004 3.5931932579567505 8.5000000000000018 2.947063657109513 0.37814730867591456 0.0038026743126194922
decision_type=8 8 10 2 10 8 10 2 10 8 10 8 10 10 2 2 10 2 2 8 8 8 2 2 2 2 2 2 10 10
left_child=6 8 3 7 5 -5 -1 19 -2 -9 18 -7 13 -13 21 -16 -17 -8 -4 -3 -11 -6 -20 -24 -19 -26 -23 -28 29 -10
right_child=1 2 10 4 14 11 17 9 28 20 -12 12 -14 -15 15 16 -18 24 22 -21 -22 26 23 -25 25 -27 27 -29 -30 -31
leaf_value=-0.044908821560425694 0.036802810499683362 -0.020337799588164493 -0.00039034852526822746 0.003934159089656177 -0.0015382463233555965 -0.043440092225151869 -0.024564680786669443 -0.027124512508057953 -0.0050588172624390186 -0.018061192791233714 0.025535845663178444 -0.012299146176753019 0.10096145215094302 -0.00090937201333144238 -0.0025201482003618983 0.048123312294283266 0.0034234417927397273 -0.027760530053965699 0.013680746424257912 0.0011417187747122992 0.0039339383763462065 0.013122268976943133 0.062277384644144999 0.00022692058872446688 0.085943704964022871 -0.002976804446172974 0.021508932035223815 -0.005912544681564531 0.013108567894995361 0.067703878681471971
leaf_weight=3380.9884610772133 2501.0722890794277 1401.1628094315529 6193.0604880154133 11387.825403153896 8365.1262030899525 561.57919290661812 5903.0350665301085 6885.3500850945711 132.18465407192707 2173.6218862235546 2692.5373114049435 12402.305705949664 56.01409749686718 6896.1754879802465 967.53756263852119 1084.0442826747894 541.07273806631565 197.93163086473942 13070.219895660877 5090.4271710366011 1848.7649069875479 7068.825852304697 299.97476869821548 5872.1289729624987 126.92357148230076 187.14240726828575 1022.0658391267061 3401.5991834104061 11526.014964625239 291.26038852334023
leaf_count=24348 10232 7262 27960 51766 37347 2954 34729 36586 582 11601 11325 59189 240 31633 4301 4552 2300 1233 54640 23050 9252 30764 1228 24679 647 1048 4487 15637 49021 1233
internal_value=-4.42827e-05 0.00251922 0.00024505 -0.00338472 1.11138e-05 -0.0042406 -0.0298066 -0.0138759 0.0181437 -0.0200543 0.00942705 -0.00891485 -0.00791308 -0.00822909 0.00593956 0.0198954 0.0332408 -0.0218471 0.0077218 -0.00349448 -0.00795182 0.00411746 0.0103327 0.00324268 0.00948541 0.0329587 0.00823411 0.000423051 0.0142383 0.0449899
internal_weight=123528 113732 99281.4 71153.5 53754.2 31303.9 9796.02 17399.3 14450.5 10907.7 28127.9 19916.1 19354.5 19298.5 22450.3 2592.65 1625.12 6415.03 25435.4 6491.59 4022.39 19857.6 19242.3 6172.1 511.998 314.066 11492.5 4423.67 11949.5 423.445
internal_count=575826 513821 452753 332921 245170 145782 62005 87751 61068 57439 119832 94016 91062 90822 99388 11153 6852 37657 108507 30312 20853 88235 80547 25907 2928 1695 50888 20124 50836 1815
is_linear=0
shrinkage=0.05


Tree=20
num_leaves=31
num_cat=0
split_feature=10 10 5 32 33 33 7 33 33 5 33 32 34 32 7 33 32 9 7 32 33 33 33 33 33 33 32 12 33 33
split_gain=3581.74 1426.9 1000.17 831.706 911.076 702.947 671.651 571.157 894.04 472.24 468.345 404.057 439.109 400.128 386.546 436.438 381.622 359.553 357.312 346.114 496.869 547.326 381.852 528.498 342.642 330.164 306.418 293.606 286.093 919.585
threshold=0.013201412644698679 0.030168890702733053 -0.12696604690050586 4.5000000000000009 -1213.4999999999998 -1697.4999999999998 -0.071872585007728015 -4544.4999999999991 -4125.4999999999991 0.24689192840294752 -4069.4999999999995 4.5000000000000009 3.0056826232918001 6.5000000000000009 -0.10837942115708137 -1242.4999999999998 8.5000000000000018 0.010721223945932501 -0.29945789504613024 10.500000000000002 -3904.4999999999995 -3183.4999999999995 -2800.4999999999995 -2446.4999999999995 -2054.4999999999995 -4298.4999999999991 1.5000000000000002 3.1500000000000026 -2387.9999999999995 -1824.9999999999998
decision_type=8 10 8 2 2 2 10 2 2 8 2 2 2 2 10 2 2 8 10 2 2 2 2 2 2 2 2 10 2 2
left_child=5 2 7 4 9 11 16 -2 13 26 -10 -1 -13 -9 15 -7 -5 -18 -3 -19 -21 27 -23 -24 25 -14 -4 -22 -12 -30
right_child=1 18 3 6 -6 14 -8 8 10 -11 28 12 24 -15 -16 -17 17 19 -20 20 21 22 23 -25 -26 -27 -28 -29 29 -31
leaf_value=-0.031957095810095343 0.038082265284329966 0.024052512556431413 -0.0065599051980925168 0.0020877560657682867 0.046629445526981519 -0.037241697949359082 0.008379257828296037 -0.034274143221900658 0.048985245469624919 0.0065083195374267683 0.0035930560720469195 0.027070335058839535 0.036212754224035186 0.0097914231407389279 -0.042166140503120883 0.042101583267494767 -0.034255430572171182 -0.016020260939880064 0.0093761996370387429 -0.017645450858319235 0.053777356619458219 -0.030139643962274833 0.054150616057785143 -0.0022957798755164323 0.019307769651238624 -0.023143435227791512 -0.022047239691002071 -0.0074813797890415888 0.055240124096966471 0.0054471053299444882
leaf_weight=2265.5380323082209 1622.5611424893141 4865.0890699923038 4428.1307842582464 11298.29571197927 627.18502010405064 398.3448787778616 15290.713095068932 1695.6853672713041 809.07900360226631 2300.580674931407 7387.9041164368391 814.24084013700485 251.6151101142168 739.96135909855366 5207.6785781234503 306.80703973770142 1397.6146084070206 6368.9433909505606 28104.599730104208 2515.3485440313816 880.80747139453888 801.63601675629616 524.24715165793896 1984.0762472003698 692.41886155307293 3400.7655952870846 11457.015483260155 251.43598413467407 1291.8891201466322 3285.1292902678251
leaf_count=13475 6786 19823 20699 50444 2965 2289 67556 8032 3407 10624 32365 3811 1151 3147 36929 1668 7208 30654 119664 11789 3754 3769 2223 9112 3541 18865 58993 1098 5556 14453
internal_value=-0.000130194 0.00283859 -0.000889987 -0.0039059 -0.0126203 -0.0245991 6.24285e-05 0.00988311 0.00687483 -0.0146637 0.0121682 -0.0143554 -0.00662582 -0.0208868 -0.0374619 -0.00271995 -0.00482452 -0.0101285 0.0115419 -0.00759824 0.000111279 0.0101658 -9.90103e-05 0.00950169 -0.0129407 -0.0190543 -0.01773 0.0401737 0.0096786 0.0195015
internal_weight=123265 109928 76958.2 60126 18812.9 13337.4 41313.1 16832.2 15209.6 18185.7 12774 7424.58 5159.04 2435.65 5912.83 705.152 26022.4 14724.1 32969.7 13326.5 6957.55 4442.2 3309.96 2508.32 4344.8 3652.38 15885.1 1132.24 11964.9 4577.02
internal_count=575850 494121 354634 280888 93281 81729 187607 73746 66960 90316 55781 40843 27368 11179 40886 3957 120051 69607 139487 62399 31745 19956 15104 11335 23557 20016 79692 4852 52374 20009
is_linear=0
shrinkage=0.05


Tree=21
num_leaves=31
num_cat=0
split_feature=9 5 38 32 8 13 28 32 34 32 32 32 5 9 34 13 13 32 32 32 32 38 34 7 9 34 32 28 7 34
split_gain=3038.93 1283.82 1078.24 903.874 702.158 658.812 592.802 549.99 428.849 518.099 323.968 372.387 320.651 315.175 304.103 248.258 215.502 213.518 211.132 205.792 203.427 200.673 192.776 218.296 188.713 180.134 174.852 171.376 140.328 137.903
threshold=0.012487373492708693 -0.066666666666666582 -0.14303991443100225 3.5000000000000004 0.083333333333333384 3.0531133177191813e-17 0.099935265889419492 1.5000000000000002 3.1403734504631191 10.500000000000002 8.5000000000000018 11.500000000000002 0.26150600101033111 0.044331414966119795 2.841993923664011 0.034912991142855836 0.049378107903028559 5.5000000000000009 8.5000000000000018 11.500000000000002 9.5000000000000018 0.025765316349706139 4.45376556262186 -0.16666666666666666 0.042765620627177543 2.9365093858589595 3.5000000000000004 -0.03121821139564469 -0.15943407213305674 2.8986667661772656
decision_type=8 8 8 2 10 10 10 2 2 2 2 2 8 10 2 8 10 2 2 2 2 10 2 10 8 2 2 10 8 2
left_child=1 4 16 7 -1 28 8 -4 9 20 15 13 22 -12 27 17 -2 -10 -8 24 -5 26 23 -9 25 -20 -7 -11 -3 -28
right_child=2 5 3 6 -6 21 18 12 10 14 11 -13 -14 -15 -16 -17 -18 -19 19 -21 -22 -23 -24 -25 -26 -27 29 -29 -30 -31
leaf_value=-0.0044669516357996762 0.015660956281724297 -0.00047910816016456266 0.0029405220748562745 0.0067254049122699722 0.047789997974414598 -0.033790674569283252 0.020972613017271477 -0.009553772143711536 -0.0098510398022531483 0.01408869701585809 -0.010584819239040741 0.007195596674745168 0.0048009567301784857 0.015526966489343319 0.0072200362509097426 0.0099843817738209037 0.034024571453092595 0.0047012060030428085 0.020761108054113662 0.025375556880698331 -0.0094269726264458575 -0.0027480332323224013 -0.0040996053717995357 -0.025748570432787818 0.022714405120318786 -0.012669930819775084 -0.00098799197602507513 0.040312899170801754 -0.043652924720785254 -0.020704001164548069
leaf_weight=5519.1456344425678 4067.161543995142 197.09821009635925 9060.67126044631 13223.086858734488 727.55421684682369 2206.4194248467684 6777.1181835532188 3307.9231027066708 4131.9211025685072 875.2138058245182 13979.919437065721 5088.4811644405127 2139.9163582324982 1259.7677815407515 1892.4090554714203 10091.58050082624 2631.1871834844351 6464.025609895587 503.59326791763306 1120.3568274974823 2286.3249340951443 1679.1107424497604 2528.459165558219 5609.2875177711248 741.13732379674911 2015.9059145003557 1058.2239028811455 2161.8468668162823 4174.0076570212841 5478.3009338229895
leaf_count=27700 16977 931 40868 57666 3116 13015 28025 16150 19100 3740 64993 22015 10036 5289 8317 43390 10796 28614 2146 4594 10308 8680 12955 30009 3060 8882 5220 9026 30232 30026
internal_value=-8.62678e-05 -0.0173872 0.00348395 0.00212047 0.00161942 -0.0254132 0.00484043 -0.00660079 0.00291541 0.00883227 -3.30776e-05 -0.0045159 -0.0129642 -0.00842632 0.0229526 0.00437187 0.0228744 -0.000973486 0.0154427 0.00688838 0.0043443 -0.0185797 -0.0162856 -0.019741 0.000536171 -0.00598779 -0.0216203 0.0327557 -0.0417062 -0.0175121
internal_weight=122997 21039.9 101957 95258.9 6246.7 14793.2 72612.7 22646.3 61454.6 20438.9 41015.7 20328.2 13585.6 15239.7 4929.47 20687.5 6698.35 10595.9 11158.1 4380.99 15509.4 10422.1 11445.7 8917.21 3260.64 2519.5 8742.94 3037.06 4371.11 6536.52
internal_count=575876 118920 456956 429183 30816 88104 319165 110018 272458 89057 183401 92297 69150 70282 21083 91104 27773 47714 46707 18682 67974 56941 59114 46159 14088 11028 48261 12766 31163 35246
is_linear=0
shrinkage=0.05


Tree=22
num_leaves=31
num_cat=0
split_feature=10 12 5 9 32 32 32 33 33 33 32 34 33 33 33 38 33 33 33 33 32 34 33 33 33 33 33 32 33 33
split_gain=3060.36 1055.25 935.06 867.548 679.603 640.303 648.519 516.745 749.415 511.056 439.975 430.471 570.454 730.69 430.701 545.483 427.487 1089.58 814.162 413.475 407.182 437.897 392.558 787.019 367.021 364.414 341.802 319.011 291.026 292.766
threshold=0.016043027793479912 1.0000000180025095e-35 -0.13761467889908161 0.035221279912310853 4.5000000000000009 8.5000000000000018 11.500000000000002 -4544.4999999999991 -4125.4999999999991 -1213.4999999999998 1.5000000000000002 3.2939815763060616 -3231.9999999999995 -3544.4999999999995 -4298.4999999999991 -0.12259352065419797 -2222.4999999999995 -1789.9999999999998 -2880.4999999999995 -4069.4999999999995 3.5000000000000004 2.8986667661772656 -2373.4999999999995 -1647.4999999999998 -2528.4999999999995 -4487.9999999999991 -2963.4999999999995 10.500000000000002 -1685.4999999999998 -3633.4999999999995
decision_type=8 10 8 10 2 2 2 2 2 2 2 2 2 2 2 10 2 2 2 2 2 2 2 2 2 2 2 2 2 2
left_child=1 -1 7 4 9 16 11 -2 -9 10 -4 12 13 14 15 -7 18 -18 -6 -10 -3 28 24 -24 26 -23 -21 -28 29 -22
right_child=2 20 3 -5 5 6 -8 8 19 -11 -12 -13 -14 -15 -16 -17 17 -19 -20 22 21 25 23 -25 -26 -27 27 -29 -30 -31
leaf_value=-0.041912547605991196 0.037663258675119188 -0.024806766061383156 0.0005861309574711484 0.01115971243710763 0.0082322328055904857 -0.030241993906157418 0.01116531983810537 -0.015880685247110008 0.048804061610422167 0.039069326929535172 -0.015756433507815033 -0.014936604097530923 -0.011713981454892948 0.079501950669114918 -0.0083890445086644838 0.06030798502082596 0.040628604921031986 0.0019926114265291076 -0.026636819153550102 0.0016842071688219452 -0.0035376390528140279 0.042141981465671191 0.035644674069419256 0.00041419839435184399 -0.01378009528802783 -0.013412570530757268 0.017280776257761053 0.064168570598709021 -0.02244709407010852 0.034371793799267268
leaf_weight=3494.2322317510843 1956.8568737059832 4711.6903540939093 6029.1064428389072 17270.588015511632 10928.654961317778 226.76551304757595 5430.1082819104195 2327.8806253671646 831.34149950742722 532.87777091562748 12995.218056127429 10456.838813275099 3527.0914362370968 418.27491441369057 1495.6062608063221 623.95979379117489 3098.9121497571468 4438.3109214752913 1976.878724783659 4012.9325212687254 861.33719366788864 302.93508797883987 4023.1467548757792 2615.9709512591362 1904.0935691446066 11539.246160119772 2380.3432067036629 427.99182786047459 534.00362911820412 1246.0628585070372
leaf_count=26599 8089 27915 27188 73359 47186 1260 23481 10438 3433 2395 65481 49302 16384 1715 6817 2617 12656 19499 9165 17205 3878 1337 16844 11319 7971 61353 10032 1744 3117 5626
internal_value=-6.23296e-05 -0.0166395 0.0037016 0.00124594 -0.00150768 0.00203324 -0.00385047 0.0132277 0.0106463 -0.00922449 -0.0105772 -0.0087188 0.00161524 0.0186207 0.00776753 0.0361714 0.00841656 0.0178777 0.00289097 0.0144592 -0.012039 -0.00788542 0.0126008 0.021763 0.00562932 -0.0119914 0.0110473 0.0244265 0.010523 0.0188774
internal_weight=122619 22689.5 99929.7 79449.2 62178.6 42621.4 22178.6 20480.6 18523.7 19557.2 19024.3 16748.5 6291.7 2764.61 2346.33 850.725 20442.8 7537.22 12905.5 16195.8 19195.3 14483.6 15364.5 6639.12 8725.36 11842.2 6821.27 2808.34 2641.4 2107.4
internal_count=575405 129825 445580 358505 285146 190082 101576 87075 78986 95064 92669 78095 28793 12409 10694 3877 88506 32155 56351 68548 103226 75311 65115 28163 36952 62690 28981 11776 12621 9504
is_linear=0
shrinkage=0.05


Tree=23
num_leaves=31
num_cat=0
split_feature=10 10 5 37 38 33 33 38 5 13 33 33 5 33 33 33 33 37 33 29 34 33 33 3 33 33 33 33 33 33
split_gain=2772.78 1251.6 635.742 654.654 494.679 353.759 374.952 350.577 380.062 332.921 328.302 364.827 314.71 299.955 516.68 803.594 317.931 390.825 607.689 291.821 275.126 239.865 266.053 229.915 225.76 469.784 211.784 208.443 291.455 220.282
threshold=0.01106187763101491 0.024020609308662923 -0.12093250204003257 0.0027652044682799919 -0.16783068120665343 -4856.9999999999991 -4544.4999999999991 0.20416187624130569 -0.045454358341820149 3.0531133177191813e-17 -1762.4999999999998 -1913.4999999999998 -0.11709129443562104 -4544.4999999999991 -2373.4999999999995 -1762.4999999999998 -1944.4999999999998 -0.0084859312193606967 -2331.4999999999995 0.17380549551235358 3.623005818698426 -4412.4999999999991 -2586.4999999999995 -0.09240953702404163 -4525.4999999999991 -4125.4999999999991 -2156.4999999999995 -2829.4999999999995 -2733.4999999999995 -2639.4999999999995
decision_type=8 10 8 8 10 2 2 10 10 10 2 2 10 2 2 2 2 10 2 8 2 2 2 10 2 2 2 2 2 2
left_child=10 2 23 9 -3 -5 -7 8 13 -4 11 20 -12 -6 21 16 17 18 -16 -8 -1 -15 27 -2 -25 -26 -19 -23 -29 -30
right_child=1 4 3 5 7 6 19 -9 -10 -11 12 -13 -14 14 15 -17 -18 26 -20 -21 -22 22 -24 24 25 -27 -28 28 29 -31
leaf_value=0.0039387466318978898 0.024382167016081736 0.026345286659283741 -0.036485107471312693 -0.024990019333234078 0.028550529874885738 0.032276215496913736 -0.00093092234642361065 0.017726281662030212 0.0011999783551800518 -0.010213796747834269 0.013937614577008412 0.035822519682147745 -0.040360575555125636 -0.037126434048527772 0.084850679382960065 0.00057667006528384218 0.062905504902311324 0.051563780814568597 -0.0071921246883360386 0.02616077710779996 -0.030435566864024127 0.0019878694195951058 -0.014303549901669991 0.03009571058253771 -0.022184449941506878 0.0071299468380937167 0.012229325434930249 0.04643588424041227 -0.027004156183521789 0.02595643149332675
leaf_weight=780.18811684846878 1626.6604851186275 3169.9207329154015 1272.394731298089 1260.4144233763218 1999.2158651351929 992.91548572480679 16551.065862387419 5738.8170014172792 30320.844774127007 23082.296520411968 284.24966417253017 302.71130827069283 4361.5661788210273 411.18273861706257 211.11229033768177 3562.9895737618208 737.71931447088718 1372.434485450387 1190.9840857684612 1057.5061562508345 2292.772734478116 5464.6886223852634 1967.5515898913145 775.65009024739265 1653.5543580204248 7878.5599946379662 455.87355823814869 704.90835998952389 355.27808323502541 438.8943454772234
leaf_count=4268 7111 12901 7103 6680 8291 4199 77688 24071 133016 114691 1643 1666 33957 1865 905 15478 3063 5837 5174 4708 14219 23319 8406 3244 7924 35628 1908 2900 1597 1860
internal_value=1.92532e-07 0.00199523 -0.00332814 -0.00609215 0.00713981 0.000644812 0.0023818 0.00603155 0.00466727 -0.0115863 -0.028416 -0.0165493 -0.0370384 0.0102378 0.00806804 0.017813 0.0332895 0.0265262 0.00666667 0.000696106 -0.0217083 0.000212529 0.00193155 0.00691242 0.00415553 0.00204472 0.0417561 0.00651864 0.0230349 0.00226418
internal_weight=122275 114253 56151 44216.6 58102.4 19861.9 18601.5 54932.5 49193.7 24354.7 8021.49 3375.67 4645.82 18872.8 16873.6 7531.11 3968.12 3230.4 1402.1 17608.6 3072.96 9342.5 8931.32 11934.4 10307.8 9532.11 1828.31 6963.77 1499.08 794.172
internal_count=575320 519567 268976 215069 250591 93275 86595 237690 213619 121794 55753 20153 35600 80603 72312 32365 16887 13824 6079 82396 18487 39947 38082 53907 46796 43552 7745 29676 6357 3457
is_linear=0
shrinkage=0.05


Tree=24
num_leaves=31
num_cat=0
split_feature=10 5 9 33 32 33 33 7 33 33 33 33 33 33 33 32 33 32 33 33 33 33 33 33 33 33 33 33 32 12
split_gain=2614.96 1165.44 1145.3 696.831 622.324 766.075 566.045 563.091 462.973 891.321 433.019 517.497 402.709 446.015 708.263 390.92 370.417 351.167 347.656 345.772 345.232 558.067 486.112 437.628 486.213 924.09 597.123 352.857 325.359 322.685
threshold=0.01106187763101491 -0.13970588235294176 0.019875594660534197 -4856.9999999999991 4.5000000000000009 -1213.4999999999998 -1410.4999999999998 -0.022904564946321645 -4544.4999999999991 -4125.4999999999991 -4544.4999999999991 -4856.9999999999991 -4069.4999999999995 -2373.4999999999995 -1824.9999999999998 10.500000000000002 -2528.4999999999995 10.500000000000002 -4686.4999999999991 -1944.4999999999998 -2460.4999999999995 -2331.4999999999995 -2880.4999999999995 -2222.4999999999995 -1776.4999999999998 -1928.4999999999998 -2126.4999999999995 -3633.4999999999995 6.5000000000000009 1.0000000180025095e-35
decision_type=8 8 8 2 2 2 2 8 2 2 2 2 2 2 2 2 2 2 2 2 2 2 2 2 2 2 2 2 2 10
left_child=29 8 4 -4 5 10 -6 15 -2 28 11 -3 -11 16 19 18 17 -14 -5 -15 22 -22 27 -23 25 26 -25 -20 -10 -1
right_child=1 2 3 7 6 -7 -8 -9 9 12 -12 -13 13 14 -16 -17 -18 -19 20 -21 21 23 -24 24 -26 -27 -28 -29 -30 -31
leaf_value=-0.041161727328668858 0.035109120928052205 -0.018627746184757335 -0.023846309671724974 0.018409525561239853 -0.00028706313504102041 0.047641169144110485 -0.024612910381691808 0.016357518685653608 -0.029272628823763514 0.046226091377012939 -0.023034122817693459 0.04747880781704869 0.0048347917233824084 0.031189347977181165 0.0082676608823534087 0.012424681554528387 -0.013935158064171754 0.031850960638151675 -0.0075248189477918649 0.072135805058991601 0.036185995899922718 -0.034175578156332459 -0.01983674104609788 0.026360622366399522 -0.0042871838606261562 0.037940899777412336 -0.017323688039815821 0.0083626165639222663 0.0093405466693175163 -0.020198092034517012
leaf_weight=2912.9477742984891 2002.2256391793489 722.39345943927765 2193.1770447939634 2513.2414381802082 21232.614452958107 439.90211555361748 2694.9464831650257 8959.2113404422998 1795.4287473708391 916.0278655141592 10054.006324350834 501.61315049231052 6014.750357195735 2228.0786764770746 4035.7332595735788 8347.0082100182772 2008.1336240321398 1503.5066276341677 8445.5668428093195 670.80702219903469 1284.6218795925379 798.64455111324787 4462.3087641149759 1201.8561950623989 7823.209733709693 2484.1311969906092 2240.6655510962009 5962.0350575149059 783.66454571485519 4963.3658440485597
leaf_count=24237 8272 3572 11424 10375 99024 2162 14008 38602 8552 3805 53653 2195 26007 9381 17366 35372 8497 6245 37815 2777 5932 3842 20370 4996 35513 10169 10028 26939 3320 31563
internal_value=-8.53275e-05 0.00183456 -0.000626996 0.00378703 -0.00765017 -0.0170908 -0.00302687 0.00489858 0.0121883 0.00988866 -0.0196157 0.00846354 0.0139596 0.012164 0.0218105 0.00264539 0.00514198 0.0102375 0.000452051 0.0406644 -0.000848453 0.00459586 -0.0054166 0.00180648 0.00389645 0.0146989 -0.00207258 -0.000950411 -0.0175399 -0.0279512
internal_weight=122196 114320 92361.2 56715.7 35645.5 11717.9 23927.6 54522.5 21958.4 19956.1 11278 1224.01 17377 16461 6934.62 45563.3 9526.39 7518.26 37216.3 2898.89 34703 15833.1 18869.9 14548.5 13749.9 5926.65 3442.52 14407.6 2579.09 7876.31
internal_count=576013 520213 425991 251377 174614 61582 113032 239953 94222 85950 59420 5767 74078 70273 29524 201351 40749 32252 165979 12158 155604 70480 85124 64548 60706 25193 15024 64754 11872 55800
is_linear=0
shrinkage=0.05


Tree=25
num_leaves=31
num_cat=0
split_feature=10 10 32 20 38 32 33 33 32 33 34 33 33 33 33 38 33 33 33 32 32 33 33 33 32 33 34 33 33 33
split_gain=2385.22 1044.72 648.256 512.76 471.868 396.681 411.912 1517.78 660.519 425.861 398.785 378.774 417.952 533.84 710.986 600.317 386.398 386.187 1090.94 456.967 460.566 658.717 793.738 438.623 371.292 527.246 403.485 391.793 375.535 369.26
threshold=0.01106187763101491 0.024020609308662923 3.5000000000000004 0.48018115436892733 -0.15666187417003899 3.5000000000000004 -1776.4999999999998 -2205.4999999999995 7.5000000000000009 -2586.4999999999995 3.0468977391027221 -4963.4999999999991 -4487.9999999999991 -4394.4999999999991 -4298.4999999999991 -0.097513081679790045 -4349.4999999999991 -3647.4999999999995 -3400.4999999999995 8.5000000000000018 10.500000000000002 -2814.4999999999995 -2446.4999999999995 -3529.4999999999995 10.500000000000002 -3871.4999999999995 3.1068238101485854 -4272.4999999999991 -4686.4999999999991 -2222.4999999999995
decision_type=8 10 2 8 10 2 2 2 2 2 2 2 2 2 2 10 2 2 2 2 2 2 2 2 2 2 2 2 2 2
left_child=-1 2 -2 -4 -3 -6 7 9 10 24 -9 -5 -13 -14 16 -16 -15 -17 23 29 -21 -22 -23 -19 28 27 -27 -26 -7 -20
right_child=1 4 3 11 5 6 -8 8 -10 -11 -12 12 13 14 15 17 -18 18 19 20 21 22 -24 -25 25 26 -28 -29 -30 -31
leaf_value=-0.026883047340428786 -0.012891348867870429 0.023425050259706055 -0.015374598601060926 -0.026294320882170027 -0.0022659928199754847 0.019658098667081417 -0.0019546859413859742 0.067914369350984591 0.015995745491540862 -0.01109776516403102 0.033059150509959008 0.022908885241745145 -0.031378341289372592 0.0029610468523575588 0.019896479110414877 -0.014168908629695496 0.051494249131543546 0.01795509113861872 -0.0047155647619617699 -0.023272061036633176 -0.035858340139090887 0.061044846558943468 -0.0016951477092761727 0.062013919704983038 0.022239333930351476 0.058803627982051125 0.018890541692921588 -0.018235799035790309 -0.00028596650947764894 0.01293383307898565
leaf_weight=7727.0609451234341 12892.803758814931 3851.0866271257401 4879.9382469803095 1160.2613417208195 13101.087589636445 2880.7244023531675 8683.9799234271049 1264.9686200171709 4124.6231164932251 3810.9550423175097 2336.1533883661032 2397.1478183865547 1204.7726038098335 652.52094654738903 3636.687530964613 5080.8597398400307 1103.9060732871294 2011.281164586544 6574.9175401479006 4335.5128826200962 944.80340069532394 646.85849077999592 2284.4155475497246 785.51367802917957 1181.5610783994198 1019.9196074903011 1669.9394548982382 1210.336358293891 13064.350550949574 5395.5020787268877
leaf_count=55746 68532 15705 23979 6723 60589 11777 37912 5372 16883 16461 9684 10036 5878 2811 15541 23661 4656 9156 31052 21692 4611 2813 10782 3315 4815 4129 6864 5148 55728 24073
internal_value=1.87286e-06 0.00182118 -0.00305495 -0.000112171 0.00651198 0.00531353 0.00772095 0.0103012 0.0296563 0.00428087 0.0453028 0.0018368 0.00271764 0.00132108 0.00249872 0.000782809 0.0334639 -0.00169443 0.00106381 -0.00299179 -0.0120757 0.000447843 0.01215 0.0303295 0.00706813 0.0188373 0.0340245 0.0017583 0.00331724 0.00323966
internal_weight=121914 114187 55987.7 43094.9 58199.7 54348.6 41247.5 32563.5 7725.75 24837.8 3601.12 38215 37054.7 34657.6 33452.8 31696.4 1756.43 28059.7 22978.8 20182 8211.59 3876.08 2931.27 2796.79 21026.8 5081.76 2689.86 2391.9 15945.1 11970.4
internal_count=576124 520378 269311 200779 251067 235362 174773 136861 31939 104922 15056 176800 170077 160041 154163 146696 7467 131155 107494 95023 39898 18206 13595 12471 88461 20956 10993 9963 67505 55125
is_linear=0
shrinkage=0.05


Tree=26
num_leaves=31
num_cat=0
split_feature=10 7 37 32 32 32 34 33 10 33 33 33 32 43 33 33 34 34 33 10 12 0 43 33 33 33 33 32 34 32
split_gain=2150.08 1029.67 832.302 595.253 469.274 662.258 651.934 631.81 719.805 575.321 1247.38 517.055 522.885 950.591 417.605 702.877 363.742 356.795 353.695 390.149 329.059 326.794 326.092 272.693 973.603 373.715 415.304 450.73 345.628 338.206
threshold=0.01106187763101491 -0.23026134150948877 0.020981580352349542 3.5000000000000004 8.5000000000000018 10.500000000000002 2.841993923664011 -4298.4999999999991 0.02215982286679195 -2205.4999999999995 -1789.9999999999998 -2669.4999999999995 5.5000000000000009 1.5000000000000002 -4544.4999999999991 -4125.4999999999991 4.0698807254103899 3.8680705719571402 -1213.4999999999998 0.020100700526902937 1.0000000180025095e-35 0.084269662921347979 2.5000000000000004 -3599.4999999999995 -3463.4999999999995 -2205.4999999999995 -1789.9999999999998 3.5000000000000004 3.6724951675895521 7.5000000000000009
decision_type=8 8 10 2 2 2 2 2 8 2 2 2 2 2 2 2 2 2 2 8 10 10 2 2 2 2 2 2 2 2
left_child=20 14 3 18 9 7 -7 8 -6 11 16 12 13 -5 -2 -16 -11 -17 19 -3 -1 23 -8 -4 28 -26 27 -27 -25 -29
right_child=1 2 21 4 5 6 22 -9 -10 10 -12 -13 -14 -15 15 17 -18 -19 -20 -21 -22 -23 -24 24 25 26 -28 29 -30 -31
leaf_value=-0.039491731462805497 0.032216138614716262 -0.023988485736051116 -0.002064347623617829 0.043162027137449009 0.061298065576751451 0.028762642729292749 -0.011106468506579502 -0.019232649630959935 -0.0072081752452014831 0.05515492422708021 0.00059885181094449923 -0.020854805298759837 0.0098929620316308749 -0.018702971321726727 -0.016386278095879624 0.018829377545915585 0.016536675797802044 0.0020847723593013109 0.034299891988787655 -0.0073201487871518076 -0.017879032750513665 0.028556941947300071 0.0078274117451186676 0.060248309490263031 -0.0027272510944030444 -0.02273394599498034 0.0021632256423403675 0.04205119062007414 0.0097878700277190013 0.013885761869754862
leaf_weight=2770.6712328121066 2303.7893953472376 5568.0844230651855 9191.7519984990358 721.21847957372665 536.47125639021397 1968.3640971332788 5260.6603049486876 10088.893004119396 1344.1678410619497 1820.1538973748684 5260.4427059590816 2849.6958044469357 8850.1708668619394 4465.4483030289412 2266.847794264555 10043.459984436631 916.90657560527325 4656.2138980478048 397.55993928015232 9500.8915721774101 4833.5435557439923 1561.1313735246658 4005.5589072108269 1149.9674963206053 8424.5705107599497 497.7198740541935 5542.1561980247498 2069.5333170890808 481.4106335490942 2197.638654306531
leaf_count=24211 9474 31609 40271 3007 2262 8539 25303 49066 6729 7596 24000 13423 38699 21372 10181 41912 3814 19574 1940 46894 31596 6609 17716 4876 38256 2370 24763 8653 2111 9119
internal_value=-1.18771e-05 0.0017061 -0.000438353 -0.0037187 -0.000974448 -0.00608941 0.00262948 -0.0142729 0.0123339 0.0037952 0.0148425 -0.00143685 0.0025053 -0.0101005 0.0122413 0.009529 0.0422179 0.0135254 -0.0122511 -0.0134792 -0.0257538 0.00626181 -0.00292182 0.00508415 0.00831094 0.00508446 0.0114694 0.0222937 0.0453577 0.0275457
internal_weight=121545 113941 94670.6 63554.7 48088.2 23204.1 11234.6 11969.5 1880.64 24884 7997.5 16886.5 14036.8 5186.67 19270.3 16966.5 2737.06 14699.7 15466.5 15069 7604.21 31115.9 9266.22 29554.7 20363 18731.6 10307 4764.89 1631.38 4267.17
internal_count=575945 520138 438997 301969 221526 109615 51558 58057 8991 111911 35410 76501 63078 24379 81141 71667 11410 61486 80443 78503 55807 137028 43019 130419 90148 83161 44905 20142 6987 17772
is_linear=0
shrinkage=0.05


Tree=27
num_leaves=31
num_cat=0
split_feature=10 12 7 37 33 33 33 28 7 33 34 33 33 33 33 33 33 7 28 13 34 33 33 33 33 33 34 34 33 33
split_gain=2059.9 835.527 757.758 550.758 380.541 556.989 340.282 297.992 334.699 333.257 257.732 256.082 310.843 450.127 635.608 707.287 340.667 317.39 287.672 270.176 251.027 332.507 249.265 776.48 308.181 355.805 241.203 232.015 229.598 399.659
threshold=0.015698928961232112 1.0000000180025095e-35 -0.23026134150948877 0.026781179205128351 -4544.4999999999991 -4125.4999999999991 -4069.4999999999995 0.036410636015486685 -0.14366155463587207 -1242.4999999999998 4.0244580354481023 -4963.4999999999991 -4544.4999999999991 -4394.4999999999991 -4298.4999999999991 -4125.4999999999991 -4642.4999999999991 -0.16312926567478195 0.027403398990828529 3.0531133177191813e-17 4.6136341414984168 -4508.4999999999991 -3599.4999999999995 -3463.4999999999995 -2205.4999999999995 -1789.9999999999998 3.7530265867549524 4.0368915979714233 -1928.4999999999998 -2156.4999999999995
decision_type=8 10 8 10 2 2 2 10 10 2 2 2 2 2 2 2 2 10 10 8 2 2 2 2 2 2 2 2 2 2
left_child=1 -1 4 11 -2 -6 -7 8 9 -3 -8 -4 16 20 -15 -16 -13 -17 -18 -19 -14 -22 26 27 -25 28 -5 -24 29 -26
right_child=2 7 3 22 5 6 10 -9 -10 -11 -12 12 13 14 15 17 18 19 -20 -21 21 -23 23 24 25 -27 -28 -29 -30 -31
leaf_value=-0.038650395577139854 0.031220816219999614 -0.0039094968332485996 -0.025292285203320483 -0.0086441927607761523 -0.014492902699392983 0.047718119084995465 0.015362324477257543 0.0015069944199985075 -0.017954171038362915 0.055969429387591231 8.0698248762895434e-05 0.0030202668582581891 -0.039635221926570222 0.032243498471313518 -0.029269617596235212 0.0048374803594025901 0.055880156622233258 -0.033106013085123724 0.0069354270391300144 -0.0035158732934268606 0.092466196794506267 -0.017887299332714223 0.056372423435899113 -0.00074545055765531877 0.052833796109305081 0.0037446205986093823 0.0086128803670813808 0.0029954853959561936 0.035887699710928513 0.0033617340575063078
leaf_weight=3066.6717999055982 2241.1112137436867 2409.3039562255144 1160.2003393918276 4307.8011770993471 2146.7624056339264 665.72412267327309 9928.8650652766228 4065.2283465117216 10589.469616748393 257.16762611269951 3820.8957784920931 3951.212845146656 1241.2625322937965 1326.4242679774761 2403.9430739283562 13891.866940364242 652.36196705698967 792.12407231330872 556.13924959301949 29519.539095461369 86.709029227495193 320.82657942175865 1099.7882011979818 7194.4877275675535 509.68805414438248 4985.8561880886555 3820.718137010932 249.83459350466728 1978.2670813649893 2050.9048837721348
leaf_count=26529 9212 12251 6861 18609 9640 2723 41357 21211 61998 1339 16001 17255 6501 5611 11736 62491 2717 4143 2310 138520 441 1545 4589 32120 2124 21937 16558 1067 8299 8687
internal_value=-9.86859e-05 -0.0145946 0.00283026 0.000756644 0.0118842 0.00926765 0.0128061 -0.0103356 -0.0139674 0.00186552 0.0111157 -0.0020468 -0.00155414 -0.00276956 -0.001886 -0.00285731 0.0101255 -0.00142091 0.0333563 -0.00428914 -0.0284564 0.00559199 0.00673892 0.0100102 0.00706528 0.0129651 -0.000532702 0.0464916 0.0230936 0.0132092
internal_weight=121291 20387.8 100903 82100 18803.4 16562.2 14415.5 17321.2 13255.9 2666.47 13749.8 55902.6 54742.4 49582.7 47933.9 46607.5 5159.71 44203.5 1208.5 30311.7 1648.8 407.536 26197.3 18068.8 16719.2 9524.72 8128.52 1349.62 4538.86 2560.59
internal_count=576382 123328 453054 374121 78933 69721 60081 96799 75588 13590 57358 260131 253270 230988 222501 216890 22282 205154 5027 142663 8487 1986 113990 78823 73167 41047 35167 5656 19110 10811
is_linear=0
shrinkage=0.05


Tree=28
num_leaves=31
num_cat=0
split_feature=9 5 38 33 32 33 33 32 9 32 33 33 33 33 33 26 33 13 34 26 33 34 33 33 33 34 32 33 33 33
split_gain=1827.97 994.933 745.171 623.134 587.309 934.79 417.579 409.447 335.556 388.553 318.659 1166.66 686.978 1033.8 688.269 692.361 384.597 352.938 333.521 294.477 290.094 284.464 283.159 270.156 1135.63 726.538 627.407 437.231 460.797 695.94
threshold=0.013102433407651099 -0.092307692307692021 -0.11979106134236138 -1647.4999999999998 4.5000000000000009 -1228.4999999999998 -4963.4999999999991 4.5000000000000009 0.031859418709755283 1.5000000000000002 -1776.4999999999998 -2068.4999999999995 -2639.4999999999995 -2784.4999999999995 -2222.4999999999995 0.63064632576827717 -1685.4999999999998 0.023132579628578519 2.7350683167604148 0.50496694187691205 -2126.4999999999995 3.0228579809699494 -4564.4999999999991 -3231.9999999999995 -3544.4999999999995 3.0228579809699494 7.5000000000000009 -4298.4999999999991 -4375.4999999999991 -4468.9999999999991
decision_type=8 8 8 2 2 2 2 2 8 2 2 2 2 2 2 8 2 8 2 10 2 2 2 2 2 2 2 2 2 2
left_child=1 -1 -2 7 5 8 -6 -3 9 22 11 12 13 23 -14 20 -12 -18 -13 -5 -16 -9 -4 24 27 -26 -25 28 29 -8
right_child=2 3 4 19 6 -7 10 21 -10 -11 16 18 14 -15 15 -17 17 -19 -20 -21 -22 -23 -24 26 25 -27 -28 -29 -30 -31
leaf_value=0.0062734787374851388 0.015663100657578425 -0.026559861985084973 0.032052808784436608 -0.036768718730945726 -0.025715100716700592 0.042670539434979886 0.013119802058255914 0.012023444809232009 0.0032529943919901746 -0.014821196203210011 -0.01955548116018219 0.057463880578610849 -0.0187917115164642 0.05841827998366618 0.0052946150697292475 0.029845853414074731 -0.02115418800495722 0.0057366719825499273 0.023392467772427768 -0.0045575967632682035 -0.032515795471544783 -0.010875361532380914 -0.0032340932210162122 0.019621351846069949 0.060166127382970384 0.016565544716245096 -0.011677233908235576 -0.0032640440195444119 0.034829088944765878 -0.025908942994395463
leaf_weight=5071.4939534142613 10111.704450011253 3360.4408036097884 634.39545342326164 5005.7243934646249 1160.2840064018965 995.33704126626253 6402.2723117619753 1758.5428273975849 6351.9297068864107 13197.932857364416 2618.6222141981125 870.87250590324402 5830.8854865580797 956.55531451106071 1108.5467539727688 1912.8825508952141 1420.1555051580071 8666.0311708897352 4098.775328874588 826.7302892357111 935.29904322326183 5928.7330174818635 5474.7177607193589 2266.5446993112564 1478.66783452034 2700.2988688200712 5454.3510250747204 11218.304326251149 1708.5195631533861 1390.2243790924549
leaf_count=24834 42364 20509 2644 39428 6943 4574 26361 8225 28509 68089 12014 3665 26656 3900 4686 7889 6763 38340 17052 5227 4330 31905 25335 9901 6198 11730 25003 49208 7141 6421
internal_value=-9.34962e-05 -0.0131467 0.0028019 -0.0189813 0.00133825 -0.0048715 0.00399936 -0.0120012 -0.0067157 -0.00999535 0.00456421 0.00641645 0.00378665 0.00718451 -0.00786947 0.00822623 -0.00248225 0.00195038 0.0293631 -0.0322029 -0.0120081 -0.00563703 0.000430244 0.00568209 0.00821599 0.031993 -0.00248923 0.00342031 0.0113128 0.00615686
internal_weight=120916 21951.7 98964.1 16880.2 88852.4 26654.3 62198.1 11047.7 25659 19307 61037.8 48333 43363.4 33575.7 9787.61 3956.73 12704.8 10086.2 4969.65 5832.45 2043.85 7687.28 6109.11 32619.2 24898.3 4178.97 7720.9 20719.3 9501.02 7792.5
internal_count=575844 130128 445716 105294 403352 129151 274201 60639 124577 96068 267258 210141 189424 145863 43561 16905 57117 45103 20717 44655 9016 40130 27979 141963 107059 17928 34904 89131 39923 32782
is_linear=0
shrinkage=0.05


Tree=29
num_leaves=31
num_cat=0
split_feature=13 33 33 32 33 26 38 32 33 32 33 33 33 33 33 33 33 33 33 12 33 33 33 33 5 32 5 12 33 20
split_gain=1421.2 1262.74 873.852 1080.39 860.408 686.158 666.269 600.253 1035.22 674.929 872.426 592.028 554.965 548.545 525.702 395.577 1064.98 843.107 376.953 358.033 332.513 318.93 497.463 305.823 305.689 304.03 300.802 274.976 346.386 270.385
threshold=0.030509654920470339 -1634.4999999999998 -4525.4999999999991 5.5000000000000009 -4856.9999999999991 0.33376849434290695 -0.1470945656404504 8.5000000000000018 -2205.4999999999995 10.500000000000002 -4298.4999999999991 -1928.4999999999998 -2880.4999999999995 -4856.9999999999991 -3904.4999999999995 -3183.4999999999995 -2814.4999999999995 -2446.4999999999995 -2054.4999999999995 2.3000000000000029 -3529.4999999999995 -1242.4999999999998 -1151.4999999999998 -2222.4999999999995 -0.012135663954062457 3.5000000000000004 -0.080838323353292149 2.800000000000002 -4125.4999999999991 0.45684770539457004
decision_type=8 2 2 2 2 8 10 2 2 2 2 2 2 2 2 2 2 2 2 8 2 2 2 2 8 2 10 8 2 8
left_child=1 2 13 11 -2 -3 -6 8 12 10 -9 27 -5 26 -11 19 -17 -18 -19 20 -16 29 24 -14 -23 -8 -1 28 -4 -7
right_child=4 5 3 7 6 21 25 9 -10 14 -12 -13 23 -15 15 16 17 18 -20 -21 -22 22 -24 -25 -26 -27 -28 -29 -30 -31
leaf_value=0.0095763150463860636 -0.029050561762795381 -0.03641919392951825 -0.044993090695507269 0.0094966366582181702 0.021699873931525761 -0.042109243608092817 -0.0024476223091738744 0.061883039273491675 0.042996754927776049 -0.035478898348131484 -0.023706080094408416 0.020962255320162215 -0.033254492569285227 0.033790346351235657 0.022727913344934746 -0.039931379724132347 0.063705062047531624 -0.023672242334895913 0.019981272385919551 -0.0066012098433690146 0.075606758333913365 0.054185810883824785 -0.012270810265577777 0.012134291437236461 -0.0056306321910177398 0.005964791173804683 -0.037647854608010775 -0.0061036161529339026 -0.019099524673497834 -0.012544700553215974
leaf_weight=1354.7464455962181 1840.3457883149385 4420.1585722267628 1559.2974336892366 7077.576229929924 5866.9370772093534 1072.0076271221042 13876.127595387399 315.93827441334724 1983.1459307074547 703.42796389758587 5167.834636837244 992.65163385123014 1377.7686291635036 2570.9000341445208 711.618463113904 1104.0695365965366 743.00211444497108 860.05581663548946 1163.5691265165806 468.21059662103653 510.61002303659916 570.46541159600019 2153.4742501527071 507.93936523795128 341.42065956443548 47525.356722488999 448.9496166408062 3008.2147242054343 7522.2275882735848 2775.9898464605212
leaf_count=6317 10046 33472 8624 32404 24314 6047 66870 1319 8552 3378 26460 4763 6858 11002 3165 5511 3270 4146 5531 2214 2209 2973 12783 2122 2439 205844 2427 16307 40250 14135
internal_value=-5.93809e-06 -0.00629462 -0.0021344 -0.00471371 0.00467906 -0.0210332 0.00560184 0.00188318 0.0103073 -0.00596597 -0.018775 -0.0161577 0.00307473 0.0189602 0.0052466 0.010398 0.00158527 0.0181532 0.0014282 0.0305769 0.0448191 -0.0111959 0.000836392 -0.0210284 0.0317898 0.00406367 -0.00217803 -0.0192055 -0.0235454 -0.020781
internal_weight=120594 51485.3 40151.8 35777.2 69108.8 11333.5 67268.4 22694.8 10946.4 11748.3 5483.77 13082.4 8963.28 4374.6 6264.56 5561.14 3870.7 2766.63 2023.62 1690.44 1222.23 6913.36 3065.36 1885.71 911.886 61401.5 1803.7 12089.7 9081.53 3848
internal_count=575752 268678 196829 177083 307074 71849 297028 107139 49936 57203 27779 69944 41384 19746 29424 26046 18458 12947 9677 7588 5374 38377 18195 8980 5412 272714 8744 65181 48874 20182
is_linear=0
shrinkage=0.05


Tree=30
num_leaves=31
num_cat=0
split_feature=10 5 9 33 7 33 43 33 43 33 33 33 33 33 33 19 0 43 33 33 13 43 34 33 5 43 2 33 34 33
split_gain=1663.67 877.125 869.048 514.634 446.766 360.351 845.376 734.753 461.15 438.469 384.132 457.494 338.981 304.181 479.592 282.348 276.99 261.25 254.805 347.855 280.155 278.739 232.143 240.327 228.229 241.504 224.494 235.363 215.84 210.037
threshold=0.0093673149722394641 -0.11524493131904411 0.01867884788656787 -4856.9999999999991 -0.043824701195219133 -2387.9999999999995 1.5000000000000002 -1824.9999999999998 1.5000000000000002 -2528.4999999999995 -2963.4999999999995 -4544.4999999999991 -4412.4999999999991 -4544.4999999999991 -4606.4999999999991 -0.024342172121770565 0.084269662921347979 3.5000000000000004 -1228.4999999999998 -1141.4999999999998 0.018299140361508263 3.5000000000000004 1.9809776870881779 -2733.4999999999995 -0.18970788248256301 3.5000000000000004 -0.11449563082654733 -4564.4999999999991 3.5821281169751722 -3669.4999999999995
decision_type=8 8 8 2 8 2 2 2 2 2 2 2 2 2 2 10 8 2 2 2 10 2 2 2 10 2 10 2 2 2
left_child=24 5 13 -4 26 6 -2 8 -7 10 11 -8 -13 14 -3 -15 -6 -10 20 -20 -9 -22 -12 -24 -1 -26 -5 -28 -21 -29
right_child=1 2 3 4 16 7 9 18 17 -11 22 12 -14 15 -16 -17 -18 -19 19 28 21 -23 23 -25 25 -27 27 29 -30 -31
leaf_value=0.0405793696394759 0.031794031256455225 -0.0029396360739821102 -0.021353276544519822 0.022182325380698142 0.0088884706502879614 -0.008847346187417466 0.035800289028969014 -0.036305522338788053 0.054454593501841966 -0.02225835437072193 -0.022089545081756937 -0.032039456662723002 -0.00087356306337518482 -0.013080689753509976 0.054497786468864877 -0.0027112732786831613 0.03387366265588887 0.025959141729934156 0.067641053734598028 0.049412939553566598 0.013515085737958295 -0.016134882535989662 0.035036910174940823 0.0074551467622577059 -0.038163368121754512 -0.014798400351606011 0.011730649524477705 -0.0084097140759459184 -0.010510368117368094 0.00084125328355368783
leaf_weight=117.42665268480778 2543.6893865913153 1510.4638103246689 2189.2255387604237 1184.297736749053 12919.654080092907 536.74141231179237 781.0733687877655 482.39746056497097 1728.9379492849112 1832.3490131497383 325.91007381677628 968.68193021416664 8785.409495562315 18217.126330412924 478.58224022388458 10263.166312031448 1213.4601066410542 1504.099198654294 351.39069212973118 212.48674193024635 2527.6874301284552 1154.8034200519323 1699.8389311432838 1475.1252756267786 3151.8294699862599 1703.7900558263063 3918.1846740841866 7843.6273007243872 513.24232837557793 28177.021395340562
leaf_count=669 10758 7152 11899 5042 56338 2241 3168 2301 7444 7935 1358 4707 39462 95516 2032 51474 5116 6435 1591 936 10784 5117 7096 6504 28555 13218 16076 35730 2244 126896
internal_value=1.65262e-05 0.00123741 -0.00119786 0.00242261 0.0033646 0.00904433 0.00503453 0.0172368 0.0340723 0.00074501 0.00374801 -0.0010202 -0.00396866 -0.00802372 0.0108803 -0.00934396 0.0110337 0.0411977 0.00512957 0.0268064 -0.000476459 0.00421706 0.018097 0.0222221 -0.0282991 -0.0299648 0.000728901 9.27468e-05 0.00703462 -0.00117318
internal_weight=120312 115339 87914.8 57445.5 55256.2 27423.9 18412.1 9011.79 3769.78 15868.4 14036 10535.2 9754.09 30469.3 1989.05 28480.3 14133.1 3233.04 5242.01 1077.12 4164.89 3682.49 3500.87 3174.96 4973.05 4855.62 41123.1 39938.8 725.729 36020.6
internal_count=575794 533352 413271 257097 245198 120081 80988 39093 16120 70230 62295 47337 44169 156174 9184 146990 61454 13879 22973 4771 18202 15901 14958 13600 42442 41773 183744 178702 3180 162626
is_linear=0
shrinkage=0.05


Tree=31
num_leaves=31
num_cat=0
split_feature=9 5 38 33 32 33 33 7 5 33 32 33 33 33 33 33 33 33 33 33 34 13 32 32 33 33 5 34 33 33
split_gain=1443.32 818.338 574.491 514.84 473.825 766.974 350.785 345.845 337.931 321.673 292.257 537.336 304.595 272.191 618.043 445.531 913.224 536.049 617.887 439.128 296.206 276.62 266.074 258.165 383.164 726.968 358.769 300.93 275.238 397.512
threshold=0.012611431808972657 -0.066666666666666582 -0.099504727600225648 -1634.4999999999998 4.5000000000000009 -1228.4999999999998 -4834.9999999999991 -0.043824701195219133 0.27699736057091789 -1213.4999999999998 5.5000000000000009 -1410.4999999999998 -2387.9999999999995 -1776.4999999999998 -2068.4999999999995 -2639.4999999999995 -2784.4999999999995 -2222.4999999999995 -2126.4999999999995 -1697.4999999999998 2.947063657109513 0.016381714952716276 4.5000000000000009 1.5000000000000002 -1972.4999999999998 -1610.4999999999998 -0.033333333333332819 4.4361594679825211 -2025.4999999999998 -2373.4999999999995
decision_type=8 8 8 2 2 2 2 8 8 2 2 2 2 2 2 2 2 2 2 2 2 10 2 2 2 2 10 2 2 2
left_child=1 9 -2 22 5 8 -6 13 23 10 -1 12 -12 14 15 16 -8 -17 -19 -15 -16 -21 -3 28 27 26 -26 -25 29 -4
right_child=2 3 4 -5 6 -7 7 -9 -10 -11 11 -13 -14 19 20 17 -18 18 -20 21 -22 -23 -24 24 25 -27 -28 -29 -30 -31
leaf_value=-0.014570531405597857 0.011659421407532723 -0.02538403226977054 1.6527123227428366e-05 -0.03246327386269944 -0.020011766033499228 0.03818347616028929 0.003264848980884551 0.010988985917768033 0.0067233141830244638 0.042284140866426609 0.0035254874914029963 -0.047245201578118116 0.036235884807472252 -0.02930785404849387 0.052706298299822575 -0.019300126057147225 0.05766959302989394 0.029797763810343388 -0.017988633397473624 -0.034160191393210235 0.016500368494620232 0.0016045724237099667 -0.0063066333135843276 -0.022561107359650903 0.047956029510961402 -0.019838765667865532 0.00013440155638855191 -0.0026937163834773381 -0.01700035518031898 0.044502385504314894
leaf_weight=2280.7060684263706 14267.928974941373 2619.3544868454337 4170.6812999844551 4815.6688258200884 1579.6547334641218 993.82237692922354 24370.707117050886 13209.772113032639 3977.1685880720615 471.48182942718267 1949.2518265098333 384.31064906716347 1120.9636771380901 1621.354705825448 743.40148213505745 4655.382547006011 796.54718653857708 1523.0653615742922 1216.9627660959959 580.97181663662195 2352.679757937789 7789.0099746733904 6047.3005759045482 7985.2804565876722 866.19172410666943 1852.7716048583388 716.71897152066231 2503.5787153691053 1935.9039220586419 570.90288977324963
leaf_count=12425 60768 16763 19138 40463 8989 4488 106762 57064 17976 2526 9324 2188 5273 7593 3124 21654 3241 6413 5434 2943 9795 34867 32339 42062 3939 9639 3566 13021 8941 2526
internal_value=-6.25424e-05 -0.0124395 0.00236754 -0.0193557 0.00082618 -0.00487898 0.00324013 0.00386416 -0.00662014 0.00258421 -0.000679442 0.00849157 0.0154684 0.00180244 0.00384613 0.00181638 0.00498677 -0.00897273 0.0085738 -0.00549141 0.0251938 -0.000877908 -0.0120725 -0.00919606 -0.013072 0.00142002 0.0263031 -0.017819 -0.00111353 0.00537278
internal_weight=119969 19689 100280 13482.3 86012.5 25573 60439.5 58859.9 24579.2 6206.71 5735.23 3454.53 3070.22 45650.1 35658.7 32562.7 25167.3 7395.41 2740.03 9991.34 3096.08 8369.98 8666.66 20602 13924.5 3435.68 1582.91 10488.9 6677.49 4741.58
internal_count=575244 121301 453943 89565 393175 125296 267879 258890 120808 31736 29210 16785 14597 201826 156423 143504 110003 33501 11847 45403 12919 37810 49102 102832 72227 17144 7505 55083 30605 21664
is_linear=0
shrinkage=0.05


Tree=32
num_leaves=31
num_cat=0
split_feature=10 5 38 10 32 33 32 33 33 33 43 33 33 32 33 43 33 34 33 32 32 32 33 33 33 33 33 33 33 32
split_gain=1488.23 714.357 684.813 409.391 460.188 438.939 641.018 621.802 404.966 295.721 746.73 513.043 402.062 385.729 392.147 347.368 272.291 266.4 261.496 244.217 438.628 407.816 328.825 271.069 603.816 534.238 235.181 539.681 471.623 636.118
threshold=0.0093673149722394641 -0.13333333333333267 0.025765316349706139 0.029184617577313179 3.5000000000000004 -4272.4999999999991 7.5000000000000009 -4791.4999999999991 -4125.4999999999991 -2387.9999999999995 1.5000000000000002 -1824.9999999999998 -2506.4999999999995 6.5000000000000009 -4125.4999999999991 1.5000000000000002 -4963.4999999999991 3.2939815763060616 -4856.9999999999991 11.500000000000002 8.5000000000000018 10.500000000000002 -1349.4999999999998 -3153.4999999999995 -2784.4999999999995 -2417.4999999999995 -2205.4999999999995 -1789.9999999999998 -2880.4999999999995 5.5000000000000009
decision_type=8 8 10 8 2 2 2 2 2 2 2 2 2 2 2 2 2 2 2 2 2 2 2 2 2 2 2 2 2 2
left_child=-1 9 3 4 -3 6 7 -6 -7 10 -2 15 13 14 -12 -11 -5 -8 -4 20 26 -22 -23 -21 -25 -26 28 -28 29 -10
right_child=1 2 18 16 5 8 17 -9 19 11 12 -13 -14 -15 -16 -17 -18 -19 -20 23 21 22 -24 24 25 -27 27 -29 -30 -31
leaf_value=-0.027453411930739548 0.031437509890019623 -0.016824468905969329 -0.033063255158105563 -0.021523600766177278 0.043728937144690554 -0.041886394715857873 0.056382238884868166 -0.025663633166413614 -0.017287944085745841 -0.0068000843661198632 -0.023697630703625294 0.0058735799366433118 -0.02347297557106813 0.014408430525780223 0.0031574084606761014 0.039150372369477715 0.0039478614167113594 0.017660641249782765 0.0049578524147332872 0.038343474441638818 -0.02300069300852732 0.0061381841217746924 -0.034650132868466792 -0.052689601280221321 0.070685145949683226 -0.00068859059708705525 0.037852572700969887 -0.0016981987999003254 -0.027895026727809677 0.013430318519630681
leaf_weight=4763.9022575691342 2278.5359555482864 9377.1295230165124 458.07761597633362 1125.7968565672636 422.14949625730515 779.93674682080746 718.05589112639427 1372.062916457653 2975.3765514343977 484.5993589758873 1844.2042907178402 4382.6392501741648 1549.6020770519972 4874.4875392019749 5170.7235581427813 2718.8425332605839 15424.810353577137 1164.6218332052231 35399.887586034834 611.50623534619808 6048.1804827824235 2735.3529163151979 603.05886442959309 423.22591264545918 334.18517342209816 1216.7886102199554 1135.5666401833296 3587.0324662774801 1924.7998671084642 3887.0500114113092
leaf_count=42228 9604 53609 2395 7073 1727 3892 3010 6468 15030 2005 9148 18912 6675 20385 22674 11665 66471 4943 156887 2643 32144 12984 3432 2117 1409 6013 4811 17449 9888 17860
internal_value=-6.85166e-05 0.00106563 -0.000920437 -0.00438166 -0.00715871 -0.00413132 0.0120487 -0.00933667 -0.00639664 0.00888292 0.00496987 0.0169903 0.000482383 0.0036046 -0.0039027 0.0321992 0.00221525 0.0324291 0.00447214 -0.00531039 -0.00695532 -0.0152578 -0.00122992 0.00925539 0.000245393 0.0146902 -0.00118681 0.00781193 -0.00602308 0.000111648
internal_weight=119792 115028 91724.7 55866.7 39316.1 29939 3676.89 1794.21 26262.1 23303.6 15717.6 7586.08 13439 11889.4 7014.93 3203.44 16550.6 1882.68 35858 25482.1 22896.4 9386.59 3338.41 2585.71 1974.2 1550.97 13509.8 4722.6 8787.23 6862.43
internal_count=575551 533323 432255 272973 199429 145820 16148 8195 129672 101068 68486 32582 58882 52207 31822 13670 73544 7953 159282 125780 113598 48560 16416 12182 9539 7422 65038 22260 42778 32890
is_linear=0
shrinkage=0.05


Tree=33
num_leaves=31
num_cat=0
split_feature=10 10 5 38 33 33 33 32 33 33 32 33 33 32 33 32 33 33 33 33 43 8 33 13 13 43 38 32 33 33
split_gain=1344.53 673.721 544.696 625.005 462.283 311.211 549.407 410.653 376.633 309.299 302.358 288.748 848.19 284.56 280.511 272.646 269.533 265.463 397.593 259.916 291.507 251.066 238.89 237.889 226.557 225.885 208.035 192.888 187.881 213.442
threshold=0.0093673149722394641 0.031731050048697106 -0.10063515584660986 -1.0000000180025095e-35 -4856.9999999999991 -4544.4999999999991 -4125.4999999999991 6.5000000000000009 -4016.4999999999995 -4544.4999999999991 11.500000000000002 -2387.9999999999995 -1776.4999999999998 9.5000000000000018 -1228.4999999999998 10.500000000000002 -1151.4999999999998 -2446.4999999999995 -2784.4999999999995 -3183.4999999999995 2.5000000000000004 0.49607305623136771 -4606.4999999999991 0.030200198082846297 0.018063818973588889 3.5000000000000004 -0.082817209865171257 3.5000000000000004 -4774.4999999999991 -1913.4999999999998
decision_type=8 10 8 8 2 2 2 2 2 2 2 2 2 2 2 2 2 2 2 2 2 8 2 10 10 2 10 2 2 2
left_child=-1 2 5 9 -5 -2 7 -7 27 22 21 15 -13 -9 24 26 -16 18 19 -17 -21 28 -4 -11 -14 -26 -10 -8 -6 -30
right_child=1 -3 3 4 10 6 8 13 11 23 -12 12 14 -15 16 17 -18 -19 -20 20 -22 -23 -24 -25 25 -27 -28 -29 29 -31
leaf_value=-0.026289544418621864 0.023528290772361151 0.0078027032694117432 0.0028500982999640281 -0.022569484236279184 0.032541454941373754 -0.029064498644073719 -0.030937525556662893 0.025262162975894255 0.0043895019560887582 -0.01446942852627104 0.018378669082418555 0.038644321341771648 -0.03656509993333186 -0.035369240608374944 0.059957098072931717 0.029690150703205628 0.00531601338044373 -0.015507809225973633 0.07697524592202741 0.014193699751084666 -0.057206416128043697 0.016524260313200749 0.054990662614930311 -0.0044673389954019375 0.0087844055477587658 -0.018759257193173576 -0.011911292780319644 0.039061188448597815 -0.003543218548476309 0.0064726933954621646
leaf_weight=4687.5384900346398 2131.2303211539984 27819.772980600595 2013.3158470988274 1990.4076979607344 424.49147547781467 2042.0873421728611 107.58490075170994 758.90575294196606 3425.6671814620495 16034.201052755117 2668.5150443315506 2168.9498307555914 497.72848396003246 259.7517417371273 351.19081808626652 957.89441347122192 631.55652229487896 575.84638266265392 291.42081943154335 390.54738701879978 225.48754468560219 2353.2071859538555 246.58372421562672 9447.4229368418455 2229.8121803104877 1117.358966216445 4566.393940359354 1154.7872584313154 20743.233755037189 7153.45904173702
leaf_count=42399 8996 117699 9036 11484 1726 10635 512 3178 15014 85968 11419 9434 2556 1169 1582 4009 2858 2530 1192 1674 1028 10133 1022 45969 9709 5079 21566 4856 97879 33128
internal_value=-4.1911e-05 0.00103004 -0.00113666 -0.00357176 0.000838421 0.0052941 0.00350762 -0.0161294 0.00672306 -0.00918885 0.00223576 0.00481301 0.0126717 0.00980151 0.00100277 -0.000457058 0.0248423 0.0141677 0.0233287 0.0133958 -0.0119409 0.000831407 0.0085393 -0.0107611 -0.00509057 -0.000410272 -0.00492422 0.0330956 -0.000472512 -0.000974871
internal_weight=119466 114779 86959 63074.8 35333.3 23884.2 21753 3060.74 18692.2 27741.5 33342.9 17429.9 6996.6 1018.66 4827.65 10433.3 982.747 2441.2 1865.35 1573.93 616.035 30674.4 2259.9 25481.6 3844.9 3347.17 7992.06 1262.37 28321.2 27896.7
internal_count=575439 533040 415341 307764 165769 107577 98581 14982 83599 141995 154285 78231 31218 4347 21784 47013 4440 10433 7903 6711 2702 142866 10058 131937 17344 14788 36580 5368 132733 131007
is_linear=0
shrinkage=0.05


Tree=34
num_leaves=31
num_cat=0
split_feature=10 5 10 32 0 33 33 33 33 33 32 34 33 33 33 33 33 32 33 13 32 33 33 33 33 32 34 28 33 33
split_gain=1258.48 676.237 546.532 433.133 387.769 364.199 538.674 546.882 691.541 571.839 498.722 346.838 1118.1 474.981 305.897 392.549 547.309 286.386 275.976 255.845 270.016 241.983 348.596 482.068 1003.23 357.878 360.024 340.5 298.494 694.75
threshold=0.0076978777749085988 -0.2199994224994227 0.020561674623515814 3.5000000000000004 0.084269662921347979 -3231.9999999999995 -2978.4999999999995 -2669.4999999999995 -2222.4999999999995 -2784.4999999999995 8.5000000000000018 3.0610489973715933 -3633.4999999999995 -4774.4999999999991 -1569.4999999999998 -1450.4999999999998 -1141.4999999999998 7.5000000000000009 -2880.4999999999995 0.0055542738428436258 11.500000000000002 -4856.9999999999991 -4564.4999999999991 -3669.4999999999995 -3432.4999999999995 10.500000000000002 3.7316987250416642 0.025859527983751945 -2387.9999999999995 -1776.4999999999998
decision_type=8 8 8 2 10 2 2 2 2 2 2 2 2 2 2 2 2 2 2 10 2 2 2 2 2 2 2 10 2 2
left_child=-1 -2 3 -3 21 11 -7 9 -9 18 14 12 -5 -13 -10 -16 17 -17 -8 -12 -21 -4 27 -24 25 -25 -27 -23 -26 -30
right_child=1 2 4 5 -6 6 7 8 10 -11 19 13 -14 -15 15 16 -18 -19 -20 20 -22 22 23 24 28 26 -28 -29 29 -31
leaf_value=-0.030014686863758567 0.014016560686615713 -0.015227405709765014 -0.013060076726116527 -0.0049064166900312321 0.024267598595357199 -0.028572455628174134 0.022176883322644184 -0.031229666255050414 0.028963877495603974 0.07533352725962697 -0.037570072510733743 0.054020406706500636 0.049338670944331108 -0.0041655262387372818 -0.017347117260548928 0.059525724426124652 -0.020186823583424905 0.0071151247298515399 -0.016044851102569892 -0.016064986542555001 0.019185083365251664 0.02697763158977888 -0.0072357716472787968 0.018229768756655645 -0.0041088648990258644 0.072698620057963501 0.013173215599366276 0.0030776071327643551 0.013020343692148932 -0.0031890780070290637
leaf_weight=3411.656500428915 8928.1564105153084 8394.4955743774772 2686.2008608877659 2434.6263666749001 1948.9250050038099 2508.5081561207771 1260.3796427100897 2486.3463335111737 1434.5230847224593 371.89372192323208 920.57881280779839 366.69775693118572 1557.7542373985052 8057.5369253605604 1511.8457729145885 661.53619748353958 612.20514963567257 430.11455028504133 755.27725921571255 2193.5732663571835 722.09692980349064 2682.7947742044926 13455.579517111182 2650.5839676558971 15843.362268045545 728.85979524254799 389.9090697914362 3352.5495397001505 12675.690598994493 13815.299203187227
leaf_count=33685 37487 49552 14455 11050 8250 13316 5893 13068 6184 1608 6242 1516 6847 39405 7522 3189 3358 2123 3875 11762 3417 11010 60946 11647 71834 2959 1590 13671 55432 62605
internal_value=-8.46505e-05 0.000796849 -0.000307145 -0.00525384 0.00227644 -0.00229391 -0.00731255 -0.00332084 -0.00803957 0.0183657 -0.00124539 0.00412009 0.016259 -0.00163276 0.00976371 0.00119852 0.0176542 0.0388757 0.007855 -0.0145904 -0.00733493 0.00164875 0.0022511 0.0010908 0.00352094 0.0282391 0.0519531 0.0137015 0.0013201 0.00456698
internal_weight=119250 115838 106910 36680 70229.8 28285.5 15868.9 13360.4 10972.8 2387.55 8486.47 12416.6 3992.38 8424.23 4650.22 3215.7 1703.86 1091.65 2015.66 3836.25 2915.67 68280.8 65594.6 59559.3 46103.7 3769.35 1118.77 6035.34 42334.4 26491
internal_count=575498 541813 504326 189927 314399 140375 81557 68241 56865 11376 43797 58818 17897 40921 22376 16192 8670 5312 9768 21421 15179 306149 291694 267013 206067 16196 4549 24681 189871 118037
is_linear=0
shrinkage=0.05


Tree=35
num_leaves=31
num_cat=0
split_feature=13 8 32 32 32 5 38 9 43 33 33 33 33 26 32 33 12 33 35 32 33 33 43 33 33 12 12 33 33 33
split_gain=1027.61 739.012 564.684 502.301 472.782 393.247 428.542 335.239 332.798 468.601 805.015 511.702 473.843 328.96 325.003 298.898 288.046 399.694 268.911 239.106 236.216 430.038 343.082 367.514 543.587 339.867 305.624 226.067 479.417 352.106
threshold=3.0531133177191813e-17 0.0044792839387824976 3.5000000000000004 7.5000000000000009 1.5000000000000002 -0.1040821827097254 0.031505756417099302 0.014832470108434569 1.5000000000000002 -2222.4999999999995 -1824.9999999999998 -2586.4999999999995 -2814.4999999999995 0.26910806994015873 5.5000000000000009 -4564.4999999999991 3.4000000000000026 -3802.4999999999995 -8.8873353121243768e-14 5.5000000000000009 -3479.4999999999995 -3463.4999999999995 2.5000000000000004 -2387.9999999999995 -1269.4999999999998 1.0214285714285734 5.25 -4272.4999999999991 -4375.4999999999991 -4125.4999999999991
decision_type=8 8 2 2 2 8 10 10 2 2 2 2 2 8 2 2 8 2 10 2 2 2 2 2 2 10 10 2 2 2
left_child=1 18 4 7 15 8 27 -3 19 11 -11 12 14 -6 -10 -2 17 -15 -1 -4 26 25 23 -23 -25 -22 -17 28 -7 -29
right_child=2 3 5 -5 13 6 -8 -9 9 10 -12 -13 -14 16 -16 20 -18 -19 -20 -21 21 22 -24 24 -26 -27 -28 29 -30 -31
leaf_value=-0.0054177731305364322 0.027273516303309261 0.05020665538266203 0.039463945838941028 -0.043272851060768128 -0.025249162047263896 -0.00017644773339463689 0.0059356808381894766 -0.0020437550374767309 -0.011096129747336982 0.04787749413830461 0.0066200714323813043 -0.01930491256214973 0.029376578881317669 -0.029688395437033339 0.0077364776552902208 -0.021620382915302518 0.0063947946152628906 -0.0058248399709573545 -0.039546432500643547 0.0066591354109209874 0.10177231078560112 -0.023014164881154178 -0.005154155757089769 0.052705401122034035 -0.024713473422780501 0.014764805110108385 0.03307342354944242 -0.032329779248011815 0.034984713160529542 -0.0032160615720147946
leaf_weight=707.94416157901287 1109.2566003128886 581.00036734342575 1400.5687649548054 378.26718518137932 3194.480431355536 5700.5479443222284 25323.398002073169 650.89916823804379 3335.4178613722324 1668.2554207891226 4059.1516287401319 2406.0802151113749 1830.6332715600729 2294.5708865076303 7315.4686314612627 1934.4332065358758 2948.5311719924212 7457.4522484615445 3124.7256898805499 920.55445729196072 191.84101275354624 363.0469423532486 5240.359731554985 946.53200875967741 298.15354067832232 270.48457339406013 294.27333821356297 1074.6943450421095 1168.1056315749884 30861.02617713064
leaf_count=5669 4678 2804 5966 2505 20322 26944 109304 2768 15107 7216 17567 10671 7837 12702 31340 9315 14614 38651 28638 3842 866 1950 24768 4272 1626 1250 1409 5202 4994 151040
internal_value=-7.75192e-05 -0.0213007 0.000939266 0.00712417 -0.00544499 0.00288565 0.000876001 0.0225991 0.00850449 0.00648353 0.0186374 0.00180783 0.00587777 -0.0109068 0.00183888 0.00270789 -0.00729931 -0.0114397 -0.0332424 0.0264536 -0.000148726 0.00419563 0.00104468 0.0212496 0.0341604 0.0508684 -0.0143987 -0.0024259 0.00580317 -0.00419579
internal_weight=119050 5442.84 113607 1610.17 26543.4 87063.9 64127.8 1231.9 22936.1 20615 5727.41 14887.6 12481.5 15895 10650.9 10648.4 12700.6 9752.02 3832.67 2321.12 9539.12 7310.42 6848.09 1607.73 1244.69 462.326 2228.71 38804.4 6868.65 31935.7
internal_count=575837 42384 533453 8077 136423 397030 297484 5572 99546 89738 24783 64955 54284 86289 46447 50134 65967 51353 34307 9808 45456 34732 32616 7848 5898 2116 10724 188180 31938 156242
is_linear=0
shrinkage=0.05


Tree=36
num_leaves=31
num_cat=0
split_feature=10 5 32 32 34 33 20 32 33 33 32 34 33 32 33 34 33 33 13 33 34 34 33 33 32 43 32 43 34 5
split_gain=1125.91 531.023 421.48 350.908 349.68 443.865 335.057 292.918 823.165 1198.07 619.563 651.818 567.316 577.943 682.649 517.832 480.711 649.821 497.324 407.92 728.548 651.874 370.151 478.818 442.232 334.241 323.056 291.335 289.954 279.763
threshold=0.011492444873017871 -0.2199994224994227 3.5000000000000004 1.5000000000000002 4.4361594679825211 -4125.4999999999991 0.10976604608684822 8.5000000000000018 -2222.4999999999995 -1789.9999999999998 10.500000000000002 2.841993923664011 -4774.4999999999991 5.5000000000000009 -2898.4999999999995 2.5336968290951192 -4298.4999999999991 -4642.4999999999991 0.066992876601595044 -3633.4999999999995 2.998226044309511 4.162781420969746 -1450.4999999999998 -1141.4999999999998 7.5000000000000009 1.5000000000000002 6.5000000000000009 2.5000000000000004 3.7099060722294364 -0.050921309561951504
decision_type=8 8 2 2 2 2 8 2 2 2 2 2 2 2 2 2 2 2 8 2 2 2 2 2 2 2 2 2 2 10
left_child=27 -2 3 -3 5 -5 -4 8 12 15 16 -12 28 25 19 -10 17 -9 -18 21 -21 -15 -11 24 -24 -14 -22 29 -8 -1
right_child=1 2 6 4 -6 -7 7 10 9 22 11 -13 13 14 -16 -17 18 -19 -20 20 26 -23 23 -25 -26 -27 -28 -29 -30 -31
leaf_value=-0.0057514844863242841 0.012934608369900711 0.0017836246373662613 -0.02496822090752562 -0.034044756281726624 0.0033974510623263907 -0.0095971328106565241 0.0088224756273327636 -0.0090544486284157687 0.066716603139706149 -0.008752191112340612 0.025331618811132398 0.0010815105538271338 0.033539848968133515 -0.0075495065071905544 -0.017465825661508696 0.025648813518825715 -0.014322406410110587 0.038131844280771633 0.015485702254785899 0.047137967198722021 0.031097231031201818 0.022727087143602512 0.04912539840852187 -0.0053314355585939999 0.0037699836581851741 -0.014409680692000996 -0.0027762250440073596 -0.0079736085298126227 0.049566583206382353 -0.035844666123287829
leaf_weight=1042.5934811085463 8929.292815476656 9701.208289064467 1135.3433004766703 2369.5776668787003 3434.2585854977369 8576.0809637084603 946.25164748728275 1737.1609836518764 899.2361555993557 3890.7587662339211 3397.9696166366339 15018.350030243397 380.27019326388836 5792.1686149686575 3100.0598147809505 5242.94306217134 13316.544351130724 1258.0086823105812 1563.6020567417145 1640.2878088802099 978.48488038778305 2565.170904815197 1203.1289722323418 1934.1679604053497 971.34813195466995 8210.8610008507967 2508.0908271819353 3285.2607648223639 810.81202463805676 2979.1823412775993
leaf_count=7147 37530 45061 5845 13927 18447 46034 3902 8469 3951 17454 14428 67698 1646 24557 14664 22236 64467 5181 6590 6912 4343 10952 5220 8661 4335 39135 10905 23571 3291 29339
internal_value=-6.15287e-06 0.00123977 0.00022179 -0.00556479 -0.0105223 -0.0148897 0.00199689 0.00239261 0.00528454 0.0150528 -0.000880416 0.00555586 0.000155445 -0.00176168 0.00369089 0.0316613 -0.00751149 0.0107644 -0.0111902 0.00855489 0.0196582 0.00174348 0.00230037 0.0127668 0.0288649 -0.0122873 0.00673014 -0.01902 0.0276242 -0.0280434
internal_weight=118818 111511 102582 24081.1 14379.9 10945.7 78501 77365.7 41074 14141.6 36291.6 18416.3 26932.5 25175.4 16584.3 6142.18 17875.3 2995.17 14880.1 13484.2 5126.86 8357.34 7999.4 4108.65 2174.48 8591.13 3486.58 7307.04 1757.06 4021.78
internal_count=575898 515841 478311 123469 78408 59961 354842 348997 182164 61857 166833 82126 120307 113114 72333 26187 84707 13650 71057 57669 22160 35509 35670 18216 9555 40781 15248 60057 7193 36486
is_linear=0
shrinkage=0.05


Tree=37
num_leaves=31
num_cat=0
split_feature=9 5 3 12 1 32 34 32 32 43 32 8 32 9 34 43 34 32 32 43 26 32 25 28 10 38 26 12 34 34
split_gain=976.801 559.714 450.12 378.581 321.802 289.344 315.74 358.351 338.089 295.709 282.99 278.743 218.492 254.615 217.796 205.876 354.421 347.827 193.433 182.381 188.982 176.413 171.762 166.822 164.16 158.11 138.765 134.487 133.258 131.896
threshold=0.01273688843175975 -0.066666666666666582 -0.12234846050009655 1.0000000180025095e-35 0.11111111111111106 3.5000000000000004 3.1403734504631191 10.500000000000002 8.5000000000000018 2.5000000000000004 1.5000000000000002 0.076339475217819822 11.500000000000002 0.044331414966119795 4.4361594679825211 1.0000000180025095e-35 3.9991172922100291 5.5000000000000009 6.5000000000000009 2.5000000000000004 0.37846688034188042 9.5000000000000018 0.98678558332023691 0.19632245426167902 0.016918537973490782 -8.9123690342307591e-05 0.36224662655528955 1.3071428571428583 4.2054383316843014 2.8302634829926223
decision_type=8 8 8 10 10 2 2 2 2 2 2 10 2 10 2 2 2 2 2 2 10 2 8 10 8 10 8 10 2 2
left_child=1 11 -2 -3 5 10 7 21 15 29 19 -1 13 -10 -12 16 17 -8 -17 20 -4 23 -6 -7 -22 -5 -14 -20 -15 -9
right_child=2 3 4 25 22 6 8 9 12 -11 14 -13 26 28 -16 18 -18 -19 27 -21 24 -23 -24 -25 -26 -27 -28 -29 -30 -31
leaf_value=-0.0019048394870038263 0.016308075076408218 -0.03354363789325681 0.045798136106742666 -0.017056854354298247 0.010604449045613184 0.0043694257484577781 0.029790787301719152 0.015116904092752763 -0.0094754285914691594 0.029538157371979991 -0.013054245459532314 0.030539657634858514 0.017777040016390227 0.026835442068222422 0.002637308480876897 -0.0016693912651205367 0.040448917652337171 -0.026130843271937671 -0.002046042291240864 -0.0017533039560774328 -0.036420163544438326 -0.0091862550109140326 0.038583718623811783 0.030411383992652075 0.013292596750799461 -0.0045055071645124659 -0.00057789807689048668 0.011339805041192055 -0.0054774973057431821 -0.0077414814058318869
leaf_weight=5459.0989306420088 5217.3500715345144 2537.2947251647711 406.96837350726128 6239.87633343786 3040.0934766680002 14668.843329235911 512.85749651491642 1621.9302222430706 15024.122467823327 2788.159818187356 9444.0818083956838 753.3643993884325 1341.4659720510244 771.12737402319908 2887.4641493633389 12421.359967589378 997.54581391811371 607.36775514483452 2556.6713820174336 6368.0325201675296 186.23907146602869 2374.4309385418892 669.28157778084278 641.86926890909672 1532.8306379318237 4196.568950407207 4430.8038899153471 7052.3222318440676 544.2656577527523 1033.0066425949335
leaf_count=28850 22461 26645 1832 39290 12951 64315 2153 6834 71205 11646 51196 3556 5898 3177 15006 56242 4046 2469 11249 28998 1053 10848 2801 2789 6646 24743 18868 30238 2262 4696
internal_value=1.50658e-05 -0.0103117 0.00201355 -0.0162213 0.0012195 0.000626041 0.00217735 0.0069474 -0.000207503 0.0181659 -0.0045427 0.00202959 -0.00467447 -0.0076286 -0.00938003 0.00388278 0.0187731 -0.000529003 0.00245138 0.00248005 0.01516 0.0034946 0.0156527 0.00546118 0.00790686 -0.0120099 0.00368776 0.00777822 0.0134654 0.00622296
internal_weight=118327 19186.2 99140.5 12973.7 93923.1 90213.8 69388.2 23128.2 46259.9 5443.1 20825.6 6212.46 22111.8 16339.5 12331.5 24148.1 2117.77 1120.23 22030.4 8494.07 2126.04 17685.1 3709.38 15310.7 1719.07 10436.4 5772.27 9608.99 1315.39 2654.94
internal_count=574963 123084 451879 90678 429418 413666 308935 101128 207807 23176 104731 32406 101410 76644 66202 106397 8668 4622 97729 38529 9531 77952 15752 67104 7699 64033 24766 41487 5439 11530
is_linear=0
shrinkage=0.05


Tree=38
num_leaves=31
num_cat=0
split_feature=10 12 10 3 32 7 33 33 32 32 33 33 34 32 33 33 33 33 33 33 32 43 33 34 33 33 32 32 12 32
split_gain=954.77 499.656 365.558 244.241 242.132 232.193 280.485 300.327 216.347 253.221 504.68 1124.54 396.742 407.993 445.338 422.962 392.146 381.378 295.875 293.71 460.476 469.818 301.742 542.356 291.921 379.781 371.092 288.744 274.003 259.552
threshold=0.016043027793479912 1.0000000180025095e-35 0.03475031936210167 -0.12234846050009655 11.500000000000002 -0.14166206290279668 -4298.4999999999991 -4349.4999999999991 3.5000000000000004 8.5000000000000018 -2222.4999999999995 -1569.4999999999998 2.8875862353714372 10.500000000000002 -3871.4999999999995 -4298.4999999999991 -2586.4999999999995 -3479.4999999999995 -2800.4999999999995 -4791.4999999999991 5.5000000000000009 1.5000000000000002 -3633.4999999999995 3.6122674411288074 -1450.4999999999998 -1141.4999999999998 7.5000000000000009 6.5000000000000009 0.52142857142857135 7.5000000000000009
decision_type=8 10 10 8 2 10 2 2 2 2 2 2 2 2 2 2 2 2 2 2 2 2 2 2 2 2 2 2 8 2
left_child=1 -1 3 -2 5 -3 7 -7 -5 10 16 29 13 15 -15 -11 19 -16 -19 -10 21 -21 23 -22 -13 26 -26 -24 -14 -12
right_child=2 4 -4 8 -6 6 -8 -9 9 12 11 24 28 14 17 -17 -18 18 -20 20 22 -23 27 -25 25 -27 -28 -29 -30 -31
leaf_value=-0.031259958590026386 0.014350946733009257 0.0034083104439888295 0.0080437786398217612 -0.0050417753840529215 0.012680758518646307 -0.0030847809412303398 -0.013818018968753407 0.058330154990670416 0.027887196271628945 0.047141197698723561 0.040652320890602528 -0.01195251783846084 -0.035368104227760787 -0.013784132797602872 0.063973447880018922 -0.011652889676391593 -0.023426056235061898 -0.027230218115011719 0.029782608308648026 0.037948544936973666 -0.011993593862758098 -0.012611641919438369 0.03857591137281588 0.016567789592843496 0.047230096872518335 -0.010667256627194437 0.0020952609106041193 0.0094550085467909831 -0.004362876104350359 0.013443987949420958
leaf_weight=2431.127267934382 3023.0027197450399 3137.9839021787047 19630.272115200758 17355.848220691085 1424.3806171938777 728.42394032329321 12177.618297487497 273.91613858938217 1031.2379570752382 350.28324748575687 3082.7713780552149 2903.7616622447968 738.69716230034828 646.53928019106388 697.87222677469254 2413.993148714304 1655.5694288611412 278.72060206532478 1239.8458423092961 492.34188942611217 3887.7442914098501 6880.7052478045225 1147.5864973068237 2903.4550066292286 915.95159570872784 1290.0640389770269 905.72682303190231 3296.1218092292547 20143.567768737674 1224.747910708189
leaf_count=26755 13281 16161 82899 88364 7592 3900 74370 1138 4327 1477 13359 12970 4154 2824 2876 11254 7993 1226 5231 2078 16529 32078 4853 12260 3860 5754 3960 13931 93395 5058
internal_value=-9.54186e-05 -0.0100022 0.00194108 0.000415114 -0.00708941 -0.00881513 -0.0117254 0.0136985 -0.000142998 0.0013197 0.00434149 0.0134144 -0.00228438 0.00949883 0.0227279 -0.00420263 -5.67557e-05 0.0333786 0.0193184 0.00191326 0.000473804 -0.00923544 0.00684562 0.000217311 -0.000550326 0.0100898 0.0247893 0.0169755 -0.00545967 0.0329162
internal_weight=118310 20173.5 98136.4 78506.2 17742.3 16317.9 13180 1002.34 75483.2 58127.3 31617.8 10323 26509.5 5627.25 2862.98 2764.28 21294.8 2216.44 1518.57 19639.2 18608 7373.05 11234.9 6791.2 6015.5 3111.74 1821.68 4443.71 20882.3 4307.52
internal_count=575907 129916 445991 363092 103161 95569 79408 5038 349811 261447 139010 44961 122437 24888 12157 12731 94049 9333 6457 86056 81729 34156 47573 28789 26544 13574 7820 18784 97549 18417
is_linear=0
shrinkage=0.05


Tree=39
num_leaves=31
num_cat=0
split_feature=10 37 0 32 34 32 32 43 32 32 26 9 43 34 32 34 32 12 34 13 13 29 12 43 10 1 34 26 9 26
split_gain=886.558 471.093 410.338 362.943 338.897 405.226 367.63 329.363 359.128 326.872 291.761 248.647 234.681 446.599 318.671 233.303 196.22 242.274 285.377 214.494 191.673 186.502 179.642 161.703 155.1 150.844 138.891 132.468 133.601 131.5
threshold=0.0081720249350270922 -0.074767116322391511 0.073334666666666895 3.5000000000000004 3.1403734504631191 8.5000000000000018 11.500000000000002 3.5000000000000004 11.500000000000002 1.5000000000000002 0.27720081790787782 0.039107307083244412 1.0000000180025095e-35 3.9617646446706218 5.5000000000000009 4.45376556262186 6.5000000000000009 0.48571428571428515 4.2348306176854429 0.037908551086927221 0.0067932193596261922 -0.038882066098474992 1.0000000180025095e-35 3.5000000000000004 0.025071736108751234 -0.029411764705882856 3.9502812543766357 0.4102912486064661 0.011707751691398793 0.36224662655528955
decision_type=8 8 8 2 2 2 2 2 2 2 8 10 2 2 2 2 2 10 2 10 8 10 10 2 10 10 2 10 10 8
left_child=21 23 3 9 7 12 11 24 -9 -3 -11 20 13 14 -6 -12 17 18 27 -19 -7 -1 -8 25 -5 -2 -13 -14 -29 -24
right_child=1 2 -4 4 5 6 22 8 -10 10 15 26 16 -15 -16 -17 -18 19 -20 -21 -22 -23 29 -25 -26 -27 -28 28 -30 -31
leaf_value=-0.00038404288522460284 0.019610626875300845 0.0005744391051182708 0.018181722987070999 -0.0058713282679162286 0.0254431329622581 -0.038043530730341717 -0.048034305392626167 0.007683097669419818 0.032058493496162271 -0.024995530808683514 -0.011588481276764524 0.019616480839823397 0.023641283816156572 0.041146878237370607 -0.029929740378217513 0.0061537036659832164 0.0060761251095250955 -0.0086415225632674158 -0.037053477661633437 0.0042724632072020756 -0.010933078300412947 -0.030978969644579531 0.015520244205099877 -0.00041280086025462102 0.0058223311585968726 0.0050951385197601923 -0.006021174358178543 0.12748328275579751 0.043455501032903104 0.00026034204342148206
leaf_weight=608.92909202724695 5026.2947080880404 9856.8957718685269 2918.2906219363213 6450.6351118534803 477.4639854580164 681.50969939678907 162.96354293823242 12232.22454854846 1724.0506232380867 3056.6637685671449 7847.2585377320647 1004.8526996672153 210.90495698899031 1078.5871279686689 570.03280571103096 2425.6069061681628 11763.768084153533 8749.6153028681874 119.42190995067358 5083.5606277436018 15040.64339017123 2737.0305015146732 2070.4810747429729 2393.8872176110744 5059.9707726091146 2779.576490111649 1113.8397498875856 85.696818552911282 105.59052746742964 4437.5105896517634
leaf_count=5319 22131 46570 12501 31338 2003 4523 1035 54084 7285 20094 42632 4169 1047 4396 2326 12387 52665 42649 570 22160 74171 30457 9554 10359 21657 12288 4668 414 473 19102
internal_value=-4.16212e-05 0.000699552 -0.000303128 -0.00083507 0.000793469 -0.00149311 -0.00619704 0.00553028 0.0106942 -0.00632922 -0.0114343 -0.00994137 0.00258915 0.0185636 -0.00468999 -0.00739923 0.00128881 -0.0026344 0.0308168 -0.00389576 -0.0121082 -0.025411 0.00381681 0.0109554 -0.000730889 0.0144418 0.00613824 0.0509693 0.0811 0.00511519
internal_weight=117874 114528 104328 101410 78223.3 52756.4 24511.8 25466.9 13956.3 23186.4 13329.5 17840.8 28244.6 2126.08 1047.5 10272.9 26118.6 14354.8 521.614 13833.2 15722.2 3345.96 6670.96 10199.8 11510.6 7805.87 2118.69 402.192 191.287 6507.99
internal_count=575027 539251 494473 481972 360289 245925 117222 114364 61369 121683 75113 87531 128703 8725 4329 55019 119978 67313 2504 64809 78694 35776 29691 44778 52995 34419 8837 1934 887 28656
is_linear=0
shrinkage=0.05


Tree=40
num_leaves=31
num_cat=0
split_feature=10 5 38 10 32 33 33 43 43 33 33 33 33 32 33 33 7 33 32 33 33 33 33 33 33 43 32 33 10 32
split_gain=815.303 484.268 529.551 336.255 273.59 249.584 535.857 507.566 369.138 355.035 343.145 314.494 268.984 331.117 261.223 273.538 252.926 234.191 463.665 310.68 297.813 253.634 232.841 228.618 225.564 220.065 251.339 367.751 203.535 202.837
threshold=0.0081720249350270922 -0.10766337888786502 0.017477148998292561 0.029184617577313179 3.5000000000000004 -2373.4999999999995 -1762.4999999999998 1.5000000000000002 1.5000000000000002 -4544.4999999999991 -4412.4999999999991 -2528.4999999999995 -2963.4999999999995 10.500000000000002 -1242.4999999999998 -1141.4999999999998 -0.37907003332940675 -4272.4999999999991 7.5000000000000009 -4791.4999999999991 -4125.4999999999991 -4606.4999999999991 -1410.4999999999998 -4963.4999999999991 -4856.9999999999991 3.5000000000000004 3.5000000000000004 -2331.4999999999995 0.017131204129568752 11.500000000000002
decision_type=8 8 10 8 2 2 2 2 2 2 2 2 2 2 2 2 10 2 2 2 2 2 2 2 2 2 2 2 10 2
left_child=-1 5 3 4 28 7 8 -2 -7 -9 -11 12 -12 -14 16 -16 -8 18 19 -6 -19 -20 -18 -5 -4 -10 27 -27 -3 -22
right_child=1 2 24 23 17 6 14 9 25 10 11 -13 13 -15 15 -17 22 20 21 -21 29 -23 -24 -25 -26 26 -28 -29 -30 -31
leaf_value=-0.024536696538716284 0.023498859677465816 -0.027128187301521285 -0.031640690574572937 -0.020567415405190297 0.030141842849548097 -0.0099330582815496948 0.050413935868715745 0.031621209119793402 0.04684977760090734 -0.030494173822125787 -0.0015494960342122921 -0.017946174050471813 0.0076345293400702854 0.047518337816697453 0.053515234322219732 0.0053230555901211214 -0.0005067293309766708 -0.039316718104676324 -0.00063706511727744299 -0.02563170834214893 -0.0074474317472241819 0.041851144177227156 -0.034343687386485286 0.0032254008034290336 0.003545989980539269 0.040639603378895724 0.033940637276771428 -0.048726006627258407 -0.009975450811731415 0.00902917081705072
leaf_weight=3299.4080209210515 2629.665581330657 2643.3942410573363 460.97700830549002 1090.1528679579496 325.15055686235428 557.19602461159229 213.6548944413662 838.18497669696808 1651.7148355543613 975.81744508445263 9368.7375929057598 2083.9273825734854 3093.872988447547 625.61736120283604 468.39624314010143 792.84996668249369 3531.1852841079235 685.11200539767742 539.49285772442818 1075.8320848196745 18867.083612151444 1006.6258894503117 593.92497922480106 13667.349263593554 38079.096009008586 203.30758009850979 1070.6212484538555 265.39993109554052 5002.1984618604183 2073.13821002841
leaf_count=36026 11389 18146 2554 7150 1329 2328 863 3411 7299 4965 42688 9203 13453 2568 2097 3498 15444 3591 2263 5161 97973 4219 2967 59027 170926 876 4715 1155 28318 10135
internal_value=-3.24325e-05 0.000673803 -0.00121879 -0.00478265 -0.00764568 0.00626161 0.012985 0.00305748 0.0276172 -0.000107094 -0.001754 9.44636e-05 0.00296692 0.014343 0.00319124 0.0232205 -0.0026311 -0.00507556 0.00814698 -0.0126874 -0.00687753 0.0270256 -0.00537851 0.0014678 0.00312512 0.0341739 0.0205726 -0.00996259 -0.0159059 -0.0058162
internal_weight=117779 114480 85515.6 46975.5 32218 28964.1 9348.25 19615.8 3748.24 16986.2 16148 15172.2 13088.2 3719.49 5600.01 1261.25 4338.77 24572.4 2947.1 1400.98 21625.3 1546.12 4125.11 14757.5 38540.1 3191.04 1539.33 468.708 7645.59 20940.2
internal_count=575737 539711 410792 237312 171135 128919 41242 87677 16373 76288 72877 67912 58709 16021 24869 5595 19274 124671 12972 6490 111699 6482 18411 66177 173480 14045 6746 2031 46464 108108
is_linear=0
shrinkage=0.05


Tree=41
num_leaves=31
num_cat=0
split_feature=10 38 19 8 32 5 0 34 13 35 32 5 43 34 32 32 34 13 13 34 2 28 11 28 13 43 10 43 8 28
split_gain=768.491 434.273 381.472 284.714 267.028 248.95 243.734 197.194 178.606 205.89 169.953 166.35 198.686 167.743 164.995 505.198 173.89 168.06 158.199 145.632 145.496 133.087 123.528 123.391 122.814 120.073 119.794 115.473 110.581 108.359
threshold=0.0093673149722394641 -0.099504727600225648 -0.1757851669861423 1.0000000180025095e-35 4.5000000000000009 0.26923076923077022 0.084269662921347979 2.8535883538621087 0.003971376498806088 -5.2124971006151093e-14 10.500000000000002 -0.18970788248256301 3.5000000000000004 3.6415248988725928 8.5000000000000018 10.500000000000002 2.8183938029159621 0.0067932193596261922 3.0531133177191813e-17 4.1100535194445822 -0.064935064935064887 -0.046150336174147967 0.37814730867591456 -0.067656947626532807 1.0000000180025095e-35 5.5000000000000009 0.0042932114811059007 3.5000000000000004 0.24391429045485793 0.115674001759175
decision_type=8 8 8 8 2 8 10 2 10 10 2 10 2 2 2 2 2 10 10 2 10 10 8 10 10 2 10 2 8 10
left_child=11 20 3 18 5 8 7 10 9 -5 27 26 -13 -14 22 17 -17 -16 -3 25 23 -18 -6 -2 -8 -19 -1 -4 -24 -27
right_child=1 2 6 4 14 -7 24 -9 -10 -11 -12 12 13 -15 15 16 21 19 -20 -21 -22 -23 28 -25 -26 29 -28 -29 -30 -31
leaf_value=-0.032485539664163392 0.024556253423773416 -0.033083670718148342 -0.0033697033921717108 -0.022200204381492811 0.030474967705148598 0.0077827502019578903 0.090499477461083611 0.0005808770643609218 -0.011162110084102546 0.091444979842365937 0.024863764920349481 -0.031545531890588861 0.017530827646009547 -0.019309066296965466 -0.046937270282042809 0.02055668263853544 -0.01047250307007247 -0.0065303944018904256 -0.010098835043052498 -0.018727505708053642 0.0055428162831305172 0.005770656904523253 0.00062534615820233137 0.0077569545079940409 0.018661817268217858 0.098119501936318854 0.07558129939395701 0.010441664615356873 0.010094812367443723 0.0072570075013915882
leaf_weight=39.093154072761536 2254.6337192207575 1054.1159428209066 2254.1996381282806 70.896929442882538 419.09753108769655 2177.1645555198193 61.637406304478645 34529.189599223435 12719.688641682267 91.020935744047165 1427.8040996044874 2504.6673728823662 437.59240692853928 1051.4097144678235 316.09162102639675 1564.8069591075182 1616.2147929668427 6103.9141666814685 2583.1156079918146 3099.848011046648 10386.482867777348 5738.6488893181086 12364.268555246294 2121.6186874061823 1712.012447476387 51.20019693672657 74.541923448443413 4605.0064569413662 4107.0366699397564 91.364486336708069
leaf_count=227 9632 6786 10991 385 1970 9903 262 162636 67842 432 6087 28499 4268 8977 2230 6658 8064 29117 13493 15297 45024 25571 56218 8982 7252 215 446 20674 17355 398
internal_value=-2.53922e-06 0.00076619 -0.000429475 -0.00324889 -0.00227635 -0.00785487 0.0029956 0.00224321 -0.0104978 0.0416846 0.0091696 -0.0212493 -0.0229467 -0.00848245 9.18402e-05 -0.00315927 0.00542141 -0.0110804 -0.0167601 -0.00986769 0.00876484 0.00220126 0.00366857 0.0164119 0.0211583 -0.00547095 0.0384038 0.00590272 0.00298651 0.0398891
internal_weight=117628 113521 98758.3 54168.5 50531.3 15058.8 44589.8 42816.2 12881.6 161.918 8287.01 4107.3 3993.67 1489 35472.5 18582.1 8919.67 9662.42 3637.23 9346.33 14762.7 7354.86 16890.4 4376.25 1773.65 6246.48 113.635 6859.21 16471.3 142.565
internal_count=575891 533474 469836 261934 241655 78562 207902 200388 68659 817 37752 42417 41744 13245 163093 87550 40293 47257 20279 45027 63638 33635 75543 18614 7514 29730 673 31665 73573 613
is_linear=0
shrinkage=0.05


Tree=42
num_leaves=31
num_cat=0
split_feature=13 8 38 32 32 11 9 35 32 32 34 32 11 13 34 4 8 29 26 9 11 2 19 5 11 32 26 28 34 34
split_gain=662.535 521.217 461.04 381.298 361.677 314.084 261.515 254.032 250.275 551.207 526.755 225.857 213.464 206.215 184.127 166.248 163.614 154.61 149.476 137.918 137.225 133.67 130.447 140.669 125.607 129.651 123.648 155.252 123.657 120.631
threshold=3.0531133177191813e-17 0.0044792839387824976 -0.11699090263691812 7.5000000000000009 4.5000000000000009 0.75795676220540809 0.020796177214333519 -8.8873353121243768e-14 8.5000000000000018 10.500000000000002 2.841993923664011 1.5000000000000002 0.40201922114290067 0.070924327141447821 3.6724951675895521 -0.20306866378921992 0.071428571428571522 0.23813370086385227 0.53616439441978447 0.017293790184505876 0.5576557568065984 -0.071080503908831957 -0.1757851669861423 0.26923076923077022 0.48264010062999235 11.500000000000002 0.2484176581340384 0.099935265889419492 3.5510521079944053 2.4638441866376652
decision_type=8 8 8 2 2 10 8 10 2 2 2 2 8 10 2 10 10 10 10 10 10 10 8 8 10 2 8 10 2 2
left_child=1 7 21 5 6 16 11 -1 12 13 -11 20 -6 14 19 -5 -3 26 -13 -10 -4 -2 23 -8 -12 -26 27 -14 -29 -21
right_child=2 3 4 15 8 -7 22 -9 9 10 24 18 17 -15 -16 -17 -18 -19 -20 29 -22 -23 -24 -25 25 -27 -28 28 -30 -31
leaf_value=-0.0011624480268040702 0.018956673042859046 0.084134570247683699 0.016911417557123921 0.12359733524041197 0.032286168353025689 -0.0053785101113292951 -0.0079133131569306698 -0.035607574221975045 -0.01321952625019163 0.02230853452539797 -0.012328784182641613 -0.016957604224114544 -0.0056559522793440675 0.010717306651347541 -0.014745113198451605 -0.04744073865323585 0.027452206223060677 0.020827830071240779 -0.00087922089925527495 -0.016468649981383632 -0.0049233869312554695 0.00683800244695177 0.0043747321452034006 0.0073865069520518481 -0.0028116835796055152 0.0071436073345866801 0.0049410665963199154 -0.015639391764410399 0.026096938900349059 0.0032935495431452456
leaf_weight=664.67770298570395 3285.9739498645067 187.46335182338953 901.66553740203381 14.841121777892111 682.71236273646355 623.73213786631823 6999.3561052829027 2749.2890139594674 2829.3015958368778 3474.3496222123504 1651.0650721639395 8065.152733720839 5877.8801894411445 1420.0841224044561 7752.7656717821956 332.66555236279964 396.75798285007477 1320.8711898326874 1761.1930178552866 914.55895194411278 3563.0654061660171 7399.0680996105075 7331.4966908991337 1912.9225911200047 6361.9324812963605 6730.2395212352276 26316.131955936551 234.30443446338177 731.67336554080248 4960.847406104207
leaf_count=5731 13812 923 4384 64 3289 2693 34322 28699 15280 14831 8730 49392 30021 6029 39796 2460 1945 5530 9499 4006 18897 31563 33992 8605 29587 29600 115543 990 3220 22527
internal_value=-0.00010493 -0.0179712 0.00068442 0.00601861 -0.000352708 0.0192965 -0.00490564 -0.0289013 0.00159826 -0.00132645 0.0047944 -0.00983887 0.00460044 -0.00756371 -0.00914115 -0.0401361 0.0456403 0.00405227 -0.0140758 -0.00415003 -0.000513784 0.0105649 -0.000565444 -0.00462938 0.000667073 0.00230599 0.00338404 -0.00260306 0.0159735 0.000217388
internal_weight=117448 4969.43 112479 1555.46 101794 1207.95 30534.9 3413.97 71258.7 36095.1 18217.6 14291.1 35163.6 17877.6 16457.5 347.507 584.221 34480.9 9826.35 8704.71 4464.73 10685 16243.8 8912.28 14743.2 13092.2 33160 6843.86 965.978 5875.41
internal_count=575960 42515 533445 8085 488070 5561 159091 34430 328979 170386 82748 82172 158593 87638 81609 2524 2868 155304 58891 41813 23281 45375 76919 42927 67917 59187 149774 34231 4210 26533
is_linear=0
shrinkage=0.05


Tree=43
num_leaves=31
num_cat=0
split_feature=10 7 37 33 33 33 32 33 33 33 33 32 0 33 33 33 33 12 33 33 33 33 33 33 33 33 7 13 2 28
split_gain=684.877 381.227 417.567 284.573 550.281 389.544 249.414 542.614 287.079 707.001 350.138 350.504 244.638 231.287 198.613 755.337 411.154 347.022 318.776 270.863 265.55 603.632 248.5 208.631 431.032 240.203 288.322 197.231 193.546 186.359
threshold=0.0076978777749085988 -0.18485185935074575 0.0047144410359095676 -4544.4999999999991 -4125.4999999999991 -4069.4999999999995 4.5000000000000009 -1213.4999999999998 -2639.4999999999995 -2784.4999999999995 -2222.4999999999995 8.5000000000000018 0.073334666666666895 -1789.9999999999998 -3647.4999999999995 -3463.4999999999995 -3514.4999999999995 1.0357142857142871 -4298.4999999999991 -2373.4999999999995 -2733.4999999999995 -2784.4999999999995 -4856.9999999999991 -1789.9999999999998 -1928.4999999999998 -2010.4999999999998 -0.09362842451777896 0.010883141712764844 -0.064935064935064887 0.017763392526057704
decision_type=8 8 8 2 2 2 2 2 2 2 2 2 10 2 2 2 2 10 2 2 2 2 2 2 2 2 10 10 10 10
left_child=-1 3 6 29 -5 -6 7 -3 9 -8 -10 13 14 -12 18 16 -16 -18 22 20 21 -17 -4 24 25 26 -21 -13 -7 -2
right_child=1 2 12 4 5 28 8 -9 10 -11 11 27 -14 -15 15 19 17 -19 -20 23 -22 -23 -24 -25 -26 -27 -28 -29 -30 -31
leaf_value=-0.024134131147591272 0.027659053936455097 -0.012480579645424504 -0.016206961577349407 -0.014929065881374277 0.037822000797108977 0.014297458539285572 0.00056730275909567206 0.04007505332349573 -0.024334133499488604 0.066188253328158753 0.023102782955152463 -0.030662600522906674 0.018430021424432255 -0.00113248837581903 0.013931106612171866 -0.0048771674249117715 0.080785139058379252 0.02252656945767538 -0.012548998413527072 0.02947310529209049 -0.018124154669866655 0.042148393177987797 0.008955478867490041 -0.00017323636824006589 0.029067218598908037 -0.028220741246095173 -0.0020563088681874106 -0.0071997240398448646 0.0028044971689587875 0.0033322981453306993
leaf_weight=2865.2518898546696 2194.7887871414423 12497.972439020872 1225.6945684030652 3484.3644471168518 943.1671187877655 4550.6555323600769 16077.190336860716 511.21397840976715 2551.0877237692475 421.21821597218513 1462.8116475194693 1134.8321221321821 2256.9064221829176 3010.432432949543 1811.9577578380704 6877.5562028214335 546.46178987622261 480.24707245826721 5609.334870159626 1022.5169925689697 2837.9771732613444 757.57761340588331 4919.1045215502381 7321.1907168626785 2379.2382478266954 557.16241217404604 2492.6499258354306 4250.1654693186283 18783.954764209688 1227.6085539460182
leaf_count=33612 9332 71078 7276 16736 4012 19114 76727 2550 13269 1767 6268 8408 9579 14773 8030 32758 2353 2060 26080 4527 13746 3296 21015 34003 10452 2830 11108 21181 81963 5102
internal_value=1.01271e-05 0.000615917 -0.00115473 0.00532934 0.00365233 0.00631915 -0.004666 -0.0104153 -0.00207866 0.00224266 -0.00782393 -0.00355146 0.00242671 0.00679277 0.00149676 0.00385223 0.0282551 0.0535345 -0.00393082 0.000995174 -0.00506519 -0.00021117 0.00393636 0.00560361 0.0121591 0.00228065 0.00711519 -0.0121443 0.00504582 0.0189331
internal_weight=117062 114197 83012.5 31184.5 27762.1 24277.8 41916.9 13009.2 28907.7 16498.4 12409.3 9858.24 41095.6 4473.24 38838.7 27084.5 2838.67 1026.71 11754.1 24245.9 10473.1 7635.13 6144.8 13772.8 6451.57 4072.33 3515.17 5385 23334.6 3422.4
internal_count=575005 541393 405134 136259 121825 105089 216021 73628 142393 78494 63899 50630 189113 21041 179534 125163 12443 4413 54371 112720 49800 36054 28291 62920 28917 18465 15635 29589 101077 14434
is_linear=0
shrinkage=0.05


Tree=44
num_leaves=31
num_cat=0
split_feature=10 12 5 34 25 5 7 37 28 28 5 32 32 32 32 32 34 43 34 7 32 20 26 10 28 34 12 43 20 34
split_gain=598.03 352.491 288.191 229.596 214.205 193.556 226.331 181.828 159.02 158.669 199.062 144.87 122.438 186.026 163.587 147.367 161.102 140.126 125.78 116.064 110.229 99.8409 105.248 182.498 116.937 243.59 99.5089 96.9895 96.0822 93.3341
threshold=0.016263338419746535 1.0000000180025095e-35 -0.26369299384590839 2.7942232213214351 0.9677851768572171 -0.045454358341820149 -0.061775165119335999 -0.08052171287840458 0.021703971621417795 0.047816097126440159 -0.092307692307692021 2.5000000000000004 10.500000000000002 8.5000000000000018 4.5000000000000009 2.5000000000000004 2.7942232213214351 2.5000000000000004 3.5100506694068381 -0.15598276716177908 11.500000000000002 0.45684770539457004 0.74322283008083623 0.034350494032679167 0.27817027803112898 5.8609286533201272 0.79865353055681398 5.5000000000000009 2.5308872531623732 4.1359659174242056
decision_type=8 10 8 2 10 10 10 10 10 10 10 2 2 2 2 2 2 2 2 10 2 8 10 8 8 2 10 2 8 2
left_child=1 19 8 11 5 21 7 -7 -2 10 -5 -3 13 14 15 -9 -17 -14 -19 -1 -8 -4 24 -24 28 29 -22 -15 -23 -26
right_child=2 3 4 9 -6 6 20 12 -10 -11 -12 -13 17 27 -16 16 -18 18 -20 -21 26 22 23 -25 25 -27 -28 -29 -30 -31
leaf_value=0.039429367929236396 0.017805371960820604 -0.024706038447616232 -0.0042962653933887934 0.00031206304141750648 0.011534212724571481 0.0081445639911841995 0.0021144016592475555 -0.0033104597816613355 -0.0058369459809166774 0.0020996844720635025 -0.014128599553961015 0.012388026471576767 -0.0067744978114819589 -0.014827635376639515 0.00056835002484798317 -0.037636707407980259 -0.011316956621867498 0.018444292566447973 -0.0017807011972863452 -0.028890071933574582 0.038659698458585197 0.0058790154657403513 -0.0068192217832695572 0.008430489081063584 -0.038949519854331802 0.16724760968652128 0.0080605884348889812 0.031273493082641511 0.023831919255760288 0.0058034923598135032
leaf_weight=64.077604234218597 3999.0666887164116 296.58309312164783 3800.0436628982425 3237.3756211325526 4678.7177128195763 2911.1902166754007 16139.316860318184 5369.5148577913642 865.08704873919487 3241.6778630837798 9079.483765758574 2339.5270564258099 2644.0519627630711 6065.9371104165912 9701.4381917268038 708.14739910513163 3248.3701032400131 1630.9177635759115 1454.1308545321226 2083.1194009184837 385.85630762577057 22658.653967276216 4839.9564035832882 3299.2660710513592 336.30308000743389 17.309956327080727 853.19226302206516 116.27532739937305 770.61665952205658 178.25350545346737
leaf_count=357 16720 2063 17695 17413 20023 12691 73111 27054 3609 17278 58755 11803 12217 29336 42355 3841 17254 6941 6243 26302 1657 104385 21456 14100 2357 118 3541 498 3458 1265
internal_value=0.000100617 -0.00769172 0.0017403 -0.00543066 0.00111191 0.000552248 -0.00142057 -0.00380186 0.0136006 -0.00774261 -0.010333 0.00821465 -0.00492596 -0.00642542 -0.00397718 -0.00870569 -0.0160277 0.0016721 0.00891129 -0.0268513 0.00321775 0.00336738 0.0042746 -0.000637691 0.00594323 -0.0172399 0.0175896 -0.0139606 0.00646951 -0.0234461
internal_weight=117013 20341.8 96671.6 18194.6 91807.5 87128.7 51228.3 33850 4864.15 15558.5 12316.9 2636.11 30938.8 25209.7 19027.5 9326.03 3956.52 5729.1 3085.05 2147.2 17378.4 35900.4 32100.4 8139.22 23961.1 531.867 1239.05 6182.21 23429.3 514.557
internal_count=575896 133971 441925 107312 421596 401573 236739 158430 20329 93446 76168 13866 145739 120338 90504 48149 21095 25401 13184 26659 78309 164834 147139 35556 111583 3740 5198 29834 107843 3622
is_linear=0
shrinkage=0.05


Tree=45
num_leaves=31
num_cat=0
split_feature=10 7 38 33 33 33 32 10 43 34 28 34 33 33 32 33 33 33 33 33 33 32 34 43 32 32 33 32 33 1
split_gain=583.504 364.904 346.491 253.347 500.657 361.793 211.217 257.801 209.278 212.269 186.153 173.995 208.494 592.888 243.392 186.562 394.957 255.993 242.507 844.453 324.449 234.763 244.648 231.112 182.939 179.906 241.707 169.733 159.451 155.748
threshold=0.0076978777749085988 -0.18630871521724948 0.037497978448694076 -4544.4999999999991 -4125.4999999999991 -4069.4999999999995 3.5000000000000004 0.017558657968875711 3.5000000000000004 3.088764545090386 0.019052381876689544 2.8986667661772656 -1697.4999999999998 -2054.4999999999995 5.5000000000000009 -2607.4999999999995 -2784.4999999999995 -2301.4999999999995 -3633.4999999999995 -3231.9999999999995 -4016.4999999999995 7.5000000000000009 2.5095992701318237 3.5000000000000004 11.500000000000002 7.5000000000000009 -1013.9999999999999 1.5000000000000002 -1853.4999999999998 -0.046875000000003879
decision_type=8 8 10 2 2 2 2 8 2 2 10 2 2 2 2 2 2 2 2 2 2 2 2 2 2 2 2 2 2 10
left_child=-1 3 6 10 -5 -6 7 -3 29 -10 -2 12 13 14 -8 16 18 -17 20 -20 23 22 -21 -16 -22 -14 -27 -9 -15 -7
right_child=1 2 -4 4 5 8 11 27 9 -11 -12 -13 25 28 15 17 -18 -19 19 21 24 -23 -24 -25 -26 26 -28 -29 -30 -31
leaf_value=-0.022852013978601593 0.026651932842198484 -0.020522067507053428 0.0028667779223651171 -0.014342997009979618 0.036898496511474706 0.017643070670815823 -0.017568299553588695 0.0046306463254959483 0.0086353710039664133 -0.0086283541386742053 0.0021260533304623057 -0.0038066490789671749 0.0034390653790391762 0.075633515678469848 -0.0055433472133730151 -0.031075884338284777 0.084926840985424495 0.015733702642096552 0.055937442128818238 -0.050773023975920456 -0.024174200587042862 -0.02434332909151108 0.062153185855998355 0.038374699012573982 0.027909196464108523 -0.047878892760202248 0.052650971473753451 -0.010193563542941538 0.017892619313627289 0.0054880446282518109
leaf_weight=2762.1304145231843 2184.2452651411295 3735.859623990953 31065.599030084908 3451.7780860811472 912.69991534948349 3363.3312944173813 1169.6633297204971 3068.2112958282232 2881.5498441904783 4660.1456697583199 1198.0338192135096 31397.310233652592 604.97194120287895 373.99798661470413 554.33057236671448 660.14222434163094 177.82759495079517 523.85484738647938 952.83948864042759 65.334699839353561 1231.0062926709652 733.7001635581255 180.36554563045502 651.75958603620529 195.35105219483376 497.31414499133825 67.962455421686172 5209.2243471220136 175.74992235004902 12177.068747453392
leaf_count=33607 9312 25801 138161 16635 3892 14133 5649 14111 12325 20154 4979 158141 2990 1620 2533 3214 749 2409 4109 275 5603 3483 760 2719 802 3111 399 30314 822 53209
internal_value=-0.000144123 0.000405487 -0.00131461 0.00505278 0.00346164 0.00602293 -0.00380179 -0.00961937 0.00480206 -0.00203219 0.0179646 -0.00206385 0.00414283 0.00715099 0.00327564 0.00738942 0.011822 -0.0103652 0.00897399 0.0224257 -0.000899646 -0.0101773 0.0321247 0.0181895 -0.017041 -0.0155113 -0.0357923 -0.00469865 0.0571742 0.0081187
internal_weight=116883 114121 83292.4 30828.9 27446.6 23994.8 52226.8 12013.3 23082.1 7541.7 3382.28 40213.5 8816.17 7645.92 7096.18 5926.51 4742.51 1184 4564.69 1932.24 2632.45 979.4 245.7 1206.09 1426.36 1170.25 565.277 8277.44 549.748 15540.4
internal_count=576021 542414 407775 134639 120348 103713 269614 70226 99821 32479 14291 199388 41247 34747 32305 26656 21033 5623 20284 8627 11657 4518 1035 5252 6405 6500 3510 44425 2442 67342
is_linear=0
shrinkage=0.05


Tree=46
num_leaves=31
num_cat=0
split_feature=10 5 38 33 33 33 13 33 33 33 33 33 33 34 32 13 33 2 33 32 12 33 7 33 32 34 33 32 32 12
split_gain=515.869 369.089 369.237 353.73 315.863 407.597 322.162 270.155 560.786 348.935 363.186 325.995 304.17 289.218 284.929 280.687 274.487 230.469 229.321 478.758 225.361 224.551 215.082 206.222 291.237 281.465 270.3 190.92 178.942 171.63
threshold=0.0065972693377979686 -0.092307692307692021 0.010300753863948244 -4856.9999999999991 -4544.4999999999991 -4642.4999999999991 0.032134774846497439 -2387.9999999999995 -1762.4999999999998 -4525.4999999999991 -4412.4999999999991 -1228.4999999999998 -2528.4999999999995 3.6014124977339228 2.5000000000000004 0.018299140361508263 -1944.4999999999998 0.24472743237076358 -2331.4999999999995 5.5000000000000009 4.7999999999999998 -1141.4999999999998 -0.37907003332940675 -2963.4999999999995 10.500000000000002 2.1341489346727696 -3013.4999999999995 11.500000000000002 6.5000000000000009 2.6785714285714302
decision_type=8 8 8 2 2 2 10 2 2 2 2 2 2 2 2 10 2 8 2 2 10 2 10 2 2 2 2 2 2 10
left_child=28 7 4 -4 5 -3 -6 9 16 -2 -11 15 14 -13 29 -10 18 -5 20 -20 27 -15 -17 26 25 -25 -16 -9 -1 -12
right_child=1 2 3 17 6 -7 -8 8 11 10 12 13 -14 21 23 22 -18 -19 19 -21 -22 -23 -24 24 -26 -27 -28 -29 -30 -31
leaf_value=-0.010979105480046044 0.017944066722745212 -0.00083650150323050796 -0.019701445066770018 0.0021207958258731233 -0.01042453603857795 0.038075949779642855 -0.00059918901805396368 0.071145114935592321 -0.034600358048723974 -0.029532070009998031 -0.025951077241976019 0.052052787189032591 -0.015889243651724932 0.044421898102823924 0.0038567172349337668 0.050131412514531938 0.048180285960150539 0.026369991370806114 -0.018132767198130281 0.026395939344246708 -0.0038659833954509345 -0.010384429365288626 -0.0019960805936010801 -0.032158850009444871 0.044315868130538352 0.013874273893112516 -0.030313323432068287 -0.017135784710600364 -0.039161973303375626 0.011777268526607647
leaf_weight=1255.2286317050457 2868.3054222911596 2562.9356855452061 1839.1344646885991 40610.953656427562 20529.311251617968 912.59240169078112 14054.605559431016 470.26346585154533 655.67827492952347 1037.2551507353783 1206.3211872130632 534.62210178375244 2347.3049609661102 264.18779857456684 9170.5107609927654 207.76513406634331 990.96327788382769 1004.0720250755548 901.83645556122065 1825.5583322122693 188.30209310352802 638.78948204219341 4160.540767095983 370.75336648523808 701.91332353651524 3182.2534195557237 617.74081684648991 70.41323384642601 1021.6379736214876 401.85254157334566
leaf_count=15452 12325 11464 11252 184757 116303 3762 66026 1999 3619 5409 6462 2424 10524 1151 41322 839 4390 4196 3966 8249 789 2877 18441 1567 2911 14046 2880 297 13770 2032
internal_value=-5.87005e-05 0.00041063 -0.00139185 0.00175751 -0.00498762 0.009381 -0.0064316 0.00488831 0.011317 0.00168661 -0.00076304 0.00191206 0.000894908 0.0229068 0.0034121 -0.00409554 0.0249817 0.00270587 0.0183305 0.0116721 0.0432418 0.00565048 0.000483204 0.00569506 0.014885 0.00907075 0.00170023 0.0596481 -0.0236249 -0.0165235
internal_weight=116604 114327 81513.6 43454.2 38059.4 3475.53 34583.9 32813.1 10908.9 21904.2 19035.9 6461.58 17998.7 1437.6 15651.3 5023.98 4447.34 41615 3456.37 2727.39 728.979 902.977 4368.31 14043.2 4254.92 3553.01 9788.25 540.677 2276.87 1608.17
internal_count=575501 546279 397760 200205 197555 15226 182329 148519 49041 99478 87153 29351 81744 6452 71220 22899 19690 188953 15300 12215 3085 4028 19280 62726 18524 15613 44202 2296 29222 8494
is_linear=0
shrinkage=0.05


Tree=47
num_leaves=31
num_cat=0
split_feature=13 8 32 3 33 33 33 33 5 33 33 13 32 33 33 34 33 33 33 33 32 43 33 33 33 32 28 33 32 32
split_gain=508.979 402.956 326.79 320.6 307.147 1085.01 1241.1 586.183 710.889 496.862 414.799 493.576 419.393 368.007 899.714 1433.03 602.453 723.556 536.803 518.812 466.884 447.759 446.589 487.531 437.424 405.011 455.019 385.941 375.649 354.191
threshold=3.0531133177191813e-17 0.0044792839387824976 7.5000000000000009 -0.12234846050009655 -2387.9999999999995 -2733.4999999999995 -2800.4999999999995 -1762.4999999999998 -0.029231448242740207 -1928.4999999999998 -1311.4999999999998 0.018299140361508263 5.5000000000000009 -3231.9999999999995 -3633.4999999999995 3.0750027876182671 -4298.4999999999991 -4349.4999999999991 -4179.4999999999991 -2978.4999999999995 10.500000000000002 3.5000000000000004 -4544.4999999999991 -4856.9999999999991 -4016.4999999999995 3.5000000000000004 0.097233313342408811 -2898.4999999999995 1.5000000000000002 10.500000000000002
decision_type=8 8 2 8 2 2 2 2 10 2 2 8 2 2 2 2 2 2 2 2 2 2 2 2 2 2 10 2 2 2
left_child=1 -1 -3 -2 5 6 13 8 -6 -10 11 -9 -12 14 16 -16 17 22 -18 21 -17 -15 23 28 25 -20 -27 -21 -5 -26
right_child=3 2 -4 4 7 -7 -8 10 9 -11 12 -13 -14 19 15 20 18 -19 24 27 -22 -23 -24 -25 29 26 -28 -29 -30 -31
leaf_value=-0.026365377581157274 0.012804731380926729 0.017033235641926162 -0.039789515749340691 0.016960004304660554 0.025876593208828787 -0.017336224880700971 0.038152508137327255 -0.035638597998847547 -0.0048439246088224641 0.017451719443634193 0.023753740438359313 -0.0036500187517365702 -0.0017751889154250921 -0.0051718731410499187 0.037689210504163219 -0.0046907154131535884 -0.029194977496902766 0.035833295889982547 -0.015322327907449524 0.016912213860379416 0.030062527435538978 -0.030923338549162068 -0.012761286662331731 0.012619191369538818 -0.01512278167157897 0.026736192002178971 -0.031360312459110959 -0.0096113019488626612 -0.021345215180520984 0.0084858172408192063
leaf_weight=3145.2854987680912 5218.5021178871393 1195.8641807585955 320.92926456034184 890.35397702455521 5348.6326176896691 9709.147573813796 2130.6421054676175 1336.3756337687373 6648.6618170812726 4003.4948035553098 2675.2789308279753 12349.157582201064 4035.5515205785632 3475.5483917072415 3988.4562062770128 6356.7110443115234 2817.8733711838722 1615.0278358310461 1246.4310491904616 2615.5586380586028 1139.6646776273847 3282.1199782863259 4426.3712402507663 7957.8758828192949 8595.8485770151019 2474.1068444997072 390.18282835185528 2883.5402933061123 2276.581444144249 1948.8734889477491
leaf_count=34258 22465 5535 2479 3764 24234 47862 9098 8892 31298 17671 13645 58462 19749 19197 17596 32581 13786 6613 7725 11474 4975 17058 22516 33021 42043 10689 1619 13494 13787 8448
internal_value=2.9481e-05 -0.0161573 0.00501045 0.000704254 0.000111987 -0.00182011 0.000669462 0.00383957 0.0110036 0.00353565 -0.00178057 -0.00677366 0.00840194 -0.000698497 0.00134788 0.0134756 -0.00267312 0.00397955 -0.00920886 -0.00839935 0.000592777 -0.0176791 0.000671464 0.00601612 -0.00536604 0.00846901 0.0188221 0.00300419 -0.0105761 -0.0107594
internal_weight=116499 4662.08 1516.79 111837 106618 70220.9 60511.8 36397.2 16000.8 10652.2 20396.4 13685.5 6710.83 58381.1 46124.4 11484.8 34639.5 17166.2 17473.3 12256.8 7496.38 6757.67 15551.2 11124.8 14655.4 4110.72 2864.29 5499.1 3166.94 10544.7
internal_count=576034 42272 8014 533762 511297 337346 289484 173951 73203 48969 100748 67354 33394 280386 219163 55152 164011 79701 84310 61223 37556 36255 73088 50572 70524 20033 12308 24968 17551 50491
is_linear=0
shrinkage=0.05


Tree=48
num_leaves=31
num_cat=0
split_feature=10 0 2 9 8 25 8 32 33 33 34 33 33 33 33 33 33 33 28 34 28 32 32 34 32 33 33 33 33 33
split_gain=447.086 245.211 246.031 224.677 168.362 172.522 158.256 302.965 156.101 1075.44 462.77 579.492 386.919 534.965 474.133 460.398 443.097 356.828 348.332 347.365 308.163 307.402 297.163 288.907 319.301 286.248 514.507 851.378 511.141 610.598
threshold=0.015815997993689452 0.084269662921347979 -0.10277853950882836 1.1023399287529874e-09 0.14726434126183577 0.47308237088690358 0.0044792839387824976 7.5000000000000009 -3647.4999999999995 -3463.4999999999995 3.6329700412545001 -3544.4999999999995 -4298.4999999999991 -4375.4999999999991 -4544.4999999999991 -4179.4999999999991 -4016.4999999999995 -4856.9999999999991 0.10238286432592546 2.2772541355929321 0.031249811198039382 1.5000000000000002 11.500000000000002 4.2938780149299367 2.5000000000000004 -2387.9999999999995 -2733.4999999999995 -2800.4999999999995 -2331.4999999999995 -2222.4999999999995
decision_type=8 8 8 10 10 10 10 2 2 2 2 2 2 2 2 2 2 2 10 2 10 2 2 2 2 2 2 2 2 2
left_child=3 2 -2 6 5 -5 -1 -8 12 10 11 -10 13 14 17 19 18 21 -17 -14 -19 -4 -18 -16 -25 26 27 -11 -27 -30
right_child=1 -3 8 4 -6 -7 7 -9 9 25 -12 -13 15 -15 23 16 22 20 -20 -21 -22 -23 -24 24 -26 28 -28 -29 29 -31
leaf_value=-0.029749439917286964 0.014463177997900707 0.017723422556665962 0.015838239159001316 -0.0017605550812621424 0.014134487938960584 -0.012223940261812991 0.14642884251312691 -0.055716502655701217 0.016590130006110315 -0.0027196656263520345 0.0045736030177154496 0.063415803197819448 0.06318823195375918 0.028719267562711471 -0.02623887153073895 0.015774311927917992 -0.013760408112771792 0.021341070271493984 -0.036838891739583442 -0.031219100602856382 0.0010707154729020217 -0.019299071403270515 0.017602888116622292 0.060758581430407632 -0.0084512296734248413 0.029392425772081787 -0.013901501116051219 0.034093261697619892 -0.034639812102623985 0.0030290166912142489
leaf_weight=1391.8954884931445 3255.4354019761086 2230.6241585463285 864.79531870782375 8145.6437965855002 1020.5021012127399 7629.209767896682 37.021310336887836 37.12082102149725 1376.8817531168461 14403.84621091187 1537.8616972416639 1270.3023141175508 101.41248641908169 1783.5322042256594 2366.2262981235981 3189.1936237215996 7412.6324180364609 3585.2561807185411 349.0167341530323 2484.1790548413992 3930.5476611703634 2221.2777539044619 840.93012551963329 208.05578695237637 837.38450708985329 1759.1943832784891 8498.4999095648527 1762.801546216011 1115.0771754384041 30541.094922497869
leaf_count=19454 13954 9510 3595 49884 5178 50406 210 431 5890 67438 6665 5371 446 7301 12474 14882 34894 15010 1449 12085 16135 13366 3433 1050 4030 7913 40410 7393 5428 140386
internal_value=-3.87123e-06 0.00133551 0.000953513 -0.00718625 -0.0055477 -0.00682097 -0.025958 0.0452205 0.000477747 0.00190808 0.0263876 0.0390603 -0.00247378 0.00292768 -0.000354865 -0.00840862 -0.00421888 0.00486234 0.0105844 -0.0275162 0.0107403 -0.00945271 -0.0105649 -0.0165675 0.00532239 0.000144188 -0.00394143 0.00129439 0.00315994 0.00170215
internal_weight=116187 97926.1 95695.4 18261.4 16795.4 15774.9 1466.04 74.1421 92440 62265.6 4185.05 2647.18 30174.4 15797.1 14013.5 14377.4 11791.8 10601.9 3538.21 2585.59 7515.8 3086.07 8253.56 3411.67 1045.44 58080.5 24665.1 16166.6 33415.4 31656.2
internal_count=576071 450508 440998 125563 105468 100290 20095 641 427044 286894 17926 11261 140150 72961 65660 67189 54658 48106 16331 12531 31145 16961 38327 17554 5080 268968 115241 74831 153727 145814
is_linear=0
shrinkage=0.05


Tree=49
num_leaves=31
num_cat=0
split_feature=12 33 32 33 10 34 33 33 33 32 32 33 33 33 33 33 33 32 32 8 43 33 33 33 32 33 33 33 33 33
split_gain=443.199 285.712 253.523 314.752 282.987 270.037 347.151 1263.76 432.84 565.83 584.088 495.251 483.64 379.151 371.878 788.786 367.4 493.445 366.697 292.621 293.248 302.115 291.493 285.27 285.064 495.315 318.584 351.959 440.858 468.883
threshold=1.0000000180025095e-35 -2040.4999999999998 3.5000000000000004 -1242.4999999999998 0.017558657968875711 3.1403734504631191 -3633.4999999999995 -3297.4999999999995 -2963.4999999999995 7.5000000000000009 10.500000000000002 -2417.4999999999995 -3153.4999999999995 -3332.4999999999995 -2205.4999999999995 -1569.4999999999998 -4016.4999999999995 11.500000000000002 10.500000000000002 0.16176470588235295 3.5000000000000004 -4107.4999999999991 -2068.4999999999995 -3577.4999999999995 8.5000000000000018 -4774.4999999999991 -2205.4999999999995 -1569.4999999999998 -1450.4999999999998 -1141.4999999999998
decision_type=8 2 2 2 8 2 2 2 2 2 2 2 2 2 2 2 2 2 2 8 2 2 2 2 2 2 2 2 2 2
left_child=1 -1 3 4 -2 6 16 13 12 14 -11 -12 -9 18 -10 -16 19 -18 23 20 21 -4 -13 -8 25 -7 -27 -28 -29 -30
right_child=2 -3 5 -5 -6 24 7 8 9 10 11 22 -14 -15 15 -17 17 -19 -20 -21 -22 -23 -24 -25 -26 26 27 28 29 -31
leaf_value=0.013143597518766717 -0.016129630350102672 -0.027381011021237592 -0.00295603126579884 0.020631460716539169 -0.0024767949412110024 0.031729351471578293 0.043969541157287087 0.0036883687333183071 0.0058321722182997048 -0.012124888071538303 0.043615991002704739 -0.027676153701484449 -0.04200758828998577 0.086609829675561203 0.056808596550762619 0.0050136391234143598 -0.020660573003963387 0.033488463350268172 0.059500028126129229 -0.010288704463228859 0.031055353262481985 0.053061841371346785 0.01327226733093282 0.0038664550732364629 -0.003840030964815621 -0.0023761090984132809 0.018829340576340683 -0.013962206430717918 0.028537338828046266 -0.0065065593408815126
leaf_weight=538.16386715322733 4669.7416108027101 2267.63896336779 2223.8875105977058 1254.761030651629 20271.604334101081 1445.8602945059538 741.88733822107315 1367.7128680348396 2534.0979627072811 4753.1439042910933 1051.9054814279079 604.9081657230854 1004.1614857912064 369.01308436691761 1532.0500533431768 1413.0123006626964 3367.9178691655397 480.78461667895317 862.19955123960972 1880.926786750555 1504.9300748407841 269.90145394206047 1543.6845269352198 1102.3523576706648 27542.983372233808 18041.470097832382 4678.9948182404041 2845.6368454396725 2025.0248874425888 1805.58189522475
leaf_count=2724 32240 28565 10191 6664 100583 6124 3140 6194 11134 22171 4489 2568 4740 1554 7199 7093 15248 1988 3755 8215 6288 1201 6933 4926 133287 84973 20443 13497 9262 8624
internal_value=2.19133e-05 -0.0196082 0.000508513 -0.0038037 -0.005033 0.00180703 0.00578666 0.00974031 0.00403391 0.0075109 -0.00100643 0.0155059 -0.0156576 0.0390654 0.0198748 0.0319579 -0.00188634 -0.0138962 0.0325829 0.00597509 0.0136253 0.00310675 0.00174378 0.0199988 -0.000142955 0.0031586 0.00175337 0.00831438 0.000945041 0.0120192
internal_weight=115996 2805.8 113190 26196.1 24941.3 86994 28608.5 18880.1 15804.7 13432.8 7953.64 3200.5 2371.87 3075.45 5479.16 2945.06 9728.35 3848.7 2706.44 5879.65 3998.72 2493.79 2148.59 1844.24 58385.6 30842.6 29396.7 11355.2 6676.24 3830.61
internal_count=576013 31289 544724 139487 132823 405237 129027 85896 72521 61587 36161 13990 10934 13375 25426 14292 43131 17236 11821 25895 17680 11392 9501 8066 276210 142923 136799 51826 31383 17886
is_linear=0
shrinkage=0.05


Tree=50
num_leaves=31
num_cat=0
split_feature=5 13 38 33 33 33 33 33 32 33 13 33 33 33 33 32 28 11 28 32 33 33 32 33 33 32 12 10 12 32
split_gain=412.777 607.49 336.734 285.426 645.65 345.024 308.108 358.179 526.78 299.358 265.89 245.792 267.136 309.589 443.378 300.916 246.968 208.655 206.213 204.817 231.098 226.294 299.677 284.602 403.73 277.651 230.178 200.996 200.365 194.788
threshold=-0.071427745533505324 0.0087905271202335742 0.018506604340810976 -2373.4999999999995 -1762.4999999999998 -1242.4999999999998 -1944.4999999999998 -2331.4999999999995 6.5000000000000009 -1129.4999999999998 0.018299140361508263 -2528.4999999999995 -2963.4999999999995 -3297.4999999999995 -3332.4999999999995 10.500000000000002 -0.027142247534548445 1.1712478464490665 -0.1213411141964842 4.5000000000000009 -1198.4999999999998 -4272.4999999999991 7.5000000000000009 -3904.4999999999995 -3248.4999999999995 7.5000000000000009 1.5071428571428576 0.017131204129568752 4.7999999999999998 5.5000000000000009
decision_type=10 10 10 2 2 2 2 2 2 2 8 2 2 2 2 2 10 10 8 2 2 2 2 2 2 2 10 10 10 2
left_child=3 -2 19 11 6 10 7 28 -9 -7 -6 12 13 14 18 -14 -15 -12 -1 20 27 22 -21 25 29 -23 -24 -3 -5 -25
right_child=1 2 -4 4 5 9 -8 8 -10 -11 17 -13 15 16 -16 -17 -18 -19 -20 21 -22 23 26 24 -26 -27 -28 -29 -30 -31
leaf_value=0.023101288985024358 -0.020627154401200005 -0.024833491025843032 0.0021848361603877316 0.070502076755121962 -0.030015469624897897 0.042542795425423233 0.045248921827845817 -0.0090929450888461126 0.031013915533725039 0.0030191697963311425 0.004314098442040319 -0.012803570156805784 0.0074044240610125619 0.0019369653246850528 0.053957140849000301 0.039564859964628711 -0.027496169336944484 -0.021999315618328654 -6.9101953987061983e-05 -0.011368656892102411 0.033233367511469901 0.010919411507592163 0.037373500581124416 -0.014566258709437438 -0.0059799766765160191 -0.029948117476998101 0.0047155117338453364 -0.0080280937320837669 0.003338804263592521 0.017000995751502174
leaf_weight=1022.7666707262397 4248.2102732025087 2288.2723916396499 36313.322206623852 429.14184714853764 890.09159231930971 814.00347550213337 1271.64939571172 1679.1500387713313 1597.7293751314282 1164.4265343770385 4199.520193234086 2844.3062213659286 4502.989172168076 1237.662733271718 410.29171996563673 867.46415619552135 1680.2771678194404 918.08049035072327 15712.637740895152 1079.5572122782469 293.44489350169897 540.58113405108452 1069.4459604173899 573.72534511238337 13603.266446381807 1797.7162771224976 1088.8993864953518 7997.8648102656007 149.80988441407681 3296.9258228391409
leaf_count=4896 42933 16782 164950 1829 5531 3830 5732 7447 7459 5411 18798 12967 20282 6476 1830 3654 8422 4197 74531 4733 1416 2375 4431 2998 68508 9285 4541 42526 630 15805
internal_value=-3.70183e-05 -0.00226885 -0.00115381 0.00396334 0.0100605 0.00117066 0.0239064 0.0168677 0.0104622 0.0192807 -0.00479327 0.00113591 0.00269476 4.36485e-05 0.00260588 0.0125991 -0.0150119 -0.00040644 0.00134693 -0.00475887 -0.0105185 -0.00211531 0.0101394 -0.0041181 -0.00192591 -0.0205001 0.0208973 -0.0117667 0.0531229 0.012322
internal_weight=115583 74191.2 69943 41392 13113.6 7986.12 5127.48 3855.83 3276.88 1978.43 6007.69 28278.4 25434.1 20063.6 17145.7 5370.45 2917.94 5117.6 16735.4 33629.7 10579.6 23050.1 3237.9 19812.2 17473.9 2338.3 2158.35 10286.1 578.952 3870.65
internal_count=575205 381283 338350 193922 60864 37767 23097 17365 14906 9241 28526 133058 120091 96155 81257 23936 14898 22995 79427 173400 60724 112676 13705 98971 87311 11660 8972 59308 2459 18803
is_linear=0
shrinkage=0.05


Tree=51
num_leaves=31
num_cat=0
split_feature=13 8 38 33 33 33 33 33 33 33 33 5 12 33 10 12 5 33 33 33 12 33 12 33 33 12 33 12 33 33
split_gain=368.984 348.255 293.363 220.547 329.081 206.979 1097.56 997.102 301.555 672.405 554.872 346.968 343.687 316.565 288.342 240.699 239.194 228.57 214.128 733.773 730.723 550.642 590.372 480.676 541.747 396.378 356.46 352.114 332.309 383.706
threshold=3.0531133177191813e-17 0.0044792839387824976 -0.093915313683241672 -1213.4999999999998 -1464.4999999999998 -2387.9999999999995 -2733.4999999999995 -2784.4999999999995 -1789.9999999999998 -1928.4999999999998 -2010.4999999999998 -0.0083775488241943346 2.1285714285714312 -1464.4999999999998 0.033729198271759207 4.9000000000000075 0.43749933485262588 -1984.4999999999998 -3231.9999999999995 -3633.4999999999995 0.81428571428571495 -2978.4999999999995 3.8142857142857189 -4298.4999999999991 -4349.4999999999991 1.3071428571428583 -2913.4999999999995 1.6571428571428577 -3463.4999999999995 -3529.4999999999995
decision_type=8 8 8 2 2 2 2 2 2 2 2 10 10 2 10 10 10 2 2 2 8 2 8 2 2 8 2 8 2 2
left_child=1 -1 -2 4 -3 6 7 18 9 10 11 15 -11 -10 -13 -7 -14 -12 19 23 28 22 -20 24 -4 -25 -23 -26 29 -21
right_child=2 3 5 -5 -6 8 -8 -9 13 12 17 14 16 -15 -16 -17 -18 -19 21 20 -22 26 -24 25 27 -27 -28 -29 -30 -31
leaf_value=-0.024066760864942117 0.0067647489183039373 0.01258949069230169 -0.00018289959560113838 0.064512948754275781 -0.046202300916101967 0.026036326568933128 -0.019713209853061273 0.040510699399077005 -0.0078670205342174226 0.037850787739512511 -0.044711869697898379 -0.010871957444187324 0.018726020344450884 0.0048177830224113748 0.013592627562037893 -0.014411614202603699 -0.025825968378730246 -0.008810341113132605 -0.025325590079729617 0.026552529554132759 0.0011339511930315194 0.023331481012377517 0.014097353911725955 -0.016981445573319997 0.050799321977240103 -0.00077602997847668327 -0.0045235212968596289 0.0027152109684683776 0.013727894571021419 0.070679601385695859
leaf_weight=2982.6827510967851 15769.649328395724 1048.5339505672455 13479.313965335488 143.07878769189119 307.91400495916605 2583.1245496422052 7904.5700525566936 1494.3612248450518 9671.7858681753278 2339.7407145276666 756.21969598531723 3039.3544340655208 1262.6813056766987 10008.1165433079 1994.9401874542236 428.87454176694155 395.67730687558651 1071.5131193995476 4752.8973592817783 1509.9896391779184 6548.3780995383859 1737.6162818521261 1186.78736525774 8231.6753088384867 918.29021708667278 6967.0377167388797 3387.8507654666901 650.39260192215443 2243.4405811354518 731.19304369390011
leaf_count=34403 69099 4768 64006 737 2567 11917 40652 6420 47647 10702 3635 14645 5585 50228 8361 1989 1744 5892 26414 6630 32573 7784 6475 41072 3723 33954 15732 2657 10685 3298
internal_value=-0.00011983 -0.0141847 0.00044778 0.00547146 -0.00075626 -0.000597559 -0.0023153 0.000239024 0.0025635 0.00820941 0.00120464 0.00685372 0.0255089 -0.00141623 -0.00117738 0.020277 0.00809611 -0.0236645 -0.000910667 0.000745026 0.0117826 -0.00708741 -0.0174486 -0.00328113 0.0030535 -0.00955294 0.00491978 0.0308631 0.0273317 0.0409491
internal_weight=115548 4482.21 111065 1499.53 1356.45 95295.8 61743.8 53839.2 33552 13872.1 9874.03 8046.29 3998.1 19679.9 5034.29 3012 1658.36 1827.73 52344.9 41279.7 11033 11065.2 5939.68 30246.7 15048 15198.7 5125.47 1568.68 4484.62 2241.18
internal_count=575994 42475 533519 8072 7335 464420 302075 261423 162345 64470 46439 36912 18031 97875 23006 13906 7329 9527 255003 198598 53186 56405 32889 145412 70386 75026 23516 6380 20613 9928
is_linear=0
shrinkage=0.05


Tree=52
num_leaves=31
num_cat=0
split_feature=5 13 38 33 33 43 33 33 3 34 32 33 34 33 33 33 33 43 32 34 33 32 34 33 33 32 34 33 43 13
split_gain=344.717 494.457 296.535 260.231 529.812 347.019 288.839 259.574 239.668 216.387 214.231 234.526 205.927 204.886 229.06 275.241 409.684 373.47 265.387 278.927 201.144 287.758 387.12 253.251 372.004 304.664 252.423 349.085 196.601 194.078
threshold=-0.071427745533505324 0.0087905271202335742 0.029131055950659793 -2373.4999999999995 -1762.4999999999998 1.5000000000000002 -1228.4999999999998 -1129.4999999999998 -0.079295154185022129 3.8010908205202321 4.5000000000000009 -1198.4999999999998 3.6122674411288074 -2528.4999999999995 -2963.4999999999995 -3297.4999999999995 -3332.4999999999995 3.5000000000000004 10.500000000000002 2.1341489346727696 -4272.4999999999991 7.5000000000000009 3.2939815763060616 -3904.4999999999995 -3297.4999999999995 7.5000000000000009 3.662277948377024 -3544.4999999999995 1.5000000000000002 0.018299140361508263
decision_type=10 10 10 2 2 2 2 2 10 2 2 2 2 2 2 2 2 2 2 2 2 2 2 2 2 2 2 2 2 10
left_child=3 -2 10 13 5 -5 8 -8 -6 -7 11 -3 -9 14 15 16 -1 -17 19 -16 21 -12 -23 25 26 -22 27 -25 -15 -10
right_child=1 2 -4 4 6 9 7 12 29 -11 20 -13 -14 28 18 17 -18 -19 -20 -21 23 22 -24 24 -26 -27 -28 -29 -30 -31
leaf_value=0.0011442685451441737 -0.018743178782364488 -0.010965209999971111 0.0024637374283745074 -0.011365474418007478 0.016755076186899663 0.035201700109511021 0.042793760126794332 0.033884638307444842 -0.030552209564407379 0.011680250141229016 -0.010934464868986984 0.031288263458474158 -0.011105763507222593 0.023585354711303897 -0.032896180907614134 -3.5647688551684391e-05 0.051607902648953811 -0.037132124683175789 0.037090541574502429 0.010657722480387519 0.011899143863492402 0.046302535491388436 0.0044924660679247609 0.008275934041668466 -0.004848704303617446 -0.02774916951322073 -0.0022129240117789496 0.048955357712203232 -0.016665255017896532 -0.0040519065363633323
leaf_weight=16753.693454004824 4165.9726128131151 11192.512339510024 32679.032993420959 668.16697126626968 1161.9231555312872 2916.0303528383374 702.38212836533785 384.51230186969042 828.92850086838007 1471.048155978322 1167.2478247135878 338.32937423139811 751.28564264625311 345.50730902701616 403.90538784861565 1752.2563262507319 412.08268865942955 1107.1580310165882 857.93527630716562 4089.7101998105645 643.58316637575626 856.86980864405632 1564.4486994743347 1435.3748578876257 15501.630713447928 1960.4182385578752 1710.9754404202104 833.68683085590601 2487.9136680588126 4149.1861041784286
leaf_count=79573 43071 64960 147047 2846 5205 13483 3179 1805 5240 6584 5116 1619 3471 1519 1743 9228 1819 5533 3638 18511 2813 3533 6523 6482 78204 10214 8798 3736 11489 18891
internal_value=3.13241e-05 -0.00200907 -0.00101151 0.00369471 0.00953782 0.0222022 0.0015133 0.0189008 -0.00369209 0.0273146 -0.00406398 -0.00972544 0.00412526 0.000995116 0.00241895 -3.6761e-05 0.0023557 -0.0143993 0.0116081 0.00674291 -0.0015213 0.00945788 0.0192884 -0.00330524 -0.00134776 -0.01795 0.0122879 0.0232222 -0.0117571 -0.00846459
internal_weight=115294 74050.1 69884.1 41243.6 13033.5 5055.25 7978.22 1838.18 6140.04 4387.08 37205.1 11530.8 1135.8 28210.2 25376.7 20025.2 17165.8 2859.41 5351.55 4493.62 25674.2 3588.57 2421.32 22085.7 19481.7 2604 3980.04 2269.06 2833.42 4978.11
internal_count=575873 382116 339045 193757 60704 22913 37791 8455 29336 20067 191998 66579 5276 133053 120045 96153 81392 14761 23892 20254 125419 15172 10056 110247 97220 13027 19016 10218 13008 24131
is_linear=0
shrinkage=0.05


Tree=53
num_leaves=31
num_cat=0
split_feature=13 5 5 10 8 9 35 33 33 34 33 34 33 33 33 33 33 33 33 33 13 5 43 33 33 8 33 33 34 11
split_gain=337.389 294.006 262.653 208.767 190.192 185.813 160.072 153.086 367.183 392.693 202.057 239.221 200.3 200.026 170.532 1193.79 379.787 863.25 518.058 601.287 379.633 307.812 301.921 298.296 365.091 264.118 216.893 212.699 261.255 224.66
threshold=3.0531133177191813e-17 -0.038797549198876395 -0.26369299384590839 0.03475031936210167 0.0044792839387824976 1.0000000180025095e-35 -5.9230398363752089e-14 -1311.4999999999998 -1141.4999999999998 3.9150180173942517 -1198.4999999999998 4.2938780149299367 -960.49999999999989 -1269.4999999999998 -1762.4999999999998 -1928.4999999999998 -2733.4999999999995 -2784.4999999999995 -2387.9999999999995 -2331.4999999999995 0.017389490574260261 -0.023809523809524221 1.5000000000000002 -2222.4999999999995 -2025.4999999999998 0.12258375887408147 -2373.4999999999995 -1464.4999999999998 5.4585210954054606 1.1790854478058634
decision_type=8 10 8 10 8 10 10 2 2 2 2 2 2 2 2 2 2 2 2 2 8 10 2 2 2 8 2 2 2 10
left_child=1 4 -2 7 6 -6 -1 14 10 12 13 -12 -10 -9 15 16 17 -4 22 25 -16 23 -18 -21 -25 26 -20 29 -29 -22
right_child=2 -3 3 -5 5 -7 -8 8 9 -11 11 -13 -14 -15 20 -17 18 -19 19 21 27 -23 -24 24 -26 -27 -28 28 -30 -31
leaf_value=0.0098640038410062886 0.011933849007623738 -0.025121223069684034 -0.0011363219098984403 0.0049288833557347145 0.064617672136687662 0.0065936608000495417 -0.032290624163840771 0.047787425220716703 0.0042830407320269643 -0.018720851559412909 0.062059621518945111 0.0074917722854727078 0.043409256515567561 -0.0017664089852370631 -0.035298967841999838 0.027967700754171779 0.012253971082420923 0.040652287303991827 0.0072363860830051549 -0.03166133939564264 -0.0043167373496150688 -0.01584880822961416 -0.021834144965889139 0.031558853417763509 -0.012382994028854035 0.0037281105318033208 0.064535503477556933 0.0026868040965128005 0.056001483770876964 -0.025407204001097035
leaf_weight=380.94816349446774 4771.2844203859568 2462.1698314957321 51438.915813289583 17509.713605433702 166.72958557680249 800.02910118550062 550.8145554214716 268.02753387391567 1202.0655489638448 1825.0654878765345 554.36780559271574 314.95586373656988 449.39149862527847 847.76626681536436 1086.561823733151 3465.2686602696776 719.29570468515158 1266.258216239512 230.7630638256669 411.20225939154625 6328.6311388462782 3631.13825699687 6701.3409069627523 1259.4102896824479 756.72192292660475 565.22257269918919 580.88941798359156 2621.349313236773 251.85598823428154 1577.3994960263371
leaf_count=2691 20146 30647 254096 74584 921 3971 4133 1516 6000 9390 2578 1448 2225 4890 7799 15519 3574 5481 1048 2050 31214 18169 35303 5715 3768 2658 2699 12354 1195 7613
internal_value=-7.93108e-05 -0.0137209 0.000458373 -5.88284e-05 0.00106416 0.0166006 -0.0150558 -0.00104728 0.00706084 -0.00273565 0.0242173 0.0422897 0.01493 0.010137 -0.00158151 -0.000654564 -0.00212262 -0.000132338 -0.00918365 0.00014414 -0.00713003 -0.00663424 -0.0185299 0.00715017 0.015066 0.0299701 0.0482446 -0.00429056 0.0073602 -0.00852468
internal_weight=114996 4360.69 110635 105864 1898.52 966.759 931.763 88353.9 5461.64 3476.52 1985.12 869.324 1651.46 1115.79 82892.2 71026.4 67561.2 52705.2 14856 7435.35 11865.8 6058.47 7420.64 2427.33 2016.13 1376.88 811.652 10779.2 2873.21 7906.03
internal_count=575395 42363 533032 512886 11716 4892 6824 438302 28047 17615 10432 4026 8225 6406 410255 350080 334561 259577 74984 36107 60175 29702 38877 11533 9483 6405 3747 52376 13549 38827
is_linear=0
shrinkage=0.05


Tree=54
num_leaves=31
num_cat=0
split_feature=5 13 8 32 43 33 33 33 33 33 33 33 43 33 33 7 34 32 33 33 34 33 32 33 33 33 33 33 10 33
split_gain=325.174 458.189 256.594 248.032 267.512 220.941 590.665 287.914 230.99 208.319 205.138 331.571 291.989 247.264 203.314 195.76 194.117 178.808 176.002 304.923 258.107 328.794 404.168 249.133 763.762 275.394 464.916 254.605 284.437 266.402
threshold=-0.092307692307692021 0.0087905271202335742 0.33065591397849464 11.500000000000002 2.5000000000000004 -3153.4999999999995 -2784.4999999999995 -3514.4999999999995 -2417.4999999999995 -3887.4999999999995 -2373.4999999999995 -1762.4999999999998 1.5000000000000002 -1242.4999999999998 -4856.9999999999991 -0.37907003332940675 3.8010908205202321 7.5000000000000009 -4298.4999999999991 -4349.4999999999991 4.8430052083617339 -4487.9999999999991 8.5000000000000018 -3684.4999999999995 -3432.4999999999995 -2460.4999999999995 -2718.4999999999995 -2331.4999999999995 0.016813126353039765 -2222.4999999999995
decision_type=10 10 10 2 2 2 2 2 2 2 2 2 2 2 2 8 2 2 2 2 2 2 2 2 2 2 2 2 8 2
left_child=10 17 3 14 9 7 -7 -6 -8 -5 -1 12 -12 15 -3 -13 -14 -2 19 20 -16 22 -22 -20 -25 26 -26 28 -27 -29
right_child=1 2 -4 4 5 6 8 -9 -10 -11 11 13 16 -15 18 -17 -18 -19 23 -21 21 -23 -24 24 25 27 -28 29 -30 -31
leaf_value=0.0013771862387577936 -0.0085285510275868726 -0.029780426027312602 0.0049453048260603913 -0.038154240393677957 0.013381061317855273 -0.042289253212568739 0.048044216135211648 0.057340961838035533 0.0045627851548720065 0.0023799194434016061 -0.011761359013549804 0.04296941801096698 0.03336391940946095 0.019433465260450315 -0.0049676843905874487 -0.0050053504287810744 0.0092305484464039952 -0.028781228051792913 -0.012349881529511518 0.028190888189021237 0.063958854197841516 -0.018989461867287331 -0.017263968544811867 0.016944101974400962 -0.0051824511857994308 -0.036886897285886081 -0.025719147380363773 -0.037050202240243905 0.026530429884778401 -0.0016495802699554988
leaf_weight=24590.393422156572 2469.2225482724607 717.5246666893363 15005.061428308487 429.18934091925621 987.56260635703802 491.6645709425211 515.74762535095215 598.01527356356382 749.04215267300606 1212.3655972257257 613.03394082188606 222.40876200795174 2537.7779379785061 1641.6662474125624 4965.3807960301638 4839.3699946701527 1240.54874779284 1950.9034969769418 7664.2528626099229 1126.3000930398703 530.33102066069841 337.3127199858427 215.35494175553322 4476.790260180831 11731.569573044777 203.19513545930386 3601.9625579640269 548.29192861169577 1361.7306976765394 17293.639368660748
leaf_count=115026 24163 4482 64697 2212 4131 2503 2206 2659 3270 5625 2594 910 11827 7427 22898 22640 5522 21126 40348 4575 2391 1659 897 20914 61322 1250 20319 3004 6402 86521
internal_value=-3.91923e-05 -0.0018251 -0.000900287 -0.00236812 0.00831121 0.01643 0.00421547 0.0299609 0.0222934 -0.00821786 0.00392358 0.00956739 0.0202468 0.00257141 -0.00333978 -0.00289739 0.0254401 -0.0174674 -0.00298881 0.00430417 -0.000143898 0.0219724 0.0405016 -0.00410492 -0.0024936 -0.00499842 -0.0100067 -0.00104136 0.0182961 -0.00273746
internal_weight=114868 79182.4 74762.3 59757.2 4983.59 3342.03 1756.45 1585.58 1264.79 1641.55 35685.2 11094.8 4391.36 6703.45 54773.6 5061.78 3778.33 4420.13 54056.1 7174.68 6048.38 1083 745.686 46881.4 39217.2 34740.4 15333.5 19406.9 1564.93 17841.9
internal_count=575520 409574 364285 299588 22606 14769 7979 6790 5476 7837 165946 50920 19943 30977 276982 23550 17349 45289 272500 32420 27845 4947 3288 240080 199732 178818 81641 97177 7652 89525
is_linear=0
shrinkage=0.05


Tree=55
num_leaves=31
num_cat=0
split_feature=10 1 1 5 28 10 5 7 32 34 26 10 10 28 34 34 43 13 28 26 19 20 9 35 34 19 43 34 34 12
split_gain=306.038 206.881 207.435 205.706 195.627 190.138 188.827 202.548 159.73 130.32 123.765 173.732 123.245 120.696 117.361 113.362 96.2185 91.822 90.9469 83.6516 80.4793 79.8899 76.9192 78.6239 72.5933 72.4824 70.2805 107.383 68.582 65.1735
threshold=0.016263338419746535 0.18553894933300843 -0.09210380800747385 -0.17758620689655194 0.030418522542817641 0.0071706080735243439 -0.060906745825359092 -0.071872585007728015 2.5000000000000004 2.9258425522898488 0.66534648806349417 0.032972494426644704 0.024747421406627741 -0.12679222894482661 5.1627839302727567 3.2007097802444995 1.5000000000000002 0.0067932193596261922 0.055409220786040526 0.051594417228949079 -0.048477695453789889 0.056793772977714804 5.4942376676777365e-10 -8.8873353121243768e-14 7.1103695257073669 -0.83131865650855941 3.5000000000000004 4.0368915979714233 3.8099896666734097 2.6000000000000036
decision_type=8 10 8 10 10 10 8 10 2 2 10 10 8 8 2 2 2 10 10 10 10 10 10 8 2 10 2 2 2 10
left_child=3 2 13 14 5 26 10 12 15 22 18 16 17 -2 -1 -7 -12 -8 20 -9 -4 -13 23 -6 29 -3 -5 -28 -23 -11
right_child=1 25 6 4 9 8 7 19 -10 24 11 21 -14 -15 -16 -17 -18 -19 -20 -21 -22 28 -24 -25 -26 -27 27 -29 -30 -31
leaf_value=0.020705311087574108 0.044556654820526002 0.069909029209751714 0.0048705116258255608 -0.031283325273385079 0.22022143865780267 -0.041040465739630744 -0.030222189473414086 -0.027763943822293663 -0.0054792406916712678 -0.0047151334485791181 0.013296740895202042 -0.03034061065454758 -0.0015634651132423326 0.011177074955124527 -0.032849323634920963 -0.013128653309331642 -0.0065241610853670785 -0.0069898765855701973 -0.0024966263699771419 0.0027936575273996428 0.011998546716791457 0.012212564952801942 0.017585414902428861 0.040480759461022101 -0.026434914353060363 0.020176158020689484 0.019594705453890526 -0.032118196105962248 -0.0011633117094777756 0.0087698759456467587
leaf_weight=993.42004203051329 313.08859358727932 79.999673828482628 11650.147290498018 1318.4012641124427 9.4246792122721654 541.28777466714382 443.2408192679286 226.17815008014441 9883.2057930454612 2712.9804547764361 668.71055956184864 137.54735770821571 24837.677141785622 2005.6946491897106 114.04233578592539 1109.2414804026484 7255.9174636155367 10511.219048686326 2740.6586578860879 22865.798786982894 5998.9633440449834 3297.0516058206558 717.10430045425892 17.165531072765592 283.45891696214676 870.03016401827335 192.2418105378747 210.09947822615504 1350.9811475425959 1337.8424404039979
leaf_count=4835 1348 341 54516 20964 129 4135 3156 1210 60305 16828 2991 589 113728 8637 544 8392 32649 55492 12198 103723 27699 14006 3505 208 1866 3666 2672 2515 5659 7246
internal_value=-1.86433e-05 0.00114816 0.000914278 -0.00573582 -0.00699997 -0.0101969 0.000541953 -0.00115653 -0.00788383 0.00134471 0.00356351 -0.000308927 -0.00351196 0.0156841 0.0151905 -0.0222823 -0.0048516 -0.00792991 0.00597744 0.00249436 0.00729334 0.00721346 0.0206818 0.104188 -0.00197324 0.024364 -0.0257012 -0.00740937 0.00832478 -0.000261515
internal_weight=114693 95252.9 94302.9 19439.9 18332.5 13254.5 91984.1 58884.1 11533.7 5077.98 33100 12710.2 35792.1 2318.78 1107.46 1650.53 7924.63 10954.5 20389.8 23092 17649.1 4785.58 743.695 26.5902 4334.28 950.03 1720.74 402.341 4648.03 4050.82
internal_count=575752 441608 437601 134144 128765 98983 427616 277309 72832 29782 150307 55894 172376 9985 5379 12527 35640 58648 94413 104933 82215 20254 3842 337 25940 4007 26151 5187 19665 24074
is_linear=0
shrinkage=0.05


Tree=56
num_leaves=31
num_cat=0
split_feature=10 20 34 33 3 33 33 33 33 33 33 5 33 33 33 0 28 32 33 20 33 13 33 10 33 14 33 33 28 33
split_gain=279.467 258.349 188.59 203.808 177.063 160.657 176.5 434.709 236.415 210.614 152.992 148.5 166.662 174.515 142.815 141.14 130.791 128.885 236.234 120.805 120.199 169.959 116.274 121.521 113.739 111.074 108.124 107.622 293.132 277.619
threshold=0.019432078752783039 0.39572024774282938 2.8650498914867879 -4686.4999999999991 -0.12234846050009655 -4564.4999999999991 -3633.4999999999995 -3215.4999999999995 -3529.4999999999995 -3577.4999999999995 -3703.4999999999995 -0.092307692307692021 -4298.4999999999991 -4856.9999999999991 -1001.4999999999999 0.084269662921347979 -0.054689599408713686 6.5000000000000009 -1213.4999999999998 0.037072641050451265 -4963.4999999999991 0.010260579449936745 -1256.4999999999998 0.01106187763101491 -4856.9999999999991 1.0000000180025095e-35 -4145.4999999999991 -4564.4999999999991 0.025859527983751945 -4642.4999999999991
decision_type=8 10 2 2 10 2 2 2 2 2 2 10 2 2 2 10 10 2 2 8 2 10 2 10 2 10 2 2 10 2
left_child=1 17 3 -3 24 -5 10 8 9 -8 -7 22 13 -13 -9 19 -15 18 -1 -6 21 -21 -4 -24 -2 -26 -14 28 29 -22
right_child=4 2 11 5 15 6 7 14 -10 -11 -12 12 26 16 -16 -17 -18 -19 -20 20 27 -23 23 -25 25 -27 -28 -29 -30 -31
leaf_value=-0.020098795734987494 -0.0142493690806966 -0.061407195636834805 6.6188542352643072e-05 0.092724465825227032 -0.023759600852760625 -0.0014687919396769973 0.044284064416334118 -0.00012046246743842515 0.067025760752920507 -0.018248991555746014 -0.045230252529282117 -0.031473186985910888 -0.032438849051435147 -0.020863271049526858 0.057407790796802929 0.014085231292322404 0.017941042197377563 -0.028717516975555409 0.025132667134871889 0.14061658692755805 0.0093166868471670616 -0.023641145234965678 0.074030180346867522 0.01270125250469684 0.01889933689631744 0.0036032140257861154 -0.0078578635490211615 0.0001832777814929201 -0.0031529064553767559 0.042240703543098855
leaf_weight=1049.2970635257661 433.64291605353355 112.25492576509714 5805.9051636904478 53.660077124834061 510.02640752494335 1676.9679039940238 324.26701621711254 2803.6970813721418 452.3231550604105 230.26873654127121 226.7231981754303 261.01355983316898 460.51929583400488 253.77617487311363 112.19968270510435 1959.7340836375952 1504.5533486753702 1457.8363108187914 398.22476302832365 16.116612583398819 3151.1739756241441 688.95769929140806 101.75270729511976 391.72172641009092 2824.9188731908798 2046.725844681263 15661.886427111924 64866.824704416096 4031.6027669683099 803.53858698904514
leaf_count=8254 2853 505 29747 221 2517 8738 1348 16579 2027 971 1030 1785 3015 1387 1242 8323 7034 13362 3901 110 13789 4727 557 1820 12168 8629 100540 298537 17066 3288
internal_value=-0.000123036 -0.0039784 -0.00261845 0.0053306 0.00145729 0.00660466 0.00581152 0.0118739 0.0401993 0.0183175 -0.00668063 -0.00456736 -0.00686394 0.00667728 0.00209315 0.000841029 0.0123405 -0.0182238 -0.00765526 0.000490607 0.000658749 -0.0198865 0.00204662 0.0253471 0.0102887 0.012473 -0.00855999 0.000857587 0.00633449 0.0160064
internal_weight=114672 33338.8 30433.5 5992.36 81333.3 5880.11 5826.45 3922.76 1006.86 554.536 1903.69 24441.1 18141.7 2019.34 2915.9 76028 1758.33 2905.36 1447.52 74068.2 73558.2 705.074 6299.38 493.474 5305.29 4871.64 16122.4 72853.1 7986.32 3954.71
internal_count=576070 204063 178546 32661 372007 32156 31935 22167 4346 2319 9768 145885 113761 10206 17821 348357 8421 25517 12155 340034 337517 4837 32124 2377 23650 20797 103555 332680 34143 17077
is_linear=0
shrinkage=0.05


Tree=57
num_leaves=31
num_cat=0
split_feature=37 8 0 25 32 5 11 43 26 38 5 34 26 32 11 12 32 12 34 34 32 39 43 25 36 26 2 5 11 43
split_gain=253.861 247.822 282.926 176.018 214.416 192.273 257.027 168.456 204.114 153.732 142.677 137.169 126.959 108.523 106.363 94.8503 94.2412 212.131 129.996 86.2486 83.0332 81.5113 107.298 111.497 78.1828 75.1445 74.6229 72.7886 73.6033 108.621
threshold=-0.074767116322391511 1.0000000180025095e-35 -0.0021305456900376769 0.9677851768572171 11.500000000000002 -0.068093385214008248 0.28706449264939787 2.5000000000000004 0.55599227799227813 -0.00063431761502219508 -0.25069449267310179 2.4379801953848275 0.32956145966709355 9.5000000000000018 0.45500866199525708 3.300000000000002 4.5000000000000009 12.414285714285723 1.5789255615152133 3.088764545090386 8.5000000000000018 1.0000000180025095e-35 1.0000000180025095e-35 0.23769303872653841 0.4117647058823517 0.11366949377153461 0.01893939393939437 0.21404648829431286 1.1305850611212607 3.5000000000000004
decision_type=10 8 10 10 2 10 8 2 8 10 8 2 10 2 10 10 2 10 2 2 2 8 2 10 2 8 10 10 10 2
left_child=10 2 -2 4 5 6 20 -6 15 12 -1 -4 -7 16 -14 -9 17 26 -18 -10 -3 22 23 -8 -13 -23 -11 28 29 -12
right_child=1 3 11 -5 7 9 21 8 19 13 27 24 14 -15 -16 -17 18 -19 -20 -21 -22 25 -24 -25 -26 -27 -28 -29 -30 -31
leaf_value=0.019163427439248933 0.00020774908547177624 0.043490341711053128 0.001854983136529357 0.0094564221210328651 -0.0017632993461252592 -0.011703876602768707 -0.0084549349027395332 0.026428097681183666 0.015398586736809572 -0.0096642661445522273 0.0097198237745939973 -0.0066581374256286553 0.031668401166684408 -0.0075616276717180063 -0.0040321451958689183 0.0028945053282403497 0.057175321413236363 0.021982215410085978 0.0018314370312905001 -0.004373780824850469 -0.045300978765602129 -0.031132039036431608 0.0018626751969263848 0.023619958855504414 -0.026133322281603463 -0.0030020978988919127 -0.00092819962883104604 0.016775530624358482 -0.0045902966524516749 -0.0071852114414609099
leaf_weight=2041.3901550918818 4083.253888040781 455.06971271336079 695.26244634017348 4638.8643284514546 3363.5943600684404 7399.2634626813233 357.65803934633732 2234.7529130131006 825.01870284974575 5323.211717993021 4311.6665426567197 632.92837702482939 212.29417956620455 5417.7465069033206 12096.371932331473 529.62769138813019 106.6696505099535 747.14478590339422 19995.451524324715 1663.8340463787317 27.946993283927441 251.46507035195827 19724.020887948573 1117.4423609301448 2773.6619223840535 4247.7102030143142 4520.0975718945265 1065.6242734789848 2336.2816632688046 1218.8211005032063
leaf_count=8665 21602 2480 5810 19932 15522 44699 1576 10028 3630 29211 21079 3718 1180 25599 60574 2415 502 3939 90965 6938 249 1370 93212 4854 32395 20086 22578 4506 10522 5432
internal_value=6.61301e-06 -0.000760503 -0.00910937 -4.31012e-05 -0.000529404 -0.00131783 0.00221738 0.00697346 0.0125675 -0.00297601 0.00723756 -0.0183842 -0.0065279 -0.0010375 -0.0034164 0.0219193 0.000114122 -0.00370301 0.00212511 0.00218047 0.0383529 0.00153819 0.00283547 0.015843 -0.0225149 -0.00457432 -0.00565262 0.00451204 0.00285084 0.00599425
internal_weight=114414 103440 8185.11 95255.3 90616.4 81999.6 26181.3 8616.83 5253.23 55818.3 10973.8 4101.85 19707.9 36110.3 12308.7 2764.38 30692.6 10590.5 20102.1 2488.85 483.017 25698.3 21199.1 1475.1 3406.59 4499.18 9843.31 8932.39 7866.77 5530.49
internal_count=575268 525064 63525 461539 441607 403074 123827 38533 23011 279247 50204 41923 106453 172794 61754 12443 147195 55728 91467 10568 2729 121098 99642 6430 36113 21456 51789 41539 37033 26511
is_linear=0
shrinkage=0.05


Tree=58
num_leaves=31
num_cat=0
split_feature=20 7 12 0 1 32 43 12 25 32 32 32 12 8 25 43 12 5 10 19 10 12 26 35 29 35 13 32 13 12
split_gain=265.56 240.878 205.57 178.354 153.755 127.131 213.305 180.529 153.822 121.911 235.295 151.906 139.103 132.141 111.392 108.449 156.525 120.442 100.084 99.4171 98.5985 92.6116 92.2387 90.2749 112.167 124.147 89.1294 85.1124 146.746 82.5203
threshold=0.14036163312452779 -0.18485185935074575 1.0000000180025095e-35 0.084269662921347979 -0.072354783993587787 11.500000000000002 2.5000000000000004 2.6000000000000036 0.95310208944281538 8.5000000000000018 4.5000000000000009 1.5000000000000002 0.13571428571428604 0.30778565844746258 0.5172873563218392 3.5000000000000004 1.1500000000000015 -0.27908410817557039 0.011492444873017871 0.53828605709675836 0.026306818466555495 1.3642857142857152 0.51289860430723733 -8.8873353121243768e-14 -0.0061150655179852227 -1.0053069487980791e-13 0.017846962073445858 3.5000000000000004 0.010260579449936745 1.3642857142857152
decision_type=8 8 8 10 10 2 2 10 10 2 2 2 8 8 10 2 10 10 8 10 10 10 8 10 10 10 10 2 10 10
left_child=-1 4 14 5 -2 8 -7 22 9 10 11 19 -12 21 23 17 -17 -6 -11 -4 -15 27 -8 24 25 -3 -5 -13 -29 -20
right_child=1 2 3 26 15 6 7 -9 -10 18 12 13 -14 20 -16 16 -18 -19 29 -21 -22 -23 -24 -25 -26 -27 -28 28 -30 -31
leaf_value=-0.017987328739191601 0.015389586747804183 0.041030622412969502 -0.0028834557449423665 0.065120379024161554 0.015313590103056366 -0.0059123365579725161 0.026165388873149037 -0.0043968243335046914 0.006529802035500909 -0.020059632160293037 0.038935321253209171 -0.018053440483367208 0.0017387704146333575 0.02132005138895984 -0.031950974936850472 0.0057527439296426253 -0.0077491548298804017 0.0035155376318383399 -0.0015327266998883893 0.0099210090162689859 -0.0040469226185904329 -0.0053246133763057311 0.0089830016664588768 -0.011441105208685248 -0.03268901173670568 0.2118747583606819 0.012450499830987515 0.045762798158182558 -0.0091509259909173628 -0.0082607638384882675
leaf_weight=2031.866731390357 2729.8944898545742 39.78496615961194 5343.0178611837327 84.399700075387955 2494.9693128317595 2649.3254101909697 1721.8063254207373 1203.0248013809323 5166.3354464396834 1151.8822091333568 253.79632965102792 4327.8393313549459 26035.837134115398 598.71028256416321 814.88943829014897 3901.1413692682981 4772.4805101081729 16267.498870395124 9207.6606529951096 2116.3905171900988 1063.5337867885828 5687.196252964437 1429.5508446246386 625.5304184705019 30.857383482158184 14.512238919734953 1662.6540471464396 130.19942250102758 1854.8115843310952 9024.0701468065381
leaf_count=15737 11585 456 27002 368 10640 12914 7877 5288 22611 8809 1533 29355 120975 2919 12776 17216 20618 73536 46525 10382 4985 34143 6178 8413 444 141 7092 725 9902 44849
internal_value=-7.24802e-05 0.000251358 -0.00115049 -0.000806808 0.00407305 -0.00115641 0.00527438 0.0120807 -0.0017823 -0.00242521 -0.00105938 -0.00498912 0.00209786 -0.00812228 -0.0193336 0.00294705 -0.0016764 0.0050844 -0.00576595 0.000749439 0.0050898 -0.00995242 0.0183709 -0.00486612 0.0434326 0.0866928 0.014995 -0.0141216 -0.00554906 -0.00486287
internal_weight=114435 112404 82237.6 80712 30166 78965 7003.71 4354.38 71961.3 66794.9 47411.3 21121.7 26289.6 13662.3 1525.57 27436.1 8673.62 18762.5 19383.6 7459.41 1662.24 12000 3151.36 710.685 85.1546 54.2972 1747.05 6312.85 1985.01 18231.7
internal_count=575994 560257 426662 404432 133595 396972 32257 19343 364715 342104 241921 119413 122508 82029 22230 122010 37834 84176 100183 37384 7904 74125 14055 9454 1041 597 7460 39982 10627 91374
is_linear=0
shrinkage=0.05


Tree=59
num_leaves=31
num_cat=0
split_feature=10 20 3 5 43 32 12 20 12 1 5 7 7 20 34 25 28 10 32 32 43 25 32 32 32 34 34 8 28 34
split_gain=237.481 195.106 158.949 138.02 139.821 156.575 149.042 119.138 107.484 103.292 120.742 136.794 99.4746 90.4324 90.1442 78.5451 77.9053 77.1593 90.5922 119.007 112.237 105.906 94.7922 86.8694 118.526 114.51 111.303 92.3395 81.9135 88.3768
threshold=0.017558657968875711 0.62335824945724838 -0.12234846050009655 -0.10766337888786502 2.5000000000000004 11.500000000000002 2.1857142857142891 0.10976604608684822 4.6928571428571475 0.11111111111111106 -0.0440414507772025 -0.071872585007728015 -0.34782608695652173 0.93993118199690506 2.947063657109513 0.65006527415143622 0.059148653564680735 0.032972494426644704 6.5000000000000009 8.5000000000000018 1.5000000000000002 0.25368189311122685 5.5000000000000009 3.5000000000000004 1.5000000000000002 4.3700803636203158 3.1744011981382418 0.054353980993648084 -0.050453381338353163 3.3335420053998557
decision_type=8 10 10 10 2 2 10 8 10 8 8 10 8 8 2 10 10 10 2 2 2 10 2 2 2 2 2 10 10 2
left_child=1 -1 12 -3 6 14 -5 -4 15 10 16 -12 -2 -13 -6 -7 17 18 20 21 22 -20 23 24 25 26 27 -9 -21 -30
right_child=2 3 7 4 5 8 -8 9 -10 -11 11 13 -14 -15 -16 -17 -18 -19 19 28 -22 -23 -24 -25 -26 -27 -28 -29 29 -31
leaf_value=-0.012508366467911761 0.023320040305209348 0.0061672869575372241 -0.016689969236191142 -0.015762648526760265 0.0082208597261240381 0.034877262055835349 0.0020558649135660849 0.030602090015785684 -0.024604799859842173 0.0091240516853615516 -0.0032522097636226315 0.0070327748167095363 0.0061293676699387591 -0.00026472786336268985 -0.0051245733026592669 -0.0036813931837930331 -0.0032573124312563319 0.0096518966537625095 0.003248131058600104 -0.0059021628707135142 -0.0023462281666568104 0.021809744537581825 -0.033853590849654135 0.026112718692821231 -0.016311476121737268 -0.04581087366135432 0.052933649617219164 -0.061076612698917843 0.013340516967460829 -0.00015713843288295498
leaf_weight=5719.5422602295876 1041.5423610657454 4086.769036911428 984.67486894130707 3924.1083479523659 1567.4486375078559 600.32569622248411 1674.2819269560277 65.692820101976395 119.33310276269913 3570.9452145546675 29591.383590221405 6382.9715279191732 4382.0091065838933 12676.869779333472 6565.4381470344961 169.32556885108352 4457.8833701685071 4762.4361495301127 1310.3528764545918 2066.6390341669321 10111.199222914875 1858.305017888546 107.94690409302711 807.10555075109005 401.12220444530249 53.422454863786697 229.00826498866081 47.199404776096344 2220.8559158444405 2671.5521798059344
leaf_count=45157 4402 20663 5181 31923 8195 3119 10833 269 616 15263 141651 29642 19766 56882 39527 808 19710 20404 5629 9350 48602 8376 457 3647 2116 222 941 195 9949 12235
internal_value=-5.55086e-05 -0.00442679 0.00113351 -0.0019559 -0.00422656 -0.000374767 -0.0104338 0.000600193 0.0195484 0.000804349 0.000432156 -0.0011244 0.00943068 0.00217914 -0.00255251 0.0263942 0.00286162 0.00388276 0.00263107 0.00610161 -0.000341908 0.0141339 0.0114992 0.0145523 0.00283708 0.0222665 0.0329037 -0.0077281 0.00244429 0.00596998
internal_weight=114228 24426.6 89801.1 18707 14620.3 9021.87 5598.39 84377.6 888.984 83392.9 79821.9 48651.2 5423.55 19059.8 8132.89 769.651 31170.7 26712.8 21950.4 10127.7 11822.7 3168.66 1711.5 1603.55 796.445 395.323 341.9 112.892 6959.05 4892.41
internal_count=575730 160841 414889 115684 95021 52265 42756 390721 4543 385540 370277 228175 24168 86524 47722 3927 142102 122392 101988 45539 56449 14005 7847 7390 3743 1627 1405 464 31534 22184
is_linear=0
shrinkage=0.05


Tree=60
num_leaves=31
num_cat=0
split_feature=20 7 0 12 28 5 32 43 12 25 32 32 34 28 12 26 13 32 8 34 25 34 10 19 7 34 28 34 10 12
split_gain=207.983 189.609 191.896 174.198 145.985 139.825 126.681 142.645 142.453 139.844 117.788 232.878 186.954 142.512 139.245 127.356 136.674 119.143 123.725 107.333 103.79 91.8811 91.8777 87.887 87.6769 85.7032 110.238 90.1912 99.4844 83.5706
threshold=0.10976604608684822 -0.17934086436713317 0.068767908309454354 1.0000000180025095e-35 0.038204070201802942 -0.29629629629629539 11.500000000000002 2.5000000000000004 2.6357142857142883 0.93115348063673087 8.5000000000000018 4.5000000000000009 4.0698807254103899 inf 0.13571428571428604 0.96618129831621313 0.017389490574260261 1.5000000000000002 0.33065591397849464 7.0244265056077504 0.5172873563218392 4.2054383316843014 0.049903717282388481 0.51593685967875602 -0.34782608695652173 2.4379801953848275 0.0052194712086541233 2.174751732321369 0.00028941358686443663 3.4571428571428591
decision_type=8 8 8 8 10 10 2 2 10 10 2 2 2 8 8 8 8 2 8 2 10 2 10 10 10 2 10 2 10 8
left_child=-1 4 3 20 5 -2 9 -8 -9 10 11 17 13 29 -13 -14 -17 23 -19 -16 25 -10 -7 -5 -24 26 -3 -28 -29 -12
right_child=1 2 -4 6 -6 22 7 8 21 -11 12 14 15 -15 19 16 -18 18 -20 -21 -22 -23 24 -25 -26 -27 27 28 -30 -31
leaf_value=-0.017496435507089021 0.015854504145979626 -0.031400213493354076 0.011815371144031561 -0.0035947931543930146 -0.0046004758158855871 0.0030728494586895476 -0.004096826552845937 0.016517756156897628 -0.035371912630507249 0.0047736228813690246 -0.0021098485381339255 0.038410782594977627 -0.014774480846149386 -0.040109570413757026 0.0020769261883511274 0.12954466016843474 0.0087385511952328878 -0.0098930722733748828 0.0065231622273999659 -0.021414623284206517 -0.030310562706594005 0.0022876326231321921 0.040670667031592916 0.00883500379482406 0.0080059532747821776 -0.010833865294562085 0.014760248403871107 0.22988956972595714 0.050188078875646615 0.036728069159181344
leaf_weight=1692.5969822704792 2605.2603312730789 32.886863980442286 2762.9310977607965 5073.7912256643176 4821.2867235317826 23657.025779299438 2524.9684707596898 3073.4864416494966 196.03100323677063 7068.8443388193846 11624.133507594466 259.60912801325321 5792.6667924895883 245.86719088256359 23824.237003151327 25.871658340096474 246.32314440608025 11319.559814129025 1277.2683413699269 496.36784043163061 825.2645919919014 931.95800930261612 313.53822170197964 1975.9581356346607 595.80816711485386 637.35349224880338 25.819204360246658 15.649270489811899 15.165472544729708 140.18059375882149
leaf_count=13421 11048 473 11970 25844 20859 106620 12372 13701 797 31401 58385 1573 31905 1964 110679 176 1575 70887 6032 2784 13424 4165 1290 9787 2479 8720 277 214 115 592
internal_value=-9.99574e-05 0.000161999 -0.00113331 -0.00159405 0.00341767 0.00484039 -0.00125583 0.00529563 0.0109402 -0.00189108 -0.00264726 -0.00125742 -0.006048 -0.00243445 0.00198629 -0.0132039 0.020221 -0.00531569 -0.00822853 0.00159748 -0.0181762 -0.00425715 0.00367235 -0.000110874 0.0192686 -0.00439942 0.0414113 0.0836923 0.141449 -0.00164707
internal_weight=114098 112405 80412.2 77649.3 31992.9 27171.6 76097.1 6726.44 4201.48 69370.7 62301.8 44226.8 18075 12010.2 24580.2 6064.86 272.195 19646.6 12596.8 24320.6 1552.14 1127.99 24566.4 7049.75 909.346 726.874 89.5208 56.6339 30.8147 11764.3
internal_count=575529 562108 419812 407842 142296 121437 384619 31035 18663 353584 322183 227586 94597 60941 115036 33656 1751 112550 76919 113463 23223 4962 110389 35631 3769 9799 1079 606 329 58977
is_linear=0
shrinkage=0.05


Tree=61
num_leaves=31
num_cat=0
split_feature=5 38 13 33 33 33 33 33 33 33 10 3 33 33 28 33 7 33 34 33 34 33 33 33 33 33 34 33 28 33
split_gain=233.333 306.145 235.094 194.479 408.694 284.376 275.604 251.163 222.404 220.064 217.296 209.064 191.038 233.148 264.275 191.52 233.745 226.173 202.428 293.804 185.479 157.078 159.753 155.062 146.947 310.016 196.013 171.381 147.391 218.679
threshold=-0.068093385214008248 0.0022729291970932102 0.030200198082846297 -2387.9999999999995 -1762.4999999999998 -1944.4999999999998 -1228.4999999999998 -2528.4999999999995 -1129.4999999999998 -2025.4999999999998 0.017343164669377863 -0.063955866339761677 -2963.4999999999995 -3153.4999999999995 -0.021294800853703538 -2733.4999999999995 -0.17684740904014748 -2654.4999999999995 2.1341489346727696 -2814.4999999999995 3.8784656871905567 -1610.4999999999998 -1685.4999999999998 -4879.4999999999991 -2205.4999999999995 -2331.4999999999995 4.6835190455287732 -2156.4999999999995 -0.19127785601526184 -2222.4999999999995
decision_type=10 10 10 2 2 2 2 2 2 2 8 10 2 2 10 2 10 2 2 2 2 2 2 2 2 2 2 2 10 2
left_child=3 2 -2 7 5 9 11 12 -8 10 -5 -6 13 -1 -15 18 17 -17 19 -14 -10 22 -13 -3 25 26 -12 -26 -27 -30
right_child=1 23 -4 4 6 -7 8 -9 20 -11 24 21 15 14 -16 16 -18 -19 -20 -21 -22 -23 -24 -25 27 28 -28 -29 29 -31
leaf_value=0.0017754045384739169 -0.0097653005017949955 -0.032153919991797966 -0.00079037194249675978 0.059479287824369911 0.011211987915777726 0.039487460087885999 0.038811822825126477 -0.014187014328273179 0.026537009668265134 -0.01304210624389629 0.042724022131990516 -0.024770553141654987 -0.060617492813880139 0.0024434027325997525 -0.032199235198772089 -0.027372625519011713 -0.020333721876280481 0.020323445519800601 0.023387193816957419 0.050465635586728154 -0.013337231559892035 -0.016841009049770102 0.010935838159545764 0.0012754806417398414 0.041923637556685565 0.020739068463025246 -0.016064052749279037 0.0058345328736579783 -0.045962393845809794 0.0083931522860677659
leaf_weight=18173.28148509562 15832.24805547297 349.74802052229643 13534.008747436106 283.56240367889404 1613.549423597753 1254.4684522226453 743.3818261474371 2593.5257095247507 514.61193418502808 709.37451756745577 578.24073983728886 413.21299461275339 173.55278137326241 1066.2431777864695 1138.1868091598153 304.80024786293507 884.14612240344286 1346.8226787745953 2643.1156081780791 90.599190711975098 673.10309095308185 2878.6112324595451 1294.9454685822129 42391.219060972333 758.17049557715654 235.68156157433987 187.85341116786003 581.10507223755121 467.00618769228458 306.46532753109932
leaf_count=86561 112434 2228 64545 1323 7407 5847 3330 12122 2400 3176 2414 1859 741 5726 6023 1409 4824 5739 11334 405 3167 15018 5761 198093 4131 985 783 2516 2131 1265
internal_value=2.58041e-05 -0.00169858 -0.00562903 0.00299283 0.00793557 0.0186515 0.000869358 0.000645621 0.0173637 0.012288 0.0175758 -0.00426782 0.00213546 -8.72795e-05 -0.0154432 0.010457 0.000414436 0.0115213 0.0192163 -0.0225181 0.00393944 -0.00971335 0.00229826 0.00100193 0.0137607 0.0043275 0.0283086 0.0262648 -0.0138777 -0.0244256
internal_weight=114015 72107.2 29366.3 41907.6 13493.3 5361.93 8131.42 28414.3 1931.1 4107.46 3398.09 6200.32 25820.7 20377.7 2204.43 5443.04 2535.77 1651.62 2907.27 264.152 1187.72 4586.77 1708.16 42741 3114.52 1775.25 766.094 1339.28 1009.15 773.472
internal_count=575697 377300 176979 198397 63513 24571 38942 134884 8897 18724 15548 30045 122762 98310 11749 24452 11972 7148 12480 1146 5567 22638 7620 200321 14225 7578 3197 6647 4381 3396
is_linear=0
shrinkage=0.05


Tree=62
num_leaves=31
num_cat=0
split_feature=10 19 2 2 32 10 32 28 20 5 26 10 38 10 38 12 34 43 5 13 34 43 34 38 32 5 32 25 38 28
split_gain=202.186 146.266 144.129 118.676 113.194 103.748 117.319 108.664 100.674 95.5772 106.94 173.521 96.5243 102.338 95.2408 88.4793 79.4829 78.4378 83.2965 73.8693 80.3667 73.7429 77.8322 71.5326 72.7062 77.2717 74.5588 67.0874 65.5355 65.3294
threshold=0.016263338419746535 -0.10544572585823349 -0.10277853950882836 0.24472743237076358 2.5000000000000004 0.0065972693377979686 6.5000000000000009 0.038987432967269857 0.10976604608684822 -0.046874999999999716 0.74322283008083623 0.031731050048697106 -1.1546319456101626e-14 0.033149855625855588 -0.034260129317302261 0.4142857142857147 3.2007097802444995 3.5000000000000004 -0.042713567839195714 -5.898059818321144e-18 2.8986667661772656 3.5000000000000004 2.2460007439412273 -0.28440732036564809 10.500000000000002 0.28571428571428342 7.5000000000000009 0.19409829721362232 -0.10969239620264935 -0.070739153258271528
decision_type=8 10 10 10 2 10 2 10 8 8 10 10 10 8 8 10 2 2 10 10 2 2 2 10 2 8 2 10 10 8
left_child=1 4 29 8 16 6 7 19 -4 10 27 -12 13 -11 23 17 -1 18 -3 20 -6 -13 -23 -15 25 -25 -27 -10 -18 -2
right_child=2 15 3 -5 5 -7 -8 -9 9 12 11 21 -14 14 -16 -17 28 -19 -20 -21 -22 22 -24 24 -26 26 -28 -29 -30 -31
leaf_value=-0.036744094364717803 0.020379467924046199 0.015279302637665469 -0.015019491998687599 0.017779704307263576 0.16060259364363408 -0.0045300803498198681 -0.03679502879000858 0.056743301223265707 0.0002719946655041711 -0.0062595307109241704 -0.0085056760214375048 0.0097964261173500468 0.00080832796351117629 -0.041601020436906389 -0.0047872614447181262 -0.002519505055179205 0.031803704587139277 0.020257933243685751 -0.013628608957684307 -0.02032890365713037 0.0017787863626090848 0.024058488715608062 -0.0078235141550277599 -0.0017528711875142368 0.018959223909792416 0.030164328788302882 -0.005210684868637446 0.0059367237654184149 -0.016275932542758283 0.0059694779269967614
leaf_weight=514.66502079367638 1190.9153575152159 474.19150014221668 1053.6616911590099 986.76963925361633 12.048356804996727 8604.4930162765086 556.52199938520789 66.590660952031612 7391.1211980357766 12673.620742842555 4885.6859424859285 2930.7802260965109 34815.633778035641 74.843144550919533 3419.3029019758105 5885.0470636896789 75.883268378674984 931.08380733057857 525.17519327253103 323.18353994563222 23.501413818448782 221.62751527130604 1404.9147017598152 1929.8556791245937 1038.6369042098522 434.94484154880047 226.52924059331417 17847.557485751808 1073.9209594167769 2316.4214562177658
leaf_count=4862 5174 2853 5718 4161 181 52753 10037 852 33336 66443 22081 12406 157658 305 17247 34783 441 5758 6841 4839 397 971 5946 8411 4365 1862 965 84078 9811 10327
internal_value=-2.86954e-05 -0.00472693 0.000915794 0.000533839 -0.00837695 -0.00628716 -0.0216855 -0.00191523 0.000345483 0.000526786 0.00257952 -0.00195957 -0.000776783 -0.0035643 0.00123044 0.000527457 -0.0204129 0.00981623 8.79638e-05 -0.0128038 0.0556066 0.00505819 -0.00347937 0.00678439 0.007782 0.00330203 0.0180498 0.00427781 -0.0131028 0.0108624
internal_weight=113909 19066.3 94842.8 91335.5 11250.8 9586.34 981.846 425.324 90348.7 89295.1 34681.7 9443.01 54613.4 19797.7 7124.11 7815.5 1664.47 1930.45 999.367 358.733 35.5498 4557.32 1626.54 3704.81 3629.97 2591.33 661.474 25238.7 1149.8 3507.34
internal_count=575862 134408 441454 425953 84173 69059 16306 6269 421792 416074 158818 41404 257256 99598 33155 50235 15114 15452 9694 5417 578 19323 6917 15908 15603 11238 2827 117414 10252 15501
is_linear=0
shrinkage=0.05


Tree=63
num_leaves=31
num_cat=0
split_feature=2 20 5 8 1 7 11 8 43 34 32 5 8 13 26 34 34 35 26 11 11 28 20 28 34 11 35 32 32 34
split_gain=166.695 158.697 132.606 190.758 131.388 91.1348 90.7962 118.114 81.1819 150.664 85.5033 82.6757 81.0091 80.6251 80.3412 77.3772 83.0427 73.7424 73.2752 87.1771 68.8697 67.3966 69.1074 65.261 64.6269 63.9107 60.6653 67.7598 132.492 99.2698
threshold=-0.10277853950882836 0.14036163312452779 -0.068093385214008248 0.038898199923750106 0.18553894933300843 -0.026086956521739143 0.40201922114290067 0.0038026743126194922 3.5000000000000004 2.9678437658194921 6.5000000000000009 -0.27908410817557039 0.0044792839387824976 0.022797078059094915 0.72739297739297748 4.4361594679825211 3.3013753505938035 -4.8072656966269272e-14 0.21531295878910695 0.45500866199525708 1.5248505799049183 -0.070739153258271528 0.70836901024414567 0.13461631224414139 2.5915093710922874 1.1790854478058634 -0.0029850746268880175 10.500000000000002 8.5000000000000018 3.3551519202956919
decision_type=10 8 8 8 10 10 10 10 2 2 2 10 10 10 10 2 2 10 8 8 10 8 8 10 2 10 10 2 2 2
left_child=21 12 6 13 5 18 7 17 11 10 23 -8 24 -4 20 16 -16 -3 -5 -20 -11 -1 -23 -10 -2 -13 -21 28 -28 -29
right_child=1 2 3 4 -6 -7 8 -9 9 14 -12 25 -14 -15 15 -17 -18 -19 19 26 -22 22 -24 -25 -26 -27 27 29 -30 -31
leaf_value=0.01994950752323154 0.0041898140914472977 0.019623613071693548 -0.01125296128005685 -0.0067375482895225538 0.019316643681303616 0.0033483516153845864 0.012407289199296265 0.028598778154877477 0.0012322595687931878 -0.0031148191716484823 0.013244235385287429 0.0041585341172562179 -0.0045237515015735868 -0.0027122261754520681 -0.0030507788474059745 0.0027707707260243952 -0.028426460095804185 -0.019709389719259784 0.025137601349516626 0.002605621771192054 0.042326897969490011 0.019009817837424402 8.2044203885397717e-05 -0.039016299189996301 -0.030639559086511038 -0.0026175433220742891 -0.0010461276139063964 0.010848399579369604 -0.0091679215219765842 -0.0024412172868086579
leaf_weight=1244.207833096385 159.69472301751375 205.27904353290796 6128.6922193281353 5936.5140408799052 842.56434229016304 11913.270870454609 2419.1807135343552 723.22064883634448 2129.2508516088128 6507.406138010323 2181.0819461792707 15278.435506440699 997.72082301974297 5032.050939977169 484.13626447319984 505.41763089597225 965.13490943610668 284.05707738921046 321.38811466470361 9105.6909523755312 84.46154622733593 678.35571020841599 1668.0766163319349 105.71517142653465 802.38111265748739 4506.1377445310354 20105.945336684585 2337.9306141659617 6692.9876090735197 3522.0773599743843
leaf_count=5405 1674 1174 55276 32907 3560 55883 10274 3875 9817 30699 9517 73057 5356 27058 2106 2165 4209 1767 1501 43495 385 2891 7560 458 8706 21653 94977 10437 32313 15841
internal_value=-5.96941e-05 -0.000404895 -0.000149762 -0.00139383 -0.000290512 -0.000566145 0.00231037 0.0157625 0.00184654 -0.00129761 0.00620146 0.0036821 -0.0145061 -0.00740219 -0.00517242 -0.0140749 -0.0199496 -0.00320899 -0.00153724 -0.000803702 -0.00253257 0.0105423 0.00555408 -0.00067152 -0.0248582 0.00261521 -0.00100333 -0.00200954 -0.00307453 0.00286086
internal_weight=113868 110278 108318 71939.1 60778.4 59935.8 36378.9 1212.56 35166.4 12962.6 4416.05 22203.8 1959.8 11160.7 8546.56 1954.69 1449.27 489.336 48022.5 42086 6591.87 3590.64 2346.43 2234.97 962.076 19784.6 41764.6 32658.9 26798.9 5860.01
internal_count=575996 560140 544404 373248 290914 287354 171156 6816 164340 59356 19792 104984 15736 82334 39564 8480 6315 2941 231471 198564 31084 15856 10451 10275 10380 94710 197063 153568 127290 26278
is_linear=0
shrinkage=0.05


end of trees

feature_importances:
Column_33=707
Column_32=325
Column_34=139
Column_10=102
Column_5=87
Column_43=77
Column_12=60
Column_7=56
Column_28=52
Column_38=51
Column_13=46
Column_9=35
Column_8=30
Column_26=24
Column_11=21
Column_20=18
Column_37=13
Column_25=12
Column_0=11
Column_2=10
Column_1=9
Column_35=9
Column_3=8
Column_19=8
Column_29=4
Column_36=2
Column_4=1
Column_6=1
Column_14=1
Column_39=1

parameters:
[boosting: gbdt]
[objective: binary]
[metric: binary_logloss]
[tree_learner: serial]
[device_type: cpu]
[data_sample_strategy: bagging]
[data: ]
[valid: ]
[num_iterations: 500]
[learning_rate: 0.05]
[num_leaves: 31]
[num_threads: 8]
[seed: 42]
[deterministic: 0]
[force_col_wise: 0]
[force_row_wise: 0]
[histogram_pool_size: -1]
[max_depth: -1]
[min_data_in_leaf: 100]
[min_sum_hessian_in_leaf: 0.001]
[bagging_fraction: 0.8]
[pos_bagging_fraction: 1]
[neg_bagging_fraction: 1]
[bagging_freq: 1]
[bagging_seed: 400]
[bagging_by_query: 0]
[feature_fraction: 0.8]
[feature_fraction_bynode: 1]
[feature_fraction_seed: 30056]
[extra_trees: 0]
[extra_seed: 12879]
[early_stopping_round: 0]
[early_stopping_min_delta: 0]
[first_metric_only: 0]
[max_delta_step: 0]
[lambda_l1: 0]
[lambda_l2: 0]
[linear_lambda: 0]
[min_gain_to_split: 0]
[drop_rate: 0.1]
[max_drop: 50]
[skip_drop: 0.5]
[xgboost_dart_mode: 0]
[uniform_drop: 0]
[drop_seed: 17869]
[top_rate: 0.2]
[other_rate: 0.1]
[min_data_per_group: 100]
[max_cat_threshold: 32]
[cat_l2: 10]
[cat_smooth: 10]
[max_cat_to_onehot: 4]
[top_k: 20]
[monotone_constraints: ]
[monotone_constraints_method: basic]
[monotone_penalty: 0]
[feature_contri: ]
[forcedsplits_filename: ]
[refit_decay_rate: 0.9]
[cegb_tradeoff: 1]
[cegb_penalty_split: 0]
[cegb_penalty_feature_lazy: ]
[cegb_penalty_feature_coupled: ]
[path_smooth: 0]
[interaction_constraints: ]
[verbosity: -1]
[saved_feature_importance_type: 0]
[use_quantized_grad: 0]
[num_grad_quant_bins: 4]
[quant_train_renew_leaf: 0]
[stochastic_rounding: 1]
[linear_tree: 0]
[max_bin: 255]
[max_bin_by_feature: ]
[min_data_in_bin: 3]
[bin_construct_sample_cnt: 200000]
[data_random_seed: 175]
[is_enable_sparse: 1]
[enable_bundle: 1]
[use_missing: 1]
[zero_as_missing: 0]
[feature_pre_filter: 1]
[pre_partition: 0]
[two_round: 0]
[header: 0]
[label_column: ]
[weight_column: ]
[group_column: ]
[ignore_column: ]
[categorical_feature: ]
[forcedbins_filename: ]
[precise_float_parser: 0]
[parser_config_file: ]
[objective_seed: 16083]
[num_class: 1]
[is_unbalance: 0]
[scale_pos_weight: 1]
[sigmoid: 1]
[boost_from_average: 1]
[reg_sqrt: 0]
[alpha: 0.9]
[fair_c: 1]
[poisson_max_delta_step: 0.7]
[tweedie_variance_power: 1.5]
[lambdarank_truncation_level: 30]
[lambdarank_norm: 1]
[label_gain: ]
[lambdarank_position_bias_regularization: 0]
[eval_at: ]
[multi_error_top_k: 1]
[auc_mu_weights: ]
[num_machines: 1]
[local_listen_port: 12400]
[time_out: 120]
[machine_list_filename: ]
[machines: ]
[gpu_platform_id: -1]
[gpu_device_id: -1]
[gpu_use_dp: 0]
[num_gpu: 1]

end of parameters

pandas_categorical:null
