tree
version=v4
num_class=1
num_tree_per_iteration=1
label_index=0
max_feature_idx=40
objective=binary sigmoid:1
feature_names=Column_0 Column_1 Column_2 Column_3 Column_4 Column_5 Column_6 Column_7 Column_8 Column_9 Column_10 Column_11 Column_12 Column_13 Column_14 Column_15 Column_16 Column_17 Column_18 Column_19 Column_20 Column_21 Column_22 Column_23 Column_24 Column_25 Column_26 Column_27 Column_28 Column_29 Column_30 Column_31 Column_32 Column_33 Column_34 Column_35 Column_36 Column_37 Column_38 Column_39 Column_40
feature_infos=[-0.12:0.12000000000000011] [-0.30350510510510498:0.35519999999999996] [-0.34545454545454535:0.63520000000000043] [-0.52631578947368429:1.6033777777777782] [-0.5525046116744704:6.1999999999999984] [-0.63724137931034486:10.172413793103448] [0:99.999999998992266] [-0.91935999999999996:0] [0:9.1886792452830193] [0:0.092217743874110761] [0:0.076273429156019618] [0:2366.6980106475853] [0:496.55000000000007] [-4.163336342344337e-17:0.27749788710120954] [0:21] none none [0:6] none [-3.1643928874535838:4.3643507083554631] [0:4.1994884612742513] [-0.99999999999999978:1] [0:44.878853880134137] none none [0.0026041666666666665:1] [0.0026041666666666665:1] none [-0.33164740552513955:1.4627374711935657] [-1.4380737940635209:6.0969042900782338] none [1:7] [1:12] [0:3769] [0.40546510810816438:8.6995980780714959] [-0.78922220878190408:8.9927378358748484] [0:1] [-0.88727989113877803:1.1216180016072297] [-0.89522164205698718:1.7613708412586715] [0:1] none
tree_sizes=3504 3593 3554 3554 3544 3560 3544 3560 3561 3567 3575 3571 3543 3569 3542 3556 3543 3542 3554 3597 3558 3586 3577 3579 3598 3555 3552 3598 3587 3582 3595 3554 3579 3555 3558 3549 3564 3534 3575 3570 3538 3574 3600 3567 3585 3552 3557 3542 3565 3574 3555 3600 3593 3550 3547 3615 3547 3580 3566 3573 3609 3556 3556 3604 3567 3564 3574 3558 3583 3571 3573 3593 3562 3557 3567 3581 3553 3589 3552 3568 3587 3570 3606 3559 3598 3566 3539 3544 3563

Tree=0
num_leaves=31
num_cat=0
split_feature=10 32 9 32 7 28 28 5 33 32 10 11 32 32 32 10 28 33 7 33 33 33 33 32 5 32 32 33 33 32
split_gain=13484.5 4432.1 4428.05 2480.89 1641.43 1648.71 1233.17 1424.68 1062.83 980.291 948.686 862.409 894.617 771.151 740.28 704.708 637.536 850.859 592.591 503.538 469.837 465.274 455.003 439.382 419.835 407.44 875.593 397.97 808.452 374.763
threshold=0.024015784942060886 3.5000000000000004 0.0120361955893115 3.5000000000000004 -0.29240136205492634 0.099810352415976036 0.08121348777113406 -0.16123901595881948 1515.5000000000002 1.5000000000000002 0.0090325633293576145 0.2553412301501532 8.5000000000000018 8.5000000000000018 1.5000000000000002 0.032443104957051654 -0.043060805926917821 741.50000000000011 -0.25230212214207681 682.50000000000011 428.50000000000006 2982.5000000000005 483.50000000000006 4.5000000000000009 -0.099678456591639916 8.5000000000000018 10.500000000000002 1598.5000000000002 862.50000000000011 8.5000000000000018
decision_type=10 2 8 2 10 10 10 8 2 2 8 10 2 2 2 10 10 2 10 2 2 2 2 2 8 2 2 2 2 2
left_child=2 14 10 9 20 11 7 -5 -7 22 -1 12 -6 -10 -2 -13 -9 19 -16 -18 -3 -15 -4 -19 -12 -25 -27 28 -28 -17
right_child=1 4 3 6 5 8 -8 16 13 -11 24 15 -14 21 18 29 17 23 -20 -21 -22 -23 -24 25 -26 26 27 -29 -30 -31
leaf_value=-0.69769588996363918 -0.63020589197002064 -0.55433486686835509 -0.61207494185381173 -0.61805156031629105 -0.53083997709154263 -0.6174960889040757 -0.61355276471089137 -0.66039247005104984 -0.56149274488203527 -0.67611946512971066 -0.65236323354838888 -0.62835187768209333 -0.69693737250282162 -0.58856046734301182 -0.62519519019299741 -0.60266001808209768 -0.63038852409402357 -0.67344093614624323 -0.65971999741722953 -0.58427840269796916 -0.5929136169254503 -0.65156722440986137 -0.65418881439438226 -0.63605564708163997 -0.67405490649470612 -0.66981434803007567 -0.68353035250971861 -0.64894875875813263 -0.5942493911251967 -0.6213483459903254
leaf_weight=3825.3739078044891 5549.890642285347 969.57419550418854 809.22240996360779 4897.401359796524 465.67605984210968 2777.3200654983521 4080.4893014431 6965.6906105279922 2651.7978638410568 7849.3216769695282 2831.5999364852905 17635.982415914536 98.156100034713745 981.33483421802521 1508.3019150495529 5309.7022131681442 2802.8768380880356 1505.1355892419815 7063.1682121753693 750.64538252353668 4242.4242498874664 417.72884047031403 3091.917151093483 6665.5681571960449 10510.618518233299 3801.8526303768158 329.75021624565125 2146.09039914608 1097.3580584526062 5421.8806132078171
leaf_count=16914 24539 4287 3578 21654 2059 12280 18042 30799 11725 34706 12520 77978 434 4339 6669 23477 12393 6655 31230 3319 18758 1847 13671 29472 46473 16810 1458 9489 4852 23973
internal_value=-0.638408 -0.620277 -0.654025 -0.646057 -0.611951 -0.615772 -0.63939 -0.642795 -0.593672 -0.665938 -0.675745 -0.620987 -0.559755 -0.577339 -0.644433 -0.622204 -0.647444 -0.642722 -0.653645 -0.620648 -0.585737 -0.607373 -0.645453 -0.647767 -0.669451 -0.645015 -0.653112 -0.635341 -0.614879 -0.612102
internal_weight=119054 55092.9 63960.9 46793.3 40971.6 35759.6 35042.9 30962.4 6828.18 11750.5 17167.6 28931.4 563.832 4050.86 14121.4 28367.6 26065 19099.3 8571.47 3553.52 5212 1399.06 3901.14 15545.8 13342.2 14040.6 7375.05 3573.2 1427.11 10731.6
internal_count=526400 243595 282805 206898 181157 158112 154943 136901 30191 51955 75907 127921 2493 17911 62438 125428 115247 84448 37899 15712 23045 6186 17249 68736 58993 62081 32609 15799 6310 47450
is_linear=0
shrinkage=1


Tree=1
num_leaves=31
num_cat=0
split_feature=10 10 32 32 7 32 32 20 32 5 12 38 7 10 4 9 32 32 5 12 38 32 38 10 10 9 3 12 13 32
split_gain=12199.1 4505.28 3637.69 2592.11 1241.92 1326.9 1281.13 1240.63 1043.64 860.365 837.111 968.759 677.891 629.505 583.574 549.602 543.73 454.791 430.232 406.755 357.955 349.429 339.32 334.389 301.045 293.631 283.963 277.448 369.178 276.539
threshold=0.025012409606712659 0.01361161428313235 3.5000000000000004 3.5000000000000004 -0.28119096783725495 8.5000000000000018 10.500000000000002 0.5598362727924967 1.5000000000000002 -0.18461538461538476 0.14285714285714315 0.063829787233973048 -0.25230212214207681 0.0090325633293576145 0.031609195402299124 0.039406040505513287 1.5000000000000002 8.5000000000000018 -0.06770833333333369 5.1214285714285745 -0.11035867229663569 3.5000000000000004 -0.14091028144201542 0.029871102212334268 0.016982311466158997 0.012538747225114671 -0.0892307692307691 0.83571428571428641 0.0040444935181774451 8.5000000000000018
decision_type=10 8 2 2 10 2 2 10 2 8 10 10 10 10 10 10 2 2 8 8 10 2 10 10 8 10 10 10 10 2
left_child=1 13 12 8 -4 10 15 17 24 26 -6 23 -2 -1 18 -7 -14 22 -11 20 -10 -15 -5 -12 -3 -19 -9 28 -8 -20
right_child=2 3 4 7 5 6 27 9 19 14 11 -13 16 21 -16 -17 -18 25 29 -21 -22 -23 -24 -25 -26 -27 -28 -29 -30 -31
leaf_value=-0.057130905935579936 0.01988117761515389 -0.030511638738519187 0.047597733365746749 0.044233777542167445 0.085848923125509666 -0.011015317390188075 -0.048780963053707542 0.049569579287509123 -0.0082386807491243233 0.0039693415115419966 0.010979473585282944 0.045156263124744134 0.0039077365330555738 -0.049354302685332176 0.010284268405319739 0.019898709285317766 -0.019240065482312798 -0.043878972641590686 -0.002617813575329937 -0.0082962697272881015 -0.043593533568961999 -0.02741407521429344 -0.0094633219442128089 0.028805425759468768 -0.00056330176878550834 -0.018694443319353011 0.017740457120855802 0.021077702770647282 0.050283432780684083 -0.018404489532643203
leaf_weight=3808.3255492001772 2339.8263715207577 1082.5091806352139 5797.7331021279097 326.86136715114117 687.41526788473129 5577.7924685031176 100.04376073181629 914.22888548672199 795.12873442471027 8075.7072208821774 5025.1748048067093 6248.2924072593451 4261.6684093475342 2444.5217206329107 9568.8090763092041 1937.0131739526987 6268.3563059568405 1851.3394505530596 5116.1611218005419 1152.5222041755915 7187.7070501893759 7044.1563356667757 2944.6023699343204 5521.3388799130917 3732.1859221756458 3087.6213933825493 3000.6455546170473 5517.9113909453154 1568.7460691332817 6059.6990634799004
leaf_count=17159 10310 4815 25267 1442 2980 24562 446 4016 3554 35764 22129 27297 18796 10916 42245 8510 27902 8249 22679 5153 32140 31361 13039 24189 16534 13692 13198 24288 6906 26918
internal_value=-2.40329e-05 -0.0138457 0.0185112 -0.00752062 0.0262957 0.0224583 0.0113872 -0.00117884 -0.0261348 0.00317992 0.0317684 0.0295548 -0.00446249 -0.0399586 0.000192385 -0.00304693 -0.00987178 -0.0185573 -0.00482369 -0.0360632 -0.040072 -0.0330664 -0.00409829 0.0203118 -0.00729672 -0.0281347 0.0251734 0.0264804 0.0443445 -0.0111776
internal_weight=119044 68192.7 50851.3 54895.7 37981.5 32183.7 14701.5 40945.7 13950.1 32735.3 17482.2 16794.8 12869.9 13297 28820.4 7514.81 10530 8210.42 19251.6 9135.36 7982.84 9488.68 3271.46 10546.5 4814.7 4938.96 3914.87 7186.7 1668.79 11175.9
internal_count=526456 302874 223582 243438 166574 141307 64712 181242 62196 144820 76595 73615 57008 59436 127606 33072 46698 36422 85361 40847 35694 42277 14481 46318 21349 21941 17214 31640 7352 49597
is_linear=0
shrinkage=0.05


Tree=2
num_leaves=31
num_cat=0
split_feature=10 10 5 28 5 28 10 33 33 33 38 9 33 33 34 38 33 37 34 33 33 28 28 20 34 9 33 33 33 33
split_gain=11117.7 3886.46 1960.94 1622.36 1306.65 1364.17 1060.1 742.991 784.661 716.248 584.988 551.589 493.18 783.967 469.556 422.758 388.195 441.236 386.587 360.039 485.946 344.332 324.845 307.592 297.501 296.809 259.898 357.386 252.616 426.538
threshold=0.024015784942060886 0.013464521299420013 -0.15637860082304575 0.1020635283452553 -0.16372593811531891 0.032300276820252084 0.034840885926879249 2810.5000000000005 3259.5000000000005 3335.5000000000005 -0.16977758632655812 0.013019072560790308 2810.5000000000005 2877.5000000000005 2.9311901968482226 -0.13742273842633049 471.50000000000006 -0.0018679293577649745 2.7694539157329841 1802.5000000000002 1402.5000000000002 0.049191067223054656 0.099810352415976036 0.52730062633983599 3.9009615468842616 0.0065299315177396074 1598.5000000000002 1490.5000000000002 3042.5000000000005 3259.5000000000005
decision_type=10 8 10 10 8 10 10 2 2 2 10 10 2 2 2 10 2 10 2 2 2 10 10 10 2 10 2 2 2 2
left_child=1 9 10 6 15 11 16 -5 -9 18 -2 -6 25 -14 19 -3 -4 -18 -1 20 -7 -20 26 -13 -15 -12 27 -16 -24 -30
right_child=2 4 3 7 5 14 -8 8 -10 -11 12 23 13 24 22 -17 17 -19 21 -21 -22 -23 28 -25 -26 -27 -28 -29 29 -31
leaf_value=-0.0031502632754664703 0.05787821591896114 0.035327987140008517 0.016663810330739239 0.020715906653737841 -0.02804483040714871 0.011732290140916627 0.019576469953424762 0.063639221415294184 -0.011575518502137729 -0.063380318824330595 0.10414112402261611 -0.025278615356603036 0.11133569428814843 0.053751399880333388 -0.0035705178544711879 0.0054945953339065462 -0.0083462840458043228 0.0060620403657867536 -0.041016916469645302 -0.0021262752416736658 0.068813395227166146 -0.01603494932284134 0.004398054525457361 -0.010241511597055504 0.0073892717294240344 0.02215207058304991 -0.017575127996553582 0.051318230569361412 0.07538781154856411 -0.01242391607954587
leaf_weight=961.64287593960762 2199.2368509471416 1539.6856220662594 3464.7670674622059 5239.9467935264111 8299.5796281397343 836.70259985327721 11391.022137776017 2378.9876063615084 405.91397267580032 2459.3114152103662 112.08529128134251 4160.9897542595863 430.8419573456049 826.6556062400341 3337.9786988645792 5191.124733582139 10995.754711195827 10282.324500054121 7561.2485810369253 949.71296258270741 672.57553158700466 1687.0715733170509 2561.1709422618151 18616.038683936 595.12685450911522 7271.1913086622953 3627.0394870489836 325.47529159486294 352.51748871803284 227.56205911934376
leaf_count=4341 9493 6738 15228 22864 37243 3699 49765 10237 1792 11202 477 18631 1849 3611 14786 22884 48507 45226 34247 4209 2974 7620 11309 82963 2600 31717 16134 1444 1547 1002
internal_value=-6.95573e-05 -0.0143867 0.0162495 0.0114709 -0.00819661 -0.0113373 0.00695443 0.0318073 0.0526763 -0.0391571 0.0347029 -0.0170096 0.0291844 0.05225 0.00233738 0.012319 0.00114354 -0.00138367 -0.0333224 0.0219925 0.0371692 -0.0364597 -0.00229575 -0.0129885 0.0343452 0.0233967 -0.00808741 0.00130601 0.011146 0.0409397
internal_weight=118961 63367.4 55593.9 44158.7 50698.2 43967.3 36133.9 8024.85 2784.9 12669.3 11435.1 31076.6 9235.9 1852.62 12890.7 6730.81 24742.8 21278.1 10210 2458.99 1509.28 9248.32 10431.7 22777 1421.78 7383.28 7290.49 3663.45 3141.25 580.08
internal_count=526339 282973 243366 193619 225563 195941 158726 34893 12029 57410 49747 138837 40254 8060 57104 29622 108961 93733 46208 10882 6673 41867 46222 101594 6211 32194 32364 16230 13858 2549
is_linear=0
shrinkage=0.05


Tree=3
num_leaves=31
num_cat=0
split_feature=13 32 5 8 38 28 32 13 32 8 11 32 33 28 38 32 33 32 32 28 11 33 5 8 32 32 34 34 35 33
split_gain=6310.5 3467.39 2979.15 2384.65 1555.88 2051.45 1286.81 1192.22 1010.95 924.582 748.311 716.191 938.648 699.133 680.752 701.056 638.343 512.033 996.374 555.663 543.133 462.268 461.939 480.555 428.961 410.66 392.253 367.954 361.996 349.465
threshold=0.031553134664682465 3.5000000000000004 -0.12697644331514527 0.065694666564498308 -0.14484864318315635 0.08121348777113406 4.5000000000000009 0.010239152796437176 4.5000000000000009 0.092105263157894815 0.53601084274597344 8.5000000000000018 2558.5000000000005 0.08121348777113406 -0.14484864318315635 1.5000000000000002 741.50000000000011 8.5000000000000018 11.500000000000002 0.099810352415976036 0.32438398807797858 682.50000000000011 -0.14320269504324148 0.18750000000000014 1.5000000000000002 11.500000000000002 2.8535883538621087 3.487757194849586 0.089783868959596905 65.500000000000014
decision_type=10 2 10 10 8 10 2 10 2 10 8 2 2 8 8 2 2 2 2 10 10 2 8 10 2 2 2 2 10 2
left_child=2 14 9 7 -3 13 24 -4 -9 28 -11 12 -7 22 -2 -16 21 19 -19 20 -8 -10 -6 -24 -5 -13 -18 -27 29 -1
right_child=1 4 3 6 5 11 17 8 16 10 -12 25 -14 -15 15 -17 26 18 -20 -21 -22 -23 23 -25 -26 27 -28 -29 -30 -31
leaf_value=-0.031281867591562464 0.030813597625355085 0.048460122922034866 -0.052287607917118076 -0.0045523059614109053 0.021780715792460551 0.029260331637992427 0.06959596088952813 -0.039590577416909273 0.0013059372966117127 0.093762398938951275 0.021572006269073109 0.009254788595969966 0.069355627764518896 -0.052353931903192298 0.0011617284467282188 -0.021286303091218043 0.00080952048562917813 -0.019009292933037859 0.030880725521206322 0.047225617964776083 0.0031450800686800328 0.06984627797577507 0.0014258387167831929 0.014995033845949522 -0.032264812599767649 0.077737591587238503 -0.024461550923248643 0.017437737285796843 0.12360742266540076 0.0052769761723381881
leaf_weight=698.15809740126133 971.47578100860119 3736.9931537359953 4634.7205401062965 1997.1697667092085 6502.9673681557178 3600.0329094678164 323.72832384705544 6542.0581363141537 1284.3797415196896 511.42328363656998 1204.2552945315838 3058.0618283301592 2455.1353629380465 458.39594209194183 5750.2527564167976 8801.9109215736389 1893.6613125950098 4552.3372650742531 1282.7721742540598 961.09898108243942 6133.9066103845835 304.28432257473469 16059.806393831968 10990.043207898736 4642.007899582386 480.06354933977127 8119.3441269546747 534.84827479720116 62.51551416516304 10258.342133879662
leaf_count=3154 4239 16011 21326 8898 28273 15554 1382 29689 5719 2159 5225 13324 10440 2090 25335 39506 8472 20320 5672 4184 27128 1350 71019 47959 20949 2077 36645 2325 277 45267
internal_value=5.1595e-05 0.0108241 -0.0122751 -0.0186089 0.0174824 0.0148597 -0.00596082 -0.0296548 -0.0238734 0.00894809 0.0430911 0.0346128 0.0455174 0.00897749 -0.00971069 -0.012416 -0.0150106 0.00303961 -0.00804163 0.0117554 0.00647634 0.0144338 0.00981539 0.00693885 -0.0239285 0.0184011 -0.0196823 0.0459602 0.00363197 0.00294741
internal_weight=118806 63400 55406.2 42671.5 47876.3 44139.4 19893 22778.4 18143.7 12734.7 1715.68 10128.1 6055.17 34011.2 15523.6 14552.2 11601.7 13253.8 5835.11 7418.73 6457.63 1588.66 33552.8 27049.8 6639.18 4072.97 10013 1014.91 11019 10956.5
internal_count=525968 278152 247816 191734 209072 193061 88533 103201 81875 56082 7384 43720 25994 149341 69080 64841 52186 58686 25992 32694 28510 7069 147251 118978 29847 17726 45117 4402 48698 48421
is_linear=0
shrinkage=0.05


Tree=4
num_leaves=31
num_cat=0
split_feature=10 10 32 32 33 33 32 7 32 33 32 32 33 33 33 33 33 33 33 33 32 33 32 7 33 32 34 28 34 10
split_gain=9254.52 3273.81 3157.61 2017 1126.12 2770.74 1542.2 1139.46 931.534 1187.14 969.29 849.88 840.08 676.26 634.181 634.145 662.006 617.951 692.377 1225.53 584.718 892.982 563.009 498.726 494.42 491.825 579.446 474.574 448.913 444.237
threshold=0.024015784942060886 0.01361161428313235 3.5000000000000004 3.5000000000000004 3259.5000000000005 2810.5000000000005 8.5000000000000018 -0.29678275446263652 8.5000000000000018 265.50000000000006 11.500000000000002 1.5000000000000002 653.50000000000011 3335.5000000000005 3304.5000000000005 1529.5000000000002 1490.5000000000002 1014.5000000000001 2529.5000000000005 3274.5000000000005 5.5000000000000009 2142.5000000000005 1.5000000000000002 -0.21253880697623637 483.50000000000006 3.5000000000000004 2.9096258622311582 0.063435252805379497 2.9418004506160189 0.03162053527497876
decision_type=10 8 2 2 2 2 2 10 2 2 2 2 2 2 2 2 2 2 2 2 2 2 2 10 2 2 2 10 2 10
left_child=1 13 22 11 5 7 -7 -4 9 -5 15 24 -11 25 -6 16 28 -14 20 -20 23 -22 -2 -19 -3 -1 -27 -12 -10 -9
right_child=2 3 4 8 14 6 -8 29 10 12 27 -13 17 -15 -16 -17 -18 18 19 -21 21 -23 -24 -25 -26 26 -28 -29 -30 -31
leaf_value=-0.048504927222543653 0.0065436974468834818 0.023830911872449474 0.042478069864838847 0.05073258434363731 -0.042716082617568311 0.072751213886311256 0.021760645552391183 0.0088537525263757688 0.014417127606706765 -0.025168886718362829 0.0038445418992788085 -0.034328464618660667 0.032751769625004597 -0.059824997906526581 0.0065516916301168824 -0.027721360662934003 0.054929817536640425 0.022596851903437166 0.052726415490085748 -0.0048727067335617618 0.015613316832743883 -0.033946607645906915 -0.013882341659142162 -0.025404575613836633 -0.016182112506848902 0.010752632997146587 -0.02926237284649957 0.04992006010056587 -0.01669780551794529 0.021738587339321883
leaf_weight=2729.9849870353937 5612.1234411597252 1002.4459695667028 4195.7714623063803 1373.4801021069288 813.32919557392597 4093.4232294112444 2325.1661628037691 15310.560831278563 1483.0254764556885 2380.210054308176 3539.9398382902145 8156.6003610938787 1988.8047890663147 2380.7617413401604 3317.0134428292513 6454.3696214407682 417.95790484547615 638.1256068199873 1697.4457149803638 2025.4126612395048 4821.2049034833908 1120.0715349763632 8457.5154854059219 3559.6360430121422 3358.7554553747177 1048.0436981469393 6614.9034406989813 663.6298830807209 5309.1415224075317 11880.374742820859
leaf_count=12736 24594 4432 17746 6037 3581 17265 10065 66800 6572 10489 15769 37410 8751 11247 14428 28993 1840 2781 7452 8978 21317 4971 37872 15911 15060 4748 30449 2890 23804 51222
internal_value=-1.32886e-05 -0.0131975 0.014762 -0.00742509 0.0216388 0.024347 0.0542796 0.0182258 -0.00162028 0.00590591 -0.00987783 -0.024802 0.00252876 -0.035788 -0.00314991 -0.0163369 -0.00614576 0.00668796 0.00294851 0.0213897 -0.00382275 0.0062701 -0.00573477 -0.0181076 -0.0069849 -0.0302818 -0.0237896 0.0111186 -0.00990406 0.0144834
internal_weight=118769 62764 56005.3 49990.3 41935.6 37805.3 6418.59 31386.7 37472.5 19604.4 17868.1 12517.8 18230.9 12773.7 4130.34 13664.5 7210.12 15850.7 13861.9 3722.86 10139 5941.28 14069.6 4197.76 4361.2 10392.9 7662.95 4203.57 6792.17 27190.9
internal_count=526210 282637 243573 223457 181107 163098 27330 135768 166555 86687 79868 56902 80650 59180 18009 61209 32216 70161 61410 16430 44980 26288 62466 18692 19492 47933 35197 18659 30376 118022
is_linear=0
shrinkage=0.05


Tree=5
num_leaves=31
num_cat=0
split_feature=10 10 32 32 7 33 33 32 20 32 5 33 7 32 4 32 34 33 33 32 34 12 33 12 5 33 33 34 33 34
split_gain=8411.79 3135.02 2772.56 1832.51 977.91 1067.73 2665.51 1245.68 937.011 764.266 610.745 606.324 563.123 487.134 471.31 462.288 493.397 460.655 433.091 615.853 495.896 463.23 408.237 365.465 350.095 347.942 344.122 341.175 332.401 339.442
threshold=0.024015784942060886 0.013464521299420013 3.5000000000000004 3.5000000000000004 -0.29240136205492634 3259.5000000000005 2810.5000000000005 8.5000000000000018 0.48680483220124354 1.5000000000000002 -0.18461538461538476 3335.5000000000005 -0.26857477221432746 1.5000000000000002 0.031609195402299124 3.5000000000000004 2.9096258622311582 483.50000000000006 346.50000000000006 10.500000000000002 2.841993923664011 0.14285714285714315 3304.5000000000005 5.1214285714285745 -0.076888615127144164 428.50000000000006 959.50000000000011 4.0439276922482579 640.50000000000011 3.8763952908575412
decision_type=10 8 2 2 10 2 2 2 10 2 8 2 10 2 10 2 2 2 2 2 2 10 2 8 8 2 2 2 2 2
left_child=1 11 12 9 25 6 18 27 -5 17 -10 15 -2 -14 24 -1 -17 -3 -6 21 -21 -20 -7 -11 -12 -4 -19 -8 -27 -30
right_child=2 3 4 8 5 22 7 -9 10 23 14 -13 13 -15 -16 16 -18 26 19 20 -22 -23 -24 -25 -26 28 -28 -29 29 -31
leaf_value=-0.048142223870361295 0.019098645259147284 0.022759387148654577 0.066512444123731682 -0.020922550649979166 0.028280785581455553 -0.040926954247432874 0.076883023195689459 0.01927372354132105 0.020574835621046467 -0.036750563096090497 0.0032685999697035189 -0.058575618549057275 0.0028895474215456947 -0.017696102712446916 0.0084854953490329926 0.0091498413610735362 -0.028754461705350499 -0.050347441045339662 0.065272672017099603 0.051516022527298158 0.016916316818181707 0.0047443822304664559 0.00028311157678116543 -0.0049192957345361721 -0.010515691731150257 -0.0069114376656233614 -0.0083479393844450214 0.04546669177267669 0.049118136377818082 0.018420287948595789
leaf_weight=2601.0594905167818 2022.7808633744717 1010.7023595124483 1016.62580037117 5408.6699442565441 4202.4625308066607 767.45982390642166 2679.197266176343 2123.530224442482 3735.5433780997992 7143.8704812377691 7418.7404670417309 2293.2586616873741 4803.262350410223 7154.2435531169176 9094.4327779114246 993.88445770740509 6304.4345572441816 591.75622603297234 322.26348915696144 1326.2743829488754 4724.8570134043694 16519.208750635386 2770.053562015295 1031.9950607866049 12151.009567171335 444.8571739345789 2773.9085450172424 1275.6464366465807 2639.6334432959557 1366.7967174947262
leaf_count=12373 8798 4436 4236 24533 18099 3429 11129 9156 16166 33228 32990 11106 21040 32353 39958 4489 29354 2673 1345 5701 20459 71554 12086 4748 54592 1872 12503 5309 11081 5761
internal_value=-4.95595e-05 -0.0126606 0.0139974 -0.00715294 0.0203934 0.0174552 0.0202397 0.0501635 -0.00165735 -0.0237061 0.0015587 -0.0354096 -0.00529965 -0.00942696 -0.000919496 -0.0300431 -0.0235927 -0.00684286 0.0135268 0.0108183 0.0244998 0.0059026 -0.00865737 -0.0327327 -0.00529017 0.0401203 -0.0157324 0.0667496 0.0340926 0.0386455
internal_weight=118712 62553.3 56159.2 50360.6 42178.9 36711 33173.4 6078.37 37808.4 12552.2 32399.7 12192.6 13980.3 11957.5 28664.2 9899.38 7298.32 4376.37 27095.1 22892.6 6051.13 16841.5 3537.51 8175.87 19569.8 5467.91 3365.66 3954.84 4451.29 4006.43
internal_count=526557 283149 243408 225827 181217 158267 142752 25594 168239 57588 143706 57322 62191 53393 127540 46216 33843 19612 117158 99059 26160 72899 15515 37976 87582 22950 15176 16438 18714 16842
is_linear=0
shrinkage=0.05


Tree=6
num_leaves=31
num_cat=0
split_feature=9 32 5 9 9 8 32 5 32 33 32 32 33 33 33 33 34 32 32 32 26 38 34 11 26 32 33 33 34 32
split_gain=6726.42 2743.66 2205.23 1276.45 1208.58 1139.92 909.895 902.982 636.814 632.763 619.75 609.003 593.949 1876.75 567.367 550.894 510.109 590.887 455.031 496.495 579.786 440.195 419.502 411.653 353.649 347.632 439.191 495.427 349.842 345.816
threshold=0.018444774993099638 3.5000000000000004 -0.10810810810810816 0.01080400984147966 0.0348658558479037 0.092105263157894815 4.5000000000000009 -0.20289855072463783 8.5000000000000018 471.50000000000006 1.5000000000000002 11.500000000000002 3259.5000000000005 2967.5000000000005 483.50000000000006 3383.5000000000005 3.1284025735609906 10.500000000000002 4.5000000000000009 8.5000000000000018 0.25032637075718023 -0.15341916856491719 3.0726933235204368 0.50043990813402872 0.37061819969168214 8.5000000000000018 2810.5000000000005 239.50000000000003 3.6737658356678335 5.5000000000000009
decision_type=10 2 8 8 10 10 2 8 2 2 2 2 2 2 2 2 2 2 2 2 10 8 2 10 8 2 2 2 2 2
left_child=2 10 5 15 7 9 14 -3 -8 -1 -2 -10 13 16 -5 18 17 -9 -4 20 22 -12 -20 -7 -13 26 27 -6 -28 -11
right_child=1 4 3 6 25 23 8 12 11 29 21 24 -14 -15 -16 -17 -18 -19 19 -21 -22 -23 -24 -25 -26 -27 28 -29 -30 -31
leaf_value=0.03518712585355447 0.0042081431346639017 0.029759027983712806 -0.045501516872285722 0.0042462358693815564 0.062522203023872167 0.080596684465222668 0.0037061361710044025 0.0086619011271421003 -0.023375959446114165 -0.016173901399762824 0.021954662612674189 0.022258054966936971 -0.011999038378889569 0.054423481509974628 -0.033463927307075883 -0.056769488559809816 0.0010855430184416827 0.038721408010754493 0.033666862975417336 -0.034952229418609031 0.0740608013159713 -0.017925699987444723 -0.021345518986708483 0.015379300188194861 -0.03629506951338219 0.018767685667912943 0.075785855721871437 0.0213901629606633 0.033488719885660378 0.0043712517883247098
leaf_weight=1098.4933127164841 6543.9817279577255 4990.9081586301327 2962.6928601861 1162.904717028141 843.77496287226677 622.68588276207447 6979.7754273563623 7393.4098450392485 6740.2962197363377 3839.6474395990372 742.08853533864021 1306.4755242913961 3674.9896073192358 2140.3834272027016 7010.159858956933 2322.0435241013765 18766.782043620944 2098.9995973259211 411.75596579909325 3227.4007201939821 208.31129056215286 10238.646925702691 2187.9618395417929 395.73190027475357 321.2950784265995 8364.8033964037895 945.24696666002274 5530.3908578455448 1012.5275294035673 4389.8305044323206
leaf_count=4828 28756 21167 14178 5253 3580 2561 31014 32251 30725 17379 3227 5806 16279 9044 32569 11380 82118 9087 1818 15114 893 46965 10176 1721 1433 35865 3881 23540 4192 19411
internal_value=-6.98432e-05 0.00928519 -0.0152422 -0.0212614 0.0147087 0.0050271 -0.0146221 0.00989633 -0.00744565 -0.000456713 -0.00797186 -0.0167473 0.00698703 0.00928225 -0.0280983 -0.0350566 0.0058632 0.0153088 -0.0294533 -0.0215756 -0.00620113 -0.0152305 -0.0126324 0.0552548 0.0107006 0.0259681 0.033197 0.026835 0.0539105 -0.00521455
internal_weight=118474 73286.9 45187.5 34841.1 55762.2 10346.4 23520.9 39065.5 15347.8 9327.97 17524.7 8368.07 34074.6 30399.6 8173.06 11320.2 28259.2 9492.41 8998.12 6035.43 2808.03 10980.7 2599.72 1018.42 1627.77 16696.7 8331.94 6374.17 1957.77 8229.48
internal_count=526211 319952 206259 160359 241004 45900 106800 169946 68978 41618 78948 37964 148779 132500 37822 53559 123456 41338 42179 28001 12887 50192 11994 4282 7239 71058 35193 27120 8073 36790
is_linear=0
shrinkage=0.05


Tree=7
num_leaves=31
num_cat=0
split_feature=10 9 32 32 28 5 32 33 33 32 10 32 33 28 33 5 9 12 32 33 33 32 32 26 32 32 33 33 12 20
split_gain=7065.67 2987.48 1960.09 1528.1 923.324 926.803 781.853 1363.01 1454.35 1099.39 779.134 737.04 723.448 550.939 658.992 474.011 435.533 427.282 397.385 579.172 393.785 369.535 351.989 379.046 335.755 339.24 357.899 470.668 326.88 378.598
threshold=0.025012409606712659 0.012538747225114671 3.5000000000000004 3.5000000000000004 0.076248567021735991 -0.16123901595881948 8.5000000000000018 2810.5000000000005 3243.5000000000005 10.500000000000002 0.0090325633293576145 1.5000000000000002 239.50000000000003 -0.043060805926917821 741.50000000000011 -0.13713080168776351 0.039406040505513287 0.14285714285714315 5.5000000000000009 3587.5000000000005 682.50000000000011 4.5000000000000009 8.5000000000000018 0.33094805294554397 6.5000000000000009 11.500000000000002 2953.5000000000005 3259.5000000000005 0.70000000000000073 0.15667456555867712
decision_type=10 8 2 2 10 8 2 2 2 2 8 2 2 10 2 10 10 10 2 2 2 2 2 10 2 2 2 2 10 10
left_child=1 10 15 11 5 -5 7 12 -9 16 -1 -3 -4 -7 20 -2 -8 -14 -12 22 -15 -16 23 -20 -6 26 -26 -28 29 -11
right_child=2 3 6 4 24 13 9 8 -10 28 18 -13 17 14 21 -17 -18 -19 19 -21 -22 -23 -24 -25 25 -27 27 -29 -30 -31
leaf_value=-0.049863509953042395 0.015936419747407334 -0.0027285705457186491 0.052478025661874872 0.015998547825990802 0.046443514556557222 -0.018436015224259663 -0.0077904415757427958 0.064232771174099521 0.0030961119207375291 -0.04879474258979466 -0.03370113003099056 -0.028999609827880704 0.069951256610825727 0.0084963965255607198 -0.030271373826990928 -0.0080368353279094019 0.017452666531301012 0.013919056682786625 -0.0051764117859547194 -0.054869407724175902 0.048598084600279451 -0.0040983870401486025 -0.021909407420128202 0.059503940972204995 0.00059361572470101364 0.049628527273951124 0.078647968972990201 -0.0066410998815004856 0.018970626429353508 0.047670548015427819
leaf_weight=3388.3902760744095 2586.862182751298 4063.1749195605516 1441.8090581893921 5575.3275647461414 996.99352709949017 7020.6546130031347 6355.9091520309448 3786.0084156543016 1309.1244603991508 107.87351112067699 5563.7495660185814 7785.2025331109762 348.83272889256477 2971.304608553648 1492.6161077320576 10161.250019535422 2337.0340342670679 13804.346507370472 3362.0808530300856 892.11142349243164 771.02485601603985 13979.105516344309 4384.2129512578249 242.87236651778221 2856.2733187973499 576.66822524368763 371.36326099932194 286.59313231706619 7770.1782359927893 1780.9905792474747
leaf_count=16945 11305 18281 6047 24004 4273 31876 27705 15461 5620 480 26410 36840 1429 13133 6814 45625 9962 58920 15309 4332 3357 62528 20356 1070 12460 2462 1558 1275 33125 7496
internal_value=-1.98721e-07 -0.0107742 0.0138505 -0.00436808 0.000648462 -0.00251478 0.0194088 0.0260727 0.0485245 0.011896 -0.028285 -0.0199905 0.0187373 -0.00644919 -0.0020693 -0.00317215 -0.00100402 0.0153001 -0.0232233 -0.0166594 0.0167585 -0.0066234 -0.0123927 -0.000818777 0.0204254 0.0140845 0.00825194 0.0414977 0.0235057 0.0421614
internal_weight=118370 66579.7 51790.2 48746.3 36897.9 31810 39042.1 20690.1 5095.13 18352 17833.4 11848.4 15595 26234.7 19214.1 12748.1 8692.94 14153.2 14445 8881.28 3742.33 15471.7 7989.17 3604.95 5087.89 4090.9 3514.23 657.956 9659.04 1888.86
internal_count=526458 303283 223175 218861 163740 141712 166245 87477 21081 78768 84422 55121 66396 117708 85832 56930 37667 60349 67477 41067 16490 69342 36735 16379 22028 17755 15293 2833 41101 7976
is_linear=0
shrinkage=0.05


Tree=8
num_leaves=31
num_cat=0
split_feature=10 10 32 32 32 33 32 20 32 33 33 32 33 28 38 7 33 33 9 7 33 33 9 11 32 33 38 5 28 32
split_gain=6425.81 2919.79 1680.9 1354.71 864.536 844.305 800.159 773.813 754.734 1137.11 1057.29 810.955 503.752 471.487 560.309 450.886 431.437 415.51 419.762 408.022 391.135 394.301 357.254 345.9 328.386 360.219 325.441 299.438 286.513 464.844
threshold=0.026468045335877276 0.015750964657555034 3.5000000000000004 3.5000000000000004 1.5000000000000002 3335.5000000000005 3.5000000000000004 0.59165441315637646 8.5000000000000018 2810.5000000000005 3243.5000000000005 10.500000000000002 239.50000000000003 0.099810352415976036 -0.1196709317871416 -0.33399801192842937 483.50000000000006 2967.5000000000005 0.0078327508413078336 -0.26857477221432746 741.50000000000011 682.50000000000011 0.039406040505513287 0.2553412301501532 8.5000000000000018 335.50000000000006 -0.10034602076128239 0.26119402985074586 -0.043060805926917821 4.5000000000000009
decision_type=10 8 2 2 2 2 2 10 2 2 2 2 2 10 8 10 2 2 10 10 2 2 10 10 2 2 10 8 10 2
left_child=1 5 19 4 16 6 -1 24 9 12 -11 15 -4 14 -9 -10 -3 20 -19 -2 21 -8 -17 -14 25 -5 -22 -6 -16 -30
right_child=2 3 8 7 27 -7 17 13 11 10 -12 -13 23 -15 28 22 -18 18 -20 -21 26 -23 -24 -25 -26 -27 -28 -29 29 -31
leaf_value=-0.040519461531774048 0.019076045622364896 0.025657390224540194 0.049357100286382717 0.042238555519988355 -0.029642754225526202 -0.051800508524444615 -0.0083904011998184817 0.025678098071702696 0.044931586860544465 0.061464366562788642 0.0031656025325435379 0.022795353216160195 0.078421089876319391 0.02341514977069507 -0.0090539222659011577 -0.010250315482180599 -0.0089911274788800257 -0.028646349369834252 0.030317087460249553 -0.0065651937630868892 0.025031561691830569 0.054205361078772052 0.014242706740856592 0.015589021102406585 -0.019783409822444611 -0.0060031388544334961 -0.024052027527443863 0.0061553976821601035 -0.020400114823381513 0.0060611857683133255
leaf_weight=4232.171682715416 1864.0577061027288 1202.136478766799 1308.6883779466152 436.86494988203049 7726.1894552409649 2725.9896155148745 1116.4221723079681 2470.6058562546968 528.92371486127377 3559.2221447825432 995.15592221915722 8591.8513466715813 223.08614398539066 3126.6346110403538 5776.024477943778 4975.4941871613264 3556.3044823408127 451.87306249141693 909.0962201654911 9252.2252250015736 350.65504248440266 324.76547646522522 2124.4843346774578 12083.326123252511 5213.2802721560001 3387.1208783835173 9145.146600946784 631.9301094263792 1829.2979128658772 17899.697991803288
leaf_count=20767 8046 5242 5426 1893 36785 13811 5101 10521 2188 14418 4254 36328 899 13326 25817 21781 16076 2206 4164 41602 1548 1448 9044 51285 23861 15084 42678 2972 8242 78930
internal_value=-9.07533e-05 -0.00933326 0.0146367 -0.00330016 -0.0172505 -0.0260188 -0.0217671 0.00125845 0.0201001 0.0270988 0.0487258 0.0122607 0.0198643 0.00500063 0.00294257 0.000396309 -0.000237788 -0.0153138 0.0107399 -0.00226549 -0.0185558 0.00571529 -0.00292141 0.016728 -0.0116205 -0.000491846 -0.0222395 -0.0269362 0.00074024 0.00360766
internal_weight=118019 72512.2 45506.5 53256.1 13116.6 19256.1 16530.1 40139.5 34390.2 18169.5 4554.38 16220.8 13615.1 31102.3 27975.6 7628.9 4758.44 12298 1360.97 11116.3 10937 1441.19 7099.98 12306.4 9037.27 3823.99 9495.8 8358.12 25505 19729
internal_count=525743 330472 195271 238749 61075 91723 77912 177674 145623 76282 18672 69341 57610 136836 123510 33013 21318 57145 6370 49648 50775 6549 30825 52184 40838 16977 44226 39757 112989 87172
is_linear=0
shrinkage=0.05


Tree=9
num_leaves=31
num_cat=0
split_feature=7 38 32 33 32 34 32 7 38 28 7 33 32 32 33 33 32 26 8 32 33 33 33 33 33 33 28 8 8 12
split_gain=4175.24 3687.02 1795.62 1370.77 1304.15 987.354 753.798 698.973 635.766 631.879 627.939 587.4 582.857 509.743 446.143 616.719 619.352 424.179 394.761 476.064 371.005 706.778 354.183 349.704 342.966 337.393 462.201 293.522 293.488 291.84
threshold=-0.22749407582938388 0.039605539098391825 3.5000000000000004 3606.5000000000005 4.5000000000000009 2.8763815484389119 8.5000000000000018 -0.14254141757511815 -0.16362417354808464 0.08121348777113406 -0.16646059467348354 2558.5000000000005 11.500000000000002 10.500000000000002 959.50000000000011 1378.5000000000002 8.5000000000000018 0.27105745132060927 0.049725432121928821 1.5000000000000002 508.50000000000006 640.50000000000011 428.50000000000006 3243.5000000000005 916.50000000000011 755.50000000000011 -0.081784872559349797 0.0061015497856679044 0.41567446255610679 0.14285714285714315
decision_type=8 10 2 2 2 2 2 8 10 10 10 2 2 2 2 2 2 10 10 2 2 2 2 2 2 2 10 10 8 10
left_child=8 2 10 5 -3 13 11 22 -1 17 -2 28 -8 14 -4 -16 29 25 -12 -20 -10 -22 -7 -13 -24 26 -9 -15 -6 -17
right_child=1 4 3 -5 6 7 12 9 20 -11 18 23 -14 27 15 16 -18 -19 19 -21 21 -23 24 -25 -26 -27 -28 -29 -30 -31
leaf_value=0.038191056558190981 -0.008705248276308003 -0.0061763049812182304 0.027969898566910456 -0.043384664055681782 0.011855469382416106 0.021281131865591565 0.00042355391607410212 -0.033270808392981667 0.032667747407872455 0.011808746060728145 -0.040610408586246094 0.050812262516096808 0.029055183430210629 -0.0047978791021653609 -0.026833801032559626 0.06140336798053099 -0.021458807361611876 -0.0088505393498782611 -0.0050242596567124324 -0.031743318415234111 -0.025843417474964422 0.016399263912332471 -0.019381525988206569 0.014174387260128381 0.0023528436451057716 -0.027618395247744898 0.0090835639695709819 0.039817948417240415 0.033312463754670694 0.013887689287059175
leaf_weight=4335.1530944406986 4628.757680311799 8547.1475929170847 1534.8241551667452 2330.7768785506487 5604.0225696861744 1924.1128031611443 7804.7605568766594 1048.0695072412491 2824.4909631758928 2388.5078908503056 5317.7132224440575 2791.6144687831402 2301.7040546387434 464.04604072868824 1804.485745921731 362.49990870058537 1315.5934277325869 12249.122671276331 2506.861423060298 4976.6870437115431 1091.0513387322426 10711.670820116997 2255.0873522311449 849.48859402537346 9302.6659848093987 8026.4563791751862 1671.2799538224936 1793.0447930693626 2226.9380336254835 2977.3310431391001
leaf_count=18060 21395 38812 6675 11464 24138 8299 34108 4969 11979 10429 26421 11396 9784 2130 7978 1520 5942 54709 11356 23905 4700 45857 9899 3644 40857 38149 7562 7782 9357 13120
internal_value=-0.000119759 -0.0042365 -0.0106178 -0.00591885 0.0103535 -0.00414097 0.0169008 -0.00778187 0.021374 -0.0126686 -0.0244877 0.0256721 0.00694428 0.00966194 0.00373791 -0.00201943 0.00759886 -0.0152111 -0.0301944 -0.0227929 0.0163898 0.0124943 0.00141879 0.0422645 -0.00188785 -0.0224615 -0.00724031 0.0306452 0.0179573 0.019045
internal_weight=117966 99003.6 68877.9 51447.9 30125.7 49117.1 21578.5 38865.3 18962.4 25383.4 17430 11472.1 10106.5 10251.8 7994.73 6459.91 4655.42 22994.9 12801.3 7483.55 14627.2 11802.7 13481.9 3641.1 11557.8 10745.8 2719.35 2257.09 7830.96 3339.83
internal_count=526396 445800 314561 231484 131239 220020 92427 174873 80596 115818 83077 48535 43892 45147 35235 28560 20582 105389 61682 35261 62536 50557 59055 15040 50756 50680 12531 9912 33495 14640
is_linear=0
shrinkage=0.05


Tree=10
num_leaves=31
num_cat=0
split_feature=10 10 5 37 5 38 33 5 33 33 10 12 34 38 13 33 33 0 33 33 9 33 10 33 33 33 38 38 33 33
split_gain=5352.62 2535.5 1040.32 1065.53 891.269 692.872 566.254 464.809 376.333 782.025 380.706 340.534 340.432 335.153 331.644 324.801 316.93 266.855 251.078 248.119 247.587 245.457 240.234 236.12 233.276 229.736 225.302 224.868 242.974 288.344
threshold=0.026468045335877276 0.013758605754457856 -0.16372593811531891 0.0014022436459792955 -0.18181818181818157 0.20099375400763578 3335.5000000000005 -0.072289156626505244 3243.5000000000005 3090.5000000000005 0.046613023902263094 0.17142857142857021 2.7694539157329841 -0.14484864318315635 0.0060523910134721 3158.5000000000005 520.50000000000011 0.094799447218713265 119.50000000000001 916.50000000000011 0.019753463149264679 65.500000000000014 0.0085999904843141288 3304.5000000000005 457.50000000000006 1503.5000000000002 -0.0086645036002120906 -0.17659709553515188 2810.5000000000005 2859.5000000000005
decision_type=10 8 8 10 10 10 2 10 2 2 10 10 2 10 10 2 2 10 2 2 8 2 10 2 2 2 10 10 2 2
left_child=1 6 13 7 27 8 12 17 9 10 11 -6 -1 -3 -9 22 -13 21 -15 -18 -5 -4 -14 -10 -23 -20 -16 -2 -29 -30
right_child=4 2 3 20 5 -7 -8 14 23 -11 -12 16 15 18 26 -17 19 -19 25 -21 -22 24 -24 -25 -26 -27 -28 28 29 -31
leaf_value=0.0028027910097637772 0.044782440725625067 0.0303482368781555 -0.022747740518335072 -0.0046042855885157974 0.039534548148443968 0.027006975365121651 -0.052566354384127226 -0.049796387981940637 -0.034842762602461462 0.04521821251932958 0.028825377465106009 0.015237160234462003 -0.04685633556920224 0.073155597881022147 -0.022004791783115568 0.012768986790941184 -0.011256916572479509 0.082640036214241444 -0.0035148859928355982 0.0041922676488593312 0.006036301885442851 0.013270313974704196 -0.025590784010002716 -0.0018145115506505002 -0.0069075963084981777 0.014656202789169018 -0.0097994725054284006 0.019129941670640076 0.085783255008232445 0.03028159050414659
leaf_weight=1039.3368849158287 1675.6481519043446 1847.0567423552275 1965.2620000690222 10074.187306895852 724.23920571804047 5209.3110199421644 2147.3122851550579 822.70425786077976 679.90684331953526 1431.7498337626457 1916.9629289209843 5607.401417478919 1636.8819253146648 138.29786878824234 9683.5375522822142 477.15110424160957 3086.3909156322479 84.379593715071678 3660.0299965590239 16453.8111564219 11953.4744284302 1731.4042295515537 7039.5967461913824 2651.1529283970594 8293.7272591739893 3314.7962488383055 6203.015068680048 4962.2076470553875 307.01405809819698 984.15728425979614
leaf_count=4855 6851 7762 9162 45624 2978 22027 11542 4026 3031 5854 8107 23979 8463 590 45123 2257 13402 369 15995 71316 52744 7736 34233 11629 37858 14438 28378 20815 1231 4131
internal_value=-0.000113256 -0.0085969 -0.00433688 -0.0071069 0.0132764 0.0100764 -0.0292309 -0.0134409 0.00736697 0.00918214 0.00732547 0.00573244 -0.0243149 0.0113714 -0.0188421 -0.027394 0.00475896 -0.00596662 0.00644372 0.00175206 0.00116991 -0.00659017 -0.0296027 -0.00855595 -0.00342274 0.00512095 -0.0172391 0.0285161 0.0241574 0.0434787
internal_weight=117802 72112.2 59771.9 50811.7 45690 37760.9 12340.3 28784 32551.6 29220.6 27788.8 25871.8 10193 8960.18 16709.3 9153.63 25147.6 12074.8 7113.12 19540.2 22027.7 11990.4 8676.48 3331.06 10025.1 6974.83 15886.6 7929.03 6253.38 1291.17
internal_count=526506 331155 269805 231020 195351 162323 61350 132652 140296 125636 119782 111675 49808 38785 77527 44953 108697 55125 31023 84718 98368 54756 42696 14660 45594 30433 73501 33028 26177 5362
is_linear=0
shrinkage=0.05


Tree=11
num_leaves=31
num_cat=0
split_feature=10 9 5 28 38 28 10 10 33 10 28 33 33 5 38 33 33 33 33 33 26 33 33 34 33 33 33 33 37 33
split_gain=5018.3 2223.75 1000.78 799.858 724.626 740.112 610.665 570.629 447.545 362.635 356.702 359.408 354.782 319.601 317.206 312.067 346.455 301.792 296.56 388.757 244.934 237.077 231.097 225.325 281.574 255.075 466.514 249.743 224.367 226.912
threshold=0.024107893437968684 0.0120361955893115 -0.15637860082304575 0.1020635283452553 -0.11473927181861136 0.071887443187932568 0.0090325633293576145 0.032443104957051654 1462.5000000000002 0.015750964657555034 -0.044901851040869432 741.50000000000011 682.50000000000011 -0.083003952569169856 -0.16977758632655812 741.50000000000011 682.50000000000011 3259.5000000000005 2810.5000000000005 3243.5000000000005 0.72655202747989289 916.50000000000011 508.50000000000006 2.9418004506160189 1802.5000000000002 3090.5000000000005 3259.5000000000005 2295.5000000000005 0.0070558050031684924 471.50000000000006
decision_type=10 8 10 10 8 10 8 10 2 8 10 2 2 8 10 2 2 2 2 2 10 2 2 2 2 2 2 2 10 2
left_child=1 6 14 7 20 9 -1 28 -5 -6 13 12 -12 -11 -2 16 -8 -10 -16 -20 -3 -13 -9 24 -7 27 -27 -25 29 -4
right_child=2 4 3 8 5 23 15 22 17 10 11 21 -14 -15 18 -17 -18 -19 19 -21 -22 -23 -24 25 -26 26 -28 -29 -30 -31
leaf_value=-0.046088363825043659 0.04016877873855413 0.024293427442316162 0.01104021124036373 0.0063481152456008362 -0.019493197776578548 0.046732190300537053 -0.0091350930468438885 0.024650443353321467 0.033840890953405693 -0.0019697911671601558 0.0032674055348340539 -0.028281600844075473 0.042535565527773933 -0.023193523095094273 0.015090939274140906 -0.024560592840069954 0.064819756479416943 -0.011942196820862172 0.056436534677857177 0.011255736323460844 -0.0092415829724975026 -0.0051319727807834226 0.0085267321885027832 0.0053941219863773773 -0.0016690206800216573 0.060861834905686321 -0.0082259015841500797 -0.02413395998426289 0.0049748666042311639 -0.0083448274636852664
leaf_weight=3149.4378482252359 2323.8389736562967 2745.4923888146877 1757.9364114105701 3116.1314538121223 6823.4313378483057 774.88596919178963 1478.2552040666342 2694.97039963305 4745.2151790559292 2720.3989242613316 4075.7140505164862 1192.5521298199892 669.71826307475567 5097.6781461089849 7570.3184323608875 10555.380461737514 177.36355055868626 389.49092747271061 1106.3155524283648 835.81342327594757 679.19294252991676 15232.012561038136 12670.987360998988 3585.0347466617823 490.80603751540184 508.60193498432636 470.27668555080891 894.81629467010498 8385.4453624486923 10686.706408008933
leaf_count=16977 9464 11885 7598 13218 32280 3339 6938 11360 19716 12305 18229 5532 2887 24045 31873 51387 813 1741 4542 3541 2949 69369 54326 15829 2152 2103 2115 4011 36479 47437
internal_value=-9.2633e-05 -0.00998776 0.0106882 0.00724758 -0.00448327 -0.00626469 -0.026458 0.0040452 0.0212963 -0.00912265 -0.00668156 -0.00331099 0.00880928 -0.0158085 0.0236082 -0.021395 -0.00121244 0.030368 0.0195625 0.0369926 0.0176427 -0.00681282 0.0113546 0.00895566 0.0279633 0.00454843 0.0276704 -0.000503889 -0.00134681 -0.00560649
internal_weight=117604 61321 56283.2 44446.9 45960.6 42535.9 15360.4 36196 8250.84 35811.5 28988.1 21170 4745.43 7818.08 11836.3 12211 1655.62 5134.71 9512.45 1942.13 3424.69 16424.6 15366 6724.42 1265.69 5458.73 978.879 4479.85 20830.1 12444.6
internal_count=526440 285145 241295 191875 209030 194196 76115 157200 34675 164647 132367 96017 21116 36350 49420 59138 7751 21457 39956 8083 14834 74901 65686 29549 5491 24058 4218 19840 91514 55035
is_linear=0
shrinkage=0.05


Tree=12
num_leaves=31
num_cat=0
split_feature=10 32 10 10 32 32 34 32 33 33 33 32 32 33 32 32 32 33 33 34 7 34 33 33 33 28 33 5 32 33
split_gain=4580.99 2098.2 1394.24 1092.5 881.37 674.015 645.522 560.296 705.689 581.574 530.57 525.562 512.996 1000.62 495.277 459.678 544.45 673.737 454.683 425.933 403.328 401.929 400.866 792.791 398.833 377.553 375.455 372.873 494.418 438.752
threshold=0.019448687853969224 3.5000000000000004 0.011122494897799077 0.028706876025294158 3.5000000000000004 1.5000000000000002 2.8986667661772656 8.5000000000000018 2810.5000000000005 3243.5000000000005 239.50000000000003 10.500000000000002 8.5000000000000018 279.50000000000006 5.5000000000000009 11.500000000000002 8.5000000000000018 653.50000000000011 3335.5000000000005 3.1966281249249193 -0.23345945868619819 4.0664589915953142 2529.5000000000005 3259.5000000000005 119.50000000000001 -0.055699281960336189 547.50000000000011 -0.17622950819672104 4.5000000000000009 2400.5000000000005
decision_type=10 2 8 10 2 2 2 2 2 2 2 2 2 2 2 2 2 2 2 2 10 2 2 2 2 10 2 10 2 2
left_child=2 5 -1 10 24 25 18 8 -5 21 -3 -9 13 -8 -15 16 17 26 -6 -13 -7 -10 27 -24 -4 -2 -12 -19 -29 -30
right_child=1 3 4 7 6 20 12 11 9 -11 15 19 -14 14 -16 -17 -18 22 -20 -21 -22 -23 23 -25 -26 -27 -28 28 29 -31
leaf_value=-0.036590252979377166 0.047457708711920912 0.038757236697713554 0.011821553520497617 0.018994275294803329 0.015368770220395315 0.004243513505340378 0.049802744962723633 0.00078922223199698414 0.06504447231872286 0.0014079513877168456 0.0043214324482605858 0.036871288201708118 -0.017447016750132157 -0.020518311986514812 0.0033485128686796661 0.021574829148028732 -0.0071153443950000691 0.027654559578279128 -0.042137031880465747 0.011522075172798582 -0.019331712976701908 0.026501747831241193 0.047461905917906555 0.0017338272530726838 -0.028117261698704196 0.0014004315565600658 -0.031727273395653795 -0.024197659346256336 0.013096882325670418 -0.024038531095175009
leaf_weight=5848.9745899438858 475.04491351544857 1133.7210686206818 684.6352805942297 10896.965035304427 4467.3358092606068 2239.569395929575 871.3525770008564 6284.5875482410192 2159.250100851059 661.99495220184326 1383.5913663655519 2575.7534210085869 9938.1833886057138 3650.045809417963 5374.1271094977856 3288.62398442626 10525.932457566261 1755.3816597610712 372.38934583961964 4646.3494790643454 9551.9356241077185 984.94299393892288 2005.3617196083069 1797.3577283471823 7186.6989031434059 7026.2413527667522 1511.2407362759113 1452.2818068414927 5776.4081347584724 922.40783552825451
leaf_count=30937 2066 4775 3060 45452 19937 9772 3768 26971 8669 2801 5933 10630 46486 16896 24300 14190 46789 7379 1794 19479 45302 3964 8336 7924 35586 30891 6589 6595 25237 4059
internal_value=5.48834e-05 0.00693651 -0.0141148 0.0115647 -0.0100755 -0.00740003 -0.00542799 0.0187143 0.0254681 0.0440026 0.00517249 0.0113623 -0.00942302 -0.00136442 -0.006305 0.00392076 0.00178078 0.00742038 0.010944 0.0205628 -0.0148541 0.0529707 0.0120486 0.0258485 -0.0246435 0.00431717 -0.0144977 0.00675135 0.00224973 0.00798344
internal_weight=117449 79054.9 38393.7 59762.2 32544.8 19292.8 24673.4 28209.8 14703.2 3806.19 31552.3 13506.7 19833.7 9895.53 9024.17 30418.6 27130 16604 4839.73 7222.1 11791.5 3144.19 13709.2 3802.72 7871.33 7501.29 2894.83 9906.48 8151.1 6698.82
internal_count=526567 343803 182764 255772 151827 88031 113181 117966 60886 15434 137806 57080 91450 44964 41196 133031 118841 72052 21731 30109 55074 12633 59530 16260 38646 32957 12522 43270 35891 29296
is_linear=0
shrinkage=0.05


Tree=13
num_leaves=31
num_cat=0
split_feature=10 32 10 32 9 32 32 32 38 34 10 34 32 32 32 11 34 11 38 9 34 9 34 13 11 34 32 13 7 38
split_gain=4227.98 2096.18 1552.98 877.434 723.453 701.837 787.268 640.367 634.207 596.94 501.468 472.54 462.172 458.158 415.371 397.014 380.119 365.617 321.653 313.089 302.545 286.405 273.384 272.489 267.259 249.789 244.141 288.098 198.122 194.406
threshold=0.016199527970660942 3.5000000000000004 0.028706876025294158 1.5000000000000002 0.0060869482078281635 8.5000000000000018 11.500000000000002 3.5000000000000004 -0.14484864318315635 2.8535883538621087 0.030428072243787716 3.3745966083161845 8.5000000000000018 10.500000000000002 6.5000000000000009 0.58641559887804939 3.1966281249249193 0.71501392121914531 -0.070319413564373975 0.039406040505513287 2.8986667661772656 0.01065372904819405 1.3216669431912595 0.040639439913249593 0.36865483555692297 4.8793869352545185 11.500000000000002 0.030454893518531267 -0.20121659097459707 0.20099375400763578
decision_type=8 2 10 2 10 2 2 2 10 2 8 2 2 2 2 10 2 10 8 10 2 10 2 10 8 2 2 10 10 10
left_child=4 3 5 18 -1 8 11 -6 -3 28 25 17 21 19 23 -8 -15 -7 -2 -14 -17 -4 -23 -10 -16 -5 27 -11 -9 -24
right_child=1 2 12 10 7 6 15 9 14 26 -12 -13 13 16 24 20 -18 -19 -20 -21 -22 22 29 -25 -26 -27 -28 -29 -30 -31
leaf_value=-0.044072235444456959 0.027565495359332254 0.037198531014855055 0.058536520746847155 -0.026021566852686889 -0.034051771841437921 -0.020653377458966813 -0.011014361397609203 0.064782984045905004 -0.0036820441984372204 -0.022645868409354473 -0.0023595009050923019 -0.017182312983182773 -0.0073544732303882747 0.03490643910355834 0.063085835182274924 0.047737550576052321 0.010996106666930714 0.0064522008564763759 -0.00028636162887959164 0.015939387691594354 0.013636635821099802 0.086672360543521371 0.019061284726108803 0.012819211141707696 0.012849045568337852 -0.0039056844869104408 0.0073544488373560521 -0.00067120780992837702 0.0084693056770516872 0.03532533594972425
leaf_weight=2895.824550896883 1191.7226046323776 1781.3178108334541 568.32114697992802 8447.3491133898497 4189.3494434207678 1618.0682202577591 1307.959987282753 170.2679591178894 9845.9038079977036 8092.6488303989172 4369.7079318612814 8885.3925667703152 4010.3596790581942 2576.4249133616686 272.796421661973 823.31273277103901 4684.487980350852 5382.592485293746 7964.8515443503857 2252.899836614728 3097.4195094704628 163.22292202711105 11830.503025889397 3354.0787711292505 8970.2929646372795 1504.0780083686113 997.48334692418575 1828.5615852028131 1888.6379233598709 2175.1621232777834
leaf_count=16056 5137 7393 2294 40980 21718 7575 5940 729 43631 39360 19779 40499 17419 10570 1150 3472 19595 23730 35323 9455 13400 663 49044 14462 38866 7261 4777 8393 8671 8869
internal_value=-5.95136e-05 0.00425883 0.00840847 -0.00874994 -0.0209548 0.00267428 -0.00398895 -0.0170552 0.00848217 -0.0115684 -0.016479 -0.00952789 0.0176077 0.0109331 0.00620293 0.0128397 0.0194803 0.000187267 0.00333854 0.00102435 0.0207975 0.0237329 0.022337 0.000510879 0.0143317 -0.0226789 -0.0162251 -0.0185958 0.0131263 0.0215872
internal_weight=117141 97078.2 73600.5 23477.7 20062.8 45339.1 21114.7 17166.9 24224.4 12977.6 14321.1 15886.1 28261.4 13524.2 22443.1 5228.69 7260.91 7000.66 9156.57 6263.26 3920.73 14737.2 14168.9 13200 9243.09 9951.43 10918.7 9921.21 2058.91 14005.7
internal_count=526211 426507 318027 108480 99704 200118 94616 83648 105502 61930 68020 71804 117909 57039 98109 22812 30165 31305 40460 26874 16872 60870 58576 58093 40016 48241 52530 47753 9400 57913
is_linear=0
shrinkage=0.05


Tree=14
num_leaves=31
num_cat=0
split_feature=9 32 32 32 33 13 11 32 38 8 33 33 34 26 26 32 33 33 33 32 38 32 33 34 38 26 33 33 33 34
split_gain=3354.89 1504.01 986.02 1351.53 1016.67 932.916 923.2 884.965 785.512 639.41 596.948 681.641 534.033 526.248 474.887 463.15 595.251 483.455 758.789 413.139 411.772 408.749 353.144 348.088 339.074 329.524 326.916 547.581 480.458 337.006
threshold=0.017920188772626255 3.5000000000000004 4.5000000000000009 8.5000000000000018 119.50000000000001 0.010866293589285852 0.36865483555692297 10.500000000000002 -0.15839136775853699 0.35331337325349316 755.50000000000011 335.50000000000006 3.1201574153827991 0.30694635919288132 0.37462681246602331 8.5000000000000018 252.50000000000003 2810.5000000000005 3259.5000000000005 10.500000000000002 -0.10407380805018888 1.5000000000000002 252.50000000000003 3.3114545906747828 -0.17659709553515188 0.26688646041539937 875.50000000000011 627.50000000000011 428.50000000000006 2.8535883538621087
decision_type=10 2 2 2 2 8 10 2 8 10 2 2 2 10 8 2 2 2 2 2 10 2 2 2 10 10 2 2 2 2
left_child=2 21 4 6 -1 24 -4 10 -3 12 11 -7 19 22 26 16 -14 -18 -19 -10 -6 -2 -8 25 -5 -13 27 28 -9 -28
right_child=1 8 3 5 20 7 13 14 9 -11 -12 23 15 -15 -16 -17 17 18 -20 -21 -22 -23 -24 -25 -26 -27 29 -29 -30 -31
leaf_value=0.038095482304861518 0.003240809444770662 0.032155932967473336 0.046700945636451385 0.10356478247756391 0.0063283207456692166 -0.029378256299669142 0.062603775093431638 -0.015709004021234842 0.0089176922835899879 0.019845316175986574 -0.031564927155300439 0.096953550339920064 0.038002799434105561 0.016306547507640594 -0.035104262288368424 -0.0043200664696953269 -0.00060417652381967123 0.043011585889385487 -0.0052972018751813012 0.028153094595623963 -0.027783395932920077 -0.012373448705765037 -0.0077536630091680856 0.0076955436306812321 -0.046852476262248061 -0.03087152107629736 0.047750667222024375 -0.050793464619099372 0.079150978065681277 0.009854934870801281
leaf_weight=663.6565203666687 6765.1020888984203 3801.7521620541811 1242.8581466674805 38.052323639392853 953.43176738917828 791.12925754487514 182.61107471585274 348.68702614307404 11210.46667842567 10324.396175667644 4912.8050881326199 281.92922401428223 1513.5066197067499 3933.624770924449 648.98928371071815 14349.224825873971 9930.1682555377483 1826.130398735404 1464.9046248793602 3717.0421657264233 12269.805223628879 11016.956256523728 7642.5838216841221 464.34745216369629 2432.3678215742111 61.399604558944702 754.72729276120663 511.81418415904045 216.28015065193176 2634.7716852277517
leaf_count=2901 29666 15502 5234 178 4390 3910 780 1598 48026 43053 23619 1237 6292 17305 3020 63020 42899 7443 6427 15573 61930 52052 35710 2102 12993 273 3345 2363 951 12331
internal_value=6.8427e-05 0.00629188 -0.0114595 -0.00590786 -0.022293 -0.0166314 0.00571931 -0.0107024 0.010184 0.00864663 -0.0229286 0.00360891 0.00601959 0.00138772 0.00486121 0.00207376 0.00830032 0.00490011 0.0215084 0.0137074 -0.0253238 -0.00643308 -0.00611178 0.0359203 -0.0445356 0.0740938 0.0106685 -0.0133319 0.0206052 0.018293
internal_weight=116906 75919.7 40985.9 27099 13886.9 14097.3 13001.7 11626.9 58137.6 54335.8 6511.61 1598.81 44011.4 11758.8 5115.27 29083.9 14734.7 13221.2 3291.04 14927.5 13223.2 17782.1 7825.19 807.676 2470.42 343.329 4466.28 1076.78 564.967 3389.5
internal_count=526123 329953 196170 126949 69221 67920 59029 54749 248235 232733 31141 7522 189680 53795 23608 126081 63061 56769 13870 63599 66320 81718 36490 3612 13171 1510 20588 4912 2549 15676
is_linear=0
shrinkage=0.05


Tree=15
num_leaves=31
num_cat=0
split_feature=10 10 32 33 32 32 32 28 5 38 34 33 33 33 34 7 26 33 33 32 33 32 33 33 5 32 32 38 33 33
split_gain=3537.16 1751.08 1098.49 775.028 669.724 653.026 599.945 599.385 694.52 606.984 587.156 475.557 450.224 709.991 519.558 396.758 360.071 359.65 350.408 350.314 328.106 306.551 325.469 297.524 257.317 256.304 371.44 255.418 252.166 267.972
threshold=0.016199527970660942 0.028828398726537707 3.5000000000000004 3335.5000000000005 1.5000000000000002 3.5000000000000004 3.5000000000000004 0.077940693059680169 -0.076888615127144164 -0.0015321576030484228 2.8650498914867879 226.50000000000003 3259.5000000000005 2810.5000000000005 4.0543898706079506 -0.30616475395060982 0.67643158058979569 2967.5000000000005 265.50000000000006 7.5000000000000009 471.50000000000006 8.5000000000000018 226.50000000000003 3304.5000000000005 -0.051634205042357877 7.5000000000000009 11.500000000000002 0.03472142382662214 442.50000000000006 119.50000000000001
decision_type=8 10 2 2 2 2 2 10 8 10 2 2 2 2 2 10 10 2 2 2 2 2 2 2 10 2 2 10 2 2
left_child=3 2 4 5 20 27 24 8 11 21 -7 -4 13 15 19 -8 -13 18 -12 -15 28 22 -10 -14 -3 -9 -27 -1 29 -2
right_child=1 6 7 -5 -6 10 12 25 9 -11 17 16 23 14 -16 -17 -18 -19 -20 -21 -22 -23 -24 -25 -26 26 -28 -29 -30 -31
leaf_value=-0.037423164368384568 0.028904411395205248 0.013055426708826007 0.047258194512447588 -0.044786749195806733 -0.021574313253638139 0.014609920468599781 0.030385659824488338 0.030110368160092778 0.032896407471434623 0.0029687329656069247 0.049542984616522089 0.010548102842305087 -0.03682997478143598 0.062529983657886951 0.010904608310089839 0.01089010765180963 -0.0071444505304340371 0.011259249886975187 -0.01908535331709273 0.030998863855351045 -0.0058909253527622326 -0.019754253927800055 -0.0081078737993571879 0.0049777840314509832 -0.0050942275897902381 0.0020636985133115041 0.041509689077632472 -0.0016505967309239306 0.077201952465105458 -0.030909954710952411
leaf_weight=3649.2057269513607 746.02109628915787 2948.9473175108433 739.06001068651676 2596.2266822457314 9141.5803667604923 2056.0088622719049 3068.7536453306675 2286.9533946663141 546.72561728954315 11170.383255213499 189.72253762185574 11720.145930886269 553.97381946444511 1602.5373482406139 1601.5246731340885 17446.85198995471 3810.7562014758587 1202.4024172127247 9472.5498814582825 1956.1346850693226 4243.1909597367048 7194.8103545457125 4213.9890071004629 1835.6205622106791 5781.5350189208984 3314.7557379454374 727.83075499534607 578.02887074649334 186.7720822095871 249.99665254354477
leaf_count=19739 3184 12828 3054 14751 45231 9294 12422 9530 2312 49368 862 51116 2515 6456 6530 72897 16320 5843 46385 8053 19257 33825 19006 7776 26084 14249 3022 2960 820 1086
internal_value=-3.54715e-05 0.0038878 -0.0013579 -0.0193276 -0.0133148 -0.015473 0.0124833 0.00245143 0.000156838 -0.00541157 -0.00989199 0.0080717 0.0160442 0.0179762 0.0345546 0.0138063 0.00620695 -0.0145287 -0.0177378 0.0451979 0.000600585 -0.0132415 -0.0033989 -0.00471441 0.00103629 0.0167332 0.00916559 -0.0325317 0.0238885 0.0138912
internal_weight=116833 97088.9 60293 19744.1 14567.6 17147.9 36795.9 45725.4 39395.9 23125.9 12920.7 16270 28065.4 25675.8 5160.2 20515.6 15530.9 10864.7 9662.27 3558.67 5425.98 11955.5 4760.71 2389.59 8730.48 6329.54 4042.59 4227.23 1182.79 996.018
internal_count=526775 426941 271380 99834 69578 85083 155561 201802 175001 104511 62384 70490 116649 106358 21039 85319 67436 53090 47247 14509 24347 55143 21318 10291 38912 26801 17271 22699 5090 4270
is_linear=0
shrinkage=0.05


Tree=16
num_leaves=31
num_cat=0
split_feature=10 10 32 33 32 32 33 32 33 33 32 34 32 32 33 33 38 34 33 33 34 28 33 28 33 33 33 32 12 33
split_gain=3267.42 1658.92 1107.76 714.596 611.352 590.371 898.078 802.108 697.89 1039.73 557.771 568.115 500.523 445.534 727.707 541.34 536.774 418.204 412.837 625.204 463.155 404.402 371.151 357.993 346.421 592.57 474.116 354.616 327.662 327.6
threshold=0.015869103224557504 0.029460381800001087 3.5000000000000004 3335.5000000000005 1.5000000000000002 8.5000000000000018 226.50000000000003 11.500000000000002 2529.5000000000005 3274.5000000000005 3.5000000000000004 2.9096258622311582 3.5000000000000004 5.5000000000000009 2142.5000000000005 653.50000000000011 -0.11708306650041116 2.8875862353714372 3243.5000000000005 2810.5000000000005 4.0664589915953142 -0.013332768075943394 615.50000000000011 0.1020635283452553 1543.5000000000002 1430.5000000000002 741.50000000000011 10.500000000000002 5.1214285714285745 1043.5000000000002
decision_type=8 10 2 2 2 2 2 2 2 2 2 2 2 2 2 2 10 2 2 2 2 10 2 10 2 2 2 2 8 2
left_child=3 2 4 10 -2 6 -4 17 13 -10 -1 -12 -3 16 15 -15 22 24 19 -14 -21 -9 -8 -13 25 26 -7 -26 -6 -24
right_child=1 12 5 -5 28 7 8 21 9 -11 11 23 18 14 -16 -17 -18 -19 -20 20 -22 -23 29 -25 27 -27 -28 -29 -30 -31
leaf_value=-0.031904089790868166 0.0001196730349299905 0.0017220856399445602 0.044152578906059892 -0.04466826537271653 -0.02411707772901775 0.040246783847537937 -0.018822476430029721 -0.004807771509100868 0.042664496230105237 -0.00089483647103767846 0.01367718083154351 -0.017700709539284751 0.013873545691771162 -0.0077682948359450547 -0.024486508675025817 0.019084278528432207 -0.014527800542161249 -0.012774843247886575 -0.0039338468482795616 0.044261244861050736 0.0099618848931817446 0.023147637295935553 0.076110929758773871 0.019231839225929543 -0.024898618236471871 0.067221985114546259 -0.021062593372558266 0.027148401597210037 0.0029486979266020227 0.014681137986716816
leaf_weight=3890.8788814246655 5763.0150631964207 8129.6827838122845 1591.2191312462091 2408.4245053827763 8316.8576175123453 531.16426257789135 416.64387708902359 2023.9980561584234 2769.3139816522598 2711.0021539926529 2074.4792042970657 9258.920065626502 19128.678414642811 2525.777857542038 1568.5982506722212 7305.7242378890514 6330.6605924963951 13364.514662593603 2380.7574476003647 3342.6743907183409 1394.9611549973488 3585.1842251718044 350.31040459871292 706.18411354720592 1151.7050968110561 513.8857196867466 776.04381380975246 457.18467357754707 1291.915779709816 570.45633894205093
leaf_count=21334 25869 36190 6586 14131 41660 2284 1759 9013 11472 12007 9384 45969 79305 10877 6891 31560 28340 61204 10225 13626 5674 15360 1435 3245 5244 2210 3425 1991 6276 2384
internal_value=9.06796e-05 0.00370556 -0.00105825 -0.0192842 -0.0127558 0.0026459 0.00775068 -0.00331014 0.00539113 0.0211166 -0.0154465 -0.0101279 0.0125627 0.000871533 0.00713976 0.0121857 -0.00844742 -0.0087777 0.0159204 0.017901 0.0341621 0.0130603 0.0203342 -0.0150835 0.00679669 0.0217323 0.00384955 -0.0101089 -0.020478 0.0380524
internal_weight=116631 98291.9 63915.2 18338.9 15371.8 48543.4 26139.7 22403.7 24548.5 5480.32 15930.5 12039.6 34376.8 19068.2 11400.1 9831.5 7668.07 16794.5 26247.1 23866.3 4737.64 5609.18 1337.41 9965.1 3429.98 1821.09 1307.21 1608.89 9608.77 920.767
internal_count=526930 432867 287847 94063 73805 214042 113311 100731 106725 23479 79932 58598 145020 83246 49328 42437 33918 76358 108830 98605 19300 24373 5578 49214 15154 7919 5709 7235 47936 3819
is_linear=0
shrinkage=0.05


Tree=17
num_leaves=31
num_cat=0
split_feature=10 7 32 28 33 33 33 32 33 33 32 34 8 32 32 33 33 33 33 33 33 33 33 34 32 32 9 5 33 12
split_gain=3014.42 1601.6 1376.08 1116.71 655.954 625.853 838.358 871.042 734.526 1109.58 548.785 516.784 473.354 400.526 396.382 360.39 532.646 345.78 337.384 570.362 392.613 333.81 1069.44 439.179 403.598 378.721 330.884 310.538 294.985 284.711
threshold=0.015869103224557504 -0.23999223602484468 4.5000000000000009 -0.0301384407557083 3335.5000000000005 3259.5000000000005 2810.5000000000005 8.5000000000000018 2400.5000000000005 2232.5000000000005 3.5000000000000004 2.8986667661772656 0.5248994764286814 1.5000000000000002 10.500000000000002 65.500000000000014 496.50000000000006 2967.5000000000005 428.50000000000006 916.50000000000011 959.50000000000011 1802.5000000000002 1477.5000000000002 3.0726933235204368 10.500000000000002 8.5000000000000018 0.040089042390698416 -0.099678456591639916 471.50000000000006 2.9142857142857168
decision_type=8 8 2 10 2 2 2 2 2 2 2 2 8 2 2 2 2 2 2 2 2 2 2 2 2 2 10 8 2 10
left_child=4 18 12 15 10 6 8 -8 9 21 -1 -12 13 28 -11 -4 -17 -13 -2 -20 -21 22 -5 24 -24 -23 -9 -15 -3 -29
right_child=1 2 3 5 -6 -7 7 26 -10 14 11 17 -14 27 -16 16 -18 -19 19 20 -22 25 23 -25 -26 -27 -28 29 -30 -31
leaf_value=-0.031525906627772736 0.033137813295487178 0.024309242316844917 -0.030159072940358508 0.0059628105225910388 -0.043372725918380733 -0.0095666732311667762 0.040955395174322159 -0.010542597622582228 -0.014914182203050217 0.013002993694979882 0.013250583588039691 -0.017844737110990352 0.013094703161630939 -0.0030503798330550635 0.079219921951140665 0.019208145587494521 -0.0087272833329819551 0.01115027581964125 -0.0056963084818918066 0.063495841772091832 0.01755603290414889 0.012689995322822537 0.036885998809261945 0.020992149149185853 0.090756450043566084 -0.01661760762667901 0.031876043155586897 -0.024203834209678761 -0.0054021769223004997 -0.0070688562771699841
leaf_weight=3827.7705525308847 2918.3606431633234 970.43493781983852 1512.6838911026716 19197.958054631948 2346.193935662508 4086.9151227921247 4181.9790559709072 1544.4328168183565 3226.2716584801674 320.09862366318703 2024.3753682374954 8804.7488436996937 2185.2028489410877 3748.5074289888144 768.83390440046787 2021.796142205596 10936.531356483698 1164.1959778517485 2801.0002794116735 487.27577205002308 10209.676801502705 1918.9589106291533 989.75795747339725 2228.6863811314106 535.96074619889259 2590.1394307166338 654.575389534235 8844.4715147465467 6003.4643717706203 3339.6412889063358
leaf_count=21343 12019 4192 7473 82310 14115 18484 16999 6737 13958 1380 9108 43882 9676 17511 3266 8792 48671 5669 11880 1984 42593 8172 4225 9617 2206 11516 2678 43520 27028 15962
internal_value=8.97874e-06 0.00346956 0.000609467 0.00492276 -0.0187011 0.00902909 0.0110208 0.0275596 0.00769969 0.0102551 -0.0150424 -0.00978154 -0.00914001 -0.0112611 0.059755 -0.00706463 -0.00436872 -0.0144586 0.0177223 0.0143893 0.0196487 0.00829229 0.0107357 0.0351414 0.0558098 -0.00414503 0.00208409 -0.0156353 -0.00126776 -0.0195072
internal_weight=116391 98223.6 81807.3 56715.6 18167.3 42244.6 38157.7 6380.99 31776.7 28550.4 15821.1 11993.3 25091.7 22906.5 1088.93 14471 12958.3 9968.94 16416.3 13498 10697 27461.5 22952.4 3754.41 1525.72 4509.1 2199.01 15932.6 6973.9 12184.1
internal_count=526966 432849 364373 246484 94117 181548 163064 26414 136650 122692 80002 58659 117889 108213 4646 64936 57463 49551 68476 56457 44577 118046 98358 16048 6431 19688 9415 76993 31220 59482
is_linear=0
shrinkage=0.05


Tree=18
num_leaves=31
num_cat=0
split_feature=10 9 32 10 32 32 33 33 32 32 33 33 28 38 33 33 33 33 33 34 32 28 28 28 33 33 32 34 9 32
split_gain=2766.56 1162.67 1109.55 688.927 494.497 446.294 385.785 375.533 353.993 361.91 627.625 605.086 352.597 397.136 343.798 469.221 410.89 343.107 457.171 452.622 328.158 306.022 301.777 293.204 493.469 412.016 289.407 284.357 276.879 275.18
threshold=0.019264153840945025 0.01080400984147966 3.5000000000000004 0.030143483291837917 3.5000000000000004 1.5000000000000002 239.50000000000003 3383.5000000000005 11.500000000000002 8.5000000000000018 2529.5000000000005 3274.5000000000005 0.076248567021735991 -0.090264870535374173 640.50000000000011 547.50000000000011 1014.5000000000001 3243.5000000000005 2810.5000000000005 4.0664589915953142 8.5000000000000018 -0.079273569742489239 -0.060272504161071723 -0.043060805926917821 741.50000000000011 682.50000000000011 7.5000000000000009 4.4875121511018561 0.038433695936474839 4.5000000000000009
decision_type=10 8 2 10 2 2 2 2 2 2 2 2 10 8 2 2 2 2 2 2 2 10 10 10 2 2 2 2 10 2
left_child=1 7 5 6 -3 22 26 -1 9 10 14 -12 13 -6 15 27 -16 18 -5 20 -20 -13 -2 -15 25 -25 -4 -8 -22 -18
right_child=2 4 3 17 12 -7 8 -9 -10 -11 11 21 -14 23 16 -17 29 -19 19 -21 28 -23 -24 24 -26 -27 -28 -29 -30 -31
leaf_value=-0.021595085682218122 0.044560033344036729 -0.018611495340295461 0.042722778737916745 0.013132798888760094 0.016902666956410132 -0.011573157059743235 -0.0049596577673799921 -0.046669112454943873 0.017172577706212482 -0.0056677975388710437 0.038821647490250279 0.06730799932604474 0.01513652015786645 -0.018466655348196536 0.02262392051330037 -0.034718421543342058 -0.018956115151403889 -0.0038754224616744967 0.054588530653374434 0.0064051623750459655 -0.0050098139274561814 -0.0043124996004581867 0.0015560481349662812 0.006859713860552813 -0.00836312293773314 0.059681713315858809 -0.012181044480159976 0.051508902426432426 0.041608887020602024 0.003693696218285521
leaf_weight=7909.7135757356882 432.3264701962471 6109.5655239522457 1047.589989989996 17846.064082294703 1876.0108166188002 11572.260708317161 1419.1690638065338 1840.7975142151117 3903.5425523370504 11844.639509856701 2416.3052857667208 162.45625621080399 2514.3969386965036 4363.3918676674366 2457.9859580695629 1474.5843662470579 1641.288915604353 2221.9631833136082 1874.8875085711479 1325.1505292952061 550.9127254486084 1820.6767870634794 7235.6059347242117 1824.1056195497513 9342.5003181546926 462.83976574242115 311.35414350032806 264.49065300822258 754.97733795642853 7329.3661464750767
leaf_count=41742 1850 31561 4285 73678 8193 55938 6029 11519 16552 53002 9885 694 10935 21127 10485 6473 7451 9540 7637 5386 2274 8040 31795 8092 43743 1982 1314 1117 3070 31581
internal_value=-0.000109158 -0.0115672 0.0050878 0.0084058 -0.00613424 -0.00537438 0.00400935 -0.0263288 0.00298688 0.00119081 0.00546957 0.0220228 -0.00239437 -0.00486121 0.000477076 -0.014125 0.00451228 0.0148632 0.0167259 0.0309568 0.0411853 0.00155458 0.00398066 -0.00741418 -0.00326727 0.01755 0.0301435 0.00391114 0.021942 -0.000450358
internal_weight=116151 36243.3 79907.6 60667.4 26492.8 19240.2 36093.4 9750.51 34734.5 30831 18986.3 4399.44 20383.2 17868.8 14586.9 3158.24 11428.6 24574 22352 4505.93 3180.78 1983.13 7667.93 15992.8 11629.4 2286.95 1358.94 1683.66 1305.89 8970.66
internal_count=526970 178894 348076 258493 125633 89583 156908 53261 151309 134757 81755 18619 94072 83137 63136 13619 49517 101585 92045 18367 12981 8734 33645 74944 53817 10074 5599 7146 5344 39032
is_linear=0
shrinkage=0.05


Tree=19
num_leaves=31
num_cat=0
split_feature=10 7 32 28 10 32 12 32 32 11 34 11 38 32 32 34 7 32 13 9 32 12 32 28 13 32 13 38 10 13
split_gain=2526.18 1383.99 1132.18 1085.02 647.396 568.975 420.936 416.464 760.544 557.312 436.015 408.062 331.423 390.12 304.007 264.66 304.199 256.162 254.189 250.253 239.076 321.782 228.689 226.672 213.679 209.04 206.754 184.192 180.889 177.956
threshold=0.015750964657555034 -0.25230212214207681 3.5000000000000004 0.08121348777113406 0.0090325633293576145 1.5000000000000002 3.4928571428571451 8.5000000000000018 10.500000000000002 0.47903394166227808 2.8535883538621087 0.39819572620952043 -0.11708306650041116 5.5000000000000009 7.5000000000000009 3.8659011068458278 -0.36787019401638521 6.5000000000000009 0.0085242713175946189 0.013477887202065894 11.500000000000002 1.0500000000000018 11.500000000000002 -0.085096821383558494 0.040435684150627919 8.5000000000000018 0.052474337675080411 0.026889789582323912 0.020999738584120797 0.030915321178992559
decision_type=8 8 2 10 10 2 8 2 2 10 2 10 10 2 2 2 10 2 10 10 2 10 2 10 10 2 8 10 8 10
left_child=4 15 5 7 -1 -3 28 11 19 -10 -11 -4 -6 27 -5 16 -2 24 -15 -9 26 -22 25 -17 -13 29 -16 -14 -7 -20
right_child=1 2 3 14 12 6 -8 8 9 10 -12 17 13 18 20 23 -18 -19 22 -21 21 -23 -24 -25 -26 -27 -28 -29 -30 -31
leaf_value=-0.039918544260500448 0.040941767212161063 0.00045004787593900283 0.032226628664846213 0.026953549106333338 0.033498031406483379 -0.032186973215155595 0.00059690354620899966 -0.029725015038288335 -0.019586274356564917 0.029767471592352608 0.0040935046004880026 -0.0045905175112942688 -0.02893155712112418 -0.037707920061429728 -0.00019637841358417546 0.028992912281744127 0.017914916319581944 0.0096941865635297789 -0.0044319441821955461 -0.0099663601816437578 0.065120643162769776 0.012283052919609381 0.01701781072062734 0.0018329773322645461 0.0080413446497127027 -0.016902146512752372 0.018477899213398402 -0.0037424115976358247 -0.017075788986467895 0.028357707420145761
leaf_weight=2771.2559395879507 1757.7146655321121 8208.8522175848484 1301.1157059520483 4787.9978352338076 364.93668369948864 2821.9382630139589 2764.208350405097 1903.9625863432884 2026.4419174343348 2046.0419004708529 8623.819970458746 10455.651381343603 4719.9118915200233 667.6229502260685 3918.2033576071262 973.81567537784576 7794.1351099312305 10129.702415943146 2761.921229749918 10121.901201784611 441.55111595988274 829.39573989808559 980.79422757029533 3638.5306185483932 4924.7486124932766 3698.7444856613874 2384.0402494370937 857.61444868147373 6640.9555878937244 486.70835898816586
leaf_count=17144 7129 36608 5440 19658 1643 15095 13484 9666 9676 8533 37531 46288 25723 3784 16701 4038 32376 43304 13468 45445 1783 3410 4680 15173 20921 18374 9905 4489 32756 2212
internal_value=-0.000154868 0.00294096 0.000511918 0.00378835 -0.0177707 -0.00973211 -0.0165681 0.000597232 -0.00408367 0.00445143 0.00901672 0.00491341 -0.013549 -0.0147603 0.017092 0.0174029 0.0221523 0.00352033 -0.00807828 -0.0130946 0.0108573 0.0306398 -0.00558319 0.00756732 -0.000545841 -0.00877389 0.00686781 -0.0250584 -0.0215821 0.000480588
internal_weight=115804 98494.7 84330.5 63894.6 17309.5 20436 12227.1 51533.4 24722.2 12696.3 10669.9 26811.2 14538.3 14173.3 12361.2 14164.2 9551.85 25510.1 8595.79 12025.9 7573.19 1270.95 7928.17 4612.35 15380.4 6947.37 6302.24 5577.53 9462.89 3248.63
internal_count=526437 434920 376204 278261 91517 97943 61335 226804 110851 55740 46064 115953 74373 72730 51457 58716 39505 110513 42518 55111 31799 5193 38734 19211 67209 34054 26606 30212 47851 15680
is_linear=0
shrinkage=0.05


Tree=20
num_leaves=31
num_cat=0
split_feature=7 38 32 33 33 33 33 32 33 32 38 33 12 34 33 33 32 32 33 32 33 33 33 32 12 32 32 33 33 5
split_gain=1921.85 2080.87 785.032 677.258 900.754 519.131 1645.69 518.005 459.095 641.482 441.267 439.301 427.454 393.349 880.053 596.811 414.372 351.883 479.979 343.502 332.266 763.73 330.185 325.578 318.463 310.345 294.045 292.398 280.528 322.224
threshold=-0.19996991878070783 0.039605539098391825 3.5000000000000004 3259.5000000000005 2967.5000000000005 2278.5000000000005 2232.5000000000005 4.5000000000000009 2653.5000000000005 8.5000000000000018 -0.16362417354808464 1802.5000000000002 0.049999999999999968 2.9096258622311582 1389.5000000000002 1014.5000000000001 11.500000000000002 1.5000000000000002 561.50000000000011 8.5000000000000018 508.50000000000006 916.50000000000011 3426.5000000000005 11.500000000000002 0.3214285714285719 6.5000000000000009 11.500000000000002 2558.5000000000005 2053.5000000000005 -0.043010752688171498
decision_type=8 10 2 2 2 2 2 2 2 2 10 2 10 2 2 2 2 2 2 2 2 2 2 2 10 2 2 2 2 10
left_child=10 2 17 4 5 6 11 -3 -7 25 -1 13 -6 14 15 -4 -17 18 -2 27 -12 -22 -23 -21 -5 -10 -8 -9 -13 -30
right_child=1 7 3 24 12 8 26 19 9 -11 20 28 -14 -15 -16 16 -18 -19 -20 23 21 22 -24 -25 -26 -27 -28 -29 29 -31
leaf_value=0.026245515910761255 0.021524919589691261 -0.0033653800846679114 0.017168476689173498 -0.046636494975631139 -0.045036821342045188 -0.028130627830564706 0.036528478666454749 0.011864966681148842 -0.0022364183095984541 -0.027654890358732483 0.022048658680527276 -0.02681453082078766 0.033259762200541519 -0.0048752099702134297 0.045150845703414232 -0.029390255838310904 0.04527097720819339 -0.024755353366294957 -0.016265540357751712 -0.00031418837158792137 -0.015518722572989968 0.013324002009958803 -0.01392089584381947 0.021004173542939118 -0.016197312129965707 0.05188798624942334 0.098242673717976847 0.029051855146992097 0.012397873308798588 -0.022072458128402507
leaf_weight=4448.5361279696226 1058.1160987317562 8262.1888146996498 2094.4492883384228 1068.609656482935 189.84900365769863 4120.3891682773829 363.13940311968327 7860.6212688237429 479.34375961124897 1025.645378574729 3963.4114702939987 3170.6054625660181 2130.9640725553036 19011.543770328164 1363.2318657934666 1725.9442979544401 208.26514704525471 9402.0304235517979 4080.3805043548346 7737.0867971032858 3336.721048116684 13195.053331524134 1214.4029093235731 2330.4009814858437 4386.4304088503122 591.87308965623379 411.98555880784988 3611.7238087505102 1350.2215605378151 1361.6858791708946
leaf_count=18140 4658 38477 8990 6612 1040 19256 1640 32945 2013 4958 16555 15106 9344 87963 5958 7748 871 50539 20784 33810 14690 56255 5317 9655 21466 2448 1797 14930 6146 6417
internal_value=-2.10723e-05 -0.00350909 -0.00890357 -0.00564346 -0.00336818 -0.00524976 -0.00260995 0.0072782 -0.0184381 0.000608041 0.0118994 -0.00445116 0.0268549 -0.0014946 0.0104253 -0.00132527 -0.0213511 -0.0190051 -0.00848375 0.0113608 0.00895971 0.00603644 0.0110279 0.00462054 -0.0221602 0.0276686 0.0693301 0.0172757 -0.0167164 -0.00491015
internal_weight=115555 89396.7 59594.7 45054.2 39599.1 37278.3 31061.1 29802 6217.25 2096.86 26158.1 30285.9 2320.81 24403.4 5391.89 4028.66 1934.21 14540.5 5138.5 21539.8 21709.6 17746.2 14409.5 10067.5 5455.04 1071.22 775.125 11472.3 5882.51 2711.91
internal_count=526528 415571 285754 209773 181695 171311 142636 129817 28675 9419 110957 139199 10384 111530 23567 17609 8619 75981 25442 91340 92817 76262 61572 43465 28078 4461 3437 47875 27669 12563
is_linear=0
shrinkage=0.05


Tree=21
num_leaves=31
num_cat=0
split_feature=10 7 8 13 32 32 32 34 32 32 11 34 28 28 28 9 34 7 10 0 28 9 12 34 32 13 0 6 5 32
split_gain=2152.1 991.597 828.628 702.39 571.18 503.5 468.691 441.401 437.231 582.827 449.481 335.347 286.42 235.102 233.449 227.55 226.362 261.978 217.257 214.302 191.232 180.984 178.421 176.965 169.669 177.423 169.471 169.207 154.832 152.878
threshold=0.017380209617847264 -0.25230212214207681 0.3012184803922015 0.0085242713175946189 3.5000000000000004 3.5000000000000004 1.5000000000000002 2.8986667661772656 8.5000000000000018 11.500000000000002 0.36865483555692297 3.2939815763060616 0.099810352415976036 0.09296653721582411 -0.046474650601340962 0.012660724873404448 3.8659011068458278 -0.36787019401638521 0.011565006910578367 0.083864205044971954 -0.048130202116330865 0.037234372343080288 2.671428571428573 1.3216669431912595 6.5000000000000009 0.043841091584480074 -0.0066658732047925042 1.0000000180025095e-35 -0.072289156626505244 4.5000000000000009
decision_type=8 8 10 10 2 2 2 2 2 2 10 2 10 10 10 10 2 10 10 10 10 10 8 2 2 10 10 8 10 2
left_child=3 16 4 26 6 -5 -3 -7 10 11 -6 15 18 23 -11 -10 17 -2 -9 29 -18 -13 -8 -12 25 -25 -1 -16 -26 -4
right_child=1 2 19 5 8 7 22 12 9 14 13 21 -14 -15 27 -17 20 -19 -20 -21 -22 -23 -24 24 28 -27 -28 -29 -30 -31
leaf_value=0.0028328609632684489 0.037492042763562071 0.0011746253584515066 0.0014275515721271625 -0.024381033724936576 0.034837898376263644 0.011434202588555745 -0.021302887865391147 -0.02454607372803809 -0.029417273302255506 -0.012729427051336579 0.069206755713425216 -0.017082384449150872 0.016057049530106123 0.017704689607606256 -0.056802429667795785 0.0031684378532115388 0.018971910710128412 0.016110276891305439 -0.0085306892704796519 0.033150819677620014 -0.0017575280398721427 0.005411496294321437 -0.0053947684738701075 -0.0048751496248999431 0.017624371071327676 0.0092904048608283135 -0.041999340593141705 0.01539679532146788 0.0028404746652934232 0.012610444594815945
leaf_weight=231.35434687137604 1760.8515528291464 5729.9064573198557 4158.8989246934652 4957.0792565792799 1266.4722623378038 2920.0566472262144 6664.75383220613 2745.6160674989223 591.28358665108681 969.16160260140896 98.600860685110092 8597.1711272597313 969.63819409906864 2852.0827509313822 82.563636854290962 5704.2637791633606 1863.3973082304001 7684.293581828475 9257.4139015227556 1033.5723842829466 2761.1309859156609 998.04538306593895 2396.3082203567028 9545.7951000779867 2650.4004186987877 2876.5646074861288 2371.7279865145683 4743.3776477873325 5337.7543717473745 11526.010656833649
leaf_count=1341 7123 25571 18855 28121 5244 13224 34420 15299 3003 4389 401 40104 4363 11723 401 25237 7717 31779 44689 4319 11488 4299 11925 42152 11307 12246 14835 20042 22872 48001
internal_value=-7.00627e-06 0.0034433 0.00123487 -0.0135259 -0.00146385 -0.0104685 -0.010018 -0.0061291 0.00126804 -0.00390916 0.00582682 -0.00885921 -0.0100825 0.00425405 0.00966439 0.000107958 0.0156587 0.0200965 -0.0121941 0.0110984 0.00659515 -0.0147427 -0.0170958 0.00238355 0.00206074 -0.00159492 -0.0380148 0.0141616 0.00774564 0.00964527
internal_weight=115346 91892.7 77823 23452.9 61104.5 20849.8 14791 15892.7 46313.5 21685.9 24627.7 15890.8 12972.7 23361.2 5795.1 6295.55 14069.7 9445.15 12003 16718.5 4624.53 9595.22 9061.06 20509.1 20410.5 12422.4 2603.08 4825.94 7988.15 15684.9
internal_count=526490 404618 346511 121872 275336 105696 71916 77575 203420 97475 105945 72643 64351 100701 24832 28240 58107 38902 59988 71175 19205 44403 46345 88978 88577 54398 16176 20443 34179 66856
is_linear=0
shrinkage=0.05


Tree=22
num_leaves=31
num_cat=0
split_feature=9 7 32 28 7 8 12 32 32 12 37 7 32 32 32 32 12 28 7 0 28 32 28 26 34 28 34 11 26 32
split_gain=1856.74 934.022 775.178 679.599 660.041 699.303 627.43 369.207 327.826 307.075 279.283 274.549 252.524 528.568 243.446 288.04 254.775 239.892 233.622 209.643 205.956 190.523 184.924 171.347 195.575 162.963 201.367 187.587 161.702 160.185
threshold=0.01482592675236276 -0.29240136205492634 3.5000000000000004 0.08121348777113406 -0.16279069767441848 0.076436455797512251 0.049999999999999968 11.500000000000002 1.5000000000000002 3.1357142857142875 0.010758884291951156 -0.19083543314995191 5.5000000000000009 8.5000000000000018 8.5000000000000018 11.500000000000002 1.1928571428571442 0.028245771986179235 -0.055939285816502697 0.094799447218713265 -0.065805671723114315 5.5000000000000009 -0.098279777605114291 0.76589112069132181 2.9418004506160189 0.34532766647775742 5.9149883792937006 0.51869745513731125 0.29492953723100368 11.500000000000002
decision_type=10 8 2 10 8 10 8 2 2 10 8 8 2 2 2 2 10 10 10 10 10 2 10 10 2 8 2 10 10 2
left_child=4 22 8 11 5 -1 -6 10 20 -10 12 -4 -8 28 -5 23 -17 -9 29 25 -3 -7 -2 24 -16 27 -27 -12 -14 -13
right_child=1 2 3 14 6 21 7 17 9 -11 19 18 13 -15 15 16 -18 -19 -20 -21 -22 -23 -24 -25 -26 26 -28 -29 -30 -31
leaf_value=-0.0041874441946269398 0.034144803238213166 0.039934722376628526 0.0082863261278626563 0.020784218701142856 -0.045651160165325701 -0.013869475274078155 -0.027551521229250722 -0.003539491510871864 -0.017061085843372431 0.0015776943796366903 0.018663703202634989 -0.0039041098491445908 -0.0050455452889436609 -0.026268355719013155 0.020698365984971864 0.055015001671817471 0.0089801641010938803 0.03879561129839855 0.0070577639171074793 0.079181626805531424 -0.0006114160628099437 0.052485767135796127 0.015761981137173066 0.012944135845200294 -0.016397271046288627 -0.036661200655484089 0.12582371206874288 -0.0080570125750422123 0.020999828748187326 0.0074339452952865183
leaf_weight=4697.3134368360043 1762.0403062403202 327.44142696261406 12615.442843705416 7409.6463345438242 1611.0691476762295 125.19939433038235 5252.1497271955013 1000.3941743075848 8575.0612406730652 2976.9304252415895 798.8866571187973 24472.363955676556 2959.2493452727795 3842.1310767680407 441.58703283965588 496.07397475838661 762.56899632513523 502.80488510429859 8370.4248644411564 72.318900585174561 7198.6071124821901 795.66457864642143 6118.7059454321861 1434.57655800879 1818.5738919228315 571.16289354860783 19.72641521692276 3693.5232243984938 746.19787693023682 3569.5666678100824
leaf_count=21827 7164 1426 53198 30399 10264 576 29529 4993 43824 14637 3656 108587 14642 20484 1877 1996 3118 2342 36396 308 32118 3335 24953 5998 8006 3114 105 18562 3342 15404
internal_value=-4.6775e-05 0.00344447 0.00183562 0.00457134 -0.0116045 0.00362304 -0.0156649 -0.0131822 -0.0069676 -0.0122579 -0.015175 0.00192963 -0.0191326 -0.0132741 0.0150475 0.00646616 0.0271241 0.0106212 -0.000272719 -0.00534945 0.00115266 0.0434642 0.0198722 -0.000571127 -0.00914958 -0.00655205 -0.0312368 -0.00330526 0.000199436 -0.00246084
internal_weight=115037 88349.6 80468.9 61390.8 26687.8 5618.18 21069.6 19458.5 19078 11552 17955.3 49027.8 12799.7 7547.58 12363 4953.38 1258.64 1503.2 36412.4 5155.62 7526.05 920.864 7880.75 3694.74 2260.16 5083.3 590.889 4492.41 3705.45 28041.9
internal_count=526180 389101 356984 264979 137079 25738 111341 101077 92005 58461 93742 213585 67997 38468 51394 20995 5114 7335 160387 25745 33544 3911 32117 15881 9883 25437 3219 22218 17984 123991
is_linear=0
shrinkage=0.05


Tree=23
num_leaves=31
num_cat=0
split_feature=10 10 5 37 5 38 26 3 20 1 13 7 10 28 5 28 34 38 11 8 25 34 5 36 29 11 14 5 34 13
split_gain=1827.95 1122.63 596.859 744.725 433.437 391.231 306.046 310.868 267.864 223.026 210.565 195.542 172.038 153.513 163.272 152.031 152.96 134.48 153.057 221.953 133.02 130.597 141.189 129.05 125.345 115.172 109.116 108.503 99.413 97.7113
threshold=0.026468045335877276 0.011565006910578367 -0.12108712439147211 0.0051299029282670947 -0.13502109704641332 0.20099375400763578 0.74605252223053287 -0.094736842105263161 0.35265141042141568 0.12397117599241315 0.0085242713175946189 -0.039066624868004211 0.046613023902263094 -0.04236198515759889 0.25384615384615378 0.15045696867749092 2.4973206943539492 -0.15839136775853699 0.42177599940391658 0.010236612509879396 0.71580358402709199 2.0856528016791152 0.046100776991076405 0.97113648986392598 -0.10622899587315794 1.6013822853791251 2.5000000000000004 -0.072289156626505244 4.078384184158887 0.0040444935181774451
decision_type=10 8 8 10 10 10 10 10 8 10 10 8 10 10 8 10 2 10 10 10 8 2 10 2 8 10 10 8 2 10
left_child=1 10 6 8 17 12 7 -3 29 13 -1 -5 15 24 -15 -6 -17 -2 19 -19 -13 -12 -23 -7 -10 -9 -22 -26 -18 -4
right_child=4 2 3 11 5 23 -8 25 9 -11 21 20 -14 14 -16 16 28 18 -20 -21 26 22 -24 -25 27 -27 -28 -29 -30 -31
leaf_value=-0.041456948059230225 0.026603081468803566 0.028120200047288352 -0.042756342912041945 -0.0034150656268516402 0.00062239845031275196 0.014905867962051608 -0.013950699807142142 0.0048456146517003359 0.022142383866477371 0.073926752179253513 0.082787381459641984 0.01419608074514335 0.0162566379267318 -0.008849026048133847 0.01058004416131577 0.06216805449057497 0.018755781968485721 -0.025734453255126594 0.011624918304953612 0.054686996594218489 0.0011983356437884516 -0.025183379122895845 -0.00034086159077393951 0.040928864455711846 -0.0062674988671240651 0.090321150894854735 0.055017638001488338 -0.020660890708245054 -0.0073100802143219569 -0.020587174411332777
leaf_weight=1637.0317032933235 2458.1315920501947 1686.7050034254789 734.88901296257973 10574.547597706318 25522.410331472754 4704.8479626178741 1791.5247925519943 11493.351897880435 207.83256873488426 79.214390814304352 30.508426368236542 3505.8242686241865 2172.5630373060703 16790.789103969932 1155.7293075025082 159.2580318748951 1226.7035305947065 106.62029695510864 8106.3167131990194 439.2277909219265 6142.0319907963276 3432.6913701444864 686.28418047726154 530.09128975868225 1717.284983471036 39.54516813158989 95.645348221063614 5511.9563166499138 521.22132930159569 1535.6593007743359
leaf_count=11273 9912 7241 4189 48696 110402 19647 7805 51588 970 339 158 15929 8986 81539 5165 663 5130 445 33641 1860 27812 19910 3702 2194 8438 166 407 28101 2185 7586
internal_value=-3.99437e-05 -0.00519424 -0.00326021 -0.00597899 0.00768342 0.00494094 0.00544273 0.00807094 -0.0113069 -0.00983951 -0.0262717 0.00129336 0.00271271 -0.0101009 -0.00759782 0.00163996 0.0152573 0.0162827 0.0133506 0.0389783 0.00640338 -0.0202808 -0.0210442 0.017541 -0.0161412 0.0051387 0.00202357 -0.0172418 0.0109831 -0.0277625
internal_weight=114796 68849 63062.5 48051.4 45947.4 34837.1 15011.1 13219.6 27733.4 25462.8 5786.52 20318 29602.2 25383.6 17946.5 27429.6 1907.18 11110.3 8652.16 545.848 9743.5 4149.48 4118.98 5234.94 7437.07 11532.9 6237.68 7229.24 1747.92 2270.55
internal_count=526079 331014 295971 229171 195065 149207 66800 58995 136327 124552 35043 92844 127366 124213 86704 118380 7978 45858 35946 2305 44148 23770 23612 21841 37509 51754 28219 36539 7315 11775
is_linear=0
shrinkage=0.05


Tree=24
num_leaves=31
num_cat=0
split_feature=10 10 32 10 32 20 5 28 38 32 12 7 28 34 32 32 32 28 28 32 28 32 32 1 5 38 38 5 5 2
split_gain=1684.51 891.153 625.279 491.913 403.333 398.908 334.395 279.722 315.802 269.48 258.495 244.871 241.937 227.573 291.306 288.744 235.373 208.97 206.253 204.725 245.7 194.916 184.498 183.439 177.74 256.061 160.56 160.178 159.708 158.359
threshold=0.015750964657555034 0.030143483291837917 3.5000000000000004 0.0085999904843141288 1.5000000000000002 0.62579634434006381 -0.17894736842105327 0.036104540255125217 -0.091882886960732754 5.5000000000000009 4.6714285714285779 -0.0294117647058823 -0.072202408783986816 2.8986667661772656 8.5000000000000018 10.500000000000002 11.500000000000002 -0.012203242494462535 0.086696969571158244 6.5000000000000009 -0.11103912701348072 11.500000000000002 3.5000000000000004 0.12397117599241315 -0.10810810810810816 0.00076828920661176092 -0.10803580751908569 0.24637681159420369 -0.11174242424242446 0.017882730614144141
decision_type=8 10 2 10 2 10 10 10 10 2 8 10 10 2 2 2 2 10 10 2 10 2 2 10 8 10 10 10 8 8
left_child=3 2 4 -1 12 23 -3 8 -5 -10 26 22 -2 15 18 -7 -16 -17 19 20 -15 -9 -8 24 -4 -26 -6 -28 -21 -14
right_child=1 6 5 7 10 13 11 21 9 -11 -12 -13 29 14 16 17 -18 -19 -20 28 -22 -23 -24 -25 25 -27 27 -29 -30 -31
leaf_value=-0.036766482052776793 0.053651441353652365 0.020322681958370597 0.0034384350944624276 0.014103956095864484 -0.0011526609685041649 0.006937730227950762 -0.0028705913301238653 -0.0028285881728842975 -0.027247693588564173 -0.010806228726387687 0.0033096360792812911 0.019263938418926516 -0.0078340837196421067 0.033699758918486797 -0.0075562296375848844 0.0096199183665307327 0.0079116137111258159 0.044613265161628425 0.019202050603940642 0.02803687874270357 -0.002919951227082922 0.037231985294900412 0.0075673699197823215 0.074976101576078091 -0.015930360379680451 0.0017912679139639503 -0.024486741001398048 0.0033512214525333421 0.007066466888008863 0.0091595375546545173
leaf_weight=2203.1105508208275 206.36585487425327 5627.0811207741499 3385.0810227841139 846.24176645278931 1032.553166911006 7394.2434002757072 5588.3726252019405 3059.5336444973946 4281.265197634697 5963.9820240586996 1458.1693466156721 3481.1720515936613 3640.5490743070841 486.91660290956497 9320.633819386363 748.26659925282001 3341.0424291342497 992.53362150490284 2728.0839026421309 1194.9457003623247 7727.0370409339666 337.08895021677017 17461.927386879921 69.727536648511887 6065.1117863208055 3070.1378632485867 6477.3788894861937 561.53192588686943 3780.0378081649542 2198.9755336642265
leaf_count=15007 900 22998 14640 4028 4900 31884 25287 15315 24644 31029 7220 14548 16523 2049 42530 3178 14358 4094 11195 5048 34114 1578 72305 296 29147 13679 35032 2834 16341 9818
internal_value=-7.12901e-05 0.00242858 -0.000902024 -0.0147546 -0.00965612 0.0018085 0.00925158 -0.0114074 -0.015252 -0.0176768 -0.0160649 0.0069035 0.000445436 0.00438109 0.00218517 0.0112509 -0.00347472 0.0295717 0.00668751 0.00409892 -0.000749164 0.00114712 0.00503676 -0.00589772 -0.00634812 -0.00997455 -0.019565 -0.022266 0.0121034 -0.00143484
internal_weight=114729 98037.9 65879.3 16691.2 15575.5 50303.8 32158.6 14488.1 11091.5 10245.2 9529.63 26531.5 6045.89 37713.7 28578.7 9135.04 12661.7 1740.8 15917 13188.9 8213.95 3396.62 23050.3 12590.1 12520.3 9135.25 8071.46 7038.91 4974.98 5839.52
internal_count=526519 434918 299780 91601 77227 222553 135138 76594 59701 55673 49986 112140 27241 164791 125635 39156 56888 7272 68747 57552 36163 16893 97592 57762 57466 42826 42766 37866 21389 26341
is_linear=0
shrinkage=0.05


Tree=25
num_leaves=31
num_cat=0
split_feature=10 10 32 20 33 33 5 39 12 33 33 5 28 34 32 32 33 33 33 32 32 33 33 33 33 33 32 33 33 32
split_gain=1588.53 948.401 649.892 410.195 386.944 380.119 304.109 276.746 270.492 443.757 333.505 289.822 260.581 249.248 321.269 299.929 577.171 570.002 414.594 385.004 329.007 285.097 276.867 251.447 502.389 661.64 352.734 322.104 244.794 316.841
threshold=0.01361161428313235 0.029086930588665072 3.5000000000000004 0.5647656697173008 3335.5000000000005 119.50000000000001 -0.099678456591639916 1.0000000180025095e-35 3.7285714285714318 1358.5000000000002 1598.5000000000002 -0.13502109704641332 0.15045696867749092 2.8986667661772656 10.500000000000002 8.5000000000000018 252.50000000000003 2529.5000000000005 3259.5000000000005 5.5000000000000009 11.500000000000002 2142.5000000000005 653.50000000000011 959.50000000000011 1389.5000000000002 1742.5000000000002 7.5000000000000009 2067.5000000000005 741.50000000000011 10.500000000000002
decision_type=8 10 2 10 2 2 10 8 8 2 2 10 10 2 2 2 2 2 2 2 2 2 2 2 2 2 2 2 2 2
left_child=4 2 5 -4 -1 7 -3 -2 9 -7 -11 -12 -8 14 23 16 -15 19 -19 -18 28 22 -21 -5 -25 -26 27 -27 29 -17
right_child=1 6 3 13 -6 8 12 -9 -10 10 11 -13 -14 15 -16 20 17 18 -20 21 -22 -23 -24 24 25 26 -28 -29 -30 -31
leaf_value=-0.014682349587876925 0.042693879513018639 0.015677309901558006 -0.0079312023706239413 0.021839183193028286 -0.04170103764769495 -0.025749374686585298 0.0035581405382848676 -0.010058060594938266 0.001560932019677178 0.021959933215001729 0.014934810789063606 -0.016025302020911486 0.018485072221918811 0.036170171979383756 0.02848960350791184 0.018175697739873372 -0.013649917391017284 0.036176783785834471 0.004024348497362891 -0.0094201327330658696 0.0085899776371412152 -0.01975871070876703 0.014258970946026243 -0.023689690792335127 0.041217935184981819 -0.025976721110371411 -0.021004784952103006 0.021479670444976996 -0.013146524226980144 -0.016587185993731105
leaf_weight=8569.2067229002714 562.26801553368568 10357.177780136466 10100.732632488012 1881.0925019085407 1567.5342997014523 5713.0799134969711 22217.859388798475 445.70946010947227 2839.8222047388554 879.72760398685932 898.01229226589203 4776.728587269783 3366.8188537806273 1409.7123154252768 1929.3697310835123 1632.4650441855192 4754.2501958608627 1896.6017531454563 2127.0691162645817 1646.4063122272491 3706.9068907648325 1046.7562195956707 4933.8586314767599 1551.4331833571196 1197.4581018835306 456.39442579448223 1424.8792062848806 1651.0896517932415 7931.7391819506884 1095.2169256657362
leaf_count=47972 2384 42699 47441 7911 11413 29583 94604 2006 14003 4251 4319 25271 13969 5797 8099 7230 21672 7826 9523 7140 16046 4699 21247 6862 5108 1988 6406 7081 37074 5110
internal_value=3.69076e-05 0.00187122 -0.00158056 0.00112119 -0.0188605 -0.010361 0.00844872 0.0193679 -0.0123445 -0.0155635 -0.00668523 -0.0111259 0.00552245 0.00328419 0.0101402 0.00113419 0.00546894 0.00283072 0.0191798 -0.0024824 -0.00424102 0.00447879 0.00833437 0.0058029 0.00100039 0.00909901 -0.00178918 0.0112026 -0.00870312 0.00421773
internal_weight=114567 104431 68488.8 52373.4 10136.7 16115.3 35941.9 1007.98 15107.4 12267.5 6554.47 5674.74 25584.7 42272.7 10091.7 32181 17814.7 16404.9 4023.67 12381.3 14366.3 7627.02 6580.26 8162.35 6281.25 4729.82 3532.36 2107.48 10659.4 2727.68
internal_count=526734 467349 316077 234260 59385 81817 151272 4390 77427 63424 33841 29590 108573 186819 43455 143364 77904 72107 17349 54758 65460 33086 28387 35356 27445 20583 15475 9069 49414 12340
is_linear=0
shrinkage=0.05


Tree=26
num_leaves=31
num_cat=0
split_feature=10 10 33 32 32 34 33 19 33 33 12 33 38 32 33 33 34 32 33 34 33 12 33 33 38 33 33 13 33 38
split_gain=1420.9 724.062 522.322 459.913 382.24 399.871 342.061 322.943 293.988 282.987 242.988 231.938 231.092 222.111 299.533 483.036 387.422 262.928 265.032 215.054 203.336 380.414 281.806 413.725 378.036 298.461 244.12 201.136 195.998 191.074
threshold=0.015869103224557504 0.029086930588665072 3335.5000000000005 3.5000000000000004 3.5000000000000004 2.8650498914867879 119.50000000000001 -0.2396460630073857 2967.5000000000005 2278.5000000000005 25.466142857142867 252.50000000000003 0.026889789582323912 3.5000000000000004 3243.5000000000005 2810.5000000000005 4.0664589915953142 8.5000000000000018 2996.5000000000005 3.8099896666734097 1358.5000000000002 4.4000000000000075 2696.5000000000005 2494.5000000000005 -0.030405459336770076 1598.5000000000002 3058.5000000000005 0.024569763506085567 902.50000000000011 -0.095198029199996578
decision_type=8 10 2 2 2 2 2 10 2 2 8 2 10 2 2 2 2 2 2 2 2 10 2 2 10 2 2 10 2 10
left_child=2 3 4 6 12 -6 -2 -5 9 11 20 19 29 -3 15 -15 17 -17 -19 -7 21 -8 23 25 -25 -22 -24 -10 -12 -1
right_child=1 13 -4 7 5 8 10 -9 27 -11 28 -13 -14 14 -16 16 -18 18 -20 -21 22 -23 26 24 -26 -27 -28 -29 -30 -31
leaf_value=0.014919891236461641 0.019602714914701641 0.00078695746389768775 -0.037543090500327753 -0.0024335832995323221 0.015236241659981496 -0.039829133203783292 -0.023400856590382393 0.0058766119730687995 0.00068162399966313798 -0.033079562324034639 0.11978393595461179 -0.010338929880031711 0.0033663989425258009 0.0083247821153954373 -0.0064001105316085901 0.046720324130556608 0.0041967666494952312 0.028532748938985594 -0.028745961116365473 0.091014696024156655 0.018632742291628403 0.01525170843075732 -0.041926251624150118 0.078591005247499776 0.0058543955114259251 -0.013304711418460789 -0.0087491554015717791 0.04745253059372051 0.014278064940539098 -0.034447020039844706
leaf_weight=211.7528275847435 984.08010973036289 8406.5350933820009 1985.4351628944278 25613.327397510409 1880.4176288545132 44.577818691730499 5246.5881203114986 21507.505887821317 811.15629558265209 1476.8641592562199 55.721812427043915 6792.0560938864946 600.0508733689785 20204.26088654995 2508.5720508098602 2005.4342246651649 1441.0708585381508 1143.5699934512377 245.26798172295094 106.2627090215683 970.63907168805599 724.45748481154442 830.87127707898617 299.93969547748566 441.69765216112137 2969.4226375371218 1666.6205730140209 320.76710936427116 209.59032028913498 2635.7411642968655
leaf_count=1160 4265 37557 13987 115549 8543 212 27058 93727 4281 7940 268 35515 3368 82954 10728 8401 5881 4654 998 492 4611 3504 4213 1389 2195 15324 8540 1444 1015 16859
internal_value=-5.44033e-05 0.00226405 -0.0134544 -0.00103037 -0.0102402 -0.00583935 -0.00885076 0.00135946 -0.00998845 -0.0132047 -0.0109379 -0.00897703 -0.0248334 0.00790098 0.0100719 0.0117221 0.0259177 0.0351396 0.0184174 0.0523465 -0.0118937 -0.0187112 -0.00622355 0.00101177 0.0352712 -0.00543688 -0.0197866 0.0139357 0.0364368 -0.0307759
internal_weight=114340 97475.2 16865.1 61520.5 14879.6 11432.1 14399.6 47120.8 9551.68 8419.76 13415.5 6942.9 3447.54 35954.7 27548.2 25039.6 4835.34 3394.27 1388.84 150.841 13150.2 5971.05 7179.19 4681.7 741.637 3940.06 2497.49 1131.92 265.312 2847.49
internal_count=526632 432831 93801 281658 79814 58427 72382 209276 49884 44159 68117 36219 21387 151173 113616 102888 19934 14053 5652 704 66834 30562 36272 23519 3584 19935 12753 5725 1283 18019
is_linear=0
shrinkage=0.05


Tree=27
num_leaves=31
num_cat=0
split_feature=10 7 37 5 0 10 9 3 8 14 28 34 1 26 10 28 12 28 37 34 38 26 34 20 28 7 20 13 25 20
split_gain=1347.77 897.309 771.72 465.475 322.631 309.948 282.654 223.874 216.148 203.637 191.421 184.802 183.763 176.565 166.429 159.495 153.017 147.192 161.925 158.507 139.044 139.009 132.121 125.745 118.878 118.442 114.509 113.214 100.902 98.2405
threshold=0.01361161428313235 -0.23128502502322509 0.01130856886875742 -0.076888615127144164 0.083864205044971954 0.0090325633293576145 0.014259311115494352 -0.092857142857142791 0.25846056472654938 1.0000000180025095e-35 0.1020635283452553 3.8659011068458278 0.18440438070581824 0.62975231045508318 0.030571857195799808 0.060876634014888978 0.40714285714285742 0.29029652986264359 -0.11102775693926813 5.9149883792937006 -0.19466219816132838 0.64546974764366083 2.0856528016791152 0.64233997757071715 0.047107369750796449 -0.49108342306311847 2.7228779649136237 0.0017857142857141389 0.12024388433126695 0.5647656697173008
decision_type=8 8 10 8 10 10 8 10 10 10 10 2 10 10 10 10 10 8 10 2 10 10 2 10 10 10 10 10 10 10
left_child=5 7 3 13 10 24 21 9 12 20 -4 26 17 23 -15 22 -12 18 -8 -19 -2 27 -7 -3 -1 -13 -9 -5 -22 -24
right_child=1 2 4 6 -6 15 8 11 -10 -11 16 25 -14 14 -16 -17 -18 19 -20 -21 28 -23 29 -25 -26 -27 -28 -29 -30 -31
leaf_value=-0.038056443273403504 0.04639888853434139 -0.0023564270877380129 0.0020481929584985794 -0.037421560390980511 0.027912869745684868 0.048843740031137742 0.015370386523371566 0.011774507678548513 0.0032306692062345835 0.0082527871747138295 0.043119871605773158 -0.043793385690832298 0.079398281908363469 -0.011670667393812697 0.0093191427797698831 0.0053016956471237768 0.0093650946009758203 -0.035195556302173428 -0.0080210989915547905 0.10742717088381899 0.012276995794285074 0.078340582390274915 -0.029686286709605048 0.0090630859264834145 -0.0081469809488886828 0.0013313423667537432 0.066669084441212764 -0.015445379927928372 0.032984002464186139 -0.0134474961523123
leaf_weight=2022.7491860389709 803.97303938865662 3371.3736709058285 24680.975959733129 653.19182173907757 1509.0609726160765 78.713353142142296 766.57892999053001 8760.8983077406883 5675.3126627802849 2064.5323817282915 350.23628133535385 150.6695365011692 60.427820235490799 3319.8086675107479 1319.8499344885349 1070.4071581065655 8114.1766551434994 653.07462872564793 21212.313747465611 20.079979866743088 1213.3773907721043 37.898055046796799 1132.6952666863799 8459.6595351547003 397.50390982627869 4171.9063957482576 96.040919929742813 5701.5238515287638 1142.0156012028456 5240.1337204575539
leaf_count=14688 3257 15748 109301 3668 6344 381 3491 36446 24576 8469 1475 613 250 15060 5546 5462 34343 3640 99445 102 5051 201 6828 38791 2513 17531 407 29174 4757 29579
internal_value=9.47939e-06 0.00168607 -0.000460365 -0.00435725 0.00530281 -0.0175806 -0.00763635 0.0117055 -0.00549739 0.0204649 0.0042734 0.00823355 -0.00767833 0.00256709 -0.00569967 -0.0125729 0.0107618 -0.00791062 -0.00720525 -0.0309412 0.0284451 -0.0171349 -0.0155385 0.00580898 -0.0331441 -0.000241544 0.0123698 -0.0177043 0.0223168 -0.0163337
internal_weight=114251 104309 85905.5 51251.1 34654.4 9942.2 34780.4 18403.4 28387.8 5223.9 33145.4 13179.5 22712.5 16470.7 4639.66 7521.95 8464.41 22652 21978.9 673.155 3159.37 6392.61 6451.54 11831 2420.25 4322.58 8856.94 6354.72 2355.39 6372.83
internal_count=527137 467686 391155 239692 151463 59451 164547 76531 131504 21534 145119 54997 106928 75145 20606 42250 35818 106678 102936 3742 13065 33043 36788 54539 17201 18144 36853 32842 9808 36407
is_linear=0
shrinkage=0.05


Tree=28
num_leaves=31
num_cat=0
split_feature=10 38 32 28 32 32 34 10 11 13 12 11 32 32 28 28 28 11 5 12 26 5 34 34 2 34 12 28 32 26
split_gain=1240.74 777.136 792.052 731.794 418.235 828.695 560.151 403.71 356.485 343.468 331.477 313.614 272.988 233.727 220.786 208.816 200.859 195.512 191.511 262.148 186.365 173.949 171.196 162.224 158.121 156.898 188.79 155.047 164.893 153.041
threshold=0.014460830725442277 -0.1196709317871416 4.5000000000000009 -0.027278072893156435 8.5000000000000018 10.500000000000002 2.8986667661772656 0.034064660533268613 0.36865483555692297 0.011958929617394297 0.44285714285714323 0.82005544010657649 11.500000000000002 1.5000000000000002 0.062258843895438593 0.19105063909349965 -0.1007274933522805 0.49046435286791934 -0.089473684210526858 4.4857142857142902 0.042835299257317612 -0.051634205042357877 2.545523582195059 4.0664589915953142 0.0012312239111506031 4.1720766135341369 0.14285714285714315 -0.025136656192973336 3.5000000000000004 0.11802260462274718
decision_type=8 8 2 10 2 2 2 8 8 10 8 8 2 2 10 10 10 10 10 10 10 10 2 2 10 2 8 10 2 8
left_child=9 16 7 17 8 11 -7 13 20 -1 -8 -6 14 24 -11 25 -2 -4 27 -20 -5 -9 -17 -13 -3 26 -10 28 -15 -28
right_child=1 2 3 4 5 6 10 21 15 12 -12 23 -14 18 -16 22 -18 -19 19 -21 -22 -23 -24 -25 -26 -27 29 -29 -30 -31
leaf_value=-0.030569795816460622 0.026255741199023283 -0.010047340505260021 -0.01817438939007246 -0.018510822210152267 -0.022759056987767645 0.032766297537838392 -0.046361471712230741 0.017399977937385847 0.047839459000811942 -0.016395455165415497 0.0071594604691603116 0.0016002067453248397 0.019032552830111127 -0.0098859226131101999 0.0057734199301892079 0.066786116298020753 0.010525037568256247 -0.003229453299475449 -0.020630412460857409 -0.00058704545319122805 0.050771716003253614 -0.0012405049707615412 0.020276788198480691 -0.013592947706660689 0.0051418423619927966 0.015198939480759566 -0.018752833967015135 -0.014962316762687495 0.015586000659536393 0.0061643917014334807
leaf_weight=2781.1989262402058 2807.0377690941095 3282.7984813153744 2571.8539585769176 110.898986145854 2778.2561545521021 2362.5967070013285 299.58036015927792 1943.3418093621731 263.14330019056797 7375.4704521894455 8429.5119121074677 5471.300688996911 719.22141537070274 1204.7281612306833 1324.8603611215949 224.08137211203575 7323.5261192470789 14677.261878579855 8715.5382685661316 2007.0038713514805 778.0271931886673 3515.762303352356 1690.69349822402 2588.0101319998503 3584.0661939233541 6263.4575625658035 642.9206524938345 2034.1426322758198 1344.3479416966438 14848.595161154866
leaf_count=19372 11665 15167 13081 476 13188 9721 1528 8340 1093 41919 36072 24159 3530 6350 6725 931 30384 65055 46481 9790 3303 15645 6967 11562 16187 26592 2838 9875 5916 62603
internal_value=-6.37474e-05 0.00174271 0.000289868 0.00334435 0.00659194 0.00156053 0.0111683 -0.00678487 0.011037 -0.0151308 0.00532263 -0.00827252 -0.0105723 -0.0097837 -0.0130196 0.00988221 0.0148838 -0.00545775 -0.0132222 -0.0168788 0.0421283 0.00539517 0.0257197 -0.00327863 -0.00211955 0.00850493 0.00584364 -0.00466753 0.00354762 0.00513029
internal_weight=113963 101762 91631.9 64000.2 46751.1 21929.3 11091.7 27631.7 24821.8 12200.8 8729.09 10837.6 9419.55 22172.6 8700.33 23932.9 10130.6 17249.1 15305.8 10722.5 888.926 5459.1 1914.77 8059.31 6866.86 22018.1 15754.7 4583.22 2549.08 15491.5
internal_count=526515 454969 412920 279169 201033 96230 47321 133751 104803 71546 37600 48909 52174 109766 48644 101024 42049 78136 78412 56271 3779 23985 7898 35721 31354 93126 66534 22141 12266 65441
is_linear=0
shrinkage=0.05


Tree=29
num_leaves=31
num_cat=0
split_feature=9 7 5 32 8 8 28 12 32 32 34 28 32 7 7 34 32 7 2 28 32 20 5 8 26 9 32 8 11 11
split_gain=1079.85 572.472 555.839 471.493 457.743 448.893 436.976 230.634 207.455 201.34 254.42 189.321 252.787 173.836 214.688 166.643 191.138 162.829 155.268 146.832 143.046 145.884 139.876 137.559 134.313 175.986 132.644 132.197 127.046 123.321
threshold=0.01482592675236276 -0.29240136205492634 -0.092762279737069839 3.5000000000000004 0.092105263157894815 0.038994020086376431 0.08121348777113406 0.049999999999999968 7.5000000000000009 1.5000000000000002 4.4491008295452064 0.029796949361049384 11.500000000000002 -0.17740280736361 -0.061146190150541672 2.9626890809900615 11.500000000000002 -0.081310937932687719 -0.063399062264998404 -0.081784872559349797 5.5000000000000009 0.58737184105778251 1.0000000180025095e-35 0.32220582263350112 0.60272121436505011 0.03463609839657706 4.5000000000000009 0.27012901656345628 0.53601084274597344 0.88333811954701902
decision_type=10 8 8 2 10 8 10 10 2 2 2 10 2 8 10 2 2 8 10 10 2 10 8 8 10 10 2 8 10 10
left_child=2 18 4 9 20 7 13 -4 17 19 -11 -7 -13 24 -15 16 22 -8 -2 -3 -1 -22 -10 -12 29 -26 -9 -17 -6 -5
right_child=1 3 5 6 28 11 8 26 15 10 23 12 -14 14 -16 27 -18 -19 -20 -21 21 -23 -24 -25 25 -27 -28 -29 -30 -31
leaf_value=-0.010050389718822078 0.025739461831703808 0.044404869023325744 -0.043044525638430579 0.0041922128344499985 0.049441879961781329 -0.011707058168074609 0.0084223137991824414 -0.029258473096592352 0.044012039406991638 -0.013985417372254181 -0.0023039954715911421 -0.0016326311708840914 0.047001205490887751 -0.0031406703338778224 0.005748907575563407 -0.0054532836066345843 0.055322316533956618 0.027348458136430071 0.010637263860549698 -0.00043195860330560299 -0.015199411749831649 0.010463109830085547 0.0042489657798335124 0.025346315860055202 -0.005119813766408258 0.0097788728972820968 -0.014164985231781575 0.009542312733009959 -0.0071660892799509093 0.017573528511716747
leaf_weight=2696.3756364732981 2481.9584099203348 187.25130808353424 1186.328326843679 3435.0372767150402 616.46487037837505 7308.032904624939 1864.4597796052694 2163.3178743720055 278.0128478705883 8682.9320822954178 2029.090191245079 3376.6220118552446 290.14741851389408 24694.597279146314 9368.4115484207869 2695.7345773726702 320.12948775291443 2910.4608806669712 5415.2965231537819 7344.2868527621031 692.70259549468756 2761.6142150983214 1081.670469596982 577.92331437766552 4536.3662620782852 3520.1473960131407 4449.5727654919028 3231.5783864110708 118.10603733360767 3452.1618610620499
leaf_count=13880 10065 797 8906 14646 2671 38718 7627 13631 1151 45550 10383 16585 1278 109917 40736 11551 1293 11941 22038 32807 3371 12694 4496 2698 19241 14475 24854 13412 523 14692
internal_value=-8.97198e-05 0.00253909 -0.00911639 0.00127446 0.00303541 -0.013573 0.00339709 -0.0227444 0.0117895 -0.0056488 -0.00987261 -0.00705535 0.00221571 0.00127667 -0.000695753 0.00666195 0.0205631 0.0199584 0.0153836 0.000682788 -0.00141988 0.00531694 0.0123793 0.00382553 0.00577265 0.0013899 -0.0191026 0.00272233 0.0403403 0.0108995
internal_weight=113767 88107.5 25659.3 80210.3 6885.26 18774 61388.8 7799.22 12382 18821.5 11289.9 10974.8 3666.77 49006.7 34063 7607.13 1679.81 4774.92 7897.25 7531.54 6150.69 3454.32 1359.68 2607.01 14943.7 8056.51 6612.89 5927.31 734.571 6887.2
internal_count=526627 389516 137111 357413 33139 103972 265178 47391 51471 92235 58631 56581 17863 213707 150653 31903 6940 19568 32103 33604 29945 16065 5647 13081 63054 33716 38485 24963 3194 29338
is_linear=0
shrinkage=0.05


Tree=30
num_leaves=31
num_cat=0
split_feature=10 10 32 20 32 10 32 28 38 32 32 32 28 39 12 34 38 22 38 34 38 34 1 32 32 12 12 2 28 32
split_gain=1057.35 637.494 451.722 322.492 300.809 281.877 226.247 220.909 211.341 229.944 266.314 236.966 469.39 209.516 208.454 186.139 185.952 182.452 186.264 176.428 171.807 164.583 163.798 156.251 144.467 156.107 139.706 138.416 130.485 120.951
threshold=0.013464521299420013 0.029086930588665072 3.5000000000000004 0.52279791785003737 1.5000000000000002 0.0085999904843141288 11.500000000000002 -0.081784872559349797 -0.14484864318315635 11.500000000000002 8.5000000000000018 6.5000000000000009 0.051319272985458027 1.0000000180025095e-35 5.0000000000000044 2.920466156401718 -0.064690675628347946 1.3611692965378979 -0.098504474254369076 4.143927747969351 -0.10803580751908569 4.0333548983282048 0.094503147679869351 5.5000000000000009 8.5000000000000018 0.21428571428571447 0.14285714285714315 0.022900763358778668 0.08121348777113406 3.5000000000000004
decision_type=8 10 2 10 2 10 2 10 8 2 2 2 10 10 8 2 10 10 10 2 10 2 10 2 2 8 10 8 10 2
left_child=5 2 4 22 7 -1 28 -2 23 10 11 12 16 -11 20 -12 -10 18 21 26 -6 -3 24 -5 -4 -26 -13 -9 -7 -20
right_child=1 17 3 8 14 6 -8 27 9 13 15 19 -14 -15 -16 -17 -18 -19 29 -21 -22 -23 -24 -25 25 -27 -28 -29 -30 -31
leaf_value=-0.032721218565456935 0.061699136804031156 0.018501129858455822 -0.0013086679276702552 0.031653381013153993 0.0017449051763207468 -0.016633418666476701 0.016235752212332435 -0.0069568178572335833 0.0046077385356378181 0.0046655129975357477 0.0054645556967044834 0.057456990474167649 0.020217395259594838 0.026912974438448409 0.003454932538597735 -0.0083639182937029523 -0.0091034883174827084 0.018557709169670599 -0.0021018464307743039 0.019808650305406555 -0.020005576432588934 0.0012069171725449996 0.065418455852168308 0.005300663306779892 -0.04400169629121814 -0.01185046185075272 0.004231199462033132 0.0091825573912656319 0.0074040238820610215 0.0057991485200910844
leaf_weight=2011.3816279247403 141.2683512121439 4579.1634993106127 3535.942127212882 1041.0743177086115 1037.6779792606831 5992.8660542741418 664.53050265461206 3973.9115438908339 3621.4562129974365 3176.2707365602255 3170.3046766966581 125.54571731388569 2253.130593970418 1587.0353711247444 1418.5761217623949 10470.600335374475 7796.1540579795837 3040.7476069480181 6396.0902051627636 2931.8492266535759 7260.1067313700914 1966.4740448892117 74.788151130080223 1223.584379658103 414.76394749432802 4207.0923787802458 6845.616939753294 1995.5965112000704 623.29943089932203 19958.296709880233
leaf_count=15270 610 18766 15913 4231 5005 35463 3517 18693 15751 13810 14087 531 9443 6664 7127 49271 35541 12727 29022 12574 41677 8042 323 4996 2509 20690 29309 9031 3178 82708
internal_value=8.72877e-06 0.00144934 -0.00138701 0.000846106 -0.00879097 -0.0161528 -0.0115755 -9.89995e-05 0.00253694 0.00173428 0.00041034 0.00362783 -0.000638813 0.0120779 -0.0142575 -0.00515002 -0.00475454 0.00683958 0.00575655 0.00951777 -0.0172856 0.0133055 -0.00824056 0.0174151 -0.00891585 -0.0147357 0.00518976 -0.00156145 -0.0143689 0.00388161
internal_weight=113535 104243 68302.3 52475.2 15827.1 9292.08 7280.7 6110.78 44242.6 41978 37214.7 23573.8 13670.7 4763.31 9716.36 13640.9 11417.6 35940.8 32900 9903.01 8297.78 6545.64 8232.59 2264.66 8157.8 4621.86 6971.16 5969.51 6616.17 26354.4
internal_count=526479 469051 317786 235643 82143 57428 42158 28334 196208 186981 166507 103149 60735 20474 53809 63358 51292 151265 138538 42414 46682 26808 39435 9227 39112 23199 29840 27724 38641 111730
is_linear=0
shrinkage=0.05


Tree=31
num_leaves=31
num_cat=0
split_feature=10 9 33 5 32 38 32 28 33 33 33 33 34 32 33 33 33 32 33 33 33 33 33 33 34 26 33 33 33 33
split_gain=924.511 687.063 342.262 325.627 365.886 325.197 450.896 494.058 494.259 403.552 376.639 757.915 601.936 469.233 385.264 299.188 243.754 685.484 661.724 497.229 256.449 243.486 300.182 264.364 252.908 242.053 218.597 396.857 217.06 347.346
threshold=0.024015784942060886 0.01080400984147966 3383.5000000000005 -0.12303160358954383 4.5000000000000009 -0.095198029199996578 4.5000000000000009 -0.043060805926917821 1802.5000000000002 1919.5000000000002 1358.5000000000002 741.50000000000011 3.623005818698426 10.500000000000002 682.50000000000011 119.50000000000001 2278.5000000000005 10.500000000000002 2967.5000000000005 3259.5000000000005 2142.5000000000005 3259.5000000000005 3304.5000000000005 2810.5000000000005 4.078384184158887 0.63367660295441319 2400.5000000000005 2232.5000000000005 2810.5000000000005 3397.5000000000005
decision_type=10 8 2 10 2 8 2 10 2 2 2 2 2 2 2 2 2 2 2 2 2 2 2 2 2 10 2 2 2 2
left_child=1 2 -1 28 -5 -3 15 -8 10 -10 11 14 13 -12 -9 -7 17 20 -18 -20 -11 23 -23 26 -25 -4 27 -6 -2 -30
right_child=3 5 25 4 21 6 7 8 9 16 12 -13 -14 -15 -16 -17 18 -19 19 -21 -22 22 -24 24 -26 -27 -28 -29 29 -31
leaf_value=-0.012536368882700644 0.0078144978632025183 0.00950079540657894 -0.04176348252857838 -0.0051014331970868467 0.0046132589751239073 0.01857892240400098 -0.013582034820704792 0.0095763865372639027 -0.029731180320205913 0.011471734564042057 0.02616987580203688 -0.012408462910212338 -0.0007318044567804099 0.080438715248300471 0.045067549634332495 -0.013589517105855401 -0.025277376404612972 0.063296188225972161 0.032954957906186903 -0.0054988547442021505 -0.029782536776374699 -0.036934292802818978 0.00053864638752520989 0.024458062461107474 0.00049410784049586326 0.054220690167154674 -0.0093708493128247666 0.041587996511863276 0.032565411724965132 -0.009736313222983033
leaf_weight=8117.212488271296 12250.210578203201 5327.9421863108873 1552.2837747260928 12355.307670161128 17938.902140811086 770.61547699570656 5581.7890262231231 3539.5606257170439 1454.7575469315052 1121.8095232844353 2287.6562422811985 4123.0355404913425 1933.9882003217936 482.29035563766956 975.34138335287571 11651.763736762106 2664.0147392302752 519.47671183943748 1256.6473858356476 2539.4822406992316 567.16065189242363 706.70254595577717 2192.3296733647585 3489.3787285983562 1608.5344423502684 68.5848508477211 2597.4427450895309 756.30833561718464 2193.6578857898712 623.11740772426128
leaf_count=46737 50734 23522 11993 57357 75001 3335 27819 15407 6998 5019 9983 18804 8976 2032 4156 62817 12388 2278 5287 12122 2738 3310 9524 14552 6636 491 10983 3094 9244 2650
internal_value=-0.00011722 -0.00464191 -0.0167251 0.00439339 0.00211449 -0.00212751 -0.0036215 -0.000211962 0.00296844 -0.00536225 0.00928948 0.00309008 0.0206736 0.0356189 0.0172434 -0.011594 -0.00127267 0.0130673 -0.00617491 0.00723066 -0.00238156 0.0051584 -0.0085962 0.00666936 0.0168968 -0.037702 0.0042207 0.00610906 0.0106922 0.0232076
internal_weight=113247 56535.4 9738.08 56711.9 41644.9 46797.3 41469.4 29047 23465.2 10123.3 13341.9 8637.94 4703.93 2769.95 4514.9 12422.4 8668.59 2208.45 6460.14 3796.13 1688.97 29289.6 2899.03 26390.6 5097.91 1620.87 21292.7 18695.2 15067 2816.78
internal_count=525987 282902 59221 243085 180457 223681 200159 134007 106188 46830 59358 38367 20991 12015 19563 66152 39832 10035 29797 17409 7757 123100 12834 110266 21188 12484 89078 78095 62628 11894
is_linear=0
shrinkage=0.05


Tree=32
num_leaves=31
num_cat=0
split_feature=10 10 19 33 33 33 33 33 39 26 33 33 8 33 33 33 34 38 33 0 28 33 10 33 33 33 38 29 34 34
split_gain=889.094 548.276 373.98 326.099 231.184 390.922 328.451 307.184 303.319 259.191 212.904 613.021 209.814 209.708 260.862 329.506 438.024 250.211 230.097 205.174 205.005 204.214 203.713 208.426 329.399 196.116 188.347 180.687 175.968 168.757
threshold=0.013758605754457856 0.030711777718189535 -0.047696469055854569 3335.5000000000005 471.50000000000006 916.50000000000011 428.50000000000006 1030.5000000000002 1.0000000180025095e-35 0.58714366529748896 741.50000000000011 682.50000000000011 0.33991589154004659 1123.5000000000002 1802.5000000000002 1358.5000000000002 3.623005818698426 -0.084455163160346555 1192.5000000000002 0.088182664541681791 -0.063542519536270436 3108.5000000000005 0.0076050832875889773 741.50000000000011 682.50000000000011 1933.5000000000002 -0.12490694040095222 -0.11320952031169322 5.5014622505393982 2.3249351414693913
decision_type=8 10 10 2 2 2 2 2 8 10 2 2 10 2 2 2 2 10 2 10 10 2 10 2 2 2 8 10 2 2
left_child=3 2 4 21 6 10 8 -7 -2 -8 11 28 13 -9 15 18 20 -16 -15 -10 -17 22 -1 24 -24 -19 -4 -23 -6 -12
right_child=1 -3 26 -5 5 7 9 12 19 -11 29 -13 -14 14 17 16 -18 25 -20 -21 -22 27 23 -25 -26 -27 -28 -29 -30 -31
leaf_value=-0.03746591267340766 0.012787027378506153 0.0070071944630917347 0.019478857327612415 -0.036810596440675601 -0.02208811318614938 0.020563681896072831 0.057942476229268902 -0.024621571171861711 -0.010447319575030121 -0.013788612648088545 0.040636601645736382 0.029386210799519037 0.01496229147471358 0.011286707683048448 0.0054201769129070959 -0.015935885532164563 -0.0068383985994743979 -0.02751795226325662 -0.01748800837207928 0.063605122331457764 0.026356988389978544 0.070634039103342913 -0.0035108401844135815 -0.013354569902262428 0.072891562440099034 -0.0082795203153822987 0.0024930137682029926 0.0034591673830707222 0.022315360039356118 -0.029712195931261162
leaf_weight=762.18378105759621 3025.4956845939159 30278.363560691476 1740.6174179017544 1389.6213146150112 3049.1339139640331 1321.9467059224844 465.8977714329958 1299.3508382886648 3621.5145479291677 172.58515337109566 88.191001743078232 824.03191334009171 1380.3324471116066 975.2310052216053 3110.0889766961336 317.4781743735075 2151.4984794408083 1468.4311032444239 2415.6484935581684 96.017100796103477 2939.2992528527975 123.89963792264462 631.69866254925728 6255.1994809657335 181.63900592923164 13532.262037165463 26157.838612616062 521.22782211005688 240.73607955873013 2555.2671005725861
leaf_count=5722 13303 126981 7228 11560 14533 5819 2020 6134 17616 740 406 3579 6104 4346 13718 1448 10317 7155 11882 410 13215 581 3481 36255 871 65602 118832 2880 1115 12435
internal_value=-1.94165e-05 0.00135111 -0.000996516 -0.0143599 -0.00381377 -0.00539932 0.00427754 -0.00301782 0.00103205 0.0385532 -0.0162935 -0.0091792 -0.00407134 -0.00500269 -0.00405539 0.00300725 0.0106686 -0.00748679 -0.00921228 -0.00853468 0.0222342 -0.0106791 -0.0129068 -0.0102586 0.0135518 -0.0101628 0.00355278 0.0163604 -0.0188389 -0.0273652
internal_weight=113093 103227 72948.9 9865.47 45050.4 37668.9 7381.51 30911.6 6743.03 638.483 6757.36 4113.9 29589.6 28209.3 26909.9 8799.16 5408.28 18110.8 3390.88 3717.53 3256.78 8475.85 7830.72 7068.54 813.338 15000.7 27898.5 645.127 3289.87 2643.46
internal_count=526288 464938 337957 61350 211897 177808 34089 145740 31329 2760 32068 19227 139921 133817 127683 41208 24980 86475 16228 18026 14663 49790 46329 40607 4352 72757 126060 3461 15648 12841
is_linear=0
shrinkage=0.05


Tree=33
num_leaves=31
num_cat=0
split_feature=10 7 12 7 32 34 33 5 9 33 33 33 33 33 5 33 34 13 32 19 33 33 33 33 33 32 38 36 28 33
split_gain=836.834 434.369 418.139 403.029 361.548 369.685 365.879 308.463 275.035 227.871 275.616 221.925 415.391 225.632 217.065 214.129 206.843 180.488 221.85 177.075 177.248 386.999 162.716 347.844 326.238 170.195 162.067 157.587 154.44 144.68
threshold=0.017380209617847264 -0.25230212214207681 0.049999999999999968 -0.052506901788853803 3.5000000000000004 2.9311901968482226 265.50000000000006 -0.066255035624345524 0.035344522308823775 3335.5000000000005 2996.5000000000005 428.50000000000006 640.50000000000011 547.50000000000011 -0.25939513363013988 172.50000000000003 3.8099896666734097 0.033033919030589561 11.500000000000002 -0.17566592568942765 2653.5000000000005 3259.5000000000005 1014.5000000000001 1389.5000000000002 1802.5000000000002 7.5000000000000009 -0.00047653153173693447 0.99959903769045755 0.014251708328443921 849.50000000000011
decision_type=8 8 10 10 2 2 2 8 10 2 2 2 2 2 10 2 2 10 2 10 2 2 2 2 2 2 10 2 10 2
left_child=2 11 -1 7 -4 9 16 19 26 10 22 15 13 -13 28 -2 -7 18 -8 -3 -21 -22 25 -24 -25 29 -9 -5 -14 -6
right_child=1 3 4 27 5 6 17 8 -10 -11 -12 12 14 -15 -16 -17 -18 -19 -20 20 21 -23 23 24 -26 -27 -28 -29 -30 -31
leaf_value=-0.038957774761496519 -0.0004920874819875318 -0.00054437804944093202 -0.019460943722207205 0.0062736868014804173 -0.027132679035388324 -0.021520354522026424 -0.013800845938324806 -0.0096003747987565002 0.0035440157422877514 -0.036159174549452319 0.082026002965961048 0.0086343540009681218 0.024727133841746841 -0.034305035860883702 0.0047785135331010978 0.032211327666176237 0.08166433030967786 0.0052567701791342604 0.0091570639375442367 0.0046594632337084874 0.038815552083157068 -0.0030550314481428541 -0.02219611852054679 0.044974547440518486 -0.0011617225549436711 0.065225763426573269 -0.0021010587732660673 0.027873954568073907 -0.0003808194340668343 0.04915953005040305
leaf_weight=1101.3204119056463 685.08055326342583 12689.725411534309 4751.3582586795092 15386.737183630466 136.22999848425388 67.056193828582764 9497.1919088587165 17064.798255845904 9013.3008489310741 232.44237776845694 146.87779150903225 473.50030745565891 3127.1793698072433 864.49587251245975 6281.4064224362373 1858.0276812762022 176.1535616517067 1957.9007701128721 1183.4080447256565 7154.3177269399166 1279.0512406229973 970.67303086817265 738.26370976865292 694.13801199197769 855.29932309687138 263.58119159936905 12467.935875877738 893.41880887746811 761.62612545490265 114.26486676931381
leaf_count=9024 2814 56843 30169 67252 599 301 51903 82429 38408 1467 661 1968 12751 3622 25953 7564 774 9186 6058 31214 5592 4361 3420 3039 3927 1112 56337 3801 3107 492
internal_value=-0.00016225 0.00195071 -0.00893316 0.000474032 -0.0073445 -0.00376047 -0.00752991 -0.00140126 -0.0041011 0.0115037 0.015261 0.0100344 0.00708049 -0.0191093 0.010526 0.0234014 0.0532149 -0.00869886 -0.0112571 0.00330903 0.00850878 0.0207499 0.0117609 0.00604901 0.019507 0.0371797 -0.00643436 0.00745906 0.0198097 0.00766851
internal_weight=112887 90971.3 21915.5 76920 20814.2 16062.8 12881.7 60639.8 38546 3181.1 2948.65 14051.3 11508.2 1338 10170.2 2543.11 243.21 12638.5 10680.6 22093.8 9404.04 2249.72 2801.78 2287.7 1549.44 514.076 29532.7 16280.2 3888.81 250.495
internal_count=526148 404016 122132 346237 113108 82939 68222 275184 177174 14717 13250 57779 47401 5590 41811 10378 1075 67147 57961 98010 41167 9953 12589 10386 6966 2203 138766 71053 15858 1091
is_linear=0
shrinkage=0.05


Tree=34
num_leaves=31
num_cat=0
split_feature=10 5 38 33 33 33 33 33 5 33 33 33 33 33 33 34 34 33 33 33 33 33 33 33 33 33 33 28 39 28
split_gain=753.994 614.097 498.147 498.389 579.29 277.679 515.89 807.365 318.756 297.336 432.32 307.034 704.666 284.656 986.257 400.513 253.177 249.609 271.79 252.657 249.556 248.649 221.722 262.72 228.368 509.01 221.035 265.951 219.755 250.313
threshold=0.011122494897799077 -0.18181818181818157 0.065661648371984419 483.50000000000006 172.50000000000003 931.50000000000011 755.50000000000011 653.50000000000011 -0.072289156626505244 3426.5000000000005 2653.5000000000005 2295.5000000000005 2218.5000000000005 1598.5000000000002 1358.5000000000002 3.623005818698426 3.3339870432574523 2696.5000000000005 2810.5000000000005 3259.5000000000005 1490.5000000000002 2653.5000000000005 2515.5000000000005 2100.5000000000005 534.50000000000011 640.50000000000011 3397.5000000000005 -0.081784872559349797 1.0000000180025095e-35 -0.085096821383558494
decision_type=8 8 10 2 2 2 2 2 10 2 2 2 2 2 2 2 2 2 2 2 2 2 2 2 2 2 2 10 10 10
left_child=-1 21 3 4 28 6 7 -5 9 10 11 12 -7 14 -10 20 -9 -12 -19 -20 -16 22 23 24 -2 -26 -23 -28 29 -3
right_child=1 2 -4 5 -6 8 -8 16 13 -11 17 -13 -14 -15 15 -17 -18 18 19 -21 -22 26 -24 -25 25 -27 27 -29 -30 -31
leaf_value=-0.020326949952239055 0.017285465805451643 -0.018566078886564315 0.0057203493697975819 -0.017623803613530782 0.015993676010119778 0.00063729944864165087 -0.026832910337483362 0.038593732052649321 -0.010939706886303515 -0.017607345924473272 0.062598307646447138 -0.016148397766558732 0.058709111168927547 -0.0088974136679036333 0.02286833337066517 0.0038475068259379397 0.0044052273593305239 -0.020466359728393571 0.032474225592422058 -0.00020982605487926292 0.059677781678458823 0.030680650962493866 -0.016252352777019832 0.025783616838635243 -0.031352038107594939 0.0064157181896680286 0.063816712369261536 -0.014657270173948085 -0.032532698040162199 0.0075688582321089036
leaf_weight=4404.2995083779097 2840.7041354030371 1471.4463376104832 22542.247609242797 3583.2142178416252 6819.6538376510143 8358.6280026584864 3779.564975976944 1054.329363271594 5979.6916752532125 1644.9354197010398 316.3053156286478 2321.2324630022049 557.21074257791042 23754.225520551205 1120.7626642882824 1565.8644653409719 1113.3041340187192 439.51723070442677 1832.1693094670773 873.04098506271839 781.55092638731003 2268.9982753098011 953.57198855280876 1905.871016561985 1063.4785836040974 5536.7009471058846 131.18461340665817 610.03363843262196 710.2464457899332 2427.848159879446
leaf_count=31136 11770 7993 97097 17507 29454 38640 18829 4531 28929 8141 1488 10615 2393 115639 4987 7508 5009 2052 8041 3998 3466 9526 3943 7837 4564 23425 547 2639 3581 10876
internal_value=-4.71307e-05 0.000777163 -0.00074971 -0.00281836 0.00673907 -0.00466741 -0.0124834 -0.00305259 -0.00316395 0.00255235 0.00480852 4.9489e-05 0.0042666 -0.00597768 0.00136325 0.0225755 0.0210344 0.0202598 0.0160013 0.0219262 0.0379912 0.0100565 0.00690429 0.00885036 0.00543197 0.000330247 0.0229368 -0.000768542 -0.00695279 -0.00229348
internal_weight=112762 108358 93047 70504.7 11429.2 59075.5 9530.41 5750.85 49545.1 16343 14698.1 11237.1 8915.84 33202.1 9447.87 3468.18 2167.63 3461.03 3144.73 2705.21 1902.31 15310.5 12300.3 11346.8 9440.88 6600.18 3010.22 741.218 4609.54 3899.29
internal_count=526161 495025 430774 333677 51904 281773 45876 27047 235897 75368 67227 51648 41033 160529 44890 15961 9540 15579 14091 12039 8453 64251 51539 47596 39759 27989 12712 3186 22450 18869
is_linear=0
shrinkage=0.05


Tree=35
num_leaves=31
num_cat=0
split_feature=10 7 37 33 32 32 32 33 33 33 33 33 33 33 33 7 0 28 33 33 34 33 33 33 33 32 34 33 33 12
split_gain=702.725 474.403 441.045 313.572 257.566 415.246 519.899 379.354 335.313 569.417 677.979 710.885 457.5 372.006 308.574 281.225 252.4 247.12 230.585 562.534 233.494 230.046 327.641 246.896 223.549 202.99 223.532 200.218 196.061 213.414
threshold=0.01361161428313235 -0.23128502502322509 0.01130856886875742 3335.5000000000005 4.5000000000000009 8.5000000000000018 10.500000000000002 741.50000000000011 875.50000000000011 2278.5000000000005 2232.5000000000005 1571.5000000000002 653.50000000000011 428.50000000000006 696.50000000000011 -0.16646059467348354 0.073262427375537911 -0.028014559487555889 508.50000000000006 640.50000000000011 3.925925918121195 2829.5000000000005 2128.5000000000005 2877.5000000000005 1358.5000000000002 3.5000000000000004 3.0032012097360954 2967.5000000000005 1490.5000000000002 3.3785714285714312
decision_type=8 8 10 2 2 2 2 2 2 2 2 2 2 2 2 10 10 8 2 2 2 2 2 2 2 2 2 2 2 10
left_child=3 18 4 25 15 21 7 14 12 10 11 28 13 -8 17 -3 -4 -7 -2 -20 -21 22 24 -23 -6 -1 -27 -28 -10 -30
right_child=1 2 16 -5 5 6 8 -9 9 -11 -12 -13 -14 -15 -16 -17 -18 -19 19 20 -22 23 -24 -25 -26 26 27 -29 29 -31
leaf_value=-0.024578163012339591 0.019567058817880411 0.00025804962946993402 0.0027334383842783027 -0.036105537627140548 0.00034127506743303701 0.023778051929056757 -0.0085609117521149684 -0.019657628975449364 0.021045659382111732 -0.008907416754589231 0.074388209530656946 -0.016990178768135657 -0.037368084146894402 0.040648417717315213 0.041747852189073176 -0.013659506798950375 0.020605149171417942 -0.016069692517711367 -0.025808464584120411 0.013061419493496366 -0.0011162857951298227 0.050839485897512394 -0.014712066224684545 0.011189100881556922 0.015524177944323623 0.015087468193463453 -0.013810444020801569 0.01462495177935819 0.072270772816661791 0.00077361041034800188
leaf_weight=1764.844956047833 3652.8672071993351 5594.4889218956232 32388.820835739374 1300.5879969373345 6771.4283027648926 536.11309306323528 1655.9146666377783 7418.4540626257658 1046.4529274702072 2367.1807261183858 540.93444284796715 1148.0670041888952 1052.0521823763847 500.02786874771118 427.6387187987566 10334.879029408097 2103.9227387458086 1418.6753404140472 1304.8477214127779 9184.8444308787584 4246.7903381437063 466.524617806077 2393.9359587430954 2477.9229593724012 3776.5022604465485 1099.6733215525746 4361.5812313258648 721.44431641697884 478.44904890656471 133.49352490901947
leaf_count=12765 14973 26952 142136 11484 29100 2403 7942 36185 4601 11033 2267 5289 4904 2117 1835 55349 8848 7147 5618 38093 17720 1988 10583 10854 16597 5349 25788 3979 2024 570
internal_value=-0.00014129 0.00103953 -0.000535296 -0.0133463 -0.00351018 -0.00108859 -0.00613337 -0.014083 0.00259883 0.00986114 0.0231337 0.0132546 -0.0103379 0.00285221 0.00327525 -0.00877158 0.00382354 -0.0051412 0.00832146 0.00553391 0.00857874 0.00485713 0.00198721 0.0174714 0.00577725 -0.0096218 -0.00535252 -0.00977455 0.0341924 0.0566739
internal_weight=112669 103421 85031.9 9248.13 50539.1 34609.8 18723.5 9800.88 8922.57 5714.58 3347.4 2806.46 3207.99 2155.94 2382.43 15929.4 34492.7 1954.79 18389.3 14736.5 13431.6 15886.3 12941.9 2944.45 10547.9 7947.54 6182.7 5083.03 1658.4 611.943
internal_count=526493 467128 390724 59365 239740 157439 88317 47570 40747 25784 14751 12484 14963 10059 11385 82301 150984 9550 76404 61431 55813 69122 56280 12842 45697 47881 35116 29767 7195 2594
is_linear=0
shrinkage=0.05


Tree=36
num_leaves=31
num_cat=0
split_feature=5 38 33 32 33 33 33 33 33 33 9 33 33 32 32 32 32 34 32 33 28 32 32 33 12 32 32 32 33 33
split_gain=633.837 708.699 438.642 457.036 376.504 356.511 295.615 492.544 272.405 497.277 262.975 249.192 305.157 247.452 260.64 237.942 370.782 232.394 227.742 227.489 224.174 217.466 215.041 197.306 197.017 192.587 333.271 191.676 644.505 495.353
threshold=-0.13296479372223033 0.016128280461972792 508.50000000000006 4.5000000000000009 3606.5000000000005 372.50000000000006 2653.5000000000005 3397.5000000000005 508.50000000000006 640.50000000000011 0.020881256397547388 2515.5000000000005 2100.5000000000005 9.5000000000000018 1.5000000000000002 8.5000000000000018 3.5000000000000004 2.8535883538621087 4.5000000000000009 2682.5000000000005 -0.079273569742489239 8.5000000000000018 10.500000000000002 2810.5000000000005 4.4857142857142902 8.5000000000000018 2.5000000000000004 10.500000000000002 862.50000000000011 741.50000000000011
decision_type=8 10 2 2 2 2 2 2 2 2 10 2 2 2 2 2 2 2 2 2 10 2 2 2 10 2 2 2 2 2
left_child=6 2 5 10 17 15 8 19 -1 -10 -4 12 -11 14 -7 16 -2 22 -3 -8 -9 -19 -5 -21 -13 26 -25 29 -29 -23
right_child=1 18 3 4 -6 13 7 20 9 11 -12 24 -14 -15 -16 -17 -18 21 -20 23 -22 27 -24 25 -26 -27 -28 28 -30 -31
leaf_value=0.015552289673131143 -0.012750286281491189 -0.0033152032951379029 -0.021860761784845414 -0.00039619540278080454 -0.027924983087815269 0.046706023020025959 0.068707247312417355 0.040028969073447655 -0.025282086073557128 0.0019808639868802535 -0.0073136985143876718 -0.0062058146940832549 0.020347098754828551 0.039524963146565208 -0.015575640591655733 -0.011745816387599056 0.019614200259100038 -0.00016257880201878315 0.0052762053789206145 -0.00094522336889026894 -0.015881433418460596 0.033603852479938967 0.021109456270521614 -0.001363468002592177 -0.052276270202518599 0.013467827855046612 0.052783779068439909 -0.040019636253710182 0.003733250502899669 -0.022088102379989899
leaf_weight=4102.811021655798 1437.6096379309893 10659.907572187483 7799.9727607890964 4144.4975593611598 1640.3921547755599 237.90606048703194 302.78999680280685 210.74881982803345 1605.5707149505615 9529.0906189233065 5163.2670811712742 1089.8179068565369 2965.4614526480436 1049.2616068199277 571.52406173944473 2991.7385550439358 2302.0118651539087 9381.9082767665386 27907.669066511095 665.09090901166201 1200.8097058981657 435.54147119820118 1615.4934551119804 367.93343815207481 294.8399300724268 1118.3019302934408 1248.3045057058334 1027.6510408520699 4651.3622300326824 4794.7565670087934
leaf_count=17156 7201 51746 48026 18609 10914 1076 1276 920 7098 41646 25131 4639 12430 4468 2903 14911 9572 44457 120114 2867 5562 1975 7036 1578 1245 4646 5426 4936 22298 24843
internal_value=-0.000183684 -0.00217408 -0.00614923 -0.00831836 -0.00469116 0.00411681 0.00689204 0.0175969 0.00409718 0.00106207 -0.0160667 0.0041096 0.00633991 0.0235014 0.00273006 -0.00123574 0.00717243 -0.00322817 0.00290158 0.0271781 -0.00753389 -0.00574426 0.00563545 0.0234793 -0.0160158 0.0294198 0.0404573 -0.0105445 -0.00418409 -0.0174505
internal_weight=112514 87812.5 49244.9 40654.8 27691.6 8590.05 24701.6 5113.98 19587.6 15484.8 12963.2 13879.2 12494.6 1858.69 809.43 6731.36 3739.62 26051.2 38567.6 3702.42 1411.56 20291.2 5759.99 3399.63 1384.66 2734.54 1616.24 10909.3 5679.01 5230.3
internal_count=526705 420216 248356 208225 135068 40131 106489 22275 84214 67058 73157 59960 54076 8447 3979 31684 16773 124154 171860 15793 6482 98509 25645 14517 5884 11650 7004 54052 27234 26818
is_linear=0
shrinkage=0.05


Tree=37
num_leaves=31
num_cat=0
split_feature=10 10 32 34 32 33 33 32 32 13 32 33 33 33 32 33 33 33 33 33 32 39 34 33 33 33 33 33 33 34
split_gain=636.419 463.087 359.592 311.306 354.395 641.998 498 341.397 327.697 325.246 304.47 356.682 596.201 610.264 352.855 347.655 335.968 301.319 300.373 286.499 278.962 261.693 260.729 248.671 243.071 314.759 280.707 239.014 294.925 224.387
threshold=0.010869669654038835 0.030711777718189535 3.5000000000000004 2.8875862353714372 8.5000000000000018 252.50000000000003 640.50000000000011 11.500000000000002 5.5000000000000009 0.04086950678268924 10.500000000000002 959.50000000000011 1389.5000000000002 1742.5000000000002 7.5000000000000009 2494.5000000000005 3274.5000000000005 682.50000000000011 547.50000000000011 119.50000000000001 8.5000000000000018 1.0000000180025095e-35 4.4491008295452064 158.50000000000003 1642.5000000000002 1919.5000000000002 2383.5000000000005 1697.5000000000002 1462.5000000000002 6.6517656511771088
decision_type=8 10 2 2 2 2 2 2 2 10 2 2 2 2 2 2 2 2 2 2 2 10 2 2 2 2 2 2 2 2
left_child=-1 2 19 10 5 -5 18 -6 9 -8 11 17 -13 27 15 -15 -17 20 22 -2 -4 -9 -7 -21 -23 -26 -27 28 -14 -25
right_child=1 -3 3 4 7 6 8 21 -10 -11 -12 12 13 14 -16 16 -18 -19 -20 23 -22 24 -24 29 25 26 -28 -29 -30 -31
leaf_value=-0.019716912621932804 0.018067757705069777 0.0059861061358227529 -0.0047770801110603237 0.030104653812803708 -0.0097485246432753008 -0.012492764606744934 -0.011578996949072697 -0.0031196722341333308 0.0083181504160710022 0.013277593650171716 0.021795921288861222 -0.024815491536151521 0.048814056646376738 -0.0059315954272014318 -0.019804167566530112 0.049537259318008453 -0.013600358699521909 0.04211161125388789 -0.031605741624687843 -0.036943891767465653 0.049428733628184951 0.035633164802465679 0.034475763930717995 -0.0087756279533319909 -0.049015230165304541 0.07413819236301275 -0.002002650880517794 0.07636526592511525 0.0019867174120247115 0.02709488647719583
leaf_weight=3944.0298885330558 1029.7166477888823 30214.389341264963 1186.3743253797293 1967.242688447237 16136.265685267746 1360.4673842936754 5164.4173552319407 3775.2323471903801 12460.579660102725 1766.0851136445999 2836.8246133252978 2072.325732126832 638.37823033332825 1608.5727557986975 1874.5818347707391 730.01767110824585 296.18376766145229 952.04319965839386 1757.7555563598871 765.44983005523682 296.71513801813126 1055.6189017891884 377.44760218262672 15617.067515708506 238.47165241837502 166.2937825769186 444.89394365996122 261.67688059806824 710.44034571945667 448.496462225914
leaf_count=29098 4452 126803 5007 8070 78977 5854 25053 17051 54930 7663 12057 9360 2678 6974 8783 3078 1451 3974 8163 4155 1269 4434 1589 84629 1084 694 1953 1089 3036 2385
internal_value=1.17564e-05 0.000730825 -0.001305 0.000545236 -0.00138703 0.00269511 0.000339113 -0.00603747 0.00347065 -0.00524485 0.00724306 0.00335836 -0.00163577 0.00621342 -0.00322243 0.00857511 0.0313144 0.0201594 -0.017032 -0.0075345 0.00606764 0.00450427 -0.00229194 -0.00910084 0.0196108 -0.0002954 0.018714 0.0326336 0.0241495 -0.00777424
internal_weight=112154 108210 77995.6 60134.9 46670.8 24854 22886.8 21816.8 19391.1 6930.5 13464.1 10627.3 8192.18 6119.85 4509.36 2634.77 1026.2 2435.13 3495.67 17860.7 1483.09 5680.51 1737.91 16831 1905.28 849.659 611.188 1610.5 1348.82 16065.6
internal_count=525793 496695 369892 274271 215515 111322 103252 104193 87646 32716 58756 46699 36449 27089 20286 11503 4529 10250 15606 95621 6276 25216 7443 91169 8165 3731 2647 6803 5714 87014
is_linear=0
shrinkage=0.05


Tree=38
num_leaves=31
num_cat=0
split_feature=10 38 32 32 32 33 33 33 34 33 13 33 33 33 33 8 2 33 34 14 33 34 33 32 34 33 38 33 33 33
split_gain=594.702 501.356 425.507 429.846 665.562 754.302 549.611 591.567 471.063 461.066 393.571 390.559 312.731 314.504 374.965 310.815 265.786 234.125 232.912 230.032 204.145 370.506 403.927 207.07 209.435 242.39 200.662 196.259 194.316 383.309
threshold=0.010869669654038835 -0.1196709317871416 4.5000000000000009 8.5000000000000018 10.500000000000002 741.50000000000011 2810.5000000000005 3243.5000000000005 2.841993923664011 372.50000000000006 0.060833593912286425 2430.5000000000005 119.50000000000001 158.50000000000003 239.50000000000003 1.0000000180025095e-35 0.01968503937007882 2529.5000000000005 3.5130357529000902 1.0000000180025095e-35 1358.5000000000002 4.1720766135341369 321.50000000000006 5.5000000000000009 2.9729720159030868 1389.5000000000002 0.010029513860861818 1317.5000000000002 3074.5000000000005 3139.5000000000005
decision_type=8 8 2 2 2 2 2 2 2 2 10 2 2 2 2 10 10 2 2 10 2 2 2 2 2 2 10 2 2 2
left_child=-1 19 12 6 5 9 11 -8 -6 18 26 20 -3 -14 -15 -10 28 -13 -5 -2 21 27 -23 -22 25 -25 -7 -4 -16 -30
right_child=1 2 3 4 8 10 7 -9 15 -11 -12 17 13 14 16 -17 -18 -19 -20 -21 23 22 -24 24 -26 -27 -28 -29 29 -31
leaf_value=-0.019259725601187778 0.016614876809169895 0.019820445191746208 -0.0026933080147410514 0.015003956878037964 0.021741847251531665 -0.024813513919640946 0.02865006990993223 0.00021537430987622004 -0.015701355639986061 0.027050357362714075 0.0068940485970958691 -0.025201607752182161 -0.0362897378035828 0.024881524153216095 -0.012235945833552992 0.003985661718990295 0.00085440520212336159 0.0090999031524053794 -0.018342764893119964 0.00088653232911572078 -0.0032966734788270262 0.037656830815477958 0.0029404329995133087 -0.016338779743064673 0.0079830336886331926 0.031737565826428178 -0.011378823996950997 -0.029112651331422025 0.033283128729312154 -0.0092170865772639634
leaf_weight=3889.4921184256673 6698.3093923926353 1168.9041194468737 9313.7073556780815 824.31006346642971 3262.6998673975468 6064.8563807532191 4651.7172320634127 3014.4908584132791 2405.5491679310799 1940.0826755315065 1741.6082412302494 1902.9716974198818 863.08928282558918 970.85771723091602 15546.498519361019 12035.823671005666 7968.8776862844825 673.5357052385807 1435.5329787135124 3560.2829533666372 2277.62284322083 1193.9137056320906 2809.555335894227 298.51327279210091 4894.254582464695 2153.7701882123947 5130.6746693104506 760.33893468976021 728.77054570615292 1950.2779626101255
leaf_count=29075 28002 5000 39294 3816 13627 31171 19722 13676 12396 8372 7382 8579 4654 4549 81646 52654 38344 2789 6932 14693 10407 4836 12301 1283 21434 8943 23700 3377 3533 10365
internal_value=-5.06094e-05 0.000639641 -0.00046143 0.00168527 -0.00221609 -0.00924012 0.00568969 0.017469 0.00458298 0.00917069 -0.015217 0.00225327 -0.00551881 -0.00657557 -0.0056315 0.000706327 -0.00676242 -0.0162347 -0.00617907 0.0111563 0.00426302 0.000426222 0.0132935 0.0098752 0.0139588 0.0258853 -0.0186567 -0.00468731 -0.0100928 0.00234407
internal_weight=112131 108241 97982.8 68785.5 34841.1 17137.1 33944.4 7666.21 17704.1 4199.93 12937.1 26278.2 29197.3 28028.4 27165.3 14441.4 26194.4 2576.51 2259.84 10258.6 23701.7 14077.5 4003.47 9624.16 7346.54 2452.28 11195.5 10074 18225.5 2679.05
internal_count=526552 497477 454782 306691 160050 81373 146641 33398 78677 19120 62253 113243 148091 143091 138437 65050 133888 11368 10748 42695 101875 59808 17137 42067 31660 10226 54871 42671 95544 13898
is_linear=0
shrinkage=0.05


Tree=39
num_leaves=31
num_cat=0
split_feature=10 38 32 32 32 33 12 33 33 33 8 13 34 33 33 33 9 33 33 33 34 32 32 34 26 34 33 9 33 33
split_gain=523.549 464.252 453.673 399.618 579.728 759.241 538.294 477.096 590.388 482.023 452.195 352.288 339.295 313.148 327.908 332.1 350.164 272.362 345.963 265.331 256.719 244.838 413.349 288.761 203.96 203.311 236.009 205.339 198.911 204.172
threshold=0.0090325633293576145 -0.098504474254369076 4.5000000000000009 8.5000000000000018 10.500000000000002 741.50000000000011 1.6071428571428588 2529.5000000000005 2430.5000000000005 3443.5000000000005 1.0000000180025095e-35 0.060216673563983109 2.9096258622311582 119.50000000000001 158.50000000000003 483.50000000000006 0.020326025250827762 3058.5000000000005 2696.5000000000005 3426.5000000000005 4.7522961577423013 6.5000000000000009 7.5000000000000009 4.2745803703905905 0.49550894177759858 4.4302212061582376 534.50000000000011 0.029916483798297474 372.50000000000006 346.50000000000006
decision_type=8 8 2 2 2 2 8 2 2 2 10 10 2 2 2 2 10 2 2 2 2 2 2 2 10 2 2 10 2 2
left_child=-1 -2 13 7 5 6 -5 8 -4 21 -6 -7 -12 -3 -15 20 -17 18 24 -19 -16 23 -23 -9 -18 27 -27 -26 29 -8
right_child=1 2 3 4 10 11 28 9 -10 -11 12 -13 -14 14 15 16 17 19 -20 -21 -22 22 -24 -25 25 26 -28 -29 -30 -31
leaf_value=-0.025177433844939978 0.008754461970702598 0.019996616618898903 0.0041258917499429433 0.031026748897519593 -0.014957200808596072 -0.018263623399519192 -0.0050118798678107099 0.022510246570385535 -0.02520900684256789 -0.0023189809889623443 0.021847515872840617 0.0059106513159319467 0.0034918232950301234 -0.038245919195194933 0.0044603703658969733 -0.014659824874731662 0.016475420609058673 0.025066180932017512 -0.029888757235376547 -0.012162773069748408 0.04921227040765902 0.051512636325841236 0.015964554643464204 -0.016456944333728515 -0.018712974772295242 0.056555617072510722 0.0024726281451634916 -0.00061216029134708745 0.013440560172800292 -0.045884088508917405
leaf_weight=2015.5046893954277 14865.84469614923 1103.0628791749477 23120.801287487149 1728.3314241915941 2618.249181650579 10980.334872528911 1061.1533987820148 1722.1518750935793 1852.6077279895544 2521.6673005893826 3250.3111536800861 1746.815918430686 11166.869122706354 823.67865508794785 1842.0538815930486 10658.108075946569 1242.3118379712105 1535.6257504448295 1302.7899827808142 695.28483563661575 387.95262669026852 1555.3564848303795 1724.3833418339491 656.71982619166374 3140.1713783144951 227.64784626662731 1771.0673884004354 3127.0812108665705 857.919886469841 429.10421773791313
leaf_count=17187 63021 4719 100015 7528 13773 54993 5539 7304 8512 11853 13452 7399 49274 4543 8658 61775 5996 6987 6254 3457 1765 6696 7213 2809 15768 1071 8225 14393 3691 1821
internal_value=7.50298e-05 0.000538925 -0.000748702 0.00148115 -0.00234125 -0.00893067 0.00984862 0.00538256 0.00194973 0.0158626 0.00415853 -0.0149457 0.00763006 -0.00611126 -0.00718769 -0.00620111 -0.00793684 -0.00244271 -0.00572501 0.0134634 0.0122458 0.0239649 0.0328226 0.0117528 -0.00241418 -0.00525314 0.00863252 -0.00968147 -0.00573913 -0.0167806
internal_weight=111731 109715 94849.6 66992.8 33839.1 16803.7 4076.51 33153.7 24973.4 8180.28 17035.4 12727.2 14417.2 27856.8 26753.8 25930.1 23700.1 13042 10811.1 2230.91 2230.01 5658.61 3279.74 2378.87 9508.28 8265.97 1998.72 6267.25 2348.18 1490.26
internal_count=525691 508504 445483 301872 157470 80971 18579 144402 108527 35875 76499 62392 62726 143611 138892 134349 123926 62151 51707 10444 10423 24022 13909 10113 45453 39457 9296 30161 11051 7360
is_linear=0
shrinkage=0.05


Tree=40
num_leaves=31
num_cat=0
split_feature=9 33 32 32 33 0 7 33 26 33 32 33 33 33 33 33 8 26 32 7 33 33 33 39 33 8 13 33 34 34
split_gain=519.145 327.627 341.331 461.521 455.59 308.256 311.571 305.555 280.647 240.213 212.316 229.27 283.217 357.113 495.503 257.154 209.814 200.074 285.607 215.264 204.409 297.519 255.5 202.004 226.605 196.172 190.972 188.692 342.645 163.116
threshold=0.014604639699040243 3383.5000000000005 5.5000000000000009 8.5000000000000018 2810.5000000000005 0.083864205044971954 -0.29240136205492634 483.50000000000006 0.28720174907622403 2262.5000000000005 11.500000000000002 1232.5000000000002 1558.5000000000002 1977.5000000000002 2529.5000000000005 496.50000000000006 0.35331337325349316 0.59516093624227739 11.500000000000002 -0.17121925534094259 2353.5000000000005 2204.5000000000005 2725.5000000000005 1.0000000180025095e-35 1875.5000000000002 0.19908110998536535 0.020371516205409345 722.50000000000011 3.3232342169449427 7.0099959319098479
decision_type=8 2 2 2 2 10 8 2 10 2 2 2 2 2 2 2 10 8 2 8 2 2 2 10 2 10 10 2 2 2
left_child=1 2 7 4 9 6 -2 -1 10 29 27 15 -13 -14 -15 -12 17 18 19 -8 21 23 -22 -20 -25 -6 -3 28 -5 -4
right_child=5 26 3 8 25 -7 16 -9 -10 -11 11 12 13 14 -16 -17 -18 -19 20 -21 22 -23 -24 24 -26 -27 -28 -29 -30 -31
leaf_value=0.011986337055738372 0.010701853521301527 -0.034383409212856646 0.0094423174331623415 0.063061219766818041 0.048628636686845618 0.020719020097586204 0.0068258730093086126 -0.01751122884435868 -0.039345759718306672 -0.026645643650084757 0.038536161729310653 0.077564289117418 -0.04872282581434996 0.090871751172630466 -0.00061198168009310308 -0.034624806832408227 0.0061158448489799623 -0.0037595705422686686 0.0056107718330592957 -0.0024004405469042461 -0.036671729955651731 0.073077165034953026 0.016252517744130796 0.047018741635435818 -0.045255578663259612 -0.012495403883026496 -0.0060351385711640438 -0.015630259844663867 -0.016109154291872756 -0.045839990255467929
leaf_weight=1020.3203728273511 7706.4468356966972 1597.5259407162666 4310.8320933431387 226.37892316281796 910.79604080319405 2050.0587849617004 8831.5466419756413 6290.6769921258092 682.47076744586229 573.70015778392553 164.2711137086153 197.08345052599907 193.59480735659599 215.94800101965666 470.49014820158482 446.77170726656914 12504.289610922337 32418.48596291244 1347.952235892415 22248.389845110476 366.19279864430428 268.62391372025013 604.49047960340977 677.83283491432667 73.776466965675354 153.37001046538353 945.84118025749922 3663.524979583919 344.85669888556004 137.69554307311773
leaf_count=5121 31448 13254 20394 992 4169 8611 39056 39020 3656 3038 729 939 987 993 2428 2219 53040 145705 5921 106679 1568 1097 2542 2802 338 687 5377 20976 1740 776
internal_value=-0.000160206 -0.00693809 -0.00478886 0.000168378 0.0101012 0.00155493 0.0011036 -0.0133946 -0.00898403 0.00380422 -0.00548558 0.00950786 0.0233863 0.0112532 0.0281681 -0.0149564 0.000171319 -0.000940816 0.00171412 0.000221271 0.0156104 0.0235308 -0.00371329 0.0171917 0.0379613 0.0398193 -0.0238411 -0.0114626 0.0152658 0.00773116
internal_weight=111644 22546.1 20002.8 12691.8 6086.39 89098.1 87048 7311 6605.39 5022.23 5922.92 1688.16 1077.12 880.033 686.438 611.043 79341.6 66837.3 34418.8 31079.9 3338.87 2368.19 970.683 2099.56 751.609 1064.17 2543.37 4234.76 571.236 4448.53
internal_count=526302 127495 108864 64723 29064 398807 390196 44141 35659 24208 32003 8295 5347 4408 3421 2948 358748 305708 160003 145735 14268 10158 4110 9061 3140 4856 18631 23708 2732 21170
is_linear=0
shrinkage=0.05


Tree=41
num_leaves=31
num_cat=0
split_feature=10 7 37 33 33 33 32 28 33 33 33 32 33 33 33 33 34 32 32 7 10 32 33 33 33 5 34 5 33 2
split_gain=477.823 372.437 509.259 287.519 527.148 410.204 229.683 263.538 244.281 717.149 292.208 380.13 201.331 378.254 398.061 403.872 312.625 230.43 193.225 187.074 183.279 175.913 268.198 171.865 185.657 207.419 184.645 164.669 149.555 148.6
threshold=0.0090325633293576145 -0.18665655032878095 0.0051299029282670947 428.50000000000006 916.50000000000011 959.50000000000011 4.5000000000000009 -0.061304464714452202 2278.5000000000005 2232.5000000000005 2653.5000000000005 8.5000000000000018 1802.5000000000002 1358.5000000000002 741.50000000000011 682.50000000000011 3.623005818698426 11.500000000000002 10.500000000000002 -0.032452617055524428 0.021523789586447052 7.5000000000000009 1137.5000000000002 3542.5000000000005 1490.5000000000002 -0.07527556293088343 3.8099896666734097 0.26905829596412562 3492.5000000000005 -0.11095795413523839
decision_type=8 8 10 2 2 2 2 10 2 2 2 2 2 2 2 2 2 2 2 8 10 2 2 2 2 10 2 8 2 10
left_child=-1 3 6 -2 -5 -6 27 -8 9 12 -10 28 13 14 15 17 18 -9 -15 -4 -17 -16 -23 24 -7 26 -26 -3 -12 -27
right_child=1 2 19 4 5 23 7 8 10 -11 11 -13 -14 16 21 20 -18 -19 -20 -21 -22 22 -24 -25 25 29 -28 -29 -30 -31
leaf_value=-0.024563303969839273 0.016431039780448752 -0.012860471237628228 7.6023732033147546e-05 -0.011380385676299745 0.042589233102424247 -0.0037505696342097893 -0.013426943751944496 -0.0027766257546104722 -0.025025482314064835 0.061846029568949468 0.022809443714097859 -0.014066921795664242 -0.010503859184033851 0.023477614685682668 0.0013976994904084195 0.061820882439958702 0.00091145912124400864 0.030549803375999079 0.064354355295324392 0.0072752432900288462 0.0088365951843829907 -0.027700753335596292 0.0093393476411616546 -0.016157940023898254 0.017088705154906802 0.027721079243374854 0.0031627895311400023 0.0055262155968099809 -0.0025706602031531339 -0.0040074995422206151
leaf_weight=1947.7876161411405 4768.5379800200462 11225.510257095098 24245.611253216863 5062.5918038785458 764.62552458047867 3686.8760739862919 4808.892099507153 3446.3607704788446 1903.3061240911484 498.83169622719288 1436.1364839226007 3023.8960649594665 3084.8302057683468 1650.2832040935755 1495.1189934760332 460.39019650220871 1585.0900773257017 610.5731900036335 350.50489507615566 14372.921753980219 252.85574644804001 2269.7359298616648 622.81234247982502 894.1491774469614 7136.8250859230757 410.36164577305317 3571.4616946130991 1365.8753733187914 974.15698266774416 3663.53578107059
leaf_count=17046 19798 64468 109310 22429 3152 15783 24478 15114 9343 2138 6085 16570 15204 7296 6666 1945 7853 2599 1497 64394 1060 11151 2913 3935 30232 1725 15256 6238 4919 16034
internal_value=-1.57023e-05 0.000420383 -0.00136645 0.00517294 0.00304179 0.00666928 -0.00524274 -0.0027561 -0.000587705 0.00281777 -0.00816557 -0.00226044 0.000957516 0.00373193 -0.00165839 0.00833926 0.0174981 0.00223904 0.0306385 0.00275541 0.0430372 -0.0125276 -0.0197254 0.00525086 0.00628733 0.00879092 0.0124441 -0.0108659 0.0125517 -0.000811496
internal_weight=111590 109643 79683.7 29959 25190.4 20127.8 41065.2 28473.8 23664.9 16327.4 7337.5 5434.19 15828.6 12743.7 9157.85 4770.18 3585.88 4056.93 2000.79 38618.5 713.246 4387.67 2892.55 19363.2 18469.1 14782.2 10708.3 12591.4 2410.29 4073.9
internal_count=526631 509585 381241 128344 108546 86117 207537 136831 112353 75436 36917 27574 73298 58094 41448 20718 16646 17713 8793 173704 3005 20730 14064 82965 79030 63247 45488 70706 11004 17759
is_linear=0
shrinkage=0.05


Tree=42
num_leaves=31
num_cat=0
split_feature=10 32 20 32 28 32 32 12 37 28 13 11 12 28 12 28 32 13 10 28 1 25 12 25 12 38 28 9 26 9
split_gain=451.689 392.914 327.441 315.657 304.53 293.5 580.466 359.365 298.154 307.59 290.054 281.793 280.661 210.261 180.369 187.547 166.203 205.409 159.386 147.687 137.008 126.916 119.848 113.197 109.672 124.209 109.574 109.478 114.732 163.744
threshold=0.0093985981318847837 3.5000000000000004 0.11174166331494113 1.5000000000000002 -0.072202408783986816 8.5000000000000018 10.500000000000002 0.14285714285714315 -0.078423314454463364 0.086696969571158244 0.070986005645950881 0.13310469779918921 1.5071428571428578 -0.098279777605114291 0.87142857142857177 0.036104540255125217 6.5000000000000009 0.040639439913249593 0.01759322412584487 -0.15692245542710212 0.015267175572519444 0.74922838771136002 0.14285714285714315 0.35488414357110415 34.228571428571506 -0.034127495170767068 0.025890472453628306 0.014604639699040243 0.46730499053203839 0.02009373961700989
decision_type=8 2 8 2 10 2 2 8 10 10 10 10 8 10 10 10 2 10 10 8 8 10 8 10 8 8 10 10 10 10
left_child=23 3 -3 4 -2 7 10 -4 13 16 19 24 18 -9 15 27 17 -10 -5 -7 -6 -17 -21 -1 25 -8 -14 -13 -29 -30
right_child=1 2 5 12 20 6 11 8 9 -11 -12 14 26 -15 -16 21 -18 -19 -20 22 -22 -23 -24 -25 -26 -27 -28 28 29 -31
leaf_value=-0.0047285837424836229 0.042813134307591705 -0.024511720727094434 0.037620874496181518 -0.029719819265022537 -0.0044349002286011383 0.039979764507881738 0.015783820898105757 0.039766348150029697 -0.0047927653608235352 0.012472831819198676 0.013156666897669152 -0.0035351845561416464 0.0012188742166229193 0.011251923188654304 0.0034748933752567824 0.040527547885262853 0.0057524496946353785 0.0064235038143343817 -0.012470778024755621 -0.056251569660357117 0.0079965474255907984 0.0095051068718276701 -0.0091077540533103397 -0.029490397685091832 0.059540119745832593 -0.022683266708937243 -0.013040938741238239 0.026361726145217063 -0.043675675873194507 0.010699532720897478
leaf_weight=651.23114685714245 431.0168459713459 1143.5371158644557 838.83669536560774 1718.3866757452488 6400.2278307378292 152.24434433877468 247.86841786652803 899.76968397200108 14140.77071480453 7600.5685368478298 1610.6569400578737 1253.459492623806 5187.4117016419768 2296.7903248295188 12397.777554556727 943.70178264379501 12785.644940510392 5738.3273266404867 6069.8987027704716 135.90764467418194 3390.4843256101012 506.71563134342432 16692.929324492812 1584.5508631542325 48.478963494300842 1368.2710731700063 1819.7487641498446 1175.1259742826223 148.84040835499763 1984.0416196733713
leaf_count=5267 1894 5887 3770 11806 30714 653 1139 3753 65968 31602 6796 6184 27585 9553 53614 4004 55699 24234 33016 933 15296 2137 80111 14021 231 7372 9518 5076 664 8137
internal_value=-3.08656e-05 0.000424927 0.00206116 -0.00507627 0.00168083 0.00242742 -0.00075577 0.00520574 0.00458011 0.00341326 -0.00712158 0.00513991 -0.00974455 0.0192782 0.00692126 0.0140284 0.00130525 -0.00155506 -0.0162766 -0.00904497 -0.00012994 0.0296896 -0.00948848 -0.0222779 -0.0145608 -0.0167835 -0.00248438 0.00904857 0.0138168 0.00690503
internal_weight=111363 109127 84110.3 25017.2 10221.7 82966.7 38666 44300.7 43461.9 40265.3 18591.7 20074.3 14795.4 3196.56 18409.7 6011.88 32664.7 19879.1 7788.29 16981.1 9790.71 1450.42 16828.8 2235.78 1664.62 1616.14 7007.16 4561.47 3308.01 2132.88
internal_count=526634 507346 377517 129829 47904 371630 177051 194579 190809 177503 88493 88558 81925 13306 79816 26202 145901 90202 44822 81697 46010 6141 81044 19288 8742 8511 37103 20061 13877 8801
is_linear=0
shrinkage=0.05


Tree=43
num_leaves=31
num_cat=0
split_feature=20 38 38 19 9 34 33 33 34 33 33 11 28 37 33 33 33 33 34 33 34 38 33 33 33 33 33 38 33 33
split_gain=413.404 397.407 317.297 254.316 269.2 196.679 209.43 243.694 154.735 135.424 129.184 127.566 125.4 119.485 113.936 258.126 200.021 359.235 225.848 174.1 162.58 152.031 149.311 690.542 372.284 261.656 300.008 209.936 196.242 360.344
threshold=0.15667456555867712 -0.13742273842633049 0.20099375400763578 0.10417525493488428 0.01314013573417889 2.9418004506160189 1389.5000000000002 1742.5000000000002 3.0927440999241704 1261.5000000000002 3383.5000000000005 1.2086865977094712 -0.046474650601340962 -0.03791860036632571 471.50000000000006 916.50000000000011 741.50000000000011 653.50000000000011 3.5793425944504444 172.50000000000003 4.5648214049661604 0.0029863486663425092 2295.5000000000005 2232.5000000000005 2653.5000000000005 2696.5000000000005 2725.5000000000005 -0.031849732481366959 3259.5000000000005 3090.5000000000005
decision_type=8 8 10 8 10 2 2 2 2 2 2 8 10 10 2 2 2 2 2 2 2 10 2 2 2 2 2 10 2 2
left_child=-1 8 3 4 10 6 9 -8 -2 -5 -3 12 -10 -12 19 16 17 18 -16 -6 -21 -20 23 -17 -24 27 -27 -26 29 -28
right_child=1 2 -4 5 14 -7 7 -9 11 -11 13 -13 -14 -15 15 22 -18 -19 21 20 -22 -23 24 -25 25 26 28 -29 -30 -31
leaf_value=-0.02372575230482811 0.020514513865959257 -0.008222662211383713 0.010601730749663829 0.0036540415126218341 -0.0065966374270966981 0.00039400150239664436 0.037277280731021468 0.0099495825295608416 0.019355430611906328 -0.027425381298192664 0.016719742590177358 -0.0078304821662395583 -0.0012149017815871813 -0.031788132224640116 -0.027040829373999389 0.0002048030341800011 -0.021485748885286902 0.01799191389874177 -0.013899545562183299 0.004852934484321351 0.026651354303744088 0.017545030128219424 -0.015732205392652406 0.046493281807460776 0.065560691623364073 -0.042085157288308479 -0.0018890125335061987 0.0069146070642773401 -0.0063515597194398424 0.025579332454371662
leaf_weight=1795.8649758398533 2971.4579272866249 9457.9631033986807 6213.820157840848 2700.1624626666307 2646.4169145822525 25027.452238276601 1074.7905267030001 3385.369218274951 1855.3927591517568 402.78751626610756 144.80600325018167 1242.4665599614382 1233.4257236868143 1029.4444696158171 1555.3439966365695 19499.945746339858 2821.800074018538 1270.1576370000839 877.3295625820756 4522.2045745849609 1054.9107352793217 684.15879274904728 4970.2539656609297 840.44742053747177 267.72813713550568 430.78076831996441 3613.5608577877283 354.85752385854721 5310.6475567743182 1783.1413987725973
leaf_count=10430 12255 54123 26067 12047 12708 119057 4610 15586 7670 1883 874 5187 5043 8532 7495 90514 13829 5409 4238 19138 4427 3282 23161 3549 1205 2276 16357 1713 25474 7582
internal_value=6.8926e-05 0.000460091 -0.000347072 -0.00105778 -0.00290939 0.00252923 0.00959502 0.0165349 0.0117274 -0.000380314 -0.0101646 0.00569908 0.0111413 -0.0258062 -0.00144017 -0.00244393 -0.011101 -0.00442128 -0.013555 0.00396464 0.0089761 -0.000122252 -0.000760505 0.0021174 -0.00425927 0.000589358 -0.00117388 0.032134 0.000472069 0.00718689
internal_weight=111039 109243 101940 95726.5 63135.9 32590.6 7563.11 4460.16 7302.74 3102.95 10632.2 4331.29 3088.82 1174.25 52503.7 44280.2 7208.79 4386.99 3116.83 8223.53 5577.12 1561.49 37071.4 20340.4 16731 11760.7 11138.1 622.586 10707.3 5396.7
internal_count=525721 515291 485136 459069 305886 153183 34126 20196 30155 13930 63529 17900 12713 9406 242357 206084 34253 20424 15015 36273 23565 7520 171831 94063 77768 54607 51689 2918 49413 23939
is_linear=0
shrinkage=0.05


Tree=44
num_leaves=31
num_cat=0
split_feature=10 38 32 28 34 32 6 32 2 9 28 32 32 12 34 25 35 35 5 12 28 5 7 32 34 12 5 26 32 28
split_gain=399.383 351.871 377.502 403.105 263.288 248.788 271.9 262.986 226.941 186.017 166.496 227.437 216.826 236.804 165.944 164.415 160.493 143.596 141.257 200.641 165.157 135.621 133.829 133.681 130.854 130.632 120.832 120.269 114.923 109.006
threshold=0.0085999904843141288 -0.09348585391416285 4.5000000000000009 -0.044901851040869432 3.0610489973715933 8.5000000000000018 1.0000000180025095e-35 10.500000000000002 0.01968503937007882 0.04452476246017565 0.20129013792612607 10.500000000000002 9.5000000000000018 0.14285714285714315 3.7316987341677339 0.57311097242447362 -0.0091324200913373548 0.018633540372660077 -0.10294117647058836 5.9178571428571471 -0.025740255837468421 0.22580645161290339 -0.067132170618226336 9.5000000000000018 2.841993923664011 0.56428567341395719 -0.25939513363013988 0.44246195963583124 11.500000000000002 0.047107369750796449
decision_type=8 8 2 10 2 2 8 2 8 8 10 2 2 10 2 10 10 10 10 10 10 10 10 2 2 8 10 10 2 10
left_child=29 16 8 21 10 14 -7 9 18 -8 11 12 13 -5 -6 27 -2 -18 20 -20 -3 -4 24 -12 -13 -26 -11 28 -9 -1
right_child=1 2 3 4 5 6 7 15 -10 26 23 22 -14 -15 -16 -17 17 -19 19 -21 -22 -23 -24 -25 25 -27 -28 -29 -30 -31
leaf_value=-0.03056022688656064 0.017981595485023715 0.0095497098754083621 -0.0095402147143784054 0.039743646358938123 -0.0011717926626444788 -0.043288031167236715 -0.010610607862074933 0.0039494158554277707 0.0009145582511084255 0.068240697575830275 0.040411585605917649 0.019842606471828533 -0.014141142725776669 0.004671687751295373 0.0081212255090028409 -0.0025149023822403378 0.0025509921729875511 0.016375175389952222 -0.013915458837370574 0.0031174922020022339 -0.0094619346549923277 0.0083937215812630202 0.033634300004834132 -0.030610407679483753 -0.031089641640672534 0.009755962107102327 0.0070926057734790604 0.0020169168146649541 0.027672847749935416 0.0034664805069471675
leaf_weight=1339.0347155183554 2847.6449993029237 1990.5513060390949 9626.1633977815509 507.38182653486729 7697.4544991925359 416.02074708789587 8496.9582130238414 806.59437040239573 8702.343186981976 89.449537307024002 605.61653164029121 1871.4722730964422 1464.6732139959931 9360.4463256448507 12778.948485836387 5029.0118012204766 11041.984523460269 2263.547467045486 11792.589819215238 2025.9686020836234 2680.8313014507294 1183.8272259384394 1002.9397832900286 74.394461289048195 288.58506429940462 608.48672914505005 834.50045628845692 1999.676344037056 1390.6120500862598 285.5665363445878
leaf_count=12999 12178 10062 47215 2348 33402 3005 41694 4013 42022 406 2572 7869 7019 40508 56432 21911 47234 9542 66671 10351 13017 5018 4277 308 1432 2568 3416 8711 6226 2170
internal_value=2.97888e-05 0.000394971 -0.000784333 0.00125478 0.00298034 0.000800993 -0.0033096 -0.00241765 -0.00574359 -0.00829379 0.00843964 0.00735002 0.00381047 0.00647501 0.00462781 0.00358269 0.00720844 0.00490277 -0.00887726 -0.0114182 -0.00136077 -0.00757623 0.0179856 0.0326416 0.0123167 -0.00338394 0.0130125 0.0108893 0.018964 -0.0245791
internal_weight=111103 109479 93325.5 66133.2 55323.2 39539.2 19062.8 18646.8 27192.3 9420.91 15784 15104 11332.5 9867.83 20476.4 9225.89 16153.2 13305.5 18489.9 13818.6 4671.38 10810 3771.48 680.011 2768.54 897.072 923.95 4196.88 2197.21 1624.6
internal_count=526596 511427 442473 300350 248117 179216 89382 86377 142123 45516 68901 66021 49875 42856 89834 40861 68954 56776 100101 77022 23079 52233 16146 2880 11869 4000 3822 18950 10239 15169
is_linear=0
shrinkage=0.05


Tree=45
num_leaves=31
num_cat=0
split_feature=7 38 12 33 33 33 33 33 33 33 33 33 33 33 34 7 28 0 7 20 33 12 33 33 33 3 33 33 33 11
split_gain=378.283 491.183 310.304 222.68 525.292 384.125 203.941 440.921 401.411 242.308 240.456 188.566 198.784 419.03 176.459 198.861 175.229 170.364 165.223 163.047 148.745 214.151 143.553 212.636 359.727 202.411 186.297 181.651 149.948 145.146
threshold=-0.17990172463628476 0.015161457791867507 1.0000000180025095e-35 428.50000000000006 916.50000000000011 959.50000000000011 755.50000000000011 682.50000000000011 916.50000000000011 1014.5000000000001 1123.5000000000002 3724.5000000000005 1558.5000000000002 1358.5000000000002 4.3950660578969041 -0.060266274561660164 -0.013332768075943394 0.094799447218713265 -1.0000000180025095e-35 0.036262166918195358 1490.5000000000002 3.3785714285714312 3426.5000000000005 2653.5000000000005 2696.5000000000005 -0.084158415841584053 2810.5000000000005 2859.5000000000005 2604.5000000000005 0.13310469779918921
decision_type=8 10 8 2 2 2 2 2 2 2 2 2 2 2 2 10 10 10 10 10 2 10 2 2 2 10 2 2 2 10
left_child=3 2 -2 -1 16 -6 7 17 -8 -10 -11 12 13 -12 15 -13 -5 -4 -3 -7 -15 -22 23 28 -25 -24 -26 -28 -21 -29
right_child=1 18 6 4 5 19 8 -9 9 10 11 14 -14 20 -16 -17 -18 -19 -20 22 21 -23 25 24 26 -27 27 29 -30 -31
leaf_value=0.01410567952854028 -0.032706287428512573 0.00075080482743172328 -0.0030537438899249508 -0.017702771456643798 0.04027757917193675 -0.031749575709494438 -0.028914924263090017 0.034240491689839274 0.01829451983636151 -0.027084069563794212 -0.0092266752485502031 0.10334276431291961 -0.0080896668405061427 0.01060518132201841 -0.031292442203335075 -0.030313781235999482 0.0014049257452088475 0.055523810588717019 0.010031478750867191 0.0043419778518497985 0.052985917700487883 -0.0148986519513691 0.019037500735866179 0.05681821962359504 -0.0131851744163141 -0.019339091087503299 0.041408040917722488 -0.069887429398128045 -0.022407498398302042 0.012104726017827061
leaf_weight=5075.0443682223558 1042.4670072793961 32748.635254725814 8650.0424334034324 3573.537750929594 795.48739930987358 299.53825208544731 1972.1461283117533 916.09297148883343 1024.2934918627143 1345.5611898750067 3101.16870778054 113.5994586572051 19945.721440792084 1591.9868161231279 59.214822612702847 36.85973883420229 1806.3662893474102 125.9309137314558 5618.4404095187783 12679.266046658158 541.15017249435186 147.93613777309656 478.54955602437258 468.98971170186996 685.84711618721485 1218.3249590992928 560.94707573950291 54.76954397559166 546.4815956056118 3724.4503662288189
leaf_count=21151 9276 147661 42410 16161 3297 1313 11169 4053 4784 6952 16592 901 107757 7742 464 415 7943 534 24682 54415 2511 749 2090 1997 2981 5528 2624 262 2286 15905
internal_value=-8.95746e-05 -0.00194699 -0.00577939 0.00449949 0.00268665 0.00618123 -0.00507003 0.00123241 -0.00711436 -0.00557378 -0.0064832 -0.00539775 -0.00578867 0.00273847 0.0418237 0.0705994 -0.0112871 -0.00221318 0.00210986 0.00487201 0.0190054 0.0384122 0.00540927 0.0066715 0.0149386 -0.00851619 0.0110307 0.0148574 0.0032367 0.0109165
internal_weight=110949 78981.2 40614.2 31967.6 26892.6 21512.7 39571.7 9692.07 29879.6 27907.5 26883.2 25537.6 25328 5382.24 209.674 150.459 5379.9 8775.97 38367.1 20717.2 2281.07 689.086 20417.6 18720.8 5495 1696.87 5026.01 4340.17 13225.7 3779.22
internal_count=526605 388652 216309 137953 116802 92698 207033 46997 160036 148867 144083 137131 135351 27594 1780 1316 24104 42944 172343 89401 11002 3260 88088 80470 23769 7618 21772 18791 56701 16167
is_linear=0
shrinkage=0.05


Tree=46
num_leaves=31
num_cat=0
split_feature=10 33 32 33 33 33 34 0 33 12 33 33 33 33 33 32 28 34 33 34 32 32 32 33 33 33 10 33 28 33
split_gain=347.945 279.13 245.501 337.079 322.839 299.9 251.068 225.79 225.564 214.267 212.381 421.603 206.931 586.899 468.963 393.963 338.262 335.732 329.224 303.923 242.83 339.917 280.805 221.188 839.883 232.495 204.561 201.963 213.083 201.766
threshold=0.017380209617847264 3335.5000000000005 3.5000000000000004 2967.5000000000005 741.50000000000011 682.50000000000011 4.0208770081602525 0.083864205044971954 265.50000000000006 1.2642857142857153 2278.5000000000005 2232.5000000000005 1358.5000000000002 1558.5000000000002 534.50000000000011 10.500000000000002 0.019727112872611512 3.654545938253261 627.50000000000011 4.8793869352545185 8.5000000000000018 10.500000000000002 4.5000000000000009 1962.5000000000002 2278.5000000000005 2653.5000000000005 0.038873403584049011 172.50000000000003 -0.11397979928191553 2810.5000000000005
decision_type=8 2 2 2 2 2 2 10 2 10 2 2 2 2 2 2 8 2 2 2 2 2 2 2 2 2 10 2 10 2
left_child=1 2 9 4 5 8 -7 12 -4 -1 11 -6 14 15 16 -14 27 -17 -16 -18 22 26 -15 -23 -25 -26 -22 -2 -29 -24
right_child=7 -3 3 -5 10 6 -8 -9 -10 -11 -12 -13 13 20 18 17 19 -19 -20 -21 21 23 29 24 25 -27 -28 28 -30 -31
leaf_value=-0.024692553429207093 0.00078063384179761282 -0.022929570258349612 0.046106088739631956 0.022014742232405529 -0.0054613642997454089 0.079894697693545125 0.0066358250620885025 0.017853961948604318 -0.0040316033402475913 -0.0016567571744314771 -0.021113421867489213 0.053214931062454174 0.010521152514753039 -0.00095580421332766184 -0.023388639244426777 0.061307738452059793 -0.0076549930392388029 0.010689544645733139 -0.0043830422632534886 0.0195868418970431 -0.01446197110227007 -0.014054627935305253 0.0038198065168393194 0.040985107948175073 -0.01883258833056442 0.0048539032915523878 0.0073993152397949114 0.039134840122188125 0.0122833698040118 0.01551310967643885
leaf_weight=2306.8306327611208 3370.9641147106886 2125.9982491880655 269.38227415084839 1461.1864768490195 8602.8729438558221 280.44223490357399 200.61564453691244 2041.2100901156664 1341.2399469092488 1794.8936633691192 2080.618450962007 317.43525025248528 3213.7077081948519 13992.610937900841 2598.2176065966487 873.31701698899269 6546.2097249627113 524.21569077670574 18523.205240704119 1213.6534276306629 6599.6453022286296 1428.6452900916338 8511.3105952590704 1465.1252705007792 1461.5800872296095 3557.7571057826281 1277.1415933966637 856.45319248735905 5380.4636241793633 6511.1741838157177
leaf_count=16472 15895 17202 1193 7481 45675 1190 888 8571 6584 11905 11781 1460 14001 67833 11859 3584 29163 2175 83607 5319 31771 6210 36098 6058 6194 15397 5302 3670 23474 28144
internal_value=6.70271e-05 -0.00576407 -0.00380787 -0.000762863 -0.00330493 0.0147011 0.0493435 0.00141426 0.0043541 -0.0146122 -0.00672853 -0.00337333 0.00103252 0.00317348 -0.00171626 0.0201587 0.00437013 0.0423208 -0.00672098 -0.00339433 0.0014254 -0.00356437 0.00414081 0.0037549 0.00767866 -0.00204336 -0.0109174 0.0106411 0.0159706 0.00888802
internal_weight=110728 20781.5 18655.5 14553.8 13092.6 2091.68 481.058 89946.6 1610.62 4101.72 11000.9 8920.31 87905.4 49416.2 38489.2 4611.24 17367.7 1397.53 21121.4 7759.86 44805 15789.9 29015.1 7913.11 6484.46 5019.34 7876.79 9607.88 6236.92 15022.5
internal_count=526156 121831 104629 76252 68771 9855 2078 404325 7777 28377 58916 47135 395754 222767 172987 19760 77521 5759 95466 34482 203007 70932 132075 33859 27649 21591 37073 43039 27144 64242
is_linear=0
shrinkage=0.05


Tree=47
num_leaves=31
num_cat=0
split_feature=5 9 7 33 33 33 19 33 33 33 33 13 32 32 33 13 5 34 33 33 4 32 33 32 32 33 7 34 12 13
split_gain=360.626 405.766 287.799 253.354 499.904 239.042 197.15 187.97 396.923 256.176 363.366 158.416 156.117 141.245 187.512 185.53 167.169 140.546 174.476 127.43 126.601 126.038 120.93 200.66 331.977 167.481 152.382 143.815 123.728 118.623
threshold=-0.11174242424242446 0.013019072560790308 -0.059391466187120927 2653.5000000000005 3411.5000000000005 2667.5000000000005 0.012151367467692879 2430.5000000000005 2100.5000000000005 520.50000000000011 615.50000000000011 0.023129388472753993 3.5000000000000004 10.500000000000002 65.500000000000014 0.009465490906461314 0.27777777777777707 2.7942232213214351 3335.5000000000005 3383.5000000000005 -0.041666666666666789 8.5000000000000018 2810.5000000000005 8.5000000000000018 2.5000000000000004 2696.5000000000005 -0.37954648031998495 4.3327048637801218 4.4857142857142902 0.081420965368433032
decision_type=8 8 10 2 2 2 10 2 2 2 2 10 2 2 2 10 8 2 2 2 10 2 2 2 2 2 10 2 10 10
left_child=3 6 13 7 5 -5 19 8 9 11 -11 -1 -10 16 15 -15 -3 18 -16 -2 -6 -18 25 24 -24 28 -25 -26 -7 -23
right_child=1 2 -4 4 20 22 -8 -9 12 10 -12 -13 -14 14 17 -17 21 -19 -20 -21 -22 29 23 26 27 -27 -28 -29 -30 -31
leaf_value=0.029597612397547626 -0.012015839005127121 -0.0052858007430690353 0.0046518845911150573 0.074460668153977061 0.0021621428531390405 0.070651083260753686 -0.0013697777996778721 -0.011066944792903426 -0.012837964013880029 -0.028189718291289818 0.00031356440924690997 0.0066725002465130362 0.025853964916788843 0.082597541273937369 0.023281728697647219 -0.024920153518827367 0.0083212131275262925 0.0025279713302744648 -0.076000633759144107 -0.030511994779035979 -0.025627459493096978 -0.010374416894623607 -0.0014036371710348804 0.071535369225011788 0.054796779954097846 -0.0088429178889419778 0.0047681182633849753 0.018043137325918408 -0.0034331011025086049 0.021229235051592878
leaf_weight=936.25078677386045 7240.4095191955566 30683.108957909048 21538.826628826559 212.76494637131691 1003.7224138602614 137.91404139250517 4467.236424587667 2322.3929519876838 291.96324317902327 1232.779282733798 12023.629475653172 3861.7031277120113 2435.0942661687732 42.253787085413933 1324.7470466196537 795.65170800685883 4461.1051943600178 7367.8508367985487 45.781114548444748 1068.6574533954263 692.66377111524343 2073.8682240694761 482.90481492131948 91.878594785928726 1148.6421834379435 667.52098617702723 1222.640056066215 346.4340967386961 95.303810998797417 346.53083419799805
leaf_count=3996 44358 146984 96537 893 4782 610 26714 10096 1273 5674 53822 16238 10309 202 5460 4280 19238 32352 198 9923 3418 10034 2141 373 5194 2932 5160 1509 403 1469
internal_value=5.0566e-05 -0.00165856 -0.000136495 0.00481732 0.0138786 0.0227584 -0.00984053 0.00242399 0.00393164 0.00124604 -0.0023371 0.011146 0.0217115 -0.00232432 0.0030963 -0.0194983 -0.00370619 0.00526284 0.0199653 -0.0143947 -0.00918483 0.00333695 0.020135 0.0245762 0.0346388 0.00390097 0.00943483 0.0462803 0.0403768 -0.00584969
internal_weight=110662 81456 68679.7 29206.2 6102.39 4406 12776.3 23103.8 20781.4 18054.4 13256.4 4797.95 2727.06 47140.9 9576.28 837.905 37564.6 8738.38 1370.53 8309.07 1696.39 6881.5 4193.24 3292.5 1977.98 900.739 1314.52 1495.08 233.218 2420.4
internal_count=526572 397749 316754 128823 27415 19215 80995 101408 91312 79730 59496 20234 11582 220217 42492 4482 177725 38010 5658 54281 8200 30741 18322 14377 8844 3945 5533 6703 1013 11503
is_linear=0
shrinkage=0.05


Tree=48
num_leaves=31
num_cat=0
split_feature=20 7 38 5 1 33 33 33 33 33 33 5 33 7 32 3 32 32 32 13 32 33 33 33 33 34 33 32 32 33
split_gain=339.902 312.244 345.734 271.939 171.044 183.387 365.73 266.846 145.201 221.759 254.134 196.151 159.626 141.199 155.603 141.133 138.506 138.415 199.257 137.175 135.614 158.315 152.104 402.706 291.906 210.667 175.419 232.596 153.1 134.749
threshold=0.15667456555867712 -0.17990172463628476 0.011668112448684933 -0.066255035624345524 -0.071428571428571438 428.50000000000006 916.50000000000011 959.50000000000011 3426.5000000000005 2653.5000000000005 2696.5000000000005 -0.087885985748218751 2777.5000000000005 -1.0000000180025095e-35 4.5000000000000009 -0.079419457138009172 6.5000000000000009 2.5000000000000004 7.5000000000000009 0.0060523910134721 5.5000000000000009 3510.5000000000005 1802.5000000000002 1358.5000000000002 755.50000000000011 3.623005818698426 682.50000000000011 11.500000000000002 10.500000000000002 2430.5000000000005
decision_type=8 8 10 10 10 2 2 2 2 2 2 10 2 10 2 10 2 2 2 10 2 2 2 2 2 2 2 2 2 2
left_child=-1 4 3 -3 -2 -6 16 -8 9 29 -11 12 -12 14 -4 -10 -7 -14 -19 -5 21 -21 23 24 26 28 27 -22 -25 -9
right_child=1 2 13 19 5 6 7 8 15 10 11 -13 17 -15 -16 -17 -18 18 -20 20 22 -23 -24 25 -26 -27 -28 -29 -30 -31
leaf_value=-0.021852392392012455 0.015937741323494924 0.00011657217766960668 -0.0048083916344121898 -0.026723718954985706 0.012598621957551653 -0.017520841526690013 0.035845490270374966 0.0036537425765987668 0.01368541992883473 0.05127298843390541 -0.019443626750613882 -0.0031045230908830434 -0.0060720657945280707 0.0092044447354213913 0.0027593410255750059 -0.020440347767792692 -0.00027113383705104719 0.044207132511353206 0.013061890213591594 -0.013587745718881225 -0.0075551896301585958 0.04782696881259324 -0.010310487658983999 0.025206941694681202 -0.018910944992094687 0.0034574605644594673 0.032418763257208244 0.050142525404346661 0.07282991881429636 -0.010822371192771532
leaf_weight=1756.1882350221276 2982.1501066088676 16231.169428542256 9376.3600273653865 979.02551031857729 4499.0495575666428 2920.8722216486931 665.26971319317818 9982.0343842059374 416.41775514930487 419.60727676749229 246.47415865957737 1638.3174290657043 354.26669117808342 5657.3258806169033 24647.840788431466 1112.1227145120502 1934.4068969935179 972.5354205518961 1088.0791284292936 7747.4733158424497 1656.0210529193282 106.37518642097712 5943.8873893395066 809.7680574208498 2569.2869015559554 1078.2591102570295 481.11678969860077 195.26902199536562 213.19797194004059 1916.1240243017673
leaf_count=10496 12519 81904 46843 8852 18733 13771 2751 43054 1830 1772 1088 7218 1520 24833 107493 5085 8224 4411 4526 46142 7380 699 31401 3629 12868 5864 2055 817 913 8151
internal_value=-3.08467e-05 0.000321255 -0.00137444 -0.00478238 0.00455085 0.00334521 0.00158612 0.0047439 0.00360365 0.00496015 0.0141314 0.0105068 0.0188858 0.00189003 0.000673832 -0.0111435 -0.0106483 0.0227979 0.0277613 -0.00843329 -0.00757241 -0.0127559 -0.00442797 0.00056495 -0.00728538 0.018878 0.00552088 -0.00146939 0.0351321 0.00132245
internal_weight=110596 108840 77692.4 38010.8 31147.7 28165.6 23666.5 18811.2 18146 16617.4 4719.28 4299.67 2661.36 39681.5 34024.2 1528.54 4855.28 2414.88 2060.61 21779.7 20800.7 7853.85 12946.8 7002.92 4901.69 2101.23 2332.41 1851.29 1022.97 11898.2
internal_count=526842 516346 381693 202524 134653 122134 103401 81406 78655 71740 20535 18763 11545 179169 154336 6915 21995 10457 8937 120620 111768 46841 64927 33526 23120 10406 10252 8197 4542 51205
is_linear=0
shrinkage=0.05


Tree=49
num_leaves=31
num_cat=0
split_feature=20 32 33 33 32 33 33 32 28 13 33 12 32 12 33 28 33 33 32 33 33 33 33 32 33 32 33 33 33 12
split_gain=338.682 298.225 270.735 802.967 714.727 513.509 933.235 363.666 344.418 339.551 289.141 276.708 234.018 251.967 256.948 217.814 215.186 610.825 509.465 387.164 379.191 288.926 264.313 256.076 513.732 292.636 314.224 511.155 664.036 332.302
threshold=0.15667456555867712 3.5000000000000004 3259.5000000000005 2810.5000000000005 7.5000000000000009 2353.5000000000005 2232.5000000000005 10.500000000000002 -0.13762126192817656 0.019662494937832984 3320.5000000000005 5.1214285714285745 1.5000000000000002 2.9571428571428613 959.50000000000011 -0.081784872559349797 534.50000000000011 640.50000000000011 5.5000000000000009 722.50000000000011 822.50000000000011 682.50000000000011 290.50000000000006 5.5000000000000009 959.50000000000011 6.5000000000000009 1123.5000000000002 1558.5000000000002 1503.5000000000002 2.5571428571428592
decision_type=8 2 2 2 2 2 2 2 8 10 2 10 2 8 2 10 2 2 2 2 2 2 2 2 2 2 2 2 2 10
left_child=-1 12 3 5 11 6 8 -8 -3 -4 -11 -5 15 14 -14 -2 18 -18 -10 21 -21 -19 -20 24 -22 -25 -27 28 -28 -30
right_child=1 2 9 4 -6 -7 7 -9 16 10 -12 -13 13 -15 -16 -17 17 19 22 20 23 -23 -24 25 -26 26 27 -29 29 -31
leaf_value=-0.021808855415709191 0.043851176561349882 0.030653067877145432 -0.029673566538792273 0.037636477278392824 0.0042163666640594628 -0.010919517380786579 -0.0022849302993019301 0.051285009183716534 0.026676042674533003 -0.022401657345493389 0.0028155232788670149 0.0022473618101253494 -0.023567447902726094 0.0022109656019782846 -0.0070407631200712058 0.00011762947547573808 -0.022104844803923902 0.0020858896346160373 -0.00649471385411024 -0.017808907684373074 0.022917590604966499 0.034872904026452253 0.0091252865220349689 0.016140872088780914 -0.013518857734166371 -0.011159347973712881 0.0064675309815265623 -0.0035384646587069257 0.057153801411790432 0.0027887001648507093
leaf_weight=1745.7142162024975 293.01576140522957 985.76194359362125 1349.6220737174153 3475.2449691966176 5253.1154928579926 8159.0196684747934 416.09979152679443 1327.6947545409203 2506.1684092581272 1425.5911194235086 5609.9266287237406 656.74497333914042 3510.7458724230528 4010.413477152586 7124.8857174068689 10039.784235619009 3149.9737641215324 1295.980028167367 5184.371306784451 2931.724119246006 1158.4574327096343 1395.4093232154846 5670.6178885698318 3765.0974700003862 5865.6110184490681 4249.2471948042512 6376.1785663589835 9991.7601779699326 1119.0069199129939 375.37020616233349
leaf_count=10518 1269 4334 10241 15587 23411 37719 1884 5566 10421 6903 25773 2806 20674 21195 41364 49101 14574 5615 23851 13455 5062 5804 23800 16523 28079 19614 28699 46409 4753 1667
internal_value=3.95084e-05 0.00039048 0.00182142 0.00277034 0.0164538 0.000822306 0.00248079 0.0385023 0.00135953 -0.006701 -0.00229418 0.0320117 -0.00440401 -0.00846898 -0.0124961 0.00135782 0.000834836 -0.000935467 0.00635646 0.000795487 -0.000578248 0.019085 0.00166513 0.000957145 -0.00750951 0.00325537 0.00106126 0.00396841 0.0134985 0.0434979
internal_weight=110418 108673 83693.8 75308.7 9385.11 65923.5 57764.5 1743.79 56020.7 8385.14 7035.52 4131.99 24978.8 14646 10635.6 10332.8 55035 41673.8 13361.2 38523.8 35832.5 2691.39 10855 32900.7 7024.07 25876.7 22111.6 17862.3 7870.56 1494.38
internal_count=526671 516153 382550 339633 41804 297829 260110 7450 252660 42917 32676 18393 133603 83233 62038 50370 248326 190254 58072 175680 164261 11419 47651 150806 33141 117665 101142 81528 35119 6420
is_linear=0
shrinkage=0.05


Tree=50
num_leaves=31
num_cat=0
split_feature=5 8 13 32 33 33 32 33 33 26 10 1 33 37 32 37 12 8 33 33 33 33 33 33 9 34 33 33 33 33
split_gain=312.112 416.976 324.434 262.203 216.086 282.106 269.292 212.748 212.305 210.62 287.774 181.373 175.188 164.509 159.596 171.046 144.531 127.613 125.373 335.905 320.792 247.031 280.023 188.284 147.213 123.424 123.299 122.672 146.095 232.811
threshold=-0.10810810810810816 0.065694666564498308 0.007405876033632095 5.5000000000000009 741.50000000000011 1123.5000000000002 7.5000000000000009 682.50000000000011 1724.5000000000002 0.66875985804416416 0.03162053527497876 0.11026128497611366 3742.0000000000005 -0.11102775693926813 11.500000000000002 -0.080274023951721493 2.1857142857142882 0.35331337325349316 822.50000000000011 1627.5000000000002 783.50000000000011 1919.5000000000002 2575.5000000000005 1515.5000000000002 0.014259311115494352 6.237445327548186 2810.5000000000005 226.50000000000003 2635.5000000000005 2430.5000000000005
decision_type=8 8 10 2 2 2 2 2 2 10 10 10 2 10 2 8 8 10 2 2 2 2 2 2 10 2 2 2 2 2
left_child=9 2 -2 12 7 6 -6 -5 25 13 -11 14 -4 -1 15 -3 18 -17 20 23 -16 -21 -23 24 -20 -7 -12 -15 29 -29
right_child=1 11 3 4 5 8 -8 -9 -10 10 26 -13 -14 27 16 17 -18 -19 19 21 -22 22 -24 -25 -26 -27 -28 28 -30 -31
leaf_value=0.028091760757326181 -0.027592269888567805 0.012322962922756014 -0.013716901161981402 0.0051207700183733378 0.033107839802841293 0.014700608693030174 -0.032551576970121968 0.044327749920465301 -0.0056530573044374435 -0.0089253173908143482 0.0035066582144324815 0.012094071536640792 0.067141837134402457 0.021489156592275113 0.015369654284721063 -0.0030902323539985202 -0.0030652959955374862 0.00318300286015758 -0.054193659562150512 -0.042449904762208196 -0.050229414903412643 0.059220460429597159 -0.003771506853605314 0.069465676945716731 0.033963335155979026 -0.03712903995933093 0.023270976061192022 0.0047649229712404696 0.01365164659691514 -0.018154479985231758
leaf_weight=905.55739618837833 1881.2339895889163 2260.2814994603395 7723.9705238714814 1616.6962468624115 177.76338118314743 2220.3297199159861 1284.9437103942037 440.21578428149223 6198.0722881555557 5863.1288636252284 3923.4962266981602 3120.266889244318 67.572950191795826 1232.9322908073664 923.81509865820408 37945.433828949928 1728.5191843882203 10309.356536716223 54.740373954176903 224.62446545064449 233.46528433263302 262.52307640016079 537.95462909340858 433.32852539420128 351.03849938511848 121.12995183467865 987.77288821339607 11917.663644716144 3902.5770768150687 1221.5600152388215
leaf_count=3789 16530 10039 46446 7258 831 10810 6862 1822 33303 25536 16069 13176 488 5283 4054 180387 7387 44121 249 989 1021 1082 2263 1825 1436 748 4200 54122 18276 5576
internal_value=-0.000206878 -0.00183488 -0.0077473 -0.00586661 -0.00124755 -0.00428273 -0.024572 0.0135118 -0.000807456 0.00414741 -0.00144653 0.00036581 -0.0130156 0.00728977 -0.000296368 -0.0011203 0.00846595 -0.00174999 0.0150627 0.0230875 0.00213595 0.00388503 0.0168872 0.0465463 0.0220708 0.0120193 0.00748173 0.00625898 0.00515712 0.00263409
internal_weight=110072 80117.3 21731.9 19850.7 12059.2 10002.2 1462.71 2056.91 8539.53 29954.7 10774.4 58385.3 7791.54 19180.3 55265.1 50515.1 4750.01 48254.8 3021.49 1864.21 1157.28 1025.1 800.478 839.107 405.779 2341.46 4911.27 18274.7 17041.8 13139.2
internal_count=525978 393127 125098 108568 61634 52554 7693 9080 44861 132851 45805 268029 46934 87046 254853 234547 20306 224508 12919 7844 5075 4334 3345 3510 1685 11558 20269 83257 77974 59698
is_linear=0
shrinkage=0.05


Tree=51
num_leaves=31
num_cat=0
split_feature=20 38 32 28 10 34 32 9 32 25 34 11 34 14 3 12 28 32 32 12 11 26 6 5 10 10 12 28 12 19
split_gain=300.618 289.927 290.405 314.152 202.388 202.327 183.74 174.397 267.145 176.678 165.083 148.683 141.136 136.944 162.576 138.146 133.364 133.053 192.613 219.997 127.455 165.202 126.366 124.755 124.213 123.33 118.951 128.043 117.349 115.267
threshold=0.11174166331494113 -0.095198029199996578 4.5000000000000009 -0.049777206626521874 0.01759322412584487 3.0610489973715933 8.5000000000000018 0.045126808353324825 11.500000000000002 0.55687448632147485 4.1720766135341369 0.36865483555692297 4.0664589915953142 1.0000000180025095e-35 -0.12574850299401188 0.29285714285714309 0.21346385952331759 10.500000000000002 9.5000000000000018 0.14285714285714315 0.13310469779918921 0.04658941650526504 1.0000000180025095e-35 0.1910112359550559 0.018161331792761744 0.045824726000665963 1.3642857142857152 0.050193968839160101 0.68571428571428594 -0.13552134767103377
decision_type=8 8 2 10 8 2 2 8 2 10 2 8 2 10 10 10 10 2 2 10 10 10 10 10 10 8 10 10 10 8
left_child=-1 13 4 23 26 16 10 8 12 22 11 -7 -8 14 -2 -15 17 18 19 -5 21 -19 -10 -4 -21 -17 27 -3 -29 -6
right_child=1 2 3 5 29 6 7 -9 9 -11 -12 -13 -14 15 -16 25 -18 20 -20 24 -22 -23 -24 -25 -26 -27 -28 28 -30 -31
leaf_value=-0.023392710781300577 0.022969236964960716 -0.023584124354952562 -0.0096026687372519903 0.040990122944356812 -0.0060764006100612507 0.039068772005469973 -0.0035579306794791959 0.012018922421642689 -0.041429406103538409 -0.0039110776360754759 0.0088843976094334053 -0.00084683773968239121 -0.014271549986034344 0.044656205154620598 0.0068509062148139821 -0.0062429821719562004 0.031300014923656319 0.096599300867019608 -0.01295541025370904 0.015931694935659716 0.016135301677278797 -0.054069288800166995 0.016389487311947736 0.0076400068973618051 0.0017441287763145623 0.018830144676416725 -0.0054289136126054946 0.037029499470480572 -0.019372690983454482 0.0012908072726450514
leaf_weight=1355.6682077422738 1883.7715270742774 2794.5574813708663 8227.6550131887197 433.95028196275234 12195.046100258827 238.04605963081121 6735.2189310528338 1777.3280828744173 98.188689909875393 2766.777873903513 9115.1585260331631 11702.009547181427 5655.0319762527943 159.6737332046032 9228.6039688587189 3520.8090940862894 554.83970163762569 21.354737430810928 1515.5757872872055 1930.5907860323787 3739.6995073892176 122.8872230835259 2515.4294640868902 1202.3286280035973 7678.9917805045843 569.82180526852608 2559.0492340177298 177.5704400241375 191.86438792198896 9403.188507579267
leaf_count=8394 7947 20703 41265 2099 62150 1124 33094 7316 859 12272 41742 51335 29092 678 40212 14730 2383 114 7399 9029 16084 964 11202 5132 32731 2347 16954 1113 1140 44986
internal_value=6.95109e-06 0.000298743 -0.000748724 0.00104513 -0.00508417 0.00245282 0.000576379 -0.00291439 -0.00440794 0.00489511 0.00381726 -5.10497e-05 -0.00844773 0.00666375 0.00958329 -0.000969365 0.0072153 0.00634998 0.00365975 0.00616699 0.0143564 -0.0317631 0.0142173 -0.00740422 0.00459445 -0.00275031 -0.0134442 -0.019927 0.00773726 -0.00286895
internal_weight=110071 108715 93352.3 66031.1 27321.3 56601.1 40603.2 19548 17770.6 5380.4 21055.2 11940.1 12390.3 15362.7 11112.4 4250.3 15997.9 15443.1 11559.1 10043.5 3883.94 144.242 2613.62 9429.98 9609.58 4090.63 5723.04 3163.99 369.435 21598.2
internal_count=526590 518196 452282 305236 147046 258839 188036 93835 86519 24333 94201 52459 62186 65914 48159 17755 70803 68420 51258 43859 17162 1078 12061 46397 41760 17077 39910 22956 2253 107136
is_linear=0
shrinkage=0.05


Tree=52
num_leaves=31
num_cat=0
split_feature=10 38 0 32 32 32 11 34 11 26 32 9 14 34 13 38 3 14 34 34 10 29 34 10 32 34 26 8 26 34
split_gain=271.604 217.247 215.438 201.379 240.099 324.584 269.27 240.656 226.166 168.19 161.352 249.403 158.371 149.027 147.318 137.216 131.936 129.558 127.806 126.373 119.762 113.479 112.046 108.737 148.206 106.435 146.422 115.749 132.502 116.743
threshold=0.011565006910578367 -0.12490694040095222 0.083864205044971954 4.5000000000000009 8.5000000000000018 10.500000000000002 0.13310469779918921 2.806381538134517 0.36865483555692297 0.042835299257317612 1.5000000000000002 0.033724520904962092 1.0000000180025095e-35 4.4491008295452064 0.010866293589285852 -0.067969857806441311 -0.15178571428571411 1.0000000180025095e-35 3.6737658356678335 1.3216669431912595 0.051316764852750517 -0.10847005771067629 4.810964016142516 0.0059400013844992739 11.500000000000002 4.157319373323074 0.10229147914791481 0.39766278838445607 0.74605252223053287 2.7179950858365554
decision_type=8 8 8 2 2 2 10 2 8 10 2 8 10 2 8 10 10 8 2 2 8 10 2 10 2 2 8 10 8 2
left_child=21 12 3 10 8 14 -7 -8 9 -5 17 13 16 15 -6 -12 -2 -3 -16 -10 22 -1 -14 -23 -25 26 -21 28 -28 -29
right_child=1 2 -4 4 5 6 7 -9 19 -11 11 -13 20 -15 18 -17 -18 -19 -20 25 -22 23 -24 24 -26 -27 27 29 -30 -31
leaf_value=0.022349152807491585 0.030786518815748887 0.0037843501933504556 0.016161420873486827 -0.020970168658225097 -0.034423877953200253 -0.017066818985368572 0.01810000158137735 0.0019053101806860992 0.054037471979795915 0.038102121739479126 -0.0032639878306651641 0.0057688089608615304 -0.00026924783689111432 -0.00091106303849663789 -0.002011474253862259 -0.015544565402855799 0.0096936194759738095 -0.013085550175474825 -0.011065531742189381 -0.017524777155413111 0.030198535414006633 -0.034282125574999836 -0.030088403458075882 -0.014131538625178361 0.01889549254439047 0.0076908425447753869 0.0032473143249100141 0.03931782296112174 -0.0064073290849865627 0.0079791502314418682
leaf_weight=227.9550412222743 867.90676927566528 7951.8546868860722 1988.9335129261017 143.1901715695858 476.76298961043358 1548.1640988513827 2791.5648530051112 12869.972804278135 122.60263860225677 760.26822102069855 3118.2404723912477 3306.2908891737461 2664.8166913986206 3896.5402175188065 8404.0848117619753 8407.4996907860041 5084.551359295845 1328.1914137750864 7268.8542237281799 985.23711585998535 283.40810672938824 565.12083671614528 357.26039682328701 3288.8782125934958 378.80035186558962 9260.2426856085658 14361.044701993465 344.48057059943676 4722.3861662745476 2163.9596130847931
leaf_count=1436 3615 37852 8449 643 3363 8529 11654 56936 520 3576 16125 15255 11087 21270 39646 49435 21281 5763 35841 4644 1174 6609 1472 24479 2560 40442 62483 1479 19817 9063
internal_value=6.93014e-05 0.000580377 -0.000123487 -0.000467211 0.001036 -0.00195219 0.00282552 0.00479191 0.0040693 0.0287397 -0.00402137 -0.00669274 0.00789583 -0.0093643 -0.0070435 -0.0122221 0.0127691 0.00136987 -0.0062106 0.0033719 -0.000879865 -0.0120155 -0.00379437 -0.0138662 -0.0107205 0.00317679 0.00132531 0.00218544 0.000858176 0.0122828
internal_weight=109939 105478 96220.4 94231.4 66222.8 33359.4 17209.7 15661.5 32863.4 903.458 28008.6 18728.6 9257.94 15422.3 16149.7 11525.7 5952.46 9280.05 15672.9 31960 3305.49 4460.75 3022.08 4232.8 3667.68 31837.4 22577.1 21591.9 19083.4 2508.44
internal_count=526498 491414 452785 444336 298636 155969 77119 68590 142667 4219 145700 102085 38629 86830 78850 65560 24896 43615 75487 138448 13733 35084 12559 33648 27039 137928 97486 92842 82300 10542
is_linear=0
shrinkage=0.05


Tree=53
num_leaves=31
num_cat=0
split_feature=5 38 33 33 32 33 34 26 32 33 32 32 33 7 35 33 12 9 33 33 34 33 33 34 32 34 28 33 33 10
split_gain=263.838 277.009 281.398 302.738 199.764 198.97 248.484 197.881 182.026 179.071 146.689 245.42 145.688 141.259 137.106 133.006 125.021 124.915 123.644 173.296 145.16 132.56 630.93 264.671 268.801 258.729 233.97 216.919 190.709 235.016
threshold=-0.13296479372223033 0.016979288889145353 508.50000000000006 372.50000000000006 4.5000000000000009 2100.5000000000005 3.8099896666734097 0.45063758934372972 7.5000000000000009 3606.5000000000005 9.5000000000000018 1.5000000000000002 3573.5000000000005 -0.1217927617697203 0.089783868959596905 496.50000000000006 1.8214285714285723 0.043477483758924344 158.50000000000003 252.50000000000003 3.523415036891993 1430.5000000000002 1571.5000000000002 4.6056699361546345 7.5000000000000009 3.654545938253261 0.1020635283452553 534.50000000000011 1503.5000000000002 0.026251641712173691
decision_type=8 10 2 2 2 2 2 10 2 2 2 2 2 10 10 2 10 10 2 2 2 2 2 2 2 2 10 2 2 10
left_child=5 2 3 14 13 7 8 15 -7 12 11 -5 -6 -4 17 -1 -11 -2 -3 20 -20 23 25 -21 27 28 -24 -25 -23 -30
right_child=1 18 4 10 9 6 -8 -9 -10 16 -12 -13 -14 -15 -16 -17 -18 -19 19 21 -22 22 26 24 -26 -27 -28 -29 29 -31
leaf_value=0.020584145500717559 -0.0035171158907369251 -0.017582104193021416 -0.0064211270572583209 0.047543162278794258 -0.0029031024065421405 0.024583785674527726 2.2674542070353898e-06 -0.0035284189256812749 0.0063826867396929964 -0.031871530083090197 0.034022802652696228 -0.012400086790276843 0.029481340058134867 -0.017320369516624256 0.064634852404512486 0.0034794876425198562 -0.0009690967961929111 0.023108230145598381 -0.0041118390671228237 -0.006484938943247049 0.035862473938415844 0.020899608959024246 -0.0024077052573353895 0.044360319803435369 -0.0061479851218149868 0.0047293445569207507 0.0094485316581637436 0.0092931981757599005 0.077336561523883532 0.024345790059754829
leaf_weight=1587.6897325366735 6077.081160120666 811.67272557318211 6863.1528631970286 245.30342919379473 25283.836145527661 3210.0325528457761 3626.6682374328375 9455.8074099421501 2401.18625780195 906.0550029873848 1074.7431197986007 561.85652600973845 352.125653129071 5244.438381690532 79.105072110891342 3999.6928553730249 512.37807388603687 474.9481450766325 341.47831311821938 9965.4956218004227 678.04994556307793 718.74795441329479 14290.979659557343 697.25669887661934 1498.8968630805612 777.5619890615344 5870.3325467631221 1199.9197565168142 513.29505646973848 353.22139458358288
leaf_count=6674 29412 3978 36836 1114 123594 14168 15913 40478 10221 7974 4542 2970 1890 36649 335 18634 2872 2067 1400 44007 2824 3127 66207 3089 6458 3565 25683 5541 2242 1497
internal_value=-0.000172383 -0.0014801 -0.00401308 0.00422594 -0.00580408 0.00442662 0.0102024 0.000879738 0.0167951 -0.00341513 0.0219253 0.00581722 -0.00245828 -0.0111422 -0.000797095 0.00833988 -0.0207087 -0.00158708 0.00172163 0.00214619 0.0224736 0.00156868 0.00390925 -0.00237691 0.00967777 0.0283537 0.00104445 0.0221812 0.0399413 0.0557357
internal_weight=109673 85391.9 47675 8513.04 39162 24281.1 9237.89 15043.2 5611.22 27054.4 1881.9 807.16 25636 12107.6 6631.13 5587.38 1418.43 6552.03 37716.9 36905.2 1019.53 35885.7 22524.1 13361.6 3396.07 2362.83 20161.3 1897.18 1585.26 866.516
internal_count=525961 419873 250255 40440 209815 106088 40302 65786 24389 136330 8626 4084 125484 73485 31814 25308 10846 31479 169618 165640 4224 161416 102321 59095 15088 10431 91890 8630 6866 3739
is_linear=0
shrinkage=0.05


Tree=54
num_leaves=31
num_cat=0
split_feature=10 12 32 3 19 34 33 33 33 33 33 33 33 26 12 32 32 33 33 13 32 33 33 34 33 33 28 33 33 32
split_gain=239.506 264.35 205.678 199.566 193.975 165.508 187.43 442.421 211.543 750.084 780.037 434.426 384.184 207.909 130.172 121.245 168.413 119.619 444.01 146.271 136.822 135.244 149.02 148.862 115.73 180.133 111.779 111.544 175.995 189.464
threshold=0.03262398076820764 1.0000000180025095e-35 11.500000000000002 -0.11165857605177991 -0.2396460630073857 5.3883865375383229 822.50000000000011 783.50000000000011 1558.5000000000002 1919.5000000000002 2369.5000000000005 2653.5000000000005 1515.5000000000002 0.56005464480874323 1.6928571428571428 7.5000000000000009 3.5000000000000004 3259.5000000000005 3090.5000000000005 0.019662494937832984 8.5000000000000018 2295.5000000000005 2232.5000000000005 7.482794369478694 428.50000000000006 483.50000000000006 0.036974655341296563 2558.5000000000005 2696.5000000000005 3.5000000000000004
decision_type=10 8 2 8 8 2 2 2 2 2 2 2 2 8 10 2 2 2 2 10 2 2 2 2 2 2 10 2 2 2
left_child=1 15 3 -3 17 6 7 13 12 -10 -11 -12 14 24 -8 16 -1 18 21 -19 -20 22 -5 27 -4 -26 -13 -23 -29 -30
right_child=-2 2 5 4 -6 -7 8 -9 9 10 11 26 -14 -15 -16 -17 -18 19 20 -21 -22 23 -24 -25 25 -27 -28 28 29 -31
leaf_value=-0.036310317937442514 0.0043750273288178584 0.0095559330644918918 0.0082136763311258434 -0.0037648804079797767 0.00034962444280899974 -0.01517225572861533 0.021535339000460903 -0.043739750877272034 -0.040581487949718081 0.06884893724415235 -0.032735634115490304 0.031828130519666882 0.061959076927188522 -0.011524337180911847 -0.018526561832861686 -0.041133973702252927 0.01844101142495877 -0.030705718495516302 0.032405266577955283 -0.0078371459467766746 -0.031607061474789241 -0.020206485367012566 0.030605295372610392 0.072325300164379075 0.061163886341438156 -0.010308819218512046 -0.00055592726119139057 0.011260847441532416 -0.033336214806682092 -0.0035542976403390835
leaf_weight=277.17946937307715 24295.782556332648 3741.0706833079457 515.24940846115351 25707.702825665474 35654.461497098207 763.22203721106052 833.33956761658192 505.64081160724163 648.37893396615982 609.4184195548296 568.74300347268581 762.95007539913058 583.84119591116905 680.07022634148598 267.96664243936539 581.58960819244385 284.72852237522602 900.36905607581139 1024.4263887926936 3130.0407260432839 90.882984548807144 2589.5113581568003 319.28690619021654 52.288935728371143 341.45843420922756 118.83737464249134 409.47648049890995 993.67843017727137 814.7683217599988 1549.8328994438052
leaf_count=3205 102580 16701 2370 129157 172432 3576 3513 2382 2989 2545 2507 3770 2500 3005 1122 5612 1608 7002 4643 16047 432 13712 1461 276 1387 518 1750 5007 4878 7520
internal_value=-4.74792e-06 -0.00125193 -0.00092755 -0.00170665 -0.0022852 0.00691288 0.00937525 -0.00280486 0.0149952 0.00703012 0.0201632 0.00312289 0.0291702 0.00969705 0.0117876 -0.0251307 -0.00856687 -0.00481241 -0.00382331 -0.0129458 0.0271891 -0.00490329 -0.00334324 -0.0116704 0.0244909 0.0427113 0.0205178 -0.0124088 -0.00639619 -0.0138162
internal_weight=109616 85320.4 84176.9 76568.3 72827.3 7608.59 6845.37 2161.26 4684.11 2998.97 2350.59 1741.17 1685.15 1655.62 1101.31 1143.5 561.908 37172.8 33142.4 4030.41 1115.31 32027.1 26027 6000.08 975.545 460.296 1172.43 5947.79 3358.28 2364.6
internal_count=526207 423627 413202 379268 362567 33934 30358 9662 20696 13561 10572 8027 7135 7280 4635 10425 4813 190135 167086 23049 5075 162011 130618 31393 4275 1905 5520 31117 17405 12398
is_linear=0
shrinkage=0.05


Tree=55
num_leaves=31
num_cat=0
split_feature=38 32 28 32 6 32 25 11 10 10 14 3 10 32 12 26 10 1 12 12 10 28 28 1 25 9 26 32 32 28
split_gain=255.526 229.827 292.705 192.146 352.302 326.8 179.487 174.425 164.479 155.836 141.378 151.312 130.707 138.773 129.237 125.787 116.086 114.772 111.462 109.557 110.418 105.585 97.1824 91.8002 88.5076 87.963 180.94 131.452 109.664 113.146
threshold=-0.095198029199996578 4.5000000000000009 -0.044901851040869432 8.5000000000000018 14.813842248840396 10.500000000000002 0.70776063890042684 0.36865483555692297 0.034840885926879249 0.05656149068451656 1.0000000180025095e-35 -0.12994317078405929 0.0076050832875889773 1.5000000000000002 1.5357142857142885 0.042835299257317612 0.01472828091246813 0.0026069955608014621 1.3928571428571439 0.40714285714285742 0.051316764852750517 0.099810352415976036 -0.0301384407557083 0.0097343903982326525 0.22087121492103384 0.02077373309772448 0.50454549628554912 3.5000000000000004 2.5000000000000004 -0.021497435591019565
decision_type=8 2 10 2 8 2 10 8 8 8 10 10 10 2 10 10 10 10 10 10 8 10 10 10 10 10 10 2 2 10
left_child=10 8 -3 7 -5 9 14 15 12 23 11 -1 -2 17 -7 -4 -8 22 25 -12 -21 -9 -14 -6 -13 28 27 -27 -15 -30
right_child=1 2 3 4 5 6 16 21 -10 -11 19 24 13 18 -16 -17 -18 -19 -20 20 -22 -23 -24 -25 -26 26 -28 -29 29 -31
leaf_value=0.022665245015276045 -0.036651755213232877 -0.0069577602225949862 -0.014843683954777007 -0.031902764644945354 -0.0095965261931432282 0.015667425876066395 -0.023575174052870115 0.0025158011786988468 0.0037364854250307952 0.038491366888559225 0.022945740176229051 0.0025935648750769059 0.012493268867412637 -0.029120949243700511 0.0025545478760002076 0.03557148049258034 0.00093460860792504675 0.0058294604308751722 -0.0044466838400376851 -0.0065205112695029353 0.02372321116046909 0.0098540210216869623 -0.010012756993098735 -0.00065719608755631981 0.012501829802879505 0.0038562953914185287 -0.012210454184956976 0.057585310386898486 -0.0033731146790275442 -0.022169474561146794
leaf_weight=1690.9521338790655 356.82130999863148 10824.273128312081 149.4276255518198 894.01917839050293 7991.5703145861626 4664.0204923711717 539.08332046493888 21973.285519249737 4603.2750577330589 196.50785824656487 412.51801936328411 5818.8557720482349 564.10521617904305 1405.1641649827361 3146.7635504677892 719.25572334229946 4652.4734898507595 3612.4830173999071 7219.9930470585823 3757.1136332154274 328.15218956768513 6309.3892359808087 3204.0122566670179 4482.9777401462197 3678.7720265239477 398.84700862318277 2575.3350721970201 159.30766300857067 1672.4971693605185 1535.8439492806792
leaf_count=7132 4447 53637 745 7847 40635 21077 2795 98202 20314 868 1738 25267 3021 10094 14266 3468 19586 17149 40616 15710 1360 26605 16396 20636 16093 2313 13827 679 10413 9654
internal_value=-3.17513e-05 -0.00101905 0.000565997 0.00202761 -0.00104806 2.63837e-05 0.00559522 0.00483066 -0.00488148 -0.00568805 0.00587522 0.00888485 -0.00662876 -0.00614939 0.0103846 0.0268993 -0.00161045 -0.000538527 -0.00891624 -0.00161145 -0.00409116 0.00415283 -0.0066435 -0.006384 0.00643139 -0.0130817 -0.00661695 0.0191915 -0.0174726 -0.012371
internal_weight=109537 93850.7 66543 55718.8 26567.4 25673.4 13002.3 29151.4 27307.7 12671.1 15686.4 11188.6 22704.4 22347.6 7810.78 868.683 5191.56 7380.6 14967 4497.78 4085.27 28282.7 3768.12 12474.5 9497.63 7747 3133.49 558.155 4613.51 3208.34
internal_count=526590 459290 310367 256730 127710 119863 57724 129020 148923 62139 67300 48492 128609 124162 35343 4213 22381 36566 87596 18808 17070 124807 19417 61271 41360 46980 16819 2992 30161 20067
is_linear=0
shrinkage=0.05


Tree=56
num_leaves=31
num_cat=0
split_feature=5 8 13 26 10 0 38 33 33 33 33 33 10 33 33 34 33 33 33 33 34 33 33 2 7 33 33 33 33 33
split_gain=240.54 334.863 242.021 185.563 254.418 164.36 135.981 131.973 143.308 269.73 253.464 252.296 195.92 144.776 134.038 130.803 128.169 134.93 210.034 171.548 134.062 112.934 154.207 111.355 124.581 107.883 255.421 120.182 105.876 108.477
threshold=-0.090964197163208901 0.065694666564498308 0.007405876033632095 0.67643158058979569 0.031784197399434173 0.073262427375537911 -0.15839136775853699 119.50000000000001 2053.5000000000005 2278.5000000000005 2635.5000000000005 3259.5000000000005 0.022234250025370363 2008.5000000000002 2232.5000000000005 3.8099896666734097 3724.5000000000005 755.50000000000011 653.50000000000011 888.50000000000011 2.2082744344826799 471.50000000000006 442.50000000000006 -0.11709601873536295 -0.062827225130890105 534.50000000000011 627.50000000000011 146.50000000000003 158.50000000000003 252.50000000000003
decision_type=8 8 10 10 10 8 10 2 2 2 2 2 10 2 2 2 2 2 2 2 2 2 2 8 10 2 2 2 2 2
left_child=3 2 -2 6 -5 23 -1 -8 13 14 -11 12 15 25 -10 -12 17 18 21 20 -19 22 -4 -3 -25 27 -27 -9 -26 -30
right_child=1 5 16 4 -6 -7 7 8 9 10 11 -13 -14 -15 -16 -17 -18 19 -20 -21 -22 -23 -24 24 28 26 -28 -29 29 -31
leaf_value=0.019463650026452915 -0.025972855568209496 0.016948457591828985 0.00040496826427018464 -0.0084605637951270986 0.0065244529263816702 0.013138163945006116 0.035083145191268629 -0.030756072361062647 0.02002809653779573 -0.0092110477957352919 0.05637536379066909 -0.001448019398107777 0.01195923961660383 -0.034628723199737615 0.054449681242100458 0.01709879027860025 0.052366951669258255 0.10493203192653917 0.027652354645897177 -0.0066845783032903443 -0.032785421700280502 -0.017869706057837526 0.064143306969878577 -0.0026537280332343096 -0.024924606342570176 -0.025982943573804186 0.0018959500535567332 0.012411970980787963 0.025679626292915488 0.002140413369507588
leaf_weight=1746.5525209754705 1604.9217431806028 922.18432711064816 1459.80756033957 6327.3617480844259 5128.260198622942 2383.4278731197119 356.82140029966831 170.93000474572182 1238.1401324868202 2121.8294535130262 545.18402711302042 2020.0442032590508 1630.9423439875245 279.29170159995556 366.54338577389717 346.83422180265188 94.589983984827995 18.05487659573555 694.28383637219667 13222.90810963884 831.7842264175415 877.539301879704 101.49247188866138 30636.997956268489 353.12557228654623 916.44520432502031 7936.2075333371758 2842.2638911157846 500.6932495161891 21760.328695360571
leaf_count=7272 15572 4003 7036 27827 21225 10168 1456 811 5421 9936 2558 10210 7496 1355 1524 1638 644 87 3107 75422 4992 5015 475 142721 1946 4461 37698 12202 2102 100300
internal_value=-6.51069e-05 -0.00163797 -0.00739884 0.00342853 -0.00175232 0.000287736 0.00606419 0.0049375 0.0044106 0.00948745 0.00505652 0.0117203 0.0222636 0.00095381 0.0278907 0.0411039 -0.00567578 -0.00599487 0.00338909 -0.0080841 -0.0298596 -0.00351812 0.00454829 -0.000277636 -0.000575951 0.00179133 -0.000990132 0.00996317 0.00223896 0.00266986
internal_weight=109436 75462.1 18905.4 33973.7 11455.6 56556.8 22518 20771.5 20414.7 8269.52 6664.83 4543 2522.96 12145.1 1604.68 892.018 17300.5 17205.9 3133.12 14072.7 849.839 2438.84 1561.3 54173.3 53251.1 11865.8 8852.65 3013.19 22614.1 22261
internal_count=526680 373590 112350 153090 49052 261240 104038 96766 95310 38783 31838 21902 11692 56527 6945 4196 96778 96134 15633 80501 5079 12526 7511 251072 247069 55172 42159 13013 104348 102402
is_linear=0
shrinkage=0.05


Tree=57
num_leaves=31
num_cat=0
split_feature=20 38 10 0 32 34 7 10 20 28 13 25 34 32 32 12 4 11 8 34 34 7 11 7 26 28 7 20 34 28
split_gain=253.836 189.897 203.874 161.627 147.479 127.699 122.45 121.507 111.989 110.348 106.542 106.089 120.967 125.464 117.311 104.346 101.321 95.4382 93.3413 96.6025 92.4492 114.68 94.0253 86.7281 85.2428 82.8215 82.2236 80.6411 82.2841 78.6982
threshold=0.11174166331494113 -0.090264870535374173 0.017380209617847264 0.083864205044971954 5.5000000000000009 3.1201574153827991 -0.072913393044206951 0.046613023902263094 0.4049936982191773 0.054529642965461665 0.033033919030589561 0.5772732707323579 7.0099959319098479 11.500000000000002 8.5000000000000018 0.4142857142857147 0.0016743433686473577 1.5046088395975334 0.07937285720507993 4.3168210020297435 4.5255855600782233 -0.072913393044206951 0.7690292263514461 -0.13636363636363627 0.39502302720693533 0.16168708764448628 -0.49108342306311847 0.93830635338293245 3.0032012097360954 -0.0094316682547825569
decision_type=8 8 8 8 2 2 10 8 10 10 10 10 2 2 2 10 10 10 10 2 2 10 10 8 10 10 8 10 2 10
left_child=18 5 4 6 9 7 23 -2 -6 -3 26 12 13 14 17 20 -15 -10 -1 -20 21 -11 -23 -4 -12 -25 -7 -8 -29 -16
right_child=1 2 3 -5 8 10 27 -9 11 15 24 -13 -14 16 29 -17 -18 -19 19 -21 -22 22 -24 25 -26 -27 -28 28 -30 -31
leaf_value=-0.034594164553531197 0.0088071744504300935 -0.013983921016659585 0.00063271427970636206 0.014841350489697869 -0.02205737514500667 -0.053861922579994108 0.0076447671949187255 0.039023882629961003 0.0067258999494668728 -0.021541230822067464 0.018960317268618163 -0.007028061947652162 -0.027877267048678007 0.01095665850250053 0.0031261147179003309 -0.0011328479914230177 0.04700181841712818 0.061756516842992028 0.0021682274068626178 -0.045163813740590995 -0.047985236446905249 0.20974480594391398 0.071032244817633414 -0.0042181400093565654 0.0029178177006634531 0.0097770098238688079 -0.004106203880360427 0.0082350020771109148 -0.00092376985970945484 -0.01500926029841834
leaf_weight=690.82384353131056 6328.3834261894226 5759.9383457899094 26522.960870228708 1892.3880745172501 660.46650434285402 84.976876646280289 6917.2937223166227 351.15594190359116 2906.5260050445795 21.25524614751339 984.09487324208021 4245.9209328517318 301.09992491826415 681.85209175571799 1113.5230054557323 847.03137430548668 273.02606026828289 80.981938257813454 499.11397381126881 137.49658267945051 18.083198331296444 17.819664150476456 38.853738270699978 22149.267178408802 5221.8606767207384 1110.1119482219219 3629.7974078655243 3136.7341744527221 11239.724172011018 1292.6403258778155
leaf_count=5644 27211 40610 120403 8028 4815 348 31714 1455 14990 127 4336 23154 1967 3732 6626 4869 1233 376 2212 613 154 135 229 106748 22041 4769 16324 13723 49630 7587
internal_value=-0.000135189 0.000132337 -0.000762737 0.000419648 -0.0054879 0.00505125 3.56733e-05 0.0103957 -0.00206554 -0.0113881 0.00145287 -0.000853678 0.00308878 0.00455744 0.00159995 0.00446671 0.021263 0.00821761 -0.0218664 -0.00805465 0.0538669 0.0775015 0.114647 -0.00132163 0.00546172 -0.00355019 -0.00524438 0.00320888 0.00107454 -0.00661658
internal_weight=109155 107828 91227.5 72968.5 18259 16600.3 71076.1 6679.54 11556 6702.98 9920.73 10895.6 6649.65 6348.55 5393.67 943.043 954.878 2987.51 1327.43 636.611 96.0118 77.9286 56.6734 49782.3 6205.96 23259.4 3714.77 21293.8 14376.5 2406.16
internal_count=525803 517334 445619 335015 110604 71715 326987 28666 64480 46124 43049 59665 36511 34544 29579 5514 4965 15366 8469 2825 645 491 364 231920 26377 111517 16672 95067 63353 14213
is_linear=0
shrinkage=0.05


Tree=58
num_leaves=31
num_cat=0
split_feature=20 38 32 28 33 33 33 33 32 32 32 10 33 33 34 33 33 32 10 33 10 32 33 33 33 13 34 34 33 33
split_gain=200.408 201.309 181.729 218.517 213.511 290.828 627.871 632.054 406.366 335.9 254.525 250.583 187.601 567.77 657.143 269.462 405.024 232.058 206.438 198.964 198.27 197.492 183.624 297.025 322.3 182.855 179.67 177.156 177.029 509.329
threshold=0.15667456555867712 -0.090264870535374173 4.5000000000000009 -0.049777206626521874 3259.5000000000005 2653.5000000000005 2400.5000000000005 2232.5000000000005 7.5000000000000009 6.5000000000000009 10.500000000000002 0.021083623040378988 1802.5000000000002 1389.5000000000002 3.0610489973715933 741.50000000000011 682.50000000000011 7.5000000000000009 0.026690049759040782 822.50000000000011 0.014184627466173145 9.5000000000000018 119.50000000000001 172.50000000000003 213.50000000000003 0.017638187078148394 5.4158781305848462 3.1201574153827991 3090.5000000000005 3139.5000000000005
decision_type=8 8 2 10 2 2 2 2 2 2 2 10 2 2 2 2 2 2 10 2 10 2 2 2 2 10 2 2 2 2
left_child=-1 -2 22 -4 5 6 7 12 9 27 -9 -8 13 15 -15 16 -5 -14 -19 -17 -21 -18 -3 -24 -25 -6 -12 -7 -26 -30
right_child=1 2 3 4 25 8 11 10 -10 -11 26 -13 17 14 -16 19 21 18 -20 20 -22 -23 23 24 28 -27 -28 -29 29 -31
leaf_value=-0.017352504691293912 0.0053393622519893966 0.015935362970546107 -0.0064367127757695057 0.0010804689778778748 -0.028854216398834044 0.036030351756824015 -0.034062963349112386 0.00058795999856442417 0.0024946447387501161 0.045205165308600151 0.054873597181649858 -0.0080059440739532039 0.0086445501936359709 0.0342242274954703 0.0042467289787633776 -0.021677349146217776 0.034741835305518276 -0.019742577593738687 0.0033018661231854055 -0.027013647651045782 -0.00082706338825240262 -0.017145541664774926 -0.032833637935169406 0.034702231725028544 -0.0065786876358090163 -0.0035256638221426093 -0.0070572685389420067 0.0021679472900959251 0.042230214861259399 -0.0044479837870534632
leaf_weight=1636.9768112935126 16594.416308380663 1091.4642459154129 9025.0561129339039 10332.206777356565 841.20869283005595 546.02964408695698 1460.8856701105833 393.49483801424503 4713.0452471524477 1297.0824978873134 972.3043996989727 2504.3370455056429 1925.5600195154548 2875.4809627011418 5019.1514932140708 1742.5382429137826 1407.523402236402 2955.4754274785519 1447.980738222599 794.44052551686764 8019.8707743734121 210.85837652534246 924.19593887776136 527.49679687619209 20413.66828071326 4659.6129956394434 133.14989809691906 1319.8859710246325 746.4288118109107 2692.1951248273253
leaf_count=10483 71631 4681 45010 43893 7531 2398 7911 1799 21162 5989 4100 10933 8605 12131 23948 8279 5815 15367 6108 4565 35118 896 5468 2340 111958 22162 571 5929 3608 16134
internal_value=1.0594e-05 0.00027478 -0.000648853 0.000779505 0.00195144 0.00297868 0.00133235 0.00329664 0.0117987 0.0256623 0.0351216 -0.017606 0.0019979 0.00362828 0.0151655 -0.000418484 0.00472347 -0.00583378 -0.0121649 -0.00623929 -0.00318728 0.0279814 -0.00414445 -0.00501058 -0.00395585 -0.00739901 0.0474141 0.0120772 -0.00481078 0.00568454
internal_weight=109224 107587 90992.6 64597.2 55572.1 50071.3 42195.3 38230 7876.04 3163 1498.95 3965.22 36731.1 30402.1 7894.63 22507.4 11950.6 6329.02 4403.46 10556.8 8814.31 1618.38 26395.4 25304 24379.8 5500.82 1105.45 1865.92 23852.3 3438.62
internal_count=526523 516040 444409 300220 255210 225517 190039 171195 35478 14316 6470 18844 164725 134645 36079 98566 50604 30080 21475 47962 39683 6711 144189 139508 134040 29693 4671 8327 131700 19742
is_linear=0
shrinkage=0.05


Tree=59
num_leaves=31
num_cat=0
split_feature=20 10 32 32 33 33 33 33 33 33 33 33 33 33 33 33 10 33 33 32 34 28 12 28 28 32 34 34 28 32
split_gain=200.839 172.271 155.716 184.075 445.712 506.067 624.478 304.248 555.514 358.471 296.599 904.723 381.771 888.62 278.689 435.483 364.325 260.7 311.955 421.088 260.572 237.867 226.425 217.911 211.023 232.505 210.343 191.596 189.849 168.542
threshold=0.11174166331494113 0.034840885926879249 3.5000000000000004 8.5000000000000018 239.50000000000003 2529.5000000000005 3274.5000000000005 653.50000000000011 1014.5000000000001 547.50000000000011 2295.5000000000005 2232.5000000000005 1558.5000000000002 1490.5000000000002 741.50000000000011 1123.5000000000002 0.022055651925313842 1358.5000000000002 2430.5000000000005 5.5000000000000009 4.0664589915953142 0.06886457303281103 4.1678571428571374 -0.081784872559349797 0.014251708328443921 6.5000000000000009 4.4491008295452064 2.9831502867222164 -0.04733050391270243 1.5000000000000002
decision_type=8 10 2 2 2 2 2 2 2 2 2 2 2 2 2 2 8 2 2 2 2 10 10 10 10 2 2 2 10 2
left_child=-1 2 29 4 -4 7 -7 9 21 26 11 12 13 14 16 -16 27 -10 19 -19 -15 -9 -14 -8 -21 -26 -6 -5 -20 -2
right_child=1 -3 3 10 5 6 23 8 17 -11 -12 -13 22 20 15 -17 -18 18 28 24 -22 -23 -24 -25 25 -27 -28 -29 -30 -31
leaf_value=-0.019628852455659776 0.00089194362398422016 0.0046504383761633485 0.023857661248075191 0.054365765721080456 -0.0068818331502397412 0.02448639400018307 0.048554183999898942 0.021959743526689477 -0.014471197655758531 -0.025520681928424084 -0.0099771886807784316 0.046362410070315656 -0.018583239381717104 0.051781166091568312 -0.020311944336933646 0.0038650864207257873 -0.0012122243837734711 -0.0086780920563346211 0.0076365743623467491 0.020280084038308176 0.0080449549856467708 -0.011440426317168306 0.0099050495649019559 -0.006905056850186656 0.029251773432291989 -0.0024743348216923976 0.026382143450405088 0.015816774732254842 -0.02897347970121384 -0.0083603959686269283
leaf_weight=1289.5017145834863 8395.1106506250799 18237.603687889874 2356.4166283458471 414.53547443449497 2396.3578993827105 4594.6674944087863 187.52586677670479 3632.2708054259419 3903.2282361015677 2658.9990776255727 9116.4956076405942 1035.6309308856726 4076.7024826332927 1073.882190220058 3790.1246759966016 3662.2268354222178 5459.9968477040529 4595.6275445818901 483.67691626399755 3194.1709467843175 498.70495925843716 624.74534885585308 841.43945467472076 3192.2847235947847 699.40960414707661 3312.64345023036 592.81389438360929 1449.1282473579049 1322.0141960829496 11897.619935669005
leaf_count=8431 42604 76819 9728 1697 10122 20435 807 15759 17984 12562 47941 4403 20442 4639 19112 16978 25594 22862 2345 14344 2312 2574 4391 15974 3116 14482 2482 6521 6432 72528
internal_value=-1.3402e-05 0.000221464 -0.000681456 0.000448471 0.00280177 0.0013998 0.012486 -0.00182484 0.000858215 -0.0121652 -0.0023788 0.000727178 -0.00149513 0.00217923 -0.00162369 -0.00843089 0.00530313 -0.0030801 0.000187355 0.00314859 0.0379114 0.017058 -0.0137092 -0.00382795 0.0106908 0.00305639 -0.000284906 0.0243912 -0.019167 -0.0045327
internal_weight=108986 107696 89458.5 69165.7 37746.9 35390.4 7974.48 27416 21767.8 5648.17 31418.9 22302.4 21266.7 16348.6 14776 7452.35 7323.66 17510.8 13607.5 11801.9 1572.59 4257.02 4918.14 3379.81 7206.22 4012.05 2989.17 1863.66 1805.69 20292.7
internal_count=526420 517989 441170 326038 172008 162280 37216 125064 99898 25166 154030 106089 101686 76853 69902 36090 33812 81565 63581 54804 6951 18333 24833 16781 31942 17598 12604 8218 8777 115132
is_linear=0
shrinkage=0.05


Tree=60
num_leaves=31
num_cat=0
split_feature=10 37 0 14 35 7 28 0 20 32 13 8 32 32 12 32 8 9 32 28 5 13 10 8 26 9 32 28 28 32
split_gain=191.4 178.626 195.676 167.041 161.384 148.476 122.052 118.116 107.979 114.852 105.441 99.2902 95.1727 175.341 128.499 104.03 98.3304 89.7037 89.1339 86.44 122.207 82.6526 79.8045 77.9007 75.1705 95.7136 72.1317 78.2851 70.212 69.312
threshold=0.0076050832875889773 -0.074817128629730154 0.0054207888243155153 1.0000000180025095e-35 -0.003436426116864177 -0.35751491107332728 0.050193968839160101 0.083864205044971954 0.38092993790644519 11.500000000000002 0.089964538923802656 0.039748009056101659 8.5000000000000018 4.5000000000000009 0.14285714285714315 10.500000000000002 0.21473953311057795 0.023273121301243354 8.5000000000000018 -0.026496400591506236 -0.084615384615384356 0.0085242713175946189 0.011122494897799077 0.025126637144185841 0.43840060628711436 0.02009373961700989 9.5000000000000018 -0.081784872559349797 -0.070829949074769999 3.5000000000000004
decision_type=8 8 8 8 10 8 10 10 10 2 10 8 2 2 10 2 10 8 2 10 10 10 10 8 8 10 2 10 10 2
left_child=6 3 4 5 29 -2 -1 -4 11 12 17 -6 13 19 16 -14 -15 -5 -7 20 -10 -9 -17 -21 -11 -26 27 -20 -16 -3
right_child=1 2 7 10 8 18 -8 21 9 24 -12 -13 15 14 28 22 -18 -19 26 23 -22 -23 -24 -25 25 -27 -28 -29 -30 -31
leaf_value=-0.03020587144219912 0.032798426664004232 -0.0038701544552848782 0.0018685972055177637 0.046808368427936176 -0.022935030077500529 0.013724047590807349 0.017508352800473501 0.065737262238167268 0.0086450538039999619 0.012654786318917905 0.026318572053130068 -0.0058400793101054628 -0.010981133341508662 0.035137688216217773 -0.012966014161925041 -0.026372036720012999 -0.037244099104844511 -0.005930139618173986 -0.071657133229854314 -0.02033996990892592 -0.0086187864182536659 0.012474106507741237 0.0011227493300192714 -0.0072652062512823801 -0.033347624225889647 0.0022256936679879327 0.004524516618432793 -0.0090243210214535369 0.0015364054286153362 0.0039356835044681302
leaf_weight=800.59625758230686 725.41437274217606 3665.4080686457455 32333.697875365615 82.713321059942245 1291.1257492415607 3428.9702957943082 160.97407044097781 75.783758953213692 1933.8883454576135 1811.8416869677603 300.99584859609604 2482.6987465210259 7542.9430881105363 421.97953721135855 888.22279045730829 284.87104409188032 52.791257537901402 3200.6732153743505 62.248896554112434 1350.8687663339078 2181.36372243613 1872.1570073068142 3587.8661078996956 7271.8416155651212 206.72135200724006 2216.7966164946556 1803.0650451555848 251.28944143652916 13820.260098472238 12688.272382453084
leaf_count=9754 3051 20938 150515 348 8980 15460 1346 323 9546 8398 1249 12342 38089 2091 4055 1888 253 13682 264 8233 13043 7898 16380 38143 1061 9243 8001 1115 61594 59071
internal_value=-9.49958e-06 0.000188533 -0.00045686 0.00660498 -0.00209605 0.0115263 -0.0222182 0.00258896 -0.00357514 -0.00287242 -0.00200508 -0.0116887 -0.00371475 -0.00214218 0.00148704 -0.00756104 0.0270893 -0.00460158 0.00874374 -0.00646808 -0.000505957 0.0145463 -0.000899714 -0.00931355 0.00495087 -0.000808641 0.000675471 -0.0214592 0.000660626 0.00218613
internal_weight=108798 107837 97981.4 9855.37 63699.8 6270.99 961.57 34281.6 47346.1 43572.3 3584.38 3773.82 39336.9 27921.2 15183.3 11415.7 474.771 3283.39 5545.57 12738 4115.25 1947.94 3872.74 8622.71 4235.36 2423.52 2116.6 313.538 14708.5 16353.7
internal_count=526354 515254 472084 43170 313348 27891 11100 158736 233339 212017 15279 21322 193315 136958 67993 56357 2344 14030 24840 68965 22589 8221 18268 46376 18702 10304 9380 1379 65649 80009
is_linear=0
shrinkage=0.05


Tree=61
num_leaves=31
num_cat=0
split_feature=10 19 34 33 33 33 0 33 33 33 13 28 33 32 32 33 33 33 33 33 33 33 32 34 33 13 33 28 13 33
split_gain=185.675 159.209 163.598 213.38 278.084 254.01 152.544 143.398 178.258 135.897 177.471 157.898 156.984 226.272 264.753 176.076 223.425 408.58 209.439 196.986 143.335 155.151 135.313 113.149 117.996 126.01 111.612 111.325 109.456 112.804
threshold=0.0090325633293576145 -0.36230496151697317 3.0468977391027221 1389.5000000000002 1571.5000000000002 1261.5000000000002 -0.043563657759028478 3226.5000000000005 3090.5000000000005 471.50000000000006 0.024414299492797494 0.29029652986264359 916.50000000000011 10.500000000000002 8.5000000000000018 1558.5000000000002 2067.5000000000005 2295.5000000000005 1490.5000000000002 2653.5000000000005 2982.5000000000005 2967.5000000000005 4.5000000000000009 4.3637351621117633 3724.5000000000005 0.013298101840571669 1875.5000000000002 -0.021497435591019565 0.060216673563983109 2906.5000000000005
decision_type=8 10 2 2 2 2 10 2 2 2 8 8 2 2 2 2 2 2 2 2 2 2 2 2 2 10 2 10 10 2
left_child=-1 6 3 5 -5 -3 -2 8 -6 10 -8 -12 -11 14 22 18 26 27 -15 -19 21 -21 -14 24 25 -22 -17 -18 29 -16
right_child=1 2 -4 4 7 -7 9 -9 -10 12 11 -13 13 15 28 16 17 19 -20 20 23 -23 -24 -25 -26 -27 -28 -29 -30 -31
leaf_value=-0.01677936725668271 0.013025461687707258 0.0030882833245277921 0.0003360966132242159 0.0322972337796456 0.0079218658394629889 -0.02697238813705501 0.017588695131166277 -0.012420348413791006 0.04133151363877785 -0.010556402490162129 0.0018655704404375237 -0.029006559627459051 -0.0055770654883419354 0.0063196620515621376 -0.010605970284510848 0.002089229082989235 0.013565252272875439 -0.021924692104285815 0.040817214902386559 0.0063370965459015301 -0.055155869757935072 0.061847766705971786 0.0023373486470810658 0.018554320538021512 0.057795780141225099 -0.0065617532935190659 -0.032724849670898337 0.052670696501721515 0.0059317962792454423 -0.025761183878585815
leaf_weight=1635.6437032558024 1675.962188705802 5704.5104126557708 39787.945864278823 1335.7619956731796 6802.4236274883151 801.47247369587421 1773.6532170921564 800.53073200210929 424.14498038589954 6572.7421202734113 5897.0397105738521 445.46005533635616 10249.916529878974 1190.8202290907502 4248.2377589941025 361.90039214491844 284.50158819556236 867.81460648030043 697.77127731591463 306.23480051755905 156.27564085274935 213.72706945240498 11415.240825012326 510.73281547054648 61.055108435451984 911.64651246368885 632.70611627399921 505.1138207539916 698.48277306556702 1726.9694101847708
leaf_count=17221 7438 25849 186697 5675 30911 3755 8229 4155 1936 33101 26082 2884 55841 5187 22128 1682 1214 3907 2994 1454 1211 959 51005 2493 390 3978 2955 2121 2985 9981
internal_value=-6.03657e-05 0.000195062 0.00204807 0.00634051 0.0111736 -0.000614893 -0.00181125 0.0076585 0.00988276 -0.00231129 0.00360717 -0.000302707 -0.00346565 -0.00213554 -0.00408927 0.00612774 0.00104974 0.00654951 0.0190654 -0.00180476 0.00627998 0.0291544 -0.00140701 -0.000973642 -0.00980781 -0.0136728 -0.0200573 0.0385808 -0.0127968 -0.0149862
internal_weight=108696 107061 55656.8 15868.8 9362.86 6505.98 51404 8027.1 7226.57 49728 8116.15 6342.5 41611.9 35039.1 28338.8 6700.3 4811.71 3817.1 1888.59 3027.49 2159.67 519.962 21665.2 1639.71 1128.98 1067.92 994.607 789.615 6673.69 5975.21
internal_count=526418 509197 258978 72281 42677 29604 250219 37002 32847 242781 37195 28966 205586 172485 141940 30545 22364 17727 8181 14392 10485 2413 106846 8072 5579 5189 4637 3335 35094 32109
is_linear=0
shrinkage=0.05


Tree=62
num_leaves=31
num_cat=0
split_feature=20 5 38 26 9 9 11 28 34 32 32 38 34 8 34 32 25 25 11 25 32 7 11 9 26 28 9 32 32 26
split_gain=175.763 165.431 263.923 213.976 163.736 149.916 129.946 127.941 203.43 126.965 131.772 112.427 97.3721 92.701 99.2296 91.4784 173.1 107.84 84.4925 86.8578 82.1848 131.66 80.8482 78.575 146.677 79.3111 76.9073 75.5191 109.046 81.4465
threshold=0.15667456555867712 -0.076888615127144164 0.0022668212875001097 0.67643158058979569 0.035875385511848899 0.03463609839657706 0.86485117931420474 inf 4.1311582127692708 4.5000000000000009 3.5000000000000004 -0.16977758632655812 5.9149883792937006 0.051293391850667398 4.3168210020297435 11.500000000000002 0.70776063890042684 0.97255499760879982 1.6013822853791251 0.14746754874920442 11.500000000000002 -0.36787019401638521 0.85509289880954442 0.014375253700082269 0.62975231045508318 -0.0065961968247809852 0.0085586781646450946 3.5000000000000004 8.5000000000000018 0.3110788113695091
decision_type=8 8 10 10 8 10 10 8 2 2 2 10 2 10 2 2 10 10 10 10 2 10 10 10 10 10 10 2 2 10
left_child=13 3 4 11 23 6 -5 20 -9 10 -7 -2 -10 -1 -15 17 -17 -4 19 -13 21 -6 -18 24 27 26 -26 -3 29 -29
right_child=1 2 15 5 7 9 -8 8 12 -11 -12 18 -14 14 -16 16 22 -19 -20 -21 -22 -23 -24 -25 25 -27 -28 28 -30 -31
leaf_value=-0.029136630212904104 0.020081851505722378 -0.02041726911281146 -0.00021514894859735062 0.0052980304512958137 0.023397234745007715 0.0041262667958659512 -0.011278105821732515 -0.044637714102991798 0.0080698099231220951 -0.0012100146038229659 0.034172953286413947 -0.0018935031278763687 0.12524372583073504 0.0038848529389196129 -0.038098109099393845 0.023444440035125261 -0.017649493444617734 0.0093787999359472157 0.051536610783328878 0.0060119024980417341 -0.015187036122892511 0.0028050547241519458 0.0056655101822545798 -0.0046362407276959797 0.19955470923955887 2.284687876451271e-05 0.053271686796828747 -0.005214558518931268 -0.015636286740437818 0.018952493096487392
leaf_weight=763.80227449908853 1261.8424773365259 1774.9325192607939 34686.170102111995 1528.0335668623447 1116.3576592206955 937.53775569796562 5225.7811773233116 316.96727406978607 185.49680842459202 3812.5860899239779 597.4135330915451 4252.5261605903506 19.603946089744568 660.39910521730781 178.8660349920392 1305.298634506762 485.81820281222463 3199.1860419288278 96.137422472238541 18992.786094706506 385.64903712272644 2547.6681126356125 1584.6622609719634 16863.004450395703 14.873971015214918 28.005634363740683 22.693929843604565 2560.6011950597167 2838.2154100164771 403.57816784828901
leaf_count=6619 5309 15034 163043 6518 4895 4018 23364 2136 1265 15739 2556 19268 107 3020 842 5677 2078 13650 426 90469 1706 10930 6642 84035 106 200 151 14920 19726 1922
internal_value=-9.95352e-05 0.00014657 -0.00127334 0.00286761 -0.00492174 -0.0025758 -0.0075278 0.00376501 -0.019531 0.00367845 0.0158206 0.005545 0.0192695 -0.016533 -0.00506265 0.00129777 0.00918469 0.000595001 0.00475914 0.00456568 0.00676824 0.00907909 0.00019487 -0.00654231 -0.0107478 0.063711 0.111188 -0.0113921 -0.00863139 -0.00192417
internal_weight=108646 107043 70338.8 36704.6 29077.6 12101.4 6753.81 4571.74 522.068 5347.54 1534.95 24603.3 205.101 1603.07 839.265 41261.1 3375.78 37885.4 23341.4 23245.3 4049.67 3664.03 2070.48 24505.9 7642.9 65.5735 37.5679 7577.33 5802.39 2964.18
internal_count=526371 515890 348223 167667 157133 52195 29882 21039 3508 22313 6574 115472 1372 10481 3862 191090 14397 176693 110163 109737 17531 15825 8720 136094 52059 457 257 51602 36568 16842
is_linear=0
shrinkage=0.05


Tree=63
num_leaves=31
num_cat=0
split_feature=20 38 0 32 28 35 34 10 34 35 28 32 10 28 12 34 7 13 32 11 12 28 34 13 32 25 38 10 13 28
split_gain=167.006 161.21 167.978 162.318 162.208 136.382 133.742 121.34 117.482 110.335 108.491 112.409 99.4343 98.2292 169.96 97.9651 163.804 92.3291 86.2534 183.668 146.675 137.182 130.944 99.9732 117.317 122.466 100.908 93.6431 166.144 105.888
threshold=0.068294689808189299 -0.080312284551824306 0.073262427375537911 4.5000000000000009 -0.044901851040869432 -0.010135135135160232 3.0610489973715933 0.017488717917918818 3.7988536803227713 0.018633540372660077 0.21346385952331759 9.5000000000000018 0.010869669654038835 0.050193968839160101 0.69285714285714295 6.7653272841878964 -0.1162697785912719 0.011449349460513502 7.5000000000000009 0.46747588733436879 1.0000000180025095e-35 0.004250607853791822 3.7184382656144543 0.079470328840833729 11.500000000000002 0.74922838771136002 0.0084399296771502392 0.019172144469549724 0.056170072388593305 0.1020635283452553
decision_type=8 8 10 2 10 10 2 8 2 10 10 2 10 10 10 2 10 10 2 8 8 10 2 8 2 8 8 10 10 10
left_child=-1 5 3 7 -5 -2 10 8 13 -7 -6 -12 -10 -3 -15 -9 -17 -4 19 -8 -20 -22 -21 24 26 -26 -23 29 -29 -24
right_child=1 2 17 4 6 9 18 15 12 -11 11 -13 -14 14 -16 16 -18 -19 20 22 21 23 27 -25 25 -27 -28 28 -30 -31
leaf_value=-0.02081889187118318 0.013958780411750605 -0.023363852075443406 0.062608345790970701 -0.005746255338630846 0.0047414169206785976 0.00072465610610960142 0.027449530851825551 -0.0031765759276085083 -0.024070428957114091 0.011681408028234629 0.037278385429528056 -0.042209904371635944 0.00056559490113241326 0.042298631129211457 -0.030545860491168638 -0.021160006157308141 0.044010897267958038 0.010171440803240075 -0.039788315904334966 -0.0049012031163265446 0.0041578093960472923 -0.014157945199832701 -0.0047814892324417177 0.014094446871883468 0.01063768641359527 -0.008915293496675027 -0.0042159865209504682 0.01432825170254967 -0.0075794262836805949 0.022604350262381348
leaf_weight=946.24022182449698 3124.9487825706601 2072.0474469438195 86.872253611683846 9183.8441938497126 14015.609427522868 13685.990526661277 727.5629239231348 19229.328338958323 505.5923532359302 2761.2608935758471 426.9824373871088 49.648811049759388 2156.713506065309 162.42227552086115 157.93718771636486 148.54724414646626 274.74943339824677 2492.8820455819368 253.80903269350529 4834.4140157699585 7187.3191459365189 3761.6583974026144 2773.8807168081403 715.0232480764389 2091.7011971771717 1297.6048365756869 7938.3552722930908 4030.591470181942 1102.0595972388983 404.4319052696228
leaf_count=6270 13685 16216 374 46539 63005 60396 3519 97651 5314 11893 1876 210 14350 941 925 708 1285 10570 2698 21210 36329 19337 14597 2958 9135 5415 35891 17080 4577 1759
internal_value=9.49849e-05 0.000278811 -0.000633259 -0.00101254 0.000376287 0.00438344 0.00146576 -0.00442985 -0.0113389 0.00256414 0.0055392 0.0289984 -0.00411298 -0.0193801 0.0063863 -0.00265281 0.0211405 0.0119372 -0.000124641 0.00299531 -0.00198664 -0.00156934 0.00164184 -0.00417386 -0.00503953 0.00315178 -0.00741241 0.00544786 0.00962433 -0.00129671
internal_weight=108600 107654 88081.6 85501.8 60794.5 19572.2 51610.7 24707.3 5054.71 16447.3 14492.2 476.631 2662.31 2392.41 320.359 19652.6 423.297 2579.75 37118.4 13872.9 23245.5 22991.7 13145.4 15804.3 15089.3 3389.31 11700 8310.96 5132.65 3178.31
internal_count=526713 520443 434469 423525 286135 85974 239596 137390 37746 72289 65091 2086 19664 18082 1866 99644 1993 10944 174505 62742 111763 109065 59223 72736 69778 14550 55228 38013 21657 16356
is_linear=0
shrinkage=0.05


Tree=64
num_leaves=31
num_cat=0
split_feature=35 35 33 13 33 32 33 33 33 33 33 32 28 33 9 28 13 3 12 7 12 28 38 34 33 33 33 12 33 34
split_gain=160.444 192.847 186.504 301.275 282.566 206.997 156.228 179.735 258.067 604.262 252.459 194.315 238.049 193.872 218.145 181.475 123.108 119.747 117.73 113.945 112.31 107.513 106.111 99.172 96.5069 241.792 202.795 116.724 96.1322 92.1373
threshold=-0.0057471264368242894 0.01759949717157883 3259.5000000000005 0.019662494937832984 3090.5000000000005 8.5000000000000018 3012.5000000000005 2810.5000000000005 2295.5000000000005 2248.5000000000005 2877.5000000000005 1.5000000000000002 -0.036399199793613141 2967.5000000000005 0.038752336450277154 0.011513837091552492 0.0085242713175946189 -0.10877589389872343 30.767857142857149 -0.35751491107332728 1.0000000180025095e-35 0.003056804450294786 -0.039584685269347213 3.2624140123068117 1389.5000000000002 534.50000000000011 1571.5000000000002 1.3928571428571439 3304.5000000000005 4.4875121511018561
decision_type=10 10 2 10 2 2 2 2 2 2 2 2 10 2 10 10 10 10 10 8 10 10 10 2 2 2 2 10 2 2
left_child=17 2 4 23 6 22 7 8 9 -2 21 12 -10 14 -12 20 -11 -1 -18 -3 -15 29 -6 -4 25 -19 -26 -27 -5 -9
right_child=1 19 3 28 5 -7 -8 10 11 16 13 -13 -14 15 -16 -17 18 24 -20 -21 -22 -23 -24 -25 26 27 -28 -29 -30 -31
leaf_value=0.015867725798209786 -0.0015205475647359021 0.026389902222192309 -0.047902182195090834 -0.020470124321904697 0.042882831249653197 -0.032207182115629784 -0.019527719417798503 0.019492604292207675 0.053125063722147314 -0.065811216151236238 -0.020573336519879467 -0.012736160138622441 -0.0029908503637208249 -0.054374730684146992 0.01944480993933994 -0.00014520978708923793 0.043974696328780705 0.010254319670207077 -0.031517263401317407 0.0034058922134814901 0.051177825906103251 0.035695838496384781 0.01409808133918451 -0.020599315509333277 0.028427417397379608 -0.012819211560453847 0.0039265319894275915 0.0024899037681127656 -0.001460033165222885 -0.02979266286728012
leaf_weight=1984.1488261148334 48234.233702961355 559.12701968848705 473.32533230632544 770.97063760459423 372.20743372291327 221.2730058580637 1211.3413451202214 372.47024025022984 246.73151181638241 28.314261063933372 1305.1368630304933 7756.4883394613862 807.52932454645634 27.065863862633705 460.767598092556 577.51891250163317 956.19087454676628 3089.2214953005314 54.593529142439365 15161.708932243288 365.77655576914549 930.94617479294538 2289.9053321704268 1118.6073702946305 947.6398469209671 3445.737316146493 7764.6460157707334 1949.523333363235 4839.6010607033968 127.21813037991524
leaf_count=8841 232845 2334 4642 3962 1610 1070 6908 1839 1141 171 6667 38579 3808 228 1911 2581 4214 14168 228 68837 1634 4411 10590 10111 4199 16931 38403 9298 23646 585
internal_value=8.82012e-05 -0.000803257 -0.00187769 -0.00951943 -0.0010481 0.0142603 -0.00174363 -0.00139757 -0.00211717 -0.000707853 0.00863322 -0.00999863 0.0101421 -0.000265834 -0.0101316 0.0176883 0.0370169 0.0042371 0.0398973 0.00422334 0.0439055 0.0256538 0.0181227 -0.0287172 0.00289516 -0.000900426 0.00659151 -0.00728742 -0.00407228 0.00694482
internal_weight=108450 89269 73548.2 7202.5 66345.7 2883.39 63462.3 62251 58084.1 49273.3 4166.9 8810.75 1054.26 2736.27 1765.9 970.361 1039.1 19180.9 1010.78 15720.8 392.842 1430.63 2662.11 1591.93 17196.8 8484.48 8712.29 5395.26 5610.57 499.688
internal_count=526392 434552 363381 42361 321020 13270 307750 300842 280986 237458 19856 43528 4949 13021 8578 4443 4613 91840 4442 71171 1862 6835 12200 14753 82999 40397 42602 26229 27608 2424
is_linear=0
shrinkage=0.05


Tree=65
num_leaves=31
num_cat=0
split_feature=5 5 33 34 26 32 32 33 33 34 19 12 33 33 34 33 33 32 33 32 33 33 33 12 32 32 33 33 28 12
split_gain=149.058 179.196 165.97 213.63 168.05 155.077 154.22 140.777 200.184 128.39 120.868 121.905 117.002 401.723 363.041 324.261 301.697 231.482 216.983 185.499 322.488 236.301 198.529 172.986 172.893 170.866 292.077 494.158 170.349 156.748
threshold=-0.12108712439147211 0.23880597014925389 2100.5000000000005 3.8099896666734097 0.71514252315439275 4.5000000000000009 7.5000000000000009 534.50000000000011 615.50000000000011 2.0856528016791152 0.80100294068483235 1.3357142857142867 1802.5000000000002 1358.5000000000002 3.623005818698426 741.50000000000011 682.50000000000011 10.500000000000002 822.50000000000011 8.5000000000000018 2529.5000000000005 2142.5000000000005 3443.5000000000005 0.18571428571428572 9.5000000000000018 10.500000000000002 2100.5000000000005 2369.5000000000005 -0.0028594565830806786 30.767857142857149
decision_type=8 10 2 2 10 2 2 2 2 2 8 10 2 2 2 2 2 2 2 2 2 2 2 10 2 2 2 2 10 10
left_child=2 5 4 6 7 10 -4 -1 -9 -7 11 -2 13 15 17 16 -11 -15 -17 20 21 -14 -22 -19 -18 -21 -27 28 -28 -29
right_child=1 -3 3 -5 -6 9 -8 8 -10 12 -12 -13 19 14 -16 18 24 23 -20 25 22 -23 -24 -25 -26 26 27 29 -30 -31
leaf_value=0.012400164529558876 -0.012181996322163584 0.0040487679589682772 0.020977095508370812 -0.00062933779073695182 -0.0073058996976624619 0.015459489222109485 0.0049480470429136064 -0.02495434173907516 0.0025489350658582273 7.2087879909907594e-05 0.0022996865073169697 -0.0034203770765549703 0.0038375340156333684 0.015968417265888993 -0.001034386970269176 -0.026551674860161512 0.03316386155898126 -0.059649952695108456 -0.006021314314391007 -0.014550336704996114 0.017095739524713043 -0.02037294839746881 -0.0037884977236378489 0.053155583270281817 -0.020686908121361466 -0.023929850144260145 0.012776406193264842 -0.0072448005861675893 0.052427133691427 0.064996986553620281
leaf_weight=3256.2221576794982 7772.4261066615582 14585.059410020709 3555.5740380510688 4001.8707965314388 5100.5210307389498 1224.6588200740516 2596.378515291959 726.06612826138735 7452.453764423728 9694.1352634504437 3725.4931653887033 8115.0288008637726 1896.9280887171626 3127.2723881155252 3164.5821373388171 1610.4002098366618 1106.5453935787082 35.776154093444347 6408.3348607942462 5369.1108384244144 3312.366038069129 2150.3686974570155 1733.5018632672727 678.90799447894096 172.25270606577396 1208.6462583839893 527.07368370890617 3321.6591548100114 557.28794301301241 76.823429487645626
leaf_count=13837 48754 63516 15944 17889 21764 5464 11261 3507 34104 44302 20141 45296 8688 13591 16072 8194 4581 269 30279 31121 14502 10620 8864 2953 766 6010 2360 18638 2402 356
internal_value=8.76251e-05 -0.00097357 0.00333114 0.00836277 0.00024137 -0.00206704 0.0142122 0.00360787 0.000107271 -0.000519189 -0.00580599 -0.00770672 -0.000943189 0.00127337 0.0115061 -0.00250176 0.00308329 0.0218356 -0.0101444 -0.00380253 0.00148795 -0.00902573 0.00992098 0.0475087 0.0259102 -0.00815195 -0.00211598 0.00376539 0.0331542 -0.00561176
internal_weight=108264 81574.6 26689.1 10153.8 16535.3 66989.6 6151.95 11434.7 8178.52 47376.6 19612.9 15887.5 46152 25998.2 7006.54 18991.7 10972.9 3841.96 8018.74 20153.8 9093.16 4047.3 5045.87 714.684 1278.8 11060.6 5691.49 4482.84 1084.36 3398.48
internal_count=526045 407739 118306 45094 73212 344223 27205 51448 37611 230032 114191 94050 224568 121007 32885 88122 49649 16813 38473 103561 42674 19308 23366 3222 5347 60887 29766 23756 4762 18994
is_linear=0
shrinkage=0.05


Tree=66
num_leaves=31
num_cat=0
split_feature=5 33 33 13 33 32 33 33 33 33 5 32 38 10 5 12 12 33 11 33 33 33 32 12 13 33 12 32 33 32
split_gain=142.168 139.347 444.049 289.556 243.854 237.364 202.994 178.959 343.55 728.909 320.402 309.413 304.547 247.482 176.994 152.26 146.881 144.848 143.113 129.163 445.599 324.705 305.305 256.34 218.714 201.768 219.628 269.273 233.555 195.163
threshold=-0.26571428571428601 3259.5000000000005 3090.5000000000005 0.019662494937832984 3012.5000000000005 8.5000000000000018 3335.5000000000005 2810.5000000000005 2295.5000000000005 2248.5000000000005 -0.022280675142722913 1.5000000000000002 -0.024155322399578568 0.025215665645228934 -0.038895261275627695 0.58571428571428685 0.43571428571428594 3724.5000000000005 1.162039681534796 1358.5000000000002 1598.5000000000002 534.50000000000011 10.500000000000002 3.2357142857142849 0.015920615131394419 172.50000000000003 3.4928571428571451 8.5000000000000018 372.50000000000006 11.500000000000002
decision_type=8 2 2 8 2 2 2 2 2 2 10 2 10 10 10 10 10 2 10 2 2 2 2 10 8 2 10 2 2 2
left_child=-1 2 4 17 7 14 16 8 9 19 -9 12 -10 -12 -4 -8 -5 -3 -17 21 22 24 -21 -24 -2 -26 -27 -28 -29 -22
right_child=1 3 5 6 -6 -7 15 10 11 -11 13 -13 -14 -15 -16 18 -18 -19 -20 20 29 -23 23 -25 25 26 27 28 -30 -31
leaf_value=0.0079642538904186842 0.025485344564262297 -0.030609148027098187 0.037787234644601889 0.045968814120252006 -0.019119384588645032 -0.029299890842810705 -0.022043433833450317 0.025011985099164514 0.046044197858363542 0.037239897742115259 -0.018867955470418592 -0.011797524814330593 -0.0029838785604108021 0.0091269563468167371 0.013131294207795486 0.0087522110050555005 -0.020392055494275182 0.0069779280056707169 -0.0086662928864665607 0.0070921595147584691 -0.00037690538807072797 -0.0055712924119648809 0.0397529444084515 -0.0068201934115961586 -0.0068040836495406381 0.001534388516287778 0.029314892387419779 -0.02757555162052773 0.018446727418421599 -0.022873575876059732
leaf_weight=5267.4778818413615 1042.4803427010775 1494.8636518158019 974.39992827922106 87.702024020254612 1740.7481840774417 267.95207612961531 606.37859828025103 1916.9224339649081 468.73852826654911 1326.1105811782181 1196.497780777514 10237.757045216858 976.78566016256809 2320.5723540484905 2876.9491628706455 4533.8888027444482 1693.4300468489528 309.36023938655853 1593.7497632652521 5721.2397807836533 17028.902804944664 24833.344618082047 1480.6443067640066 369.1023300588131 4785.2696083560586 9187.5745513886213 1791.1788796111941 495.41933071613312 621.50454270839691 1021.9046479016542
leaf_count=22125 5175 13111 4387 435 9566 1282 3399 9167 2116 5866 6440 51010 4634 9906 13164 21858 8336 3603 7632 26685 85407 121330 6536 1661 24178 40707 7593 2075 2570 4735
internal_value=-4.77297e-05 -0.000457462 0.000156197 -0.00596895 -0.000590207 0.0162035 -0.00211364 -0.000218704 -0.000805262 0.000524691 0.00856651 -0.00874002 0.0129144 -0.000396837 0.0193693 0.00185669 -0.0171245 -0.0241643 0.0042218 -0.000187351 0.00261987 -0.00186956 0.0128013 0.0304596 0.00325928 0.00188671 0.00532494 0.0173004 -0.00196677 -0.0016505
internal_weight=108269 103001 92682 10319.4 88562.7 4119.3 8515.15 86822 81388 69704.7 5433.99 11683.3 1445.52 3517.07 3851.35 6734.02 1781.13 1804.22 6127.64 68378.6 25621.8 42756.8 7570.99 1849.75 17923.4 16880.9 12095.7 2908.1 1116.92 18050.8
internal_count=526689 504564 446190 58374 427357 18833 41660 417791 392278 334518 25513 57760 6750 16346 17551 32889 8771 16714 29490 328652 125024 203628 34882 8197 82298 77123 52945 12238 4645 90142
is_linear=0
shrinkage=0.05


Tree=67
num_leaves=31
num_cat=0
split_feature=37 14 19 9 34 33 33 33 10 5 8 32 33 33 33 33 33 33 33 28 34 33 33 10 33 33 33 32 3 34
split_gain=165.666 171.738 157.056 153.673 102.438 146.319 176.788 166.704 121.585 93.6937 101.617 91.5515 107.265 183.924 170.147 142.139 311.842 127.911 124.438 104.291 103.85 107.097 94.0719 103.909 85.4287 89.6246 84.7272 84.5532 82.6126 81.5582
threshold=-0.073138138123588811 1.0000000180025095e-35 -0.18567211814938706 0.012538747225114671 2.9418004506160189 1389.5000000000002 1261.5000000000002 1742.5000000000002 0.028706876025294158 -0.070756727629526103 0.086446917681193072 10.500000000000002 822.50000000000011 671.50000000000011 1571.5000000000002 2022.5000000000002 2323.5000000000005 226.50000000000003 2653.5000000000005 -0.023942534559983169 5.5014622505393982 1503.5000000000002 1875.5000000000002 0.037941101143609962 3335.5000000000005 2067.5000000000005 483.50000000000006 8.5000000000000018 -0.14504994816699648 4.8570954632028007
decision_type=8 8 10 8 2 2 2 2 10 8 10 2 2 2 2 2 2 2 2 10 2 2 2 10 2 2 2 2 10 2
left_child=1 28 3 9 5 6 -4 -7 24 10 26 -5 13 17 20 22 19 -13 -18 -17 21 -14 -16 -24 25 -9 -2 -10 -1 -3
right_child=2 29 4 11 -6 7 -8 8 27 -11 -12 12 14 -15 15 16 18 -19 -20 -21 -22 -23 23 -25 -26 -27 -28 -29 -30 -31
leaf_value=0.021429283584200438 0.02217591254162226 3.8710804420322712e-05 0.0025809242798916082 -0.0025282548133902399 0.00017173921768933679 0.025516412096135949 -0.028177132698827146 -0.014512455225524318 0.024177236664589555 -0.013032480134297428 0.028260864559574769 -0.012517273251407463 0.015069259464889885 -0.024905856747140784 0.0038966960238790852 0.007656382819352308 -0.019113108279969648 0.013694374750488323 0.0048244359997305399 0.047085032126650155 -0.022673920550816531 0.04297222409398585 -0.038367506314189913 0.028504414444920818 -0.024565367624977127 0.0078244734834198876 -0.0078879773090153472 0.0015452867565572289 0.0078416832903273736 -0.022867654514687738
leaf_weight=1425.6142586171627 262.46903800964355 3223.8848026841879 3519.0132188275456 36727.148174092174 34103.763549886644 1455.0241844430566 538.68328239023685 578.38804386556149 1185.7598372027278 5080.4056327454746 259.06558784097433 769.47341363132 1221.8149781003594 818.78498166054487 336.72599317133427 249.56392054259777 769.12074594199657 1177.9441846162081 1845.9683718532324 511.33917437493801 134.77352805435658 478.59086146950722 460.66665852069855 66.473218336701393 319.72701355814934 2008.6413177549839 2187.8368203304708 633.0019738972187 5195.6348309703171 441.8520999699831
leaf_count=6168 1168 13832 15916 177778 162986 6314 2588 2747 5436 37928 1323 3942 5193 3909 1539 1056 3422 4865 8125 2172 594 2081 2168 270 2076 9383 13078 2634 23568 1854
internal_value=-7.51173e-05 0.00596026 -0.00071059 -0.00253809 0.00148849 0.00587463 -0.00150239 0.0107178 0.00616125 -0.00902798 -0.00151906 -0.00142866 0.00313915 -0.00502242 0.00685544 0.00135026 0.00598125 0.0033375 -0.00221581 0.0341531 0.0195742 0.0229227 -0.0167477 -0.0299348 -0.000182843 0.00283056 -0.00466763 0.0163004 0.0107672 -0.00272232
internal_weight=107987 10287 97700.2 53358.2 44342 10238.2 4057.7 6180.54 4725.52 7789.78 2709.37 45568.4 8841.24 2766.2 6075.04 4239.86 3375.99 1947.42 2615.09 760.903 1835.18 1700.41 863.866 527.14 2906.76 2587.03 2450.31 1818.76 6621.25 3665.74
internal_count=526113 45422 480691 270611 210080 47094 18504 28590 22276 53497 15569 217114 39336 12716 26620 18752 14775 8807 11547 3228 7868 7274 3977 2438 14206 12130 14246 8070 29736 15686
is_linear=0
shrinkage=0.05


Tree=68
num_leaves=31
num_cat=0
split_feature=10 5 1 33 33 33 33 13 33 32 32 32 33 33 33 33 33 12 33 32 8 33 33 33 33 13 8 32 33 33
split_gain=138.006 127.053 107.444 94.8136 274.786 257.419 424.764 198.058 175.623 146.46 144.908 463.101 330.028 329.247 244.158 542.689 220.976 201.623 189.514 188.505 184.092 182.986 181.392 346.573 556.027 329.983 327.512 185.26 204.342 281.58
threshold=0.0090325633293576145 -0.26571428571428601 0.22979220964689931 520.50000000000011 640.50000000000011 722.50000000000011 916.50000000000011 0.025335695920257296 682.50000000000011 9.5000000000000018 10.500000000000002 8.5000000000000018 1558.5000000000002 1503.5000000000002 1962.5000000000002 2278.5000000000005 2653.5000000000005 3.0428571428571467 2996.5000000000005 5.5000000000000009 0.18750000000000014 959.50000000000011 3058.5000000000005 2696.5000000000005 2494.5000000000005 0.034724165762575816 0.11808495900658668 3.5000000000000004 2295.5000000000005 1991.5000000000002
decision_type=8 8 10 2 2 2 2 8 2 2 2 2 2 2 2 2 2 10 2 2 10 2 2 2 2 10 10 2 2 2
left_child=-1 -2 3 7 -5 8 -7 -3 -6 -10 11 19 13 -12 -14 -16 -17 -15 -18 21 -13 -8 23 24 27 -24 -26 28 29 -23
right_child=1 2 -4 4 5 6 10 -9 9 -11 12 20 14 17 15 16 18 -19 -20 -21 -22 22 25 -25 26 -27 -28 -29 -30 -31
leaf_value=-0.014747193217413064 0.0077392099733821001 0.013522916775339389 0.02464624297381738 -0.014845635810647455 0.0012664064803430527 -0.014537729215068178 0.019652992829589433 0.00030593424575417645 0.030933142802754412 -0.031133636678633815 0.0070657484757605735 -0.014390624426428354 -0.017072756078171228 0.048657898568592893 0.028254063557644177 -0.020099477935613438 0.017877783344248766 -0.00042004614163822343 -0.0054423901390947965 0.0049067018925346116 -0.0018333963203658876 -0.00049899042068161535 -0.0069304723966524947 -0.023831326851202594 0.051576443021758657 0.017768430774026438 0.0043368576044904078 -0.011171327907145812 -0.015948701028128349 0.02851936695013187
leaf_weight=1575.2592158131301 5257.9427163898945 3567.6255856230855 432.11604066193104 3454.7199149057269 1304.2394282594323 5373.7871109843254 982.57708342373371 13792.106856405735 1347.4074219167233 102.26123970746994 2688.2385407239199 7665.3727440088987 1774.2916645482183 978.95844662934542 1707.2565382868052 1538.6274756789207 1299.3698992952704 266.16793152689934 2643.8163706734776 20192.067712925375 4713.3362180814147 6765.6263494491577 2628.7754320912063 2085.6797810345888 710.27100110054016 2784.969773426652 758.9658076018095 6892.3387824594975 1724.8982501849532 953.83938895910978
leaf_count=17219 22120 16981 1819 17318 5766 28156 4338 62212 5670 443 11713 42493 8437 4323 7298 7035 5843 1128 13020 89440 21472 38250 15180 10806 3488 13104 3571 33480 9309 4946
internal_value=-5.61948e-05 0.000161332 -0.000232658 -0.000339419 -0.00103966 -0.000442588 -0.000978913 0.00302218 0.0145784 0.0265549 3.65108e-05 -0.00101527 0.00483666 0.0169109 -0.00046183 0.00363781 -0.00402867 0.0381666 0.00224214 0.00127353 -0.00960931 -0.00151715 -0.00233916 -0.00454761 -0.00228883 0.00577528 0.0271738 -0.00493855 -0.000389965 0.0030866
internal_weight=107963 106388 101130 100698 83337.9 79883.1 77129.2 17359.7 2753.91 1449.67 71755.4 58858.7 12896.7 3933.36 8963.36 7189.07 5481.81 1245.13 3943.19 46480 12378.7 26287.9 25305.4 19891.6 17805.9 5413.75 1469.24 16336.7 9444.36 7719.47
internal_count=526378 509159 487039 485220 406027 388709 376830 79193 11879 6113 348674 289877 58797 17164 41633 33196 25898 5451 18863 225912 63965 136472 132134 103850 93044 28284 7059 85985 52505 43196
is_linear=0
shrinkage=0.05


Tree=69
num_leaves=31
num_cat=0
split_feature=10 2 20 6 28 33 33 33 33 34 33 32 28 34 33 32 32 33 32 32 33 33 33 33 33 13 33 32 33 34
split_gain=139.03 122.551 104.729 105.176 94.8013 89.6822 327.875 227.428 364.203 222.338 457.645 323.609 299.333 220.295 189.153 175.37 252.931 173.152 183.174 433.468 228.238 356.441 273.436 454.514 199.301 196.206 196.179 194.575 189.009 395.782
threshold=0.0076050832875889773 -0.10107458955705438 0.036262166918195358 93.307776689817231 0.050193968839160101 534.50000000000011 640.50000000000011 722.50000000000011 916.50000000000011 4.5648214049661604 172.50000000000003 8.5000000000000018 0.027373590500669124 2.35611462914075 682.50000000000011 1.5000000000000002 3.5000000000000004 959.50000000000011 10.500000000000002 8.5000000000000018 1558.5000000000002 1503.5000000000002 1962.5000000000002 2278.5000000000005 2248.5000000000005 0.060833593912286425 2653.5000000000005 5.5000000000000009 3058.5000000000005 4.157319373323074
decision_type=8 8 8 10 10 2 2 2 2 2 2 2 8 2 2 2 2 2 2 2 2 2 2 2 2 10 2 2 2 2
left_child=4 -2 -3 5 -1 9 -7 14 13 12 -11 -12 15 -9 -8 -4 -17 -10 19 27 21 -20 -22 24 -24 -21 -25 28 -19 -30
right_child=1 2 3 -5 -6 6 7 8 17 10 11 -13 -14 -15 -16 16 -18 18 20 25 22 -23 23 26 -26 -27 -28 -29 29 -31
leaf_value=-0.027301678809358482 0.009276444021655077 -0.021198038617376513 0.025864479751865177 0.025318644988937725 0.01580959838308351 -0.016191382511936775 0.00022157026569983793 0.032096067063601005 0.018265369950787664 -0.014764874339881037 0.038130810942346355 0.0012724585323223147 -0.0084730157535321208 -0.015376611624935838 0.026041185397620556 -0.014864410721978106 0.0080887460650384355 -0.004165450787481235 0.0051434834940179671 -0.012163036604875345 -0.01649771653330338 0.037335264465865305 0.012380534572133693 -0.016012013602450938 0.046079714665676758 0.0064194707740900317 0.0042934121841370796 0.0046422353777651601 0.01654113948992569 -0.011142271849753589
leaf_weight=725.68979337066412 3613.1499293744564 584.40769340097904 1004.3358622416854 409.46381056308746 154.70272194594145 3306.4509750157595 1352.7635919973254 256.5055163577199 1316.7952744960785 987.16312262415886 1696.5691019669175 917.59029112756252 5770.5801286920905 5167.7492087259889 1491.3430644646287 1488.0276326388121 6205.1717908754945 20119.909723177552 2733.9882572367787 10495.340908076614 1805.312217220664 1254.4116442278028 994.60930984467268 1685.6470585614443 785.04643609374762 1642.8617649525404 4041.4181614480913 20240.302769765258 3479.7590723223984 2052.6988951452076
leaf_count=9711 15640 3473 4257 1899 1333 16281 5970 1223 5835 5085 7339 3855 26205 27293 6267 8702 27064 105293 11896 56342 8649 5545 4251 7671 3383 6996 19392 90272 18268 10819
internal_value=6.20074e-05 0.000224977 -9.16607e-05 2.84417e-05 -0.0197262 -7.27919e-05 -0.000758531 -0.000127906 -0.000633845 0.00312349 0.0142403 0.0251932 0.000356357 -0.0131317 0.0137604 0.00621441 0.00364912 0.000299305 -3.23538e-05 -0.00124537 0.00526012 0.0152683 0.000973563 0.00517528 0.027246 -0.00964796 -0.00168308 0.000977045 -0.00191487 0.00626981
internal_weight=107780 106899 103286 102702 880.393 102292 84222.9 80916.5 78072.4 18069.4 3601.32 2614.16 14468.1 5424.25 2844.11 8697.54 7693.2 72648.1 71331.3 58030.9 13300.4 3988.4 9312.03 7506.72 1779.66 12138.2 5727.07 45892.7 25652.4 5532.46
internal_count=526209 515165 499525 496052 11044 494153 411646 395365 383128 82507 16279 11194 66228 28516 12237 40023 35766 354612 348777 287990 60787 17441 43346 34697 7634 63338 27063 224652 134380 29087
is_linear=0
shrinkage=0.05


Tree=70
num_leaves=31
num_cat=0
split_feature=10 38 1 32 28 33 33 33 8 33 33 33 33 12 8 32 33 26 9 11 33 33 12 12 14 3 33 33 28 5
split_gain=139.589 114.151 115.631 116.247 155.579 128.076 239.369 218.998 173.441 130.853 320.669 220.267 283.364 328.831 185.814 151.362 146.278 117.625 202.977 150.476 113.025 150.577 127.486 112.005 107.014 102.898 102.328 218.353 134.532 119.215
threshold=0.0093985981318847837 -0.088761901344511326 0.086782335439441041 4.5000000000000009 -0.049777206626521874 119.50000000000001 172.50000000000003 213.50000000000003 0.063954719620184633 3090.5000000000005 3139.5000000000005 2696.5000000000005 2480.5000000000005 5.496428571428571 0.15228649817687859 3.5000000000000004 1543.5000000000002 0.35060368282965709 0.0085586781646450946 0.32438398807797858 1889.5000000000002 2067.5000000000005 45.189285714285724 3.2357142857142849 1.0000000180025095e-35 -0.12574850299401188 3259.5000000000005 3187.5000000000005 0.099810352415976036 -0.023682430026351394
decision_type=8 8 10 2 10 2 2 2 8 2 2 2 2 10 10 2 2 10 10 10 2 2 10 10 10 10 2 2 10 10
left_child=-1 24 3 5 -5 8 -7 -8 -3 11 23 12 13 -9 -14 16 -15 -12 19 -19 -18 -22 -23 -11 25 -2 27 29 -29 -6
right_child=1 2 -4 4 26 6 7 9 -10 10 17 -13 14 15 -16 -17 20 18 -20 -21 21 22 -24 -25 -26 -27 -28 28 -30 -31
leaf_value=-0.013942829091408338 0.016973942038208793 0.047274670179182639 0.0064146258440305123 -0.0061298187757646847 0.0043552151832733019 -0.030574776918262603 0.030027749608437734 -0.0090822615225912562 0.00090060485781074881 0.047656076306943344 -0.022255274035564356 -0.022173359410271237 0.036424058789646989 0.032497094260874715 -0.0041998582723322209 -0.011423378971865527 -0.022930947878594832 0.023663874450084669 0.00031395230454450668 0.20586869330349467 0.045233556933666458 -0.016078362601578858 0.066748167925371235 0.00069950547311222985 -0.0025928909809625669 0.0043247924166177395 -0.0056372583101337789 0.0061777184324006505 0.038543768545832774 -0.00090449708161265705
leaf_weight=1801.1499996297061 1895.3028231933713 274.39773251116276 5467.0580306500196 8554.9465408697724 18653.334483295679 865.81271436065435 468.96532749384642 13280.250444360077 760.22990071773529 498.06238294392824 618.302490927279 1908.9583310931921 679.42099086940289 898.3596143424511 480.59616819024086 566.96844989806414 272.02252921462059 24.742013923823833 1754.650143198669 20.906194824725389 255.97772676497698 327.5921987593174 54.135801687836647 170.4560667052865 4720.7505090683699 10597.831162318587 4985.7517611347139 647.2843896150589 637.03297130763531 25501.735168345273
leaf_count=19152 8103 1149 23430 43357 84816 5269 2055 75909 3259 2378 4380 10777 3431 4511 2271 2865 1399 182 8964 162 1405 1648 255 768 19936 46769 26664 2739 2830 115518
internal_value=-0.00014036 9.4522e-05 -0.00062914 -0.0010922 0.000104767 -0.00401177 -0.00478111 -0.00377877 0.0131997 -0.00450564 0.00503212 -0.00607816 -0.00425095 -0.00601777 0.0195935 0.0111175 0.0181858 -0.00344008 0.00302189 0.107111 0.00405326 0.0155638 -0.00433209 0.0356833 0.00382039 0.00624376 0.0011625 0.0019086 0.0222316 0.00131747
internal_weight=107643 105842 88628 83160.9 58980.1 24180.8 23146.2 22280.4 1034.63 21811.4 3087.12 18724.3 16815.3 15655.3 1160.02 2375.06 1808.09 2418.6 1800.3 45.6482 909.728 637.706 381.728 668.518 17213.9 12493.1 50425.1 45439.4 1284.32 44155.1
internal_count=526351 507199 432391 408961 275924 133037 128629 123360 4408 121305 16834 104471 93694 87992 5702 12083 9218 13688 9308 344 4707 3308 1903 3146 74808 54872 232567 205903 5569 200334
is_linear=0
shrinkage=0.05


Tree=71
num_leaves=31
num_cat=0
split_feature=35 0 13 5 13 7 38 38 8 8 12 13 2 32 26 35 32 10 35 26 1 26 38 32 8 38 10 12 8 7
split_gain=137.157 164.837 136.699 108.101 118.354 97.848 95.2491 86.216 82.651 86.8209 93.0254 78.3117 76.1411 70.4341 68.9025 66.4969 81.8368 77.9529 74.421 62.7988 60.8532 60.5771 57.9021 64.3112 51.8089 50.6545 50.3501 66.0864 47.5559 47.41
threshold=-0.0053050397878182656 0.0054207888243155153 0.024092812224832044 -0.07527556293088343 0.0060523910134721 -0.49108342306311847 -0.071486753526270472 -0.0092778866483633187 0.11808495900658668 0.21473953311057795 0.25714285714285745 0.079470328840833729 0.24803474903474912 7.5000000000000009 0.59516093624227739 -9.4924068605450868e-15 3.5000000000000004 0.0059400013844992739 -1.5931700403370993e-14 0.10990484046784317 -0.14411807420754211 0.50849865177195697 -0.10034602076128239 1.5000000000000002 0.045767063218212452 -3.8247183198336637e-14 0.033695635713313347 2.421428571428573 0.34618356913565568 -0.34871055937338352
decision_type=10 10 10 10 10 8 8 10 10 10 10 10 8 2 8 10 2 10 10 10 10 10 8 2 8 10 10 10 10 10
left_child=6 2 3 5 13 -2 -1 -6 21 10 -10 14 -3 15 22 16 18 -18 -5 25 -13 -7 23 -4 -23 -20 -16 29 -8 -28
right_child=1 12 11 4 7 8 28 -9 9 -11 -12 20 -14 -15 26 -17 17 -19 19 -21 -22 24 -24 -25 -26 -27 27 -29 -30 -31
leaf_value=0.0096168884191772785 -0.065430797053613182 0.0016742866414744375 0.04022715855834965 -0.040706675451598999 -0.012792340131728011 0.00010157738229785289 0.00064459936875846076 -0.0023756407568815922 0.041024920599103995 -0.038104459914973021 0.0039365039235615008 0.040518853806703836 0.017834734091273546 -0.033007304756293675 -0.0052169726866599297 -0.033354908294128571 0.1023028349603079 0.0055694876238866833 0.19385471467673276 -0.036361197695214738 0.006939559220287321 -0.018697839503717339 -0.00030591633204032334 0.0057568844245517595 0.0019832177016695313 0.02813665757829148 0.020696783605750464 -0.0054110086542807018 0.0090485728587642797 0.0026207265088093352
leaf_weight=5187.3371270261705 59.023454025387764 31317.322378717363 142.62816917896271 176.26185325905681 3711.7949102893472 4278.8356019482017 12870.600419852883 4273.3072576224804 300.75877685844898 70.457534790039062 386.12864428013563 149.53214624524117 746.24159459769726 769.69464108720422 12839.422500327229 254.93182542175055 22.140779461711645 350.89797708392143 8.2771621607243997 14.791450850665568 1380.816455796361 928.48109232634306 15624.969345115125 2637.9761204496026 449.40723492205143 10.411602165549995 408.11245606839657 2959.6836697459221 1936.6493036001921 3263.2012948542833
leaf_count=23471 246 146167 610 2415 23283 22758 64798 25124 1520 330 1688 628 3219 8458 59431 2190 206 1606 133 186 5877 4509 77405 11483 2038 178 1703 12483 8263 13979
internal_value=4.99735e-05 -0.000803476 -0.00245306 -0.00634037 -0.00970957 -0.00134754 0.00378634 -0.00721774 -0.000757839 0.014754 0.0201759 -0.000868235 0.0020504 -0.0220882 -0.00131627 -0.0120557 -0.00273854 0.0113109 -0.0277262 0.0406114 0.0102206 -0.00283462 0.000877132 0.007525 -0.0119526 0.101532 -0.00338972 0.000148349 0.00174376 0.00463011
internal_weight=107530 87535.5 55471.9 16065.6 9592.51 6473.09 19994.6 7985.1 6414.07 757.345 686.887 39406.3 32063.6 1607.41 37876 837.713 582.781 373.039 209.742 33.4802 1530.35 5656.72 18405.6 2780.6 1377.89 18.6888 19470.4 6631 14807.2 3671.31
internal_count=526385 429853 280467 96868 63779 33089 96532 48407 32843 3538 3208 183599 149386 15372 177094 6914 4724 1812 2912 497 6505 29305 89498 12093 6547 311 87596 28165 73061 15682
is_linear=0
shrinkage=0.05


Tree=72
num_leaves=31
num_cat=0
split_feature=37 14 0 33 33 13 33 33 32 21 5 7 33 13 32 33 32 32 12 33 33 34 38 33 33 5 34 33 7 9
split_gain=118.711 147.185 131.913 100.713 210.445 156.938 157.831 152.045 145.624 144.992 100.858 98.4289 93.2522 88.7463 87.9526 116.761 159.973 197.716 218.501 178.529 115.687 181.952 108.037 114.836 97.7595 86.5328 127.789 97.5754 86.0905 84.8855
threshold=-0.074817128629730154 1.0000000180025095e-35 0.0054207888243155153 3259.5000000000005 3090.5000000000005 0.021100289539062411 3724.5000000000005 3012.5000000000005 8.5000000000000018 -0.14918363680289301 -0.090964197163208901 -0.33399801192842937 3320.5000000000005 0.089964538923802656 4.5000000000000009 534.50000000000011 3.5000000000000004 1.5000000000000002 2.671428571428573 483.50000000000006 916.50000000000011 5.5312131896912371 -0.065763333910527619 2430.5000000000005 2696.5000000000005 -0.038895261275627695 4.0664589915953142 3173.5000000000005 -0.49108342306311847 0.021458086973956386
decision_type=8 8 8 2 2 10 2 2 2 10 10 8 2 10 2 2 2 2 10 2 2 2 10 2 2 10 2 2 8 8
left_child=1 11 3 4 7 6 -5 14 25 10 -8 -1 -7 -3 15 16 17 29 -19 -20 21 -17 23 -22 -25 26 -6 -28 -16 -2
right_child=2 13 -4 5 8 12 9 -9 -10 -11 -12 -13 -14 -15 28 20 -18 18 19 -21 22 -23 -24 24 -26 -27 27 -29 -30 -31
leaf_value=0.024091069655342735 0.022163195344953951 -0.0053644183768945357 0.0019145539253622543 -0.027710265647030465 0.051240512272712424 -0.019863495891869816 0.01069931791468437 -0.02072613272583065 -0.032582532738769633 -0.0055401412431458465 0.13988831088415693 0.0070454754734223142 -0.00047382863109547349 0.022806287023502722 -0.049226606876195296 -0.022541918461591912 0.025013057912467801 -0.026188710906244389 -0.014822423405623335 0.047271761751771293 0.0003561018904666331 0.027268649441444082 -0.0075086075989125355 0.051765345907483697 -0.0089735406610154094 0.010710097356249216 -0.022490859858161429 0.046318618729484638 -0.00012590586048671137 -0.0030775666516442333
leaf_weight=1010.3287250697613 816.57460230588913 3249.7428040280938 34135.662280831486 1413.3190608546138 365.48104711622 725.07339826226234 27.586973145604134 1050.9162365980446 161.32997077703476 223.30785809457302 33.397632993757725 5236.050974983722 4282.9430505856872 305.88794237375259 89.482703983783722 1911.7563824020326 676.83867496997118 1103.9911190904677 243.49098763614893 220.66024278849363 1585.3045750260353 202.78585309535265 7553.0525852553546 219.51786862313747 94.880144737660885 1636.2504583671689 138.76143155246973 81.947221994400024 38085.820383220911 562.58290964365005
leaf_count=4309 3590 13986 159650 12812 1661 3851 212 6363 830 2892 305 23703 21013 1276 373 11772 2882 7027 1340 1104 8024 1164 44355 948 507 7710 673 352 179192 2387
internal_value=-6.5559e-05 0.00517991 -0.000592134 -0.0019395 -0.00125537 -0.0077346 -0.0208726 -0.00189234 0.0132857 0.0131201 0.0814484 0.00980254 -0.00328111 -0.00294092 -0.00152146 -0.0047392 0.00309207 -0.00194202 -0.0140869 0.0146975 -0.00719281 -0.0177651 -0.00482784 0.00583067 0.0334353 0.0166154 0.0330989 0.00305751 -0.000240998 0.011867
internal_weight=107445 9802.01 97642.7 63507.1 56801.4 6705.63 1697.61 54417.7 2383.77 284.292 60.9846 6246.38 5008.02 3555.63 53366.7 15191.4 3624.14 2947.3 1568.14 464.151 11567.3 2114.54 9452.76 1899.7 314.398 2222.44 586.19 220.709 38175.3 1379.16
internal_count=526263 43274 482989 323339 282254 41085 16221 271028 11226 3409 517 28012 24864 15262 264665 85100 18330 15448 9471 2444 66770 12936 53834 9479 1455 10396 2686 1025 179565 5977
is_linear=0
shrinkage=0.05


Tree=73
num_leaves=31
num_cat=0
split_feature=35 35 33 33 12 34 33 32 33 33 33 34 32 10 10 34 19 8 12 29 32 33 33 33 33 33 33 33 34 32
split_gain=125.419 129.271 119.443 174.876 155.14 123.172 147.902 123.435 142.426 128.269 119.544 116.923 149.395 132.604 104.347 104.115 100.566 84.7977 84.3828 79.7052 72.4217 71.7177 190.37 102.503 99.653 98.2257 83.9304 166.572 159.36 79.8147
threshold=-0.0053050397878182656 0.01759949717157883 3259.5000000000005 3187.5000000000005 0.82857142857142907 3.0468977391027221 3090.5000000000005 10.500000000000002 2906.5000000000005 2829.5000000000005 3335.5000000000005 3.4311605510911263 7.5000000000000009 0.035923648419200947 0.013151626841228699 2.841993923664011 0.94178690344554694 0.094264660430556493 2.1285714285714312 0.26406110305111091 5.5000000000000009 508.50000000000006 916.50000000000011 172.50000000000003 226.50000000000003 959.50000000000011 1389.5000000000002 1571.5000000000002 3.523415036891993 11.500000000000002
decision_type=10 10 2 2 10 2 2 2 2 2 2 2 2 10 10 2 10 8 10 10 2 2 2 2 2 2 2 2 2 2
left_child=21 2 3 5 -4 6 7 8 9 16 -6 12 -5 -13 -12 -9 -2 -17 -15 -7 -8 23 29 -1 -25 -24 28 -28 -27 -23
right_child=1 -3 4 11 10 19 20 15 -10 -11 14 13 -14 18 -16 17 -18 -19 -20 -21 -22 22 25 24 -26 26 27 -29 -30 -31
leaf_value=-0.0023573867292977242 -0.0025229142934623319 0.0032551678264180917 -0.020835457218169619 0.027160404528051824 -0.018242911489246776 -0.0031667466928429013 0.049352219033966617 0.016043003396887377 -0.026558293804224243 0.026675538654623916 -0.032173997331455394 0.039584923687041196 -0.036931883946360475 0.051846910667259598 0.002268672150703986 -0.016583179362740254 0.0091688222206596781 0.011396880632204264 -0.018403613000536643 0.010083152487689066 -0.0016107742063271658 -0.0070552215983552373 0.028459648237009413 0.034755842236831591 0.010368299576186497 -0.011657676761012318 0.024794619506241379 0.0037708166656465324 0.012372169143928731 -0.035141657470654675
leaf_weight=1185.4873587787151 10893.218015681952 15624.212693888694 1757.2627243176103 173.77687290683389 1104.0541244894266 44664.998978089541 242.64498171955347 2296.3623658716679 510.28510563820601 447.42679177969694 233.22288946807384 629.17612189427018 190.69281546771526 54.475259527564049 3849.8068555034697 548.18074332922697 2212.8332311995327 535.12236329913139 198.52729891240597 1164.609585031867 97.811335027217865 2444.3033217042685 415.3769882619381 529.10729943960905 2010.789323233068 2024.6717857569456 1052.6644074395299 8974.2280018664896 1046.6036388203502 282.1446432992816
leaf_count=6141 52076 71132 14752 804 5705 222920 1128 10062 2713 2265 2698 2780 862 236 18725 2556 10041 2358 833 4891 454 12624 1817 2313 8574 9633 4672 44232 5074 1362
internal_value=-4.99472e-05 -0.000866479 -0.00176332 -0.00109605 -0.00799561 -0.0014595 0.00207242 0.00143539 -0.00062647 0.000349856 -0.00364577 0.0174499 -0.00637308 0.0272923 0.000301305 0.0100154 -0.000548875 -0.00276179 -0.00327762 -0.00283004 0.0347108 0.00352566 0.00209038 0.00978245 0.0154487 0.00452197 0.00376284 0.00597798 -0.00346899 -0.00996173
internal_weight=107394 87428.7 71804.5 64860.1 6944.35 63613.5 17783.9 17443.4 14063.8 13553.5 5187.08 1246.65 364.47 882.179 4083.03 3379.67 13106.1 1083.3 253.003 45829.6 340.456 19965.4 16240 3725.38 2539.9 13513.5 13098.2 10026.9 3071.28 2726.45
internal_count=526433 429991 358859 316979 41880 311464 83653 82071 67095 64382 27128 5515 1666 3849 21423 14976 62117 4914 1069 227811 1582 96442 79414 17028 10887 65428 63611 48904 14707 13986
is_linear=0
shrinkage=0.05


Tree=74
num_leaves=31
num_cat=0
split_feature=20 6 38 10 20 25 10 4 32 28 9 25 32 34 14 10 34 8 32 34 28 9 32 32 10 34 34 37 34 8
split_gain=118.06 97.0872 103.656 113.494 135.84 106.123 106.209 101.026 86.2149 143.984 121.466 98.7274 106.703 146.436 92.4509 89.7452 89.468 85.2839 80.1282 76.7638 97.1937 100.204 82.8175 79.5605 113.186 83.8738 73.1234 71.6138 77.8756 70.1785
threshold=0.068294689808189299 87.117540313693823 -0.080312284551824306 0.019357002159076452 0.4049936982191773 0.16311108582698072 0.042360468442726597 -0.13436196541137865 5.5000000000000009 -0.096012958412729124 0.044006677028734384 0.57311097242447362 11.500000000000002 5.3319938636928867 1.0000000180025095e-35 0.011122494897799077 4.143927747969351 0.061491565743694417 8.5000000000000018 3.1376634167284494 0.053286031612919012 0.013368294296820077 1.5000000000000002 2.5000000000000004 0.011358563914264676 2.2082744344826799 2.393329031016735 0.3246281842962398 5.9149883792937006 0.078386538244020434
decision_type=8 10 8 10 8 10 8 10 2 10 8 10 2 2 8 10 2 10 2 2 10 10 2 2 10 2 2 8 2 8
left_child=29 2 5 4 -4 6 26 17 14 16 11 12 -11 -14 19 -13 -10 18 -7 20 23 -22 -21 -6 25 -25 -2 -18 -29 -1
right_child=1 -3 3 -5 8 7 -8 -9 9 10 -12 15 13 -15 -16 -17 27 -19 -20 22 21 -23 -24 24 -26 -27 -28 28 -30 -31
leaf_value=-0.032869402731004305 0.011366984399726741 0.01361400241537495 -0.01790858412982128 0.00036023033192224144 -0.033874594690148918 0.033940932983409715 0.013633299758407026 0.0046771070665082145 -0.02869150655749559 0.00098761072327060366 0.027960624383830918 -0.018174921893029175 0.022308669481971605 -0.025442103984648797 0.017318387437639946 -0.0021587242665409658 -0.019600097198920266 -0.00096353394499001347 0.0045464302446618253 0.004480500728231228 0.081264036577149451 -0.0021922691680007975 -0.008460927673775152 0.14610289003992341 -0.016380823477925726 0.019317403889279078 -0.0038227462750841921 0.011996534012642363 0.11595031791602939 -0.004872701683655588
leaf_weight=426.35912894830108 880.17666453868151 1300.9241716228426 1553.4901199862361 58595.646861247718 657.4039110057056 820.86706351488829 1185.5835903435946 7861.9274665340781 706.65669882670045 7422.6675357706845 397.24877735972404 1046.3114036135375 1218.9825883284211 184.91208636015654 383.94360070675611 5331.0273998863995 205.10276553034782 408.98903591930866 323.09660919010639 1673.3063956275582 45.755510821938515 168.12849076837301 4732.7286348678172 16.3383809030056 1084.0310779958963 64.703530769795179 7936.9011309221387 172.38086421787739 20.118794485926628 471.228221334517
leaf_count=4119 3745 5876 11732 269593 5243 3670 4944 35452 4383 40224 1769 7356 6170 1041 1670 26164 1232 1755 1375 10638 266 834 31669 140 6465 552 34825 1187 104 2111
internal_value=-0.000113762 3.85713e-05 -0.000129467 -0.000876991 -0.00355357 0.00316902 -0.000417128 0.00697905 -0.00268013 -0.000568188 0.000666778 -4.63574e-05 0.00337844 0.0160192 -0.00667736 -0.00478646 -0.018016 0.0186328 0.0256389 -0.00776864 -0.016225 0.0156613 -0.00508053 -0.0199671 -0.0121197 0.0448779 -0.00230641 0.000957538 0.0228611 -0.0181713
internal_weight=107297 106399 105098 85680.9 27085.2 19417.5 10002.7 9414.88 25531.7 16705.4 15601.1 15203.9 8826.56 1403.89 8826.34 6377.34 1104.26 1552.95 1143.96 8442.4 2036.36 213.884 6406.04 1822.48 1165.07 81.0419 8817.08 397.602 192.5 897.587
internal_count=526304 520074 514198 428432 158839 85766 43514 42252 147107 89630 82724 80955 47435 7211 57477 33520 6906 6800 5045 55807 13500 1100 42307 12400 7157 692 38570 2523 1291 6230
is_linear=0
shrinkage=0.05


Tree=75
num_leaves=31
num_cat=0
split_feature=35 35 13 32 32 8 34 38 12 7 7 33 28 5 26 33 33 34 32 12 33 33 33 13 33 32 32 33 11 12
split_gain=104.333 107.921 105.33 168.888 175.307 115.198 90.469 89.862 87.005 80.8766 75.419 74.501 116.724 73.5262 142.537 114.786 171.394 231.5 189.442 130.883 122.055 163.076 110.177 104.689 101.289 95.1832 97.9668 90.9383 99.3694 89.8008
threshold=-0.010502625656419738 0.016965597551355519 0.0017857142857141389 7.5000000000000009 6.5000000000000009 0.21473953311057795 4.5844570141035197 -0.062529111243177934 0.14285714285714315 -0.028453874059906511 -0.34871055937338352 3724.5000000000005 -0.021497435591019565 -0.072289156626505244 0.67643158058979569 1861.5000000000002 1358.5000000000002 3.623005818698426 10.500000000000002 0.72142857142857153 741.50000000000011 682.50000000000011 1571.5000000000002 0.020744474373708573 3724.5000000000005 2.5000000000000004 4.5000000000000009 1490.5000000000002 0.84532286201938733 0.78571428571428648
decision_type=10 10 10 2 2 8 2 8 8 10 8 2 10 8 10 2 2 2 2 10 2 2 2 10 2 2 2 2 10 10
left_child=7 2 3 4 6 -6 -2 -1 -4 13 -3 -5 -13 14 -10 16 20 18 23 24 21 -15 -20 -18 -17 -25 -27 -16 -29 -22
right_child=1 10 8 11 5 -7 -8 -9 9 -11 -12 12 -14 15 27 19 17 -19 22 -21 29 -23 -24 25 -26 26 -28 28 -30 -31
leaf_value=0.010745347666183756 -0.0025889272609064245 0.019769660450053132 0.022169401212752047 -0.031855732794601258 0.04049201323266468 -0.040538791063944368 -0.034813714573862307 0.0014583355723396501 0.0027433766408413284 0.0031953268373188918 0.0024511403772940455 0.15461701235496408 -0.0085734179302215333 -0.0017883369994683052 -0.010929940620280914 -0.015190699290793766 0.030220634381477735 -0.0036124736180148209 0.054569434043325218 -0.0038502728724617813 -0.016924758072388076 0.022381961325228041 -0.016371683091067939 0.026681330849835691 0.072437379480960296 -0.023690203591941704 0.0061901588312649738 0.017769702304425278 -0.0035020855527495261 -0.0046849073293726623
leaf_weight=3810.4720483198762 886.01490082964301 654.68624351918697 403.71651808172464 890.23081630840898 313.84468583762646 50.987197235226631 288.79182833060622 8231.7390192970634 18399.747729979455 9560.1247359327972 15798.465781990439 13.213699799031017 64.174857027828693 8563.7625709399581 3748.345429494977 3732.3582862131298 543.7269731014967 3253.1920043975115 397.71245381236076 13219.867220468819 2201.3555041700602 759.76826799660921 63.464911937713623 451.91591276973486 33.271163266152143 328.44365146756172 1664.4454476609826 649.10503935813904 3560.5023328065872 4693.7124325186014
leaf_count=17130 6358 2756 2408 8749 1613 235 2349 39658 87684 46258 72177 163 956 40937 16348 20790 2711 17625 1805 67782 12159 3222 286 2254 232 1856 7387 2815 15581 24109
internal_value=1.20775e-05 -0.000542651 -0.00131226 -0.011396 -0.00110838 0.0291675 -0.0105104 0.00439699 -0.000980591 -0.00110385 0.00314026 -0.0277651 0.0192905 -0.0017241 0.000325274 -0.00307766 -0.000769286 0.00595617 0.0149797 -0.00619276 -0.00354881 0.000181284 0.0448069 0.0103769 -0.0144165 0.00596367 0.00126564 -0.00526567 -0.000222059 -0.00859267
internal_weight=107231 95188.9 78735.8 2507.26 1539.64 364.832 1174.81 12042.2 76228.5 75824.8 16453.2 967.619 77.3886 66264.7 26357.7 39907 22921.5 6702.9 3449.71 16985.5 16218.6 9323.53 461.177 2988.53 3765.63 2444.81 1992.89 7957.95 4209.61 6895.07
internal_count=526393 469605 394672 20423 10555 1848 8707 56788 374249 371841 74933 9868 1119 325583 122428 203155 114351 33924 16299 88804 80427 44159 2091 14208 21022 11497 9243 34744 18396 36268
is_linear=0
shrinkage=0.05


Tree=76
num_leaves=31
num_cat=0
split_feature=20 5 38 26 33 33 9 13 33 33 33 33 32 33 32 33 33 33 33 33 33 32 12 13 32 28 14 22 32 32
split_gain=104.067 96.5649 185.967 177.607 138.136 202.353 117.412 116.252 98.0548 367.56 164.609 198.999 163.345 148.135 133.11 248.321 129.349 128.113 109.792 108.527 117.955 135.81 100.917 100.099 97.4411 96.4734 95.1048 95.0462 94.8243 102.806
threshold=0.036262166918195358 -0.072289156626505244 0.0037641154328054154 0.67643158058979569 483.50000000000006 391.50000000000006 0.03251225017503416 0.030142602625310162 2653.5000000000005 2696.5000000000005 2430.5000000000005 2053.5000000000005 10.500000000000002 2008.5000000000002 3.5000000000000004 3259.5000000000005 239.50000000000003 1991.5000000000002 3042.5000000000005 290.50000000000006 402.50000000000006 3.5000000000000004 1.9500000000000017 0.0060523910134721 5.5000000000000009 -0.19410089614236301 1.0000000180025095e-35 1.0000000180025095e-35 4.5000000000000009 3.5000000000000004
decision_type=8 8 8 10 2 2 10 10 2 2 2 2 2 2 2 2 2 2 2 2 2 2 10 10 2 10 10 10 2 2
left_child=-1 3 4 8 5 -3 26 -6 10 -10 11 13 -13 16 18 23 -2 19 25 22 21 -21 -18 -16 -12 -11 -5 -22 29 -8
right_child=1 2 -4 6 7 -7 28 -9 9 14 24 12 -14 -15 15 -17 17 -19 -20 20 27 -23 -24 -25 -26 -27 -28 -29 -30 -31
leaf_value=-0.020806150635586464 0.015326547954418349 -0.0018244611432250077 0.00090745285039319108 -0.0050089678695690665 -0.0092971817658323297 0.025993358985528243 0.001954671178850469 -0.0021034094550517594 0.05719788620966626 0.018249960602102211 0.024137774059196326 0.010216597248771487 0.039633677521272836 -0.030766935034887151 0.0044223910378114696 -0.00097195850811372198 -0.038004655732360233 0.049623810968693144 0.0048817423749322689 -0.039456679064056345 0.043800617456017016 0.022399742728322333 0.019074929834772034 0.031435312199544339 -0.014984638252442686 -0.03726246903457623 -0.021313798030908607 -0.00059713175017557692 -0.0022289322823328284 0.025771552155274571
leaf_weight=605.69163972884417 1793.5617282763124 2895.6779800727963 42465.993587583303 4550.0138911567628 11961.714548893273 844.3660428635776 1204.095758035779 10586.185266420245 389.08834385871887 97.9371507614851 175.6076191291213 2260.8270038366318 596.37722818553448 337.57992757111788 458.54663033038378 1977.598335929215 323.20441029965878 134.21230280399323 690.24251344799995 97.295818820595741 121.82440310716629 1008.6492763310671 101.83470168709755 1360.3588617965579 1699.1889690384269 389.63859119266272 1113.1586805731058 11487.831373438239 4739.729838103056 726.45196396112442
leaf_count=4172 7875 13270 199918 20599 78105 3722 5229 51966 1748 420 826 10367 2589 1720 2426 10018 1344 780 3988 486 659 4224 421 6088 8186 2029 4962 55412 19751 3189
internal_value=-0.000139538 -2.20997e-05 -0.0011385 0.00200664 -0.00444358 0.00445579 -0.00291935 -0.00591972 0.00438904 0.0103968 0.00278898 0.00423735 0.0163568 0.00198967 0.00673601 0.0112917 0.00272353 0.00102073 -0.00794856 0.000524325 0.00135509 0.0169579 -0.024329 0.0246253 -0.0113201 -0.0261119 -0.00821386 -0.00013125 0.00157578 0.0109168
internal_weight=107194 106589 68753.9 37834.9 26287.9 3740.04 12333.5 22547.9 25501.4 5363.41 20138 18263.2 2857.2 15406 4974.32 3796.5 15068.4 13274.9 1177.82 13140.6 12715.6 1105.95 425.039 1818.91 1874.8 487.576 5663.17 11609.7 6670.28 1930.55
internal_count=526489 522317 346981 175336 147063 16992 53730 130071 121606 26717 94889 85877 12956 72921 24969 18532 71201 63326 6437 62546 60781 4710 1765 8514 9012 2449 25561 56071 28169 8418
is_linear=0
shrinkage=0.05


Tree=77
num_leaves=31
num_cat=0
split_feature=5 12 32 7 0 28 33 33 7 32 25 38 32 33 33 33 32 34 34 33 33 33 32 33 28 32 28 33 33 33
split_gain=97.7303 101.367 134.132 96.5975 85.8042 77.5833 95.5479 120.224 77.2767 76.6153 106.391 110.075 99.4764 176.439 294.04 274.972 338.564 314.108 251.454 260.925 392.343 216.697 254.409 237.741 231.257 207.561 224.38 196.954 300.161 229.927
threshold=-0.26571428571428601 1.0000000180025095e-35 7.5000000000000009 -0.25230212214207681 0.083864205044971954 0.016567009085013826 682.50000000000011 561.50000000000011 -0.49108342306311847 11.500000000000002 0.70776063890042684 -0.029692584978287192 8.5000000000000018 2529.5000000000005 2309.5000000000005 2667.5000000000005 6.5000000000000009 5.0957420690117496 4.4875121511018561 520.50000000000011 172.50000000000003 1389.5000000000002 5.5000000000000009 239.50000000000003 0.055845707423871148 7.5000000000000009 -0.010031521687063292 3058.5000000000005 3158.5000000000005 2696.5000000000005
decision_type=8 8 2 10 10 10 2 2 8 2 8 10 2 2 2 2 2 2 2 2 2 2 2 2 10 2 10 2 2 2
left_child=5 2 3 -2 8 6 7 -1 -3 12 11 -11 13 14 18 -15 17 27 21 20 -20 23 24 -10 -23 26 -18 29 -29 -17
right_child=1 4 -4 -5 -6 -7 -8 -9 9 10 -12 -13 -14 15 -16 16 25 -19 19 -21 -22 22 -24 -25 -26 -27 -28 28 -30 -31
leaf_value=0.00943063824906544 0.047523910808614775 -0.033750339435368995 -0.035362034687937062 -0.0081370808550464604 0.010164122450474336 -0.0061399138023730468 0.014500895599780909 -0.022554580953332484 0.0061332286563981556 0.0012578255748288258 -0.0037418186114609193 0.014785080806870111 -0.0033861277947414975 0.032911264597565229 -0.012995264872269836 0.018266454844174808 -0.0011926559047743151 -0.021963166330549833 -0.016688355569456435 0.0027563649330566401 0.033776260775782434 -0.0080131572887490298 0.011739168385747498 -0.0074133387115752486 0.013625947728257499 0.0053628125794519576 0.038595530192817529 0.025518464130190717 0.00036444348643903553 -0.015953015487312396
leaf_weight=836.07574482262135 89.597367033362389 173.46904316544533 478.35064219683409 599.50224833935499 1957.4287302494049 966.67944245040417 2960.4300668090582 452.94570761919022 3962.7212138846517 3077.8282164037228 2936.3269891142845 2940.7717183753848 26129.387944895774 833.14593416452408 4760.5102792754769 628.63415252417326 481.28842120990157 1581.8419025540352 498.11563797295094 7566.2083473429084 1698.3414372578263 5239.0618430040777 5217.114713780582 17729.216388851404 1615.3767694309354 2230.818556945771 1343.32603013888 1660.9545393362641 4147.3532129600644 2240.3054238781333
leaf_count=3554 436 724 5773 5397 8317 4059 12504 1960 18166 13942 12769 13638 130615 3824 24278 3081 2283 8667 2459 38858 7315 28567 22313 86935 7548 10135 6385 8117 22000 11434
internal_value=-2.99451e-05 -0.000371916 -0.0150205 -0.000899987 -0.000202006 0.00664521 0.00955361 -0.00180856 -0.000407604 -0.000348895 0.00406075 0.00786743 -0.000789788 0.000279676 -0.00119727 0.00498778 0.00336255 -0.00147211 9.30915e-05 0.00716056 0.0223318 -0.00195046 0.00341913 -0.00493863 -0.0029135 0.0155929 0.0281004 0.00226336 0.00755753 -0.00845494
internal_weight=107033 101817 1167.45 689.1 100650 5216.13 4249.45 1289.02 98692.1 98518.6 8954.93 6018.6 89563.7 63434.3 48286.7 15147.7 14314.5 10259.1 43526.2 9762.67 2196.46 33763.5 12071.6 21691.9 6854.44 4055.43 1824.61 8677.25 5808.31 2868.94
internal_count=526053 503976 11606 5833 492370 22077 18018 5514 484053 483329 40349 27580 442980 312365 236439 75926 72102 53299 212161 48632 9774 163529 58428 105101 36115 18803 8668 44632 30117 14515
is_linear=0
shrinkage=0.05


Tree=78
num_leaves=31
num_cat=0
split_feature=20 1 5 26 10 38 37 33 33 32 33 33 33 33 32 33 33 34 32 33 33 33 32 32 25 33 33 10 12 12
split_gain=94.3021 87.1313 100.6 151.21 198.435 133.087 121.814 114.22 138.076 112.022 105.888 332.259 179.743 200.579 154.81 140.352 120.441 118.482 118.386 221.991 118.275 202.278 149.508 119.182 117.803 115.543 113.326 105.096 177.299 99.606
threshold=0.036262166918195358 0.18440438070581824 -0.066255035624345524 0.67643158058979569 0.031784197399434173 0.0022668212875001097 -0.074817128629730154 158.50000000000003 252.50000000000003 5.5000000000000009 2653.5000000000005 2696.5000000000005 2430.5000000000005 2053.5000000000005 10.500000000000002 2008.5000000000002 1991.5000000000002 2.1341489346727696 3.5000000000000004 3259.5000000000005 534.50000000000011 627.50000000000011 6.5000000000000009 2.5000000000000004 0.26832713242386669 3042.5000000000005 1275.5000000000002 0.025012409606712659 2.792857142857144 4.4000000000000075
decision_type=8 10 8 10 10 10 8 2 2 2 2 2 2 2 2 2 2 2 2 2 2 2 2 2 10 2 2 10 10 10
left_child=-1 2 3 10 -5 6 -4 -7 9 -9 12 29 13 15 17 16 20 -15 25 -20 24 22 -22 27 -2 -13 -25 28 -23 -12
right_child=1 -3 5 4 -6 7 -8 8 -10 -11 11 18 -14 14 -16 -17 -18 -19 19 -21 21 23 -24 26 -26 -27 -28 -29 -30 -31
leaf_value=-0.01980407231441882 -0.00077248801829590959 0.015585679946352935 0.0051593267433353816 -0.0080435334727695859 0.004628725119521504 -0.018259180490423462 -0.0051646779320395136 0.037107506091687809 0.00056642757402834134 0.0023251036513754269 0.067354163654182495 -0.025311479263728322 -0.011903098293110535 -0.02813312510305449 0.037988928738845865 -0.029208593135572204 0.04759241101735371 0.013321610001106685 0.023306915711659732 -0.00029192122724117466 -0.027773748609023291 -0.030607129142420465 0.029453090999937422 0.0089019730439288177 0.015923160570345547 0.0058547463699468796 -0.0026378839120014094 0.010400103434359445 0.019091323419679958 0.0090281376599234946
leaf_weight=596.76153372600675 1797.4904497563839 903.85948097705841 3251.8305895924568 7083.6993288956583 5478.3890845477581 782.69946862757206 23543.331639211625 473.53644458949566 37872.69175080955 452.87034022808075 312.31477922946215 497.61048282682896 1962.5142282918096 187.2672545388341 626.61091408878565 357.31838140636683 146.5886287689209 2165.5762455314398 1913.7621234692633 2079.2461465336382 969.58580914139748 831.31136016175151 129.35781393200159 4799.2482339888811 2563.1512613147497 739.06219954416156 3821.5821877345443 392.75177671015263 228.861388027668 95.605662181973457
leaf_count=4130 7750 3823 14947 31961 22989 4021 135091 2039 177754 1855 1411 2569 9542 816 2735 1862 844 10023 8996 10673 4976 5360 604 22357 11272 4314 18352 1777 1288 416
internal_value=1.65111e-05 0.000127616 -4.74951e-06 0.00200439 -0.0025171 -0.00119064 -0.00391177 0.000651446 0.00103293 0.0201043 0.00413835 0.010222 0.00250354 0.00399029 0.0159039 0.00177695 0.00248306 0.0100221 0.0068319 0.0110185 0.00205736 -0.000668351 -0.0210375 0.00155372 0.00904108 -0.00668587 0.0037864 -0.0116937 -0.0198786 0.0536841
internal_weight=107056 106460 105556 39178.9 12562.1 66377 26795.2 39581.8 38799.1 926.407 26616.8 5637.6 20979.2 19016.7 2979.45 16037.2 15679.9 2352.84 5229.68 3993.01 15533.3 11172.7 1098.94 10073.8 4360.64 1236.67 8620.83 1452.92 1060.17 407.92
internal_count=526547 522417 518594 182887 54950 335707 150038 185669 181648 3894 127937 28379 99558 90016 13574 76442 74580 10839 26552 19669 73736 54714 5580 49134 19022 6883 40709 8425 6648 1827
is_linear=0
shrinkage=0.05


Tree=79
num_leaves=31
num_cat=0
split_feature=35 35 8 7 10 3 0 19 34 32 12 32 32 32 1 13 6 34 34 35 35 34 32 10 13 7 34 13 26 5
split_gain=114.854 110.479 88.2919 82.2967 78.0227 74.5049 66.1041 63.1533 75.4075 60.8599 81.0349 70.3924 83.761 69.6344 57.3635 47.2234 46.7695 45.8244 90.1855 74.0463 83.3705 44.8813 84.8972 53.1625 44.8181 44.4085 62.0796 83.9698 43.581 49.9481
threshold=-0.0053050397878182656 0.010309278350472241 0.33991589154004659 -0.49108342306311847 0.0069317194004182865 -0.10877589389872343 -0.06736669973909519 -0.52672659271979549 2.841993923664011 10.500000000000002 0.14285714285714315 8.5000000000000018 3.5000000000000004 1.5000000000000002 0.22979220964689931 0.038800176160773144 44.485689023462733 3.280911222958137 4.4875121511018561 -2.0039525594484072e-14 -1.7263968032921181e-14 3.7412339808651516 3.5000000000000004 0.018897166236583222 0.022316767898082165 -0.023194866525461374 4.1720766135341369 1.0000000180025095e-35 0.61050660358762088 -0.05741626794258408
decision_type=10 10 10 8 8 8 10 8 2 2 8 2 2 2 10 10 10 2 2 10 10 2 2 8 10 10 2 10 8 8
left_child=5 2 3 15 17 -1 -3 16 9 10 11 12 -9 -12 28 -2 24 -5 19 -19 -21 22 23 -7 -6 -22 -27 -28 29 -8
right_child=1 6 -4 4 7 21 14 8 -10 -11 13 -13 -14 -15 -16 -17 -18 18 -20 20 25 -23 -24 -25 -26 26 27 -29 -30 -31
leaf_value=0.012845831748597972 -0.051332537453589261 0.029510120690186433 0.0033777718468173921 -0.048083757644976854 -0.011009450465879264 -0.020097000099637444 0.0069546170978794569 -0.036578831273816462 -0.0022058384371927515 0.01470449946625915 0.018282323656539277 -0.054285191482432708 0.037832835548994075 -0.0023729473493803283 0.021090881839872108 -0.0060455530544660033 -0.0017223682070861203 -0.021708188145182841 -0.029051583210560047 0.1733671198640622 -0.026548200078173489 0.0055675809388354251 0.0027416346572297638 -0.0033142543480186022 -0.0044279555023013254 -0.03932941425994705 0.030468499049674858 0.22153321362976125 -0.00051357395469409182 0.00071263446914218318
leaf_weight=1902.4589185193181 136.29532918334007 212.63950845599174 6654.7172859683633 126.01475505158305 3929.5144878849387 653.00326927378774 5635.5718670114875 42.816601380705833 24842.546884775162 1096.001948453486 454.4121500402689 27.153730731457472 323.94583004713058 3998.4179278612137 370.00916811823845 99.65143771469593 8130.674168843776 52.163071796298027 278.5103459097445 12.647772733122109 20.801764737814665 7009.9944213367999 8637.6012177728117 1701.0919685661793 7569.4223994873464 9.7965797185897809 13.751498583704235 9.883388835936783 15529.99776231125 7430.6141265183687
leaf_count=8396 568 906 28934 2341 23598 5047 26395 331 126383 4947 2178 243 1667 18890 1574 415 41572 912 3658 180 293 34628 39483 8890 37262 159 170 131 69023 37289
internal_value=9.43649e-06 -0.000774393 -0.00203997 -0.0027445 -0.00260803 0.00343583 0.00173385 -0.00240862 -0.000995516 0.00406401 0.00165786 0.0233947 0.0291459 -0.000265073 0.00152994 -0.0322057 -0.00462479 -0.0218102 -0.0134821 0.0229435 0.057769 0.00244136 0.0004476 -0.00796963 -0.00667704 0.0308103 0.0665 0.110366 0.00127684 0.00340486
internal_weight=106912 87008 57829.1 51174.4 50938.5 19904.1 29178.8 50414.9 30785.3 5942.75 4846.75 393.916 366.762 4452.83 28966.2 235.947 19629.6 523.569 397.554 119.044 66.881 18001.7 10991.7 2354.1 11498.9 54.2332 33.4315 23.6349 28596.2 13066.2
internal_count=526463 430019 294832 265898 264915 96444 135187 257071 154639 28256 23309 2241 1998 21068 134281 983 102432 7844 5503 1845 933 88048 53420 13937 60860 753 460 301 132707 63684
is_linear=0
shrinkage=0.05


Tree=80
num_leaves=31
num_cat=0
split_feature=38 10 12 7 35 10 25 4 0 13 33 33 8 38 13 33 33 28 14 33 9 13 33 2 12 10 9 28 5 32
split_gain=100.498 91.3245 89.909 84.2459 88.0367 74.1166 92.6645 82.8566 70.4603 77.3462 107.148 97.82 148.433 68.8099 68.7616 67.4025 67.0241 62.7834 62.3618 62.1743 61.8092 60.8505 59.7696 61.1626 56.534 56.4889 56.3857 55.4038 54.5819 53.9765
threshold=-0.17659709553515188 0.0059400013844992739 7.8428571428571434 -0.019881687709466852 -0.0057471264368242894 0.043944760604504592 0.029617446393762185 -0.079365079365079458 1.0000000180025095e-35 0.024092812224832044 2877.5000000000005 2810.5000000000005 0.19908110998536535 -0.0062200910021170111 0.015353047188667016 3724.5000000000005 627.50000000000011 0.050193968839160101 1.0000000180025095e-35 547.50000000000011 0.0055935587479130078 1.1796119636642291e-17 722.50000000000011 -0.096805963157120464 0.56428567341395719 0.018717882589279426 0.045726324854005511 -0.014861860911864489 -0.089473684210526858 10.500000000000002
decision_type=8 8 10 10 10 10 10 10 10 10 2 2 10 10 10 2 2 10 10 2 8 8 2 10 10 10 10 10 8 2
left_child=2 17 5 4 20 6 -1 -8 9 10 11 -6 13 -13 15 -12 19 -2 26 -11 24 -10 25 -24 27 -18 -4 28 -3 -25
right_child=1 3 18 -5 8 -7 7 -9 21 16 14 12 -14 -15 -16 -17 22 -19 -20 -21 -22 -23 23 29 -26 -27 -28 -29 -30 -31
leaf_value=-0.0045577456129558347 -0.031698539435144162 0.035999557304149846 0.012914126486026785 0.004091584329054097 -0.0051737753744296074 0.034653556233097363 0.018897586196003402 -0.021261632931122001 0.063546612281794812 -0.0040501020601686477 -0.027745339575729184 0.017116689591642639 -0.043177585839740462 0.067256591128983564 -0.0067264192987983341 0.013299439755541912 0.034427984702883142 0.01598157039142991 -0.030084499238382547 -0.018705687130471212 0.0023619548311388152 0.00032697051124405446 0.010395207439553319 -0.0024279185720777179 -0.013249967169949384 0.0054051249669655917 -0.055593524074379896 -0.0064124172779124943 0.16387944553257461 0.0036848002266666666
leaf_weight=843.87862254679203 367.55960464477539 13.829363159835337 253.23621538281441 10152.488091286272 9300.0714036077261 316.84043724834919 1589.7013193964958 139.72805865108967 38.109707944095135 6124.6338829323649 1099.5411316044629 506.99738524109125 96.033317543566227 79.102463725954294 1097.3271446153522 110.03250544145703 217.844447940588 85.009483352303505 231.47919495403767 820.6430993154645 16792.789775129408 30867.139174323529 1179.2572984024882 19117.036509528756 24.553545672446489 727.74019133299589 34.07695309817791 13.415447015315292 21.037618439644575 4452.5345500931144
leaf_count=3558 6143 111 1057 46865 51936 1344 6821 590 176 28081 9971 2625 463 426 6459 1157 946 793 952 4011 81202 148975 5154 92707 205 3103 140 110 190 19542
internal_value=-5.23439e-05 -0.000331078 0.00839442 -0.000232463 -0.000706034 0.0118347 0.00902515 0.0156529 -0.00143269 -0.00269674 -0.0060777 -0.00383329 0.0144426 0.0238838 -0.0157895 -0.0240116 -0.00142378 -0.0227424 -0.0107713 -0.00578178 0.0025613 0.000404928 -0.000245805 -0.000717177 0.0485217 0.0120914 0.00478873 0.0799351 0.113158 -0.00127316
internal_weight=106714 103305 3408.94 102852 92699.7 2890.15 2573.31 1729.43 75834 44928.8 12289.1 9982.2 682.133 586.1 2306.9 1209.57 32639.7 452.569 518.792 6945.28 16865.6 30905.2 25694.4 24748.8 72.836 945.585 287.313 48.2824 34.867 23569.6
internal_count=525813 511351 14462 504415 457550 12313 10969 7411 375732 226581 73037 55450 3514 3051 17587 11128 153544 6936 2149 32092 81818 149151 121452 117403 616 4049 1197 411 301 112249
is_linear=0
shrinkage=0.05


Tree=81
num_leaves=31
num_cat=0
split_feature=10 6 0 28 19 33 33 33 33 33 32 32 8 5 13 25 0 11 33 32 33 33 33 33 33 32 33 11 33 11
split_gain=82.3618 74.5674 76.554 111.135 75.947 88.5653 217.054 114.417 118.46 135.313 100.254 103.414 100.051 94.7453 79.5707 76.9867 87.4942 77.6173 75.4421 133.423 131.738 107.366 107.351 113.885 145.404 130.382 99.7888 95.1287 94.0907 79.2792
threshold=0.0085999904843141288 89.364719871501691 -0.030607440716399533 -0.15692245542710212 -0.38301036341142175 2295.5000000000005 2232.5000000000005 2653.5000000000005 2696.5000000000005 2777.5000000000005 10.500000000000002 1.5000000000000002 0.12812730117820317 0.27777777777777707 0.021100289539062411 0.5772732707323579 0.073262427375537911 1.6770233925192992 1875.5000000000002 11.500000000000002 1477.5000000000002 471.50000000000006 1558.5000000000002 1684.5000000000002 1724.5000000000002 7.5000000000000009 442.50000000000006 0.8030217759316679 1613.5000000000002 1.101335564821615
decision_type=8 10 10 8 8 2 2 2 2 2 2 2 10 10 10 8 10 10 2 2 2 2 2 2 2 2 2 10 2 10
left_child=-1 2 3 -2 5 6 13 -7 12 -10 11 -8 -9 18 -11 17 -17 -6 20 29 21 26 -22 28 25 -25 -4 -28 -24 -20
right_child=1 -3 4 -5 15 7 10 8 9 14 -12 -13 -14 -15 -16 16 -18 -19 19 -21 22 -23 23 24 -26 -27 27 -29 -30 -31
leaf_value=-0.012840937738723301 0.03261573708071612 0.014784966026623346 0.00093599985189641232 0.0033405977012378805 0.0027204637857143254 -0.012087433660111647 0.053971725464985167 0.042665813916286016 -0.029069867769339865 -0.01012066109738635 0.038172619785987016 -0.029065508714521224 -0.0047213159109555395 0.0080659770850697136 0.00056208152935652853 -0.001810062507068718 0.0095943532986271229 0.047317541552826324 0.00024338520547718566 -0.033609988339103371 0.022173511140769302 -0.0052755677065926309 0.0079868729068957572 0.038695514481437127 0.0019063747619078226 -0.037339529860235719 0.049641286455993139 0.0049631031725876603 -0.018992030839124225 -0.015676572835273676
leaf_weight=1232.870450751856 336.68507644534111 864.14838273078203 5660.9526505768299 8731.9902406185865 25281.65308720991 4168.9614133276045 52.866391159594059 263.4656228274107 488.81110050529242 2317.1440960392356 523.61334463953972 128.95582601428032 192.97348903119564 2628.1450734436512 7036.4057053774595 23646.578066818416 1810.5667733252048 97.94110681861639 2405.1227986142039 457.69171541184187 922.42482744902372 12480.367304131389 533.70600942522287 546.0632249712944 1511.6043850705028 62.872192174196243 212.54960489273071 271.10243880748749 819.26633243262768 1158.7916744872928
leaf_count=15218 1489 3913 25725 39088 121593 21301 238 1250 2688 15172 2269 622 898 11492 33859 112785 7719 439 12779 2213 4236 63571 2887 2562 7804 303 903 1146 4645 5825
internal_value=7.61135e-06 0.000157598 3.69268e-05 0.00442747 -0.000379212 -0.00187907 -0.000345568 -0.00509877 -0.00226976 -0.00342455 0.0270653 -0.00492171 0.0226315 -0.000997275 -0.00208434 0.000943837 -0.000998956 0.00289257 -0.00187809 -0.00819661 -0.00077429 -0.00261185 0.0070112 0.0029847 0.0102164 0.0308449 0.00279845 0.0245977 -0.00834968 -0.00493292
internal_weight=106846 105613 104749 9068.68 95680.6 44843.9 30376.1 14467.8 10298.8 9842.36 705.436 181.822 456.439 29670.7 9353.55 50836.7 25457.1 25379.6 27042.5 4021.61 23020.9 18625 4395.94 3473.51 2120.54 608.935 6144.6 483.652 1352.97 3563.91
internal_count=526632 511414 507501 40577 466924 224388 149220 75168 53867 51719 3129 860 2148 146091 49031 242536 120504 122032 134599 20817 113782 91345 22437 18201 10669 2865 27774 2049 7532 18604
is_linear=0
shrinkage=0.05


Tree=82
num_leaves=31
num_cat=0
split_feature=5 12 32 7 28 7 10 11 0 13 9 11 26 9 34 26 9 34 32 32 5 12 7 28 32 29 32 26 13 2
split_gain=80.7934 88.6086 131.929 82.0473 78.7044 70.2359 87.1176 73.5187 70.7064 69.2442 64.5049 71.7747 71.0128 66.4208 103.997 83.9348 115.955 92.7527 146.078 130.365 82.4081 79.1936 79.0561 78.2242 77.6093 67.813 65.9377 116.759 62.2831 81.1202
threshold=-0.26571428571428601 1.0000000180025095e-35 7.5000000000000009 -0.23999223602484468 0.018474719830085338 -0.49108342306311847 0.04284074963368522 0.36865483555692297 0.088182664541681791 0.049335988921067692 0.01080400984147966 1.2567197664882503 0.64148300829765892 0.038115566095474916 3.6329700412545001 0.59118571957084731 0.020208335357284887 3.2430803944720448 8.5000000000000018 11.500000000000002 -0.072289156626505244 3.9357142857142891 -0.085468606748883555 0.22711168961651226 8.5000000000000018 0.028717158655663978 10.500000000000002 0.43049487899936562 -1.0000000180025095e-35 -1.0000000180025095e-35
decision_type=8 8 2 10 10 8 8 8 10 10 10 10 10 10 2 10 10 2 2 2 8 10 10 10 2 10 2 10 10 10
left_child=4 2 3 -2 9 6 -3 -7 10 -1 12 13 -9 15 -15 16 20 -18 -19 -20 26 23 -22 -17 -23 -24 -12 -28 29 -5
right_child=1 5 -4 28 -6 7 -8 8 -10 -11 11 -13 -14 14 -16 21 17 18 19 -21 22 24 25 -25 -26 -27 27 -29 -30 -31
leaf_value=0.0046360288564529298 0.037587334393763237 -0.057328300324546236 -0.035412477534909635 -0.075599343697376531 -0.007152398692852612 0.012651009185717672 0.018185395218597643 -0.0052790961029463672 0.010216733159163119 0.018408902277595503 0.0012603842029710803 -0.0032214770924124795 0.059805370577405204 0.010461064812528339 -0.00085776164379068468 -0.0041951583204645508 0.010282807103769227 0.007404389332839989 -0.011230158170229463 0.010113543370182922 -0.0064528253465174759 0.0076954729647030016 0.0030834882667901396 0.020468583848333326 -0.0049193967346220415 -0.0059876715814285624 0.016423345232896718 -0.026550168504218704 -0.019277384313733228 0.030246995492306774
leaf_weight=2948.3100414723158 117.44997607916594 114.52595238387585 446.77777381241322 20.653038110584021 929.99599481374025 1109.106812832877 57.30489806830883 7472.4511488825083 1574.6295815259218 1321.6877361983061 8839.2811167612672 15221.689379490912 42.146820325404406 4068.6893015652895 4048.7807590663433 18992.393260385841 5323.9849765449762 5107.7782121226192 2731.8138493150473 969.25206106901169 7545.6621993556619 3370.2173190712929 6852.6380070149899 327.02240185439587 1910.3369976952672 2946.0267671346664 1532.274649836123 176.24333398044109 392.09515073522925 146.52796002849936
leaf_count=12554 584 482 5677 224 3905 7164 240 50798 6716 5641 43741 70989 351 17437 17044 87491 23987 23287 12855 4251 41557 15040 35697 1467 8644 15397 6860 792 3623 1403
internal_value=-5.02042e-05 -0.000361749 -0.0143255 -0.000403801 0.00602839 -0.000205388 -0.0321448 -0.000150595 -0.000293936 0.00889913 -0.000463721 -9.1989e-05 -0.00491406 0.000545348 0.00481553 2.50759e-05 0.00138288 0.00507254 0.0019235 -0.00564057 -0.00048666 -0.0022945 -0.00260608 -0.00377767 0.00313181 0.00035619 0.00299841 0.0119904 -0.00838207 0.0171711
internal_weight=106658 101458 1123.5 676.726 5199.99 100334 171.831 100162 99053.3 4270 97478.7 89964.1 7514.6 74742.4 8117.47 66624.9 42025 14132.8 8808.84 3701.07 27892.1 24600 17344.3 19319.4 5280.55 9798.66 10547.8 1708.52 559.276 167.181
internal_count=525898 503798 11511 5834 22100 492287 722 491565 484401 18195 477685 426536 51149 355547 34481 321066 208424 64380 40393 17106 144044 112642 92651 88958 23684 51094 51393 7652 5250 1627
is_linear=0
shrinkage=0.05


Tree=83
num_leaves=31
num_cat=0
split_feature=1 28 20 25 5 26 10 33 33 33 33 33 33 33 33 12 12 33 33 39 8 33 33 33 33 9 33 9 33 33
split_gain=88.5887 94.9213 76.0393 73.0148 90.5427 160.962 163.118 107.3 281.142 217.13 190.004 136.174 147.598 128.432 157.494 125.75 123.946 130.552 172.409 120.454 101.245 100.265 103.077 124.704 108.401 164.45 146.653 94.9193 94.3998 93.8906
threshold=-0.089272206613356317 -0.13762126192817656 0.15667456555867712 0.97255499760879982 -0.066255035624345524 0.74605252223053287 0.031784197399434173 2653.5000000000005 2696.5000000000005 2430.5000000000005 2067.5000000000005 226.50000000000003 199.50000000000003 2725.5000000000005 3243.5000000000005 4.4000000000000075 2.0214285714285745 303.50000000000006 402.50000000000006 1.0000000180025095e-35 0.065694666564498308 2008.5000000000002 640.50000000000011 741.50000000000011 916.50000000000011 0.02668912317657704 959.50000000000011 0.032707407907597498 2810.5000000000005 1991.5000000000002
decision_type=8 8 8 10 8 10 8 2 2 2 2 2 2 2 2 10 10 2 2 10 8 2 2 2 2 10 2 10 2 2
left_child=1 -1 -2 4 5 7 -7 9 15 10 11 12 19 -10 27 -9 17 -13 -19 -4 -6 22 -20 -24 25 -25 -26 -15 -8 -28
right_child=2 -3 3 -5 20 6 28 8 13 -11 -12 16 -14 14 -16 -17 -18 18 21 -21 -22 -23 23 24 26 -27 29 -29 -30 -31
leaf_value=0.035476815957932138 -0.011559527331185806 0.0057196589840099749 0.01164065910639038 0.0069825308280256349 -0.0052104881646549634 -0.010848475865509979 -0.00085543966412647728 0.06257918167555708 -0.031365284304513512 -0.013473403554803053 0.015056304602998768 -0.024886025850314006 0.038367407005484251 0.021637291318615651 7.3180927631016042e-05 0.00122498452299393 0.0082521121535124049 0.020251094543426076 -0.012433483590946951 -0.033986120930026946 -0.0003335257014854054 -0.025227605296673668 0.019086805052963923 -0.021602515720686482 0.027164073440414962 0.049074666291319631 -0.0021156426507211359 -0.006022278044994024 0.018092260249321323 0.040551829783555912
leaf_weight=302.69375032186508 1438.3555831089616 2337.572117343545 1155.3558698743582 3629.1630844399333 13671.606773452833 4511.469025682658 3321.6620827317238 339.30975388735533 216.53032468259335 2075.1695471853018 3031.1336662620306 611.23674891889095 477.40935863554478 2028.4929126873612 2893.5967640504241 110.7802863791585 3546.2690808922052 868.49959152936935 1884.8019058555365 165.35340860486031 48019.434488203377 480.6665770933032 815.23737944662571 1022.5792831405997 494.09154038876295 89.506710931658745 5860.8299325145781 366.16200029850006 819.53769378364086 131.83457859605551
leaf_count=1325 10401 10170 5106 15497 86476 20330 13777 1510 1192 10074 13731 2549 2041 9853 15031 480 16880 3719 9213 823 227868 2402 3568 5992 2158 392 28120 1624 3566 736
internal_value=8.645e-05 0.00913117 -0.000143002 1.69881e-05 -0.000238334 0.00170575 -0.00427114 0.00350991 0.00948393 0.00194344 0.00349386 0.00150295 0.0145409 0.0063774 0.00792279 0.0474781 1.96803e-05 -0.00236173 -0.00117976 0.00592817 -0.00141433 -0.00290643 -0.00186466 0.000502818 -0.00149095 -0.015914 0.000981731 0.0174079 0.00289428 -0.00117699
internal_weight=106716 2640.27 104076 102638 99008.6 37317.5 8652.67 28664.8 5954.87 22710 20634.8 17603.7 1798.12 5504.78 5288.25 450.09 15805.6 12259.3 11648 1320.71 61691 10779.5 10298.9 8414.08 7598.84 1112.09 6486.76 2394.65 4141.2 5992.66
internal_count=526604 11495 515109 504708 489211 174867 37673 137194 29690 107504 97430 83699 7970 27700 26508 1990 75729 58849 56300 5929 314344 52581 50179 40966 37398 6384 31014 11477 17343 28856
is_linear=0
shrinkage=0.05


Tree=84
num_leaves=31
num_cat=0
split_feature=37 14 7 25 0 7 32 32 6 32 11 25 38 28 12 12 13 28 12 4 12 1 7 37 11 5 11 1 28 32
split_gain=92.6782 123.171 84.7186 99.253 78.0115 80.5132 70.3663 82.7108 150.745 145.175 110.02 103.006 87.3911 84.8865 80.6232 66.864 65.5721 65.117 81.2773 60.3772 60.1428 59.203 58.1855 57.1701 62.932 57.1057 57.0102 55.6282 54.7311 88.883
threshold=-0.073138138123588811 1.0000000180025095e-35 -0.36787019401638521 0.16311108582698072 0.0054207888243155153 -0.49108342306311847 3.5000000000000004 8.5000000000000018 1.0000000180025095e-35 10.500000000000002 0.2553412301501532 0.65188793364150877 0.0045230821846110611 -0.043060805926917821 6.5714285714285694 1.5357142857142885 0.089964538923802656 -0.023942534559983169 0.20000000000000015 -0.18532818532818532 0.50714285714285634 0.18440438070581824 -0.25230212214207681 -8.3710816056736791e-14 1.0000000180025095e-35 -0.18461538461538476 1.6770233925192992 -0.09487780551796858 0.19105063909349965 5.5000000000000009
decision_type=8 8 8 10 8 8 2 2 8 2 8 8 10 10 10 10 10 10 10 10 10 10 10 10 10 10 10 10 10 2
left_child=1 2 -1 -4 5 -2 14 10 -9 -10 12 13 22 -11 17 -15 20 -7 -19 -5 -3 -6 -8 -24 -25 -13 28 -18 -12 -30
right_child=4 16 3 19 21 6 7 8 9 11 26 25 -14 15 -16 -17 27 18 -20 -21 -22 -23 23 24 -26 -27 -28 -29 29 -31
leaf_value=0.026361232315197543 -0.039119357204899952 0.018581200615406985 0.0015073207916610049 0.043514484915257841 0.0011720465938294346 -0.00063072003875662994 0.057592626841471012 -0.026658604729786713 -0.0063443995816220957 -0.0036570717713713739 0.00031175736208565683 -0.018778079668236098 -0.051159538019478028 0.013294207029599015 0.0056499913434478258 0.0019621939836421028 0.043726729942723967 -0.033550952298084337 -0.0074793736260594795 0.012490356495796046 -0.0068063746200980038 0.014545812053511986 0.039134759540402068 0.032864572720699363 -0.021106956929887875 -0.0020619059633985685 0.039725106546534932 0.00098615809871077631 0.041541195578440368 0.0046657467452851696
leaf_weight=613.66635909676552 141.69306918978691 252.52750515937805 3533.6399441175163 168.56968757510185 33042.977794244885 3913.514189183712 127.83415402472019 640.10398671589792 10211.848686333746 1903.5089831128716 24775.525377817452 604.42630831897259 37.144519723951817 3162.5573936440051 1708.8671179525554 2212.3234235458076 132.21441361308098 310.57435047626495 7975.5820791609585 2250.7576090395451 3060.9517404288054 848.77226932346821 189.33756701648235 93.56651621684432 127.76008171588182 3302.2260063774884 94.289600908756256 179.46872729063034 205.58609101176262 796.58666582405567
leaf_count=2688 597 1088 15724 753 155445 25263 733 7899 54628 9158 115232 2954 171 14852 9053 10183 556 3377 45481 10536 13270 3611 1017 625 741 15127 466 754 933 3490
internal_value=5.44202e-05 0.00458878 0.00867283 0.00684941 -0.000424838 -0.00147181 -0.00138632 -0.000486981 -0.00274936 -0.0020341 0.00139811 0.00190116 0.0230179 0.0054165 -0.00452137 0.0086299 -0.0028091 -0.00594612 -0.00845657 0.014652 -0.00487153 0.00150697 0.0281345 0.0189646 0.00170968 -0.00464819 0.000917076 0.0191165 0.000775124 0.0122304
internal_weight=106618 10191.8 6566.63 5952.97 96426.6 62534.9 62393.2 48484.6 22037 21396.9 26447.6 11185 575.643 7278.39 13908.5 5374.88 3625.16 12199.7 8286.16 2419.33 3313.48 33891.8 538.498 410.664 221.327 3906.65 25872 311.683 25777.7 1002.17
internal_count=526405 45369 29701 27013 481036 321980 321383 238209 114801 106902 123408 52274 3287 34193 83174 25035 15668 74121 48858 11289 14358 159056 3116 2383 1366 18081 120121 1310 119655 4423
is_linear=0
shrinkage=0.05


Tree=85
num_leaves=31
num_cat=0
split_feature=35 35 22 3 33 33 33 11 1 13 8 34 32 19 32 34 10 13 35 10 29 33 3 34 25 33 34 33 32 22
split_gain=78.255 87.8842 67.8776 61.6871 58.1897 98.9945 66.0198 58.5553 55.5561 53.4005 116.491 89.1763 81.6635 74.5166 61.9423 58.4722 72.9776 55.0981 53.1938 51.0576 64.7648 62.4564 49.5591 48.447 47.3551 44.4062 139.399 123.887 87.1886 93.8546
threshold=-0.003436426116864177 0.0097866323523677651 1.1979500514969379 -0.11827956989247328 158.50000000000003 239.50000000000003 119.50000000000001 1.6770233925192992 -0.14411807420754211 1.0000000180025095e-35 0.04186267784833942 4.3637351621117633 7.5000000000000009 -0.75049359678978822 11.500000000000002 5.4158781305848462 0.0097123363229403899 -1.0000000180025095e-35 0.089783868959596905 0.011565006910578367 -0.10847005771067629 2967.5000000000005 -0.029520295202952015 5.1396146324289882 0.041545152321597112 1358.5000000000002 3.9009615468842616 1571.5000000000002 3.5000000000000004 1.0134248572373405
decision_type=8 10 8 10 2 2 2 8 10 10 10 2 2 10 2 2 8 10 10 8 10 2 10 2 8 2 2 2 2 8
left_child=3 2 9 -1 6 -6 18 8 -7 10 -2 12 13 -12 19 16 -16 23 22 20 21 -11 -3 -13 -21 26 28 -27 -5 -30
right_child=1 4 -4 25 5 7 -8 -9 -10 14 11 17 -14 -15 15 -17 -18 -19 -20 24 -22 -23 -24 -25 -26 27 -28 -29 29 -31
leaf_value=0.011428523630644918 -0.026787761066507022 -0.014838757126350136 0.0029565268565480826 -0.015409922045016379 0.018046377074612579 0.035368386200087386 -0.026166736712321705 0.044423824374955928 0.001169210595628945 -0.016948506746875935 -0.011929289312946272 -0.0348091852250959 -0.050740499501613523 0.031679173928490137 0.05003587928985509 -0.013937613091682462 0.004316763423995962 -0.055448300471768998 0.042937484448759625 -0.010086366669751004 -0.013002100473569986 0.059705593954554985 0.0055775273673217057 0.052083121005828119 -0.0020921016675754566 0.017546139132856346 0.0075534852702532256 0.0019846171144494089 0.0018363719373993403 -0.014127510976859268
leaf_weight=1817.456700399518 689.05007927305996 592.12487899512053 6277.6930752340704 1487.8594006672502 927.14414296299219 119.26413464546204 374.50990258157253 79.000701285898685 27642.684779349715 46.600849509239197 139.25315386801958 35.207910373806953 46.463994733989239 330.35752689838409 89.347644113004208 436.22815099544823 3778.8620151728392 91.967858299612999 61.93944987654686 1950.608972504735 1839.9902875944972 61.831901807337999 596.86163480579853 29.4675188139081 36816.570040859282 1468.5268362537026 3512.7808472067118 9908.7666800059378 4135.390471547842 1184.3932541161776
leaf_count=8130 8165 3243 30355 9146 4006 501 2004 356 128068 313 609 157 403 1611 988 2178 16879 435 286 8557 16413 387 2775 148 182523 6620 16987 50176 18832 5290
internal_value=3.37194e-05 -0.000687236 -0.0019229 0.00258006 0.00145366 0.00197369 -0.00775027 0.00143845 0.00131613 -0.00258332 -0.0123382 0.00246224 0.0124917 0.018748 -0.00228826 0.00341579 0.00537278 -0.0305807 -0.00223663 -0.00289128 -0.0107892 0.0267622 -0.00458995 0.00478082 -0.00249434 0.00183889 -0.00053607 0.00399322 -0.00471032 -0.00171782
internal_weight=106568 83053 52659.5 23515.2 30393.5 28768.1 1625.44 27840.9 27761.9 46381.8 1361.77 672.718 516.075 469.611 45020 4304.44 3868.21 156.643 1250.93 40715.6 1948.42 108.433 1188.99 64.6754 38767.2 21697.7 10320.4 11377.3 6807.64 5319.78
internal_count=526541 411360 270121 115181 141239 132931 8308 128925 128569 239766 11528 3363 2623 2220 228238 20045 17867 740 6304 208193 17113 700 6018 305 191080 107051 50255 56796 33268 24122
is_linear=0
shrinkage=0.05


Tree=86
num_leaves=31
num_cat=0
split_feature=35 35 33 33 13 34 33 34 12 34 33 26 32 28 33 33 33 33 33 33 32 13 32 34 12 32 10 33 22 8
split_gain=72.8008 89.4658 67.8513 165.937 147.19 101.078 102.48 122.336 94.401 90.0573 113.885 84.5458 79.8805 106.082 99.254 128.707 95.7794 222.365 227.02 134.309 178.762 124.483 115.785 79.4278 75.6321 74.5233 71.7413 70.2204 83.1105 69.6396
threshold=-0.0057471264368242894 0.016965597551355519 3259.5000000000005 3187.5000000000005 0.018264049424721127 3.2624140123068117 3724.5000000000005 4.9722408461192762 0.75 3.0468977391027221 3090.5000000000005 0.71894457980430848 10.500000000000002 0.22711168961651226 2877.5000000000005 2829.5000000000005 2008.5000000000002 1389.5000000000002 1261.5000000000002 2053.5000000000005 7.5000000000000009 0.023611131833989361 4.5000000000000009 2.841993923664011 0.4714285714285712 8.5000000000000018 0.030004809682940052 2142.5000000000005 0.81675495258954067 0.096558127621426029
decision_type=10 8 2 2 10 2 2 2 10 2 2 10 2 10 2 2 2 2 2 2 2 10 2 2 10 2 10 2 10 8
left_child=-1 2 3 9 5 -4 -7 -8 -5 10 12 -10 13 14 15 16 17 18 -2 26 -21 22 -19 -14 -22 -24 -18 -26 -29 -25
right_child=1 -3 4 8 -6 6 7 -9 11 -11 -12 -13 23 -15 -16 -17 19 21 -20 20 24 -23 25 29 27 -27 -28 28 -30 -31
leaf_value=0.0028585774202334545 0.0004479208452866538 0.0027691803412491123 -0.044788200642963232 -0.012519194913721438 -0.0026608967189542514 -0.020207054095238656 0.060137228520866642 -0.042260034392506127 0.032315397527388531 -0.0023588511645879148 0.03063173657879488 -0.0015863154671563217 0.013661473394449836 0.035493855422700657 -0.020507733069388072 0.03436484200418094 -0.05246032300937345 -0.00067837320721324745 -0.02737453586684413 0.0027391956176947541 -0.035486275421510338 0.0070417517321511571 0.051677443549418348 -0.014994599091370787 0.037174367012664834 0.0097159969419697793 0.019794452299979032 -0.00073945628930577757 -0.038784610066073782 0.0099618001226691316
leaf_weight=19028.216369576752 4971.3796419128776 16449.130980633199 345.47109146788716 215.02998201549053 5568.2583140283823 720.960418689996 91.219140199944377 42.880228914320469 751.17966455966234 45267.892619371414 336.87809373810887 243.52174377441406 2235.5574783496559 203.30185167491436 616.0264756269753 267.32445309311152 225.43742655962706 225.06724061071873 860.02329850941896 2561.6184303499758 502.27074786275625 2414.2218874022365 439.79999347031116 565.57350200787187 70.976056903600693 139.33300767093897 40.530212819576263 372.78334780037403 233.43843451887369 552.70439977943897
leaf_count=92162 24067 75155 4269 1010 28151 7609 1157 621 3317 227376 1589 1074 9919 881 3265 1499 1155 1503 4210 12214 2595 11035 1857 2676 295 678 177 1744 1064 2447
internal_value=5.55723e-05 -0.000553777 -0.00132276 -0.000821591 -0.00608448 -0.0219636 -0.0127417 0.0273942 0.0175215 -0.00117325 0.00183612 0.0240156 0.00128172 -0.000363398 -0.000886334 2.08344e-05 -0.000682319 0.00216725 -0.00365537 -0.00711799 -0.00467723 0.0127172 0.0297548 0.00821936 -0.0207845 0.041582 -0.0414496 -0.0098804 -0.0153895 -0.00266
internal_weight=106558 87529.8 71080.7 64311.9 6768.79 1200.53 855.06 134.099 1209.73 63102.1 17834.2 994.701 17497.4 14143.5 13940.2 13324.2 13056.9 9049.83 5831.4 4007.05 3741.09 3218.42 804.2 3353.84 1179.47 579.133 265.968 677.198 606.222 1118.28
internal_count=526771 434609 359454 317647 41807 13656 9387 1778 5401 312246 84870 4391 83281 68239 67358 64093 62594 43350 28277 19244 17912 15073 4038 15042 5698 2535 1332 3103 2808 5123
is_linear=0
shrinkage=0.05


Tree=87
num_leaves=31
num_cat=0
split_feature=35 0 2 1 3 10 28 33 33 33 33 33 4 33 28 12 33 33 33 12 21 10 33 33 11 5 28 33 33 33
split_gain=79.3094 82.6534 81.3857 62.271 62.1465 58.0744 68.4316 47.5213 140.282 101.573 131.04 95.597 69.791 66.912 66.434 49.7937 47.5698 55.0373 111.655 101.464 66.1474 57.2262 80.1808 86.7945 55.4283 62.4544 57.6117 50.4313 93.6738 54.0146
threshold=-0.003436426116864177 0.0017241891866955907 -0.13532593860889844 -0.050446311082566968 -0.10877589389872343 0.0076050832875889773 0.050193968839160101 534.50000000000011 916.50000000000011 795.50000000000011 671.50000000000011 741.50000000000011 -0.092273659480642131 65.500000000000014 0.018474719830085338 2.3571428571428599 959.50000000000011 1358.5000000000002 1571.5000000000002 1.3500000000000012 0.19067544306196058 0.020817121004087072 3724.5000000000005 3758.5000000000005 1.2381160431357403 -0.1063829787234039 -0.012798343560657734 1288.5000000000002 1247.5000000000002 1030.5000000000002
decision_type=10 10 8 10 10 8 10 2 2 2 2 2 10 2 10 10 2 2 2 8 10 10 2 2 10 10 10 2 2 2
left_child=4 2 3 -2 -1 6 -4 13 9 10 -9 -12 -11 -6 -15 -14 -10 19 -19 20 -18 22 -20 24 25 -24 -27 28 29 -21
right_child=1 -3 5 -5 7 -7 -8 8 16 12 11 -13 15 14 -16 -17 17 18 21 27 -22 -23 23 -25 -26 26 -28 -29 -30 -31
leaf_value=0.010547177800484368 0.021259708461053021 0.0010880379323261139 -0.02759699074276737 -0.020423426531793937 -0.015206773342125855 -0.0021607055424067035 0.019180684367001728 -0.014885313864119116 0.020412667743918696 0.005179598311275087 0.026862222465366011 -0.0074529183806083844 -0.035587449827423651 0.014579164610518495 0.00059450429099283024 -0.0074469135944658441 -0.0043457290718750844 0.016717089833178867 -0.0041533110657202138 0.02551901574694454 -0.024006088356676596 0.0049206963579359227 -0.0077967024998304617 -0.028185066118832192 -0.036225423110499158 0.14746846074919279 0.016909670128115659 -0.016838226067915765 0.062258615038601132 -0.0010636972456727093
leaf_weight=2218.4022490084171 587.82888005673885 36175.124094501138 423.88869119994342 105.71248139441013 316.58335375785828 45576.939341222867 95.866393428295851 971.49290730804205 366.03543202579021 189.71846245974302 474.25710518658161 354.79974072054029 618.60980079323053 2053.7971482202411 1447.9503804519773 210.75533847510815 1368.4443952590227 1453.9824493229389 3681.6348904147744 287.21062441170216 622.42222414165735 5946.0666680634022 12.780138742178677 31.365425489842892 10.134260561317204 36.020727090537548 11.039198875427244 168.60903181135654 87.077450044453144 571.03993704915047
leaf_count=9983 2523 171734 7422 457 1803 228414 932 4793 1615 1002 2024 1847 3935 9437 6364 1155 6989 6529 21106 1211 2981 27285 115 280 139 316 114 794 500 2803
internal_value=1.96226e-05 -0.000706797 -0.00209444 0.0149062 0.00258309 -0.00235023 -0.0189691 0.00175331 0.000649089 -0.00956409 -0.00242463 0.0121769 -0.0221783 0.00680644 0.0087966 -0.0284365 0.00261426 0.00215829 0.00379342 -0.0037312 -0.0104923 0.00186201 -0.00294561 0.0409296 0.0719097 0.090223 0.116842 0.0083525 0.0128455 0.00783212
internal_weight=106476 82965.4 46790.2 693.541 23510.2 46096.7 519.755 21291.8 17473.5 2819.63 1800.55 829.057 1019.08 3818.33 3501.75 829.365 14653.9 14287.8 11183 3104.8 1990.87 9729.04 3782.97 101.34 69.9743 59.8401 47.0599 1113.94 945.328 858.251
internal_count=526602 411482 239748 2980 115120 236768 8354 105137 87533 14756 8664 3871 6092 17604 15801 5090 72777 71162 55884 15278 9970 49355 22070 964 684 545 430 5308 4514 4014
is_linear=0
shrinkage=0.05


Tree=88
num_leaves=31
num_cat=0
split_feature=10 35 34 33 19 28 12 34 34 12 10 10 38 33 34 33 7 34 33 33 33 28 33 33 33 26 34 33 33 34
split_gain=82.6562 71.5301 77.7121 155.385 92.4082 93.7774 73.9523 65.5547 64.5106 70.9963 63.7168 61.3674 65.564 60.0993 101.587 84.7289 85.6342 67.7486 157.525 156.668 127.265 92.6328 85.7708 104.5 191.266 154.402 107.775 120.542 102.304 96.855
threshold=0.0059400013844992739 -0.003436426116864177 3.0610489973715933 3606.5000000000005 0.46111786154203244 0.19105063909349965 1.2785714285714298 2.545523582195059 2.6282787161499033 0.14285714285714315 0.051316764852750517 0.018161331792761744 -0.16362417354808464 3573.5000000000005 3.7623615564016326 3542.5000000000005 -0.10740436953406172 4.0543898706079506 2295.5000000000005 2575.5000000000005 2653.5000000000005 inf 1919.5000000000002 520.50000000000011 158.50000000000003 0.22943190975020147 4.5844570141035197 442.50000000000006 321.50000000000006 4.4491008295452064
decision_type=8 10 2 2 10 10 8 2 2 8 10 8 8 2 2 2 10 2 2 2 2 8 2 2 2 10 2 2 2 2
left_child=-1 -2 3 4 5 8 -4 -7 9 -3 -10 -11 -13 15 -15 17 -17 19 22 21 -20 -8 23 24 -19 -26 -27 28 -28 -24
right_child=1 2 6 -5 -6 7 13 -9 10 11 -12 12 -14 14 -16 16 -18 18 20 -21 -22 -23 29 -25 25 26 27 -29 -30 -31
leaf_value=-0.022131112484680013 0.002486696511267985 0.015102938312647552 -0.0044909818669721484 -0.042501257475272849 0.0075369342748764726 0.049085108100516583 -0.00059180199596724702 0.0080002224344646218 0.0021704194214381876 0.0056905249349640053 0.045121779989683558 0.010858701763237092 -0.0085541135435804605 -0.023221051657637076 0.015005100839623154 -0.048493911709058479 0.0002777905076474746 -0.011687579837870395 -0.017778237822499526 0.010104480753680532 -0.0040479467784381986 -0.0390985031430513 -0.0090183939622318545 -0.0039705186987914406 0.031994660247978528 -0.0057263297946961618 0.020497534109543959 0.037756301233485737 -0.0083765457663462009 0.013230440874690339
leaf_weight=421.52610746212304 23515.696405593306 470.83641155809164 16076.239961100742 196.03292210586369 5995.2050721161067 158.84604242444038 11133.349575698376 249.73839525878429 8873.2688943687826 1136.038317207247 87.194027915596962 472.80445720255375 5430.8131651505828 202.58784470707178 1223.2345998063684 186.84087198227644 173.64933860301971 1260.15554536134 2324.4636784493923 4277.1777891367674 6160.5714427530766 158.4045831412077 625.25523362308741 9966.9262169413269 701.96743379533291 1180.6091590598226 623.88320000469685 405.04603849351406 603.54673792421818 2247.2390950769186
leaf_count=6945 114669 2707 86566 1939 27301 723 50541 1106 42890 5807 364 2008 24986 925 6356 854 865 6451 12115 19724 30160 1181 3094 50269 3221 5134 2600 1730 2520 11210
internal_value=-3.40485e-05 5.37267e-05 -0.000638908 0.00182463 0.0022045 0.000310549 -0.00159363 0.0239729 -0.000276427 -0.00369431 0.00258838 -0.00495153 -0.00699939 -0.000521752 0.00957374 -0.000864238 -0.0250004 -0.000655427 -0.00221257 0.00195495 -0.00780934 -0.00113199 0.000483419 -0.00105669 0.00502511 0.0110167 0.00578188 0.0141046 0.00629969 0.00838754
internal_weight=106539 106118 82601.9 23070.8 22874.7 16879.5 59531.1 408.584 16471 7510.49 8960.46 7039.66 5903.62 43454.9 1425.82 42029.1 360.49 41668.6 26099.7 15568.9 8485.04 11291.8 17614.6 14742.1 4775.21 3515.05 2813.09 1632.48 1227.43 2872.49
internal_count=526961 520016 405347 109831 107892 80591 295516 1829 78762 35508 43254 32801 26994 208950 7281 201669 1719 199950 128504 71446 42275 51722 86229 71925 21656 15205 11984 6850 5120 14304
is_linear=0
shrinkage=0.05


end of trees

feature_importances:
Column_33=829
Column_32=451
Column_34=197
Column_28=148
Column_10=143
Column_12=109
Column_38=92
Column_5=86
Column_7=78
Column_13=74
Column_9=64
Column_26=54
Column_8=50
Column_11=47
Column_20=33
Column_35=28
Column_0=27
Column_25=23
Column_37=20
Column_1=19
Column_3=16
Column_14=15
Column_19=15
Column_2=13
Column_6=9
Column_4=8
Column_39=7
Column_29=6
Column_22=5
Column_21=2
Column_36=2

parameters:
[boosting: gbdt]
[objective: binary]
[metric: binary_logloss]
[tree_learner: serial]
[device_type: cpu]
[data_sample_strategy: bagging]
[data: ]
[valid: ]
[num_iterations: 500]
[learning_rate: 0.05]
[num_leaves: 31]
[num_threads: 8]
[seed: 42]
[deterministic: 0]
[force_col_wise: 0]
[force_row_wise: 0]
[histogram_pool_size: -1]
[max_depth: -1]
[min_data_in_leaf: 100]
[min_sum_hessian_in_leaf: 0.001]
[bagging_fraction: 0.8]
[pos_bagging_fraction: 1]
[neg_bagging_fraction: 1]
[bagging_freq: 1]
[bagging_seed: 400]
[bagging_by_query: 0]
[feature_fraction: 0.8]
[feature_fraction_bynode: 1]
[feature_fraction_seed: 30056]
[extra_trees: 0]
[extra_seed: 12879]
[early_stopping_round: 0]
[early_stopping_min_delta: 0]
[first_metric_only: 0]
[max_delta_step: 0]
[lambda_l1: 0]
[lambda_l2: 0]
[linear_lambda: 0]
[min_gain_to_split: 0]
[drop_rate: 0.1]
[max_drop: 50]
[skip_drop: 0.5]
[xgboost_dart_mode: 0]
[uniform_drop: 0]
[drop_seed: 17869]
[top_rate: 0.2]
[other_rate: 0.1]
[min_data_per_group: 100]
[max_cat_threshold: 32]
[cat_l2: 10]
[cat_smooth: 10]
[max_cat_to_onehot: 4]
[top_k: 20]
[monotone_constraints: ]
[monotone_constraints_method: basic]
[monotone_penalty: 0]
[feature_contri: ]
[forcedsplits_filename: ]
[refit_decay_rate: 0.9]
[cegb_tradeoff: 1]
[cegb_penalty_split: 0]
[cegb_penalty_feature_lazy: ]
[cegb_penalty_feature_coupled: ]
[path_smooth: 0]
[interaction_constraints: ]
[verbosity: -1]
[saved_feature_importance_type: 0]
[use_quantized_grad: 0]
[num_grad_quant_bins: 4]
[quant_train_renew_leaf: 0]
[stochastic_rounding: 1]
[linear_tree: 0]
[max_bin: 255]
[max_bin_by_feature: ]
[min_data_in_bin: 3]
[bin_construct_sample_cnt: 200000]
[data_random_seed: 175]
[is_enable_sparse: 1]
[enable_bundle: 1]
[use_missing: 1]
[zero_as_missing: 0]
[feature_pre_filter: 1]
[pre_partition: 0]
[two_round: 0]
[header: 0]
[label_column: ]
[weight_column: ]
[group_column: ]
[ignore_column: ]
[categorical_feature: ]
[forcedbins_filename: ]
[precise_float_parser: 0]
[parser_config_file: ]
[objective_seed: 16083]
[num_class: 1]
[is_unbalance: 0]
[scale_pos_weight: 1]
[sigmoid: 1]
[boost_from_average: 1]
[reg_sqrt: 0]
[alpha: 0.9]
[fair_c: 1]
[poisson_max_delta_step: 0.7]
[tweedie_variance_power: 1.5]
[lambdarank_truncation_level: 30]
[lambdarank_norm: 1]
[label_gain: ]
[lambdarank_position_bias_regularization: 0]
[eval_at: ]
[multi_error_top_k: 1]
[auc_mu_weights: ]
[num_machines: 1]
[local_listen_port: 12400]
[time_out: 120]
[machine_list_filename: ]
[machines: ]
[gpu_platform_id: -1]
[gpu_device_id: -1]
[gpu_use_dp: 0]
[num_gpu: 1]

end of parameters

pandas_categorical:null
