tree
version=v4
num_class=1
num_tree_per_iteration=1
label_index=0
max_feature_idx=43
objective=binary sigmoid:1
feature_names=Column_0 Column_1 Column_2 Column_3 Column_4 Column_5 Column_6 Column_7 Column_8 Column_9 Column_10 Column_11 Column_12 Column_13 Column_14 Column_15 Column_16 Column_17 Column_18 Column_19 Column_20 Column_21 Column_22 Column_23 Column_24 Column_25 Column_26 Column_27 Column_28 Column_29 Column_30 Column_31 Column_32 Column_33 Column_34 Column_35 Column_36 Column_37 Column_38 Column_39 Column_40 Column_41 Column_42 Column_43
feature_infos=[-0.12:0.12000000000000011] [-0.30350510510510498:0.37468493150684945] [-0.34602076124567482:0.62909090909090892] [-0.52631578947368429:1.6033777777777782] [-0.5525046116744704:5.2180451127819545] [-0.63724137931034486:9.4772727272727337] [0:99.999999998989509] [-0.91935999999999996:0] [0:9.0454065469904954] [0:0.089463197007432049] [0:0.076005598361966478] [0:2366.6980106475853] [0:496.55000000000007] [-4.163336342344337e-17:0.27749788710120954] [0:20] none none [0:6] none [-3.1643928874535838:4.3643463267553075] [1.613539439946223e-05:4.1989372754911969] [-0.99999999999999978:0.99726736817551731] [0:45.319180968864195] none none [0.0026041666666666665:1] [0.0026041666666666665:1] none [-0.33164740552513955:1.4627374711935657] [-1.4380737940635209:5.1223101513735152] none [1:7] [1:12] [0:3769] [0.40546510810816438:8.6995980780714959] [-1:8.9927378358748484] [0:1] [-0.88727989113877803:1.1265264897621496] [-0.89522164205698718:1.7613708412586715] [0:1] none none none [0:7]
tree_sizes=3496 3560 3565 3562 3571 3573 3557 3539 3565 3555 3572 3559 3550 3567 3550 3576 3574 3553 3537 3573 3567 3579 3562 3576 3549 3565 3550 3562 3573 3566 3542 3577 3549 3559 3573 3545 3547 3582 3562 3559 3586 3591 3598 3566 3573 3550 3570 3550 3566 3557 3555 3570 3550 3572 3545 3584 3567 3597 3613 3572 3585 3588 3569 3578 3563 3561 3598 3582 3603 3588 3574 3586 3555 3590 3628 3594 3551 3562 3551 3555 3560 3630 3540 3570 3582

Tree=0
num_leaves=31
num_cat=0
split_feature=10 10 32 32 7 28 32 43 32 32 43 11 32 32 38 32 32 10 11 10 7 43 32 43 12 43 39 28 32 12
split_gain=13588.6 4506.37 4347.15 2496 1604.73 1603.01 1262.64 1337.19 1044.31 1009.97 897.977 856.113 875.623 849.763 870.064 807.035 755.736 750.056 714.112 674.352 569.615 538.517 444.006 431.915 428.258 393.667 392.293 380.294 371.531 347.574
threshold=0.024090713021784626 0.013709851511131426 3.5000000000000004 3.5000000000000004 -0.29322147962498835 0.10022553179885109 8.5000000000000018 1.5000000000000002 1.5000000000000002 11.500000000000002 3.5000000000000004 0.25193962977771822 8.5000000000000018 5.5000000000000009 -0.11485662124434635 8.5000000000000018 1.5000000000000002 0.0089568538843061551 0.74463529148395591 0.032434883788353748 -0.25 1.0000000180025095e-35 5.5000000000000009 1.5000000000000002 5.1000000000000041 2.5000000000000004 1.0000000180025095e-35 0.10022553179885109 3.5000000000000004 1.5571428571428583
decision_type=10 8 2 2 10 10 2 2 2 2 2 10 2 2 10 2 2 10 10 10 10 2 2 2 8 2 10 10 2 8
left_child=1 17 16 8 21 11 7 22 23 18 -11 12 -6 14 -9 -7 25 -1 -8 -13 -18 -4 -5 26 -10 -2 -3 -16 -19 -24
right_child=2 3 4 6 5 15 9 13 24 10 -12 19 -14 -15 27 -17 20 28 -20 -21 -22 -23 29 -25 -26 -27 -28 -29 -30 -31
leaf_value=-0.69703552429320526 -0.60411359859783287 -0.58090787315410652 -0.52253257259688424 -0.56250040371027654 -0.52989965262510696 -0.57967318554711911 -0.67186087104076064 -0.60599653705782497 -0.67976837235993881 -0.64893888279278122 -0.6026894719814313 -0.62726605542417069 -0.69183607530125268 -0.6255333254621197 -0.65672418781864617 -0.61523047151632348 -0.62544096460422871 -0.68748779076722444 -0.6477811309461895 -0.61134857664623909 -0.65886594528809783 -0.58910689631748792 -0.67352019699670451 -0.65160172834738905 -0.64600021240166305 -0.63612680658895193 -0.67410889628617765 -0.58693294430421983 -0.66546145765380949 -0.58483009593714463
leaf_weight=3884.0655294656754 1241.0730674266815 429.60221564769745 324.18113481998444 896.07918703556061 463.76226544380188 4263.2194596529007 4608.2133400440216 1080.6791912317276 7405.7178153991699 2303.8804445266724 1927.6674457788467 17401.2651014328 101.80147290229797 10806.565686821938 6169.8479343652725 2550.4662344455719 1562.7657217979431 2580.327999830246 9277.9600148200989 10773.536764502525 6912.7724610567093 4821.317756652832 195.45882797241211 3835.6532734632492 1075.249779343605 4244.8951945304871 153.15466034412384 201.56691634654999 7419.0651196241379 254.05123126506805
leaf_count=17169 5486 1899 1433 3961 2050 18845 20370 4777 32736 10184 8521 76920 450 47769 27273 11274 6908 11406 41012 47623 30557 21312 864 16955 4753 18764 677 891 32795 1123
internal_value=-0.637611 -0.653153 -0.619269 -0.646232 -0.61101 -0.614787 -0.63974 -0.630946 -0.665219 -0.649255 -0.62787 -0.619957 -0.559048 -0.634491 -0.64748 -0.592983 -0.643344 -0.678388 -0.655772 -0.621179 -0.652703 -0.584913 -0.582843 -0.645508 -0.675487 -0.628885 -0.605402 -0.654516 -0.671145 -0.623395
internal_weight=119166 64504.8 54661.1 50621.3 40699.6 35554.1 37722 19604.2 12899.4 18117.7 4231.55 28740.4 565.564 18258.7 7452.09 6813.69 13961.5 13883.5 13886.2 28174.8 8475.54 5145.5 1345.59 4418.41 8480.97 5485.97 582.757 6371.41 9999.39 449.51
internal_count=526757 285135 241622 223765 179907 157162 166745 86658 57020 80087 18705 127043 2500 80710 32941 30119 61715 61370 61382 124543 37465 22745 5948 19531 37489 24250 2576 28164 44201 1987
is_linear=0
shrinkage=1


Tree=1
num_leaves=31
num_cat=0
split_feature=10 10 7 5 28 28 37 11 33 33 5 10 43 8 34 28 33 33 5 37 34 28 34 9 33 8 34 9 43 8
split_gain=12207.6 4428.53 1963.8 1851.09 1653.63 1353.77 794.279 766.982 747.439 719.744 684.77 633.526 576.599 539.637 460.757 436.568 408.315 400.704 378.824 475.615 376.596 373.523 333.593 329.184 322.712 320.797 319.958 291.708 270.677 269.005
threshold=0.024990156646980097 0.013709851511131426 -0.27852670082240222 -0.16365448991177503 0.07344595334723579 0.15086305538850761 0.0031551725605253327 0.25193962977771822 3334.5000000000005 2789.5000000000005 -0.076756308509438584 0.032620549240554166 1.5000000000000002 0.041674489923644982 2.7757039971150994 0.07344595334723579 3244.5000000000005 913.50000000000011 -0.099678456591639916 0.011633167572329019 3.8659011068458278 0.083150340414652524 4.0817654239468206 0.012371827616787184 534.50000000000011 0.21622076048305564 2.4024201905583298 0.048576002744219741 2.5000000000000004 0.2772394538032002
decision_type=10 8 10 8 10 10 10 10 2 2 10 10 2 10 2 8 2 2 10 10 2 10 2 10 2 10 2 8 2 8
left_child=1 8 20 12 6 7 10 13 14 26 15 18 -3 -4 28 27 22 24 -9 -20 -2 -16 -11 -12 -14 -15 -7 -5 -1 -6
right_child=2 3 5 4 29 9 -8 11 -10 16 23 -13 17 25 21 -17 -18 -19 19 -21 -22 -23 -24 -25 -26 -27 -28 -29 -30 -31
leaf_value=-0.027543165900365429 0.04978430799845119 0.055193194489961933 -0.044877073933470908 -0.0096166527226819384 0.0066102724705113906 0.088400527486012515 -0.00531941832821917 0.016325894754787875 -0.063337742476848799 0.087035303952861867 -0.040092045541534324 0.01817740093557443 0.022665209574245053 0.1087667600858428 -0.039999443102150055 -0.046797951502010465 -0.0012097005223963894 0.019466238234135735 -0.0059381366841634682 0.011102014856826537 0.026536265180314919 -0.0066998739290074442 0.036728418181591248 -0.022842849949743102 -0.018897478482738216 -2.1348977233945674e-05 0.018653221640565085 0.031011323748217603 0.022633641999226094 0.031350693241673569
leaf_weight=538.0865775346756 5046.2591690421104 820.18248990178108 87.591493055224419 9690.3081197738647 5475.4508223831654 176.64021816849709 13878.790002852678 5627.4742378294468 2606.7578258365393 1174.013208180666 3610.3096677064896 15816.927410677075 665.33175486326218 395.64431791007519 9109.7943772226572 770.70521807670593 209.65120007097721 4432.2974728047848 9600.0323214530945 7140.9699418991804 2660.3335600793362 927.90993951261044 458.12736989557743 11826.236613348126 1567.0001332908869 81.771020650863647 2378.5027489960194 462.91827335953712 537.00551374256611 1374.5387003570795
leaf_count=2409 22035 3590 391 42967 24191 772 61474 24813 11696 5116 16060 69521 2946 1699 40783 3444 918 19607 42380 31487 11626 4154 1996 52481 6934 355 10416 2049 2398 6070
internal_value=-3.67382e-05 -0.0138474 0.0185101 -0.0074635 -0.0111348 0.0143576 -0.0150007 0.0113743 -0.0392415 0.0406499 -0.0200979 0.0105186 0.0156338 0.0692033 -0.0335892 -0.0105182 0.064477 0.0107654 0.005103 0.00133044 0.041759 -0.0369211 0.0729146 -0.0268771 -0.00650999 0.0901337 0.0234749 -0.00776429 -0.00247999 0.0115748
internal_weight=119148 68293.6 50853.9 54574.1 47089.3 43147.3 40239.3 38750.4 13719.6 4396.93 26360.5 38185.4 7484.81 565.007 11112.8 10923.9 1841.79 6664.63 22368.5 16741 7706.59 10037.7 1632.14 15436.5 2232.33 477.415 2555.14 10153.2 1075.09 6849.99
internal_count=526778 303253 223525 241813 208736 189864 178475 170646 61440 19218 117001 168201 33077 2445 49744 48460 8030 29487 98680 73867 33661 44937 7112 68541 9880 2054 11188 45016 4807 30261
is_linear=0
shrinkage=0.05


Tree=2
num_leaves=31
num_cat=0
split_feature=9 7 5 8 8 8 13 37 7 33 11 38 33 33 33 33 0 33 33 7 11 34 9 9 2 38 33 33 37 38
split_gain=9260.33 2955.28 2868.58 1994.71 1632.72 1579.07 1046.32 624.079 937.695 592.611 406.606 371.398 363.668 687.095 361.684 491.37 352.49 342.854 1827.09 341.308 338.744 287.847 272.356 272.31 267.266 265.885 258.882 343.001 253.732 238.329
threshold=0.018301057499224841 -0.27214821043934961 -0.1154972387516585 0.35801966870586349 0.065476190476190368 0.096774193548387136 0.01188561449892974 0.0049751243780890029 -0.18540589710025959 472.50000000000006 0.54378818092209857 -0.17697842325198423 2813.5000000000005 3261.5000000000005 752.50000000000011 682.50000000000011 0.094908430597202234 3261.5000000000005 3108.5000000000005 -0.18268609352732576 0.36677315640132574 3.0228579809699494 0.012121833916136677 0.035857591523570813 0.016393442622950952 -0.11986588432527355 2893.5000000000005 3108.5000000000005 -0.037336932073821764 0.27536264282188666
decision_type=10 8 8 10 8 10 10 10 8 2 10 10 2 2 2 2 10 2 2 8 8 2 10 10 10 10 2 2 10 10
left_child=2 11 5 7 6 9 -4 8 -3 -1 -7 -2 29 26 15 -8 19 18 21 20 -6 -9 -16 28 -21 -11 -14 -28 -10 -5
right_child=1 3 4 12 16 10 14 17 23 25 -12 -13 13 -15 22 -17 -18 -19 -20 24 -22 -23 -24 -25 -26 -27 27 -29 -30 -31
leaf_value=0.036230238330344396 0.052401953742204889 0.01066247157602873 -0.053130449772215531 0.014921095667488142 0.084767534011299564 0.094009288913635691 -0.017907195679890017 0.01769284319726884 -0.019028821323687231 0.020511238494619721 0.016287876719413865 0.030745164059295973 0.085192082843349032 0.0029109010716799246 -0.037615115409417747 0.049008130460821156 0.093102476906906498 -0.0098134347615109821 0.078881270534436873 -0.01866593974529206 -0.0032291595858840389 0.0040442047431632792 -0.023281083532424779 0.007423306706550753 -0.0048509022557919855 -0.0079070717569754423 0.025346334118049225 0.063871572781149993 -0.0061029630912075054 0.034434383687726888
leaf_weight=1025.1787120252848 2952.9025315642357 10120.536841273308 5039.5633059889078 6561.2151646614075 174.26465256512165 607.0158554315567 1847.1504517346621 5428.0914979875088 5574.5301599353552 942.16609755158424 232.8246998488903 6006.4753499925137 462.22708171606064 1012.5235614329576 6225.9685449302197 322.19909128546715 79.380976974964142 2107.2814285159111 954.71153250336647 9951.7796694040298 293.66191007196903 13397.530970901251 7085.1024693399668 2497.9832347482443 5400.8518176972866 6511.4440790563822 1180.3942981362343 1131.6558820605278 11904.033847570419 2054.8484364897013
leaf_count=4495 12764 44509 22891 28747 741 2603 8252 23879 24749 4154 1024 26030 1983 4441 28098 1442 349 9296 4167 44414 1296 59021 31675 10985 24016 28914 5141 4880 52783 8977
internal_value=-3.29098e-05 0.0109775 -0.0176894 0.00723368 -0.0240232 0.00706524 -0.0333422 0.00293503 -0.00173683 0.000587467 0.072463 0.037883 0.0252508 0.0381654 -0.0269002 -0.00796871 -0.0119965 0.00935917 0.0114017 -0.0125239 0.0295425 0.00797959 -0.0299855 -0.00801857 -0.013806 -0.00431488 0.0510322 0.0442029 -0.0102255 0.0195748
internal_weight=119085 73346.9 45738.6 64387.6 36419.9 9318.63 20520 51984.7 30097.1 8478.79 839.841 8959.38 12402.9 3786.8 15480.4 2169.35 15899.9 21887.6 19780.3 15820.6 467.927 18825.6 13311.1 19976.5 15352.6 7453.61 2774.28 2312.05 17478.6 8616.06
internal_count=526716 322352 204364 283558 163174 41190 92358 229389 133026 37563 3627 38794 54169 16445 69467 9694 70816 96363 87067 70467 2037 82900 59773 88517 68430 33068 12004 10021 77532 37724
is_linear=0
shrinkage=0.05


Tree=3
num_leaves=31
num_cat=0
split_feature=9 32 7 7 28 9 32 32 33 32 28 7 33 33 9 11 32 34 28 32 32 33 43 32 32 32 26 26 32 43
split_gain=8254.75 4243.42 2652.46 1810.94 2176.86 1712.61 1324.48 894.735 976.817 854.81 781.33 741.021 722.121 678.178 650.62 635.153 743.725 601.602 561.137 549.475 539.618 483.702 461.712 454.651 441.003 685.975 447.854 447.588 433.155 525.036
threshold=0.018411959257020775 3.5000000000000004 -0.18818974524429669 -0.29322147962498835 0.081313210746686806 0.010448849782012971 4.5000000000000009 8.5000000000000018 2575.5000000000005 1.5000000000000002 0.10022553179885109 -0.23838696563154757 3382.5000000000005 484.50000000000006 0.036375254207050546 0.32229441857794688 8.5000000000000018 3.1376634167284494 -0.048200084810767076 11.500000000000002 4.5000000000000009 740.50000000000011 1.5000000000000002 1.5000000000000002 8.5000000000000018 10.500000000000002 0.39375885269121819 0.31013575490735651 10.500000000000002 2.5000000000000004
decision_type=10 2 8 8 10 8 2 2 2 2 10 10 2 2 10 10 2 2 10 2 2 2 2 2 2 2 10 10 2 2
left_child=2 9 15 22 14 12 13 8 -6 -2 18 -11 20 23 17 16 -1 28 -8 -9 -4 -20 -3 -7 27 -26 -27 -23 -5 -30
right_child=1 3 5 4 7 6 10 19 -10 11 -12 -13 -14 -15 -16 -17 -18 -19 21 -21 -22 24 -24 -25 25 26 -28 -29 29 -31
leaf_value=0.080002259906499396 0.0037063656370333168 0.076812049846962646 -0.047899321591575915 0.0098321627022792731 0.030285333798784526 0.036804875889386558 -0.027909108695345203 0.0066792297590594837 0.070176124408211346 0.0082878215849985278 0.032432666111026305 -0.025003598124358803 -0.06086652737750025 -0.035194937138272646 0.02139017422911392 0.0063229733636343726 -0.032510368319932176 0.00061145043925052347 0.017977335456525721 0.047919795183926216 -0.022413200743313117 -0.011995151791242767 0.038061650319675823 -0.022283797537697735 -0.035030996988687578 0.0090118031026272284 -0.048476098987799927 0.016623737771081733 0.010929019375709396 0.058459044028260701
leaf_weight=620.09396091103554 6521.3238741308451 924.56786496937275 3131.7070022970438 7760.5394440293312 3876.5627789199352 575.4465679526329 3286.5218393057585 3306.2583854496479 2540.2895126491785 2038.0694598406553 1195.4323652535677 9293.1989163607359 2586.3175780922174 8140.2377246916294 8131.2276971936226 6164.287902161479 192.46223710477352 20707.937913969159 1978.5741461515427 1068.7656707316637 6166.4357270151377 2964.9732970148325 4559.8272119164467 749.62631770968437 2998.6485041677952 2186.8925375193357 400.88890554010868 2533.6489330232143 1174.7261455953121 1149.6363333165646
leaf_count=2614 28626 3911 14347 34144 16789 2547 14813 14428 10821 8875 5277 41398 11990 36741 35425 27201 862 91295 8784 4658 28026 13286 19493 3350 13501 9803 1796 11273 5182 5048
internal_value=3.57238e-05 0.0104743 -0.016588 0.0173274 0.0143195 -0.0216802 -0.0147208 0.0341895 0.0460772 -0.0107156 -0.00658863 -0.0190157 -0.0374974 -0.0297952 0.00881045 0.0118003 0.0533525 0.00548861 -0.00944165 0.0167538 -0.0309972 -0.00479564 0.0445943 0.00337696 -0.00886039 -0.0187546 0.000106004 0.00119183 0.0155032 0.0344375
internal_weight=118925 73052.9 45872.2 55200.3 49715.9 38895.4 27010.9 10791.9 6416.85 17852.6 17545.6 11331.3 11884.5 9465.31 38924.1 6976.84 812.556 30792.8 16350.1 4375.02 9298.14 13063.6 5484.4 1325.07 11085.1 5586.43 2587.78 5498.62 10084.9 2324.36
internal_count=526304 320093 206211 241194 217790 175534 121171 46696 27610 78899 78533 50273 54363 42638 171094 30677 3476 135669 73256 19086 42373 58443 23404 5897 49659 25100 11599 24559 44374 10230
is_linear=0
shrinkage=0.05


Tree=4
num_leaves=31
num_cat=0
split_feature=10 32 9 32 33 33 32 7 28 5 32 10 33 32 28 33 33 33 32 12 34 32 34 7 33 34 32 32 33 33
split_gain=9309.92 3342.62 3279.38 2121.14 1139.9 2752.78 1703.37 1041.06 963.326 1140.01 871.787 797.894 675.492 638.715 522.004 719.972 480.045 442.068 661.07 513.986 508.067 413.929 401.918 399.143 387.841 374.517 385.951 397.005 370.485 364.676
threshold=0.023993653059334652 3.5000000000000004 0.011859027903521373 3.5000000000000004 3261.5000000000005 2813.5000000000005 8.5000000000000018 -0.29752665859012339 0.076378146670915012 -0.16112531969309449 1.5000000000000002 0.0089568538843061551 3304.5000000000005 1.5000000000000002 -0.043082295067648248 740.50000000000011 682.50000000000011 337.50000000000006 10.500000000000002 0.15000000000000022 2.8361459037824157 4.5000000000000009 4.0578530801286421 -0.27852670082240222 430.50000000000006 2.8593355435749763 8.5000000000000018 10.500000000000002 484.50000000000006 3382.5000000000005
decision_type=10 2 8 2 2 2 2 10 10 8 2 8 2 2 10 2 2 2 2 10 2 2 2 10 2 2 2 2 2 2
left_child=2 13 11 10 5 7 22 24 9 -5 28 -1 -6 -2 -11 16 -16 -9 19 -19 -20 -17 -7 -15 -3 -23 -27 -28 -4 -13
right_child=1 4 3 8 12 6 -8 17 -10 14 -12 29 -14 23 15 21 -18 18 20 -21 -22 25 -24 -25 -26 26 27 -29 -30 -31
leaf_value=-0.053619412330974628 0.0068823209606060408 0.069472283317650027 0.023382923267154066 0.018431308024399278 -0.044396294788486751 0.084836436693044359 0.020706480622161391 0.03042767048711777 0.021021819182720738 -0.019582126239361498 -0.034675034687037053 -0.023341809553911463 0.0068666638650673219 0.013279126833514933 0.0074246395222806617 -0.033152543505787162 0.052911188573694756 0.069143379202621855 0.054572886465642061 0.0061384625438854652 0.01906241047904882 0.010079030885118497 0.050983554828966382 -0.019023662958366036 0.033402625140207164 0.00019707882236258742 -0.031829497918239531 -0.0053583472134020819 -0.013852705388725899 -0.048131057634397151
leaf_weight=3552.3999687880278 5612.7542533874512 970.91624435782433 852.4732757806778 4934.518763333559 796.08993157744408 2774.8954704850912 2358.7050504237413 3955.2968092411757 4576.3031051456928 6889.2426756471395 7761.1470434516668 10756.683846652508 3333.3877725452185 1098.1436552405357 2760.2347607761621 1496.3448045551777 734.35511822998524 330.03528241813183 1278.0147521793842 16863.315381780267 4754.7997695654631 3024.3445416539907 1281.7635494172573 7402.789483204484 3206.6359468996525 5057.8559991270304 2878.4403413534164 2788.6337516158819 3087.4481997340918 1720.9777971208096
leaf_count=16786 24547 4073 3733 21576 3487 11721 10199 17171 19988 30977 35276 49114 14539 4719 12211 6752 3249 1394 5533 73475 20729 13449 5444 33047 13550 22510 12988 12438 13854 8020
internal_value=1.44707e-05 0.0148375 -0.0131926 -0.00651239 0.0219258 0.0246525 0.0544944 0.0185475 -0.000372649 -0.00357601 -0.0249511 -0.0327129 -0.00301592 -0.00620795 -0.00781315 -0.00348666 0.0169832 0.0149759 0.0123446 0.00734787 0.0265851 -0.00817875 0.0741401 -0.0148508 0.0417857 -0.00546084 -0.00984295 -0.0188037 -0.0057961 -0.0267609
internal_weight=118889 56017.5 62871.4 46841.3 41903.9 37774.4 6415.36 31359 35140.3 30564 11701.1 16030.1 4129.48 14113.7 25629.5 18740.2 3494.59 27181.5 23226.2 17193.4 6032.81 15245.6 4056.66 8500.93 4177.55 13749.3 10724.9 5667.07 3939.92 12477.7
internal_count=526549 243628 282921 209001 181315 163289 27364 135925 156138 136150 52863 73920 18026 62313 114574 83597 15460 118302 101131 74869 26262 68137 17165 37766 17623 61385 47936 25426 17587 57134
is_linear=0
shrinkage=0.05


Tree=5
num_leaves=31
num_cat=0
split_feature=10 10 32 32 20 32 32 34 32 12 28 5 28 5 32 10 9 43 32 43 12 10 32 32 43 32 43 43 39 32
split_gain=8644.67 3190.45 2956.1 1977.38 1016.7 991.28 1319.52 840.2 806.151 742.794 694.558 719.869 658.259 767.142 548.018 541.803 538.72 452.816 520.347 442.698 377.873 368.289 354.687 351.202 490.147 531.366 336.885 312.066 314.448 300.131
threshold=0.023993653059334652 0.013414337655440686 3.5000000000000004 3.5000000000000004 0.55925329758152298 8.5000000000000018 10.500000000000002 2.8361459037824157 1.5000000000000002 0.17142857142857218 0.086936848383181831 -0.18181818181818168 0.10022553179885109 -0.16112531969309449 1.5000000000000002 0.0089568538843061551 0.039393053103695584 3.5000000000000004 11.500000000000002 1.5000000000000002 5.1000000000000041 0.028817639307220731 8.5000000000000018 8.5000000000000018 1.0000000180025095e-35 5.5000000000000009 2.5000000000000004 1.5000000000000002 1.0000000180025095e-35 3.5000000000000004
decision_type=10 8 2 2 10 2 2 2 2 10 10 10 10 8 2 10 10 2 2 2 8 10 2 2 2 2 2 2 10 2
left_child=1 15 14 8 22 9 16 -8 27 -4 11 19 13 -6 26 -1 -7 23 -19 -11 -10 -13 -5 24 -15 -26 -2 28 -3 -17
right_child=2 3 5 4 12 6 7 -9 20 10 -12 21 -14 17 -16 29 -18 18 -20 -21 -22 -23 -24 -25 25 -27 -28 -29 -30 -31
leaf_value=-0.052099904375556852 0.02895489335846373 0.048579333789797105 0.070899196816821428 -0.0044813752925512325 0.018787862367148613 -0.0077190598191014944 0.052702796922747208 0.017686349383860132 -0.037593178726415724 0.075130213546685642 0.042036523212056059 0.0053033610396369417 0.026670155663389664 0.048303954161909413 -0.013657617313252476 -0.044808869384745258 0.020064475805170123 -0.00025953204857983041 0.034321276623334084 0.031822663861183702 -0.0057786242659306356 0.022628906236481491 -0.026653936838779486 -0.020044322736541383 -0.019637262643280435 0.014302451351210202 -0.0001828270023139498 -0.012218399371804514 -0.034760600546747407 -0.023478963543769188
leaf_weight=3555.3862008601427 1287.9083345532417 435.27671656012535 968.97093607485294 2984.5035481005907 4694.2158308774233 7069.634361371398 2168.4719780981541 8157.363627076149 7206.3773704767227 742.97789499163628 5205.3368614464998 5254.9971674233675 2604.0247105807066 446.0248702019453 8436.5284527391195 2214.5321698486805 2316.4007485955954 11099.086343497038 1206.0395932495594 2867.6903343051672 1072.1921733021736 7367.7963934987783 4558.6132931411266 5316.218259319663 2971.4317928552628 1884.6963994204998 4317.5401218086481 3812.212107360363 152.95605058968067 6460.2564211934805
leaf_count=17158 5569 1873 4034 13287 20438 30814 9221 35206 33222 3115 21898 23009 11262 1947 37665 10424 9948 49536 5296 12237 4879 31810 20705 23999 13406 8384 18896 17152 684 29822
internal_value=1.50862e-05 -0.0127507 0.0142612 -0.00719593 -0.00145992 0.0208846 0.0127063 0.02504 -0.0242808 0.0280789 0.0261435 0.0210474 0.0026387 0.000372815 -0.00560612 -0.0356615 -0.000862298 -0.00339817 0.00312977 0.0407342 -0.0334727 0.0154161 -0.0178812 -0.0109631 -0.00185778 -0.00646503 0.00651186 -0.00698805 0.0269088 -0.0289241
internal_weight=118836 62674 56161.6 50443.9 37764.9 42119.6 19711.9 10325.8 12679 22407.8 21438.8 16233.5 30221.7 27617.7 14042 12230.2 9386.04 22923.5 12305.1 3610.67 8278.57 12622.8 7543.12 10618.4 5302.15 4856.13 5605.45 4400.44 588.233 8674.79
internal_count=526896 283474 243422 226070 168260 181292 85189 44427 57810 96103 92069 70171 134268 123006 62130 57404 40762 102568 54832 15352 38101 54819 33992 47736 23737 21790 24465 19709 2557 40246
is_linear=0
shrinkage=0.05


Tree=6
num_leaves=31
num_cat=0
split_feature=10 10 7 7 28 28 33 20 12 33 10 34 43 33 33 33 33 33 33 33 34 33 33 34 33 7 10 1 33 43
split_gain=7778.82 3120.6 1231.23 1035.09 1109.76 869.795 678.108 666.835 558.171 465.209 456.854 442.205 396.708 380.053 367.88 299.89 618.817 599.625 335.122 299.211 294.109 293.126 977.238 601.587 356.885 340.427 270.836 263.701 257.015 290.006
threshold=0.024990156646980097 0.013709851511131426 -0.27852670082240222 -0.22774295868842434 0.07344595334723579 0.15086305538850761 3334.5000000000005 0.56859722989865802 0.15000000000000022 1583.5000000000002 0.032434883788353748 2.7757039971150994 1.5000000000000002 913.50000000000011 3157.5000000000005 752.50000000000011 653.50000000000011 913.50000000000011 510.50000000000006 2938.5000000000005 3.7530265867549524 1569.5000000000002 1384.5000000000002 3.0841982945993958 1009.5000000000001 -0.16877904859817086 0.0085406396493599192 0.22599528548978523 66.500000000000014 1.0000000180025095e-35
decision_type=10 8 10 8 10 10 2 10 10 2 10 2 2 2 2 2 2 2 2 2 2 2 2 2 2 10 10 10 2 2
left_child=1 6 20 12 7 8 11 27 19 -7 -10 -1 -3 -14 26 16 18 -17 28 -4 -2 22 24 -24 -19 -23 -13 -5 29 -9
right_child=2 3 5 4 -6 9 -8 15 10 -11 -12 14 13 -15 -16 17 -18 21 -20 -21 -22 25 23 -25 -26 -27 -28 -29 -30 -31
leaf_value=0.0030110359318516623 0.040039659162616037 0.051479404487747397 0.058511835018214609 -0.023223525349692273 0.010192840965612742 0.011008987127277488 -0.057514136943366358 -0.03874374776598502 0.0032647417473298905 0.044112037502165628 0.014316722695888927 -0.0513787056876501 -0.0089109251877427867 0.022235588004024743 0.010644919380914303 -0.037818300464932925 0.032161686280452698 0.021753254313577258 -0.025349531614861316 -0.035308726308312083 0.020196997229238546 0.0038173411293725883 0.06679822728910631 0.0076823463939547573 -0.015941825413953826 -0.015350743207996759 -0.029381743445353953 0.10640682386151507 0.0070745243543627826 0.021920729578875506
leaf_weight=1041.5198296159506 4994.916841417551 681.02292467653751 781.16229799389839 9701.5731970667839 7058.8993284553289 1679.9190740585327 2370.6376661062241 702.53442999720573 22051.654635041952 2882.3126862794161 16234.410955876112 1733.1303041279316 1587.7942123115063 2556.136372089386 495.25311787426472 1851.6979588419199 1310.1171873211861 731.09177711606026 1602.6171674132347 95.354192689061165 2982.5169904828072 2812.1646610349417 740.18069100379944 1028.1469912230968 4449.1930428147316 13138.260506033897 7265.5772134959698 39.391168266534805 3742.2541015446186 273.77815800905228
leaf_count=4817 20914 2896 3231 44305 30844 7182 11662 3188 96569 12054 70099 8492 6958 11129 2314 8457 5773 3267 7230 430 12600 12536 3284 4609 20077 59541 34038 170 16674 1219
internal_value=-9.58643e-06 -0.0112649 0.014557 -0.00598641 -0.00815451 0.0112612 -0.0333531 -0.0112291 0.00885429 0.0319227 0.0079511 -0.0279165 0.0161136 0.0103014 -0.0313093 -0.00777873 0.000886776 -0.0104505 -0.00559521 0.0483053 0.0326211 -0.00823748 0.000333406 0.0324269 -0.0106219 -0.0119713 -0.0336183 -0.0226993 0.00111417 -0.0217322
internal_weight=118615 66913 51702.2 54006.9 49181.9 43724.8 12906.1 42123 39162.6 4562.23 38286.1 10535.5 4824.95 4143.93 9493.96 32382 7631.3 24750.7 6321.18 876.516 7977.43 22899 6948.61 1768.33 5180.28 15950.4 8998.71 9740.96 4718.57 976.313
internal_count=526559 303480 223079 242157 221174 189565 61323 190330 170329 19236 166668 49661 20983 18087 44844 145855 34084 111771 28311 3661 33514 103314 31237 7893 23344 72077 42530 44475 21081 4407
is_linear=0
shrinkage=0.05


Tree=7
num_leaves=31
num_cat=0
split_feature=10 9 32 32 33 33 32 7 34 32 32 33 33 33 32 10 33 32 32 33 33 7 33 33 33 33 32 33 32 34
split_gain=6915.99 2848.38 2543.57 1670.24 898.567 2289.14 1377.44 854.814 813.888 739.797 682.936 1077.42 710.422 769.546 665.957 660.277 597.211 514.611 502.403 413.443 798.69 375.79 369.45 368.597 839.545 393.405 518.67 335.815 451.174 405.815
threshold=0.023993653059334652 0.011859027903521373 3.5000000000000004 3.5000000000000004 3261.5000000000005 2813.5000000000005 8.5000000000000018 -0.29322147962498835 2.8931418480839728 1.5000000000000002 8.5000000000000018 266.50000000000006 2529.5000000000005 3261.5000000000005 11.500000000000002 0.0089568538843061551 3304.5000000000005 1.5000000000000002 5.5000000000000009 2372.5000000000005 2233.5000000000005 -0.25271640745521506 350.50000000000006 1770.5000000000002 1396.5000000000002 1009.5000000000001 11.500000000000002 3382.5000000000005 3.5000000000000004 2.9150606983496101
decision_type=10 8 2 2 2 2 2 10 2 2 2 2 2 2 2 8 2 2 2 2 2 10 2 2 2 2 2 2 2 2
left_child=1 15 17 9 5 7 -7 -4 23 -3 11 -10 18 -14 -12 -1 -6 -2 -13 20 22 -19 -9 24 25 -5 -27 28 -17 -30
right_child=2 3 4 8 16 6 -8 19 10 -11 14 12 13 -15 -16 27 -18 21 -20 -21 -22 -23 -24 -25 -26 26 -28 -29 29 -31
leaf_value=-0.0497635767352608 0.0058880104633271414 -0.0042889513081185464 0.035821109118893066 0.027244269126992106 -0.042517456193894437 0.065557438820508102 0.0178941001675973 0.026224259218754566 0.04884726498368383 -0.031094666090103803 -0.0180085641560867 -0.019379090913455792 0.0513866338781006 -0.001086406172555022 0.00833303650680077 -0.038366691312914709 0.0058388166039001774 0.0086789791822475936 0.0031397248074119862 -0.0028598424491309959 0.064042459001630817 -0.018626034396736556 0.009936511922143669 0.0012870051207196113 0.057882651593097037 -0.019087380564881087 0.071194734311414556 -0.045421001918467041 0.0081153904972119956 -0.020757765099769006
leaf_weight=3338.5016387701035 5649.9238015264273 3910.936932861805 4488.371662735939 1597.6426517665386 786.54934076964855 4140.8711570948362 2391.084868684411 4302.3827933967113 1213.7835008651018 7529.1557030826807 10376.257590964437 4382.4744322746992 1232.4340408891439 1613.4494130462408 3121.1222303360701 2847.5066227316856 3392.2343528419733 1542.956783875823 5696.2040983140469 3872.70387147367 794.77798081934452 6873.2834432572126 18248.613631278276 3004.9049652516842 1291.9501705169678 1334.0656384527683 180.62322275340557 1682.029321372509 1515.4865861982107 6178.1767325997353
leaf_count=16833 24537 17608 18561 7003 3485 17082 10203 18395 5231 35271 47056 19762 5381 7199 13861 13501 14673 6631 25165 16673 3395 30999 78726 13352 5657 5946 787 8175 6946 28715
internal_value=-1.74693e-05 -0.011541 0.012641 -0.00534255 0.018751 0.0211567 0.0481098 0.0156041 7.25323e-05 -0.0219308 -0.00387285 0.00380695 -0.000422922 0.0216375 -0.0119174 -0.0300565 -0.00326302 -0.00578437 -0.00665205 0.0122703 0.0147801 -0.0136202 0.013044 0.0147885 0.0240002 0.00993538 -0.00832144 -0.024674 -0.0213635 -0.0150704
internal_weight=118530 62046.7 56483.8 46485 42417.6 38238.8 6531.96 31706.8 35044.9 11440.1 27635.7 14138.3 12924.6 2845.88 13497.4 15561.7 4178.78 14066.2 10078.7 27218.5 23345.8 8416.24 22551 7409.19 4404.28 3112.33 1514.69 12223.2 10541.2 7693.66
internal_count=526809 283449 243360 209279 181193 163035 27285 135750 156400 52879 123655 62738 57507 12580 60917 74170 18158 62167 44927 117189 100516 37630 97121 32745 19393 13736 6733 57337 49162 35661
is_linear=0
shrinkage=0.05


Tree=8
num_leaves=31
num_cat=0
split_feature=10 10 32 32 32 32 33 33 32 33 32 34 20 33 34 38 28 33 33 33 38 34 43 12 12 5 38 26 13 32
split_gain=6289.76 2931.3 2039.63 1612.97 915.155 862.6 1312.22 1196.38 882.868 857.667 831.75 836.566 809.483 558.867 536.752 501.244 545.073 476.219 435.881 407.84 405.422 397.876 393.926 341.314 329.937 328.203 467.356 345.748 323.382 318.669
threshold=0.02644951845458279 0.015695779538093185 3.5000000000000004 3.5000000000000004 1.5000000000000002 8.5000000000000018 2813.5000000000005 3244.5000000000005 10.500000000000002 3334.5000000000005 3.5000000000000004 2.9150606983496101 0.59109162746846311 240.50000000000003 2.8361459037824157 -0.13769548433801646 0.086936848383181831 2967.5000000000005 472.50000000000006 2967.5000000000005 -0.13415185240771879 4.0698807254103899 1.0000000180025095e-35 4.6571428571428628 0.15000000000000022 -0.076756308509438584 0.0022881385325487229 0.66318991151726148 0.070845820167356063 8.5000000000000018
decision_type=10 8 2 2 2 2 2 2 2 2 2 2 10 2 2 8 10 2 2 2 10 2 2 8 10 8 10 10 10 2
left_child=1 9 20 4 18 6 13 21 17 10 -1 -12 29 -4 -10 -14 25 28 -3 22 -2 -8 -13 -6 -15 27 -27 -17 -7 -5
right_child=2 3 5 12 23 8 7 -9 14 -11 11 19 15 24 -16 16 -18 -19 -20 -21 -22 -23 -24 -25 -26 26 -28 -29 -30 -31
leaf_value=-0.040615188733422868 0.026552626986350539 0.02710106553522958 0.050944103520101404 -0.00038620456153179872 -0.032241899183348501 0.0003202533487401315 0.076085645346879505 0.002308546956546633 0.046633139222701764 -0.051758645055865839 0.014921356926494489 0.064762435207349131 0.032065494045833864 0.06414931260366219 0.016504441705952898 0.013094818698231632 0.02152157376508073 -0.027082373274983463 -0.0089488563595010364 0.0066548671660483756 -0.0070055849959800966 0.039685181665058064 -0.025559074815931827 -0.003818185202673006 0.015512140085938245 -0.01209224736995749 0.0052565078676118249 -0.01078189779717161 0.029855437702991247 -0.019396119249934837
leaf_weight=4273.7769800573587 986.99158297479153 1083.9281866252422 1339.8163934499025 3821.7548903077841 7272.9109638929367 5187.2823994606733 2450.0975350737572 972.65573871135712 1899.150389701128 2756.2684483379126 1962.3177560716867 122.37061280012131 1698.3441860228777 359.19507622718811 6670.3581225275993 8018.3698036670685 3904.5600215792656 1353.7519492954016 3703.0884999334812 1202.1681449860334 10213.252425089478 1082.345027372241 8939.74410623312 1235.5986417233944 11917.795263558626 7465.0184509754181 8087.7588106989861 1869.7208189666271 1128.3798050135374 5209.765546143055
leaf_count=20783 4211 4710 5596 16971 34231 22317 9967 4166 7912 13949 8908 544 7211 1463 28386 35354 16656 5947 16685 5642 45226 4442 42014 5710 50702 33733 35846 8177 4779 23864
internal_value=-8.18011e-05 -0.00921759 0.0144813 -0.00318382 -0.0182748 0.0205212 0.0280205 0.0514119 0.0121523 -0.0259405 -0.0216278 -0.0149907 0.00182281 0.0202814 0.0231815 0.00565572 0.00412728 -0.000171238 -0.000786042 -0.0207093 -0.00404836 0.0649325 -0.0243394 -0.0281142 0.0169351 0.00145767 -0.00307054 0.00858001 0.00559712 -0.0113519
internal_weight=118189 72627.5 45561.1 53370.8 13295.5 34360.8 18121.9 4505.1 16238.9 19256.6 16500.4 12226.6 40075.3 13616.8 8569.51 31043.8 29345.4 7669.41 4787.02 10264.3 11200.2 3532.44 9062.11 8508.51 12277 25440.9 15552.8 9888.09 6315.66 9031.52
internal_count=526102 330988 195114 239148 61336 145677 76336 18575 69341 91840 77891 57108 177812 57761 36298 136977 129766 33043 21395 48200 49437 14409 42558 39941 52165 113110 69579 43531 27096 40835
is_linear=0
shrinkage=0.05


Tree=9
num_leaves=31
num_cat=0
split_feature=9 32 5 8 7 4 8 32 7 33 33 9 32 33 32 32 43 34 32 32 43 32 33 32 5 9 11 33 43 32
split_gain=4962.59 2423.48 1987.82 1121.85 1102.59 1035.29 936.237 641.697 639.959 639.738 1666.44 562.908 533.144 519.922 519.843 762.79 512.245 464.256 438.081 433.192 588.076 393.071 362.581 350.358 348.984 347.095 345.904 339.804 330.556 319.633
threshold=0.018301057499224841 3.5000000000000004 -0.10828025477707008 0.038736657231524758 -0.29322147962498835 0.13068456833582667 0.099103563424673427 4.5000000000000009 -0.23838696563154757 3261.5000000000005 2967.5000000000005 0.0060313878924530022 1.5000000000000002 472.50000000000006 8.5000000000000018 11.500000000000002 3.5000000000000004 3.1182020550779153 1.5000000000000002 10.500000000000002 2.5000000000000004 4.5000000000000009 484.50000000000006 8.5000000000000018 0.26829268292682901 0.042522269388508789 0.41868394731335801 2558.5000000000005 1.5000000000000002 5.5000000000000009
decision_type=10 2 8 8 8 10 10 2 8 2 2 10 2 2 2 2 2 2 2 2 2 2 2 2 8 10 10 2 2 2
left_child=2 8 6 11 28 9 13 18 -2 10 17 -4 -10 -1 26 -16 -17 19 22 -6 -21 -13 -5 27 -14 -19 -9 -7 -3 -15
right_child=1 4 3 7 5 23 -8 14 12 -11 -12 21 24 29 15 16 -18 25 -20 20 -22 -23 -24 -25 -26 -27 -28 -29 -30 -31
leaf_value=0.033702017538625541 0.013501054988531276 0.060027193880150966 -0.049979677919091615 0.028224452580874027 0.0087052075878831497 0.023468914113211153 0.054971927926706292 0.036387278316738332 -0.00051588321687193986 -0.012244685277959492 0.048705072869479914 -0.038265470705762888 -0.024716126330407779 -0.013860477065786284 -0.023581289537620578 -0.021789375995972127 0.040797135579930199 -0.00026034442840522419 -0.033723558059629524 0.0075177578742898644 0.054165975453220487 -0.017808660535899225 -0.018267638835010386 0.013886334493010827 6.09866382787546e-05 0.022904758796709331 -2.8370318028334415e-06 0.048168040999114835 0.028140840108844031 0.0061205365492408665
leaf_weight=1092.4531346559525 2812.1145112365484 979.58515223860741 2927.0349445790052 559.83186547458172 9048.1001409739256 4022.2279851436615 892.86704371869564 729.64372517168522 5713.9614080488682 3989.6180564761162 2445.4318633824587 3652.2350363880396 7420.1548239886761 3701.0802985429764 5680.9120063185692 519.41624982655048 882.21724398434162 19956.963622301817 4475.5056194961071 1313.5673529654741 1391.1433991491795 6576.634987205267 1671.2933329790831 4697.5587517917156 1757.8405527621508 1759.6131730675697 6218.6318375021219 2129.934853091836 4773.2678397446871 4358.5636334866285
leaf_count=4722 12140 3971 15098 2469 39086 17063 3714 3121 25083 17617 10221 17703 34539 17047 26451 2368 3934 87197 21416 5685 5871 30978 7839 20116 7996 7473 28053 8705 19695 19399
internal_value=-0.000117423 0.00776747 -0.0134349 -0.0192245 0.012825 0.0104736 0.00610042 -0.0119791 -0.00837499 0.00674999 0.00886002 -0.0306454 -0.0125059 0.00133258 -0.00589823 -0.0154308 0.0176039 0.00594875 -0.0247009 0.0139535 0.0315108 -0.0251128 -0.00660189 0.0241687 -0.0199706 0.00161664 0.00381852 0.03202 0.0335704 -0.00305497
internal_weight=118149 74211.1 43938.3 33893.4 56507 50754.2 10045 20737.5 17704.1 39904.4 35914.8 13155.9 14892 9152.1 14030.8 7082.55 1401.63 33469.4 6706.63 11752.8 2704.71 10228.9 2231.13 10849.7 9178 21716.6 6948.28 6152.16 5752.85 8059.64
internal_count=526770 322458 204312 159430 242700 219034 44882 95651 79758 173150 155533 63779 67618 41168 63927 32753 6302 145312 31724 50642 11556 48681 10308 45884 42535 94670 31174 25768 23666 36446
is_linear=0
shrinkage=0.05


Tree=10
num_leaves=31
num_cat=0
split_feature=10 9 32 32 33 33 32 28 5 10 32 7 43 33 32 33 12 32 32 13 26 38 33 32 5 33 33 12 32 32
split_gain=5283.03 2383.41 1716.44 1335.34 716.292 1695.78 961.975 684.051 886.558 671.459 618.399 610.732 536.711 645.701 581.348 492.079 386.264 384.552 542.966 405.616 378.456 363.618 362.273 475.022 360.945 333.681 319.688 317.678 314.357 377.503
threshold=0.025090321116544783 0.012497651022006848 3.5000000000000004 3.5000000000000004 3244.5000000000005 2813.5000000000005 8.5000000000000018 0.076378146670915012 -0.17369074049889024 0.0089568538843061551 1.5000000000000002 -0.24087392350683176 3.5000000000000004 1555.5000000000002 10.500000000000002 430.50000000000006 1.9285714285714299 5.5000000000000009 8.5000000000000018 0.0084900288394299719 0.3700435391074483 0.077291557157480387 740.50000000000011 10.500000000000002 -0.13300276673550962 3304.5000000000005 640.50000000000011 3.028571428571432 6.5000000000000009 11.500000000000002
decision_type=10 8 2 2 2 2 2 10 8 8 2 10 2 2 2 2 10 2 2 10 10 10 2 2 10 2 2 8 2 2
left_child=1 9 24 10 5 11 -7 8 -5 -1 -3 15 -10 14 -14 -4 -16 -11 20 -20 -19 -13 -21 -24 -2 -6 -17 -12 -9 -30
right_child=2 3 4 7 25 6 -8 28 12 17 27 21 13 -15 16 26 -18 18 19 22 -22 -23 23 -25 -26 -27 -28 -29 29 -31
leaf_value=-0.046191150068530605 0.012275132733198713 -0.0027952259851323131 0.049597422477003245 0.017884499705688728 -0.0288119452522306 0.058529774038195509 0.01726242888633164 0.042633263618728399 -0.012147825711098452 -0.031220424108321782 -0.032495294861589905 0.0054437591709629481 0.0048021025976965892 -0.0098529387677413205 0.057632983052618908 -0.011296101655190592 0.0031979049552538145 -0.0027064601526618284 -0.050581567961769353 0.027977706053309882 0.08354349368446351 0.019291596458963278 -0.039299227464659747 -0.0024439183626749099 -0.0084663040780227471 0.005099340161892672 0.023952987184259433 -0.0087365250487953915 0.0054763362738198948 0.048495852289586971
leaf_weight=3169.4324916601181 2653.0072015821934 4118.2589776664972 1769.0069178044796 4815.6383020579815 961.43640232086182 3838.5525381863117 2234.0917258262634 1016.3773467391729 14109.92231747508 5406.4539216905832 5861.2250488400459 14426.22053155303 5359.4163171499968 6127.0941750556231 1011.2177863717079 737.02996122837067 480.85132524371147 3539.7156158387661 1176.1199131011963 400.19104693830013 131.92566025257111 7060.5785239338875 1887.6013647913933 1628.6213142722845 10017.494678467512 2954.9030925184488 5054.5953373759985 1851.3633777797222 3571.2396572232246 594.89978110790253
leaf_count=16903 11492 18596 7280 20665 4247 15527 9415 4289 64339 26385 28411 61833 23887 27580 4418 3068 2139 16418 5857 1833 585 29828 9036 7632 44777 12732 20973 8819 15377 2525
internal_value=-0.000111259 -0.0094587 0.0118666 -0.00381264 0.0170567 0.0193184 0.0433477 0.000853222 -0.00188364 -0.0253866 -0.0184389 0.0142948 -0.0053979 0.00194041 0.0124869 0.026517 0.0400901 -0.0207334 -0.0142642 -0.0248315 0.000392585 0.00999417 -0.0170986 -0.0222288 -0.00412337 -0.00322566 0.0194673 -0.0267921 0.0177016 0.0116193
internal_weight=117964 66257.6 51706.9 48917.5 39036.4 35120.1 6072.64 37086.7 31904.1 17340.1 11830.8 29047.4 27088.5 12978.6 6851.49 7560.63 1492.07 14170.6 8764.17 5092.53 3671.64 21486.8 3916.41 3516.22 12670.5 3916.34 5791.63 7712.59 5182.52 4166.14
internal_count=526866 305694 221172 221045 164903 147924 24942 165219 143028 84649 55826 122982 122363 58024 30444 31321 6557 67746 41361 24358 17003 91661 18501 16668 56269 16979 24041 37230 22191 17902
is_linear=0
shrinkage=0.05


Tree=11
num_leaves=31
num_cat=0
split_feature=10 32 10 32 33 32 33 32 43 33 33 32 34 32 33 33 32 7 43 33 32 32 43 33 33 34 43 33 33 28
split_gain=4908.16 2554 1933.94 977.292 824.214 816.582 1056.82 970.925 883.323 834.791 1226.05 762.395 819.662 626.744 772.582 644.809 587.759 544.891 519.925 995.501 707.936 505.864 889.426 798.755 576.556 427.153 419.599 429.236 410.241 401.222
threshold=0.016043760611815751 3.5000000000000004 0.028688052115434085 1.5000000000000002 3334.5000000000005 8.5000000000000018 240.50000000000003 11.500000000000002 2.5000000000000004 2529.5000000000005 3275.5000000000005 3.5000000000000004 2.8931418480839728 8.5000000000000018 2813.5000000000005 3244.5000000000005 10.500000000000002 -0.25271640745521506 1.0000000180025095e-35 740.50000000000011 10.500000000000002 5.5000000000000009 1.5000000000000002 2143.5000000000005 653.50000000000011 2.7600099460688363 1.0000000180025095e-35 2967.5000000000005 472.50000000000006 -0.07103949372021523
decision_type=8 2 10 2 2 2 2 2 2 2 2 2 2 2 2 2 2 10 2 2 2 2 2 2 2 2 2 2 2 10
left_child=4 3 5 28 11 6 -3 18 -9 21 -11 -1 -13 14 -4 -16 -15 -5 -7 25 -21 22 -8 24 -23 -20 -14 -28 -2 -30
right_child=1 2 13 17 -6 7 9 8 -10 10 -12 12 26 16 15 -17 -18 -19 19 20 -22 23 -24 -25 -26 -27 27 -29 29 -31
leaf_value=-0.036498469346016929 0.025006924779681073 0.047662993927903449 0.019907810200484211 0.0061799923641598781 -0.047997165297843356 -0.039920780377678211 0.069355209998078732 -0.0080808983746677894 0.032964943534305763 0.049191299726231486 -4.2625579551077741e-05 0.016480633446492015 0.065104819007708467 0.0005759540797892215 0.055584906836489922 0.0010320052656493345 0.021492704660340787 -0.021631967272204254 0.081766389167030537 -0.022797455851481453 0.0031574969449520208 -0.0081973367016309525 -0.013214262187846677 -0.026200280302403813 0.020792540834748272 0.012783307051955135 -0.022669713913614976 0.0086890627056863574 0.052502878536499611 -0.0044292482005656815
leaf_weight=4390.4674637168646 1733.8091392815113 1656.8965264856815 10903.551943317056 2050.2612629383802 2744.4372501820326 1364.9516575932503 342.80098044872284 2403.5743744522333 2882.9065961241722 2492.1316741257906 2566.966305360198 2066.5529735535383 150.21016992628574 6295.0805749297142 3126.8148521780968 655.16771852970123 7199.7324818223715 12487.397438660264 245.20397655665874 7844.4225124269724 3950.169422313571 2285.7106885761023 6712.4724757820368 1465.6953946053982 6870.183299228549 2645.9693072885275 9448.9513973742723 1233.7117318958044 323.39368863403797 7184.6316201537848
leaf_count=22233 7464 6988 45669 8946 14598 6533 1443 10761 12352 10496 11394 9388 656 26933 12585 2783 30104 59232 1051 35528 17579 9875 29852 6416 29961 11603 45222 5849 1411 31901
internal_value=1.92726e-06 0.0046253 0.00921099 -0.00962773 -0.0225422 0.0028619 0.00911083 -0.00428194 0.0143029 0.00630132 0.0242102 -0.0185017 -0.0123763 0.0195141 0.026662 0.0461345 0.0117354 -0.0177096 -0.0104031 -0.00765956 -0.0141048 0.00117582 -0.00920238 0.00806943 0.0135554 0.0186338 -0.0178813 -0.0190482 0.0030853 -0.00197701
internal_weight=117724 97689.9 73910.4 23779.5 20034.3 45730.1 24392.9 21337.2 5286.48 22736 5059.1 17289.9 12899.4 28180.3 14685.5 3781.98 13494.8 14537.7 16050.7 14685.8 11794.6 17676.9 7055.27 10621.6 9155.89 2891.17 10832.9 10682.7 9241.83 7508.03
internal_count=526806 428860 319906 108954 97946 201832 106425 95407 23113 99437 21890 83348 61115 118074 61037 15368 57037 68178 72294 65761 53107 77547 31295 46252 39836 12654 51727 51071 40776 33312
is_linear=0
shrinkage=0.05


Tree=12
num_leaves=31
num_cat=0
split_feature=9 32 7 9 38 28 32 8 33 7 32 32 7 32 32 33 32 33 34 26 33 33 34 33 11 32 32 26 32 32
split_gain=3975.77 1832.2 1382.93 959.158 892.834 918.241 807.314 709.345 697.259 557.138 554.571 658.667 539.795 488.429 371.247 469.246 373.243 364.12 360.529 359.231 333.833 812.502 355.647 326.801 300.297 297.054 350.18 370.053 286.716 524.194
threshold=0.017985545875954651 3.5000000000000004 -0.17756671760982232 0.008915427200350946 -0.15918797927950537 0.081313210746686806 5.5000000000000009 0.095675497061222262 484.50000000000006 -0.22774295868842434 8.5000000000000018 11.500000000000002 -0.22967872777333134 1.5000000000000002 8.5000000000000018 2529.5000000000005 11.500000000000002 3382.5000000000005 3.1878998236700151 0.35787713430734031 3244.5000000000005 2967.5000000000005 3.7988536803227713 392.50000000000006 0.4378809894019508 4.5000000000000009 8.5000000000000018 0.18638523042989549 3.5000000000000004 1.5000000000000002
decision_type=10 2 8 8 8 10 2 10 2 10 2 2 8 2 2 2 2 2 2 8 2 2 2 2 8 2 2 10 2 2
left_child=2 9 7 17 -3 12 8 23 28 -2 -8 -12 -6 -11 15 -7 -16 25 -18 -13 21 -14 -23 -1 -9 -4 27 -27 29 -5
right_child=1 4 3 6 5 14 10 24 -10 13 11 19 20 -15 16 -17 18 -19 -20 -21 -22 22 -24 -25 -26 26 -28 -29 -30 -31
leaf_value=0.031040676785994717 0.010454076220219643 0.034863778357576883 -0.04326903106809879 0.029086248903353869 0.01796679431435429 0.018809100721787833 0.0050813095977843281 0.067894352923360865 -0.028187269856063398 0.00014207515583654478 -0.020356856495581385 0.021971845458903717 0.003248419685948173 -0.018935953880863783 0.002878373677463316 0.045468873126852993 0.072655391577374259 -0.052543188349098435 0.015282273045294229 -0.035465784884402975 -0.010599218808446038 0.059617470121993865 0.012529942974504139 -0.0027978569413462731 0.0061208158748550859 -0.0092788941763103979 -0.032876708593621927 0.070184446690948865 0.052570589697705242 -0.039686063275567687
leaf_weight=809.15241432189941 3573.2003715932369 3717.5798832774162 1765.9621983915567 608.21573448181152 7857.3163393139839 4157.7414814829826 7117.7334424555302 618.7507371455431 9160.3939916342497 5435.0477991104126 7318.4218612611294 1623.5707413703203 29282.406313613057 8765.4557157456875 3492.2897846996784 2737.142025321722 418.18198518455029 1781.8827057033777 793.18086515367031 327.05712904036045 3767.4927260875702 935.81191477179527 701.67763732373714 6036.5040503889322 288.45268724858761 1531.5687579214573 1917.8552630543709 162.00876720249653 303.34008944034576 508.92805252969265
leaf_count=3439 15508 15268 9343 2639 32848 17289 31972 2515 44908 23949 34799 7291 127435 41595 14959 11065 1722 10010 3306 1498 16779 3873 2915 27082 1244 7492 9653 687 1323 2492
internal_value=4.06084e-06 0.00684755 -0.0123552 -0.0166858 0.0111607 0.00953319 -0.0123669 0.00670754 -0.0231329 -0.00719352 -0.00541529 -0.0134757 0.00613337 -0.0116341 0.0220041 0.0293925 0.0111736 -0.0329546 0.0350884 0.0123414 0.00345289 0.0051651 0.0394401 0.00120184 0.048253 -0.0264636 -0.0182458 -0.00167738 0.00946166 -0.00224379
internal_weight=117514 75634.5 41879.8 34126.9 57860.8 54143.2 26967.7 7752.86 10580.9 17773.7 16386.8 9269.05 42544.7 14200.5 11598.5 6894.88 4703.65 7159.28 1211.36 1950.63 34687.4 30919.9 1637.49 6845.66 907.203 5377.39 3611.43 1693.58 1420.48 1117.14
internal_count=526898 328511 198387 164107 247459 232191 126922 34280 51362 81052 75560 43588 183850 65544 48341 28354 19987 37185 5028 8789 151002 134223 6788 30521 3759 27175 17832 8179 6454 5131
is_linear=0
shrinkage=0.05


Tree=13
num_leaves=31
num_cat=0
split_feature=10 32 10 32 10 32 43 32 32 43 34 32 32 32 10 43 9 34 32 38 9 34 43 43 28 11 34 34 13 11
split_gain=4169.85 2037.11 1522.49 854.306 726.557 643.688 782.896 610.34 599.905 692.18 586.524 533.711 620.951 489.191 484.42 455.359 474.331 439.863 422.734 395.434 390.332 367.459 364.84 331.016 321.207 313.882 284.561 272.79 263.45 260.706
threshold=0.016371924638949455 3.5000000000000004 0.026663318319092851 1.5000000000000002 0.0089568538843061551 8.5000000000000018 1.5000000000000002 3.5000000000000004 11.500000000000002 3.5000000000000004 2.8593355435749763 8.5000000000000018 10.500000000000002 5.5000000000000009 0.030415667037861003 1.0000000180025095e-35 0.042973291532708527 3.0610489973715933 5.5000000000000009 -0.13106682683091217 0.039393053103695584 3.3792910951838295 1.0000000180025095e-35 2.5000000000000004 0.15086305538850761 0.32229441857794688 2.947063657109513 3.7530265867549524 0.032612008159785051 0.73731448904021302
decision_type=8 2 10 2 10 2 2 2 2 2 2 2 2 2 8 2 8 2 2 10 10 2 2 2 10 10 2 2 10 8
left_child=4 3 5 23 -1 6 18 -6 15 -10 -9 25 20 19 -5 -7 21 -14 -3 -8 -13 29 -12 -2 -21 -4 -11 -20 -24 -17
right_child=1 2 11 14 7 8 13 10 9 26 22 12 17 -15 -16 16 -18 -19 27 24 -22 -23 28 -25 -26 -27 -28 -29 -30 -31
leaf_value=-0.042870677790474307 0.019004271507095168 0.058701063048263336 0.056112313246089673 -0.022371485950546416 -0.032562677916622935 -0.038247959006513149 0.025412658421909359 0.012288021441747237 -0.0075882954080513324 0.064215700745331741 0.057814711694486355 -0.0084725929467947946 0.035754906024368212 0.011183985315103838 -0.0023446348733719546 -0.020596486561769465 0.070237352105773448 0.011233469709982204 -0.027722568155872603 -0.011467189504478588 0.016112796099262257 -0.016750263692399594 -0.019995168138671068 -0.0024140596724732911 0.062906350138465017 0.020781620318752355 0.02120731723789784 0.038495443625082046 0.0023493998547534159 0.0061233824698695089
leaf_weight=3042.5649446547031 2479.8671542257071 1097.1456774175167 652.23388363420963 9812.021061360836 4417.6716599315405 1326.3482893109322 914.5340293943882 2228.4841102063656 2441.2755255699158 505.61216028034687 165.84404814243317 5237.3339813053608 2634.6989948451519 11571.662908896804 4361.7887730002403 1145.8651265352964 193.56506597995758 5978.7995426207781 295.30342191457748 6245.0966511070728 2333.8529967218637 6505.9461848884821 9522.5003953129053 6618.1262556612492 148.62863381206989 17379.030597552657 1606.9400906711817 328.59709474444389 1531.2805671989918 4490.1793981343508
leaf_count=17168 10767 4547 2640 47612 22779 6489 3857 10194 10964 2101 701 22670 10809 50166 19722 5406 864 25066 1282 28165 9815 29635 45829 29341 607 72268 6836 1391 7048 19837
internal_value=-4.50587e-05 0.00434914 0.00845411 -0.00853328 -0.0202848 0.00167624 0.00773073 -0.0164384 -0.00517106 0.0105454 -0.0111417 0.0161433 0.00955207 0.00478784 -0.0162085 -0.0104097 -0.00741649 0.0187341 0.0400143 -0.00533961 -0.000894034 -0.00865443 -0.0157954 0.003424 -0.0097383 0.0220596 0.0315008 0.00715326 -0.0168998 0.000690962
internal_weight=117213 96304.5 73032.7 23271.8 20908.3 38816.7 20601 17865.8 18215.7 4553.83 13448.1 34215.9 16184.7 18879.9 14173.8 13661.9 12335.6 8613.5 1721.05 7308.26 7571.19 12142 11219.6 9097.99 6393.73 18031.3 2112.55 623.901 11053.8 5636.04
internal_count=526576 422857 315415 107442 103719 172147 90015 86551 82132 19901 63772 143268 68360 82795 67334 62231 55742 35875 7220 32629 32485 54878 53578 40108 28772 74908 8937 2673 52877 25243
is_linear=0
shrinkage=0.05


Tree=14
num_leaves=31
num_cat=0
split_feature=10 10 32 10 32 32 32 32 33 33 33 32 43 34 33 33 32 43 43 33 32 33 33 33 33 32 33 33 34 33
split_gain=3862.31 1683.24 942.555 873.807 715.48 655.429 601.542 580.497 756.501 694.944 922.6 693.641 656.176 553.904 499.081 758.198 494.814 449.422 431.801 652.043 597.177 395.854 378.065 667.691 566.508 402.393 464.304 471.416 355.366 346.673
threshold=0.017347078464811833 0.02907061098183927 3.5000000000000004 0.011065173719388798 3.5000000000000004 3.5000000000000004 1.5000000000000002 8.5000000000000018 227.50000000000003 2529.5000000000005 3275.5000000000005 11.500000000000002 2.5000000000000004 2.8593355435749763 3244.5000000000005 2813.5000000000005 8.5000000000000018 1.0000000180025095e-35 1.0000000180025095e-35 740.50000000000011 10.500000000000002 792.50000000000011 653.50000000000011 1025.5000000000002 547.50000000000011 4.5000000000000009 2432.5000000000005 1351.5000000000002 2.8478079206112956 3334.5000000000005
decision_type=8 10 2 10 2 2 2 2 2 2 2 2 2 2 2 2 2 2 2 2 2 2 2 2 2 2 2 2 2 2
left_child=3 2 6 -1 -5 -3 -2 8 -4 22 -11 18 -13 29 15 -7 -17 -15 -9 -20 -21 -22 24 -24 -10 -25 27 -27 -23 -6
right_child=1 5 7 4 13 14 -8 11 9 10 -12 12 -14 17 -16 16 -18 -19 19 20 21 28 23 25 -26 26 -28 -29 -30 -31
leaf_value=-0.034792592151321793 0.00153193035876827 0.0010362071874080998 0.042559712964568341 -0.029078253799667338 0.020004627019104337 0.014815835737715692 -0.020148072548082822 -0.036103877071905377 0.0066683869906063791 0.04438730104674609 0.00037972484431635306 -0.0067323278473399228 0.029552983872718076 0.060305887826558074 -0.0042845698205615963 0.049278785912467864 0.016378380485040755 -0.012707465677196984 0.015583379212099534 -0.01991249294572392 -0.038710317829624294 0.0429869807764309 0.02859560514907904 -0.02071588379089024 -0.032504831125850196 -0.013615530885882604 -0.025817568366134996 0.016035869331099649 0.0024014343812665344 -0.047163411193352787
leaf_weight=5659.8424836844206 5100.733820900321 8431.8623888045549 1517.1098630726337 4810.4908735603094 2320.2556076347828 19929.087183341384 8584.063484236598 1303.7741478383541 1845.5050032287836 2433.3816231489182 2332.6058437079191 2306.0960809439421 2710.2412850260735 214.71075502038002 2504.886433288455 3022.939074575901 1837.487440764904 11456.882968038321 2788.5372459739447 7188.3996468931437 457.55125033855438 683.80144122242928 2470.7493707239628 1961.802689447999 1846.2046899944544 1761.6872343420982 1104.4678872227669 5606.1703647077084 2553.2221229821444 209.4437540769577
leaf_count=30911 22679 37455 6293 24709 10351 83008 42062 6484 7888 10089 10325 10321 11414 895 10765 12165 7634 54125 12138 32835 2044 2946 10607 8892 8068 7695 4844 24372 11387 1055
internal_value=2.64358e-05 0.00472457 -0.000642509 -0.0175466 -0.0124124 0.0132209 -0.0120673 0.00300435 0.00844293 0.00602006 0.0228488 -0.0032199 0.012872 -0.00676712 0.016985 0.0191342 0.0368408 -0.0113643 -0.00861028 -0.00598837 -0.0115157 0.00482166 0.00118741 0.00522368 -0.0129219 -0.000310677 0.00441423 0.00894609 0.0109749 0.0144435
internal_weight=116954 92282.4 56556.1 24671.6 19011.8 35726.3 13684.8 42871.3 22879.7 21362.6 4765.99 19991.6 5016.34 14201.3 27294.4 24789.5 4860.43 11671.6 14975.3 13671.5 10883 3694.57 16596.6 12904.9 3691.71 10434.1 8472.33 7367.86 3237.02 2529.7
internal_count=526456 404410 253383 122046 91135 151027 64741 188642 99073 92780 20414 89569 21735 66426 113572 102807 19799 55020 67834 61350 49212 16377 72366 56410 15956 45803 36911 32067 14333 11406
is_linear=0
shrinkage=0.05


Tree=15
num_leaves=31
num_cat=0
split_feature=10 32 9 10 32 32 33 34 33 33 33 34 7 5 32 43 26 7 7 32 33 32 7 9 12 43 38 33 33 32
split_gain=3507.62 1473.32 1266.06 843.759 628.106 532.849 456.886 444.211 436.263 412.101 628.98 494.315 397.103 559.602 354.329 348.412 341.914 335.187 320.246 320.098 542.734 363.614 318.492 310.196 295.595 278.51 277.481 274.684 355.111 251.419
threshold=0.019340137910241372 3.5000000000000004 0.010754816231720482 0.030124308044520317 3.5000000000000004 1.5000000000000002 3382.5000000000005 2.8931418480839728 240.50000000000003 3244.5000000000005 2813.5000000000005 4.0698807254103899 -0.052236241473047111 -0.075206668047108058 8.5000000000000018 1.0000000180025095e-35 0.67478439222082209 -0.23838696563154757 -0.30681088808495732 8.5000000000000018 280.50000000000006 5.5000000000000009 -0.19529046095392052 0.038742605749582083 3.97857142857143 2.5000000000000004 -0.0086025708894642543 2813.5000000000005 3261.5000000000005 3.5000000000000004
decision_type=10 2 8 10 2 2 2 2 2 2 2 2 10 10 2 2 10 10 10 2 2 2 10 10 10 2 10 2 2 2
left_child=2 5 6 8 22 25 29 -6 15 10 18 14 13 16 -12 -3 27 -7 -5 20 -9 -22 -4 -16 -19 -2 -15 -10 -29 -1
right_child=1 3 4 9 7 17 -8 19 12 -11 11 -13 -14 26 23 -17 -18 24 -20 -21 21 -23 -24 -25 -26 -27 -28 28 -30 -31
leaf_value=-0.037643604329138249 0.021019856504177779 0.052469527980150123 0.0031765596876315418 0.030404324930378875 0.01220205736566197 0.0051430276838443289 -0.049269297164936936 0.03839379939842149 0.0095307006663310437 -0.0036120253387398266 0.059926122993833222 0.0099480514180331492 0.014887372476260303 -0.013134785334699856 -0.0022686551306956397 0.00076053633135236766 -0.0032728846906979834 -0.021324305580304605 0.0118343021960928 -0.013341932109969302 -0.016690524772881393 0.0054594305055414415 -0.025993969393054803 0.047279410153070862 0.00039467796227052532 -0.0012664853447483552 0.00084207088661606203 0.058656681610835107 0.013475702614752907 -0.017403089799554117
leaf_weight=2055.4898622483015 1853.3840438723564 842.3788263052702 1138.8899994939566 2744.714565500617 3961.9242770373821 2119.809660166502 1990.7462105602026 847.91620643436909 7506.1173865944147 2230.7951710224152 1906.0903999507427 1328.9984142631292 6478.3879318535328 6754.4843174517155 553.94700632989407 531.17817018926144 4304.5315719842911 7578.5167138576508 15062.749497637153 8367.5649770051241 3177.604889318347 4444.1679812520742 5245.5418929308653 735.00657005608082 1974.8284762352705 5754.2013717442751 7487.3630915433168 714.45514935255051 1111.4903877675533 6050.1478942632675
leaf_count=11360 7953 3429 5284 11079 17556 9213 11733 3525 32374 9584 7691 5402 27834 30427 2300 2236 18383 36921 62797 39428 14959 19935 26700 3023 9385 25394 32759 2967 4924 30565
internal_value=-3.15956e-05 0.00589779 -0.0126877 0.00974516 -0.00707224 -0.00613331 -0.027807 -0.00286138 0.00484102 0.0168791 0.0189261 0.0355743 0.00373633 0.00114505 0.0462337 0.0324728 0.0083845 -0.0128436 0.0146966 -0.00640592 0.00044647 -0.00377514 -0.0207904 0.0259854 -0.0168346 0.00416298 -0.00578674 0.0137616 0.0311541 -0.0225358
internal_weight=116853 79573.4 37280 60292.7 27183.6 19280.7 10096.4 20799.2 35730.4 24562.3 22331.5 4524.04 34356.8 27878.4 3195.04 1373.56 13636.6 11673.2 17807.5 16837.3 8469.69 7621.77 6384.43 1288.95 9553.35 7607.59 14241.8 9332.06 1825.95 8105.64
internal_count=527120 346075 181045 257209 127387 88866 53658 95403 155333 101876 92292 18416 149668 121834 13014 5665 58648 55519 73876 77847 38419 34894 31984 5323 46306 33347 63186 40265 7891 41925
is_linear=0
shrinkage=0.05


Tree=16
num_leaves=31
num_cat=0
split_feature=10 10 32 13 5 32 32 43 43 32 32 32 32 32 43 5 13 13 38 32 32 34 34 12 9 34 34 38 38 34
split_gain=3232.99 1567.59 979.539 689.302 610.584 571.812 680.28 677.084 605.104 587.477 581.276 565.948 499.812 464.935 389.295 489.378 366.095 364.091 347.102 344.109 481.038 321.261 321.152 317.03 309.485 262.918 257.328 248.163 244.416 242.855
threshold=0.016256410679891704 0.028817639307220731 3.5000000000000004 0.012836076653847289 -0.15641749810234332 8.5000000000000018 11.500000000000002 1.5000000000000002 3.5000000000000004 5.5000000000000009 6.5000000000000009 1.5000000000000002 5.5000000000000009 4.5000000000000009 1.0000000180025095e-35 -0.26645663536772374 0.04079610204440056 0.012400907935524978 -0.09531147106062908 8.5000000000000018 10.500000000000002 2.8707317708119455 3.2939815763060616 5.1000000000000041 0.036943068281848485 3.7316987250416642 3.3036763210604883 0.034731510890509194 -0.10827104828090571 2.947063657109513
decision_type=8 10 2 10 10 2 2 2 2 2 2 2 2 2 2 10 8 10 10 2 2 2 2 8 10 2 2 10 10 2
left_child=3 2 11 -1 -3 7 14 9 -8 -4 16 -2 18 -6 -7 -16 -9 -17 -5 -15 24 -14 -19 28 -21 -11 -22 -20 -13 -10
right_child=1 4 5 12 13 6 8 10 29 25 -12 23 21 19 15 17 -18 22 27 20 26 -23 -24 -25 -26 -27 -28 -29 -30 -31
leaf_value=-0.035936257737650974 0.00028011279182876299 0.024534991250874254 0.053833353064064532 0.014223591595063251 -0.0013042403881038346 -0.035305942129173144 -0.0043102430298580614 -0.0067658683838717065 0.056152272313555046 -0.025513462233637974 0.014562285749444501 -2.563578171979913e-05 0.01466797601777297 0.019388121102429379 0.032038702164590531 -0.043404938543798684 0.012499668238901524 0.0025465420415184039 -0.031644455228426044 -0.014846504582851805 0.031771868927159365 -0.010139505850335791 -0.013409326925425475 0.0032065632670809636 0.0090473279873935931 0.029513090089556888 0.008920839616112607 -0.0021771188813730791 -0.027222101478106903 0.020536443654504497
leaf_weight=4326.9472674131393 5407.4798094779253 7643.556207343936 1392.4236445277929 543.61019550263882 8353.6850564032793 1274.7618372440338 2758.2335824966431 9656.296802341938 640.17769640684128 443.24163502454758 9245.6843434274197 939.74174571037292 1576.24918577075 9926.6640413403511 779.99830359220505 715.35463434457779 3311.5223805904388 5404.5170248299837 5104.1575442254543 2969.202230155468 1926.5683393329382 7585.7473652809858 7572.0398287624121 1248.8657809942961 2493.1409429609776 425.43598128855228 3417.3898576498032 830.78454241156578 6832.8460590839386 1896.7165890485048
leaf_count=24394 24171 31548 5685 2619 37079 6478 12362 42855 2616 1913 39647 4433 7119 40945 3314 3577 14258 24050 26792 12857 7898 36854 34434 6022 10459 1781 14240 4209 34650 7977
internal_value=4.24434e-05 0.00382553 -0.00115829 -0.0182739 0.0119593 0.00244033 -0.00360373 0.00763666 0.0118997 0.0337031 0.00498336 -0.0125102 -0.0133877 0.00865465 -0.00881708 -0.0064838 -0.00184613 -0.00867834 -0.0240169 0.0126673 0.00649349 -0.00587157 -0.00676398 -0.0201768 -0.0039408 0.00143586 0.0171589 -0.0275196 -0.0239339 0.029524
internal_weight=116643 96675.5 59945.3 19967.5 36730.2 45516.4 21041.8 24474.6 5295.13 2261.1 22213.5 14428.9 15640.5 29086.7 15746.7 14471.9 12967.8 13691.9 6478.55 20733 10806.3 9162 12976.6 9021.45 5462.34 868.678 5343.96 5934.94 7772.59 2536.89
internal_count=527236 425249 270223 101987 155026 200947 94808 106139 22955 9379 96760 69276 77593 123478 71853 65375 57113 62061 33620 86399 45454 43973 58484 45105 23316 3694 22138 31001 39083 10593
is_linear=0
shrinkage=0.05


Tree=17
num_leaves=31
num_cat=0
split_feature=10 7 32 32 33 33 32 43 33 32 33 8 11 33 32 38 33 9 9 33 33 32 8 38 33 33 33 33 33 33
split_gain=3000.8 1506.29 1365.08 1088.27 844.277 878.596 816.116 734.334 674.161 509.496 498.804 483.829 469.792 452.505 440.815 394.835 349.509 391.16 335.061 326.133 544.239 316.634 308.975 288.094 284.994 698.42 1002.42 337.374 278.669 269.321
threshold=0.015695779538093185 -0.23175299307457212 4.5000000000000009 8.5000000000000018 2813.5000000000005 3244.5000000000005 11.500000000000002 2.5000000000000004 3334.5000000000005 3.5000000000000004 2402.5000000000005 0.36521739130434788 0.82618350527328943 2967.5000000000005 1.5000000000000002 -0.16412053812945968 740.50000000000011 0.038742605749582083 0.0082502673897868421 2279.5000000000005 2233.5000000000005 10.500000000000002 0.41421844469147234 0.026873853259978157 2296.5000000000005 2037.5000000000002 1724.5000000000002 1485.5000000000002 472.50000000000006 696.50000000000011
decision_type=8 8 2 2 2 2 2 2 2 2 2 8 10 2 2 10 2 10 10 2 2 2 8 10 2 2 2 2 2 2
left_child=8 15 11 4 10 -6 12 -8 9 23 22 14 -5 19 28 -2 29 21 -15 20 -11 -18 -4 -1 25 26 27 -9 -3 -14
right_child=1 2 3 6 5 -7 7 24 -10 13 -12 -13 16 18 -16 -17 17 -19 -20 -21 -22 -23 -24 -25 -26 -27 -28 -29 -30 -31
leaf_value=-0.037288387663198405 0.029707399607581005 0.024306925506189292 0.0072495329300014538 -0.017400401594522399 0.041557040987508509 0.0039183628253189667 -0.0071459522535714561 0.025150817816817161 -0.043778485207409776 -0.011359901293933737 -0.013363469003997083 0.0069390591781734248 0.0049588304434107448 -0.017468708225439913 -0.017034056396974157 0.012353054379193625 -0.01690002356859081 0.012329126006267149 0.036220697755175744 -0.032599951395670505 0.068402969805516647 0.0033290989216866063 0.025734525635200102 0.00026151766440659784 -0.0012354939550808658 0.083906235447062161 -0.037733085157497931 0.068004571825279234 -0.0055430692153547465 0.040152462004598259
leaf_weight=3124.830774307251 4302.18295571208 917.49147497117519 15746.192464977503 7129.2769241780043 4141.0260777175426 2478.4151680618525 2793.679537832737 1692.496283531189 2362.145844951272 8284.766211360693 2633.4927682429552 3878.4452216923237 2119.7313784062862 440.54510797560215 14621.958801165223 13760.24293667078 6054.3116062432528 2394.6488988697529 853.74382272362709 1824.1263234913349 219.52612611651421 2842.6222164779902 2639.5561682879925 610.62407669425011 786.72652408480644 547.41065116226673 560.22964173555374 630.31914030015469 5289.8542722463608 731.0910729765892
leaf_count=17599 17648 3945 67556 33695 16868 10829 12462 7048 14104 40747 11363 17301 9088 2350 71164 57809 27405 10006 3985 9097 1053 12530 10855 3224 3279 2276 2380 2590 23888 3149
internal_value=3.402e-05 0.00343564 0.000511986 0.00483645 0.0118923 0.0274646 -0.00205879 0.0127358 -0.018911 -0.0150863 0.00698825 -0.0092756 -0.00693488 -0.00992341 -0.0122948 0.0164866 -0.00165914 -0.00560867 0.0179461 -0.0134158 -0.00930094 -0.0104367 0.00990334 -0.0311502 0.0259065 0.0321311 0.0223004 0.0367796 -0.00113102 0.0139842
internal_weight=116412 98691.4 80629 55921.2 27638.7 6619.44 28282.5 7010.86 17720.3 15358.2 21019.2 24707.7 21271.7 11622.7 20829.3 18062.4 14142.4 11291.6 1294.29 10328.4 8504.29 8896.93 18385.7 3735.45 4217.18 3430.46 2883.05 2322.82 6207.35 2850.82
internal_count=527293 435134 359677 243379 117471 27697 125908 30035 92159 78055 89774 116298 95873 57232 98997 75457 62178 49941 6335 50897 41800 39935 78411 20823 17573 14294 12018 9638 27833 12237
is_linear=0
shrinkage=0.05


Tree=18
num_leaves=31
num_cat=0
split_feature=10 10 32 33 20 32 32 34 32 33 33 34 33 32 33 12 34 32 43 33 33 32 33 33 32 32 33 33 43 33
split_gain=2710.26 1372.79 876.049 675.221 531.659 519.074 508.224 553.871 414.576 356.877 585.734 494.877 347.933 308.381 289.936 279.296 277.818 324.26 498.072 570.323 535.718 385.943 335.794 320.667 318.768 300.116 277.589 270.679 281.476 269.895
threshold=0.01592582189238308 0.02907061098183927 3.5000000000000004 3334.5000000000005 0.59521172523107824 1.5000000000000002 3.5000000000000004 2.9150606983496101 3.5000000000000004 3244.5000000000005 2813.5000000000005 4.0698807254103899 2967.5000000000005 7.5000000000000009 472.50000000000006 5.1000000000000041 2.8819995850723745 8.5000000000000018 1.5000000000000002 2529.5000000000005 3261.5000000000005 5.5000000000000009 2143.5000000000005 653.50000000000011 11.500000000000002 10.500000000000002 740.50000000000011 444.50000000000006 1.5000000000000002 1541.5000000000002
decision_type=8 10 2 2 10 2 2 2 2 2 2 2 2 2 2 8 2 2 2 2 2 2 2 2 2 2 2 2 2 2
left_child=3 2 5 6 -4 14 -1 -8 -3 10 -10 13 26 -12 27 -7 25 18 -18 21 -21 -20 23 -23 -19 -6 -9 28 -2 -16
right_child=1 8 4 -5 16 15 7 12 9 -11 11 -13 -14 -15 29 -17 17 24 19 20 -22 22 -24 -25 -26 -27 -28 -29 -30 -31
leaf_value=-0.029911683137029695 0.026449682828366516 0.0012703860555594486 -0.0078266358776525775 -0.042781430606310851 0.0083849329099467823 -0.022649509976002791 0.014486602264915299 0.004560826124665302 0.011991766631743284 -0.0040271849738960346 0.058129792822792584 0.0066705272418274737 0.011650766961016693 0.02791701012499111 -0.022802784702477527 0.0024733171819328239 0.03425180753185194 -0.0082176817372633625 -0.013454957348167672 0.043166035998811886 0.0036663432521059783 -0.010052123146044881 -0.023721900392013336 0.017514945392191457 0.00984671562083584 0.03282656385141166 -0.020894995198503713 0.070930916155523993 -0.032159507898497114 0.003129267413631931
leaf_weight=3853.53368280828 747.95139983296394 8444.4985948354006 10623.536957100034 2354.5480979830027 6809.7415840178728 7986.3004616498947 2069.8848722577095 1246.3501054644585 20088.729305803776 2510.7383784651756 1557.8796251118183 1427.0211257636547 1174.4162622988224 1844.6514889448881 1548.0510711222887 1284.1745040416718 1548.1854534596205 9268.5640850365162 4082.3284478336573 1601.3676765561104 1850.1565777510405 1409.6328457593918 817.72906604409218 4192.0138463228941 3315.7812612056732 1539.956658706069 7609.6933015882969 225.01099044084549 282.12845729291439 2851.6904329806566
leaf_count=21772 3139 37544 48541 14331 29467 40867 9398 5962 83027 10787 6338 5807 5747 7575 7045 6224 6386 42174 18361 6558 8193 6048 3594 17940 14301 6495 38562 972 1206 12960
internal_value=-0.00013017 0.00317325 -0.00133202 -0.0177868 0.00201558 -0.0118869 -0.014098 -0.00906186 0.0109577 0.0139401 0.0157505 0.031385 -0.0139213 0.0417502 5.19958e-05 -0.0191694 0.00488529 0.00250472 0.00734537 0.00435996 0.0219926 -0.00143525 0.00620855 0.0105778 -0.00345799 0.0128928 -0.0173125 0.0212496 0.0103972 -0.00599494
internal_weight=116166 97857.8 61984.3 18308.4 47059 14925.3 15953.9 12100.3 35873.5 27429 24918.3 4829.55 10030.5 3402.53 5654.83 9270.47 36435.5 28085.8 15501.4 13953.2 3451.52 10501.7 6419.38 5601.65 12584.3 8349.7 8856.04 1255.09 1030.08 4399.74
internal_count=527321 431549 280471 95772 208058 72413 81441 59669 151078 113534 102747 19720 50271 13913 25322 47091 159517 123555 67080 60694 14751 45943 27582 23988 56475 35962 44524 5317 4345 20005
is_linear=0
shrinkage=0.05


Tree=19
num_leaves=31
num_cat=0
split_feature=10 5 32 38 10 10 38 43 10 32 32 43 34 32 10 32 11 13 5 32 32 32 32 32 8 34 26 32 38 11
split_gain=2487.31 1392.56 1228.33 840.569 606.381 506.657 429.008 424.171 423.795 514.669 681.05 869.037 457.567 341.6 341.209 260.133 259.376 258.56 244.56 238.911 281.66 237.321 216.109 211.41 205.713 204.069 203.322 197.947 196.26 190.33
threshold=0.015695779538093185 -0.16365448991177503 4.5000000000000009 0.065612859060246623 0.0089568538843061551 0.028211599001335429 -0.11728303789523346 1.5000000000000002 0.045788779689440333 8.5000000000000018 10.500000000000002 2.5000000000000004 2.8707317708119455 5.5000000000000009 0.030697719267175596 8.5000000000000018 0.32229441857794688 0.0084900288394299719 -0.067708333333333523 5.5000000000000009 3.5000000000000004 1.5000000000000002 11.500000000000002 10.500000000000002 0.42365472116722441 2.0173105483711491 0.77166492194256076 8.5000000000000018 0.040915593478597752 0.5917773968888369
decision_type=8 8 2 10 10 8 10 2 10 2 2 2 2 2 10 2 8 10 10 2 2 2 2 2 10 2 10 2 10 10
left_child=4 7 5 8 -1 21 -6 19 9 16 -11 29 -13 28 26 25 -4 -15 -7 20 -2 -3 27 -17 -20 -5 -9 -19 -8 -12
right_child=1 2 3 15 6 18 13 14 -10 10 11 12 -14 17 -16 23 -18 22 24 -21 -22 -23 -24 -25 -26 -27 -28 -29 -30 -31
leaf_value=-0.039273821480665605 0.021229689204291181 -0.0047735816573431095 0.041029697464860598 0.078720241344878261 0.041304657346639212 0.013838589837775132 -0.027849968939521682 0.010576541494094959 0.028920201253775153 -0.014989022621362636 -0.022024721075659545 0.048781980408484617 0.010866729828069003 -0.038239021915136534 0.023405137518893161 0.00039394944692765666 0.0047620290439576397 -0.00028130181769646975 -0.0099184320437782549 0.010221243335550002 0.061028630175252389 -0.018699573955220077 0.015722385738864888 0.017741634317637856 0.0085553798454602367 0.019034452708106955 -0.0081048265369878299 -0.017153205942729711 0.0024756511371542603 -0.0033535082631380472
leaf_weight=2721.5397530049086 767.70081375539303 4258.1354351788759 507.32678419351578 145.72752125561237 347.78625163435936 2363.3105366379023 4953.6504858136177 8241.2894965112209 1268.2286033779383 10245.336861625314 2065.8398467153311 999.33488346636295 3905.6698552072048 682.08455592393875 4875.2821084558964 4472.8436875939369 17435.074334979057 3266.2478665411472 5275.0941030085087 717.6742597669363 1056.1130928248167 10866.414567127824 988.036292091012 2891.5956535637379 2109.5317813456059 8292.82717423141 1769.1538986265659 3716.5819783061743 597.92138972878456 4022.7504566907883
leaf_count=17137 3298 19371 2107 596 1604 10333 27129 35528 5178 47501 9930 4110 16743 3835 19994 19373 74867 15709 23691 2935 4265 54558 4673 12026 9320 34279 7503 18445 3079 17670
internal_value=-0.000110094 0.00295747 0.000202726 0.00429381 -0.0176114 -0.00904983 -0.0135602 0.015781 0.000473507 -0.000447261 -0.00571432 0.00292912 0.0185915 -0.0149035 0.0125578 0.0140723 0.00578751 -0.00869276 -0.000160848 0.0346595 0.044276 -0.0147789 -0.00616443 0.0072054 -0.0046411 0.0200652 0.00727497 -0.0092613 -0.0245838 -0.00968859
internal_weight=115826 98552.3 81125 56252.6 17273.8 24872.5 14552.3 17427.2 40449.6 39181.3 21238.9 10993.6 4905 14204.5 14885.7 15803 17942.4 8652.95 9747.94 2541.49 1823.81 15124.6 7970.87 7364.44 7384.63 8438.55 10010.4 6982.83 5551.57 6088.59
internal_count=526787 435176 361653 244380 91611 117273 74474 73523 178106 172928 95954 48453 20853 72870 63025 66274 76974 42662 43344 10498 7563 73929 38827 31399 33011 34875 43031 34154 30208 27600
is_linear=0
shrinkage=0.05


Tree=20
num_leaves=31
num_cat=0
split_feature=10 5 8 13 32 32 28 34 5 33 43 7 33 33 43 32 34 33 32 33 32 13 12 33 11 28 32 33 5 33
split_gain=2297.3 1073.7 963.13 695.578 684.813 572.819 496.098 472.899 440.35 419.218 383.118 373.437 395.373 353.518 616.22 352.988 345.17 364.507 305.311 304.648 290.276 285.801 275.428 271.851 269.891 267.142 263.552 257.094 246.292 237.247
threshold=0.017347078464811833 -0.17899790124074463 0.31511929530654709 0.0084900288394299719 4.5000000000000009 3.5000000000000004 -0.026467808490819908 2.9150606983496101 -0.10828025477707008 3261.5000000000005 1.0000000180025095e-35 -0.18818974524429669 419.50000000000006 2653.5000000000005 1.5000000000000002 1.5000000000000002 3.0468977391027221 3172.5000000000005 10.500000000000002 3382.5000000000005 7.5000000000000009 0.030495728766559749 0.15000000000000022 3334.5000000000005 0.54378818092209857 -0.080777902176158919 11.500000000000002 2982.5000000000005 -0.041666666666666567 1025.5000000000002
decision_type=8 8 10 10 2 2 10 2 10 2 2 8 2 2 2 2 2 2 2 2 2 10 10 2 10 10 2 2 10 2
left_child=3 13 4 -1 8 -5 11 23 -3 16 -9 12 -6 14 -2 -10 18 20 22 -15 24 26 -8 27 -18 -21 -12 29 -22 -7
right_child=1 2 -4 5 6 7 9 10 15 -11 21 -13 -14 19 -16 -17 17 -19 -20 25 28 -23 -24 -25 -26 -27 -28 -29 -30 -31
leaf_value=-0.038178122502451679 0.03904236207774358 0.0044694479583013346 0.012090972910185099 -0.025552925189725802 0.042480165962319925 0.045058720721425138 0.05686616630197882 0.056269933841465718 -0.0012496797963855674 -0.012686145253038695 -0.018095451782425921 -0.011432845745426273 6.0498668047417321e-06 0.040710800128920366 0.0071191123456474589 -0.018290774454237699 0.035952369575155012 0.043384928003717071 0.034204339867244429 0.069853298663902344 0.0081964761643630313 0.0030686589348046349 0.0085852394655537307 -0.040116044363267489 0.0067167601988484746 -0.01038130248437868 0.0082387789944316104 0.079950071573458348 -0.0079279236701678395 0.0054513061755953086
leaf_weight=2628.3775155693293 1792.4198094308376 4425.2820167690516 16162.507428631186 5055.5136375427246 643.12050838768482 460.61185295879841 311.07258227467537 212.28406870365143 4234.237164363265 2779.5443842560053 9006.0633748024702 9398.3543393015862 3700.3801779150963 2224.6038670837879 9651.7845222055912 10763.650080800056 926.1928351521492 563.40704169869423 1844.2846548706293 125.33264212310314 3560.372286722064 2675.2537427246571 5859.6628664582968 232.10421033203602 5345.4233451038599 602.25583429634571 1062.1403970569372 149.71552957594395 7072.7233896702528 2110.176921069622
leaf_count=16239 7353 20107 68624 28433 2677 2009 1302 884 18971 12632 45785 43265 15788 9277 40474 52938 3890 2303 7653 530 15441 12527 25103 1261 22697 2582 5106 669 30906 9445
internal_value=-1.22696e-05 0.00355768 0.0012308 -0.0139316 -0.00162667 -0.0108916 0.00196326 -0.00623238 -0.00939025 0.00575223 -0.0103478 -0.00582947 0.00629498 0.0160985 0.012119 -0.0134797 0.00776338 0.00382163 0.0163541 0.0315251 0.00250304 -0.0114575 0.0110191 0.0118256 0.0110343 0.00343972 -0.0153173 0.0162571 -0.00252885 0.0125478
internal_weight=115579 91986.6 77590.2 23592.2 61427.7 20963.9 42004.5 15908.4 19423.2 28262.7 12955.7 13741.9 4343.5 14396.4 11444.2 14997.9 25483.1 17468.1 8015.02 2952.19 16904.7 12743.5 6170.74 2952.61 6271.62 727.588 10068.2 2720.5 10633.1 2570.79
internal_count=526871 404513 344297 122358 275673 106119 183657 77686 92016 121927 64302 61730 18465 60216 47827 71909 109295 75237 34058 12389 72934 63418 26405 13384 26587 3112 50891 12123 46347 11454
is_linear=0
shrinkage=0.05


Tree=21
num_leaves=31
num_cat=0
split_feature=9 38 32 5 28 8 8 32 7 34 13 32 38 34 32 0 11 28 32 14 32 28 34 3 32 7 39 9 34 8
split_gain=1983.94 1095.18 974.689 854.708 797.993 708.065 507.95 343.252 316.467 311.592 297.307 264.524 241.272 239.443 242.358 236.275 234.624 219.233 281.555 218.171 212.489 201.32 266.169 193.938 184.594 172.006 171.308 166.113 161.349 157.41
threshold=0.014687367534741202 -0.13769548433801646 3.5000000000000004 -0.092664092664093242 0.081313210746686806 0.086956521739130502 0.038736657231524758 1.5000000000000002 -0.19995800083998314 4.4479312383686205 0.0093908991189175384 7.5000000000000009 0.065612859060246623 2.9575076874722881 11.500000000000002 0.094908430597202234 0.52702782606560039 0.029817915268579877 11.500000000000002 1.0000000180025095e-35 11.500000000000002 0.34642192186143245 5.9192969897803644 -0.12186379928315415 4.5000000000000009 -0.064325743881243777 1.0000000180025095e-35 0.029901234799819782 4.810964016142516 0.2693009444214845
decision_type=10 8 2 10 10 10 10 2 8 2 10 2 10 2 2 10 10 10 2 10 2 8 2 10 2 8 10 10 2 8
left_child=3 19 7 5 8 15 10 -3 -4 27 -5 25 20 14 -13 21 -7 -8 -19 23 -10 -1 -23 -2 -12 -6 -22 -9 -21 -15
right_child=1 2 4 6 11 16 17 9 12 -11 24 13 -14 29 -16 -17 -18 18 -20 28 26 22 -24 -25 -26 -27 -28 -29 -30 -31
leaf_value=-0.0018369971518398269 0.043994911047570931 0.00024669577617263778 0.0093505647275112288 -0.041792684267920523 0.015763172882046855 0.058084408302571305 -0.01587301416703055 -0.022453487960802314 -0.0038208344092639287 0.001491514722603049 -0.033409558809297552 0.017751532268121897 0.0072203507519400315 -0.0029557364242913152 0.065637444344675708 0.0797044272352046 -0.012034378138736314 -0.0044176879453585336 0.048880737767098538 0.016254982185741958 0.000738776382718376 -0.037419649950665115 0.13401856283997954 0.021640155547728628 -0.014738193037914432 0.034466199779910611 0.023525153889725387 -0.0078466028588492342 -0.019616103811617717 0.013212239395332122
leaf_weight=6546.3512109667063 1511.6456995606422 7880.036737382412 11598.697048947215 2445.8213265389204 2423.5061534792185 671.35171176493168 6452.8719440698624 6079.969752445817 25846.89949683845 2741.1162061989307 2002.0436668246984 1343.6022595018148 8720.4543274641037 2779.9468509703875 328.91334821283817 84.367126256227493 145.08247126638889 3227.4412342458963 268.39053399860859 2490.5101028978825 2202.6564368009567 619.56596697866917 23.499050408601761 2708.6847086399794 3907.1367008686066 2494.754635900259 1318.6247686594725 2862.8702690452337 358.62531465291977 3283.6256128102541
leaf_count=31194 6290 34935 48584 15500 9927 2805 32687 31564 115438 13515 11482 5603 37053 11883 1321 355 636 15706 1191 10234 9639 3369 128 11236 20125 10201 5627 13488 1474 13642
internal_value=-2.26646e-05 0.00354848 0.00191875 -0.0120611 0.00497427 0.00147255 -0.018043 -0.00781783 0.00211946 -0.0132568 -0.0271321 0.0161837 -8.25407e-05 0.0104196 0.0271687 -0.00348317 0.0456241 -0.0104099 -0.000325731 0.0224302 -0.00225103 -0.00445937 -0.0311549 0.0296472 -0.0210641 0.0252502 0.00927166 -0.0177774 0.0117398 0.00579976
internal_weight=115369 88975.1 81905.7 26393.9 62341.7 8090.22 18303.7 19564 49687.3 11684 8355 12654.3 38088.6 7736.09 1672.52 7273.78 816.434 9948.7 3495.83 7069.47 29368.2 7189.42 643.065 4220.33 5909.18 4918.26 3521.28 8942.84 2849.14 6063.57
internal_count=526832 391654 362420 135178 268918 38487 96691 93502 216341 58567 47107 52577 167757 32449 6924 35046 3441 49584 16897 29234 130704 34691 3497 17526 31607 20128 15266 45052 11708 25525
is_linear=0
shrinkage=0.05


Tree=22
num_leaves=31
num_cat=0
split_feature=10 5 32 32 32 33 33 33 33 13 34 33 10 33 8 38 33 33 33 33 28 34 10 33 33 12 33 34 32 34
split_gain=1977.33 1197.84 1100.92 775.289 794.552 650.8 612.573 610.134 714.488 597.799 591.876 546.2 454.851 434.528 432.961 342.321 344.219 320.555 289.456 386.985 281.38 261.726 251.847 244.981 238.984 477.999 289.463 269.145 234.473 342.701
threshold=0.013709851511131426 -0.18181818181818168 4.5000000000000009 8.5000000000000018 10.500000000000002 740.50000000000011 374.50000000000006 2813.5000000000005 3244.5000000000005 0.060676714104449872 2.8361459037824157 2143.5000000000005 0.028211599001335429 3334.5000000000005 1.0000000180025095e-35 -0.17013206624655089 1498.5000000000002 3027.5000000000005 510.50000000000006 640.50000000000011 0.04718791213455082 6.6513780375725693 0.028458122053902798 899.50000000000011 1384.5000000000002 1.8428571428571445 323.50000000000006 2.9365093959507509 3.5000000000000004 2.9150606983496101
decision_type=8 8 2 2 2 2 2 2 2 10 2 2 8 2 10 10 2 2 2 2 10 2 10 2 2 8 2 2 2 2
left_child=13 15 12 7 5 6 -5 11 -9 -7 17 24 21 20 -12 -2 18 -6 -17 -20 28 -3 -13 -23 25 -4 -27 -26 -1 -30
right_child=1 2 3 4 10 9 -8 8 -10 -11 14 22 -14 -15 -16 16 -18 -19 19 -21 -22 23 -24 -25 27 26 -28 -29 29 -31
leaf_value=-0.036052917961653129 0.030742965226421927 -0.014459317903088929 -0.0032922438341618796 -0.008761646373917114 0.032016378197999872 -0.019786125170646995 0.031085396536983636 0.034979905775754674 0.0017294876440553876 0.010769144724193269 -0.016912643207726005 -0.023294539804347345 2.9255716840016854e-05 -0.043521256692376706 0.0062033078717423935 0.018039576601158014 0.01989919936958022 -0.044460731783842161 -0.032989569160402847 0.0037719210094998312 0.0018342637170027484 0.082381652026966332 0.0042502013952389044 0.0024350909941301259 0.032183588813632223 0.03153390257235629 0.00715433042523278 0.0099659630914223363 0.01352771225638414 -0.020666539646415696
leaf_weight=1798.2933601588011 2845.6636496037245 16808.513154089451 7478.4393690675497 2269.7105352580547 2491.6833498328924 10522.514659926295 1677.2506352066994 4295.0604196488857 2589.8030410408974 1887.9563249349594 2491.0506346523762 2152.7440082132816 9998.7804184108973 1709.6426052749157 10842.35252597928 2128.2370562255383 6104.8479711860418 144.99179421365261 932.63532435894012 3080.4733785241842 1771.5842400938272 124.72469700872898 1350.4088895320892 413.53371599316597 1938.6196149736643 1974.7240678817034 3175.2860101014376 4591.6493093520403 870.48116454482079 4630.6624232679605
leaf_count=11267 11592 84229 31846 10481 10362 49094 7298 17658 11389 8016 11958 9590 44517 11697 46745 8831 25720 658 4001 13139 9248 597 5561 2063 8230 8059 13586 19935 4077 25113
internal_value=-1.30151e-05 0.00209388 -0.000109775 0.00358261 -0.00176816 -0.00951351 0.00817125 0.00943695 0.0224725 -0.0151379 0.00616506 0.00547665 -0.00846445 -0.0203989 0.00188461 0.0151214 0.0114914 0.0278109 0.00313361 -0.00477135 -0.016041 -0.0133603 -0.0126765 0.0209602 0.00879594 0.00478023 0.0165025 0.0165616 -0.0203794 -0.0152558
internal_weight=115092 104312 89219.8 61874.2 32327.5 16357.4 3946.96 29546.7 6884.86 12410.5 15970.1 22661.9 27345.6 10780.7 13333.4 15091.9 12246.2 2636.68 6141.35 4013.11 9071.02 17346.8 3503.15 538.258 19158.7 12628.4 5150.01 6530.27 7299.44 5501.14
internal_count=526557 465155 401872 270466 144612 74889 17779 125854 29047 57110 69723 96807 131406 61402 58703 63283 51691 11020 25971 17140 49705 86889 15151 2660 81656 53491 21645 28165 40457 29190
is_linear=0
shrinkage=0.05


Tree=23
num_leaves=31
num_cat=0
split_feature=10 9 5 13 38 38 7 33 33 20 0 33 33 38 5 26 33 33 5 7 33 33 33 33 33 33 34 33 38 33
split_gain=1810.56 1142.46 489.505 478.8 444.3 442.036 366.177 270.743 316.963 267.025 245.964 234.584 269.618 230.112 226.77 226.238 204.648 213.089 195.745 194.973 179.691 384.278 244.5 387.292 336.52 453.722 201.052 192.891 175.849 180.394
threshold=0.024990156646980097 0.012747412306084643 -0.1372160911634597 0.0017404590294615274 -0.1043061416272885 0.19283814427704818 -0.039946991216288967 2813.5000000000005 3396.5000000000005 0.52621483718640005 0.094908430597202234 510.50000000000006 913.50000000000011 -0.17013206624655089 -0.090909090909091314 0.72160131535131544 913.50000000000011 534.50000000000011 -0.072182975323361973 -0.1383476896123805 3244.5000000000005 3090.5000000000005 2996.5000000000005 2831.5000000000005 2296.5000000000005 2233.5000000000005 4.1067667435187873 3304.5000000000005 0.00077604807384634722 3723.5000000000005
decision_type=10 8 10 10 8 10 10 2 2 8 10 2 2 10 8 10 2 2 8 10 2 2 2 2 2 2 2 2 10 2
left_child=1 3 7 -1 15 11 9 13 -9 -6 18 19 -13 -2 -5 16 17 -3 -11 -4 21 22 23 24 25 -14 -26 -22 29 -16
right_child=2 4 5 14 6 -7 -8 8 -10 10 -12 12 20 -15 28 -17 -18 -19 -20 -21 27 -23 -24 -25 26 -27 -28 -29 -30 -31
leaf_value=-0.039387815545033539 0.027005626184911199 0.021232564795005075 0.020020038484798271 -0.0027052786400591079 -0.015818141415384412 0.016758660131098696 0.0061638680931540074 0.039619851186660712 -0.0060568598669927011 0.0011319795437568076 0.059667736973493847 -0.01284174863797123 0.0027476445754941381 0.008114801184908961 -0.023564964767732618 -0.0089214321075309043 0.027678256289121957 -0.017276014851449573 -0.0074525360896433761 0.0022529996486076692 -0.032123985561611022 0.028709954844747448 -0.021944541331719431 0.024180910595656451 -0.0045131261633215474 0.046331142741103067 -0.028045221760667084 -0.002809807287266217 -0.0095706205652908542 0.059223203755281909
leaf_weight=2122.4090808779001 2007.6781520843506 786.43169768154621 2936.2376882135868 3417.9417318701744 5505.7095560133457 5853.0757058560848 7982.4939345568419 1912.3131175488234 473.93100991845131 10850.756955251098 151.93910217285156 3604.4647311121225 10879.459958419204 8180.4625553488731 6366.088766887784 955.8870045542717 2280.3640554994345 661.33824422955513 17113.841215401888 3256.8787049055099 696.98098728060722 1420.7279344052076 1029.4949706792831 1945.4266031384468 3378.7135607600212 631.8337736427784 1241.0785841941833 2880.0238673090935 4215.7727624326944 66.487232655286789
leaf_count=13692 8114 3387 12359 16696 26755 24479 36440 7954 2001 49822 649 15630 47121 33930 35047 4174 9938 2980 81187 13878 3201 5859 4554 8108 14781 2630 5462 12794 22343 451
internal_value=-7.14246e-05 -0.00581792 0.00678955 -0.0172509 -0.00181942 0.0040698 -0.00346306 0.0153881 0.030548 -0.00574866 -0.00377688 0.00187906 -8.72932e-05 0.0118374 -0.0139108 0.0127799 0.0183441 0.00364193 -0.00412159 0.0106766 0.00182 0.00362215 0.00175662 0.00310645 0.000564846 0.00513986 -0.0108349 -0.00852169 -0.0175076 -0.0227093
internal_weight=114806 62477.5 52328.8 16188.7 46288.8 39754.4 41604.7 12574.4 2386.24 33622.2 28116.5 33901.3 27708.2 10188.1 14066.3 4684.02 3728.13 1447.77 27964.6 6193.12 24103.7 20526.7 19106 18076.5 16131.1 11511.3 4619.79 3577 10648.3 6432.58
internal_count=526416 303561 222855 88229 215332 170856 194853 51999 9955 158413 131658 146377 120140 42044 74537 20479 16305 6367 131009 26237 104510 88515 82656 78102 69994 49751 20243 15995 57841 35498
is_linear=0
shrinkage=0.05


Tree=24
num_leaves=31
num_cat=0
split_feature=10 32 32 33 33 33 32 33 13 33 33 33 33 12 33 32 33 33 33 5 11 32 33 33 32 33 33 33 38 12
split_gain=1611.81 900.802 619.488 823.819 1162.1 960.494 697.521 643.517 619.712 567.456 790.902 539.99 511.266 506.428 489.504 443.817 424.523 1217.46 418.902 410.213 407.933 363.298 371.836 361.322 341.4 563.67 473.383 443.162 411.957 333.866
threshold=0.015695779538093185 3.5000000000000004 8.5000000000000018 2813.5000000000005 3244.5000000000005 240.50000000000003 10.500000000000002 740.50000000000011 0.060676714104449872 1134.5000000000002 1555.5000000000002 3334.5000000000005 1485.5000000000002 1.2214285714285726 374.50000000000006 1.5000000000000002 1962.5000000000002 2296.5000000000005 671.50000000000011 -0.058823529411764768 1.3825337546228769 3.5000000000000004 2967.5000000000005 2233.5000000000005 6.5000000000000009 640.50000000000011 547.50000000000011 1092.5000000000002 -0.022654370489210703 3.4714285714285738
decision_type=8 2 2 2 2 2 2 2 10 2 2 2 2 10 2 2 2 2 2 10 8 2 2 2 2 2 2 2 10 8
left_child=11 15 3 5 19 -3 7 14 -9 18 12 21 -11 -14 -4 -2 -12 23 20 -5 -8 -1 -23 -18 25 26 -7 28 -27 -17
right_child=1 2 6 4 -6 24 9 8 -10 10 16 -13 13 -15 -16 29 17 -19 -20 -21 -22 22 -24 -25 -26 27 -28 -29 -30 -31
leaf_value=-0.025547849989585876 0.0020622328955506885 0.03310531973748302 -0.0048871780488599775 0.057670492777799655 0.00018759262452431501 0.0011714160244950835 0.016929901211358206 -0.018037638309385373 0.011841226085937635 0.016713122448348855 -0.016876026886340319 -0.038589192559003761 0.085351972204994742 0.023468796465151487 0.029392727921838419 -0.016298709290522902 0.017748148649124114 -9.442349294185323e-05 -0.02191109031416167 0.027846202334248882 -0.014761721116865044 -0.010108833468864901 0.018637113601247358 0.06692495509394096 0.0090718307194999973 0.037392126269055428 -0.03404079660049484 -0.0021660722071976282 0.00057938190691763671 0.0021073765809517821
leaf_weight=3382.1871742010117 9369.5914162993431 2851.6594281345606 2493.6555516123772 1734.6781588643789 3391.4332429468632 1694.1141905635595 2578.7933152765036 10375.450539276004 2083.9767673015594 1590.2307563573122 1655.75701777637 2051.6210593879223 764.16589687764645 582.70996901392937 1788.1731721609831 10626.257775470614 582.91530188918114 5433.4732655733824 2333.5880049020052 3438.0030797719955 1674.9026053100824 9907.8171342760324 1269.0533604621887 1039.8057575970888 12038.863735541701 1584.6921574473381 2186.20043797791 9556.2478909492493 1460.264805316925 3207.3270608186722
leaf_count=20713 41479 11640 11423 7192 14890 7077 10705 48087 8785 6674 7119 13983 3131 2439 7657 53999 2477 23325 10132 14151 8030 50646 6337 4311 50677 6649 9545 41919 6177 15486
internal_value=-0.00017032 0.00226814 0.00493442 0.00918959 0.0229342 0.00543751 7.60098e-05 -0.00729333 -0.0130401 0.00684118 0.0134736 -0.0145739 0.0359116 0.0585789 0.00942876 -0.00634021 0.00590901 0.0112556 -0.00488778 0.0378479 0.00445125 -0.0111898 -0.00684494 0.0492596 0.00267109 -0.0020043 -0.0186674 0.00312681 0.0197379 -0.0120312
internal_weight=114728 98116.9 74913.8 39936.2 8564.11 31372 34977.6 16741.3 12459.4 18236.3 11649.1 16610.7 2937.11 1346.88 4281.83 23203.2 8711.95 7056.19 6587.28 5172.68 4253.7 14559.1 11176.9 1622.72 28520.4 16481.5 3880.31 12601.2 3044.96 13833.6
internal_count=526855 435176 324212 169917 36233 133684 154295 75952 56872 78343 49476 91679 12244 5570 19080 110964 37232 30113 28867 21343 18735 77696 56983 6788 122044 71367 16622 54745 12826 69485
is_linear=0
shrinkage=0.05


Tree=25
num_leaves=31
num_cat=0
split_feature=10 38 32 28 32 32 34 33 33 33 33 34 10 9 33 43 33 13 10 33 33 33 38 33 43 34 33 38 33 26
split_gain=1558.85 970.068 927.15 802.655 496.479 819.412 634.429 618.884 572.799 751.399 739.676 448.265 402.713 391.163 369.708 322.904 303.78 288.331 279.462 452.603 274.392 254.08 250.335 261.448 236.828 337.986 254.973 233.609 228.343 226.036
threshold=0.013414337655440686 -0.11986588432527355 4.5000000000000009 -0.043082295067648248 8.5000000000000018 10.500000000000002 2.9014216150426262 740.50000000000011 2529.5000000000005 3244.5000000000005 2432.5000000000005 3.3472686528697504 0.028211599001335429 0.039393053103695584 3334.5000000000005 2.5000000000000004 120.50000000000001 0.0059907361153669946 0.02488625266312065 510.50000000000006 160.50000000000003 484.50000000000006 0.040915593478597752 913.50000000000011 2.5000000000000004 3.0056826232918001 3157.5000000000005 0.028964342767006771 444.50000000000006 0.60472474687076472
decision_type=8 8 2 10 2 2 2 2 2 2 2 2 8 10 2 2 2 8 10 2 2 2 10 2 2 2 2 10 2 10
left_child=14 -2 12 18 8 7 15 11 10 -10 -5 29 16 27 24 -7 -3 -8 -4 -20 -18 -22 23 -23 -1 -26 -27 -9 -13 -6
right_child=1 2 3 4 5 6 17 13 9 -11 -12 28 -14 -15 -16 -17 20 -19 19 -21 21 22 -24 -25 25 26 -28 -29 -30 -31
leaf_value=-0.025224341901247768 0.016502688749423941 0.030188511588317847 -0.014544736473212706 0.009049520822397147 0.058158475205341204 0.0092611477874118067 -0.037850321265817805 -0.02566567967355925 0.0343399083057805 -0.00010769036315110057 -0.029769844953268482 -0.016192204358713023 0.00062555791919623454 0.010716824727198418 -0.041680709038899512 0.044277183951824006 -0.043837181693599583 0.005830035759316135 0.029569239500433955 -0.0063148909789882803 0.0081519163620480551 -0.030957721862935259 -0.0015944334138087947 -0.012976274799024586 0.023788051219821325 -0.01714528800274915 0.027367070763186854 -0.0087586203329207846 0.020439786917954828 0.010232380482481105
leaf_weight=3322.7715339809656 10103.106695860624 422.77128292620182 6948.6359593272209 19172.631643101573 614.05861279368401 1059.3544701635838 392.96953164041042 4590.9349641948938 4804.3378324359655 2361.0000962913036 1311.022536739707 1131.3727736920118 10321.906048700213 1368.4891525954008 1533.3299349099398 1739.4355408400297 680.36486048996449 9785.5093662589788 1076.6754047125578 4779.4880184233189 1506.8837707638741 2549.0353410989046 3529.9566068947315 9768.1138602048159 717.06988713145256 3805.476274907589 351.42626793682575 3681.5022909045219 681.75654993951321 410.47879387438297
leaf_count=19449 42129 1786 33490 81328 2639 4544 2051 22375 19959 10372 5751 4887 45940 5687 11274 7075 3558 42079 4465 20312 7018 13399 17178 50129 3500 21500 1730 16797 2950 1725
internal_value=-2.36084e-06 0.00177519 0.000203794 0.00347313 0.00618257 0.0011441 0.00994077 -0.00800411 0.0108214 0.0229893 0.00656495 0.0125203 -0.00728363 -0.0140452 -0.0191464 0.0310235 -0.0117067 0.00414363 -0.00776362 0.000282527 -0.0126889 -0.0114677 -0.0133333 -0.0166975 -0.014931 -0.00791362 -0.0133822 -0.0181415 -0.00241817 0.038957
internal_weight=114522 104792 94688.7 65909.7 53104.9 25455.9 12977.3 12478.6 27649 7165.34 20483.7 2837.67 28779 9640.93 9730.07 2798.79 18457.1 10178.5 12804.8 5856.16 18034.4 17354 15847.1 12317.1 8196.74 4873.97 4156.9 8272.44 1813.13 1024.54
internal_count=527076 469623 427494 288486 230219 112809 55749 57060 117410 30331 87079 12201 139008 44859 57453 11619 93068 44130 58267 24777 91282 87724 80706 63528 46179 26730 23230 39172 7837 4364
is_linear=0
shrinkage=0.05


Tree=26
num_leaves=31
num_cat=0
split_feature=10 9 5 32 43 33 33 33 32 33 33 34 33 32 5 12 34 32 32 32 5 33 33 32 33 5 12 33 32 10
split_gain=1383.41 928.276 480.742 488.063 416.976 441.78 588.342 767.555 560.271 425.821 570.479 542.585 452.038 395.47 369.574 368.615 347 268.613 264.583 241.335 240.017 239.515 236.244 407.543 422.357 233.492 232.367 219.413 510.747 224.786
threshold=0.02644951845458279 0.011330640605478849 -0.17123287671232915 4.5000000000000009 3.5000000000000004 1801.5000000000002 2967.5000000000005 3261.5000000000005 11.500000000000002 1384.5000000000002 740.50000000000011 3.6415248988725928 682.50000000000011 3.5000000000000004 0.13898575083193268 1.0000000180025095e-35 3.1878998236700151 10.500000000000002 7.5000000000000009 8.5000000000000018 -0.070743924579478687 266.50000000000006 1918.5000000000002 11.500000000000002 2387.5000000000005 -0.078358208955223593 2.242857142857146 2813.5000000000005 7.5000000000000009 0.046581596017381488
decision_type=10 8 8 2 2 2 2 2 2 2 2 2 2 2 8 10 2 2 2 2 8 2 2 2 2 8 10 2 2 10
left_child=1 15 -3 14 18 8 22 -8 9 10 12 17 -6 -2 -4 -1 27 -11 21 -18 -17 -5 -7 -24 -25 -20 -10 29 -29 -15
right_child=13 2 3 4 5 6 7 -9 26 11 -12 -13 -14 16 -16 20 19 -19 25 -21 -22 -23 23 24 -26 -27 -28 28 -30 -31
leaf_value=-0.041717567948455041 -0.0017066452577214006 0.009659324684282676 -0.015072344531293897 0.031191233199852078 0.001521388751409673 -0.037364483831320607 0.039438178786411558 -0.01104938923844935 0.053950477052272461 0.02826323867978104 -0.014672905526826983 -0.0043367849342030758 0.042773341692051693 0.010836059438002154 0.0046812151584886127 -0.0026902530317464948 0.010498530473777159 0.078992065440179587 0.0015944996131333159 0.00014811346301526074 -0.019099136295211778 -0.0019526957001526634 -0.015717332509543613 0.073201385410270603 -0.050681517143453793 -0.016987225973825935 0.0057502645985191185 0.057799008395788602 0.011060877610695154 0.044563240783385999
leaf_weight=1368.0524207279086 10951.770897120237 7707.5423081666231 12187.660508677363 618.46832069754601 2058.3394640088081 1024.9569732695818 1392.8974180221558 1638.1529998034239 961.85432969033718 2060.2184311747551 3555.5367849320173 1430.9143554568291 980.39669156074524 9589.078236952424 2938.7830251902342 3195.6088623851538 11579.285438284278 298.79574140906334 2274.4717157632113 10964.49877512455 7364.2573485001922 4593.9062533229589 3252.6998523622751 262.06275917589664 93.294817134737968 6585.635689586401 337.87897725403309 956.05147536098957 1504.1648526787758 520.8592861443758
leaf_count=9330 49422 33294 63453 2521 8915 4782 5768 7674 3974 8975 16132 6598 4174 39530 14175 16565 47861 1256 10573 46268 42524 20890 14714 1085 392 32286 1415 4057 6280 2110
internal_value=-0.000105003 -0.00462745 -0.00194101 -0.00378274 -0.000409947 0.00435312 -0.00497555 0.0121518 0.0104722 0.00659865 -0.00107725 0.0199543 0.0148306 0.00658872 -0.0112346 -0.0172972 0.00917598 0.0346886 -0.0069586 0.00546445 -0.0141335 0.00197996 -0.0161808 -0.010163 0.0406774 -0.0122171 0.0414203 0.0158324 0.0292235 0.0125737
internal_weight=114248 68182.4 56254.5 48546.9 33420.5 19348 7664.06 3031.05 11683.9 10384.2 6594.27 3789.93 3038.74 46065.7 15126.4 11927.9 35113.9 2359.01 14072.5 22543.8 10559.9 5212.37 4633.01 3608.06 355.358 8860.11 1299.73 12570.2 2460.22 10109.9
internal_count=526993 331465 263046 229752 152124 85854 34415 13442 51439 46050 29221 16829 13089 195528 77628 68419 146106 10231 66270 94129 59089 23411 20973 16191 1477 42859 5389 51977 10337 41640
is_linear=0
shrinkage=0.05


Tree=27
num_leaves=31
num_cat=0
split_feature=10 7 37 33 2 33 33 7 7 34 33 33 33 34 29 1 13 28 33 33 34 33 33 34 33 33 33 33 33 34
split_gain=1324.06 893.663 785.1 369.464 274.423 302.769 513.696 272.825 257.36 256.18 212.092 243.194 306.307 209.383 188.603 187.099 192.254 187.803 229.38 443.334 445.645 378.512 380.392 186.178 184.058 179.642 253.351 177.932 166.261 186.587
threshold=0.013414337655440686 -0.22967872777333134 0.011075658658523226 3334.5000000000005 -0.075949367088607597 484.50000000000006 640.50000000000011 -0.16406249999999992 -1.0000000180025095e-35 3.8659011068458278 3108.5000000000005 740.50000000000011 682.50000000000011 3.3586362549537383 -0.11308139564641544 0.18461538461538476 0.0017404590294615274 -0.044972031348520521 1801.5000000000002 1351.5000000000002 3.630984598539754 740.50000000000011 682.50000000000011 2.0856528016791152 885.50000000000011 1597.5000000000002 1684.5000000000002 1485.5000000000002 2053.5000000000005 4.7340029612243617
decision_type=8 8 10 2 10 2 2 8 10 2 2 2 2 2 10 10 8 10 2 2 2 2 2 2 2 2 2 2 2 2
left_child=3 4 7 10 -2 -6 -7 -3 -4 -8 11 12 -1 -14 -12 16 -9 -18 19 21 25 22 -19 -13 -23 27 -27 -21 29 -20
right_child=1 2 8 -5 5 6 9 15 -10 -11 14 23 13 -15 -16 -17 17 18 28 20 -22 24 -24 -25 -26 26 -28 -29 -30 -31
leaf_value=-0.0056085281153376914 0.024108408891207078 0.0010864015950745722 0.0034362692825995974 -0.040898359142465805 0.023136873354086537 -0.025377511324585274 0.01402689359306984 -0.029843323833246962 0.015436070968231595 -0.0020469548065653901 0.06936751923159018 0.077087439007081301 0.13283206383996946 0.018787866022316121 0.00063804770491329927 0.079232475931380345 -0.013189413952961547 -0.0011189251112342746 -0.02916138599635856 0.024543204472966634 -0.0053243319484924997 -0.031594937485421963 0.041030856790058627 -0.019840891390277848 -0.0099644972924182521 -0.016484773944476765 0.034308281103412677 0.060900095909864817 -0.0068904644627550138 0.0095039389001429532
leaf_weight=622.13428837060928 3515.2836230248213 15346.257474601269 29590.198926448822 1470.2798378095031 2902.3393207490444 1236.7912638783455 7337.7510875910521 900.84462586045265 5262.9176136702299 3743.4057944566011 124.44091655313969 49.916293561458588 74.963919952511787 86.906078964471817 504.42516271024942 62.95691505074501 7958.8686789572239 5056.0779127925634 1764.6213319450617 841.76239760220051 1808.2076885849237 1297.5642068088055 598.65905658900738 6591.4480825513601 4062.9939768016338 449.38272833824158 541.11972945928574 560.68402168154716 9379.3942970335484 379.03743276000023
leaf_count=3474 14505 69123 130202 11272 11919 5304 30588 4904 22759 15726 594 236 355 480 2668 260 39578 22847 8654 3713 8719 6255 2571 38316 19309 2266 2378 2518 44108 1853
internal_value=-2.08334e-06 0.0016231 -0.000535794 -0.0178496 0.0115169 0.00860875 0.00518565 -0.00448794 0.00524827 0.00859687 -0.0136422 -0.0160034 0.010333 0.0716031 0.0142383 -0.00688671 -0.00703901 -0.00644696 -0.0044401 -0.000410172 0.0134093 -0.00568083 0.00334341 -0.0191124 -0.0152003 0.0275652 0.0112639 0.0390783 -0.00976172 -0.0223247
internal_weight=114122 104597 85861.5 9524.51 18735.6 15220.3 12317.9 51008.4 34853.1 11081.2 8054.23 7425.37 784.004 161.87 628.866 35662.2 35599.2 34698.4 26739.5 15216.5 4201.16 11015.3 5654.74 6641.36 5360.56 2392.95 990.502 1402.45 11523.1 2143.66
internal_count=527454 470059 392017 57395 78042 63537 51618 239056 152961 46314 46123 42861 4309 835 3262 169933 169673 164769 125191 70576 19594 50982 25418 38552 25564 10875 4644 6231 54615 10507
is_linear=0
shrinkage=0.05


Tree=28
num_leaves=31
num_cat=0
split_feature=9 38 5 32 28 38 32 33 33 5 33 33 28 33 32 32 11 33 32 33 32 12 33 43 12 43 33 33 43 32
split_gain=1156.42 747.476 601.185 595.21 483.865 406.23 307.118 277.175 582.658 359.763 353.25 264.601 263.352 281.469 362.874 263.18 298.077 257.938 511.426 428.501 352.571 323.725 313.257 256.688 245.174 239.032 237.045 298.518 272.147 255.948
threshold=0.014687367534741202 -0.13769548433801646 -0.092664092664093242 3.5000000000000004 0.081313210746686806 0.00077604807384634722 1.5000000000000002 458.50000000000006 640.50000000000011 -0.14336388038417994 740.50000000000011 66.500000000000014 0.34642192186143245 472.50000000000006 5.5000000000000009 8.5000000000000018 0.36677315640132574 820.50000000000011 10.500000000000002 1626.5000000000002 8.5000000000000018 1.9714285714285731 1423.5000000000002 1.0000000180025095e-35 3.028571428571432 5.5000000000000009 1226.5000000000002 3261.5000000000005 5.5000000000000009 6.5000000000000009
decision_type=10 8 10 2 10 10 2 2 2 10 2 2 8 2 2 2 10 2 2 2 2 10 2 2 10 2 2 2 2 2
left_child=2 -2 12 6 7 -4 -3 11 -9 -10 -11 23 13 -1 -15 16 -16 -12 20 21 -19 22 -20 -5 -8 -22 28 -28 29 -6
right_child=1 3 5 4 26 -7 24 8 9 10 17 -13 -14 14 15 -17 -18 18 19 -21 25 -23 -24 -25 -26 -27 27 -29 -30 -31
leaf_value=0.025656988500905444 0.018136580536849353 0.0012286038196693378 -0.020509035545931351 -0.030616870903504026 0.028105963519169982 -0.0046992439261283143 -0.016116489467168253 -0.023052718811738301 0.011070279163050138 0.0225233148038224 -0.022809280767553841 0.013705991030460225 -0.029422218192585392 -0.015569643263535916 0.053035610058673313 -0.006142150696357135 0.010218111757655038 -0.00036528337019427594 0.023329274297917497 0.0024834108932136416 -0.014479405830055279 0.0020271647769880123 0.071446385571668117 0.029650880011150557 0.00027441542306188226 0.11017460206319081 0.020922262304075387 -0.012742915998730587 -0.028086317355485432 0.00045466143427524118
leaf_weight=1303.9740330427885 7148.4509935975075 7838.0605180263519 10991.031151533127 678.90079447627068 1158.7400920689106 6446.0846174731851 8309.3927561640739 2606.1240543723106 7676.1646950542927 1519.7226399630308 1443.1610196977854 6655.9789673984051 616.6873983591795 2299.2901688441634 542.53979699313641 1529.3852617666125 1620.6453914344311 14502.146863460541 799.7555486112833 4743.8742481172085 7288.5459182858467 703.12194581329823 586.17265053093433 238.82714752852917 3144.9074362665415 38.661649629473686 7073.5016246438026 726.08246456086636 592.18142741918564 3012.8041434884071
leaf_count=5722 29422 34902 63231 3523 4677 33628 43302 11477 32320 6421 6449 27910 3528 12088 2361 7441 7296 63306 3439 20530 34074 3043 2416 1019 15505 167 29512 3216 2430 12515
internal_value=-6.21908e-05 0.00263518 -0.00947763 0.00127281 0.00365789 -0.0146645 -0.00639763 0.00143298 -0.000157894 0.00136029 -0.000996548 0.0102357 0.00195295 0.00460497 2.35357e-05 0.0097331 0.020957 -0.00218383 -0.00114533 0.0107924 -0.00488204 0.0296608 0.0436802 -0.0149329 -0.0116162 -0.0138217 0.0124208 0.0177883 0.00363269 0.00813543
internal_weight=113835 88485.3 25349.6 81336.8 62044.5 17437.1 19292.4 49481.2 41907.5 39301.3 31625.2 7573.71 7912.52 7295.83 5991.86 3692.57 2163.19 30105.4 28662.3 6832.92 21829.4 2089.05 1385.93 917.728 11454.3 7327.21 12563.3 7799.58 4763.73 4171.54
internal_count=526870 391575 135295 362153 268444 96859 93709 216094 183642 172165 139845 32452 38436 34908 29186 17098 9657 133424 126975 29428 97547 8898 5855 4542 58807 34241 52350 32728 19622 17192
is_linear=0
shrinkage=0.05


Tree=29
num_leaves=31
num_cat=0
split_feature=5 38 33 32 33 33 13 33 43 33 43 0 32 28 12 33 33 33 43 33 33 32 32 32 28 5 32 33 33 32
split_gain=1000.17 1141.9 603.064 613.562 517.221 477.243 429.955 356.961 569.676 465.476 301.992 289.727 273.299 270.779 254.424 226.331 476.504 234.336 215.558 212.211 501.663 488.799 226.121 208.117 204.885 233.754 196.667 258.626 242.514 193.112
threshold=-0.14555967923653026 0.028964342767006771 484.50000000000006 4.5000000000000009 374.50000000000006 3606.5000000000005 0.033944877786152593 2653.5000000000005 1.5000000000000002 3382.5000000000005 1.5000000000000002 0.083832335329341437 4.5000000000000009 -0.082127036880637674 12.700000000000001 1396.5000000000002 2432.5000000000005 2101.5000000000005 2.5000000000000004 1423.5000000000002 1555.5000000000002 8.5000000000000018 10.500000000000002 5.5000000000000009 -0.039182808645019024 -0.036082474226804155 6.5000000000000009 913.50000000000011 955.50000000000011 8.5000000000000018
decision_type=8 10 2 2 2 2 10 2 2 2 2 10 2 10 10 2 2 2 2 2 2 2 2 2 10 10 2 2 2 2
left_child=7 2 4 6 29 24 -4 8 23 10 -9 12 14 -11 -3 26 17 -17 -12 -14 22 -22 -21 -1 -5 -26 27 -10 -29 -2
right_child=1 11 3 5 -6 -7 -8 9 15 13 18 -13 19 -15 -16 16 -18 -19 -20 20 21 -23 -24 -25 25 -27 -28 28 -30 -31
leaf_value=0.037441258142552128 0.0060371067031912383 -0.0060887257762150234 -0.023176578201034803 -0.01038144998551113 0.028645413713384735 -0.029299653654775156 -0.0058719979942697858 -0.0049416976992865949 -0.018194519825179327 0.056442717024335745 0.050456667100039737 0.027465199271804325 0.001006446038717531 -0.011948398690655624 0.023029903723335261 0.0080875800486283241 -0.013775693103799636 0.0305508778586377 0.022198441280656227 0.019809454755328693 0.016308598835847572 -0.0037294410574006892 0.057635078723022565 0.0036221072796171015 0.0043826755503949075 -0.0057150502502959343 0.0063152669721472342 0.043105036964977778 -0.0029396876416290674 -0.010252773341407083
leaf_weight=1790.1039008796215 4295.8444317132235 8173.8712708726525 10094.912433937192 8084.7458151355386 1854.7520299330354 1906.3842332065105 5570.2115981653333 469.07665783166885 3043.267338424921 165.82651408016682 1588.3591751158237 1369.0525233894587 9311.437549456954 1137.5689343065023 825.9674156755209 2691.1463655233383 1601.1917299181223 2041.9100993424654 1173.4243583679199 860.28073666989803 6804.0978064388037 5506.3269684463739 730.68265995383263 609.89520440995693 10489.609986662865 12634.519032739103 3602.5571749359369 343.66514903306961 1703.3170876204967 3155.9086179882288
leaf_count=7480 19049 39036 57527 37986 8106 11677 27052 1956 13672 713 6735 5767 39310 5137 3835 11656 6744 8564 4989 3819 28877 24395 3028 2496 48251 59787 15016 1424 7374 15513
internal_value=-0.000105846 -0.00240189 -0.00664501 -0.00887029 0.00501883 -0.00501346 -0.0170234 0.00947804 0.00622648 0.0219752 0.0321504 0.00493753 0.00398009 -0.00324723 -0.00341634 0.0026137 0.00980219 0.0177786 0.0384503 0.00684776 0.0107604 0.00734579 0.0371817 0.028847 -0.00352995 -0.0011345 -0.00262438 -0.00895129 0.0047907 -0.000861857
internal_weight=113630 91668.6 58086.9 48780.4 9306.51 33115.3 15665.1 21961.3 17427.1 4534.26 3230.86 33581.7 32212.7 1303.4 8999.84 15027.1 6334.25 4733.06 2761.78 23212.8 13901.4 12310.4 1590.96 2400 31208.9 23124.1 8692.81 5090.25 2046.98 7451.75
internal_count=526971 433015 284948 242280 42668 157701 84579 93956 74426 19530 13680 148067 142300 5850 42871 64450 26964 20220 11724 99429 60119 53272 6847 9976 146024 108038 37486 22470 8798 34562
is_linear=0
shrinkage=0.05


Tree=30
num_leaves=31
num_cat=0
split_feature=10 10 5 7 5 43 33 33 33 33 33 43 34 33 33 12 5 43 22 5 33 33 33 26 13 33 34 33 33 33
split_gain=1095.34 769.464 506.257 560.134 371.096 319.716 422.083 251.397 321.145 452.872 262.491 247.652 264.889 310.921 276.554 246.308 220.915 219.817 210.711 206.692 193.948 484.426 244.193 187.308 180.829 215.118 165.203 203.421 162.597 363.79
threshold=0.011065173719388798 0.029445733481243096 -0.13917525773195885 -0.0718350331876315 -0.067708333333333523 1.5000000000000002 2101.5000000000005 3382.5000000000005 2653.5000000000005 2432.5000000000005 2696.5000000000005 2.5000000000000004 3.0610489973715933 2296.5000000000005 2249.5000000000005 1.5214285714285727 -0.13513513513513489 2.5000000000000004 1.3021372351669107 0.25320353226226316 1396.5000000000002 1569.5000000000002 740.50000000000011 0.67478439222082209 1.1796119636642291e-17 3723.5000000000005 3.630984598539754 3334.5000000000005 3075.5000000000005 3261.5000000000005
decision_type=8 10 8 8 10 2 2 2 2 2 2 2 2 2 2 10 10 2 10 10 2 2 2 10 10 2 2 2 2 2
left_child=17 2 5 4 23 -2 -7 8 9 -8 -10 15 13 14 20 -5 -3 -1 -18 24 22 -22 -13 -4 -6 -26 27 -19 -14 -30
right_child=1 16 3 11 19 6 7 -9 10 -11 -12 12 28 -15 -16 -17 18 26 -20 -21 21 -23 -24 -25 25 -27 -28 -29 29 -31
leaf_value=-0.035595831663902212 0.026040088445023171 0.014424064354828684 0.0012170500167663944 -0.014893500258914208 -0.041785455594034203 -0.0027552447496073519 0.030064613750458626 -0.005786408149642582 0.096703658020150615 -0.015590143261091578 0.032572096413882458 0.037521691875197841 -0.000964162698379192 -0.0086608072602600856 0.096462050426631377 0.0028272772432012335 0.0033133637779532658 0.021308523241732571 0.016893502643881769 0.013932039859332574 0.05512519286860456 0.0030285287748515639 -0.0070804131075061384 -0.014858692244344537 -0.012789914711778927 0.076299860086674928 -0.02106064001796645 -0.057038856954216878 0.038412849409657987 -0.0037814158244981371
leaf_weight=2127.1212040111423 1806.9035133421421 8124.6198487728834 10696.659966647625 3787.5870854482055 540.98713960498571 8847.0688554793596 1261.5716655403376 1037.179141163826 184.43896782398224 953.88152053952217 1182.610014513135 441.44894215464592 11161.261529967189 1013.839559353888 123.16906028985977 4065.8386547937989 23089.096214547753 516.96668045967817 3259.6652607917786 723.52178853750229 967.97322699427605 827.83699211478233 1006.6653473228216 2181.5328836292028 19328.330013781786 67.996357314288616 1894.8929294198751 98.659972816705704 891.62630946934223 1196.1437854319811
leaf_count=15572 7624 33383 51455 19264 3269 39080 5383 4705 822 4164 5042 1886 52049 4691 546 19792 98190 2879 13672 3342 4132 3699 4616 9985 94941 374 11857 775 3728 5877
internal_value=2.75525e-05 0.00104221 -0.00182243 -0.00392202 -0.00816783 0.0062911 0.00364128 0.0158911 0.0221671 0.0104076 0.0412246 0.00166595 0.00495572 0.0156139 0.0229231 -0.00571918 0.007216 -0.0237698 0.00499339 -0.0123202 0.0201309 0.0311095 0.00651627 -0.00150614 -0.0132729 -0.0124776 -0.0137499 0.00875262 0.00143146 0.0142385
internal_weight=113407 108769 74296.1 59022.4 33539 15273.7 13466.8 4619.68 3582.5 2215.45 1367.05 25483.4 17630 4380.93 3367.09 7853.43 34473.4 4637.64 26348.8 20660.8 3243.92 1795.81 1448.11 12878.2 19937.3 19396.3 2510.52 615.627 13249 2087.77
internal_count=526794 495711 350466 283646 163366 66820 59196 20116 15411 9547 5864 120280 81224 19570 14879 39056 145245 31083 111862 101926 14333 7831 6502 61440 98584 95315 15511 3654 61654 9605
is_linear=0
shrinkage=0.05


Tree=31
num_leaves=31
num_cat=0
split_feature=9 38 32 5 38 28 32 34 33 32 32 11 33 33 33 33 33 34 33 33 13 33 33 33 33 5 43 33 32 32
split_gain=935.298 631.433 496.902 492.74 402.294 396.481 226.987 233.019 220.058 209.891 348.092 340.57 330.321 201.585 314.702 219.854 220.929 248.965 196.16 206.324 195.702 188.263 485.884 327.144 248.736 242.191 212.579 190.47 397.694 368.65
threshold=0.014687367534741202 -0.1251783806571907 3.5000000000000004 -0.070743924579478687 0.0030151407078131691 0.077993082895718005 1.5000000000000002 4.4875121511018561 941.50000000000011 5.5000000000000009 8.5000000000000018 0.36677315640132574 120.50000000000001 982.50000000000011 350.50000000000006 3261.5000000000005 3187.5000000000005 4.0817654239468206 885.50000000000011 419.50000000000006 0.0059907361153669946 458.50000000000006 640.50000000000011 722.50000000000011 66.500000000000014 -0.15884476534296058 1.0000000180025095e-35 820.50000000000011 10.500000000000002 8.5000000000000018
decision_type=10 8 2 10 10 10 2 2 2 2 2 8 2 2 2 2 2 2 2 2 10 2 2 2 2 10 2 2 2 2
left_child=3 -2 6 9 20 21 -3 8 -8 12 11 -11 -1 14 -7 16 17 -15 19 -9 -5 24 -23 -24 26 -25 -4 -27 29 -29
right_child=1 2 5 4 -6 13 7 18 -10 10 -12 -13 -14 15 -16 -17 -18 -19 -20 -21 -22 22 23 25 -26 27 -28 28 -30 -31
leaf_value=0.030488705902249183 0.014949441172919463 0.00030586799982254868 -0.030538990626418468 -0.035592473593438687 -0.0039042550704145133 0.016078646103780223 -0.026917763262832396 -0.01499848864735092 -0.0094637808765615436 0.05082416384779273 -0.0056280514297428596 0.0093055089867850431 -0.015172311236543709 0.020294377571352586 -0.011195863432026771 -0.010635551414820824 0.041022112474754756 -0.00041574195423198967 -0.0064768157404702584 0.041666445084715481 -0.017168098477794436 -0.022037042303183971 0.022579124825086151 0.0096302022562016094 0.01181376503849804 -0.018274508716337064 0.024499416669540509 0.0003958968889722429 0.009631131527011224 -0.013425465054338399
leaf_weight=453.2924348115921 8833.3705954998732 7749.2250529080629 671.02910086512566 1771.0908110737801 5814.5047027990222 2017.06954818964 2625.7599028944969 234.23497822880745 5783.4756520986557 632.2737420797348 3156.2028474807739 2257.2699186727405 3138.2453068941832 5235.8973077237606 2223.4077974408865 763.00302778184414 884.72924028337002 2007.5580983310938 1866.4750475436449 511.30299544334412 7739.776539131999 2439.2637235075235 1676.5232225507498 5512.8138978332281 6376.8004472106695 1650.8701390624046 237.54679679870605 14806.729381710291 6929.3085956722498 7156.2393495887518
leaf_count=1912 36570 34550 3554 12946 30487 8219 13962 1187 30252 2790 16183 10226 16966 21864 9260 3396 3691 8362 9342 2548 43625 10864 7046 23010 26708 7382 1007 64793 29862 33765
internal_value=-0.000149998 0.00226845 0.000856946 -0.00869433 -0.014265 0.0030591 -0.00625134 -0.0108618 -0.0149137 0.000164198 0.00585148 0.0183904 -0.00940938 0.0107482 0.00177781 0.0150265 0.0174354 0.0145545 0.00218306 0.0238633 -0.020599 0.00093148 -0.000409638 0.000988493 0.00832644 -1.54246e-05 -0.0161492 -0.00175639 -0.000812564 -0.00410755
internal_weight=113155 88192.6 79359.3 24962.7 15325.4 60588.8 18770.5 11021.2 8409.24 9637.28 6045.75 2889.54 3591.54 13131.7 4240.48 8891.19 8128.18 7243.46 2612.01 745.538 9510.87 47457.1 40171.7 37732.5 7285.38 36056 908.576 30543.1 28892.3 21963
internal_count=526329 391194 354624 135135 87058 262783 91841 57291 44214 48077 29199 13016 18878 54792 17479 37313 33917 30226 13077 3735 56571 207991 176722 165858 31269 158812 4561 135802 128420 98558
is_linear=0
shrinkage=0.05


Tree=32
num_leaves=31
num_cat=0
split_feature=10 10 32 34 32 33 33 32 32 33 33 33 33 12 33 28 32 33 33 33 32 33 33 28 43 33 43 34 33 33
split_gain=956.546 637.914 502.775 358.595 380.83 489.168 569.546 351.441 319.303 316.123 454.442 484.551 306.244 297.532 267.127 264.693 244.699 309.345 653.151 649.181 417.864 388.462 254.024 242.974 240.456 236.792 315.777 236.676 228.949 284.995
threshold=0.013414337655440686 0.030697719267175596 3.5000000000000004 2.8931418480839728 8.5000000000000018 253.50000000000003 653.50000000000011 1.5000000000000002 11.500000000000002 1025.5000000000002 2529.5000000000005 3261.5000000000005 3334.5000000000005 4.6571428571428628 547.50000000000011 -0.072364765293397873 10.500000000000002 955.50000000000011 1384.5000000000002 1742.5000000000002 7.5000000000000009 2067.5000000000005 1697.5000000000002 -0.079507823174834749 2.5000000000000004 682.50000000000011 3.5000000000000004 4.4479312383686205 472.50000000000006 444.50000000000006
decision_type=8 10 2 2 2 2 2 2 2 2 2 2 2 8 2 10 2 2 2 2 2 2 2 10 2 2 2 2 2 2
left_child=12 2 7 16 5 -5 14 15 -6 -8 -11 -12 -1 -9 27 -2 17 25 -19 22 21 -21 -20 -13 -18 26 -4 -7 29 -17
right_child=1 -3 3 4 8 6 9 13 -10 10 11 23 -14 -15 -16 28 24 18 19 20 -22 -23 -24 -25 -26 -27 -28 -29 -30 -31
leaf_value=-0.011731963367864353 0.05152148541963672 0.0074428054570504984 -0.0056552449447868913 0.027082223378386391 -0.0097023317169120243 -0.012398954705477822 0.021263846496980186 -0.018040220224602124 0.0045559782761935988 -0.004182709838358183 0.029417482872539587 0.05204064716243352 -0.037539423778655545 0.0049992458894883816 -0.029677459124106055 0.0053338281075194574 0.0060887598169267927 -0.025227444941268936 0.027720989893512321 -0.026520419123387175 -0.01965395919415508 0.021658843049687081 0.083464993942043653 -0.0053414771819503548 0.036664920433673948 0.041736247662705242 0.047973107860336484 0.032841843920446694 -0.0064380320277786151 0.063415656874032625
leaf_weight=7817.6275390312076 242.74195946753025 30204.130121618509 1036.571288973093 1982.9383740872145 15194.52131305635 1308.8130159080029 2506.1617113500834 8828.1222349256277 5294.7568327412009 9940.4433077126741 2585.4914202392101 199.51889786124229 1347.6867072358727 1665.6903698295355 1929.1175045073032 1066.9157208353281 1216.5804264247417 1901.4189241826534 1272.2818584442139 527.05049178004265 1813.8573874905705 2029.0773826688528 243.48188266158104 2447.3228771090508 1363.8161945343018 868.35220448672771 373.36297877132893 371.04651007056236 5147.6284036561847 263.32873849570751
leaf_count=46172 1080 126967 4439 8114 72977 5604 10797 49141 23231 44750 10817 852 11249 8401 8867 4495 5347 8487 5445 2309 8323 8767 1024 11102 5615 3673 1556 1551 24349 1128
internal_value=-4.2875e-05 0.00132399 -0.00118636 0.0010963 -0.00104681 0.00332996 0.00111747 -0.00866589 -0.00601776 0.00481262 0.00209529 0.0140223 -0.0155267 -0.0143831 -0.0169836 0.000261247 0.00851238 0.0049908 0.000249587 0.00848006 -0.00129969 0.0117247 0.0366753 -0.00101601 0.0222492 0.0211962 0.00854601 -0.00240619 -0.0016596 0.0168314
internal_weight=112990 103825 73620.4 56406 43760.1 23270.9 21287.9 17214.4 20489.3 17678.9 15172.8 5232.33 9165.31 10493.8 3608.98 6720.61 12645.9 10065.5 7787.17 5885.75 4369.99 2556.13 1515.76 2646.84 2580.4 2278.29 1409.93 1679.86 6477.87 1330.24
internal_count=526629 469208 342241 253647 198662 102454 94340 88594 96208 78318 67521 22771 57421 57542 16022 31052 54985 44023 34355 25868 19399 11076 6469 11954 10962 9668 5995 7155 29972 5623
is_linear=0
shrinkage=0.05


Tree=33
num_leaves=31
num_cat=0
split_feature=10 38 32 28 33 33 33 33 32 32 32 10 13 10 33 33 33 33 32 33 10 32 33 32 32 33 33 33 33 33
split_gain=882.411 665.001 653.751 620.046 365.07 472.649 807.756 926.699 635.589 492.238 408.338 336.906 296.413 286.459 261.307 869.153 464.085 497.298 403.747 317.901 296.175 249.258 250.113 247.098 382.568 281.692 244.008 300.206 240.721 231.546
threshold=0.011065173719388798 -0.1043061416272885 4.5000000000000009 -0.044972031348520521 3261.5000000000005 2653.5000000000005 2402.5000000000005 2233.5000000000005 7.5000000000000009 6.5000000000000009 10.500000000000002 0.02907061098183927 0.019770674931508005 0.021338823527532903 1801.5000000000002 1384.5000000000002 740.50000000000011 682.50000000000011 7.5000000000000009 820.50000000000011 0.0267769795775499 10.500000000000002 1555.5000000000002 10.500000000000002 7.5000000000000009 1295.5000000000002 120.50000000000001 160.50000000000003 2279.5000000000005 3059.5000000000005
decision_type=8 8 2 10 2 2 2 2 2 2 2 8 10 10 2 2 2 2 2 2 10 2 2 2 2 2 2 2 2 2
left_child=-1 -2 11 -4 5 6 7 14 9 -7 -9 26 -6 -8 15 16 17 -5 -16 -18 -20 -17 -23 24 25 -21 -3 -28 -12 -13
right_child=1 2 3 4 12 8 13 10 -10 -11 28 29 -14 -15 18 21 19 -19 20 23 -22 22 -24 -25 -26 -27 27 -29 -30 -31
leaf_value=-0.021922000569834187 0.011238601176908213 0.02645463368912462 -0.0084984634779946468 0.0039833177863884111 -0.032165790233405184 0.016815831590539395 -0.03581392976938079 0.0025298522542849238 0.004872696188501403 0.055830228856657532 0.067033128564367453 -0.0025770845822474697 -0.0024203529075929112 -0.0078723458381538894 0.014196477824001906 0.015814493734909181 -0.025437508884318422 0.034712905124742066 -0.022293454157976324 0.012252875779164852 0.0052293044483963918 0.044914657939668978 -0.010782453949624855 0.015688189457608658 -0.021044251735566871 -0.014670230913441273 -0.044285944884320673 -0.010388042908448802 -0.045761503025056084 0.019199053357182895
leaf_weight=4463.877296179533 13288.102506175637 430.88139364123344 11600.410644359887 10352.116244748235 1032.7710616663098 1888.8984415531158 1441.4300079345703 406.9501334130764 4684.6452455371618 1413.4449687451124 987.45365792512894 7499.6862032413483 4430.1211835891008 2522.5197356492281 1903.0330289751291 5769.4813724160194 1839.5055015236139 1508.4044974148273 2998.7725720256567 2785.5587862581015 1450.1641337275505 1500.8845887929201 232.83165027201176 1529.2292733341455 2748.7795859277248 1491.8866171240807 677.28420911729336 18330.967331118882 49.681609392166138 1458.045169070363
leaf_count=31059 56112 1821 54381 43648 6009 7980 6943 1807 20297 6047 4124 33368 20403 10830 8277 25571 8412 6310 14413 11752 6074 6316 1013 6591 12770 6616 3731 97095 229 6479
internal_value=-0.000136133 0.000762213 -0.000703697 0.00200582 0.00422261 0.0055762 0.0034334 0.00569919 0.0167151 0.0335145 0.0449753 -0.00705544 -0.00804379 -0.0180329 0.00412852 0.00609357 0.00113204 0.00789146 -0.00507768 -0.00658038 -0.0133222 0.0208101 0.0374347 -0.00252592 -0.00649015 0.00286264 -0.0107524 -0.0115959 0.06163 0.000967406
internal_weight=112718 108254 94965.8 66569 54968.6 49505.7 41518.7 37554.7 7986.99 3302.34 1444.09 28396.9 5462.89 3963.95 36110.6 29758.7 22255.5 11860.5 6351.97 10395 4448.94 7503.2 1733.72 8555.45 7026.22 4277.45 19439.1 19008.3 1037.14 8957.73
internal_count=526478 495419 439307 296813 242432 216020 181696 163923 34324 14027 6160 142494 26412 17773 157763 128999 96099 49958 28764 46141 20487 32900 7329 37729 31138 18368 102647 100826 4353 39847
is_linear=0
shrinkage=0.05


Tree=34
num_leaves=31
num_cat=0
split_feature=10 5 8 32 5 33 28 34 32 32 33 33 33 33 32 34 10 32 34 38 37 33 38 10 33 29 33 33 33 33
split_gain=778.033 569.035 509.359 416.144 336.968 319.77 283.939 320.602 273.679 278.822 247.775 231.629 766.263 388.618 237.731 230.377 225.336 217.534 233.173 216.616 207.099 204.201 201.677 201.35 196.368 208.724 186.171 184.612 175.907 330.362
threshold=0.013414337655440686 -0.18181818181818168 0.33804242458801398 4.5000000000000009 -0.084558823529411895 3382.5000000000005 -0.030099932766846738 3.0610489973715933 8.5000000000000018 11.500000000000002 3227.5000000000005 1384.5000000000002 1742.5000000000002 740.50000000000011 7.5000000000000009 6.0981866290940259 0.027353912435862819 3.5000000000000004 2.9150606983496101 -0.17013206624655089 0.033249910618492147 1485.5000000000002 -0.090374144100912754 0.045788779689440333 2967.5000000000005 -0.099875327985716189 2354.5000000000005 740.50000000000011 2529.5000000000005 2115.5000000000005
decision_type=8 8 10 2 10 2 10 2 2 2 2 2 2 2 2 2 10 2 2 10 10 2 8 8 2 10 2 2 2 2
left_child=5 19 3 4 -3 17 22 10 28 23 11 13 -13 14 -8 20 -14 -1 -19 -2 -6 -21 -5 -10 27 -26 -17 -20 29 -9
right_child=1 2 -4 6 15 -7 7 8 9 -11 -12 12 16 -15 -16 26 -18 18 24 21 -22 -23 -24 -25 25 -27 -28 -29 -30 -31
leaf_value=-0.025987563659584004 0.022717361532807952 0.0017050155068950538 0.0082039823206065312 0.005913093882947554 -0.015933169285782492 -0.03768784373558532 -0.0024031541451631526 0.0053732004208394274 -0.012006453109520129 0.0058229299606808275 -0.021878638723723989 0.045862674377770966 -0.0014261528853242343 -0.009280804090898008 0.036745010971024006 0.03242616154776564 0.023591986726719975 0.01747877460282064 0.014911101921773718 0.00089421103138899959 -0.0017426621839767105 0.013786926262341515 -0.0083811357015344829 0.026230248036290305 0.066425356917813524 0.00061235138965013347 -0.019013970920460928 -0.017795941294636252 0.015010170278746416 -0.020746944095038831
leaf_weight=1724.6807649955153 2815.3363559693098 6847.5140066072345 14699.224968418479 3138.0209048837423 12013.558035410941 1236.8952272310853 624.43730464577675 8340.0217742621899 8264.1118653714657 3813.4796668514609 569.91084357351065 1774.6900431513786 2810.7531560361385 2535.4599392414093 1023.2920991927385 516.4746602922678 1323.9984090179205 909.47839447855949 485.54804392904043 6142.08389942348 3271.2232422083616 6142.7310226410627 11550.073896035552 359.26164661347866 148.07398688048124 646.31361455470324 266.73108801245689 3871.2949326857924 3251.6969671547413 1416.0818354338408
leaf_count=12330 11508 32917 62467 13427 63106 10856 2595 35748 39112 16429 2748 7411 12428 11067 4214 2555 5552 4379 2615 26048 15817 25793 54922 1561 715 3655 1320 22920 13939 6332
internal_value=1.00075e-05 0.00123744 -0.000294665 -0.00198944 -0.00758281 -0.014072 0.000533916 0.00291819 -0.000131728 -0.00543494 0.0101964 0.0120076 0.0183806 0.00300468 0.0219091 -0.0115409 0.00658496 -0.01032 -0.00586154 0.0102078 -0.0128961 0.00734091 -0.00532726 -0.0104135 -0.0099824 0.0128799 0.0149075 -0.0141509 0.00493871 0.00158191
internal_weight=112532 103510 88410 73710.8 22915.5 9022.28 50795.3 36107.2 25444.7 12436.9 10662.5 10092.6 5909.44 4183.19 1647.73 16068 4134.75 7785.39 6060.71 15100.2 15284.8 12284.8 14688.1 8623.37 5151.23 794.388 783.206 4356.84 13007.8 9756.1
internal_count=526486 469016 405667 343200 115715 57470 227485 159136 113121 57102 46015 43267 25391 17876 6809 82798 17980 46614 34284 63349 78923 51841 68349 40673 29905 4370 3875 25535 56019 42080
is_linear=0
shrinkage=0.05


Tree=35
num_leaves=31
num_cat=0
split_feature=13 33 32 32 13 32 33 33 38 33 33 33 33 33 33 33 12 28 12 33 12 33 38 5 32 12 32 35 12 33
split_gain=696.21 796.626 598.019 592.342 573.715 514.025 695.291 562.18 498.286 294.837 884.843 828.451 407.383 288.904 274.166 404.695 267.968 258.611 245.497 230.304 302.082 291.314 246.377 229.248 222.914 306.697 215.213 210.145 208.921 203.744
threshold=0.031305352759461523 510.50000000000006 5.5000000000000009 8.5000000000000018 0.0093908991189175384 10.500000000000002 722.50000000000011 834.50000000000011 -0.14522632923308418 1612.5000000000002 2067.5000000000005 2296.5000000000005 1498.5000000000002 2710.5000000000005 1384.5000000000002 1569.5000000000002 22.742857142857172 0.12961053524038707 0.17142857142857218 174.50000000000003 2.9428571428571453 120.50000000000001 -0.014243029366488523 -0.099678456591639916 3.5000000000000004 6.5357142857142918 8.5000000000000018 0.088384941539196862 2.6214285714285759 640.50000000000011
decision_type=10 2 2 2 10 2 2 2 8 2 2 2 2 2 2 2 10 10 10 2 8 2 8 10 2 10 2 10 10 2
left_child=1 19 -3 18 -5 6 -6 -7 -2 12 -11 -12 -9 -13 24 -16 -15 23 -4 21 -21 22 28 -17 25 -10 -22 -24 -1 -20
right_child=8 2 3 4 5 7 -8 9 14 10 11 13 -14 16 15 17 -18 -19 29 20 26 -23 27 -25 -26 -27 -28 -29 -30 -31
leaf_value=0.045992288482652847 0.018540669776753674 -0.014988507451907149 0.028634376787196065 -0.035650049341695474 0.048284224372173112 -0.033211364650415333 -0.021232876906253518 0.0088540905680679176 -0.015456547906156899 -0.036744790243539716 0.064904731322988907 -0.028660391616075594 0.05715405141151584 0.0090813678207126939 0.02274743332423787 0.0091486947260653647 0.1240724790031915 0.014475069169727718 -0.023449411870837517 0.011122998001470258 0.059995650937890811 -0.027980101447124064 -0.0092536833907537457 -0.0013585716436512708 0.00046296612108627912 0.025197779061672778 0.011234730183666299 0.085249179861143054 -0.03452476768855587 0.0047221388728216794
leaf_weight=561.64292381703854 4975.549353197217 15396.516561418772 1022.5667927116156 1855.6555823609233 385.52513134479523 868.56095978617668 5366.5048488527536 1235.8004109114408 4545.0236627012491 1055.7254263162613 680.21298015117645 588.42260581254959 675.03107543289661 1112.1601575687528 2926.6361294537783 7070.2894764766097 53.081431791186333 4435.3683606386185 681.12324288487434 3235.3376303315163 638.05710247159004 700.90480355918407 1071.2476608753204 19532.295659847558 19600.788464322686 516.64725002646446 350.64917716383934 62.243962571024895 94.05701556801796 11118.232223898172
leaf_count=2359 20402 85130 4529 12648 1696 4087 28220 5584 22680 4996 3009 2761 2990 5297 12503 30604 265 18963 3079 14553 2784 3677 5365 88960 84280 2367 1490 256 417 50909
internal_value=-9.78791e-05 -0.00458968 -0.00714077 -0.00261514 -0.00977403 -0.00577962 -0.0165735 0.00412421 0.00334917 0.010129 0.00148386 0.018066 0.0259168 -0.000101811 0.0020599 0.00497352 0.0143197 0.00329758 0.00513265 0.0114047 0.0185147 -0.000656272 0.0100477 0.00143399 -0.00195266 -0.0113069 0.0427024 -0.0040642 0.0344425 0.00309592
internal_weight=112412 48809.3 42095.1 26698.6 13876.7 12021 5752.03 6269 63602.6 5400.43 3489.6 2433.88 1910.83 1753.66 58627 33964.6 1165.24 31038 12821.9 6714.14 4224.04 2490.1 1789.19 26602.6 24662.5 5061.67 988.706 1133.49 655.7 11799.4
internal_count=526860 246101 215200 130070 71553 58905 29916 28989 280759 24902 16328 11332 8574 8323 260357 151030 5562 138527 58517 30901 18827 12074 8397 119564 109327 25047 4274 5621 2776 53988
is_linear=0
shrinkage=0.05


Tree=36
num_leaves=31
num_cat=0
split_feature=10 5 8 32 34 32 33 43 33 33 33 32 33 32 33 43 34 32 10 32 33 33 33 32 43 43 34 26 33 43
split_gain=698.399 539.638 527.8 436.629 299.031 313.025 278.842 467.027 390.153 506.923 287.189 258.612 257.565 284.929 249.764 519.981 304.287 259.615 246.468 209.17 306.8 564.044 212.942 201.111 198.425 198.115 190.852 183.079 181.153 520.018
threshold=0.011065173719388798 -0.13917525773195885 0.290128002327315 4.5000000000000009 2.8593355435749763 8.5000000000000018 740.50000000000011 1.5000000000000002 1120.5000000000002 1555.5000000000002 1512.5000000000002 1.5000000000000002 3334.5000000000005 10.500000000000002 2101.5000000000005 1.5000000000000002 3.8533334468069413 5.5000000000000009 0.047471728731891198 10.500000000000002 1918.5000000000002 2279.5000000000005 2249.5000000000005 7.5000000000000009 2.5000000000000004 2.5000000000000004 3.9009615468842616 0.45014675377213148 174.50000000000003 1.0000000180025095e-35
decision_type=8 8 10 2 2 2 2 2 2 2 2 2 2 2 2 2 2 2 8 2 2 2 2 2 2 2 2 10 2 2
left_child=24 14 3 11 12 -6 7 -7 -8 10 -10 -3 13 -5 15 17 23 -2 28 -11 -21 22 -22 -16 -1 -15 -12 -17 -13 -30
right_child=1 2 -4 4 5 6 8 -9 9 19 26 18 -14 25 16 27 -18 -19 -20 20 21 -23 -24 -25 -26 -27 -28 -29 29 -31
leaf_value=-0.031737308948018024 0.033378083630133816 -0.00066376997158695253 0.0063605766218540393 0.0040380452147441752 0.0024692741233603831 -0.018925382660706754 -0.029063180129722407 0.012328597301689007 0.0045851712044985412 -0.019248195480597759 0.07633523853081528 -0.038204290231601025 -0.032082086670598975 0.0080708952349615292 0.029345883568113736 0.0075212501703170263 0.0020665467494948965 -0.012748094827671044 0.022651736497164156 -0.027552215503595875 0.015599371420206572 -0.0080721088074896027 0.066920922548336606 0.010142064786866545 -0.010198065862463582 0.038067886133088459 0.015580257321977153 -0.0053490396065489498 0.039771135084714741 -0.014684700203544222
leaf_weight=1936.7800049781799 1829.0011088252068 6063.999475851655 18136.599913880229 6439.6448255181313 16887.705362170935 1726.695225328207 2350.7001423686743 3883.8004807829857 1999.0769863128662 4916.6113859936595 262.23833905160427 742.0526929795742 391.62108550220728 988.5314663797617 3187.6603766828775 4287.7398708760738 3352.1207369789481 366.11518248915672 469.87194074690342 1110.9063233882189 440.5407502502203 2836.389901779592 373.45407946407795 2382.1409882679582 2387.0827002972364 1241.9903544187546 254.91596531867981 7770.9494040608406 453.97133243083954 12780.081355907023
leaf_count=15574 7719 29176 77469 28215 74616 9381 11668 16749 9456 25318 1098 4316 2086 4330 13674 19323 14358 1489 2090 5263 1956 13464 1545 9948 15505 5138 1096 32998 1935 70094
internal_value=-0.000142023 0.000647378 -0.00120146 -0.00326031 -0.000560393 -0.00255202 -0.00675925 0.00270982 -0.0104118 -0.00681636 0.0131768 -0.00932951 0.00758105 0.00937258 0.00740841 0.00330181 0.0139692 0.0256849 -0.0129671 -0.0120145 -0.00454489 0.00245684 0.0391453 0.0211326 -0.0198461 0.0247737 0.0463879 -0.000772717 -0.0141646 -0.0128167
internal_weight=112251 107927 84751.4 66614.8 46104.8 37043 20155.3 5610.5 14544.8 12194.1 2516.23 20510 9061.79 8670.17 23175.7 14253.8 8921.92 2195.12 14446 9677.9 4761.29 3650.38 813.995 5569.8 4323.86 2230.52 517.154 12058.7 13976.1 13234.1
internal_count=527047 495968 396459 318990 211379 171610 96994 26130 70864 59196 11650 107611 39769 37683 99509 61529 37980 9208 78435 47546 22228 16965 3501 23622 31079 9468 2194 52321 76345 72029
is_linear=0
shrinkage=0.05


Tree=37
num_leaves=31
num_cat=0
split_feature=10 38 32 28 2 32 32 34 11 12 26 37 28 14 3 5 5 43 43 32 12 5 12 34 32 10 5 43 43 34
split_gain=657.007 495.452 487.318 494.024 312.163 267.759 496.575 377.687 334.949 240.824 204.178 196.955 191.966 182.507 239.781 179.394 175.867 174.208 170.948 243.991 155.787 154.612 182.2 148.363 157.142 146.604 140.528 139.538 136.713 135.116
threshold=0.010820674109511643 -0.09531147106062908 4.5000000000000009 -0.044972031348520521 0.019352001588787585 8.5000000000000018 10.500000000000002 2.8361459037824157 0.36677315640132574 0.19285714285714289 0.041892129047354419 0.011633167572329019 0.10022553179885109 1.0000000180025095e-35 -0.1089743589743588 0.28571428571428531 0.19632704846946983 2.5000000000000004 5.5000000000000009 7.5000000000000009 0.20714285714285752 -0.072182975323361973 12.114285714285712 3.630984598539754 11.500000000000002 0.051325423161646587 -0.31725888324873086 2.5000000000000004 1.0000000180025095e-35 3.9386644623189224
decision_type=8 8 2 10 8 2 2 2 8 8 10 8 10 10 10 8 10 2 2 2 10 10 10 2 2 8 10 2 2 2
left_child=17 13 4 16 15 8 11 27 10 -9 -5 20 -10 14 -2 21 -4 -1 -14 -20 -7 -3 -23 24 -19 29 -13 -8 -16 -15
right_child=1 2 3 5 -6 6 7 9 12 -11 -12 26 18 25 28 -17 -18 23 19 -21 -22 22 -24 -25 -26 -27 -28 -29 -30 -31
leaf_value=-0.031602719653030124 0.025110549537653567 -0.0051226252271497812 -0.010418350258044544 -0.02151832199609361 0.0015429955378726645 -0.04962452685179726 0.009553570945693951 -0.041499987081359345 0.0037656245417591952 0.0040675836673001739 0.047095400816615639 0.055893911718159751 0.017523465803840014 0.0032456700611819566 0.029976499993558437 0.0042815319851609206 0.00898621131322439 0.0011799266346850818 -0.039043109985125689 0.01221991615816196 -0.010934577023353253 -0.016900492867484043 0.0099329467902627457 -0.017731269053747389 0.077799853878858183 0.031599037745637062 -0.00096853125543527006 0.034333661348951251 0.0062651894988102891 -0.017294226406123912
leaf_weight=1783.242871940136 2791.8932982981205 5891.8950132206082 9529.9812167063355 126.51311230659485 8709.7102751582861 270.07019570469856 925.91470054537058 298.24548076093197 21193.099766373634 10428.409949198365 758.3367163091898 110.91849882900715 5147.2627675831318 3057.4419796913862 660.75449571013451 1983.7937230616808 1330.7065256088972 427.83087131381035 345.30384537577629 708.12426865100861 7105.171785518527 10029.197210818529 675.20056607574224 1661.8180611953139 79.326709091663361 349.26230238378048 5326.1992755010724 1470.0783829987049 7601.0519631057978 1084.7281235903502
leaf_count=14811 11807 29556 45909 568 41912 1707 4055 1895 92162 45663 3394 475 21371 12712 2826 8941 5684 2751 1414 2978 34712 55145 3427 11104 435 1437 23798 6052 32952 4495
internal_value=-2.73247e-06 0.000730608 -0.000659303 0.0016926 -0.00626758 0.00364251 -2.67154e-05 0.00680962 0.00700764 0.00280062 0.0372852 -0.00702861 0.00602964 0.00898901 0.0124425 -0.00992891 -0.0080408 -0.0200255 0.0137677 -0.00458362 -0.0123513 -0.0116275 -0.0152079 -0.0105071 0.0131644 0.000489881 0.000191476 0.0247576 0.00816155 -0.0021332
internal_weight=111861 107909 92364.1 65074.3 27289.8 54213.6 25935 13122.6 28278.6 10726.7 884.85 12812.4 27393.8 15545.1 11053.7 18580.1 10860.7 3952.22 6200.69 1053.43 7375.24 16596.3 10704.4 2168.98 507.158 4491.43 5437.12 2395.99 8261.81 4142.17
internal_count=526148 497047 430818 291837 138981 240244 118357 57665 121887 47558 3962 60692 117925 66229 47585 97069 51593 29101 25763 4392 36419 88128 58572 14290 3186 18644 24273 10107 35778 17207
is_linear=0
shrinkage=0.05


Tree=38
num_leaves=31
num_cat=0
split_feature=10 38 0 32 32 32 33 33 33 43 13 34 33 33 32 12 33 32 32 34 14 33 33 33 9 34 33 33 33 26
split_gain=618.634 458.49 462.664 367.284 339.464 446.119 416.952 537.934 412.993 351.748 319.122 256.084 307.219 525.129 344.15 290.157 248.445 227.586 360.891 320.783 218.386 218.167 288.69 305.481 284.164 270.881 249.776 336.067 327.327 270.318
threshold=0.011065173719388798 -0.11728303789523346 0.083832335329341437 4.5000000000000009 8.5000000000000018 11.500000000000002 2529.5000000000005 2432.5000000000005 3443.5000000000005 2.5000000000000004 0.01188561449892974 3.6415248988725928 1526.5000000000002 1485.5000000000002 9.5000000000000018 1.8857142857142859 847.50000000000011 6.5000000000000009 7.5000000000000009 4.2143470814835746 1.0000000180025095e-35 120.50000000000001 160.50000000000003 484.50000000000006 0.020291999274959633 4.7522961577423013 3059.5000000000005 3425.5000000000005 2696.5000000000005 0.49434495256369265
decision_type=8 8 10 2 2 2 2 2 2 2 8 2 2 2 2 10 2 2 2 2 10 2 2 2 10 2 2 2 2 10
left_child=-1 20 3 21 6 10 7 -5 17 16 -6 12 13 14 -12 -14 -7 19 -19 -8 -2 -3 -23 25 -25 -24 28 -28 29 -26
right_child=1 2 -4 4 5 9 8 -9 -10 -11 11 -13 15 -15 -16 -17 -18 18 -20 -21 -22 22 23 24 26 -27 27 -29 -30 -31
leaf_value=-0.018826870438699125 0.015674620950110116 0.015401626626483736 0.023983510979417817 0.0036019272754213546 -0.032118593403632371 -0.021335185875181312 0.021982844586533906 -0.025004426855156643 -0.0020180310160691386 0.015095502542802187 0.020089596278100631 -0.01006035789557661 -0.010884201198656972 0.055656658701994655 -0.0052951577735682528 0.032809258490518141 0.0057833581477480999 0.048630301289326709 0.014778235577887001 -0.019448583811172357 0.00058100388895812485 -0.035700871633030214 0.0039045812942975636 -0.013389529830781398 0.019139925777124082 0.049136135069195779 0.025942360663828181 -0.01473980036088802 -0.028378332170350934 -0.0055816076614746378
leaf_weight=4215.5453097000718 7038.0121188014746 1182.0161561965942 1909.5880547463894 23169.79507085681 1104.6092945486307 1419.0682252496481 1695.405517205596 1768.8645847141743 2535.4199542850256 5467.1804194003344 2063.6402370631695 11272.872425153852 5480.2864709571004 529.68096406757832 3782.4558004140854 408.2678888887167 2086.1882233247161 1524.4474140554667 1628.2085515409708 644.89667628705502 3633.8644360899925 823.10832776129246 1986.7919553220272 10712.705637663603 1273.2970352619886 397.17584256827831 1541.0831988751888 757.00392539799213 1377.6102687120438 8404.332797601819
leaf_count=31079 29517 5052 8073 99549 6746 6633 7210 8024 11617 22893 9196 53781 25614 2211 17617 1710 9397 6618 6833 2727 15007 4576 9210 60637 6167 1762 7008 3747 6582 40095
internal_value=-3.7324e-05 0.000698689 -0.000384111 -0.000873735 0.0011583 -0.00237735 0.00476336 0.00157292 0.0146739 0.0071685 -0.00585314 -0.00462049 0.000379613 0.00798479 0.00366552 -0.00785483 -0.00519531 0.0223785 0.0311472 0.0105659 0.0105351 -0.00562842 -0.00653986 -0.00563239 -0.0073236 0.0114403 -0.00245721 0.0125414 -0.00557502 -0.00232897
internal_weight=111833 107618 96946 95036.4 66581.3 33614.2 32967 24938.7 8028.38 8972.44 24641.8 23537.2 12264.3 6375.78 5846.1 5888.55 3505.26 5492.96 3152.66 2340.3 10671.9 28455.1 27273.1 26450 24066 2383.97 13353.3 2298.09 11055.2 9677.63
internal_count=526888 495809 451285 443212 298376 155798 142578 107573 35005 38923 116875 110129 56348 29024 26813 27324 16030 23388 13451 9937 44524 144836 139784 135208 124236 10972 63599 10755 52844 46262
is_linear=0
shrinkage=0.05


Tree=39
num_leaves=31
num_cat=0
split_feature=10 19 10 34 32 0 12 43 37 6 32 32 32 43 32 32 34 10 28 13 26 43 26 9 0 32 34 37 9 26
split_gain=558.195 459.827 347.033 310.944 223.774 187.987 183.371 166.84 190.489 150.844 250.286 182.909 182.999 367.245 485.165 229.13 153.641 148.836 142.335 138.535 133.239 133.142 120.114 248.324 119.858 117.811 112.065 102.393 101.414 171.718
threshold=0.0085406396493599192 -0.17676206274038744 0.032266219147353413 2.9365093959507509 3.5000000000000004 0.07308331203680031 4.5571428571428632 3.5000000000000004 -0.074749871209532678 1.0000000180025095e-35 7.5000000000000009 11.500000000000002 8.5000000000000018 1.5000000000000002 5.5000000000000009 5.5000000000000009 3.3792910951838295 0.017560195188426723 inf 0.046330123532744745 0.010448412951119443 2.5000000000000004 0.43789834774489511 0.020291999274959633 -0.052571374466282898 10.500000000000002 3.8426723529032265 -0.078429528666876067 0.014794951079169826 0.24005277044854886
decision_type=8 10 10 2 2 10 8 2 10 8 2 2 2 2 2 2 2 8 8 8 10 2 8 8 10 2 2 8 10 10
left_child=-1 2 4 7 6 27 17 8 -3 10 -6 12 13 14 -11 19 18 -2 20 -15 -14 -13 28 -24 -4 -9 -16 -5 29 -23
right_child=1 3 24 5 9 -7 -8 25 -10 11 -12 21 16 15 26 -17 -18 -19 -20 -21 -22 22 23 -25 -26 -27 -28 -29 -30 -31
leaf_value=-0.027870030980897038 -0.024658062887172472 0.02717710393713621 0.02415631765067176 0.013325106506920273 0.019601547548603521 0.017600820427441825 0.0040867264705946871 0.01380367865636393 -0.00049115933999514447 0.045289174401043394 -0.040695132342780445 -0.0027383352004822451 0.096209858086285016 -0.012590725602888994 -0.022942510829604419 0.0022420141083238309 -0.012557727950278878 -0.009863415313963288 -0.054291922690028277 0.0098759981089160797 -0.00097146417630699755 0.023951704177155843 -0.053157671537762546 0.012252204136097284 0.0033440794328764346 0.032439485543965418 0.017045311266507296 0.00052765668982899074 0.039403154796911366 -0.040180292741531058
leaf_weight=1762.4849596619606 2231.352337166667 746.63904356956482 727.41113269329071 1641.885756328702 241.2195660918951 1827.7628097683191 1787.9710661098361 5565.9096054658294 3728.9516488164663 966.86263560503721 600.6566996499896 1883.6678596138954 35.504423603415489 5608.0671611279249 476.22662669420242 10160.861773878336 7494.3048253953457 7138.1629156023264 125.04269175231457 781.8045674264431 5343.3931460380554 548.01887389272451 166.37098424136639 1134.9917759001255 14123.531799450517 1000.5103074759245 277.18726654350758 32535.703287765384 648.5985244512558 128.93420924246311
leaf_count=15198 14790 3161 3032 7071 1103 7735 9196 24565 17220 4071 4145 8727 166 27011 2022 44911 38198 37279 762 3357 25171 2503 729 4672 59470 4149 1164 151182 2692 581
internal_value=4.50287e-05 0.000493615 -0.00231236 0.00422898 -0.00438738 0.00197793 -0.0105867 0.0115691 0.00412459 -0.00249865 -0.0234186 -0.00200642 -0.00336419 -0.000137946 0.0218496 -0.00242332 -0.00789917 -0.0133868 -0.00155595 -0.00984191 -0.000330001 0.00740622 0.0146805 0.00388997 0.00436348 0.0166432 -0.00823066 0.00114244 0.0252742 0.011737
internal_weight=111440 109678 62630.1 47047.4 47779.2 36005.4 11157.5 11042 4475.59 36621.7 841.876 35779.8 31269.3 18271 1720.28 16550.7 12998.2 9369.52 5503.94 6389.87 5378.9 4510.58 2626.91 1301.36 14850.9 6566.42 753.414 34177.6 1325.55 676.953
internal_count=526033 510835 295752 215083 233250 165988 61265 49095 20381 171985 5248 166737 146833 82536 7257 75279 64297 52069 26099 30368 25337 19904 11177 5401 62502 28714 3186 158253 5776 3084
is_linear=0
shrinkage=0.05


Tree=40
num_leaves=31
num_cat=0
split_feature=9 38 0 5 8 32 13 28 33 32 43 33 14 32 33 33 8 33 28 33 32 10 33 3 38 7 33 33 7 32
split_gain=514.494 359.127 341.843 302.105 359.884 249.718 229.402 221.636 222.969 209.269 197.614 189.208 166.047 153.972 152.158 153.641 149.596 146.054 145.948 145.74 194.35 157.392 252.975 140.754 140.585 133.632 233.552 347.181 193.963 149.956
threshold=0.013098846628741093 -0.13769548433801646 0.083832335329341437 -0.07377049180327859 0.082818910439609331 3.5000000000000004 0.0059907361153669946 0.10022553179885109 1485.5000000000002 1.5000000000000002 5.5000000000000009 392.50000000000006 1.0000000180025095e-35 6.5000000000000009 3261.5000000000005 3187.5000000000005 0.32065743885645742 160.50000000000003 -0.059165511918406084 2101.5000000000005 5.5000000000000009 0.026029603992706932 2982.5000000000005 -0.12186379928315415 0.025771530852992667 -0.17876876916166221 430.50000000000006 640.50000000000011 -0.0718350331876315 7.5000000000000009
decision_type=8 8 10 8 10 2 10 10 2 2 2 2 10 2 2 2 8 2 10 2 2 10 2 10 10 8 2 2 10 2
left_child=3 12 5 4 11 9 -5 25 10 18 13 -1 23 -9 15 19 17 -11 -3 -10 -21 -22 -23 -2 -8 26 -7 -28 -27 -29
right_child=1 2 -4 6 -6 7 24 8 14 16 -12 -13 -14 -15 -16 -17 -18 -19 -20 20 21 22 -24 -25 -26 28 27 29 -30 -31
leaf_value=0.028680761649334016 0.030464424829777233 0.029263516794253715 0.021199821390792579 -0.029972624257710329 0.034039405034726973 0.018383489100621923 -0.01274927197392898 0.021193175770843856 0.029727089582136896 -0.036097515372084936 -0.029049433249973017 -0.0063841357577224369 0.0027612816122566867 -0.0027052284960209696 -0.011689179227951631 0.039080787529213519 0.0032805967407950722 -0.010217380702728726 -0.00036998411189317828 0.037492715496087833 -0.013631678672250333 0.020652101990807383 -0.024361910132600036 0.011604550193985132 0.0026231411609770956 -0.0037908523890142786 -0.022009029663928165 0.010618479791614984 0.0036013502457686157 -0.00055563616669116898
leaf_weight=419.32265500724316 1531.5646290183067 438.98303075134754 1944.7034884691238 1658.1033913940191 730.67673297226429 2437.6940441578627 7889.1567805856466 925.62734933197498 1104.4070460349321 579.82482984662056 529.25095064938068 4660.801462456584 2864.2183707803488 2479.0104594826698 492.1724961400032 705.8544609695673 1991.4443876296282 9117.8079143390059 7767.8216714411974 501.37573334574699 894.9769868850708 1566.3692534714937 389.79234510660172 2794.0758570879698 1832.8111064881086 26104.767122521996 1399.6535938084126 5292.5143035054207 13443.768738888204 6938.9642170369625
leaf_count=1839 6323 1951 8192 13595 3387 9981 47425 3737 4571 3322 2185 24926 11784 10295 2224 3029 9405 50581 35193 2156 3829 6542 1689 11529 9722 119526 6186 22298 59724 29503
internal_value=-9.18697e-05 0.00135925 0.000472159 -0.00804659 0.00122928 -1.49748e-06 -0.012783 0.00149461 0.0085151 -0.00490478 -0.000626288 -0.00348982 0.0120991 0.00379209 0.0148744 0.0174067 -0.00920152 -0.0117648 0.00121512 0.0139741 0.00878464 0.00373629 0.0116824 0.0182822 -0.00985122 0.000284221 0.00412919 0.00158005 -0.00127801 0.00427936
internal_weight=111428 94236.6 87046.8 17190.9 5810.8 85102.1 11380.1 65206.2 9588.84 19895.9 3933.89 5080.12 7189.86 3404.64 5654.95 5162.78 11689.1 9697.63 8206.8 4456.92 3352.51 2851.14 1956.16 4325.64 9721.97 55617.4 16068.8 13631.1 39548.5 12231.5
internal_count=526649 425755 396119 100894 30152 387927 70742 287475 40257 100452 16217 26765 29636 14032 24040 21816 63308 53903 37144 18787 14216 12060 8231 17852 57147 247218 67968 57987 179250 51801
is_linear=0
shrinkage=0.05


Tree=41
num_leaves=31
num_cat=0
split_feature=10 12 34 28 10 7 7 28 34 8 32 34 9 28 4 5 7 34 32 5 32 11 8 32 32 34 43 32 34 5
split_gain=493.977 475.348 244.74 185.916 201.49 184.5 198.764 182.886 163.43 162.638 160.192 152.982 167.268 134.089 136.821 130.518 140.383 129.536 128.349 121.97 187.23 171.645 164.152 136.297 262.765 146.239 131.965 115.642 126.624 115.096
threshold=0.024185439396586711 1.0000000180025095e-35 2.8478079206112956 0.10022553179885109 0.014663755927127547 -0.33499886518384014 -0.026377966672434024 -0.059165511918406084 3.7623615564016326 0.13956895851313836 10.500000000000002 6.1640513692730297 0.038105380330120751 0.10022553179885109 -0.1923076923076921 -0.19366669893193431 -0.060088269928858566 4.143927747969351 11.500000000000002 -0.08943089430894284 10.500000000000002 0.4378809894019508 0.047948626715750071 8.5000000000000018 4.5000000000000009 2.0173105483711491 5.5000000000000009 2.5000000000000004 2.7600099460688363 -0.060318762985977152
decision_type=10 8 2 10 8 10 10 10 2 10 2 2 8 8 10 8 8 2 2 10 2 10 10 2 2 2 2 2 2 10
left_child=1 -1 10 4 9 7 19 -2 -9 18 15 13 -13 14 -6 -3 29 -15 -4 21 23 22 -7 24 27 -26 -25 -21 -29 -17
right_child=5 2 3 -5 11 6 -8 8 -10 -11 -12 12 -14 17 -16 16 -18 -19 -20 20 -22 -23 -24 26 25 -27 -28 28 -30 -31
leaf_value=-0.036493921459389622 0.026272607418144297 0.016758625512612309 -0.015335949184510667 0.0062296434768590652 0.015114339223734091 -0.005278793419099469 0.011335900552133495 0.015696846002579094 -0.010099578061122298 0.017692615688824638 0.018784553998692236 0.0090372206027825083 0.11253552389946675 -0.049131393154282429 -0.0043248138261327033 0.00092044772263042351 0.01063603236613056 0.0018739106293647464 0.0068535274493756078 -0.0015545983365176153 0.0080551495006175432 0.004001820861445903 0.045543051048357104 -0.0096884390933860906 0.044142312935195202 0.0046095483092082655 0.040601491308613777 -0.034882048531001818 -0.0090604358777048796 -0.014175453477865287
leaf_weight=1055.9416511878371 1676.0999442338943 1221.8442853689194 7667.2464383840561 3897.6172291561961 934.32599632441998 235.64508147537708 5741.3671165406704 1476.974579975009 1050.7925918102264 441.31125290691853 1629.2601777613163 1585.5667006969452 40.023289307951927 319.31798256933689 29021.474375061691 3138.3589861318469 1923.4983226433396 204.00910159945488 712.22308991104364 5574.0638733208179 5504.7211603969336 13775.444297090173 487.76983225345612 6015.2037455886602 239.64537818729877 9810.4207408279181 133.33937257528305 558.64562559127808 3162.4030265659094 2112.605997428298
leaf_count=9107 6872 5196 49079 17829 4115 1026 24436 6057 4273 2385 7231 7639 205 2004 142185 15004 9147 1271 4113 26255 23001 57985 2319 26812 1018 40942 560 2748 15117 11038
internal_value=5.14401e-05 -0.00326507 -0.00262535 -0.00420494 -0.00519869 0.00339559 0.00256942 0.0134654 0.00497327 -0.0118918 0.00443679 -0.00335975 0.0115854 -0.00415684 -0.0037185 0.00165268 -0.000919938 -0.0292479 -0.0134499 0.00146316 -0.000307357 0.00524851 0.0289883 -0.00211303 -5.19393e-05 0.00555221 -0.00859783 -0.00611126 -0.0129371 -0.00515304
internal_weight=111347 55904.6 54848.7 44823.1 40925.5 55442.5 51238.7 4203.87 2527.77 8820.78 10025.6 32104.7 1625.59 30479.1 29955.8 8396.31 7174.46 523.327 8379.47 45497.3 30998.4 14498.9 723.415 25493.7 19345.2 10050.1 6148.54 9295.11 3721.05 5250.96
internal_count=526969 287548 278441 230825 212996 239421 222219 17202 10330 55577 47616 157419 7844 149575 146300 40385 35189 3275 53192 197783 136453 61330 3345 113452 86080 41960 27372 44120 17865 26042
is_linear=0
shrinkage=0.05


Tree=42
num_leaves=31
num_cat=0
split_feature=9 5 8 5 8 32 32 34 13 28 32 34 32 26 7 32 28 34 32 28 28 38 26 25 9 7 26 11 34 38
split_gain=436.256 293.178 280.467 270.166 316.371 242.078 222.812 213.829 209.144 206.672 170.673 195.883 160.167 191.911 152.929 151.069 161.957 144.027 143.309 189.084 134.475 132.416 149.351 124.713 121.174 117.291 114.214 111.618 111.026 110.53
threshold=0.012747412306084643 -0.26645663536772374 0.36521739130434788 -0.067708333333333523 0.082818910439609331 3.5000000000000004 1.5000000000000002 3.1284025735609906 0.0059907361153669946 -0.084019382244942972 8.5000000000000018 3.5765492910961245 11.500000000000002 0.54572721059069018 -0.49399119937281527 10.500000000000002 -0.042414522795456724 4.4479312383686205 6.5000000000000009 0.042847944647520911 0.20150621359754742 -0.0092464635613305739 0.63164968873797422 0.70759178330905492 0.04451362046380896 -0.214695641945539 0.44189340536267219 0.49966498404523091 5.3888433671726599 -0.1043061416272885
decision_type=8 8 10 8 10 2 2 2 10 10 2 2 2 8 8 2 10 2 2 10 10 10 10 10 10 10 8 10 2 8
left_child=3 -2 5 4 -1 6 9 15 -5 -3 11 25 24 28 -13 20 -17 -8 19 -16 29 22 -10 -18 -12 -9 -11 -6 -14 -7
right_child=1 2 -4 8 27 7 17 10 21 26 12 14 13 -15 18 16 23 -19 -20 -21 -22 -23 -24 -25 -26 -27 -28 -29 -30 -31
leaf_value=-0.0035345761645200718 0.012927401625723076 0.05247970349081757 0.007299369105784494 -0.029618656796414389 0.040888990937237871 0.012573111283069208 -0.013175912334507343 0.0076863189800725614 -0.017639518878878033 0.0088037918193013699 -0.0083820572155034381 -0.087223635846901751 0.017249911600698289 -0.0064441903690045203 -0.0025294316157267833 -0.0024042031463115017 0.02560581967325927 0.00050710412759505765 0.011694020216315604 0.015318468249724311 0.037056221171762029 -0.0042754331864482287 0.098000054758649771 0.0053004440043311037 0.01251152328575568 -0.0091204327658756419 -0.0048658328862326745 -0.010745096356560201 -0.014878813332788857 0.00031200003477098475
leaf_weight=4955.6022730842233 5033.6094767004251 191.97169798612595 13077.170874014497 1538.1129347532988 597.41940429806709 2152.9553038179874 8573.6999363750219 1324.3416775017977 3680.3787613660097 2337.6128098517656 13412.963278226554 44.616389080882072 2122.5398103445768 2556.1570467948914 6689.0469089373946 1233.9291811734438 2242.0723505020142 2479.3269130960107 5627.0881969481707 1907.0248088389635 280.45396108925343 4966.5120761245489 28.134662948548794 1141.0246982425451 731.80556185543537 4802.7924952358007 4412.4572257772088 126.89721213281155 307.89728784561157 12566.797453247011
leaf_count=26721 20702 827 55430 13170 2832 8957 47634 5559 22612 11147 64389 180 9245 10837 30303 5392 9412 13159 24024 8099 1179 29148 175 4798 3057 21085 19837 585 1362 55117
internal_value=-9.59209e-05 0.00118368 0.000528433 -0.00776473 0.000976845 -0.000619432 -0.00569739 0.000925591 -0.0126263 0.00132298 -0.00119241 0.00198974 -0.00458473 0.00312039 0.00520087 0.0051931 0.0131018 -0.0101066 0.0054908 0.0014301 0.00275881 -0.00961345 -0.0167622 0.0187574 -0.00730109 -0.00548776 -0.000131913 0.0318429 0.0131797 0.00210535
internal_weight=111142 95249.4 90215.7 15893.1 5679.92 77138.6 17995.1 59143.5 10213.1 6942.04 39526.3 20394.9 19131.4 4986.59 14267.8 19617.2 4617.03 11053 14223.2 8596.07 15000.2 8675.03 3708.51 3383.1 14144.8 6127.13 6750.07 724.317 2430.44 14719.8
internal_count=526974 431731 411029 95243 30138 355599 92604 262995 65105 31811 178140 89250 88890 21444 62606 84855 19602 60793 62426 38402 65253 51935 22787 14210 67446 26644 30984 3417 10607 64074
is_linear=0
shrinkage=0.05


Tree=43
num_leaves=31
num_cat=0
split_feature=20 10 19 9 4 32 1 7 28 21 3 43 33 33 33 33 33 32 32 33 33 1 32 43 12 7 33 33 32 33
split_gain=426.938 402.279 333.246 240.447 147.28 142.516 134.673 133.977 202.132 133.401 121.833 119.434 173.751 460.956 328.421 135.246 107.27 123.895 109.795 143.575 112.259 101.75 99.8031 124.944 160.808 97.443 95.5996 145.189 127.821 98.7569
threshold=0.15761594921369357 0.032434883788353748 -0.081616634723169393 0.012624857603744592 -0.14983843857011644 11.500000000000002 0.14518624483747924 -0.33499886518384014 -0.060392095618195592 0.42438199789963277 -0.11846421870812128 2.5000000000000004 1555.5000000000002 1918.5000000000002 2387.5000000000005 2682.5000000000005 3382.5000000000005 4.5000000000000009 8.5000000000000018 2813.5000000000005 2143.5000000000005 -0.019607843137254773 11.500000000000002 2.5000000000000004 0.94285714285714306 -0.054054054054053995 722.50000000000011 1120.5000000000002 10.500000000000002 696.50000000000011
decision_type=8 10 10 8 10 2 10 10 10 10 8 2 2 2 2 2 2 2 2 2 2 10 2 2 10 10 2 2 2 2
left_child=-1 2 3 16 -4 6 10 8 -3 -9 -5 15 -13 -14 -15 -7 17 -2 19 20 -19 -18 -6 -24 -25 -12 29 -28 -29 -20
right_child=1 7 4 5 22 11 -8 9 -10 -11 25 12 13 14 -16 -17 21 18 26 -21 -22 -23 23 24 -26 -27 27 28 -30 -31
leaf_value=-0.024325902406156279 -0.018991114258963982 0.034429130343101882 0.018547148065738175 0.0080470008867683015 0.0010388839202471471 -0.010108087889792138 0.059187839426852795 0.0031967062424199492 0.0061027270942046463 0.014975012001413171 -0.0051874264637990402 0.02550512003685575 -0.046381302570945554 0.063916653632668283 -0.0094160013892496328 0.025082796505486699 0.013188475891104286 0.0017867841003819163 0.0028215916375184426 0.031127052795561889 -0.031994209054964792 -0.033428270906168969 -0.0034025323128442087 0.036190338923064752 0.0055039568219293691 0.0021707236216859552 -0.04096461957739312 -0.023362367085842807 0.0025338591662800681 0.085966682608360823
leaf_weight=1782.5355408489704 2355.8945665583014 995.21746030449867 1378.1871115267277 2191.1109524071217 30127.314783856273 1413.9373210519552 86.151879474520683 18743.105426892638 1715.1623669266701 2757.7032581120729 30431.736579336226 1361.6600572764874 367.52991555631161 283.38780884444714 331.01551747322083 338.36152433604002 135.75166048109531 1883.4547676667571 272.68889041990042 368.72500818222761 282.86741105467081 849.94279852509499 956.69399360567331 767.28498583287001 962.45767814666033 5280.0536682531238 457.3871533498168 897.1163100451231 1016.3455729708076 41.09591406583786
leaf_count=10446 15605 4064 5906 9820 144507 6448 361 79180 7001 11560 146211 5608 1625 1159 1382 1488 885 9700 1373 1822 1598 7256 4685 3332 4095 24970 2623 5571 5596 198
internal_value=-5.35104e-05 0.000343249 -0.00127906 -0.00385387 0.00253483 -0.00230001 -0.00325541 0.00602798 0.0165038 0.0047074 -0.00339734 0.00656121 0.013944 -0.00208788 0.024408 -0.00331288 -0.0114922 -0.00947339 -0.00517759 0.00228498 -0.00262417 -0.0270081 0.00186231 0.0110966 0.0191159 -0.00409951 -0.0122243 -0.0156569 -0.00960745 0.013711
internal_weight=110832 109049 84838.2 50646.2 34191.9 42084.9 37989.1 24211.2 2710.38 21500.8 37902.9 4095.89 2343.59 981.933 614.403 1752.3 8561.27 7575.58 5219.68 2535.05 2166.32 985.694 32813.8 2686.44 1729.74 35711.8 2684.63 2370.85 1913.46 313.785
internal_count=526075 515629 413824 251299 162525 199072 181362 101805 11065 90740 181001 17710 9774 4166 2541 7936 52227 44086 28481 13120 11298 8141 156619 12112 7427 171181 15361 13790 11167 1571
is_linear=0
shrinkage=0.05


Tree=44
num_leaves=31
num_cat=0
split_feature=10 5 38 5 10 32 32 32 43 34 38 34 36 12 20 10 26 10 43 34 32 34 32 9 32 34 32 43 25 9
split_gain=436.532 335.245 323.15 316.844 258.764 198.14 163.101 172.385 256.479 179.939 153.589 149.472 144.663 140.094 139.356 136.354 125.783 190.341 213.385 179.39 192.97 119.968 116.879 110.83 102.22 188.331 100.459 196.873 122.625 112.324
threshold=0.0085406396493599192 -0.18181818181818168 0.017003605616666809 -0.066202090592334215 0.043362923469916374 4.5000000000000009 8.5000000000000018 10.500000000000002 2.5000000000000004 2.8478079206112956 -0.17697842325198423 7.611471342049474 0.99959903769045755 0.22857142857142812 0.45747760585678932 0.01745593894669711 0.67478439222082209 0.031145268871932783 1.0000000180025095e-35 5.9192969897803644 9.5000000000000018 3.1182020550779153 1.5000000000000002 0.02909412311344484 4.5000000000000009 6.7656154852449282 6.5000000000000009 1.5000000000000002 0.24898778788623885 0.023622105571445298
decision_type=8 8 10 10 10 2 2 2 2 2 10 2 2 10 8 10 8 8 2 2 2 2 2 10 2 2 2 2 10 10
left_child=-1 10 3 14 5 15 21 13 11 -10 -2 -9 24 -8 -3 -5 23 -18 19 20 -19 -7 -17 26 25 -4 27 28 -16 -29
right_child=1 2 12 4 -6 6 7 8 9 -11 -12 -13 -14 -15 16 22 17 18 -20 -21 -22 -23 -24 -25 -26 -27 -28 29 -30 -31
leaf_value=-0.025514161363766493 0.018664944491006797 -0.0095020744316429654 -0.0033650801303281778 -0.024426946010275258 0.011966531027421899 0.010095903037464169 -0.050070804266983432 -0.013825894945438406 0.037278020102670728 0.0028997116111017973 0.0051191812130626409 0.11648860179318699 0.018323308066779381 -0.013019882548555567 -0.012475902164825144 0.0026744499576714532 -0.013066836567440482 0.020672483303707509 0.012059013298130278 0.09165506015556707 -0.029591865144758169 -0.0032846937823340148 -0.013591138205677989 0.021823041994391012 0.003896381753170692 0.031414468398797156 0.0078615449864162645 -0.0055349787918581653 0.03029209949161242 0.015777894535947922
leaf_weight=1641.4586760923266 2505.1323782354593 2789.1327999532223 9808.390490449965 2264.6694998145103 1779.3150537759066 2321.4649305418134 267.31595132499933 2746.4969846531749 466.71456728875637 2063.4720717594028 12708.732237458229 22.182428203523159 1458.6823233291507 5596.2885930612683 215.57969404757023 1389.4028239250183 2895.599972486496 248.30456022918224 2550.3585194349289 38.652287885546684 826.59944854676723 6016.9363084584475 5384.7234623804688 895.80796366930008 26705.692959107459 405.32270299643278 7438.6178075000644 6008.1809437274933 753.0992059931159 689.10272173583508
leaf_count=15124 10347 13585 48050 15890 7396 10212 1929 14012 1963 9414 53914 123 6325 29072 960 6513 13213 1036 10705 198 4923 28084 29655 3873 115607 1982 34911 31398 3412 3105
internal_value=7.90784e-05 0.000463576 -0.000650384 -0.00308393 -0.00653309 -0.00768646 -0.00485011 -0.00880225 -0.00226598 0.00924108 0.00734964 -0.0127818 0.00287952 -0.014709 0.00104147 -0.0138058 0.00234499 -0.00348599 0.00408578 -0.0141752 -0.0179807 0.000440551 -0.010255 0.00473546 0.00226934 -0.00198488 0.00372204 -0.0002947 0.0207741 -0.00334204
internal_weight=110901 109260 94046.1 55668 30319 28539.7 19500.9 11162.5 5298.87 2530.19 15213.9 2768.68 38378.1 5863.6 25349 9038.8 22559.9 6559.51 3663.91 1113.56 1074.9 8338.4 6774.13 16000.4 36919.4 10213.7 15104.6 7665.96 968.679 6697.28
internal_count=526931 511807 447546 275582 154263 146867 94809 56513 25512 11377 64261 14135 171964 31001 121319 52058 107734 30075 16862 6157 5959 38296 36168 77659 165639 50032 73786 38875 4372 34503
is_linear=0
shrinkage=0.05


Tree=45
num_leaves=31
num_cat=0
split_feature=10 19 33 33 32 32 13 13 33 34 32 43 1 33 33 33 33 33 33 33 33 33 28 32 34 33 33 34 33 34
split_gain=385.033 320.048 257.584 320.335 331.398 400.625 266.195 261.809 224.585 212.011 204.056 272.777 245.125 195.553 227.107 202.042 194.128 384.822 570.964 321.897 228.851 200.129 177.325 177.097 175.162 171.277 437.319 192.322 170.06 167.4
threshold=0.0093503637403269859 -0.20437116788144982 472.50000000000006 913.50000000000011 10.500000000000002 8.5000000000000018 0.06464511978859179 0.011377919685116597 174.50000000000003 2.8478079206112956 4.5000000000000009 2.5000000000000004 -0.032707964765706747 1396.5000000000002 955.50000000000011 1742.5000000000002 1684.5000000000002 2022.5000000000002 2279.5000000000005 2653.5000000000005 2233.5000000000005 1485.5000000000002 -0.11140062272520275 7.5000000000000009 4.6601316320741768 740.50000000000011 682.50000000000011 2.3465905316554028 913.50000000000011 5.4729007052070093
decision_type=8 10 2 2 2 2 10 10 2 2 2 2 10 2 2 2 2 2 2 2 2 2 10 2 2 2 2 2 2 2
left_child=-1 2 8 25 5 10 -7 -6 -2 13 11 12 -5 14 23 -15 21 -18 20 -20 -19 -9 -10 28 -24 26 29 -27 -3 -4
right_child=1 9 3 4 7 6 -8 16 22 -11 -12 -13 -14 15 -16 -17 17 18 19 -21 -22 -23 24 -25 -26 27 -28 -29 -30 -31
leaf_value=-0.020953439211551558 -0.0040402336831165449 -0.0086577529736117636 -0.01754152206291304 0.019271635390033383 -0.023104649500592652 -0.0165131878501238 0.01452602028898415 0.010260311228612005 0.036722242780533439 0.0017391270838782197 0.0032524502676066196 -0.012344639108815461 -0.0037816340370228846 0.033418453283187308 -0.011736763072789069 0.010868818218882331 -0.022710755500474376 0.0083360532074893499 -0.02181782443767516 0.012275531296414842 0.062469348298611442 0.041067996556913317 0.0043175505428004147 0.031721948583720773 0.028146812245332845 0.036658855815375951 0.023970754862734717 -0.024248616258582753 0.037967101829637119 0.01700739677926134
leaf_weight=2164.6181083023548 3873.2203253880143 952.41920695453882 3515.1760465875268 1570.3859997913241 647.32375079393387 7375.4943853393197 762.12223488092422 1327.7510243207216 620.52528765797615 38404.475575961173 13918.927980698645 6794.1989467963576 4339.3564003780484 1273.2682814151049 1785.247573018074 4518.5293422043324 1022.3899000138044 279.66034653782845 1008.9318294525146 2206.3630536347628 646.74790053069592 874.2394252717495 4409.9541727527976 763.89526787400246 934.62974736094475 135.35074350982904 935.20916539430618 3054.1079205498099 246.10822249948978 389.45758545398712
leaf_count=19148 19261 4402 16987 7420 4100 37838 3204 5712 2656 177032 61361 35449 23643 5457 8035 20258 4668 1200 4400 9531 2685 3688 18820 3171 3905 634 4046 15431 1031 1792
internal_value=-7.28804e-05 0.000343367 -0.00207028 -0.00350431 -0.00178412 -0.00389723 -0.0136062 0.00738209 0.00533479 0.00339625 -0.000929549 -0.00551151 0.00234427 0.0100676 0.00116804 0.0158261 0.0100612 0.00476086 0.0115423 0.00157733 0.0461278 0.0224917 0.0114221 0.0129077 0.00848467 -0.0126681 -0.00673993 -0.0216639 0.000916296 -0.0140955
internal_weight=110750 108585 60641.5 50803.2 42773.9 34760.5 8137.62 8013.41 9838.33 47943.9 26622.9 12703.9 5909.74 9539.47 3747.67 5791.8 7366.08 5164.09 4141.7 3215.29 926.408 2201.99 5965.11 1962.42 5344.58 8029.3 4839.84 3189.46 1198.53 3904.63
internal_count=526965 507817 288431 243789 204899 168915 41042 35984 44642 219386 127873 66512 31063 42354 16639 25715 31884 22484 17816 13931 3885 9400 25381 8604 22725 38890 22825 16065 5433 18779
is_linear=0
shrinkage=0.05


Tree=46
num_leaves=31
num_cat=0
split_feature=10 38 7 32 28 33 33 33 32 33 33 5 33 33 10 9 34 33 33 9 32 13 32 33 33 34 33 33 10 32
split_gain=354.014 317.052 327.46 273.381 289.171 292.4 337.733 712.441 413.049 398.903 666.275 263.553 235.793 239.428 222.532 218.684 207.192 205.098 215.772 204.779 256.632 193.825 187.642 182.871 563.247 685.377 295.327 530.056 258.666 228.133
threshold=0.0085406396493599192 -0.09531147106062908 -0.019759223332233119 4.5000000000000009 -0.048200084810767076 3261.5000000000005 2653.5000000000005 2432.5000000000005 8.5000000000000018 2233.5000000000005 2279.5000000000005 -0.04019023395351911 120.50000000000001 160.50000000000003 0.021077083060411932 0.020291999274959633 5.4167668220891114 484.50000000000006 444.50000000000006 0.040087433602517618 10.500000000000002 0.019576442000875497 10.500000000000002 1801.5000000000002 1396.5000000000002 3.0610489973715933 740.50000000000011 682.50000000000011 0.021338823527532903 7.5000000000000009
decision_type=8 8 10 2 10 2 2 2 2 2 2 10 2 2 10 8 2 2 2 10 2 10 2 2 2 2 2 2 10 2
left_child=-1 -2 3 12 -5 6 7 9 11 23 16 -8 -3 -14 -9 17 22 18 -15 20 -10 -7 -11 24 26 -26 27 -6 -29 -28
right_child=1 2 -4 4 5 21 8 14 19 10 -12 -13 13 15 -16 -17 -18 -19 -20 -21 -22 -23 -24 -25 25 -27 29 28 -30 -31
leaf_value=-0.023333830545011869 0.0070140255051348898 0.016002960698119517 0.0078227913671108859 -0.007662126806448533 0.0011869838392831158 -0.028595736508291933 0.041413515935955734 -0.040197795847729652 -0.0282081710834612 -0.012168220971412708 -0.0056578629266817058 0.01420111350628965 -0.036833898400730085 -0.0074685888607429265 -0.011906297259161494 -0.0018932855912652414 -0.009071295346792848 -0.013829098075704385 0.045184501585872762 0.023058085623665611 0.0074864074139698979 -0.0046115041974874749 0.06748000945110158 -0.0062308490942342802 0.039139907238401765 0.0042665645390233082 0.0017185504925579952 0.054708382546477433 0.010672839765401931 -0.01367104612967341
leaf_weight=1592.8636504113674 15573.675848707557 1144.6403218284249 10072.456947915256 9901.0748426392674 9422.9274191334844 1066.7167186737061 1384.5298398733139 1088.0299254581332 959.18010807782412 81.052603781223297 934.43661227077246 2489.8712048232555 664.01520123332739 525.60415799915791 1924.4213242307305 12386.911409288645 121.03911224007607 9505.6418138220906 308.94320552051067 636.3662441521883 1060.0778733640909 4005.1007364317775 843.42976853251457 5692.9994245544076 2220.6841553449631 3854.1830537989736 4429.8468760550022 735.23610228300095 610.29627597332001 5276.3558575212955
leaf_count=15154 66594 4893 45342 48214 39929 7397 6170 5613 4754 373 4293 10638 3838 2634 8403 59659 521 57305 1389 2568 4809 18809 3520 26755 9376 18052 19118 3117 2509 24755
internal_value=6.73867e-05 0.000409611 -0.000692257 -0.0017222 0.00012937 0.001709 0.00302606 0.00118666 0.0135145 0.00323864 0.0250225 0.0239256 -0.00615482 -0.00723911 -0.0221246 -0.00637444 0.0524431 -0.0117426 0.0120232 -0.00167462 -0.00946909 -0.00965593 0.060497 0.00190093 0.00364463 0.0170146 -0.000322269 0.00537886 0.0347351 -0.00664734
internal_weight=110513 108920 93346.1 83273.6 58737.9 48836.8 43765 37234.9 6530.03 34222.5 1979.96 3874.4 24535.8 23391.1 3012.45 22727.1 1045.52 10340.2 834.547 2655.62 2019.26 5071.82 924.482 32242.5 26549.5 6074.87 20474.7 10768.5 1345.53 9706.2
internal_count=526501 511347 444753 399411 269693 221479 195273 166334 28939 152318 8707 16808 129718 124825 14016 120987 4414 61328 4023 12131 9563 26206 3893 143611 116856 27428 89428 45555 5626 43873
is_linear=0
shrinkage=0.05


Tree=47
num_leaves=31
num_cat=0
split_feature=20 10 5 26 38 33 33 43 5 33 33 32 32 33 32 32 25 0 32 33 33 38 32 34 38 28 33 33 34 43
split_gain=363.792 341.739 249.995 416.903 368.717 226.847 471.434 266.042 225.778 219.924 333.369 232.87 214.68 340.534 194.808 179.918 155.921 151.291 151.087 333.192 203.901 142.449 140.828 136.134 129.133 121.482 127.053 124.309 187.92 121.256
threshold=0.15761594921369357 0.032620549240554166 -0.11180779411379303 0.74868417407684429 0.0037641154328144082 2653.5000000000005 2696.5000000000005 1.5000000000000002 -0.066202090592334215 2432.5000000000005 2067.5000000000005 10.500000000000002 3.5000000000000004 3140.5000000000005 11.500000000000002 5.5000000000000009 0.58083012058075645 0.088015444015444047 6.5000000000000009 913.50000000000011 722.50000000000011 -0.087264582187586967 5.5000000000000009 6.0256243695683791 -0.043621252910842727 0.028213622342093594 2143.5000000000005 2101.5000000000005 4.1311582127692708 1.5000000000000002
decision_type=8 10 8 10 10 2 2 2 10 2 2 2 2 2 2 2 10 10 2 2 2 10 2 2 10 10 2 2 2 2
left_child=-1 2 3 5 8 7 23 15 17 10 18 25 -8 -14 -6 -2 -16 -4 19 -9 -20 -21 -11 -7 -15 26 27 -12 -29 -5
right_child=1 -3 4 29 14 6 12 9 -10 22 11 -13 13 24 16 -17 -18 -19 20 21 -22 -23 -24 -25 -26 -27 -28 28 -30 -31
leaf_value=-0.022628672325609844 0.02979964093311124 0.0056563740963466568 -0.001565177589107734 0.01533775092836435 -0.00012357814371289147 0.093964412977841846 -0.011538703157317184 -0.019105795430144464 -0.0098384859354928994 0.037602355500856173 0.012060395577044901 0.057400276921489968 0.043891650720884072 0.015209757106213842 0.034839344618327009 -0.006800751792306714 0.0068073186453473326 0.048878093040173702 0.019466322403300623 0.019101287809090862 -0.0026646681792259724 -0.0026778471213074694 -0.02379007310727008 -0.030420514194383005 -0.014724964780937289 -0.019019551938171952 0.0082429021284114411 0.083671590190477499 -0.037695997585105223 -0.014038996251152092
leaf_weight=1748.6262942999601 1455.3610882312059 23789.206845909357 10686.103829339147 388.72054433822632 28996.422018140554 237.31345289200544 715.96240121126175 2529.6859237626195 19829.805919751525 101.77114004641771 199.39301812648773 384.40443328022957 918.62089258432388 1187.2795290499926 679.70756525546312 436.47137816250324 1836.0172453597188 150.74085050821304 1839.7018522322178 1163.126262396574 2396.6315946057439 2117.8362731039524 1137.1491362303495 24.244805335998535 517.21163456887007 237.55642946064472 817.70219557732344 209.00481487810612 37.637419432401657 3645.4999279677868
leaf_count=10513 6307 100145 54630 1686 137758 1056 3635 12345 110706 463 848 1602 4076 5220 2943 1839 7930 647 7700 5168 10478 10219 5099 111 2472 1029 3673 864 161 15636
internal_value=-4.02773e-06 0.000360041 -0.00112441 0.00336682 -0.00276392 0.00651724 0.017792 0.00382223 -0.00666695 0.00130394 0.00338574 0.0226763 0.0127283 0.0193519 0.00103438 0.0213554 0.0143811 -0.00086351 -0.000234866 -0.00547025 0.0069461 0.00504302 -0.018747 0.0824347 0.00612635 0.0137853 0.0199519 0.0414177 0.065151 -0.0112084
internal_weight=110415 108666 84877.1 22698.3 62178.8 18664.1 3600.63 15063.4 30666.7 13171.6 11932.7 1885.7 3339.07 2623.11 31512.1 1891.83 2515.72 10836.8 10047 5810.65 4236.33 3280.96 1238.92 261.558 1704.49 1501.29 1263.74 446.035 246.642 4034.22
internal_count=526959 516446 416301 101687 314614 84365 16570 67795 165983 59649 54087 8177 15403 11768 148631 8146 10873 55277 45910 27732 18178 15387 5562 1167 7692 6575 5546 1873 1025 17322
is_linear=0
shrinkage=0.05


Tree=48
num_leaves=31
num_cat=0
split_feature=10 19 33 13 33 34 33 33 33 8 28 0 33 33 33 33 7 34 32 32 32 33 33 33 33 33 33 28 33 32
split_gain=317.012 279.066 223.54 279.319 206.3 204.974 243.772 256.937 224.768 153.284 149.833 149.756 154.908 170.768 184.262 159.57 147.707 146.627 145.857 176.064 209.92 288.647 256.239 177.675 366.057 470.498 142.072 126.925 123.783 121.653
threshold=0.0089568538843061551 -0.20437116788144982 472.50000000000006 0.03344763080956633 174.50000000000003 2.9365093959507509 1396.5000000000002 1200.5000000000002 1742.5000000000002 0.290128002327315 -0.1145974753263785 0.07308331203680031 2653.5000000000005 2310.5000000000005 2205.5000000000005 2667.5000000000005 -0.34210526315789469 4.5659093368239541 5.5000000000000009 8.5000000000000018 10.500000000000002 834.50000000000011 740.50000000000011 1555.5000000000002 2067.5000000000005 2279.5000000000005 1498.5000000000002 0.04718791213455082 3244.5000000000005 8.5000000000000018
decision_type=8 10 2 10 2 2 2 2 2 10 10 10 2 2 2 2 10 2 2 2 2 2 2 2 2 2 2 10 2 2
left_child=27 2 4 9 -2 6 7 -3 -8 18 -6 12 13 14 -7 -14 -5 -12 -4 -20 22 -22 -21 26 -25 -26 -23 -1 -17 -19
right_child=1 5 3 16 10 11 8 -9 -10 -11 17 -13 15 -15 -16 28 -18 29 19 20 21 23 -24 24 25 -27 -28 -29 -30 -31
leaf_value=-0.027087929213179786 -0.0041609116794171447 0.0058518911524332064 -0.012416073293942967 0.016395239766370306 0.034989976696992615 -0.00089119639982683161 0.031990744838591614 -0.024403723453530316 0.010144204926448614 0.0092491209883425532 0.0040812273659028902 0.015189184777488826 0.061765977728840377 -0.01327617062547398 0.02047503026388835 0.011376045183725834 -0.0002672251457691537 0.040170644364828798 0.0010396402509309012 0.023609277329170023 -0.031534095814986556 0.0073300165121830442 -0.021527814846466042 -0.034140902596656218 0.049550503665599703 -0.0063241140315049536 0.043833359461550495 0.0072188904471122781 -0.00080923722103042528 0.0062922201124593381
leaf_weight=1476.0440967231989 3798.6366209462285 3660.1144999489188 9740.3351107984781 1416.7372867017984 575.45501942932606 22692.403774723411 1517.0366386026144 868.14103614538908 5258.2570568621159 1428.5194753184915 4351.6323745548725 1852.0564866214991 128.51197680085897 2670.8060162067413 1056.0259595513344 4415.3563976660371 21733.695910304785 582.2388768196106 7372.2733781337738 343.20571964979172 724.65559925884008 893.03117488324642 3749.594712421298 754.4784038066864 487.18356795608997 1662.3080242052674 379.96366789191961 329.85293680429459 3947.4591519907117 486.30379359424114
leaf_count=14589 19012 16142 54835 5786 2465 105198 6513 4103 23701 6428 18567 7798 565 12615 4741 19980 97987 2432 33234 1507 3569 4031 21408 3649 2107 8815 1647 2559 19168 2029
internal_value=-4.48857e-05 0.00030078 -0.00195933 -0.00329556 0.00495578 0.00314461 0.00903298 5.13924e-05 0.0150358 -0.00669893 0.0107318 0.00133408 0.000599052 -0.00128919 5.88997e-05 0.00647396 0.000752468 0.00815635 -0.00757157 -0.00468846 -0.00938349 -0.00240356 -0.0177428 0.00265025 -0.00417739 0.0063399 0.0182255 -0.0208217 0.00562429 0.0247523
internal_weight=110352 108546 60480.2 50686 9794.27 48066.2 11303.5 4528.26 6775.29 27535.5 5995.63 36762.6 34910.6 26419.2 23748.4 8491.33 23150.4 5420.18 26107 16366.7 8994.42 4901.62 4092.8 4176.96 2903.97 2149.49 1272.99 1805.9 8362.82 1068.54
internal_count=527180 510032 289508 245003 44505 220524 50459 20245 30214 141230 25493 170065 162267 122554 109939 39713 103773 23028 134802 79967 46733 23818 22915 20249 14571 10922 5678 17148 39148 4461
is_linear=0
shrinkage=0.05


Tree=49
num_leaves=31
num_cat=0
split_feature=20 32 32 28 12 34 33 33 33 33 33 33 32 33 32 32 32 10 33 39 43 33 33 28 32 43 32 33 33 34
split_gain=330.881 299.204 247.33 283.107 262.614 246.856 285.249 306.091 548.764 389.618 387.476 539.097 706.748 566.173 302.608 218.347 251.145 231.536 217.149 210.29 375.139 425.438 380.056 202.178 198.082 536.11 521.773 465.682 435.628 396.826
threshold=0.15761594921369357 3.5000000000000004 1.5000000000000002 -0.084019382244942972 1.5428571428571409 3.1376634167284494 3352.5000000000005 1396.5000000000002 1742.5000000000002 1009.5000000000001 2233.5000000000005 2279.5000000000005 7.5000000000000009 2495.5000000000005 11.500000000000002 5.5000000000000009 8.5000000000000018 0.043931876183768176 899.50000000000011 1.0000000180025095e-35 3.5000000000000004 820.50000000000011 547.50000000000011 -0.060392095618195592 8.5000000000000018 1.5000000000000002 5.5000000000000009 2529.5000000000005 3443.5000000000005 3.7530265867549524
decision_type=8 2 2 10 8 2 2 2 2 2 2 2 2 2 2 2 2 10 2 8 2 2 2 10 2 2 2 2 2 2
left_child=-1 2 3 -2 18 6 7 9 23 19 15 -12 13 -13 -11 -10 -17 -18 -4 20 21 22 -3 -9 25 26 -7 -27 -29 -28
right_child=1 5 4 -5 -6 24 -8 8 10 14 11 12 -14 -15 -16 16 17 -19 -20 -21 -22 -23 -24 -25 -26 27 29 28 -30 -31
leaf_value=-0.021586455462932405 0.051621975454020023 0.015111583678590702 -0.027391645509538133 0.00015242943002512856 -0.0015375039805955041 0.042042842575965834 -0.019986954359171243 -0.0085000786051281276 -0.033152197118129202 -0.0168390868868552 0.06344286767248232 0.0022591057210271668 -0.0045947719357465966 0.049053013425907795 0.025174922279585839 0.013805830535942712 -0.01722262546361741 0.053707421454733034 -0.0092761758890375547 -0.0040277437012819078 0.031490156075854238 0.044909435652322187 -0.023776795231752482 0.033385296178754895 -0.0031615820297100994 -0.0035983045636970436 -0.029210582710958624 0.02105792048051356 -0.0043150946321187898 0.02144713796996002
leaf_weight=1738.656582377851 274.42503667622805 1183.4892833679914 2405.8908949941397 10107.22288364172 6965.2113358229399 1618.955736503005 1032.2755048498511 318.36433970928192 616.16275633871555 3552.2655054107308 503.54257461428642 1117.4631508439779 3648.8082993477583 1533.4790340140462 487.38352189958096 1599.8122426867485 1857.8944357931614 122.64848354458809 5294.9423741772771 2575.6224915534258 1833.5004562586546 501.02954153716564 1339.2127299979329 3031.0732454061508 26724.459602758288 19414.458050072193 627.58196450769901 4409.852663487196 2744.4418433383107 1006.7308884263039
leaf_count=10546 1193 4986 14346 49228 37611 6822 5902 1397 2824 16007 2129 4878 16196 6811 2038 6651 8557 499 31290 11093 7666 2158 6017 12989 128536 89083 2621 19483 13331 4137
internal_value=5.29357e-05 0.000399861 -0.00439243 0.00151296 -0.00857267 0.00183913 0.00578648 0.00681683 0.0116844 0.000728644 0.00628882 0.0136591 0.00967987 0.0293278 -0.0117701 -0.00565972 -0.000928385 -0.0128302 -0.0149358 0.00752153 0.0136457 0.00282537 -0.00553287 0.0294041 -3.54742e-05 0.00276593 0.0219241 0.000420067 0.0113246 0.00199439
internal_weight=110187 108448 25047.7 10381.6 14666 83400.5 26854 25821.8 14349.2 11472.5 10999.8 6803.29 6299.75 2650.94 4039.65 4196.52 3580.36 1980.54 7700.83 7432.85 4857.23 3023.73 2522.7 3349.44 56546.5 29822 3253.27 26568.8 7154.29 1634.31
internal_count=527025 516479 133668 50421 83247 382811 118798 112896 62931 49965 48545 30014 27885 11689 18045 18531 15707 9056 45636 31920 20827 13161 11003 14386 264013 135477 13580 121897 32814 6758
is_linear=0
shrinkage=0.05


Tree=50
num_leaves=31
num_cat=0
split_feature=20 5 38 33 33 33 33 33 33 32 10 28 33 33 33 33 12 28 32 32 7 12 33 13 33 38 0 33 13 28
split_gain=321.149 306.59 313.338 257.846 323.919 226.592 426.239 234.77 239.635 212.196 188.016 185.427 174.611 239.54 198.232 418.88 186.157 166.493 164.994 315.338 163.683 161.348 153.337 148.361 129.259 247.437 126.811 125.89 123.056 121.002
threshold=0.11297776638017075 -0.12128872564675851 0.017003605616666809 484.50000000000006 374.50000000000006 2653.5000000000005 3425.5000000000005 2696.5000000000005 2813.5000000000005 4.5000000000000009 0.019340137910241372 -0.15731550280923542 2515.5000000000005 2101.5000000000005 534.50000000000011 640.50000000000011 4.4642857142857197 -0.079507823174834749 2.5000000000000004 8.5000000000000018 -0.380109499940327 4.3785714285714326 2279.5000000000005 0.0093908991189175384 3740.5000000000005 -0.021993109448379896 0.07308331203680031 3606.5000000000005 0.015865872145381644 -0.19347051915500652
decision_type=8 8 10 2 2 2 2 2 2 2 10 10 2 2 2 2 10 10 2 2 10 10 2 8 2 10 10 2 10 10
left_child=-1 5 3 4 23 11 7 21 -9 10 24 -2 13 14 28 -16 -14 -8 -10 -20 -21 -7 -15 -3 -5 -26 -4 -11 -13 -25
right_child=1 2 26 9 -6 6 17 8 18 27 -12 12 16 22 15 -17 -18 -19 19 20 -22 -23 -24 29 25 -27 -28 -29 -30 -31
leaf_value=-0.024199470877145739 0.033067877172073233 0.039741501063249307 0.00133882306688737 -0.021501789648006853 0.025036879261611297 0.083489767443822624 0.0311070019414393 -0.011266215412479715 -0.0031360827094597948 -0.0025527914549865558 -0.0066954816423100659 0.0425904002494037 -0.0056872043773084635 0.027785481837839483 -0.027256316596007607 0.00085323420439723354 -0.049623042258390843 -0.015924343933766717 0.047084697766397919 0.072783738690097868 0.0057108163691724188 0.018899149892006303 0.0054499109707267478 -0.023842799599706171 0.12636394604265108 -0.015307542468016806 0.014526201882573364 -0.018947123835507021 0.0075591557869264404 -2.36385584144464e-05
leaf_weight=1372.3692745938897 484.30105339735746 217.32080787420273 35334.04136262089 4131.3943497464061 1486.9449283331633 250.54130241274834 221.35706209391356 567.01185234636068 462.36524880677462 23932.100554704666 7437.1452369913459 267.1768482029438 1136.4098482728004 1429.2435193136334 1523.2365247160196 10200.344876937568 306.01266624033451 1255.2866879925132 1244.7573811560869 99.095334976911545 1107.9321525394917 157.44622901082039 1661.9115705490112 589.22854386270046 43.421016380190849 106.20672033727169 1922.14306871593 1231.2014744952321 4061.4699437320232 5605.8249253630638
leaf_count=8451 2084 1080 160119 29418 6518 1076 980 2462 2050 117187 38901 1138 4937 5996 6938 45505 1325 5953 5696 402 4627 665 7129 3770 426 1313 8093 8873 17266 25936
internal_value=-0.000163734 0.00014036 -0.00136861 -0.00418716 0.00401095 0.00482306 0.0139961 0.0226795 0.0184739 -0.00594304 -0.0115007 0.00248703 0.00176758 0.00303162 0.000577236 -0.00279902 -0.0150083 -0.00887409 0.0242605 0.029427 0.0112174 0.0585636 0.0157771 -0.00086469 -0.0198484 0.0258046 0.00201919 -0.00335494 0.00972139 -0.00228914
internal_weight=109845 108473 82037 44780.8 7899.32 26435.9 5365.79 3889.15 3481.16 36881.5 11718.2 21070.1 20585.8 19143.4 16052.2 11723.6 1442.42 1476.64 2914.15 2451.78 1207.03 407.988 3091.16 6412.37 4281.02 149.628 37256.2 25163.3 4328.65 6195.05
internal_count=526314 517863 401634 233422 37304 116229 23911 16978 15237 196118 70058 92318 90234 83972 70847 52443 6262 6933 12775 10725 5029 1741 13125 30786 31157 1739 168212 126060 18404 29706
is_linear=0
shrinkage=0.05


Tree=51
num_leaves=31
num_cat=0
split_feature=37 10 0 14 20 5 38 33 33 33 33 43 33 33 33 33 26 43 33 10 38 33 4 33 33 10 12 33 33 10
split_gain=303.113 274.298 246.993 199.749 178.207 166.438 279.994 222.221 542.746 246.967 350.897 219.958 208.781 201.904 350.155 317.988 184.973 184.649 167.038 157.255 156.044 153.404 208.881 150.143 207.126 145.637 189.923 140.515 138.363 128.601
threshold=-0.074749871209532678 0.0089568538843061551 0.083832335329341437 1.0000000180025095e-35 0.11297776638017075 -0.10134041369421386 0.010045993285488832 2653.5000000000005 3410.5000000000005 2432.5000000000005 2101.5000000000005 1.5000000000000002 3723.5000000000005 752.50000000000011 682.50000000000011 885.50000000000011 0.54572721059069018 1.5000000000000002 472.50000000000006 0.018220487553900325 -0.19583793060124446 2878.5000000000005 -0.0026881720430107499 510.50000000000006 374.50000000000006 0.023684948238496661 0.049999999999999968 304.50000000000006 653.50000000000011 0.01745593894669711
decision_type=8 8 10 8 8 8 10 2 2 2 2 2 2 2 2 2 10 2 2 10 8 2 10 2 2 10 10 2 2 10
left_child=3 -2 4 20 -3 7 12 9 17 10 11 -6 13 14 23 -15 18 -9 27 -16 -1 29 -23 24 -7 26 -14 -13 -20 -19
right_child=1 2 -4 -5 5 6 -8 8 -10 -11 -12 16 25 15 19 -17 -18 21 28 -21 -22 22 -24 -25 -26 -27 -28 -29 -30 -31
leaf_value=0.03313279217320695 -0.020536289580225336 -0.020206238071898877 0.017181721121895706 -0.0010815868206862512 0.015485559901032711 -0.003099267519546361 0.0011100630732008634 -0.016523024796761984 -0.012665344022244653 -0.017017101500903117 0.020103622725053626 -0.012243893315982952 -0.034130356185753767 -0.03031906049538699 0.063528954857121941 -0.0063659858696845442 -0.0089259888673680291 0.1015000859586182 -0.017109139553152446 0.015014239461412846 0.010527101878817686 0.029738234590489018 -0.001683163497518427 -0.015629234560585424 0.019550616501716335 -0.010018661704752548 0.12582871934902431 0.030226308166740618 0.0028533098074107789 0.035887275130566797
leaf_weight=888.23148353397846 1732.2592871636152 1171.189777456224 1943.6053135991096 3577.0660437345505 1898.9473952651024 4746.2920813634992 37451.815657801926 280.88281874358654 1564.5264484062791 1829.9482871443033 2390.2258817702532 251.93386355042458 24.368532069027424 1476.1770776212215 288.5834681019187 22573.916390642524 6352.7799566835165 80.220362961292267 1040.2266204729676 396.55844534188509 5431.7997715100646 1424.440008893609 841.31110946834087 1572.8808187767863 1281.9810345768929 60.870697379112244 77.806710876524448 858.14991500973701 5243.4892005100846 1081.4377864152193
leaf_count=3722 16932 6650 8175 15237 8118 23045 170200 1207 7600 8156 10287 1087 254 8107 1341 119198 27640 376 4992 1734 24480 6158 3656 8233 5858 271 539 3628 24985 5071
internal_value=1.35408e-05 -0.000813059 -0.000465155 0.00836021 -0.000821463 -0.000582707 -0.00183672 0.00290675 0.0120316 0.000484814 0.0022606 -0.000465348 -0.00523255 -0.00551711 0.00121381 -0.00783621 -0.0026688 0.0224512 0.0027074 0.0354488 0.0137042 0.0256452 0.0180709 -0.00187201 0.00171749 0.051205 0.0876789 0.0205877 -0.000451339 0.0404183
internal_weight=109834 99936.8 98204.6 9897.1 96261 95089.8 69951.3 25138.5 5272.82 19865.7 18035.8 15645.5 32499.4 32336.4 8286.3 24050.1 13746.6 3708.29 7393.8 685.142 6320.03 3427.41 2265.75 7601.15 6028.27 163.046 102.175 1110.08 6283.72 1161.66
internal_count=526937 483498 466566 43439 458391 451741 338780 112961 24068 88893 80737 70450 168580 167516 40211 127305 62332 16468 34692 3075 28202 15261 9814 37136 28903 1064 793 4715 29977 5447
is_linear=0
shrinkage=0.05


Tree=52
num_leaves=31
num_cat=0
split_feature=20 38 32 28 10 33 33 33 33 32 32 32 10 13 34 33 33 34 33 33 32 10 33 33 32 33 34 10 34 32
split_gain=263.639 254.01 263.276 268.173 219.768 195.037 258.818 598.586 697.2 377.875 350.302 289.565 233.61 211.558 205.548 186.367 519.696 408.342 317.994 280.054 244.208 210.893 194.46 429.32 375.997 247.625 239.216 186.972 186.147 178.437
threshold=0.15761594921369357 -0.084401757743088265 4.5000000000000009 -0.048200084810767076 0.017560195188426723 3261.5000000000005 2653.5000000000005 2402.5000000000005 2233.5000000000005 7.5000000000000009 6.5000000000000009 10.500000000000002 0.021338823527532903 0.018184870143003476 3.0363237022818326 1801.5000000000002 1351.5000000000002 3.630984598539754 1310.5000000000002 1396.5000000000002 7.5000000000000009 0.0267769795775499 740.50000000000011 682.50000000000011 7.5000000000000009 1134.5000000000002 3.9991172922100291 0.021252226380760093 4.0226691247741604 5.5000000000000009
decision_type=8 8 2 10 8 2 2 2 2 2 2 2 10 10 2 2 2 2 2 2 2 10 2 2 2 2 2 10 2 2
left_child=-1 -2 4 -4 -3 6 7 8 15 10 14 -10 -9 -7 -8 16 18 19 22 -18 -17 -22 23 -5 26 -26 -24 28 -25 -28
right_child=1 2 3 5 -6 13 9 12 11 -11 -12 -13 -14 -15 -16 20 17 -19 -20 -21 21 -23 24 27 25 -27 29 -29 -30 -31
leaf_value=-0.019558625313483586 0.0057479419036303193 -0.013839829958750103 -0.0069881332456618707 0.001387914418960499 -0.0025902509790029127 -0.028302616035366331 0.039604934909243314 -0.032490643414512146 0.00080048682402925119 0.00270614291794633 0.045136049751376889 0.050839565032363809 -0.0072754958899925743 -0.0021694972716430013 0.0013525374220879644 0.00963377117966778 -0.0058348834257528799 0.0016748345575012193 -0.030075770266052383 0.028318683292050242 -0.019580175303995768 0.0040455075285425451 8.2872274248471367e-06 0.063114264907508627 -0.01838329927684983 0.0061626211235922095 -0.0048645753955013551 0.01101159441964393 0.013548518629492037 0.044190798344815124
leaf_weight=1687.0256432406604 18196.539033830166 5491.8977253288031 9003.8027603924274 10084.60335123539 20724.081979483366 933.90351001173258 471.98218005895615 1489.0492762476206 395.21529123932123 4716.0902067646384 1286.6286134049296 1076.908292979002 2397.5623276606202 4535.4934705719352 1372.1529942601919 1849.4971864745021 697.65803559869528 3724.4803374558687 860.71305599808693 4297.5266076400876 2965.5006258189678 1386.0525318533182 2019.8467764183879 541.08089503645897 4222.0934255644679 1357.9578137546778 255.90588726103306 723.40695720911026 291.4559001326561 672.59396319836378
leaf_count=10483 79395 38377 44724 42749 102995 7808 2074 7961 1800 21139 5940 4586 10428 21566 6160 8264 3008 18330 3947 18495 15425 5839 8494 2238 20283 6100 1152 2956 1263 2889
internal_value=5.46196e-05 0.000360872 -0.000730183 0.00100715 -0.00494689 0.002325 0.00332158 0.00174032 0.00368 0.011646 0.0251127 0.0374058 -0.016936 -0.00663175 0.0111427 0.00229897 0.00394257 0.0142055 -0.000312823 0.0235486 -0.00558617 -0.0120549 0.000957316 0.00515965 -0.00477852 -0.0124098 0.00966451 0.0296056 0.0457622 0.0306705
internal_weight=109729 108042 89845.1 63629.2 26216 54625.4 49156 41309.1 37422.5 7846.85 3130.76 1472.12 3886.61 5469.4 1844.14 35950.4 29749.3 8719.66 21029.7 4995.18 6201.05 4351.55 20168.9 11640.5 8528.4 5580.05 2948.35 1555.94 832.537 928.5
internal_count=526868 516385 436990 295618 141372 250894 221520 186207 167818 35313 14174 6386 18389 29374 8234 161432 131904 39833 92071 21503 29528 21264 88124 49206 38918 26383 12535 6457 3501 4041
is_linear=0
shrinkage=0.05


Tree=53
num_leaves=31
num_cat=0
split_feature=10 5 8 13 0 33 43 34 26 33 33 33 34 33 33 34 2 33 33 33 10 4 43 7 33 11 34 28 28 7
split_gain=265.194 227.401 236.207 189.573 169.301 160.625 322.697 246.832 198.257 155.572 369.355 261.127 237.707 172.298 129.538 135.793 126.675 125.615 173.058 125.352 123.182 123.439 116.672 141.725 115.079 113.794 113.302 113.065 112.008 109.027
threshold=0.0075109496556398933 -0.13513513513513489 0.06630703120074101 0.0059907361153669946 0.07308331203680031 2101.5000000000005 1.5000000000000002 3.8099896666734097 0.45014675377213148 740.50000000000011 682.50000000000011 1120.5000000000002 2.0856528016791152 472.50000000000006 3723.5000000000005 4.2143470814835746 -0.11732347780489281 1597.5000000000002 1365.5000000000002 534.50000000000011 0.024679305833709128 -0.018748394966615119 3.5000000000000004 -0.11718469176851186 653.50000000000011 1.1400884159251536 5.9192969897803644 0.017762625059124609 0.055883215990618997 -0.059223585367451807
decision_type=8 8 8 10 8 2 2 2 10 2 2 2 2 2 2 2 8 2 2 2 10 10 2 10 2 10 2 10 10 10
left_child=28 5 3 -3 16 6 27 -7 19 10 13 12 -11 -5 17 20 -4 18 -13 -8 21 -16 23 25 -21 -19 -25 -2 -1 -18
right_child=1 2 4 9 -6 7 8 -9 -10 11 -12 14 -14 -15 15 -17 29 22 -20 24 -22 -23 -24 26 -26 -27 -28 -29 -30 -31
leaf_value=-0.03235561873347343 0.025706496189826563 -0.024256209058039446 0.018025901977214542 0.0073729441830898967 0.013225087560789134 0.016226930336374564 0.02368126684005524 -0.00066856136414638863 -0.006722859955315511 0.088335127888588744 0.04161271715852239 -0.0053185970799866592 -0.022900357332738333 -0.01421946928289048 0.21081835721902342 -0.018154519629407249 -0.0020243434723111998 0.0061225929807149464 0.016615983966999967 -0.017158256680046096 -0.023487988494404421 0.061827037200167703 -0.012505387420873107 -0.014769895320301702 0.0064119948001333475 -0.014621549736099923 0.021578685774478645 0.00023256966911360671 0.014091709113467521 0.0025049743534417382
leaf_weight=874.66672417521477 1604.8192265331745 1248.3934395164251 957.02113227546215 2274.4958335384727 2520.9447199702263 5525.3911838382483 851.80049467086792 3550.9972658976912 7941.4244685471058 48.937383025884628 573.95061945170164 2153.6363961771131 2584.9375254958868 1555.8658237308264 24.307443112134933 48.415642313659191 35271.581184767187 3902.8056847080588 1543.8599288463593 624.68267036229372 18.324000805616379 32.474447295069695 5063.9636077731848 2519.3652433753014 3028.1021670550108 795.92837757617235 234.33029314130545 597.86319997906685 152.41552294790745 21315.943975672126
leaf_count=9802 6935 9558 4153 10625 10749 23876 3601 15517 34040 216 2496 11865 14503 8245 153 260 163426 19773 7615 2973 81 223 27799 15884 14107 4026 1559 2536 1299 98446
internal_value=-0.000175752 6.38104e-05 -0.00114822 -0.00527237 0.000542491 0.00439028 0.00115189 0.00961683 -0.00197008 -0.00425852 0.00420719 -0.00622389 -0.0208336 -0.00139774 -0.00386855 0.0471407 -1.31156e-05 -0.00425715 0.00384001 0.0064089 0.0892322 0.125608 -0.00664916 -0.00266982 0.00238112 0.0026087 -0.0116768 0.0187922 -0.025463 -0.000318196
internal_weight=109442 108415 84689.5 24624 60065.5 23725.1 14648.7 9076.39 12446 23375.6 4404.31 18971.3 2633.87 3830.36 16337.4 123.522 57544.5 16213.9 3697.5 4504.59 75.1059 56.7819 12516.4 7452.43 3652.78 4698.73 2753.7 2202.68 1027.08 56587.5
internal_count=526341 515240 411655 134881 276774 103585 64192 39393 54721 125323 21366 103957 14719 18870 89238 717 266025 88521 19480 20681 457 376 69041 41242 17080 23799 17443 9471 11101 261872
is_linear=0
shrinkage=0.05


Tree=54
num_leaves=31
num_cat=0
split_feature=7 12 1 32 43 33 33 33 33 34 33 33 33 43 33 43 38 43 33 33 13 1 5 5 33 32 12 10 38 34
split_gain=241.858 289.759 250.681 243.902 188.117 187.006 620.782 477.674 284.021 203.818 167.135 438.308 285.778 193.584 224.89 183.04 162.434 154.059 211.897 316.098 197.771 162.634 158.938 145.382 144.144 158.191 155.581 126.485 123.271 122.93
threshold=-0.18005203173126819 1.0000000180025095e-35 0.074160589318098227 11.500000000000002 2.5000000000000004 1626.5000000000002 1918.5000000000002 2387.5000000000005 1485.5000000000002 5.5018702472980623 430.50000000000006 913.50000000000011 955.50000000000011 3.5000000000000004 3425.5000000000005 3.5000000000000004 0.016103724873082762 1.5000000000000002 2653.5000000000005 2996.5000000000005 0.019770674931508005 -0.12322961228481365 -0.15416666666666676 -0.044444444444445112 174.50000000000003 1.5000000000000002 2.7357142857142884 0.010820674109511643 0.27536264282188666 5.4426341139010654
decision_type=8 8 8 2 2 2 2 2 2 2 2 2 2 2 2 2 10 2 2 2 10 10 10 10 2 2 10 10 8 2
left_child=10 -2 3 16 -5 8 -7 29 -6 27 24 15 -13 17 -15 -12 23 21 -19 -20 -21 -14 -22 -3 25 26 -1 -10 -4 -8
right_child=1 2 28 4 5 6 7 -9 9 -11 11 12 13 14 -16 -17 -18 18 19 20 22 -23 -24 -25 -26 -27 -28 -29 -30 -31
leaf_value=0.034485395624297983 -0.02863734468539287 -0.001945182574094364 0.0037868187596318882 -0.0041811712845432735 0.012534131510424497 -0.039433356402701208 0.064796869239455532 -0.0043188485980194509 0.17553624966531783 -0.039500217942461467 -0.016266909463371313 0.035739140214117976 0.049189662054375638 -0.00013707830750056449 -0.036918303858114614 0.0052529320361678145 -0.00017729386393862891 0.0047797103183828118 0.04122512391023142 -0.023288028455914114 0.027213255788272991 -0.011110424401687293 0.0027278771351860313 -0.0084168849971942745 0.016786416652941071 -0.015679365047277828 -0.064615286482529941 0.057223644452361069 0.018867602992716885 -0.0074832362561047527
leaf_weight=344.81539507210255 969.09559803083539 17118.067053191364 4527.2177572846413 2240.4816973209381 1492.5345755144954 602.24672684073448 503.19137606024742 753.63617847114801 23.605011217296124 53.992647662758827 3910.4490252509713 745.25338490307331 120.77859880030155 6721.432818569243 442.97099072486162 1322.2231478840113 29442.702735714614 7554.520958326757 1142.8458311632276 381.52490472048521 1352.3323106914759 1507.3077303469181 1299.7448813617229 17600.070758000016 3843.9284358173609 808.94519658386707 44.743415415287018 525.40440553426743 1933.8590801507235 66.612142585217953
leaf_count=1399 9440 89546 19658 11110 6241 2840 2133 3284 127 281 17994 3158 501 28880 2009 5736 135316 32867 5176 1863 5674 6419 5838 98303 16122 3540 183 2272 8366 283
internal_value=2.88624e-05 -0.00146761 -0.00112514 -0.00198993 0.0074292 0.0138981 0.00265012 0.0218007 0.0242344 0.0531945 0.00372228 0.00213471 0.00532417 0.00421973 -0.00241124 -0.0108291 -0.00290918 0.00777589 0.0097762 0.0188141 0.0103712 -0.0066371 0.0152133 -0.00522596 0.012066 -0.00307363 0.023103 0.0623106 0.00830063 0.0563471
internal_weight=109397 77852.7 76883.6 70422.5 6261.7 4021.22 1925.69 1323.44 2095.54 603.002 31543.8 26501.4 21268.7 20523.5 7164.4 5232.67 64160.8 13359.1 11731 4176.45 3033.6 1628.09 2652.08 34718.1 5042.43 1198.5 389.559 549.009 6461.08 569.804
internal_count=526559 389200 379760 351736 28571 17461 8540 5700 8921 2680 137359 116115 92385 89227 30889 23730 323165 58338 51418 18551 13375 6920 11512 187849 21244 5122 1582 2399 28024 2416
is_linear=0
shrinkage=0.05


Tree=55
num_leaves=31
num_cat=0
split_feature=38 32 28 32 13 32 34 34 12 34 3 7 12 14 34 43 28 32 3 5 34 10 11 14 13 43 32 5 12 10
split_gain=238.517 253.166 245.641 187.081 306.13 298.849 207.097 192.366 184.095 243.085 179.018 162.715 146.804 145.217 144.232 286.006 176.566 171.354 140.447 133.662 132.201 127.227 120.425 120.08 117.001 112.235 194.375 119.87 104.31 108.814
threshold=-0.09531147106062908 4.5000000000000009 -0.048200084810767076 8.5000000000000018 0.0073509344438391555 10.500000000000002 2.8361459037824157 4.0951772018816319 0.15000000000000022 4.1067667435187873 0.033133348167248007 -0.1255572262222546 4.5571428571428632 1.0000000180025095e-35 4.1720766135341369 1.0000000180025095e-35 0.20150621359754742 5.5000000000000009 -0.090909090909090981 0.19103409409199548 3.9009615468842616 0.05650483972960383 0.47818924167514737 2.5000000000000004 0.036418556517435606 1.5000000000000002 5.5000000000000009 0.26062160324982203 0.30000000000000021 0.048526743744706578
decision_type=8 2 10 2 8 2 2 2 8 2 8 10 10 10 2 2 10 2 10 10 2 8 8 8 10 2 2 10 10 8
left_child=13 10 19 8 23 7 -7 21 9 -4 11 -2 -13 18 16 24 25 -17 -1 -3 28 -6 -19 -5 -16 26 -10 -27 -15 -30
right_child=1 2 3 4 5 6 -8 -9 14 -11 -12 12 -14 20 15 17 -18 22 -20 -21 -22 -23 -24 -25 -26 27 -28 -29 29 -31
leaf_value=0.016236456838095447 -0.0031355821912923453 -0.0087258599246474947 0.042903381081761088 -0.028602939257901663 -0.0017638469818301219 0.018814432045472385 0.0024481242415866711 -0.014061672343784191 0.013261292999512396 -0.024897247200185966 0.0011267421638404139 -0.015355115698711248 0.00060060991219385116 0.035734411328690228 0.061328385906237043 -0.0091688533314996292 0.020768948056999057 0.037446146388310508 0.0045259863451621784 0.0086898396650632748 -0.015690345308675926 0.049480004323594041 0.008194559788050771 0.090791920976217522 0.022608961096033033 0.00018322842656247199 -0.025789551598816275 0.013944404970771164 -0.0021477957823583592 0.030287200666946221
leaf_weight=4020.654097110033 9723.9657355993986 8739.626419134438 623.31213019043207 1121.4828845560551 8427.1207234635949 2363.4390687942505 10611.0268561095 4231.6390619203448 475.37309543788433 167.78557395935059 8272.0595276281238 7659.7347344979644 1775.817705757916 232.303232640028 314.1768951267004 1444.0052525624633 1138.2694738209248 372.30750968307257 7049.58525647223 1260.6197765991092 1251.0327382981777 122.89194411039352 6403.280920162797 21.462027460336685 514.80880172550678 15216.370192207396 966.56193718314171 1766.1710094958544 2704.9641444385052 285.91438168287277
leaf_count=17333 50259 44268 3008 10024 40450 10172 47509 21526 1959 910 39693 49049 10165 980 1280 7114 5023 1708 30866 5412 5218 523 29473 89 2076 66888 3980 7389 11367 1186
internal_value=-2.93674e-05 -0.00098064 0.000690792 0.00197343 -0.00103991 8.37275e-05 0.00542942 -0.00534261 0.00473021 0.0285234 -0.00502047 -0.00767451 -0.0123522 0.00570682 0.00407233 0.00929217 0.00165794 0.00646914 0.00877917 -0.00653046 -0.00189488 -0.0010273 0.00980189 -0.026361 0.0372832 0.000477253 -0.0129154 0.00161438 0.00345964 0.000952842
internal_weight=109278 93733.3 66301.7 56301.5 26899.1 25756.1 12974.5 12781.7 29402.4 791.098 27431.6 19159.5 9435.55 15544.5 28611.3 9048.58 19562.7 8219.59 11070.2 10000.2 4474.21 8550.01 6775.59 1142.94 828.986 18424.5 1441.94 16982.5 3223.18 2990.88
internal_count=526897 459947 310781 261101 130293 120180 57681 62499 130808 3918 149166 109473 59214 66950 126890 41651 85239 38295 48199 49680 18751 40973 31181 10113 3356 80216 5939 74277 13533 12553
is_linear=0
shrinkage=0.05


Tree=56
num_leaves=31
num_cat=0
split_feature=10 37 19 14 34 32 33 33 32 33 32 32 32 34 34 33 13 5 34 33 33 43 33 0 7 3 33 33 33 7
split_gain=235.871 209.301 202.185 184.41 141.663 139.543 154.123 281.663 266.718 204.975 204.843 263.548 215.968 169.246 153.718 155.428 143.739 140.872 154.272 212.664 157.151 147.83 131.399 123.894 121.832 119.824 114.747 185.273 130.52 112.148
threshold=0.0075109496556398933 -0.080358904439692055 -0.20437116788144982 1.0000000180025095e-35 2.8478079206112956 4.5000000000000009 2417.5000000000005 2233.5000000000005 10.500000000000002 2653.5000000000005 8.5000000000000018 10.500000000000002 6.5000000000000009 7.611471342049474 4.5659093368239541 3542.5000000000005 0.056012861503044832 -0.14125977062937065 4.5070057850850134 547.50000000000011 419.50000000000006 2.5000000000000004 3244.5000000000005 0.083832335329341437 -0.33499886518384014 -0.0060975609756097051 1384.5000000000002 1253.5000000000002 1742.5000000000002 -0.0718350331876315
decision_type=8 8 8 8 2 2 2 2 2 2 2 2 2 2 2 2 10 10 2 2 2 2 2 10 8 10 2 2 2 10
left_child=-1 3 5 24 26 17 7 29 -9 -8 12 16 14 25 15 -11 -12 21 -19 20 -20 -3 -14 -6 -2 -13 27 -4 -28 -7
right_child=1 2 4 -5 23 6 9 8 -10 10 11 13 22 -15 -16 -17 -18 18 19 -21 -22 -23 -24 -25 -26 -27 28 -29 -30 -31
leaf_value=-0.024407392192320972 0.029577642586930311 0.0094910118743996817 0.0051071004842420994 -0.0016509549067907784 4.3463382563494439e-07 -0.0017958208266750549 -0.017028106513716036 -0.0034552748590956023 0.045152722749609714 0.0096306267981471211 -0.025930136738920924 0.012965682014905231 0.029728944714592836 0.14271740662057589 -0.027935726866711159 -0.03910884592859077 0.0057310222170326311 -0.012293242327241364 0.0020470359012193812 -0.0054324029297502744 0.055412996796570926 -0.01301731306525541 0.0029644176058379748 0.015017540254114446 0.0098592914539067551 -0.0095035962350132532 0.025913288807670368 -0.02872949932521246 0.0077545902036921443 0.0061851730728845773
leaf_weight=987.94503811746836 957.77010408043861 2339.8915166482329 2900.0558344572783 3284.0204128026962 36254.808535970747 18714.102235488594 2976.6624006032944 478.26484514027834 688.45482063293457 1298.9920795857906 2006.2068468257785 1194.4279060140252 1120.7681375965476 21.501570098102093 527.01239416003227 187.1354718580842 436.46647661924362 9232.5091357603669 276.43688098341227 2657.3222813904285 275.37263665348291 1059.9285239726305 776.15091654658318 1427.5432301014662 4301.8236236423254 1179.0408630184829 1305.1845923811197 470.14144908636808 4092.2782463952899 5755.3727540671825
leaf_count=11136 4021 10841 13028 14000 171776 85070 14261 2228 2964 5734 11650 5406 5007 108 2407 879 1905 52577 1395 15266 1360 4862 3662 5994 19192 6555 5600 2264 18721 27155
internal_value=-8.72032e-05 0.000134867 -0.000509049 0.00764545 0.00190126 -0.00261346 -0.000946016 0.00122576 0.0252272 -0.00569477 -0.00183827 -0.008717 0.0066723 0.00306897 -0.0047344 0.00349328 -0.0202728 -0.00654596 -0.00901071 0.000432969 0.0286786 0.00247381 0.0187779 0.000569337 0.01345 0.00180388 0.0076257 0.000386906 0.0121456 8.13586e-05
internal_weight=109184 108196 99652 8543.61 46450 53202 37360.6 25636.2 1166.72 11724.4 8747.7 4837.64 3910.06 2394.97 2013.14 1486.13 2442.67 15841.5 12441.6 3209.13 551.81 3399.82 1896.92 37682.4 5259.59 2373.47 8767.66 3370.2 5397.46 24469.5
internal_count=527024 515888 478675 37213 217383 261292 174991 117417 5192 57574 43313 25624 17689 12069 9020 6613 13555 86301 70598 18021 2755 15703 8669 177770 23213 11961 39613 15292 24321 112225
is_linear=0
shrinkage=0.05


Tree=57
num_leaves=31
num_cat=0
split_feature=20 7 38 5 35 36 20 26 9 11 37 8 34 14 34 12 11 38 32 43 34 39 43 9 34 32 29 34 25 32
split_gain=230.361 196.113 204.26 205.674 120.235 107.463 106.421 99.5205 115.504 114.723 96.2683 91.3485 91.2759 90.9644 90.451 85.706 84.2377 81.4793 78.5229 200.954 153.125 96.8729 139.57 89.5661 124.712 102.368 85.2832 83.102 82.5107 78.4085
threshold=0.11297776638017075 -0.18005203173126819 0.016103724873082762 -0.044444444444445112 -0.010050251256318697 0.25000000000000222 0.62518698470390777 0.60070057911268171 0.032067755676442523 0.8920595204816385 -0.054827588336051274 0.05527759317235393 4.3637351621117633 1.0000000180025095e-35 2.0856528016791152 0.049999999999999968 1.6737331393215327 0.27536264282188666 6.5000000000000009 1.0000000180025095e-35 5.9192969897803644 1.0000000180025095e-35 1.0000000180025095e-35 0.031864124049363694 4.143927747969351 11.500000000000002 -0.10617520993299555 3.1707348990058901 0.24898778788623885 11.500000000000002
decision_type=8 8 10 10 10 2 8 10 10 8 10 8 2 10 2 10 10 10 2 2 2 10 2 8 2 2 10 2 8 2
left_child=11 4 3 6 10 -4 -3 9 13 -6 -2 -1 -13 -9 -5 -16 18 -7 21 20 23 22 27 25 -25 -20 -24 -8 -29 -17
right_child=1 2 5 14 7 17 16 8 -10 -11 -12 12 -14 -15 15 29 -18 -19 19 -21 -22 -23 26 24 -26 -27 -28 28 -30 -31
leaf_value=-0.034366754142299887 0.018393196283184747 -0.0067575753622599989 -0.0023083392592886417 0.019523899331314251 0.0021568969546784719 0.0024247180549153732 -0.012560743602729203 -0.0033434568307372219 0.003281313410558929 0.012285952730361906 0.0035473479255210788 0.0014804770728902952 -0.043777403151434482 -0.02071145040479104 -0.028699482810229271 -0.0081727049460526679 0.056702582786066949 0.012017094482897794 -0.023635983226691248 0.0088423917724065049 0.074515258272078527 -0.016554407323044133 0.016188091989987937 -0.042600098836980425 0.0014191303516845955 0.018118819052459312 -0.0040590090292000006 -0.0057061275590912161 0.045171460333816332 0.0044709660024278798
leaf_weight=641.847332239151 2263.7516198903322 4654.0539256036282 12518.09112111479 307.55491152405739 8519.0816649347544 22493.84529132396 124.28266275674105 4982.6473529338837 7927.2473455965519 4160.7940081581473 2109.5882231146097 531.86712296307087 140.92402496933937 888.30157506465912 478.64422153681517 17167.128322999924 69.737247496843338 2455.4401095956564 273.21412667632103 6413.481134686619 48.892720013856888 995.09299159795046 576.11760925501585 469.70808656513691 244.73947241902351 317.21562869846821 5347.843991715461 103.17246037721634 350.10170303285122 1320.5065627098083
leaf_count=5462 9762 24852 56627 1567 38449 102892 551 21726 33257 18346 9188 2392 639 3826 5515 95951 327 10323 1568 30875 260 5116 2695 2955 1545 1545 29568 440 1516 6443
internal_value=-6.93473e-05 0.000184871 -0.00116881 -0.00368895 0.00355153 0.00147201 -0.000135261 0.00228297 -0.000655557 0.00548066 0.0112319 -0.0208727 -0.00799932 -0.00597131 -0.00737425 -0.00781043 0.00187474 0.00336877 0.00162425 0.00514743 -0.0123575 -0.00202612 0.000197508 -0.0156125 -0.027521 -0.0012027 -0.00208994 0.0236597 0.0335909 -0.00726961
internal_weight=108895 107580 76728.9 39261.5 30851.4 37467.4 19987.7 26478.1 13798.2 12679.9 4373.34 1314.64 672.791 5870.95 19273.8 18966.3 15333.6 24949.3 15263.9 7767.25 1353.77 7496.61 6501.52 1304.88 714.448 590.43 5923.96 577.557 453.274 18487.6
internal_count=526178 517685 383131 213289 134554 169842 103813 115604 58809 56795 18950 8493 3031 25552 109476 107909 78961 113215 78634 38748 7873 39886 34770 7613 4500 3113 32263 2507 1956 102394
is_linear=0
shrinkage=0.05


Tree=58
num_leaves=31
num_cat=0
split_feature=10 12 32 35 19 43 26 13 3 12 32 32 8 43 12 10 14 5 20 37 35 22 10 5 13 12 39 0 26 5
split_gain=192.909 183.477 165.116 167.07 150.215 138.173 176.113 123.791 110.36 104.95 101.058 151.062 90.6522 90.4887 126.334 116.31 90.3047 94.6254 91.176 89.6326 89.0323 84.8105 84.4945 83.3862 123.917 93.5115 86.534 80.9704 103.811 109.813
threshold=0.032620549240554166 1.0000000180025095e-35 11.500000000000002 -0.0058997050147688293 -0.22279480064965898 3.5000000000000004 0.43789834774489511 0.023191082586714182 -0.094760578392727876 0.87857142857142889 7.5000000000000009 3.5000000000000004 0.2772394538032002 3.5000000000000004 2.1285714285714312 0.047471728731891198 1.0000000180025095e-35 -0.29631722937940541 0.50615520235021094 -0.06568422126165567 -1.2712053631958041e-14 1.2087563457536328 0.012941884292078711 -0.099678456591639916 0.0059907361153669946 0.15000000000000022 1.0000000180025095e-35 0.094908430597202234 0.76386864269517341 -0.078358208955223593
decision_type=10 8 2 10 8 2 8 8 8 10 2 2 10 2 10 10 10 10 10 10 10 10 10 10 10 10 10 10 8 8
left_child=1 10 3 8 12 -4 -7 -8 -3 -9 11 -1 23 15 -15 16 17 -2 -18 -19 22 -16 -13 25 -25 -5 -27 28 29 -6
right_child=13 2 5 4 27 6 7 9 -10 -11 -12 20 -14 14 21 -17 18 19 -20 -21 -22 -23 -24 24 -26 26 -28 -29 -30 -31
leaf_value=-0.033516948956911811 0.030169682255407518 0.016130316593904834 -0.00093118193618711557 0.040528177079594378 0.0057123089723817482 0.023145170126379875 -0.030169122239114554 0.02440709225917562 0.001873764346161811 -0.0019105981194327108 -0.037078639594648403 0.14486540241724818 0.0039413257193399911 0.0056717122898111948 -0.0069604741160241975 0.020687401305123251 -0.012683079702553069 0.019772275562250571 0.004200096361645137 0.0039005718638664318 -0.016098608883347982 0.0083335638543066155 0.03050386532861284 -0.02953017425743712 -0.0070197938815841831 -0.00118769008613052 -0.0162985826720408 0.020728266371001586 -0.0066598403350121606 -0.0014059085504366301
leaf_weight=256.81037870794535 498.83106118440628 1528.7570861205459 3541.0510570630431 126.44405020028353 8122.97267344594 1990.2637881487608 259.11195035278797 570.57650975883007 12113.770395509899 1127.1455725878477 534.95876430720091 18.182286404073238 2596.8991381749511 7086.8045514374971 4951.5191382020712 1409.5188582539558 1100.3257847130299 1138.6380466967821 2926.6300728321075 4065.8444339707494 103.13282242417336 1109.5792469829321 144.59699055552483 632.26458835601807 18499.288610287011 9264.9187492057681 1055.3483566194773 459.0805636793375 5464.9816199019551 16271.656314682215
leaf_count=3206 2104 6974 16876 643 37623 8863 1115 2481 60558 4638 5523 160 11811 30319 20884 5797 4624 4765 12246 17396 684 4663 734 4979 100242 43071 4881 1943 24998 82088
internal_value=2.00423e-05 -0.00110661 -0.000844867 -0.00154164 -0.00263598 0.0062396 0.0126727 0.00202133 0.00347133 0.00693435 -0.0218011 -0.00616588 -0.00501557 0.00394826 0.00113905 0.00726388 0.00531936 0.00936686 -0.000413064 0.00737299 0.020249 -0.00416066 0.0432779 -0.00580197 -0.00776372 -0.00220931 -0.00273293 -0.000110674 -0.000431065 0.00096433
internal_weight=108970 84682.2 83624.5 76136.4 62493.9 7488.15 3947.1 1956.83 13642.5 1697.72 1057.68 522.722 32175.2 24287.7 13147.9 11139.8 9730.27 5703.31 4026.96 5204.48 265.912 6061.1 162.779 29578.3 19131.6 10446.7 10320.3 30318.7 29859.6 24394.6
internal_count=526889 424091 413784 379811 312279 33973 17097 8234 67532 7119 10307 4784 165627 102798 55866 46932 41135 24265 16870 22161 1578 25547 894 153816 105221 48595 47952 146652 144709 119711
is_linear=0
shrinkage=0.05


Tree=59
num_leaves=31
num_cat=0
split_feature=20 32 32 12 43 32 34 32 28 32 34 5 12 32 28 13 34 43 10 35 12 43 8 39 34 38 10 43 12 34
split_gain=200.234 190.301 214.647 294.361 273.71 685.455 418.454 269.037 336.156 260.601 272.568 223.707 199.17 209.369 215.18 192.932 187.402 159.384 149.532 139.358 138.277 135.341 195.861 187.297 160.145 128.528 122.98 112.757 110.793 110.359
threshold=0.069576914817035027 3.5000000000000004 8.5000000000000018 0.17142857142857218 1.5000000000000002 5.5000000000000009 3.7316987250416642 5.5000000000000009 0.19120753353740924 10.500000000000002 2.8361459037824157 -0.14336388038417994 3.97857142857143 1.5000000000000002 -0.072364765293397873 0.070845820167356063 4.1067667435187873 1.5000000000000002 0.017560195188426723 -0.0057142857143022687 1.0000000180025095e-35 1.5000000000000002 0.042501475796930317 1.0000000180025095e-35 4.8578724641361681 -0.11043169502713256 0.041415690275204399 2.5000000000000004 0.22857142857142812 4.4875121511018561
decision_type=8 2 2 8 2 2 2 2 10 2 2 10 8 2 10 10 2 2 8 8 8 2 10 10 2 10 8 2 8 2
left_child=-1 12 3 16 5 -5 25 8 11 15 27 26 13 14 -2 19 -3 -12 -15 -4 -19 23 -23 24 -16 -7 -6 -11 -21 -10
right_child=1 2 9 4 7 6 -8 -9 29 10 17 -13 -14 18 21 -17 -18 20 -20 28 -22 22 -24 -25 -26 -27 -28 -29 -30 -31
leaf_value=-0.022546949728398324 0.038191943739939976 0.039198056912406409 0.0033841151721314467 0.033625505142212624 0.0014330825350314827 0.013350237117985603 0.018398018025040496 0.0047897008648946924 0.052232144417667381 0.0060988608643202102 -0.014947837394650941 -0.0099325775627320152 0.0051346083621110735 -0.021971543702591544 0.038882419599786361 0.010928543563748103 -0.018552862576157032 -0.035300513003591841 -0.0075157024756624842 -0.037630549765480366 0.0020478281246399791 -0.01952123794357348 0.00055890576900727274 -0.025285869641872301 -0.067763713464121494 -0.031369006219743215 0.033140116606500125 0.023389019835478222 -0.0085192170110688394 -0.026051956914181204
leaf_weight=976.54345300421119 354.68262244015932 876.90018644183874 2600.4520270079374 2336.8562873825431 4223.6580778360367 189.68913275003433 1046.983987852931 25078.307183071971 338.36058250069618 1903.9081298522651 1656.9265483319759 8764.6810394227505 5126.1797879561782 2224.8107422441244 551.58556751906872 1596.5230385512114 167.26987208425999 252.14200386032462 9130.522249378264 334.70856321975589 14478.433425597847 1545.5260130688548 5667.7896489202976 187.62020271271467 37.601375699043274 1050.4806772023439 329.69091139733791 1868.19623401016 13891.829623725265 51.928451433777809
leaf_count=6380 1600 4313 12834 10046 18349 782 4326 110871 1513 8689 8513 43747 25810 17145 2255 6740 981 2720 50248 2493 65200 10097 26500 845 168 4411 1359 8012 69602 223
internal_value=-7.90142e-06 0.000196155 0.00134449 0.00371278 0.00308176 0.0145805 -0.00487843 0.00171093 -0.00392146 -0.0013842 0.0025441 -0.00526182 -0.00364476 -0.00592924 8.36485e-05 -0.00568268 0.0299467 -0.00024524 -0.010348 -0.00725873 0.00140854 -0.00160798 -0.00374347 0.0182218 0.0320764 -0.024529 0.00372887 0.0146621 -0.00920412 0.0418163
internal_weight=108841 107864 83037.9 44454.8 43410.6 4624.01 2287.15 38786.6 13708.3 38583.1 20159.6 13318 24826.3 19700.1 8344.81 18423.5 1044.17 16387.5 11355.3 16827 14730.6 7990.12 7213.32 776.807 589.187 1240.17 4553.35 3772.1 14226.5 390.289
internal_count=526772 520392 385724 200921 195627 19565 9519 176062 65191 184803 93134 63455 134668 108858 41465 91669 5294 76433 67393 84929 67920 39865 36597 3268 2423 5193 19708 16701 72095 1736
is_linear=0
shrinkage=0.05


Tree=60
num_leaves=31
num_cat=0
split_feature=10 5 0 35 35 8 20 28 28 32 34 12 34 26 34 7 5 13 11 5 26 11 10 32 32 32 13 34 4 13
split_gain=174.782 152.662 134.712 120.627 118.64 113.118 153.155 111.1 94.5109 89.6676 106.808 87.2869 212.003 93.8117 86.6135 85.8094 87.7767 83.599 79.1011 96.5772 74.3106 80.5555 82.0283 73.3341 97.4869 70.8881 74.8939 70.2577 70.1491 69.6967
threshold=0.0075109496556398933 -0.26645663536772374 0.083832335329341437 -0.0052728289862888902 0.017241379310328101 0.11824758563190442 0.36178438402150265 0.04718791213455082 0.016514094758104895 3.5000000000000004 3.7762026262282671 0.2500000000000005 4.1198495226759748 0.037557458225650542 4.7340029612243617 -0.49399119937281527 -0.04019023395351911 0.046330123532744745 1.4331046437886779 -1.0000000180025095e-35 0.59309427732942044 1.5405960289383354 0.015065897032287884 5.5000000000000009 8.5000000000000018 11.500000000000002 0.055176476006571537 2.7757039971150994 -0.17988611433733367 0.0084900288394299719
decision_type=8 8 8 10 10 10 8 10 10 2 2 10 2 10 2 8 10 10 10 10 8 10 10 2 2 2 10 2 8 8
left_child=7 8 3 9 5 6 -5 -1 17 10 -3 12 13 -7 18 -8 20 -2 19 -9 21 22 -17 -18 -25 -13 -27 -26 -11 -4
right_child=1 2 29 4 -6 11 15 14 -10 28 -12 25 -14 -15 -16 16 23 -19 -20 -21 -22 -23 -24 24 27 26 -28 -29 -30 -31
leaf_value=-0.029619638199814724 0.0063184497816887349 -0.0096038849971018404 0.070612256496888584 -0.016465091268622604 0.0027871108840369432 -0.060137283613100251 -0.053687238755495283 0.029821488570689138 -0.005570811930800855 0.021843784818170661 0.0065097801158683528 -0.0010789983898497203 -0.055480123373000512 0.029778024365587848 -0.010658766825725792 -0.005844499629377331 -0.011527245171682566 0.020841311649540506 -0.014901903226393523 0.19012218313019855 -0.0054842076735449052 0.047794904314765414 0.0025005351528844658 0.0031026379639140741 0.0056735319039568806 0.013268098083528286 -0.008835408704559013 -0.010381576481335364 0.0042245847445580601 0.011018319081149518
leaf_weight=768.19156646355987 2672.2915371507406 2617.143646530807 50.315724834799767 2326.8643796034157 14167.655828110874 30.328298889100552 84.060134634375572 19.352312233299017 973.22702794522047 588.70842730998993 1694.034388564527 26181.859130367637 90.49319238960743 666.75359870493412 111.29742499813437 3933.9064595513046 4526.6065431684256 1574.9084846824408 20.257216852158308 18.263275757431984 7113.7807903066278 90.179625160992146 11711.257323980331 3281.8791230097413 806.07885314896703 1698.0370534211397 494.93797218799591 4405.7570959888399 13982.932075086981 1969.464466586709
leaf_count=9576 11264 14582 213 14291 64755 184 344 179 4071 2529 9096 119120 440 3186 992 23343 27955 6589 177 155 32563 414 55166 15871 3939 7188 2036 23889 64221 8371
internal_value=-4.43776e-05 0.000142665 -0.000282076 -0.000539036 -0.0013723 -0.00224607 -0.00403334 -0.0215417 0.00848326 0.00306229 -0.00327218 0.000100017 0.0165193 0.025866 0.0151398 -0.00322878 -0.00311053 0.0117037 0.064754 0.107651 -0.0012434 0.000673822 0.000402213 -0.00638711 -0.00364775 -0.000355718 0.0082795 -0.00789844 0.00493642 0.0125029
internal_weight=108671 107733 102513 100493 81610.4 67442.8 38280.4 937.362 5220.43 18882.8 4311.18 29162.4 787.575 697.082 169.17 35953.5 35869.4 4247.2 57.8728 37.6156 22849.1 15735.3 15645.2 13020.3 8493.72 28374.8 2192.98 5211.84 14571.6 2019.78
internal_count=526699 515620 493696 485112 394684 329929 197775 11079 21924 90428 23678 132154 3810 3370 1503 183484 183140 17853 511 334 111486 78923 78509 71654 43699 128344 9224 27828 66750 8584
is_linear=0
shrinkage=0.05


Tree=61
num_leaves=31
num_cat=0
split_feature=33 33 13 33 33 5 33 33 33 5 10 38 34 33 34 10 10 28 33 33 33 33 34 33 33 33 33 33 34 33
split_gain=161.25 645.308 359.733 257.224 243.743 228.938 228.497 347.905 901.458 330.455 304.129 175.261 175.003 196.086 173.494 168.766 165.687 166.091 190.869 515.896 310.685 278.967 417.806 181.607 336.368 405.708 288.796 266.494 211.926 210.823
threshold=3261.5000000000005 3090.5000000000005 0.019770674931508005 3320.5000000000005 3012.5000000000005 -0.038814228505052666 2813.5000000000005 2296.5000000000005 2233.5000000000005 -0.023255813953489354 0.025194506409075845 -0.067900176813242827 4.0817654239468206 3140.5000000000005 4.1311582127692708 0.019340137910241372 0.03852736040666814 -0.13812608360179696 1351.5000000000002 1597.5000000000002 1281.5000000000002 1485.5000000000002 3.6415248988725928 534.50000000000011 640.50000000000011 722.50000000000011 913.50000000000011 1009.5000000000001 2.3465905316554028 682.50000000000011
decision_type=2 2 10 2 2 10 2 2 2 10 10 10 2 2 2 10 10 8 2 2 2 2 2 2 2 2 2 2 2 2
left_child=1 4 -2 -4 6 12 7 8 16 -8 -11 -9 13 -3 -12 -13 17 -1 20 21 23 -20 -23 -19 -25 29 28 -28 -27 -26
right_child=2 5 3 -5 -6 -7 9 11 -10 10 14 15 -14 -15 -16 -17 -18 18 19 -21 -22 22 -24 24 25 26 27 -29 -30 -31
leaf_value=0.018087017095599619 -0.025317536369756241 0.068692326751132501 -0.021301526421018738 0.0020654544509743477 -0.018264580690957967 0.012553714566552724 0.025936141764947847 0.00055275060102833525 0.034746633627167699 -0.019721064471910091 0.01939067393821035 -0.0237797386793655 0.011124967212350489 0.013048734465980533 -0.011413634458790707 -0.0080134900318573534 0.0078609442894248538 0.0017565960259213868 0.0042747151512056948 -0.0025696320497364559 -0.022058957756409522 0.03899363199620301 0.0037798841202576401 -0.02000849901560494 0.00050658715239002049 0.034178732954228984 0.012380912093238917 -0.0056542347345086928 -0.017275809389868498 0.027961560421939227
leaf_weight=1134.4414453729987 1950.1709426306188 543.89717252552509 1397.224224217236 7497.0812812298536 1851.9532192572951 3064.6078204736114 2032.7277830839157 3968.0864350199699 1899.4729486405849 1208.0219089910388 1714.1889107078314 2289.9964326992631 383.37081633508205 223.34147275239229 623.29211746156216 6558.3366067931056 5913.9485577642918 16056.965222209692 3974.8336080685258 16669.252417445183 2096.5837906971574 1944.1420172825456 1486.3349919915199 3279.2546695172787 1334.5257775187492 208.28169193118811 2762.1106438711286 7925.5347597822547 5103.1344314515591 1468.7974561303854
leaf_count=5304 17087 2467 6973 36078 9954 14182 9709 17411 8385 6446 7306 13908 1779 1000 2642 30528 24521 74334 18426 84318 10117 8903 7221 15957 5915 981 12194 39683 26790 6240
internal_value=-8.50417e-05 0.000556892 -0.0058695 -0.00160531 -0.000305803 0.0196937 5.70772e-05 -0.000578474 0.000751126 0.00986386 0.000649209 -0.00817836 0.0387107 0.0524946 0.0111767 -0.0120939 -0.000153796 -0.000878058 -0.00121261 0.00230886 -0.00331966 0.0132903 0.0237364 -0.00228951 -0.00523169 -0.00265453 -0.00572892 -0.000993239 -0.0152581 0.0148916
internal_weight=108564 97719.4 10844.5 8894.31 93504.2 4215.22 91652.3 86074 73257.6 5578.23 3545.5 12816.4 1150.61 767.239 2337.48 8848.33 71358.1 65444.2 64309.8 24074.6 40235.2 7405.31 3430.48 38138.6 22081.6 18802.4 15999.1 10687.6 5311.42 2803.32
internal_count=526759 466621 60138 43051 447193 19428 437239 411136 349289 26103 16394 61847 5246 3467 9948 44436 340904 316383 311079 118868 192211 34550 16124 182094 107760 91803 79648 51877 27771 12155
is_linear=0
shrinkage=0.05


Tree=62
num_leaves=31
num_cat=0
split_feature=20 32 32 12 43 32 34 32 32 34 43 32 12 28 13 34 43 28 43 34 10 43 43 1 28 26 38 34 12 10
split_gain=161.317 157.032 178.878 253.906 237.759 577.427 380.12 224.713 219.16 228.116 204.839 172.718 239.425 202.915 167.808 160.449 156.9 156.401 247.245 165.792 158.959 143.69 231.193 135.074 131.99 129.461 135.064 125.285 136.651 123.155
threshold=0.15761594921369357 3.5000000000000004 8.5000000000000018 0.15000000000000022 1.5000000000000002 5.5000000000000009 3.8426723529032265 6.5000000000000009 10.500000000000002 2.8361459037824157 3.5000000000000004 1.5000000000000002 1.4214285714285724 -0.07103949372021523 0.077503861988249143 4.1067667435187873 1.5000000000000002 0.051337439119425753 5.5000000000000009 3.2430803944720448 0.034823396703241645 1.5000000000000002 3.5000000000000004 -0.14409423273689201 0.10022553179885109 0.19053835633470101 -0.082986124673437842 3.6724951675895521 0.22857142857142812 0.017560195188426723
decision_type=8 2 2 8 2 2 2 2 2 2 2 2 8 10 10 2 2 10 2 2 8 2 2 8 10 8 10 2 10 10
left_child=-1 11 3 15 5 -5 25 17 14 -10 -9 13 29 -2 27 -3 -11 20 19 -19 -6 23 -23 -14 -12 -7 -27 28 -4 -13
right_child=1 2 8 4 7 6 -8 10 9 16 24 12 21 -15 -16 -17 -18 18 -20 -21 -22 22 -24 -25 -26 26 -28 -29 -30 -31
leaf_value=-0.01584223537537665 0.034156975127723352 0.04346005847758215 -0.030385055210306933 0.031004873354862073 -0.0054551483239573323 -0.05332442888561674 0.019814566221905684 0.017136040112967616 0.013484029203164086 -0.014816132193010603 0.00042575187970343362 -0.025925631670296823 0.058530419824114138 8.4480899485980671e-05 0.014286165576278277 -0.01504993408152395 0.0014221587644013709 0.029504082927248994 -0.023527239052744415 0.0050584249557365513 0.0091504486143096555 0.012091411985717034 -0.007212870431177321 -0.02169354613854417 0.011690474320155166 0.020293273470517629 -0.023487581994092094 -0.011015372351650163 -0.0011196999639332768 -0.0099617769375296844
leaf_weight=1596.6105524003506 457.32658852636814 607.52124285697937 417.91269923374057 2343.3292916938663 15755.068317785859 262.6276148930192 935.65704501420259 3272.6030232086778 3726.0598877966404 1656.3067416548729 10437.897910453379 1553.0620198361576 55.347203880548477 9814.6667781658471 1035.7492912560701 145.1685209646821 14603.444109715521 1016.009365029633 548.08363726735115 2185.6211154088378 2112.6899648606777 3077.9000110402703 3126.4059803411365 1008.9339704141021 3463.1850372627378 224.63730169832706 816.32955092191696 7990.2203076928854 8759.9816634394228 5439.8509545773268
leaf_count=10529 2053 3093 2770 10123 75632 1151 3863 14617 16479 8565 46142 12201 231 48399 4342 851 67010 4401 2267 9758 8729 17115 17274 5421 14882 935 3389 41879 41780 30839
internal_value=-6.64787e-05 0.000169252 0.00121569 0.00338404 0.00288441 0.0136549 -0.00450142 0.00161204 -0.00128974 0.00232518 0.00588165 -0.00334183 -0.00690227 0.00160145 -0.00525851 0.0321755 -0.000231962 -0.0017799 0.00750386 0.012816 -0.00372818 -0.000547846 0.00236381 -0.0175216 0.00323214 -0.0219543 -0.0140398 -0.00643764 -0.00245229 -0.0135072
internal_weight=108446 106850 82316.1 44126.4 43373.7 4582.58 2239.25 38791.2 38189.7 19985.8 17173.7 24533.5 14261.5 10272 18203.9 752.69 16259.8 21617.5 3749.71 3201.63 17867.8 7268.59 6204.31 1064.28 13901.1 1303.59 1040.97 17168.1 9177.89 6992.91
internal_count=526720 516191 382658 199833 195889 19461 9338 176428 182825 92054 75641 133533 83081 50452 90771 3944 75575 100787 16426 14159 84361 40041 34389 5652 61024 5475 4324 86429 44550 43040
is_linear=0
shrinkage=0.05


Tree=63
num_leaves=31
num_cat=0
split_feature=20 32 34 32 34 28 43 38 9 7 34 32 32 28 13 26 32 43 32 34 32 43 13 32 26 9 6 7 34 8
split_gain=153.894 158.468 161.903 152.911 189.822 167.083 150.907 234.071 149.385 143.497 125.062 119.998 169.848 160.306 129.179 116.211 115.481 286.338 405.293 290.179 223.532 222.419 136.547 131.32 177.799 128.078 123.849 123.636 116.193 123.491
threshold=0.069576914817035027 3.5000000000000004 3.1023394836721541 1.5000000000000002 4.4278359924917341 -0.084019382244942972 2.5000000000000004 -0.037120616065770599 0.015641602412628932 -0.33499886518384014 7.0054263020428182 10.500000000000002 9.5000000000000018 0.20150621359754742 0.01326579874141799 0.56966578693599967 8.5000000000000018 1.5000000000000002 5.5000000000000009 3.7530265867549524 6.5000000000000009 3.5000000000000004 0.074542036174346835 11.500000000000002 0.44608039710839203 0.010902837513771555 25.675882901536557 -0.12654525596666596 4.1720766135341369 0.34423357027336982
decision_type=8 2 2 2 2 10 2 8 8 10 2 2 2 10 10 8 2 2 2 2 2 2 10 2 8 8 10 10 2 10
left_child=-1 3 6 5 8 -2 7 9 -5 -3 16 12 13 14 -8 -6 17 18 -4 -20 -19 27 23 25 -25 -18 -23 -22 29 -28
right_child=1 2 10 4 15 -7 11 -9 -10 -11 -12 -13 -14 -15 -16 -17 22 20 19 -21 21 26 -24 24 -26 -27 28 -29 -30 -31
leaf_value=-0.019939035452083115 0.040050922209178844 0.023134168332416414 0.034196213106206817 -0.021856103326476806 -0.0053627676534536237 0.00027465345544334203 0.0368872748773834 -0.0098297506344620783 -0.0070801096749656652 0.0025616398715046355 -0.01384566976152013 0.01663815649582169 -0.010653200906725696 0.032909540986445947 0.0051460554752594404 0.012388961286036358 -0.020129543369662571 -0.0036378218861572672 -0.026333296160255593 0.016177433160870947 0.028145389300561704 -0.024321835473679235 0.011621883613434927 0.012483353702635938 -0.0039555609715932905 -0.0041904697361489661 -0.0055597266560610849 0.005127096855995634 0.0099652928889214024 0.012992830168770429
leaf_weight=956.6142581962049 271.13759671151638 1001.4259545356035 1606.6785301566124 2144.9041472710669 1936.6818228177726 10047.315155863762 331.70526705682278 3847.634724907577 8446.8104698807001 5519.2338309586048 1635.0149621739984 3055.944295540452 1426.8258225768805 596.40599396824837 9523.7936720848083 1759.5965774208307 1364.4632674045861 14249.360348608345 673.46536327898502 993.7934313416481 1482.3273577839136 421.4211477637291 1668.6847097575665 2778.6955433487892 4030.9525473900139 16516.173518307507 4065.3517227992415 961.92687433212996 3873.3129999861121 1150.8701917231083
leaf_count=6363 1178 4307 6903 16126 12617 49695 1688 19081 46433 24506 9170 13247 6603 2633 41618 8517 10353 67917 2868 4095 6494 1933 6983 13419 17530 80054 17922 4507 17376 4909
internal_value=2.67613e-05 0.000204627 0.00125187 -0.00331828 -0.00666784 0.00131985 0.00458453 -4.9752e-05 -0.0100724 0.00572112 -0.000215371 0.00780185 0.00552861 0.00773764 0.00621437 0.00308786 0.000183747 0.00233392 0.0162754 -0.000994168 0.0005921 0.00563372 -0.0022209 -0.00315646 0.00275238 -0.00540677 0.00217641 0.0190866 0.00340496 -0.00146642
internal_weight=108339 107382 82775.5 24606.4 14288 10318.5 25303 10368.3 10591.7 6520.66 57472.5 14934.7 11878.7 10451.9 9855.5 3696.28 55837.5 29478.5 3273.94 1667.26 26204.6 11955.2 26359 24690.3 6809.65 17880.6 9510.96 2444.25 9089.53 5216.22
internal_count=527045 520682 386116 134566 83693 50873 113683 47894 62559 28813 272433 65789 52542 45939 43306 21134 263263 134924 13866 6963 121058 53141 128339 121356 30949 90407 42140 11001 40207 22831
is_linear=0
shrinkage=0.05


Tree=64
num_leaves=31
num_cat=0
split_feature=37 14 10 7 5 33 33 33 33 33 33 32 34 8 43 43 33 33 32 33 12 33 33 34 33 32 33 12 33 38
split_gain=157.26 151.169 146.244 137.646 148.892 224.57 549.575 246.334 239.454 289.017 239.011 207.502 228.226 201.699 178.214 164.335 159.963 322.865 153.288 148.829 197.227 138.404 439.764 341.94 308.875 281.609 224.969 174.563 214.611 269.916
threshold=-0.082583291564645764 1.0000000180025095e-35 0.0075109496556398933 -0.019759223332233119 -0.072182975323361973 3425.5000000000005 2653.5000000000005 2696.5000000000005 2432.5000000000005 2067.5000000000005 2726.5000000000005 10.500000000000002 2.0173105483711491 0.13461538461538472 1.5000000000000002 3.5000000000000004 521.50000000000011 628.50000000000011 5.5000000000000009 2863.5000000000005 1.0000000180025095e-35 1801.5000000000002 1351.5000000000002 3.6191474583867151 740.50000000000011 10.500000000000002 682.50000000000011 0.83571428571428619 3723.5000000000005 -0.011743060979311158
decision_type=8 8 8 10 8 2 2 2 2 2 2 2 2 10 2 2 2 2 2 2 10 2 2 2 2 2 2 10 2 10
left_child=1 -1 -2 4 5 6 8 13 9 16 -9 12 -11 -8 -12 -7 -4 -18 -10 -16 -21 22 24 25 26 -24 -6 28 -23 -30
right_child=2 -3 3 -5 21 15 7 10 18 11 14 -13 -14 -15 19 -17 17 -19 -20 20 -22 27 23 -25 -26 -27 -28 -29 29 -31
leaf_value=0.012334082638093789 -0.020628847037457862 -0.00169755777236732 0.0067436243872683018 0.0052480623053951618 -0.00076471574854382503 -0.0032971559346040361 0.070220142027699592 -0.038634737784869692 0.026332702693145124 -0.046697067042008565 -0.013635197118733648 0.037582448223408491 0.011883758213222521 -0.0012885768523798239 0.03908542852198274 -0.031948743583163124 -0.025954740502494369 -0.0011272564189566451 -0.018883517852456767 -0.06426173652589097 0.017042854164653221 -0.012987657860352057 0.014018627922087355 -0.001418070649561229 -0.010598841898903951 0.049797098754585101 0.023123340619034899 -0.0026394345516207269 0.15154360852590429 -0.017238179482730546
leaf_weight=4874.6200871989131 890.7064237780869 3166.2949151992798 5064.7557465359569 10119.303007014096 12317.838892564178 1352.4516587257385 367.87269356101751 204.64240277558565 204.69040849804878 177.33357904851437 437.65947103500366 763.84087288379669 2663.1288405954838 134.72541660070419 811.2313501611352 794.44003714621067 1450.4251543134451 13474.501551479101 2224.0056209340692 76.442900970578194 3075.9555352181196 6900.3491490669549 3683.854150056839 3648.1540645286441 9618.1238601729274 646.49277145415545 1071.3235235214233 17821.7342482768 44.986292488873005 50.031304646283388
leaf_count=21630 10947 13573 21910 46148 58540 7237 1658 1038 949 746 1886 3268 11890 599 4097 4011 7110 63675 10240 428 13765 38468 17144 19021 49302 2922 4556 89108 343 527
internal_value=8.13973e-05 0.0068088 -0.000459056 -0.000277954 -0.000905691 0.00174136 0.00281999 0.0178139 -0.000123461 0.00141537 0.014187 0.0144477 0.00822648 0.0510517 0.016643 -0.0138994 -0.000934473 -0.00354003 -0.0150727 0.0199862 0.0150713 -0.00248426 -0.000255773 0.00985933 -0.00376351 0.0193601 0.00114667 -0.00526668 -0.01196 0.0626719
internal_weight=108132 8040.92 100091 99200.3 89081 33278.1 31131.2 5108.53 26022.7 23594 4605.93 3604.3 2840.46 502.598 4401.29 2146.89 19989.7 14924.9 2428.7 3963.63 3152.4 55802.9 30985.8 7978.5 23007.3 4330.35 13389.2 24817.1 6995.37 95.0176
internal_count=526736 35203 491533 480586 434438 154507 143259 23471 119788 108599 21214 15904 12636 2257 20176 11248 92695 70785 11189 18290 14193 279931 151485 39087 112398 20066 63096 128446 39338 870
is_linear=0
shrinkage=0.05


Tree=65
num_leaves=31
num_cat=0
split_feature=37 19 14 6 33 33 33 33 33 33 28 34 32 32 33 33 5 32 34 12 26 33 33 32 10 33 34 10 28 28
split_gain=146.014 153.303 136.189 120.256 110.619 293.302 197.45 161.801 238.143 163.346 202.406 287.561 168.695 154.668 172.089 184.361 293.187 229.327 174.807 145.622 141.158 129.315 185.504 265.381 128.211 115.347 111.59 108.436 108.725 102.424
threshold=-0.074749871209532678 -0.39785556855608478 1.0000000180025095e-35 31.88968548099955 1365.5000000000002 1569.5000000000002 1512.5000000000002 740.50000000000011 682.50000000000011 534.50000000000011 0.019679760777359102 4.9469852039221438 6.5000000000000009 8.5000000000000018 2529.5000000000005 3244.5000000000005 -0.031758428531057807 3.5000000000000004 4.5277488930852572 1.5571428571428583 0.081834357813005507 2296.5000000000005 2279.5000000000005 5.5000000000000009 0.018782564764720198 2143.5000000000005 2.9575076874722881 0.022209161189026393 0.023496401822709099 0.26397802971823542
decision_type=8 8 8 10 2 2 2 2 2 2 8 2 2 2 2 2 10 2 2 10 10 2 2 2 10 2 2 10 10 8
left_child=2 3 -1 -2 7 6 -6 8 9 10 -3 29 -11 14 21 16 18 -18 -16 27 -17 22 23 -7 -10 26 -25 28 -8 -12
right_child=1 4 -4 -5 5 13 19 -9 24 12 11 -13 -14 -15 15 20 17 -19 -20 -21 -22 -23 -24 25 -26 -27 -28 -29 -30 -31
leaf_value=0.010290559777519012 -0.0086027771124008428 0.010966595743134468 -0.0019383322276303417 -0.0015796413131271836 0.008452710916654246 -0.0083742840245970389 0.010496412638303842 -0.0062936485179782209 0.045124974248651493 -0.023155898182772569 -0.0057469684738954288 0.022161827267529573 0.0032627542480733645 -0.0039888309503379174 0.0360216938942962 -0.041496613593901929 -0.013694846525613386 0.013710967925668786 0.0045816622564261956 0.0095531184887366546 0.0021054772702676682 -0.0099907954604876864 0.037555938040387586 0.029711873793685225 0.011043476295067474 -0.020602846345829401 0.0081307249582406108 0.028158905388272107 0.079440625398314063 -0.028582267368034028
leaf_weight=6268.5494270250201 7369.9329498410225 4372.5102792233229 3575.1937759369612 35238.114111110568 2534.3793039396405 3601.830871488899 71.060723103582859 9859.7207434177399 434.54787238687277 1368.3955400213599 4051.2171282619238 915.66641445457935 1082.078608520329 9131.651087667793 1729.7245680093765 196.83779589831829 1110.5023458972573 2441.6137977987528 593.91698710992932 418.75047071278095 3257.7155685462058 2706.8179519921541 365.00670240074396 828.33828441798687 756.08117615431547 260.18160276114941 2163.2829890921712 395.61887368559837 292.82648729532957 558.78378194570541
leaf_count=28118 42049 19908 15350 173008 11515 19400 372 48183 1897 6854 17738 4128 4698 45377 8451 1767 6128 11096 2817 1925 16678 13160 1666 3418 3120 1133 9852 1753 1355 3481
internal_value=4.38047e-05 -0.000538679 0.00584909 -0.00279444 0.00119312 0.00309897 0.0163149 -0.00142142 0.00212668 6.76185e-05 0.00292891 -0.00343138 -0.01149 0.00137054 0.00391211 0.00878732 0.0141765 0.00514306 0.0279857 0.033226 -0.000378936 -0.000670779 0.002824 0.000974272 0.0234823 0.0113291 0.0141062 0.046278 0.065977 -0.00851486
internal_weight=107951 98107.1 9843.74 42608 55499.1 32100.1 3712.64 23399 13539.3 12348.7 9898.18 5525.67 2450.47 28387.4 19255.8 9330.31 5875.76 3552.12 2323.64 1178.26 3454.55 9925.46 7218.64 6853.63 1190.63 3251.8 2991.62 759.506 363.887 4610
internal_count=526395 482927 43468 215057 267870 157863 16920 110007 61824 56807 45255 25347 11552 140943 95566 46937 28492 17224 11268 5405 18445 48629 35469 33803 5017 14403 13270 3480 1727 21219
is_linear=0
shrinkage=0.05


Tree=66
num_leaves=31
num_cat=0
split_feature=10 0 5 28 43 34 7 13 5 14 37 32 32 39 43 10 25 9 32 43 34 13 34 32 12 32 32 43 34 12
split_gain=136.278 119.637 114.398 107.313 104.417 101.836 87.4338 99.9947 90.5489 120.746 108.322 106.618 146.121 144.041 170.264 110.026 106.302 92.2228 90.4517 199.702 152.718 84.0419 83.0014 77.9445 144.828 103.426 109.647 155.447 122.085 105.675
threshold=0.011065173719388798 0.083832335329341437 -0.24402322125512374 0.032320290848079046 2.5000000000000004 5.2135761010713342 -0.044444444444444446 0.0017404590294615274 -0.072182975323361973 1.0000000180025095e-35 -0.074749871209532678 6.5000000000000009 8.5000000000000018 1.0000000180025095e-35 1.5000000000000002 0.031775644949067185 0.244746043430254 0.004092341401593807 9.5000000000000018 3.5000000000000004 3.3371023181327701 0.017761868522336605 4.0951772018816319 4.5000000000000009 1.0928571428571445 8.5000000000000018 10.500000000000002 2.5000000000000004 7.611471342049474 1.5071428571428578
decision_type=8 10 8 10 2 2 10 10 8 10 8 2 2 10 2 10 10 10 2 2 2 10 2 2 8 2 2 2 2 10
left_child=4 2 3 -2 -1 -6 8 -8 9 11 22 13 -13 14 16 -16 -4 -14 19 -19 -21 -3 -10 24 -12 -25 -27 28 -28 -29
right_child=1 21 6 -5 5 -7 7 -9 10 -11 23 12 17 -15 15 -17 -18 18 -20 20 -22 -23 -24 25 -26 26 27 29 -30 -31
leaf_value=-0.020096354785012691 0.008713861230587587 0.058148168592880849 -0.0091124795435866424 -0.0093150835946756421 0.0060654987778805472 -0.016595843847498012 -0.065324837699737792 0.0030478272581013874 0.010998038745838913 -0.0066962337435695646 -0.013179170589351885 0.013426724582701581 -0.037248053826063693 -0.012936348249160949 -0.0025576471337515967 0.014454273246154252 0.023594668630395471 -0.033189014058402293 0.0050214799315305746 0.02814149212793593 -0.015241300474815542 0.009985176886229314 -0.0045280008331147368 0.0013626153423195717 -0.0023145886883678243 -0.0083310637021150515 -0.0076913253072492353 0.014035373989798107 0.10417869132049476 -0.001780859899939161
leaf_weight=1438.8759329542518 5969.9739586636424 94.975476950407028 311.53114955127239 957.79967356473207 1295.1858229599893 803.19587375968695 53.645521312952042 16838.549082972109 2484.9065752699971 4358.7135350480676 4931.9510140344501 4096.1054451838136 148.56109030544758 2039.9931269362569 9439.1849014312029 1056.866524271667 1226.3681732788682 528.66256753727794 6337.5261158421636 402.9866404235363 408.49080101400614 1954.9478593915701 1317.0440321415663 14060.221165090799 8113.4554321989417 8785.4033727198839 4288.85178854689 2197.3578485846519 24.527320370078087 2033.4077758267522
leaf_count=15495 25354 406 1417 4034 9181 6380 315 77718 11443 18695 29551 18054 996 9674 47419 4477 5430 2612 28488 1816 1971 8268 5840 61974 43447 46190 21633 9837 119 8781
internal_value=-7.01703e-05 0.000256663 1.72678e-05 0.00622127 -0.0097222 -0.00260857 -0.000432858 0.00283069 -0.00113431 0.00100512 -0.00248062 0.00229638 0.00577541 -0.000650777 0.00143187 -0.000844686 0.0169692 0.00177085 0.00252586 -0.00927595 0.00630297 0.0122166 0.00561962 -0.00317369 -0.00642206 -0.00182369 -0.00440888 -0.000375954 -0.00705519 0.00643371
internal_weight=107999 104462 102412 6927.77 3537.26 2098.38 95484.3 16892.2 78592.1 30355 48237.1 25996.3 11922.3 14073.9 12034 10496.1 1537.9 7826.23 7677.67 1340.14 811.477 2049.92 3801.95 44435.2 13045.4 31389.8 17329.5 8544.14 4313.38 4230.77
internal_count=527015 495959 487285 29388 31056 15561 457897 78033 379864 141049 238815 122354 53937 68417 58743 51896 6847 35883 34887 6399 3787 8674 17283 221532 72998 148534 86560 40370 21752 18618
is_linear=0
shrinkage=0.05


Tree=67
num_leaves=31
num_cat=0
split_feature=35 35 38 13 32 32 7 32 34 9 34 8 12 29 32 26 9 43 32 34 32 13 32 12 12 43 34 43 34 26
split_gain=136.227 185.045 112.914 111.16 183.98 174.617 94.3068 93.0058 115.677 103.582 338.021 89.4027 88.698 84.7731 87.9542 91.024 150.967 119.05 86.002 158.487 109.563 129.835 113.715 98.2951 88.0769 102.398 87.1972 140.792 101.443 78.1593
threshold=-0.0058997050147688293 0.016949152542341309 -0.071324393853421528 0.0017404590294615274 7.5000000000000009 6.5000000000000009 -0.36819512545575372 2.5000000000000004 4.6254627692274459 1.0000000180025095e-35 3.9991172922100291 0.21337287977415367 0.15000000000000022 0.2639487386133384 11.500000000000002 0.45014675377213148 0.020845016050221609 2.5000000000000004 8.5000000000000018 3.6724951675895521 5.5000000000000009 0.034460876353700383 1.5000000000000002 2.0233178571428598 14.707142857142857 6.5000000000000009 4.2731876118298775 1.0000000180025095e-35 7.0912844318686004 0.62027150981471302
decision_type=10 10 8 10 2 2 8 2 2 8 2 8 8 10 2 8 10 2 2 2 2 10 2 10 10 2 2 2 2 10
left_child=2 3 -1 4 5 7 -3 -2 9 10 -9 -7 -5 14 18 17 -17 -16 20 23 21 22 24 -20 25 -14 27 -22 -28 -18
right_child=1 6 -4 12 -6 11 -8 8 -10 -11 -12 -13 13 -15 15 16 29 -19 19 -21 26 -23 -24 -25 -26 -27 28 -29 -30 -31
leaf_value=0.010364835195792288 -0.036124320153850573 0.025510995268690134 0.0015565186046071313 0.022356480176981833 -0.029115512808066651 0.039707038749615474 0.0032907721054492717 -0.0077921724590951083 -0.036003380631427141 0.0017526649664738143 0.27358560941235954 -0.031187462625208402 -0.002565816155727505 0.010010266259780883 -0.0036370297494191517 -0.031796432011639765 0.014337184210332804 0.017990250554530584 -0.0020829509697442164 -0.010425961046615407 -0.024688629811129837 0.0005623358776883408 -0.0092065988093441679 0.023206191302097709 0.035731725971047047 0.039086333221388825 0.009048897708274042 0.00060096176175242699 -0.018550631884525409 -0.002889472618583373
leaf_weight=4922.2443368919194 275.37659393250942 492.1868851929903 13948.615422639996 385.99103686958551 983.33314737677574 303.60734241455793 16017.86784119904 35.851396251469851 198.70573455095291 592.91717528551817 15.198097895830868 52.101178973913193 3315.3268560804427 1517.3777497261763 979.88032883405685 371.21895705163479 906.86170633137226 1814.7672668471932 9154.1675048656762 8433.9964978992939 576.54509046673775 11410.813590079546 10625.034271918237 401.07586722075939 174.10844527930021 154.42837305366993 4829.6734884902835 12111.008181899786 357.58388457074761 2403.6806225627661
leaf_count=22301 3359 2075 68339 2304 9484 1567 73146 351 1309 2837 142 248 17159 6400 4768 1792 3881 8123 43745 43676 2384 53692 62505 1720 947 770 22233 53181 1904 10131
internal_value=-4.29424e-06 -0.000823397 0.00385407 -0.00191294 -0.0123658 -0.0011899 0.00395319 -0.0108976 -0.00265379 0.00763674 0.0759777 0.029323 -0.00154563 -0.0016783 -0.00193905 0.00360343 -0.00156093 0.0104071 -0.0025223 -0.00543062 -0.00132108 -0.00341332 -0.00659264 -0.00102145 0.00102932 -0.000712004 0.00168471 -0.000548242 0.00714632 0.00182945
internal_weight=107762 88890.7 18870.9 72380.6 2457.09 1473.76 16510.1 1118.05 842.672 643.967 51.0495 355.709 69923.5 69537.5 68020.2 6476.41 3681.76 2794.65 61543.8 17989.2 43554.5 25679.7 14268.9 9555.24 3643.86 3469.76 17874.8 12687.6 5187.26 3310.54
internal_count=526473 435833 90640 360612 19297 9813 75221 7998 4639 3330 493 1815 341315 339011 332611 28695 15804 12891 303916 89141 214775 135073 81381 45465 18876 17929 79702 55565 24137 14012
is_linear=0
shrinkage=0.05


Tree=68
num_leaves=31
num_cat=0
split_feature=10 37 0 25 35 1 1 28 7 19 34 13 8 13 34 10 5 11 26 22 11 25 12 7 5 25 11 34 10 20
split_gain=126.234 119.936 116.791 114.575 108.086 97.8882 89.8395 87.2364 85.0695 71.9843 60.0313 58.458 56.1375 86.2547 66.0963 66.2007 58.1981 55.7528 55.6342 64.514 51.0947 48.3101 47.1252 46.0643 101.243 54.751 52.4122 52.2783 50.9505 44.8624
threshold=0.0068761346538313639 -0.092362208741296123 0.0053238686779059083 0.23696347891566266 -0.0036101083032759602 -0.03225806451612883 0.22599528548978523 -0.073806530648865595 -0.49399119937281527 -0.20437116788144982 2.5055176070587919 0.037551033166926769 0.11824758563190442 0.0017404590294615274 5.3888433671726599 0.024990156646980097 -0.07377049180327859 1.1224016456365746 0.045580226545374004 0.21892290602384315 0.25193962977771822 0.11605619210141395 0.15000000000000022 -0.054901588294892383 -0.070743924579478687 0.57339302090325517 1.6737331393215327 5.6579130257744339 0.021252226380760093 0.90444734534519577
decision_type=8 8 8 10 10 10 10 8 8 10 2 10 10 10 2 8 8 10 10 10 8 10 8 10 8 10 10 2 10 8
left_child=3 5 4 -1 -3 7 22 -2 11 12 -11 -6 13 14 -10 -16 21 -7 -14 -20 -21 -15 -4 24 26 -25 -24 28 -27 -9
right_child=1 2 6 -5 8 17 -8 29 9 10 -12 -13 18 16 15 -17 -18 -19 19 20 -22 -23 23 25 -26 27 -28 -29 -30 -31
leaf_value=0.01761404779003314 0.01830926008947904 0.0018721291455344607 0.033532141005527254 -0.032262027943629284 -0.064389631344432527 0.0058535129281387897 0.024072153952200553 0.0096137628796518371 -0.022747166719795802 0.0086539081764855606 -0.0011094806230548798 0.0063352560568685967 -0.035547811280967678 -0.0099286098561618616 -0.0096087763909244797 0.07852250502250957 -0.0077924318262269704 -0.011078451168231897 0.021387506119994265 0.04791590380748123 -0.0019175668588451115 -0.0002523600357464913 0.0038650606154983108 0.011627373909004481 -0.0026207983147342245 -0.0042336600412660403 0.076926288416935912 0.013797186437497539 0.004103775442050513 -0.0052525963120827546
leaf_weight=146.79404243081808 2106.5152270272374 16987.060297384858 116.02668818086386 534.07289660349488 93.379500359296799 989.65082588046789 455.50929953157902 1346.3525822162628 1049.4297661073506 1736.8121925368905 16836.89882138744 42.521768510341644 118.12765310704708 1581.0659168064594 61.300160940736532 32.660943083465099 8974.6515949033201 955.64239963889122 311.43036064505577 51.676904946565628 11069.541207686067 7004.9534470327199 10235.234345369041 2050.5673866048455 12847.865522008389 2751.7416353225708 24.606013536453247 934.51300307363272 5484.7849720716476 814.4663423448801
leaf_count=1437 9239 83349 584 7568 386 4286 1916 5808 8321 8018 81696 177 705 7038 547 171 50869 4138 1491 303 51010 33608 46403 9970 62229 13630 107 4368 23881 3458
internal_value=-4.77902e-05 8.86886e-05 -0.000326662 -0.0215088 -0.00156442 0.00683126 0.00201231 0.0110688 -0.00275665 -0.00264671 -0.000196514 -0.0422607 -0.0041509 -0.00584343 -0.01915 0.0210257 -0.00497703 -0.00246446 -0.0014102 -0.00105747 -0.00168601 -0.00203419 0.00172059 0.00161307 0.000336727 0.00424135 0.00404028 0.0025899 0.00131832 0.00401026
internal_weight=107746 107065 100852 680.867 65951.5 6212.63 34900.8 4267.33 48964.5 48828.5 18573.7 135.901 30254.8 18704.1 1143.39 93.9611 17560.7 1945.29 11550.8 11432.6 11121.2 8586.02 34445.3 34329.3 23107.7 11221.6 10259.8 9171.04 8236.53 2160.82
internal_count=526711 517706 490777 9005 327689 26929 163088 18505 244340 243777 89714 563 154063 100554 9039 718 91515 8424 53509 52804 51313 40646 161172 160588 108739 51849 46510 41879 37511 9266
is_linear=0
shrinkage=0.05


Tree=69
num_leaves=31
num_cat=0
split_feature=10 3 14 7 32 34 32 43 1 10 43 26 34 43 7 39 12 32 11 13 10 32 43 34 32 32 43 12 13 7
split_gain=114.101 96.9784 118.246 94.7249 96.4015 151.189 168.435 211.668 158.257 124.288 121.246 112.547 112.374 125.532 162.944 107.702 105.25 102.276 102.871 94.4564 88.7349 87.8775 193.781 303.028 218.733 175.686 164.966 172.433 137.059 106.356
threshold=0.0085406396493599192 -0.12186379928315415 1.0000000180025095e-35 -0.49399119937281527 3.5000000000000004 4.4875121511018561 1.5000000000000002 2.5000000000000004 0.005333333333333524 0.01970229377370793 1.5000000000000002 0.43789834774489511 3.1376634167284494 2.5000000000000004 -0.12462609784829197 1.0000000180025095e-35 1.2928571428571438 11.500000000000002 1.6737331393215327 0.015280526728370462 0.051325423161646587 8.5000000000000018 1.0000000180025095e-35 3.9617646446706218 5.5000000000000009 6.5000000000000009 3.5000000000000004 1.3214285714285723 0.039744987910162281 -0.15019718409996288
decision_type=8 10 8 8 2 2 2 2 10 8 2 8 2 2 8 10 10 2 8 10 10 2 2 2 2 2 2 8 10 10
left_child=-1 2 -2 20 5 6 7 15 -9 -8 -7 -10 13 14 -6 -5 -17 18 19 -15 -3 22 23 24 -14 -24 29 -28 -25 -27
right_child=1 3 -4 4 12 10 9 8 11 -11 -12 -13 21 17 -16 16 -18 -19 -20 -21 -22 -23 25 28 -26 26 27 -29 -30 -31
leaf_value=-0.014796221386651029 0.013517559079746388 -0.035859542380551508 -0.00068628554386611395 0.021161275480741894 0.0031447935788184202 -0.018544211552591512 -0.019182495959656959 -0.013295413377031355 0.017784271886585521 -0.0062704290595663962 0.0065583125801011825 -0.0038144867634293577 0.020122014241981442 0.023426354469060877 -0.011004416743926111 -0.019686396766206357 0.024023532172417515 0.01757432791778794 0.059758531148762339 0.0035710808318854441 0.061479450800475614 -0.0027659735992809457 -0.0036495053983994761 0.048301719917556288 -0.024617057242406246 0.027459495976548728 -0.0090314354851332209 0.0060084221411761543 0.014761207260501848 0.0064949614788258545
leaf_weight=1284.9316960573196 2942.6750207617879 283.37440776824951 2918.4743721485138 1475.692759282887 7255.6349955871701 531.53433541953564 2534.2764753103256 2745.4695053249598 935.72806499153376 7043.5727416872978 5062.8688080012798 1696.9074826985598 509.40817575156689 628.92645422369242 2827.7813411131501 383.44827530533075 214.910359993577 1797.9867938756943 84.814258500933647 12584.007539220154 25.52189314365387 24345.614715080708 14142.647323004901 639.31165325641632 589.18202365934849 1129.2011070996523 2700.6410072669387 6475.0921710431576 581.73964409530163 1303.1096327081323
leaf_count=15069 12931 1178 13224 7031 32327 2771 19146 13377 4628 39167 27098 7445 2202 3201 14295 1932 968 7889 355 55454 106 118858 67050 2647 2451 4968 12213 28194 2371 6029
internal_value=1.42009e-05 0.000193075 0.00644496 -0.000171431 -8.62214e-05 -0.00295809 -0.00530076 0.000336546 -0.00489647 -0.00968693 0.00417328 0.00386245 0.000751129 0.00349647 -0.000823194 0.013906 -0.00398726 0.00638185 0.00486852 0.00451618 -0.0278171 -0.000567656 0.00133896 0.0151805 -0.00387188 9.21022e-05 0.00465069 0.00158183 0.0323222 0.0162278
internal_weight=107674 106390 5861.15 100528 100220 22624.4 17030 7452.16 5378.11 9577.85 5594.4 2632.64 77595.1 25179.2 10083.4 2074.05 598.359 15095.7 13297.7 13212.9 308.896 52415.9 28070.3 2319.64 1098.59 25750.7 11608 9175.73 1221.05 2432.31
internal_count=526575 511506 26155 485351 484067 123563 93694 35381 25450 58313 29869 12073 360504 113521 46622 9931 2900 66899 59010 58655 1284 246983 128125 9671 4653 118454 51404 40407 5018 10997
is_linear=0
shrinkage=0.05


Tree=70
num_leaves=31
num_cat=0
split_feature=10 1 2 33 33 8 7 33 33 33 33 12 28 34 33 33 33 33 34 32 5 33 32 33 33 12 33 43 10 33
split_gain=115.291 106.253 99.653 95.9301 228.228 102.528 92.2309 93.4005 388.095 306.615 266.327 269.996 244.852 282.197 232.107 349.346 245.256 258.654 218.343 212.622 204.008 197.184 196.892 300.538 495.949 220.393 213.662 211.756 173.225 171.468
threshold=0.010820674109511643 0.22599528548978523 -0.10071244661962785 3261.5000000000005 3124.5000000000005 0.083835797615523636 -0.49399119937281527 1351.5000000000002 1569.5000000000002 534.50000000000011 1485.5000000000002 1.0000000000000002 0.031525648276311678 4.9239874213029351 640.50000000000011 740.50000000000011 847.50000000000011 1310.5000000000002 2.0856528016791152 8.5000000000000018 -0.16602316602316572 363.50000000000006 10.500000000000002 1962.5000000000002 2279.5000000000005 0.65714285714285803 2653.5000000000005 2.5000000000000004 0.029855681507735102 2233.5000000000005
decision_type=8 10 8 2 2 10 8 2 2 2 2 10 8 2 2 2 2 2 2 2 10 2 2 2 2 10 2 2 10 2
left_child=3 2 -2 4 -1 -6 -4 9 10 12 -9 -12 21 -14 -11 -16 18 -18 -17 20 -10 -8 25 27 29 -21 -26 -24 -29 -25
right_child=1 -3 6 -5 5 -7 7 8 19 14 11 -13 13 -15 15 16 17 -19 -20 22 -22 -23 23 24 26 -27 -28 28 -30 -31
leaf_value=-0.010157272627582266 0.0081454784390640189 0.024222108796870548 -0.025660815994183024 -0.027538958044325181 0.060725158444785016 -0.012238175653960973 0.0031976302769060588 0.0043587484731274035 0.011563403245649702 -0.017939504131189121 0.042406326964356408 0.01014093409656245 -0.0086928107820719632 0.017839342814317909 0.011514469909245095 0.080635188852085815 -0.0016215995450490719 -0.025068478823788307 -0.020636245604763234 -0.025675480609584234 0.00044539724300883207 0.017791033243257214 0.001605561051725259 0.0070250875358054731 -0.017497539909716194 -0.0060284308589822313 0.0039688462057549416 -0.044452314381311697 0.0050785794084906542 0.040307324421706273
leaf_weight=2312.5437227673829 3672.1544966474175 456.8289412856102 355.56459912657738 599.61104970052838 176.43627728521824 66.217184439301491 7207.7025860622525 3862.1738265678287 4820.485075250268 3275.2161631882191 1204.461738422513 1404.3381596878171 5836.9720878824592 1209.9227952435613 3226.0104145035148 54.141494929790497 13598.770443849266 1287.5888784602284 3139.6219638064504 1803.1775344721973 28640.431282486767 3409.7359600886703 775.40893983840942 597.34634971618652 1632.3031820058823 6849.233332965523 3999.204445309937 775.5599609464407 228.53769589960575 1098.9175187423825
leaf_count=19066 15925 1925 1478 8378 1135 346 33191 17318 21130 16085 5501 6172 26708 5364 13792 230 66870 6012 15802 10086 141757 15935 3727 2598 7356 34765 18712 3680 940 4704
internal_value=-0.000123262 0.000161249 5.55244e-05 -0.00954038 -0.00531677 0.0408144 -0.000240684 -0.000150242 0.00115778 -0.00193651 0.0126955 0.0250376 0.00308842 -0.00413735 -0.00554745 -0.00364253 -0.00634697 -0.00364963 -0.0189195 -0.000299841 0.00204709 0.00788423 -0.00472168 0.000409777 0.00488577 -0.0101229 -0.00225323 -0.0180217 -0.0331788 0.0285868
internal_weight=107577 104422 103965 3154.81 2555.2 242.653 100293 99937.3 57691.6 42245.7 6470.97 2608.8 17664.3 7046.89 24581.3 21306.1 18080.1 14886.4 3193.76 51220.6 33460.9 10617.4 17759.7 9107.28 7327.77 8652.41 5631.51 1779.51 1004.1 1696.26
internal_count=526688 497763 495838 28925 20547 1481 479913 478435 278446 199989 28991 11673 81198 32072 118791 102706 88914 72882 16032 249455 162887 49126 86568 41717 33370 44851 26068 8347 4620 7302
is_linear=0
shrinkage=0.05


Tree=71
num_leaves=31
num_cat=0
split_feature=19 10 0 34 5 10 34 11 8 5 38 26 10 28 34 10 9 34 12 25 6 20 8 6 10 38 43 10 28 13
split_gain=117.392 139.7 108.934 104.639 93.0906 78.1473 88.16 75.6481 71.0845 70.2114 106.529 79.4594 87.6182 86.6644 165.361 75.7508 74.3695 71.3316 64.8863 62.7834 61.7764 67.1441 59.2601 58.8973 55.896 55.1699 80.5197 55.1048 54.9834 53.9414
threshold=-0.17676206274038744 0.013414337655440686 -0.045454545454545352 2.8478079206112956 0.27698250106700745 0.026235420851931011 7.611471342049474 1.2432752819209265 0.22760463360961583 -0.064788732394366208 0.0022881385325487229 0.63164968873797422 0.030697719267175596 -0.14567262911906861 5.9192969897803644 0.045127636590432084 0.059712377731326809 4.1311582127692708 0.15000000000000022 0.081174821488474644 85.242058606277226 0.47482166337409942 0.01743538358768815 89.383270462263397 0.0085406396493599192 -0.16412053812945968 3.5000000000000004 0.037642572057344233 -0.11140062272520275 0.0084900288394299719
decision_type=10 8 10 2 10 10 2 10 10 10 10 8 8 10 2 10 8 2 10 10 10 10 10 10 10 8 2 10 8 8
left_child=1 8 -3 18 7 -6 20 9 -1 11 15 19 -13 14 17 -11 -15 -14 24 -4 21 -7 -9 28 -2 -20 -27 -24 -5 -18
right_child=3 2 4 23 5 6 -8 22 -10 10 -12 12 13 16 -16 -17 29 -19 25 -21 -22 -23 27 -25 -26 26 -28 -29 -30 -31
leaf_value=-0.010702332365858446 -0.040067137550899093 0.011260718393728107 -0.007630576626261253 0.012091032133129672 0.018947677793814535 0.012819375421626625 0.082183435989394343 -0.016645448181071946 0.09105941666895262 -0.0068583570104244805 0.0010598947092004172 -0.010267874499962816 -0.036532906376263836 0.0013729590889923256 0.10673086388322733 0.014656348368152997 0.076088691612914081 0.00053449587890132602 0.022286081105764525 0.0045478444570546117 0.042437498257515749 -0.0017245940149213726 -0.0032524896408368063 0.015932554342904595 0.033958976077948122 -0.0014269450993300529 0.0087341237241572774 -0.020993671483637386 0.00014599691623268072 0.017504150134589124
leaf_weight=4147.5627091191709 27.736395604908466 1814.3263728320599 1164.8223597556353 989.90863076597452 828.18404316902161 986.96490114182234 34.396352469921112 1212.536597058177 17.232436373829842 11810.666024249047 8972.0477628335357 2695.7519278675318 348.4790945276618 3619.6281880587339 25.813567444682121 423.80641807615757 43.921165719628334 206.81666752696037 482.96623294055462 11570.699331365526 92.146983668208122 4049.7191988825798 5853.6852082237601 625.9720328822732 316.35536285489798 3130.0481406636536 5170.082750916481 473.05869027972221 35944.944707017392 372.73719149827957
leaf_count=33259 419 8051 5133 4639 3921 4303 147 5695 92 63774 43197 12207 2309 15461 129 1777 196 1319 2076 55535 390 17517 27544 2864 1680 14667 22953 1994 171874 1590
internal_value=5.34235e-06 -0.00144328 -0.00079296 0.00189075 -0.00119214 0.00468965 0.00240265 -0.00191435 -0.0102813 -0.00107275 -0.00307834 0.00104867 -0.00310523 0.0010765 -0.0169767 -0.00611308 0.00367564 -0.0227274 0.00669264 0.00343398 0.00186761 0.00112537 -0.00651965 0.000723898 0.0279919 0.0058582 0.0049023 -0.00457902 0.000466142 0.0236797
internal_weight=107453 60765 56600.2 46688 54785.9 5991.41 5163.23 48794.5 4164.8 41255.2 21206.5 20048.7 7313.15 4617.4 581.109 12234.5 4036.29 555.296 9127.19 12735.5 5128.83 5036.68 7539.28 37560.8 344.092 8783.1 8300.13 6326.74 36934.9 416.658
internal_count=526712 305540 272189 221172 264138 26278 22357 237860 33351 202627 108748 93879 33211 21004 3757 65551 17247 3628 41795 60668 22210 21820 35233 179377 2099 39696 37620 29538 176513 1786
is_linear=0
shrinkage=0.05


Tree=72
num_leaves=31
num_cat=0
split_feature=32 33 33 32 33 34 32 13 33 32 33 28 34 28 13 10 32 33 10 32 26 12 34 33 34 33 33 33 34 33
split_gain=117.216 134.316 432.885 462.865 402.271 298.253 221.677 219.372 213.726 327.533 201.864 182.615 158.668 156.824 150.544 149.285 212.171 146.462 146.154 144.568 141.02 136.55 132.612 136.87 148.875 131.544 328.559 268.916 421.89 207.65
threshold=3.5000000000000004 3261.5000000000005 2813.5000000000005 7.5000000000000009 2417.5000000000005 4.3470467063120539 4.5000000000000009 0.019576442000875497 2219.5000000000005 10.500000000000002 3334.5000000000005 -0.069550958763931123 3.3792910951838295 -0.13812608360179696 5.8980598183211455e-18 0.033495505987644052 5.5000000000000009 3723.5000000000005 0.020722986426742505 6.5000000000000009 0.84141089884121534 0.4285714285714291 3.8763952908575412 2529.5000000000005 2.8003208578683441 1874.5000000000002 2053.5000000000005 1384.5000000000002 3.0610489973715933 547.50000000000011
decision_type=2 2 2 2 2 2 2 10 2 2 2 10 2 8 10 10 2 2 10 2 10 10 2 2 2 2 2 2 2 2
left_child=-1 2 4 5 8 6 -4 17 13 12 21 -12 -10 -2 -5 16 -7 -3 -6 -8 -11 -9 23 -20 -25 27 -27 29 -29 -15
right_child=1 7 3 14 18 15 19 10 9 20 11 -13 -14 25 -16 -17 -18 -19 22 -21 -22 -23 -24 24 -26 26 -28 28 -30 -31
leaf_value=-0.0031265052772761789 0.02028443657783784 -0.028092903234703672 0.060398694049034245 -0.050454549750111537 -0.022832325477467122 -0.021136826117240611 0.016013599882064383 0.048375291475623125 0.013852966072152549 0.03656000535859865 0.031476861788172258 0.00023703469062265827 -0.015643619423525483 0.0039012181298831113 0.0030423367704356056 -0.025250498749556195 0.030493192915393982 0.028111158108848202 -0.0136059547536695 0.041667454539843662 -0.0022608655831724048 -0.019639151070646475 -0.019142748989057837 -0.010021379999193714 0.017403646355555885 -0.019233846574796751 0.0023620221690077627 0.020411121489401426 0.00075954057013910504 -0.0040688214285654794
leaf_weight=24440.795163013041 996.83095031231642 1297.7308974191546 581.16515554487705 134.96317180991173 1978.3382672257721 292.83934827893972 1429.5734995380044 77.332649990916252 900.71146450936794 1341.5888151675463 519.79223423451185 4676.7055141888559 923.2385443970561 13342.430025629699 5134.7849244773388 330.88842146098614 620.86992226541042 127.28068884834647 1374.910980284214 891.72784981876612 283.33818303048611 1613.3394825085998 1505.8874024599791 810.46305384486914 1270.6917826980352 2851.0859819501638 4607.2943259626627 4232.2219329252839 7700.3416476324201 21090.804409842938
leaf_count=135401 4559 11391 2663 1100 11171 1613 6483 387 4033 5984 2268 22018 4569 58980 23260 1419 2834 1520 5971 4494 1179 7984 6713 3433 5628 13882 21249 18490 38516 97407
internal_value=-8.33487e-05 0.000813419 0.00148494 0.011506 3.78308e-05 0.024002 0.0327826 -0.00521556 0.00139314 0.013466 -0.00152075 0.00336187 -0.00107748 0.000633616 0.00167223 0.00352525 0.013946 -0.0230728 -0.0113412 0.0258685 0.0297908 -0.0165281 -0.00675965 -0.00136406 0.00672353 0.00026968 -0.00589335 0.00126106 0.00772953 -0.000980535
internal_weight=107380 82939.2 74627 9416.81 65210.2 4147.06 2902.47 8312.18 58269.9 3448.88 6887.17 5196.5 1823.95 54821 5269.75 1244.6 913.709 1425.01 6940.29 2321.3 1624.93 1690.67 4961.95 3456.07 2081.15 53824.2 7458.38 46365.8 11932.6 34433.2
internal_count=526599 391198 345630 43866 301764 19506 13640 45568 268848 15765 32657 24286 8602 253083 24360 5866 4447 12911 32916 10977 7163 8371 21745 15032 9061 248524 35131 213393 57006 156387
is_linear=0
shrinkage=0.05


Tree=73
num_leaves=31
num_cat=0
split_feature=20 32 32 43 28 8 26 32 43 32 32 28 5 26 32 43 13 13 25 8 3 35 14 11 11 26 10 43 10 8
split_gain=107.644 102.625 119.236 153.179 149.621 145.584 127.962 106.577 185.336 470.418 165.421 283.803 196.972 137.914 136.455 160.123 134.638 134.474 129.587 120.022 115.809 98.9691 97.4466 97.242 84.0183 83.757 87.5624 82.9751 93.0548 79.23
threshold=0.11297776638017075 3.5000000000000004 1.5000000000000002 1.5000000000000002 -0.084019382244942972 1.0000000180025095e-35 0.26934540970663645 8.5000000000000018 1.5000000000000002 5.5000000000000009 5.5000000000000009 0.17558521041937222 -0.14336388038417994 0.74512519689316181 10.500000000000002 1.5000000000000002 0.036239900974647903 0.077503861988249143 0.53292474611904728 0.34423357027336982 -0.098924879260241669 -0.0033951740525967606 1.0000000180025095e-35 1.5405960289383354 1.6737331393215327 0.46231192454525044 0.046581596017381488 5.5000000000000009 0.026235420851931011 0.022556148701327276
decision_type=8 2 2 2 10 10 8 2 2 2 2 10 10 8 2 2 10 10 10 8 8 8 8 8 10 10 8 2 10 8
left_child=-1 2 4 5 -2 -4 -5 8 9 -3 11 12 23 24 17 16 -16 21 25 -15 -11 -9 29 -10 27 -17 -27 28 -12 -6
right_child=1 7 3 6 22 -7 -8 14 10 20 13 -13 -14 19 15 18 -18 -19 -20 -21 -22 -23 -24 -25 -26 26 -28 -29 -30 -31
leaf_value=-0.014931377463230786 0.037965603640379049 0.028129100057681086 0.00740366285443595 -0.013987513949291498 -0.008729251058219754 -0.026563627317670886 -0.0011497523849235724 0.002451847156706731 0.0021307412603114141 0.027296782814987292 0.0044568177591267823 0.036514497814546347 -0.008688646084415632 -0.0071552954504851499 0.001626421462406607 0.012553218538136766 -0.02554224229203338 0.013368566698764371 -0.0012047399626960761 0.0062069199219094004 -0.008172044688830999 -0.007101469488162683 -0.011208416473237622 0.030208157074285365 0.058865537198235063 0.00094593775883185726 0.02173804777013999 -0.0084984449902770053 0.012566956646521646 0.0045623718082883442
leaf_weight=1202.1424722485244 271.75124747306108 2294.4476862773299 403.59830609709024 2421.7572463415563 1330.5807667411864 1444.3430524170399 9779.4511229768395 3386.1967398822308 4188.9061615243554 260.30918763577938 12710.098115243018 441.23730533570051 8615.3677502162755 4383.5009728372097 893.65877923369408 4222.117030583322 931.14168707281351 1034.8336251676083 8462.0043958686292 2725.342138633132 1985.5801170393825 13596.257025063038 1538.9608350396156 332.88092900812626 75.288961499929428 4799.6581385284662 566.08306491374969 944.49148631468415 4900.6088221371174 7124.0335878841579
leaf_count=8440 1181 10092 1888 18949 8891 8384 54192 17059 18381 1080 59022 2020 44086 18444 4744 20405 4638 4340 39602 11537 8368 69925 6647 1373 336 20940 2346 4141 21344 33979
internal_value=-5.35164e-05 0.00011511 -0.00273672 -0.00572968 0.00135947 -0.019145 -0.00369786 0.000963314 0.00264137 0.0122062 0.00153684 -0.00292841 -0.00425318 0.00389242 -0.000978951 0.00187789 -0.0122369 -0.0041303 0.00330487 -0.00203258 -0.00406104 -0.0051966 0.000364054 0.00419772 0.00615322 0.00728493 0.0031395 0.00593934 0.00671366 0.00247055
internal_weight=107267 106064 24314.5 14049.1 10265.3 1847.94 12201.2 81750 43858.1 4540.34 39317.7 13578.4 13137.2 25739.3 37892 19874.7 1824.8 18017.3 18049.9 7108.84 2245.89 16982.5 9993.58 4521.79 18630.5 9587.86 5365.74 18555.2 17610.7 8454.61
internal_count=526774 518334 134111 83413 50698 10272 73141 384223 200224 19540 180684 65860 63840 114824 183999 92675 9382 91324 83293 29981 9448 86984 49517 19754 84843 43691 23286 84507 80366 42870
is_linear=0
shrinkage=0.05


Tree=74
num_leaves=31
num_cat=0
split_feature=20 38 25 10 26 10 20 25 10 35 12 43 28 43 12 4 26 10 13 12 5 7 43 39 8 35 25 38 8 11
split_gain=118.055 104.908 126.943 94.1958 142.352 94.1846 140.846 103.065 78.7973 75.1462 71.0295 72.845 65.6567 69.6902 96.7064 63.7132 79.3281 77.526 64.9435 63.8679 62.2906 88.2502 83.9334 63.5798 60.4979 63.8155 56.7928 56.1597 60.1102 62.2222
threshold=0.03627345990196347 -0.080234340526977241 0.97305893263977106 0.043362923469916374 0.690310544053924 0.019340137910241372 0.49080044756846758 0.56918649522965015 0.024288092371191703 -0.01041666666669677 1.5428571428571409 2.5000000000000004 0.049254186236828403 6.5000000000000009 0.79285714285714337 -0.082031249999999986 0.77553919294990736 0.034823396703241645 0.023988380633479075 74.960714285714317 -0.045977011494252255 -0.083449739062576231 4.5000000000000009 1.0000000180025095e-35 0.077849142376803529 -1.2712053631958041e-14 0.0059970149790509082 0.050761986144166389 1.0000000180025095e-35 0.3953774759451551
decision_type=8 8 10 8 10 10 8 10 10 10 10 2 10 2 10 10 10 10 10 10 10 10 2 10 8 10 10 10 10 10
left_child=24 3 5 4 9 6 -3 12 -6 -2 11 -9 -8 -14 -15 -7 19 -18 -19 20 23 -22 -23 27 -1 -26 -10 28 -17 -30
right_child=1 2 -4 -5 8 15 7 10 26 -11 -12 -13 13 14 -16 16 17 18 -20 -21 21 22 -24 -25 25 -27 -28 -29 29 -31
leaf_value=-0.039057767164867113 0.015448198423005398 -0.014041676788486356 0.0083310408380096058 0.014654044583707946 -0.01531194439055762 -0.0051049388564691186 -0.0013178726777474449 -0.01584806818677836 -0.027461826748214235 0.0039573920779825498 -0.0014457244419366487 -0.0046162292568174149 0.0055329433710870346 0.12989358965565512 0.019350431424037765 -0.0089055488469399081 -0.0053263739200749734 0.025036298189489145 0.00070046449861358709 0.048500414110951434 -0.0033226664455990916 0.0044405692692462365 -0.0094529685923022185 -0.001440664256284692 0.0031096035126986785 -0.052185436147504295 -1.3882203225591813e-05 -0.012702481932796869 0.025638733106345919 0.0073784768323233319
leaf_weight=280.84292663261294 1670.9921229630709 2856.2002115361392 3705.7078408300877 1680.9089572578669 1183.2396963685751 5425.4457499310374 10920.956920094788 2655.5471922494471 195.72854022681713 9579.5201709456742 4634.4790612868965 3162.9874578155577 2965.027897592634 26.316709846258163 79.711819306015968 531.23131883889437 9156.5407226607203 286.23910582065582 6489.276198387146 73.478467807173729 9763.7474849000573 10946.615644257516 1206.8997823446989 3243.7792744189501 269.8339834138751 64.687611989676952 5073.2248019278049 360.31964763998985 494.78829544782639 8166.0487629026175
leaf_count=2687 7567 20430 15847 7052 5397 25812 64931 17387 811 43789 26214 15937 15251 133 427 2656 41571 1226 27634 333 48295 50875 5311 14808 1194 294 21539 1557 2740 36952
internal_value=-0.000110453 1.56824e-05 -0.00072428 0.00334265 0.00226861 -0.00112641 -0.00353532 -0.00230774 -0.00365197 0.00566407 -0.00606395 -0.00974238 0.000498408 0.00695727 0.0467877 4.49611e-05 0.00059585 -0.00232608 0.00172856 0.00193407 0.0018355 0.000217123 0.00306088 0.00460745 -0.0219476 -0.00758299 -0.00103351 0.00666125 0.00742029 0.00842167
internal_weight=107150 106535 87151.3 19383.6 17702.7 83445.6 27301.2 24445 6452.19 11250.5 10453 5818.53 13992 3071.06 106.029 56144.4 50719 15932.1 6775.52 34786.9 34713.4 21917.3 12153.5 12796.2 615.365 334.522 5268.95 9552.39 9192.07 8660.84
internal_count=526657 522482 436327 86155 79103 420480 160710 140280 27747 51356 59538 33324 80742 15811 560 259770 233958 70431 28860 163527 163194 104481 56186 58713 4175 1488 22350 43905 42348 39692
is_linear=0
shrinkage=0.05


Tree=75
num_leaves=31
num_cat=0
split_feature=35 35 13 8 32 34 12 32 26 9 43 26 32 34 13 13 11 29 3 38 8 43 32 34 32 32 43 9 34 43
split_gain=106.269 129.942 91.2693 139.472 78.4014 90.0517 87.3734 69.42 92.0584 122.664 97.5312 94.0194 88.9611 108.883 119.842 102.161 73.2121 70.1682 68.2693 67.7408 67.4043 84.4288 75.8467 64.8897 59.9991 57.9866 114.292 85.3346 72.3842 95.8478
threshold=0.017543859649111208 -1.2739809207573669e-13 1.0000000180025095e-35 0.035211267605633874 3.5000000000000004 3.7762026262282671 0.15000000000000022 11.500000000000002 0.45014675377213148 0.020174028880058967 2.5000000000000004 0.6395931806709193 8.5000000000000018 4.0456790075238596 0.077503861988249143 0.011377919685116597 0.25193962977771822 -0.022464807894604477 -0.1089743589743588 -0.19583793060124446 0.21337287977415367 1.5000000000000002 7.5000000000000009 5.5018702472980623 3.5000000000000004 5.5000000000000009 6.5000000000000009 0.013098846628741093 3.5652973920394904 1.0000000180025095e-35
decision_type=8 10 10 8 2 2 8 2 8 10 2 10 2 2 10 10 8 10 10 8 10 2 2 2 2 2 2 8 2 2
left_child=1 4 3 -3 5 -1 -6 12 10 11 -9 -10 16 14 15 -14 24 -17 -8 -2 21 -5 -23 -11 -4 26 27 -18 29 -27
right_child=19 2 7 20 6 -7 18 8 9 23 -12 -13 13 -15 -16 17 25 -19 -20 -21 -22 22 -24 -25 -26 28 -28 -29 -30 -31
leaf_value=-0.0078275141267902231 0.024105300308458835 -0.030040616092967948 -0.013094968112844203 -0.021873835789031376 0.030313423834679328 0.0037916099471414846 0.012302324261427612 -0.0026624631548010941 -0.053677416342110588 0.0031160710472628254 0.018504378197728915 0.0090421381940228411 -0.030382122339431716 -0.011155186620967129 0.023400587369748937 -0.0070204650956216643 -0.011464397176325063 0.0013281809508873339 0.0022842795192780222 0.0032624530144801083 -0.031455150632676725 0.028528111180942246 -0.035390632160344354 -0.024497295307998442 0.033840937252706864 -0.027493708756876057 0.014052403601284548 -0.0022741936140679713 0.0045857117366826681 -0.00097880810373983124
leaf_weight=3752.8120865523815 400.10866978764534 716.18783646076918 91.874754119664431 164.6299931704998 299.18444781005383 3001.1402348130941 1854.0168887898326 839.34756318107247 187.93107742443681 2876.0463123470545 1547.7409466803074 87.605811782181263 342.27311170846224 5366.1241494864225 430.55212387442589 4760.3869725093246 2927.9993689768016 5340.0703837014735 20550.052224509418 15175.578237649053 129.25721573084593 364.90813664346933 53.17383985593915 229.7493908405304 262.9946521744132 356.52053920924664 965.43192898482084 18392.62948217243 7876.2630364485085 7746.1502499878407
leaf_count=21416 1726 8121 1124 777 1639 16769 8228 4559 1079 12228 6967 478 3083 28377 1799 22813 20633 25678 97172 69507 603 1812 433 964 1497 1492 4440 91949 35681 33683
internal_value=-1.99961e-05 -0.000669803 -0.0019679 -0.0144615 0.00206483 -0.00266452 0.00347175 -0.0016736 0.00354403 -0.00176315 0.0110617 -0.033736 -0.00222223 -0.00532726 -0.00245109 -0.00351695 -0.000916586 -0.00260657 0.00311331 0.00379786 0.00120987 0.00845563 0.0203986 0.00107339 0.0216894 -0.00112623 -0.00277436 -0.0035363 0.00117243 -0.00214547
internal_weight=107089 91513.1 62055.8 1428.16 29457.2 6753.95 22703.3 60627.7 5768.42 3381.33 2387.09 275.537 54859.3 16239.4 10873.3 10442.7 38619.9 10100.5 22404.1 15575.7 711.969 582.712 418.082 3105.8 354.869 38265 22286.1 21320.6 15978.9 8102.67
internal_count=526727 455494 310270 11746 145224 38185 107039 298524 26275 14749 11526 1557 272249 81750 53373 51574 190499 48491 105400 71233 3625 3022 2245 13192 2621 187878 117022 112582 70856 35175
is_linear=0
shrinkage=0.05


Tree=76
num_leaves=31
num_cat=0
split_feature=35 35 33 33 32 33 33 28 33 33 33 33 34 10 5 32 5 34 12 33 34 34 33 12 34 7 28 33 33 33
split_gain=101.878 128.454 115.028 288.72 180.673 146.333 149.116 212.402 134.373 471.235 271.04 280.48 158.76 169.928 169.987 134.39 128.359 145.667 112.098 177.622 181.36 193.203 143.851 117.425 111.819 106.64 102.134 101.928 101.925 297.276
threshold=-0.01041666666669677 0.017543859649111208 3261.5000000000005 3090.5000000000005 8.5000000000000018 3012.5000000000005 2967.5000000000005 -0.0022721226659461182 2296.5000000000005 2233.5000000000005 2653.5000000000005 2682.5000000000005 4.3637351621117633 0.02613378968618427 -0.048812664907651619 5.5000000000000009 -0.038814228505052666 4.0578530801286421 0.72857142857142865 3723.5000000000005 3.2312982229341114 4.3313908025769861 3320.5000000000005 1.0000000180025095e-35 2.8243462428830353 -0.081078909363360971 0.0012773434760543691 3172.5000000000005 1351.5000000000002 1612.5000000000002
decision_type=10 10 2 2 2 2 2 10 2 2 2 2 2 10 10 2 10 2 10 2 2 2 2 10 2 10 10 2 2 2
left_child=-1 2 3 5 16 6 8 -8 9 28 -10 25 13 14 26 -15 17 -5 19 -4 -21 23 -20 -22 -17 -12 -13 -19 -2 -30
right_child=1 -3 18 4 -6 -7 7 -9 10 -11 11 12 -14 15 -16 24 -18 27 22 20 21 -23 -24 -25 -26 -27 -28 -29 29 -31
leaf_value=0.0042294311773716552 -0.0029312056728441247 0.0035246314277099741 -0.024583666307564336 0.053343707265165942 -0.026350571690998848 -0.018157047469784353 0.051483451822135387 0.002275230650962314 -0.012416637492668295 0.027703958164442488 0.045712150364229473 -0.012083273179357841 -0.016573760858591743 -0.01242282651137816 -0.025882405826757927 -0.0015001687615175253 0.011591207694903788 -0.020431603909930058 -0.022007217106103663 -0.038389238680350046 0.01708111684144413 -0.037674084957624754 -0.00055653516103501511 0.11823540999064674 0.026099663969437872 -0.0029078286372436896 0.035467060231261789 0.042819609396498266 0.010358196677502466 -0.0025525458658091295
leaf_weight=12147.327942814678 31732.2513807863 15530.686650101095 1544.4009846039116 450.72446315735579 252.87929730117321 1293.0767334252596 320.92479681223631 692.45560317113996 7248.3260153643787 1453.7162611708045 470.70755669474602 214.75748821720481 1304.6290798299015 448.88325874507427 748.98716420680285 514.91794811189175 2119.6146618686616 150.18797530606389 926.92557959258556 87.425782382488251 44.50877670943737 45.855669725686312 4984.1402555368841 80.725008983165026 1277.3194496929646 148.31578228622675 238.16359631717205 110.59716763347387 6569.3147988542914 13876.644358526915
leaf_count=57362 153459 70949 12017 2075 1249 7479 1571 3115 36521 6518 2156 1177 6555 2168 4270 2503 10005 750 4921 1126 718 737 26139 779 5865 736 1168 482 31296 70960
internal_value=-8.18801e-05 -0.000633838 -0.00144774 -0.000823046 0.0141426 -0.0014963 -0.001176 0.0178589 -0.00146718 -0.000375049 -0.0061103 0.00240713 -0.00172031 0.00390794 -0.0112601 0.0120425 0.0177595 0.0361351 -0.00724903 -0.0181628 0.0201962 0.0501331 -0.00392026 0.0822846 0.0181701 0.034063 0.0129205 0.0063928 -0.00115735 0.00159569
internal_weight=107029 94882.1 79351.4 71637.4 3084 68553.4 67260.3 1013.38 66246.9 53631.9 12615 5366.68 4747.66 3443.03 1201.91 2241.12 2831.12 711.51 7713.98 1802.92 258.515 171.089 5911.07 125.234 1792.24 619.023 452.921 260.785 52178.2 20446
internal_count=526826 469464 398515 352078 14561 337517 330038 4686 325352 262233 63119 26598 23706 17151 6615 10536 13312 3307 46437 15377 3360 2234 31060 1497 8368 2892 2345 1232 255715 102256
is_linear=0
shrinkage=0.05


Tree=77
num_leaves=31
num_cat=0
split_feature=20 5 33 33 43 0 33 33 33 33 33 33 33 32 12 28 32 32 43 28 32 28 26 12 43 33 32 32 12 32
split_gain=104.426 100.675 97.6918 173.678 111.601 93.9931 73.6635 350.787 242.877 278.989 270.602 216.963 223.017 211.528 278.945 192.283 190.465 181.214 179.977 332.155 177.467 173.51 162.49 155.217 154.904 152.488 207.423 232.907 232.199 143.705
threshold=0.11297776638017075 -0.26645663536772374 628.50000000000011 561.50000000000011 3.5000000000000004 0.083832335329341437 1351.5000000000002 1597.5000000000002 740.50000000000011 682.50000000000011 547.50000000000011 913.50000000000011 1009.5000000000001 10.500000000000002 2.8642857142857139 0.027365145135829997 9.5000000000000018 10.500000000000002 3.5000000000000004 0.10022553179885109 6.5000000000000009 0.063489943587575509 0.14522136860989007 4.8749999999999973 2.5000000000000004 374.50000000000006 9.5000000000000018 1.5000000000000002 3.4714285714285738 7.5000000000000009
decision_type=8 8 2 2 2 8 2 2 2 2 2 2 2 2 10 8 2 2 2 10 2 10 10 10 2 2 2 2 10 2
left_child=-1 2 3 -2 -4 6 8 13 9 10 15 -10 21 -8 24 25 22 -14 -9 -20 -12 -13 -11 -17 -15 -3 27 -27 -29 -25
right_child=1 5 4 -5 -6 -7 7 18 11 16 20 12 17 14 -16 23 -18 -19 19 -21 -22 -23 -24 29 -26 26 -28 28 -30 -31
leaf_value=-0.014915113601054623 0.0056007174724449051 0.0026625461381328281 0.01683338223203866 -0.03607782400507719 -0.0024573302705210758 0.010535950817521487 0.0061441070616661091 0.0024273241324433226 -0.015569933090566325 0.063062997336559679 -0.021511979289839309 0.015169690954297481 -0.010040940757114869 -0.01942032349008458 -0.0096909860807915162 -0.0074706800469017181 -0.023835540030667721 0.0067359613665108307 -0.0065819328370562251 0.0067229824245899393 -0.00017176232781205986 -0.015002700782932114 0.019047923692086546 0.025357294426682542 0.042171417358115089 0.043733216608737392 0.031274262478027108 -0.012266161395142238 0.036296590936622027 -0.0065070910550048882
leaf_weight=1167.8698780536652 1048.1328872442245 7078.7114553116262 2607.8615649268031 328.22850376367569 1052.2590833902359 1988.5556621551514 5737.2779053524137 23194.898409966379 4785.7222584076226 246.35850395262241 2218.490417484194 2335.087632521987 7994.7728900760412 111.3136690557003 418.42067233473063 5864.4969621747732 220.83577840030193 2015.3041257113218 20820.593875735998 6055.133892506361 1737.0246600210667 598.63151301816106 1408.5113360732794 780.5480872169137 1231.2239748984575 325.752251829952 1292.5861767530441 1255.5617350488901 306.16953458636999 647.23709826171398
leaf_count=8437 4504 32919 11121 1425 4397 8526 26850 122461 25942 1140 11277 10416 41425 533 1885 27354 944 9002 105287 27436 7646 2527 5889 3338 5598 1427 5462 7010 1454 2770
internal_value=-4.57782e-05 0.000118503 0.00701718 -0.00433859 0.0112874 -0.000226638 -0.00044352 0.000710916 -0.00206008 0.00128638 -0.000326553 -0.00647349 -0.00311026 0.0107967 0.0259551 0.00233601 0.0197801 -0.00666329 -0.000799464 -0.00358432 -0.0121406 0.00901295 0.0256004 -0.00387133 0.0370647 0.00674839 0.0158433 0.0052759 -0.00274568 0.0109127
internal_weight=106874 105706 5036.48 1376.36 3660.12 100669 98680.7 57568.9 41111.8 23382.3 21506.6 17729.5 12943.8 7498.24 1760.96 17551.1 1875.71 10010.1 50070.6 26875.7 3955.52 2933.72 1654.87 7292.28 1342.54 10258.8 3180.07 1887.48 1561.73 1427.79
internal_count=526402 517965 21447 5929 15518 496518 487992 290050 197942 108630 100657 89312 63370 34866 8016 81734 7973 50427 255184 132723 18923 12943 7029 33462 6131 48272 15353 9891 8464 6108
is_linear=0
shrinkage=0.05


Tree=78
num_leaves=31
num_cat=0
split_feature=1 35 0 13 33 7 3 33 34 33 33 32 32 11 13 33 33 33 26 33 33 39 34 12 33 32 7 33 34 34
split_gain=85.6533 82.1119 93.5218 94.919 174.65 83.2939 82.7981 82.2634 183.61 142.044 100.631 74.5974 98.1221 170.08 143.033 115.525 143.909 115.62 110.688 88.7864 86.1574 81.5422 80.4406 80.2225 89.2605 73.665 72.7263 81.6318 72.3057 74.7828
threshold=0.18461538461538476 -0.0052728289862888902 0.0053238686779059083 0.025880406897437581 3396.5000000000005 -0.49399119937281527 -0.1089743589743588 1384.5000000000002 3.9009615468842616 1569.5000000000002 472.50000000000006 4.5000000000000009 7.5000000000000009 0.67530989879368419 1.0000000180025095e-35 722.50000000000011 1120.5000000000002 682.50000000000011 0.26934540970663645 120.50000000000001 3187.5000000000005 1.0000000180025095e-35 4.8578724641361681 5.7357142857142893 1541.5000000000002 2.5000000000000004 -0.057467236949149784 3723.5000000000005 4.9239874213029351 3.2312982229341114
decision_type=10 10 10 10 2 8 8 2 2 2 2 2 2 10 8 2 2 2 10 2 2 8 2 8 2 2 10 2 2 2
left_child=1 6 3 4 5 -3 -1 8 10 -9 -8 19 13 18 -14 17 -17 -16 -13 21 -15 22 -7 -21 -25 -12 27 -6 29 -29
right_child=-2 2 -4 -5 26 11 7 9 -10 -11 25 12 14 20 15 16 -18 -19 -20 23 -22 -23 -24 24 -26 -27 -28 28 -30 -31
leaf_value=0.012755106507015883 0.015321375790742251 -0.065047834169184984 0.001369820419823801 -0.00058821600328402238 -0.01939985497257414 0.039862298295201055 0.0031441286740809637 0.022552945715886043 0.0084407220729997463 0.0028240316151661058 -0.026990870400227518 0.0079922517377690148 -0.037459497064574514 -0.0037659837392391409 0.003583428389878469 -0.024897599379431395 -0.0029224196075534714 0.045257037223452257 0.034887294473193067 -0.013521414797193328 0.04811211851577285 -0.024398246402098509 -0.04003522980753374 0.029260149858730346 -0.0096656313834884364 -0.0082748079488258412 -0.040124100610283396 -0.032615245640152744 -0.040693166426048283 0.065782830044590776
leaf_weight=1872.6358994245529 903.14876118302345 54.736135214567184 31255.269091121852 36547.45216242224 1122.4384330026805 233.32738859951496 1782.5846287831664 1027.0991709902883 2967.0307775735855 8165.4955206215382 617.6100360751152 1177.3148277252913 325.35164255276322 3287.992200948298 986.64825722575188 897.0342057980597 4396.0758472904563 200.21173038333654 566.70268133282661 3635.4924662448466 82.028828173875809 96.905467085540295 36.419994652271271 246.9776012301445 364.81218555942178 3534.4363887310028 369.43888076767325 25.504670053720474 35.465487528592348 79.492512043565512
leaf_count=8305 3831 231 147127 170085 8626 961 8186 4592 14266 40798 3717 6114 2758 15960 4732 5019 24482 854 2676 25422 366 449 164 1447 2377 16783 5394 228 279 648
internal_value=-1.13721e-05 -0.000142024 -0.000812508 -0.00205793 -0.00500598 -0.00347036 0.00274661 0.0017108 -0.00171519 0.00502837 -0.00679266 -0.00326649 -0.0011769 0.00405632 -0.00510955 -0.00348529 -0.0066466 0.0106134 0.0167316 -0.00866462 -0.00250323 0.0149421 0.0290749 -0.0107025 0.00604858 -0.0110588 -0.0206111 -0.0149029 0.0210319 0.0418811
internal_weight=106893 105990 86023.1 54767.8 18220.4 16588 19966.9 18094.3 8901.66 9192.59 5934.63 16533.3 11919.4 5114.04 6805.32 6479.97 5293.11 1186.86 1744.02 4613.94 3370.02 366.653 269.747 4247.28 611.79 4152.05 1632.34 1262.9 140.463 104.997
internal_count=526877 523046 426399 279272 109187 94012 96647 88342 42952 45390 28686 93781 62961 25116 37845 35087 29501 5586 8790 30820 16326 1574 1125 29246 3824 20500 15175 9781 1155 876
is_linear=0
shrinkage=0.05


Tree=79
num_leaves=31
num_cat=0
split_feature=1 35 35 33 26 33 33 33 5 34 32 28 32 32 34 34 8 32 12 10 34 10 6 12 32 32 34 33 33 32
split_gain=95.5721 95.7612 90.2093 81.7992 151.995 110.92 177.792 313.222 174.98 132.752 123.176 158.037 119.289 170.101 118.276 99.077 93.9281 91.5726 94.6086 88.317 88.1812 82.9627 77.4688 73.9972 72.3133 129.256 79.0709 71.7557 217.554 81.5624
threshold=0.18461538461538476 -0.0058997050147688293 0.010327022375204222 3396.5000000000005 0.08560977559831566 2813.5000000000005 2296.5000000000005 2233.5000000000005 -0.043059299386897669 7.611471342049474 1.5000000000000002 -0.036386203902564161 2.5000000000000004 8.5000000000000018 4.3637351621117633 4.7522961577423013 0.068186543186543172 5.5000000000000009 0.3857142857142854 0.015065897032287884 3.1800332404415355 0.011919989797769138 1.0000000180025095e-35 29.49642857142857 3.5000000000000004 7.5000000000000009 5.4167668220891114 510.50000000000006 899.50000000000011 11.500000000000002
decision_type=10 10 10 2 10 2 2 2 10 2 2 10 2 2 2 2 10 2 10 10 2 8 10 10 2 2 2 2 2 2
left_child=1 27 3 5 -5 6 7 -3 12 10 11 -8 16 14 -14 19 -7 -16 -19 -12 -6 -15 -23 -9 -10 26 -26 -1 29 -29
right_child=-2 2 -4 4 20 8 9 23 24 -11 15 -13 13 21 17 -17 -18 18 -20 -21 -22 22 -24 -25 25 -27 -28 28 -30 -31
leaf_value=0.0096959368520017995 0.01634136033977206 -0.0017362416022671412 0.001611165910747869 -0.047312479843704153 -0.0225091961740101 -0.032196905776296962 0.047170122596302322 0.028165289556321211 -0.01507948627621169 0.077849625503791958 -0.028744875354314109 -0.0044613581077761113 0.038564831384798492 0.054449048023183372 -0.030833418821843525 -0.024327471245229323 0.017603276110782141 -0.022703070494950139 0.040579136561187321 -0.0068199797660621732 -0.0025068724941540539 -0.056174651320544146 0.0029032968452594714 -0.030326265267167352 0.018347476074939913 -0.0043237886965460859 -0.016267948197175679 -0.0086430785094081721 0.0043784146305555233 -0.037596041725677355
leaf_weight=3496.4595623388886 901.34879858791828 38354.472217991948 28348.863551106304 241.22487779706717 680.27347961440682 230.93555351346731 198.02149961516261 1056.0196046307683 809.13938559219241 43.154729969799519 513.2404229901731 589.15555730089545 1006.5273179411888 73.672908280044794 116.7846642062068 1372.651966996491 160.48006102442741 84.000089034438133 198.9398158788681 4371.4510282725096 2899.6388722509146 58.857801392674446 969.83578284084797 56.989623695611954 1230.6485974192619 3306.2656000480056 190.51406101882458 2184.535545643419 12748.177709128708 273.72395710647106
leaf_count=16146 3824 190334 131964 2873 5233 1296 931 4784 5481 213 3546 2841 5190 510 615 7386 720 417 898 21068 18248 373 4279 241 5782 16534 939 11187 61650 1312
internal_value=0.00012893 -9.10566e-06 -0.000705701 -0.00182247 -0.0088964 -0.00133094 -0.00228687 -0.000977458 0.00394411 -0.00957825 -0.0101138 0.00852701 0.0138936 0.0178992 0.0294268 -0.0124589 -0.0117789 0.00641661 0.0217917 -0.00912365 -0.00630782 0.00319388 -0.000476911 0.0251703 -0.00126739 0.00109667 0.0137071 0.00323726 0.0017522 -0.011867
internal_weight=106766 105865 87161.8 58812.9 3821.14 54991.8 46555.2 39467.5 8436.6 7087.68 7044.52 787.177 2900.03 2508.62 1406.25 6257.34 391.416 399.725 282.94 4884.69 3579.91 1102.37 1028.69 1113.01 5536.57 4727.43 1421.16 18702.9 15206.4 2458.26
internal_count=526815 522991 432696 300732 26354 274378 231344 195359 43034 35985 35772 3772 14298 12282 7120 32000 2016 1930 1315 24614 23481 5162 4652 5025 28736 23255 6721 90295 74149 12499
is_linear=0
shrinkage=0.05


Tree=80
num_leaves=31
num_cat=0
split_feature=10 25 2 0 0 7 33 33 33 34 33 43 43 11 33 33 12 33 33 7 34 33 33 33 14 34 25 34 33 33
split_gain=83.3591 77.7785 74.9176 81.9222 80.1063 67.8601 64.4046 286.122 283.73 239.521 224.023 203.508 183.204 201.633 185.974 229.479 291.875 277.654 215.125 182.808 144.077 327.418 171.793 273.598 224.943 140.804 137 135.134 131.47 280.642
threshold=0.0075109496556398933 0.19796454852137549 -0.10071244661962785 0.094908430597202234 -0.025508876116818398 -0.49399119937281527 1351.5000000000002 1569.5000000000002 1485.5000000000002 3.6191474583867151 1281.5000000000002 3.5000000000000004 3.5000000000000004 1.2214419198013911 2653.5000000000005 2279.5000000000005 2.9428571428571453 2233.5000000000005 2682.5000000000005 -0.14906832298136649 4.9239874213029351 1253.5000000000002 547.50000000000011 147.50000000000003 5.5000000000000009 2.9678437658194921 0.64387976798048752 2.7440554690903465 3227.5000000000005 3044.5000000000005
decision_type=8 10 8 10 10 8 2 2 2 2 2 2 2 10 2 2 10 2 2 10 2 2 2 2 8 2 10 2 2 2
left_child=1 -1 4 5 -2 -4 10 8 -8 11 20 -10 13 14 15 16 17 19 -16 -9 -7 22 23 24 -22 28 -13 -12 29 -14
right_child=2 -3 3 -5 -6 6 7 12 9 -11 27 26 25 -15 18 -17 -18 -19 -20 -21 21 -23 -24 -25 -26 -27 -28 -29 -30 -31
leaf_value=0.017685149499958846 0.013847024691092585 -0.023263811267810575 -0.022504215315669953 0.013047951920228527 -0.0010488688729265538 -0.0021354565017369441 0.0022529464013722948 0.0071529915896505957 -0.0098204427807707766 0.0062758056806889 -0.038686325960113427 0.058531922330663226 0.002389627378370539 -0.0071265293437338855 0.046852559998541224 -0.0080862466762288299 0.02544507143838854 0.039558236428628435 0.0087323004025059072 -0.012077662807322458 -0.035430081666259945 0.094429914777629076 -0.0031857425897933844 0.022518490142657333 0.03888707996536174 -0.0051930656441747502 0.025736168272356388 -0.0099281333700726483 -0.018289839606211888 0.043170817667405423
leaf_weight=140.6151635274291 2004.1509571075439 661.39923497661948 343.14810509979725 1161.5030346810818 1642.0303272381425 34248.205170981586 4086.7082252576947 2472.0614594593644 204.58878402039409 1168.2359500229359 564.37173476815224 711.88888774812222 5408.0935992971063 4252.708023250103 387.8233300447464 4501.1714062951505 1560.8333585187793 427.12027570605278 8098.2973245196044 2471.1160211488605 414.40324807912111 103.67562532424927 3103.7755605950952 2071.5840908661485 134.98706185817719 21059.804522417486 576.16911660134792 1478.9493902549148 640.32317548245192 457.55670715123415
leaf_count=1341 8694 9723 1437 4954 7193 164330 18604 11488 932 5280 2672 3262 25061 20754 1733 22758 7943 1849 43925 14229 2083 575 15311 8978 772 104603 2618 7375 3509 2170
internal_value=-2.54687e-05 -0.0160843 9.63167e-05 -0.00015516 0.00713877 -0.000307075 -0.000231364 0.000842239 0.0105262 0.0232325 -0.00172208 0.0365039 -0.00042075 0.00275666 0.00486678 0.000704266 0.00641295 0.000881414 0.0104744 -0.0024605 -0.000898714 0.00636846 0.00477366 0.0141992 -0.0171701 -0.00320687 0.0438619 -0.0178712 0.00322243 0.00557081
internal_weight=106557 802.014 105755 102109 3646.18 100948 100604 58484.5 6747.59 2660.88 42120 1492.65 51736.9 24171.1 19918.4 11432.3 6931.13 5370.3 8486.12 4943.18 40076.6 5828.43 5724.75 2620.97 549.39 27565.8 1288.06 2043.32 6505.97 5865.65
internal_count=526156 11064 515092 499205 15887 494251 492814 290718 30696 12092 202096 6812 260022 124679 103925 58267 35509 27566 45658 25717 192049 27719 27144 11833 2855 135343 5880 10047 30740 27231
is_linear=0
shrinkage=0.05


Tree=81
num_leaves=31
num_cat=0
split_feature=20 5 19 12 5 20 0 28 26 5 38 39 8 9 13 0 13 28 13 8 12 25 26 9 10 12 25 25 9 35
split_gain=83.7431 78.7229 74.1689 100.768 84.0851 85.7426 73.0057 72.4627 68.3694 116.387 122.243 86.2974 77.0597 73.9101 67.6794 59.3062 57.5182 55.1947 99.9254 54.8339 53.8007 52.8008 70.0354 58.5734 56.2199 53.2106 51.4755 51.2985 52.123 51.0492
threshold=0.03627345990196347 -0.26645663536772374 0.31864727812296778 0.39285714285714318 0.23857342235590243 0.58208452095682062 -0.032699892602719154 0.016514094758104895 0.61254086899843374 -0.072182975323361973 0.0022881385325487229 1.0000000180025095e-35 0.022556148701327276 0.0084914593843589212 0.0093908991189175384 0.094908430597202234 0.049592446891566319 0.29030130277186122 0.020122128834302516 0.077849142376803529 0.10714285714285718 0.60819804486340245 0.75631581746622711 0.036122321172336005 0.020630806580014493 10.242857142857158 0.4512415250506297 0.14770979020979022 0.014578742599900373 -1.2712053631958041e-14
decision_type=8 8 8 8 10 10 10 10 8 10 10 8 8 10 10 10 10 8 8 8 10 10 10 10 10 10 10 10 10 10
left_child=19 7 4 -4 6 -6 -3 16 9 11 14 27 13 -10 -11 17 -2 21 -19 -1 -14 22 -5 -24 25 -23 -12 -8 -29 -21
right_child=1 2 3 15 5 -7 8 -9 12 10 26 -13 20 -15 -16 -17 -18 18 -20 29 -22 24 23 -25 -26 -27 -28 28 -30 -31
leaf_value=-0.035746111100985849 0.0051490415373292124 0.0052211290923984792 0.011014495620921822 0.0050890953976172638 0.011181465935914648 0.00048637200731566017 -0.0025349308495047126 -0.0061620483444968658 0.060454462868870011 -0.018229266861099928 0.0067242018230702777 -0.006475094601847785 0.040979655157316761 -0.013276661782494221 -0.0052436271714737916 0.013641894836657738 0.017928267196754239 0.064453956482636493 -0.015732564118825423 0.0043894076752562438 -0.0034347000382948141 -0.0079859799320534993 -0.013880288574595374 0.0035703054665078486 0.00094791064884627754 0.012075253034209373 -0.0013111157145468991 0.0010952838072065011 0.0083466550378941545 -0.04572166550813167
leaf_weight=262.61497756838799 2843.236072063446 3575.2195017263293 2773.6617542468011 10019.9110628739 2545.1533424593508 7106.4580303356051 2381.0476912111044 957.75013682246208 34.42935873568058 1097.9574780613184 2881.2947434708476 2272.227694362402 68.444446891546249 2659.1483405195177 11649.591447003186 897.97829119861126 1275.527567088604 40.795832812786102 815.39699037373066 267.45142193138599 17904.106295354664 3609.7042947299778 980.91351079195738 943.26906238496304 9373.3545041978359 363.85744661465287 6465.8767931312323 3996.0008881762624 6524.2155531048775 62.746752373874187
leaf_count=2711 12167 16163 14578 48816 11416 31239 11154 4060 294 12082 14658 11220 312 12491 68037 3827 5478 239 4853 1192 82410 18549 4401 3995 41285 1961 34166 22383 30520 295
internal_value=4.56573e-05 0.000150408 -0.000155026 0.00193831 -0.0010322 0.00330669 -0.00171303 0.00622597 -0.00214095 -0.00086188 -0.00317742 0.00250987 -0.00444755 -0.0123342 -0.00636209 0.00100749 0.0091066 0.000573583 -0.0119118 -0.0186946 -0.00326556 0.00099626 0.00341128 -0.00532569 -0.00116493 -0.00614898 0.0011658 0.00409234 0.00559229 -0.00513308
internal_weight=106649 106057 100980 29818.8 71161.2 9651.61 61509.6 5076.51 57934.3 37268.2 22094.7 15173.5 20666.1 2693.58 12747.5 27045.2 4118.76 26147.2 856.193 592.813 17972.6 25291 11944.1 1924.18 13346.9 3973.56 9347.17 12901.3 10520.2 330.198
internal_count=526952 522754 501049 142504 358545 42655 315890 21705 299727 204220 128943 75277 95507 12785 80119 127926 17645 124099 5092 4198 82722 119007 57212 8396 61795 20510 48824 64057 52903 1487
is_linear=0
shrinkage=0.05


Tree=82
num_leaves=31
num_cat=0
split_feature=33 33 32 34 13 33 33 26 34 32 33 33 33 33 32 43 34 33 11 5 34 32 34 7 34 26 34 26 34 34
split_gain=76.8396 403.106 233.602 296.057 231.644 206.027 184.814 178.571 149.07 223.369 159.566 138.294 258.419 516.363 287.741 301.614 239.665 136.681 134.486 130.1 120.296 138.097 116.797 138.509 130.377 119.928 115.906 109.745 116.746 109.713
threshold=3261.5000000000005 3090.5000000000005 4.5000000000000009 4.5659093368239541 0.020122128834302516 3304.5000000000005 3012.5000000000005 0.65922677294239063 3.3911470586527517 7.5000000000000009 3187.5000000000005 2813.5000000000005 2296.5000000000005 2233.5000000000005 1.5000000000000002 3.5000000000000004 4.3313908025769861 3723.5000000000005 1.0030513727428896 -0.020711761461518149 5.4426341139010654 11.500000000000002 3.1441522951149259 -0.31687684346244188 7.611471342049474 0.39375885269121819 5.0983408278980304 0.23597162838487293 3.9386644623189224 4.3637351621117633
decision_type=2 2 2 2 10 2 2 10 2 2 2 2 2 2 2 2 2 2 10 10 2 2 2 10 2 10 2 10 2 2
left_child=1 6 3 -3 17 -6 11 8 9 -4 26 12 13 -1 15 -14 19 -2 -7 -13 21 -15 23 -16 -24 -26 -10 28 -21 -19
right_child=4 2 7 -5 5 18 -8 -9 10 -11 -12 16 14 20 22 -17 -18 29 -20 27 -22 -23 24 -25 25 -27 -28 -29 -30 -31
leaf_value=-5.9486976324526229e-05 -0.026995330389053232 0.052229232491213931 0.016310428810390416 -0.013188422471805622 -0.02264330092793845 0.0080090694595898512 -0.016283985921611562 -0.0081846228598928244 0.021406383197761347 -0.048756457777952712 0.039993813716773102 0.026313364267510506 0.042755875655694622 0.020266242224470356 0.021537894683261005 -0.003631320469513435 -0.0093703239881653671 0.028574971805305022 -0.0051923360038265915 -0.030191460707771053 -0.0059702604087599857 0.050350028135649816 -0.014677802488632295 -0.0067174951159144382 0.12413935984331717 -0.025267258436709628 -0.024171969009058606 0.011431851677290961 0.062500613488877782 -0.033710990324909776
leaf_weight=70197.430212818086 1470.5828718654811 746.67345310002565 440.33894921839237 225.08962215855718 959.46613273024559 4180.1194166652858 1781.7778640799224 1018.7533600330353 444.13155008852482 188.30382087081671 855.23821020126343 1415.5895987488329 552.25528007373214 1034.667532864958 489.59587229788303 958.84579484537244 1488.3339839912951 222.49825709685683 3582.6690151318908 292.99132982641459 248.57094948738813 604.24480722472072 6689.6255792714655 3800.8281234577298 32.47985827177763 22.902046740055084 203.35063406825066 2186.1056304685771 38.425229206681252 103.62746029347181
leaf_count=340290 13577 3657 1997 1303 5099 20412 9891 4727 2114 871 3766 7196 2527 4591 2039 4486 7353 2622 17226 1761 1081 2740 34393 18267 161 102 991 9635 202 1168
internal_value=-9.59776e-05 0.000348743 0.0156455 0.0370765 -0.00415282 -0.000785237 -0.00033783 0.00903429 0.0172646 -0.00317972 0.0258172 -2.23212e-05 -0.000518245 0.000634428 -0.00714082 0.0133216 0.0077193 -0.020501 0.00191638 0.0141862 0.0264418 0.0313577 -0.00994278 -0.00349317 -0.0140453 0.0623553 0.00709188 0.00736716 -0.0194445 0.00878341
internal_weight=106476 95956.5 4121.88 971.763 10519 8722.25 91834.7 3150.12 2131.36 628.643 1502.72 90052.9 84631.4 72084.9 12546.5 1511.1 5421.45 1796.71 7762.79 3933.11 1887.48 1638.91 11035.4 4290.42 6745.01 55.3819 647.482 2517.52 331.417 326.126
internal_count=526245 466141 19426 4960 60104 42737 446715 14466 9739 2868 6871 436824 410677 348702 61975 7013 26147 17367 37638 18794 8412 7331 54962 20306 34656 263 3105 11598 1963 3790
is_linear=0
shrinkage=0.05


Tree=83
num_leaves=31
num_cat=0
split_feature=25 38 12 35 32 33 33 33 33 34 33 33 33 34 8 8 8 28 12 28 34 33 33 33 32 33 28 33 32 38
split_gain=81.3412 89.3068 102.846 92.1468 88.1788 137.901 297.442 270.905 202.056 253.816 191.614 231.909 190.728 172.116 151.582 143.806 129.479 119.936 115.18 108.764 102.73 102.545 170.117 98.1927 117.099 139.638 127.276 109.211 93.1816 92.7971
threshold=0.97305893263977106 -0.066815976110510586 1.0000000180025095e-35 -0.010050251256318697 4.5000000000000009 3090.5000000000005 3140.5000000000005 2696.5000000000005 2481.5000000000005 4.9239874213029351 1555.5000000000002 188.50000000000003 120.50000000000001 4.7522961577423013 0.15443231525568071 0.095675497061222262 0.064516129032258132 -0.0539720135908048 1.2500000000000011 -0.068314310379080992 7.2694426245846451 2296.5000000000005 2279.5000000000005 160.50000000000003 2.5000000000000004 521.50000000000011 0.079607286905134259 1541.5000000000002 2.5000000000000004 0.15386155461521758
decision_type=10 8 8 10 2 2 2 2 2 2 2 2 2 2 10 10 8 10 10 10 2 2 2 2 2 2 10 2 2 10
left_child=1 3 -3 -1 5 7 13 8 9 12 11 -11 16 -7 -10 18 -4 -13 -14 -6 -9 22 23 -17 26 -26 -25 -28 -8 -29
right_child=-2 2 4 -5 19 6 28 20 14 10 -12 17 15 -15 -16 21 -18 -19 -20 -21 -22 -23 -24 24 25 -27 27 29 -30 -31
leaf_value=0.0097045829841896549 0.0072932858363937763 -0.017323618773278263 0.050103338839463198 0.0011195777354846782 -0.0072001744256746372 0.051825250074182677 0.0060455604665671635 -0.02584977155122686 0.034682212951338796 -0.029259386668790952 -0.0052873805199620087 -0.013424969345911718 -0.021241305257821846 -0.013434283983168753 -0.0028539505589468819 -0.03126525647307387 0.0045940392000349065 0.032694865361361902 -0.0054206984028542654 0.0008739411556476902 0.054404756225420285 -0.021326739979467473 0.037085291676322178 0.0079687105040936925 0.018690933929121436 -0.018735108060688607 -0.023722775796868479 0.021918879287431418 -0.015106499644759351 -0.017026687594917166
leaf_weight=3693.7028914913535 3723.862741291523 958.23076888546348 200.4512035921216 20323.852471377701 4540.8150518760085 474.43517184630036 1438.1119334064424 1683.8377162776887 594.85174171254039 206.18418960273266 1340.2166075855494 158.83031561225653 3244.4386698827147 128.37400973588228 490.93509402126074 319.5194868594408 709.48289442062378 1253.3071627989411 1782.5325053185225 51204.394902016968 40.84176105260849 825.14739634096622 259.00858896970749 2805.2621195241809 294.13493659347296 1632.3572607785463 735.43126705288887 347.1385393589735 816.16895629093051 273.4288674145937
leaf_count=16663 15942 10849 844 92812 24022 2291 8332 9593 3161 1113 8067 843 21740 732 2345 2032 3083 6595 11164 242559 215 4344 1125 14523 1450 9010 3503 1611 5215 1160
internal_value=3.39007e-05 -0.000229129 -0.00104305 0.00243988 -0.000842533 -0.00351874 0.00672987 -0.00504401 -0.00317792 -0.00456197 0.00869529 0.0202751 -0.00748282 0.0379276 0.0177104 -0.00908937 0.0146194 0.0275075 -0.0156314 0.000216251 -0.0239493 -0.00469947 -0.00264136 -0.00424727 -0.00282922 -0.0130209 0.00188913 -0.0106882 -0.0016126 0.00475903
internal_weight=106499 102775 78757.9 24017.6 77799.6 22054.4 2857.09 19197.3 17472.7 16386.9 2958.54 1618.32 13428.3 602.809 1085.79 12518.4 909.934 1412.14 5026.97 55745.2 1724.68 7491.43 6666.28 6407.27 6087.75 1926.49 4161.26 1356 2254.28 620.567
internal_count=526938 510996 401521 109475 390672 124091 16570 107521 97713 92207 16618 8551 75589 3023 5506 71662 3927 7438 32904 266581 9808 38758 34414 33289 31257 10460 20797 6274 13547 2771
is_linear=0
shrinkage=0.05


Tree=84
num_leaves=31
num_cat=0
split_feature=35 35 7 0 13 33 35 33 35 35 12 33 10 4 12 13 33 33 43 32 13 12 33 33 33 28 33 33 12 43
split_gain=74.7973 89.0438 88.2098 80.6444 76.9943 105.686 82.5256 74.8326 92.1418 112.921 96.5046 73.7094 70.7255 62.7896 57.3505 52.1397 51.9119 135.71 151.322 155.972 95.5104 94.4862 85.3684 68.8643 65.3313 126.319 117.994 134.861 64.5356 64.2343
threshold=0.017543859649111208 -1.2739809207573669e-13 -0.36819512545575372 0.0010851875142787739 0.014989682705815115 2878.5000000000005 -3.8635761256955441e-14 3723.5000000000005 -1.2712053631958041e-14 -1.5709655798445962e-14 1.0000000180025095e-35 2813.5000000000005 0.037642572057344233 -0.1923076923076921 0.15000000000000022 0.0073509344438391555 510.50000000000006 913.50000000000011 3.5000000000000004 1.5000000000000002 0.025103015925740314 1.5928571428571445 174.50000000000003 740.50000000000011 1025.5000000000002 0.097640549379983163 1351.5000000000002 1569.5000000000002 1.2928571428571438 3.5000000000000004
decision_type=8 10 8 10 10 2 10 2 10 10 10 2 10 8 10 8 2 2 2 2 10 10 2 2 2 10 2 2 10 2
left_child=1 13 -2 4 5 11 -7 -8 9 10 -9 -3 -13 -1 -15 -4 20 18 21 -20 -16 -18 -22 -21 25 -19 28 -28 -26 -29
right_child=2 3 15 -5 -6 6 7 8 -10 -11 -12 12 -14 14 16 -17 17 24 19 23 22 -23 -24 -25 26 -27 27 29 -30 -31
leaf_value=0.012870865859379946 0.024729097539505255 -0.0079926295488146129 0.038819655222766092 0.00055034630397597423 -0.0022919832944289609 -0.044798259768613465 -0.019720913283894047 -0.011296561206247302 -0.025479673148059941 0.2042542859715355 0.1271929750301759 0.02034765954360639 -0.029495701426752976 0.01795422827785428 0.018412862346114861 0.0023283382971655375 -0.024872352420221025 0.01923515335136752 -0.038413669422455159 0.021013554507488048 -0.011391004297080797 -0.0048150293283939164 0.0063440151374895316 -0.0044990709886088328 -0.014468712465757268 -0.027142688086669045 0.015115197321610627 0.0043358452118425874 0.00036335650653078125 -0.0026555050732897409
leaf_weight=1214.1373508274555 462.7659577280283 2330.8675756119192 98.531970575451851 25392.30584692955 31930.399404097348 290.43596096523106 889.58021411858499 40.361420586705208 57.885660476982594 11.335938315838574 18.274852406233549 453.98051108047366 84.402534693479538 505.08665327727795 1130.8833115026355 14975.743868116289 1367.0939934402704 1060.1143586114049 180.07026619464159 721.70180498808622 918.77543711662292 1029.2174444273114 2595.0284708589315 417.51520772278309 1721.7755754068494 170.42358124256134 1912.3336303308606 6693.4615218453109 1277.5751538276672 6452.456061989069
leaf_count=5305 1984 14880 451 123041 155130 3712 8801 613 880 149 143 2507 400 3030 5421 68689 7620 4650 998 3275 4748 5271 11137 2123 8895 705 8830 34439 6500 32417
internal_value=2.10344e-05 -0.000527133 0.00322696 -0.00160873 -0.00312708 -0.00951066 -0.0212906 -0.0145801 0.0211875 0.0597938 0.0318657 -0.00414109 0.0125337 0.00173788 0.00125776 0.00256686 0.000952746 -2.0779e-05 -0.00877076 0.00482831 0.00577432 -0.0162577 0.00170673 0.0116634 0.00166479 0.012812 0.000905155 0.00270899 -0.00815098 0.000904257
internal_weight=106405 90867.5 15537 61499.8 36107.5 4177.12 1307.87 1017.44 127.858 69.9722 58.6363 2869.25 538.383 29367.6 28153.5 15074.3 27648.4 23003.7 3715.6 1319.29 4644.69 2396.31 3513.8 1139.22 19288.1 1230.54 18057.6 15058.3 2999.35 13145.9
internal_count=526744 455620 71124 310256 187215 32085 14298 10586 1785 905 756 17787 2907 145364 140059 69140 137029 115723 19287 6396 21306 12891 15885 5398 96436 5355 91081 75686 15395 66856
is_linear=0
shrinkage=0.05


end of trees

feature_importances:
Column_33=655
Column_32=444
Column_34=223
Column_10=150
Column_43=148
Column_28=101
Column_5=96
Column_12=96
Column_7=76
Column_38=76
Column_13=74
Column_9=56
Column_26=54
Column_8=51
Column_11=39
Column_20=27
Column_35=27
Column_0=26
Column_25=19
Column_37=17
Column_14=16
Column_1=14
Column_3=12
Column_39=12
Column_19=10
Column_4=8
Column_2=6
Column_6=6
Column_29=5
Column_22=3
Column_36=2
Column_21=1

parameters:
[boosting: gbdt]
[objective: binary]
[metric: binary_logloss]
[tree_learner: serial]
[device_type: cpu]
[data_sample_strategy: bagging]
[data: ]
[valid: ]
[num_iterations: 500]
[learning_rate: 0.05]
[num_leaves: 31]
[num_threads: 1]
[seed: 42]
[deterministic: 0]
[force_col_wise: 0]
[force_row_wise: 0]
[histogram_pool_size: -1]
[max_depth: -1]
[min_data_in_leaf: 100]
[min_sum_hessian_in_leaf: 0.001]
[bagging_fraction: 0.8]
[pos_bagging_fraction: 1]
[neg_bagging_fraction: 1]
[bagging_freq: 1]
[bagging_seed: 400]
[bagging_by_query: 0]
[feature_fraction: 0.8]
[feature_fraction_bynode: 1]
[feature_fraction_seed: 30056]
[extra_trees: 0]
[extra_seed: 12879]
[early_stopping_round: 0]
[early_stopping_min_delta: 0]
[first_metric_only: 0]
[max_delta_step: 0]
[lambda_l1: 0]
[lambda_l2: 0]
[linear_lambda: 0]
[min_gain_to_split: 0]
[drop_rate: 0.1]
[max_drop: 50]
[skip_drop: 0.5]
[xgboost_dart_mode: 0]
[uniform_drop: 0]
[drop_seed: 17869]
[top_rate: 0.2]
[other_rate: 0.1]
[min_data_per_group: 100]
[max_cat_threshold: 32]
[cat_l2: 10]
[cat_smooth: 10]
[max_cat_to_onehot: 4]
[top_k: 20]
[monotone_constraints: ]
[monotone_constraints_method: basic]
[monotone_penalty: 0]
[feature_contri: ]
[forcedsplits_filename: ]
[refit_decay_rate: 0.9]
[cegb_tradeoff: 1]
[cegb_penalty_split: 0]
[cegb_penalty_feature_lazy: ]
[cegb_penalty_feature_coupled: ]
[path_smooth: 0]
[interaction_constraints: ]
[verbosity: -1]
[saved_feature_importance_type: 0]
[use_quantized_grad: 0]
[num_grad_quant_bins: 4]
[quant_train_renew_leaf: 0]
[stochastic_rounding: 1]
[linear_tree: 0]
[max_bin: 255]
[max_bin_by_feature: ]
[min_data_in_bin: 3]
[bin_construct_sample_cnt: 200000]
[data_random_seed: 175]
[is_enable_sparse: 1]
[enable_bundle: 1]
[use_missing: 1]
[zero_as_missing: 0]
[feature_pre_filter: 1]
[pre_partition: 0]
[two_round: 0]
[header: 0]
[label_column: ]
[weight_column: ]
[group_column: ]
[ignore_column: ]
[categorical_feature: ]
[forcedbins_filename: ]
[precise_float_parser: 0]
[parser_config_file: ]
[objective_seed: 16083]
[num_class: 1]
[is_unbalance: 0]
[scale_pos_weight: 1]
[sigmoid: 1]
[boost_from_average: 1]
[reg_sqrt: 0]
[alpha: 0.9]
[fair_c: 1]
[poisson_max_delta_step: 0.7]
[tweedie_variance_power: 1.5]
[lambdarank_truncation_level: 30]
[lambdarank_norm: 1]
[label_gain: ]
[lambdarank_position_bias_regularization: 0]
[eval_at: ]
[multi_error_top_k: 1]
[auc_mu_weights: ]
[num_machines: 1]
[local_listen_port: 12400]
[time_out: 120]
[machine_list_filename: ]
[machines: ]
[gpu_platform_id: -1]
[gpu_device_id: -1]
[gpu_use_dp: 0]
[num_gpu: 1]

end of parameters

pandas_categorical:null
