tree
version=v4
num_class=1
num_tree_per_iteration=1
label_index=0
max_feature_idx=43
objective=binary sigmoid:1
feature_names=Column_0 Column_1 Column_2 Column_3 Column_4 Column_5 Column_6 Column_7 Column_8 Column_9 Column_10 Column_11 Column_12 Column_13 Column_14 Column_15 Column_16 Column_17 Column_18 Column_19 Column_20 Column_21 Column_22 Column_23 Column_24 Column_25 Column_26 Column_27 Column_28 Column_29 Column_30 Column_31 Column_32 Column_33 Column_34 Column_35 Column_36 Column_37 Column_38 Column_39 Column_40 Column_41 Column_42 Column_43
feature_infos=[-0.12:0.12000000000000011] [-0.28091428571428478:0.39913846153846189] [-0.40650406504065051:0.63520000000000043] [-0.5181518151815182:1.5849624060150314] [-0.59615384615384615:6.2329545454545574] [-0.78388652584479956:9.4772727272727391] [0:99.999999998992266] [-0.91887976822790918:0] [0:8.958847736625513] [0:0.11425235081910329] [0:0.10689387851301814] [0:3445.3822046328423] [-2.5376526277146434e-16:515.10714285714289] [-4.2327252813834091e-17:0.30104621846018176] [0:21] none none [0:5] none [-4.2519582413241146:4.3643552680209208] [7.3304783253464089e-06:4.1970807152659084] [-0.999999999999999:1] [0:45.218458079954402] none none [0.0025641025641025641:1] [0.0026041666666666665:1] none [-0.40705882352941181:1.4627374711935675] [-1.4098740350702195:4.8308211633483147] none [1:7] [1:12] [-5029:-878] [0.40546510810816438:8.6895317501567906] [-1:8.9927378358748484] [0:1] [-0.88727989113877803:1.6901590030079339] [-0.89522164205698718:1.8016469745790546] [0:1] none none none [0:7]
tree_sizes=3556 3593 3581 3582 3595 3601 3606 3582 3590 3589 3586 3570 3571 3605 3588 3597 3610 3585 3579 3590 3597 3598 3595 3572 3596 3592 3575 3603 3578 3581 3579 3574 3593 3584 3589 3577 3581 3590 3569 3614 3569 3597 3596 3584 3602

Tree=0
num_leaves=31
num_cat=0
split_feature=13 10 10 38 28 10 3 38 20 13 13 7 4 13 3 32 28 7 28 36 19 32 10 19 7 10 43 7 43 32
split_gain=19351 5716.06 4975.78 1855.76 1191.09 1167.97 973.086 1159.76 846.94 820.663 679.807 623.589 548.186 519.311 503.248 492.796 488.648 484.178 444.352 347.716 345.028 311.156 287.409 261.713 250.487 239.472 239.019 280.836 235.176 231.891
threshold=0.025424207525797406 0.011603139840693909 0.027424909699276193 -0.12012241775060982 0.048557378563575657 0.023855944452217722 -0.13172809333523669 0.20339750639746593 0.14382727868010478 3.0531133177191813e-17 0.0068024655391344729 -0.27927378598110297 -0.22710945158128285 0.039479338476969113 -0.12307631558279002 3.5000000000000004 0.048557378563575657 -0.19321783910804449 0.0464428725175162 0.99962990377498195 -0.34436290980676659 2.5000000000000004 0.016291531867715942 -0.037131551128678837 -0.2727272727272726 0.016076084228229433 1.0000000180025095e-35 -0.0075172273062615305 1.5000000000000002 8.5000000000000018
decision_type=10 8 10 8 10 10 10 10 10 8 10 10 10 10 10 2 10 8 10 2 10 2 10 10 10 8 2 8 2 2
left_child=1 10 3 14 13 9 24 11 -7 12 -1 -8 -3 22 28 21 17 -11 -17 -9 -10 -13 -5 -24 -4 -19 -15 -28 -2 -20
right_child=2 5 6 4 -6 8 7 19 20 16 -12 15 -14 26 -16 18 -18 25 29 -21 -22 -23 23 -25 -26 -27 27 -29 -30 -31
leaf_value=-0.81171375205284302 -0.64635984390156187 -0.63174939933724494 -0.67294520957698589 -0.76540839714091213 -0.73208094655473521 -0.79215972181104355 -0.70663179109482244 -0.70154735367006282 -0.74730951908415588 -0.74644708847364383 -0.78842351265626764 -0.73251280577570987 -0.80376260216948747 -0.76259044382445951 -0.72083191703531191 -0.72865745214427013 -0.74713160011730451 -0.7777392475789412 -0.70394015722784442 -0.65442102637079635 -0.72380154121204709 -0.75753293715138326 -0.75674529926691914 -0.74306650396079754 -0.70434155120518938 -0.76544907096376014 -0.74231087423039743 -0.7158396808235985 -0.69651298263880557 -0.7233194197718904
leaf_weight=7021.1700374782085 341.687195956707 47.565650522708893 1306.091669857502 5350.262919574976 11619.110190987587 817.99827435612679 4365.7848683893681 4247.5253152549267 4033.6980789601803 2389.6284611225128 5657.9123105704784 4871.9881216585636 1764.9474636614323 1221.2153485119343 2796.7729743123055 11638.529195100069 3507.2030573487282 6770.0321303606033 3628.5172852873802 431.1455295085907 2546.0714493095875 1668.0706341564655 9979.4043942987919 5382.9915781915188 1236.9251046478748 9560.9139461219311 8169.5095728039742 1142.0119946599007 739.88587579131126 2686.586490303278
leaf_count=32179 1566 218 5986 24521 53252 3749 20009 19467 18487 10952 25931 22329 8089 5597 12818 53341 16074 31028 16630 1976 11669 7645 45737 24671 5669 43819 37442 5234 3391 12313
internal_value=-0.746233 -0.772981 -0.731985 -0.742752 -0.745749 -0.761551 -0.718036 -0.720297 -0.744178 -0.766897 -0.801321 -0.724041 -0.799248 -0.750831 -0.709631 -0.727144 -0.764259 -0.767468 -0.722863 -0.697205 -0.738213 -0.738894 -0.755428 -0.751952 -0.688216 -0.770544 -0.741792 -0.739064 -0.680669 -0.712185
internal_weight=126941 44117.1 82824 46742.9 42864.5 31438.1 36081.2 33538.1 7397.77 24040.3 12679.1 28859.5 1812.51 31245.4 3878.35 24493.7 22227.8 18720.6 17953.6 4678.67 6579.77 6540.06 20712.7 15362.4 2543.02 16330.9 10532.7 9311.52 1081.57 6315.1
internal_count=581789 202195 379594 214229 196454 144085 165365 153710 33905 110180 58110 132267 8307 143202 17775 112258 101873 85799 82284 21443 30156 29974 94929 70408 11655 74847 48273 42676 4957 28943
is_linear=0
shrinkage=1


Tree=1
num_leaves=31
num_cat=0
split_feature=13 10 10 38 37 10 37 38 20 13 13 5 0 3 5 28 28 5 28 5 10 1 33 33 0 10 33 0 33 33
split_gain=17759.2 5483.25 4198.69 1701 1333.81 1090.69 1050.77 1063.05 800.442 730.662 679.398 533.789 524.967 470.4 439.679 398.075 397.339 495.854 388.213 428.277 335.798 307.29 293.778 270.645 269.583 255.942 254.269 232.961 231.923 221.333
threshold=0.025907792968368138 0.011603139840693909 0.027424909699276193 -0.11500527969211348 0.033942558746655534 0.020683999472073673 -0.090863864284025805 0.19450705041698815 0.17371532222863209 1.1449174941446928e-17 0.0068024655391344729 -0.12728631089464573 0.084455231930960065 -0.12307631558279002 -0.18705035971222997 0.12582198044796142 0.069466868627024031 -0.13142857142857092 0.047519800934698465 -0.15151515151515141 0.028446217236146033 -0.099999999999999242 -4520.4999999999991 -1587.4999999999998 0.084455231930960065 0.019252528323019328 -4558.9999999999991 0.084455231930960065 -4422.4999999999991 -4096.4999999999991
decision_type=10 8 10 8 10 8 10 10 8 10 10 8 10 10 10 10 10 8 10 10 10 10 2 2 10 8 2 10 2 2
left_child=1 10 3 13 16 9 21 14 -7 -3 -1 22 20 23 -8 26 17 -5 19 -11 -13 -4 -10 -2 -9 -19 -16 -6 -22 -15
right_child=2 5 6 4 27 8 7 24 11 18 -12 12 -14 29 15 -17 -18 25 -20 -21 28 -23 -24 -25 -26 -27 -28 -29 -30 -31
leaf_value=-0.063910222668054906 0.048981481029655403 -0.057784411540588269 0.082117491746290849 0.0072233583883586014 0.014131626170955636 -0.044042051273129337 0.0355757396711276 0.040160780769190767 0.058356642661376572 0.00036253935003169183 -0.040504226058219892 -0.012280594204712014 0.099641620668297792 0.0052236185929304089 0.031449651322360175 0.03533354782934716 0.010637533927846006 -0.017688819606476707 -0.002920837116016511 -0.025754870270093124 0.047307752019955844 0.045095421456173158 0.012535968821763985 0.10931889410298123 0.073954058052071628 -0.0062485731522533205 0.013144454600611824 0.054752358496204925 0.0030310677399786922 0.033366993878769569
leaf_weight=6877.9733607172966 889.42103965580463 1329.600733011961 697.22804193198681 5016.8946826606989 10723.967516243458 1110.3663745820522 3824.9580726772547 4440.2506702840328 405.87366652488708 1781.1978490948677 5644.8345205485821 6967.9011810570955 116.98443727195263 1053.9393729865551 2108.671858727932 2712.749727293849 3660.7156198620796 7498.7284930050373 2989.47158613801 13216.676633372903 354.23147748410702 2857.8922601789236 2532.615262016654 234.94569802284241 680.62520983815193 14047.039726704359 18905.426072254777 364.97424507141113 1791.6140487641096 2072.1172648817301
leaf_count=32298 3990 6222 3135 23027 48998 5169 17337 20042 1857 8191 26270 32013 529 4793 9581 12295 16694 34469 13706 61112 1618 12901 11593 1052 3045 64446 86073 1665 8187 9425
internal_value=-5.50945e-05 -0.0252379 0.0138369 0.00373523 0.000636433 -0.0144342 0.0265414 0.0237325 -0.00340324 -0.0220175 -0.0533596 0.000304799 -0.00560357 0.0338542 0.0198443 0.0173082 -0.00480548 -0.00693375 -0.0193736 -0.0226531 -0.0069545 0.0523562 0.0188649 0.0615895 0.0446523 -0.0102302 0.0149813 0.0154686 0.0103402 0.0238786
internal_weight=126910 45119.3 81790.5 45562.7 41312.3 32596.5 36227.8 32672.7 13279.6 19316.9 12522.8 12169.2 9230.73 4250.42 27551.8 23726.8 30223.4 26562.7 17987.3 14997.9 9113.75 3555.12 2938.49 1124.37 5120.88 21545.8 21014.1 11088.9 2145.85 3126.06
internal_count=581733 208765 372968 208559 189299 150197 164409 148373 60966 89231 58568 55797 42347 19260 125286 107949 138636 121942 83009 69303 41818 16036 13450 5042 23087 98915 95654 50663 9805 14218
is_linear=0
shrinkage=0.05


Tree=2
num_leaves=31
num_cat=0
split_feature=13 13 9 5 38 9 7 4 37 5 33 36 3 38 37 33 8 29 33 19 33 33 33 3 33 33 33 33 7 11
split_gain=16259.5 4382.62 3419.01 1462.38 1355.37 1162.37 1079.98 1142.44 790.36 757.315 513.432 468.868 435.526 432.697 431.493 392.88 375.619 362.873 349.358 348.638 355.467 346.482 654.24 262.913 258.402 227.124 493.762 225.041 220.3 219.252
threshold=0.025907792968368138 3.0531133177191813e-17 0.026099370577515883 -0.13348290458478171 -0.10371055776228287 0.012707003072620215 -0.28273313451311638 0.13636363636363638 0.024800272349392975 -0.095791940855138188 -4854.4999999999991 0.99962990377498195 -0.12307631558279002 0.018297448983270907 -0.08817086372668724 -4520.4999999999991 0.077763336802325847 -0.27896110929251283 -2395.4999999999995 0.16237028874848222 -4753.4999999999991 -1919.4999999999998 -1766.4999999999998 -0.051948051948052014 -4261.4999999999991 -2192.4999999999995 -1780.4999999999998 -4539.4999999999991 -0.14863382488209456 0.37962763378609954
decision_type=10 8 10 8 8 8 8 10 10 10 2 2 10 8 10 2 10 10 2 10 2 2 2 10 2 2 2 2 10 10
left_child=1 9 4 15 18 16 12 10 21 17 -8 25 -4 -7 -12 -3 24 -1 -2 20 -16 -6 -23 -24 -5 -9 -27 -10 -22 -17
right_child=2 3 6 5 8 13 7 11 27 -11 14 -13 -14 -15 19 29 -18 -19 -20 -21 28 22 23 -25 -26 26 -28 -29 -30 -31
leaf_value=0.11928734051322097 0.020414896280070378 0.045098768355558094 0.067040632814667309 -0.0076612823338683246 -0.0080029399824787482 -0.01681374473284716 -0.026134040716688178 0.02465828766055388 0.034018005400004873 -0.061939786325711656 0.037710940390061579 0.072517561007931941 0.035436812194175348 0.0010587198916793034 0.059372564863623467 0.047451686703365366 -0.015251390276560415 -0.026665269942391143 0.051693216316187854 0.023264077420711588 0.01488452782585515 0.057132601258376631 0.020087943676358511 -0.0052924131211319128 -0.03768266663024436 0.054490437854154264 0.021045840559213724 0.0091693760250411271 0.0025869427766171561 0.00017788323028959088
leaf_weight=43.941352173686028 3628.1583988964558 617.01048684120178 1545.6524204015732 771.10775996744633 19802.584435760975 11858.335449457169 759.25665700435638 6117.7965613156557 1010.0191823095083 7470.2322117239237 2024.0876775830984 723.56075863540173 3698.8552294373512 4740.2739495337009 347.40507479012012 259.21891279518604 2872.6696565151215 1381.0685045719147 1184.0935453623533 6472.8649757653475 6700.5288420021534 557.5308845937252 1318.1215349137783 4517.0099574029446 10170.077822461724 2461.0421413183212 2000.7792630642653 9309.4734223932028 7977.731842443347 4557.4133884459734
leaf_count=190 16363 2794 6797 3592 90833 54929 3490 27534 4587 35851 9045 3191 16567 21892 1566 1186 13374 6520 5317 29335 30389 2536 6035 20710 47768 11021 9002 42343 36260 20943
internal_value=9.91273e-05 -0.0241538 0.0133069 -0.0163583 0.00316853 -0.0206271 0.0235688 0.020447 -0.000118646 -0.0555679 0.0143346 0.0335779 0.044751 -0.0117097 0.0156409 0.00753408 -0.0313421 -0.0221647 0.0281112 0.013563 0.00938384 -0.00473572 0.00538518 0.000440859 -0.0355668 0.0309147 0.0394931 0.0116014 0.00820071 0.00272204
internal_weight=126898 44741.3 82156.6 35846.1 41327 30412.5 40829.6 35585.1 36514.7 8895.24 24281.9 11303.2 5244.51 16598.6 23522.6 5433.64 13813.9 1425.01 4812.25 21498.5 15025.7 26195.2 6392.66 5835.13 10941.2 10579.6 4461.82 10319.5 14678.3 4816.63
internal_count=581960 209039 372921 166478 188724 141555 184197 160833 167044 42561 110085 50748 23364 76821 106595 24923 64734 6710 21680 97550 68215 120114 29281 26745 51360 47557 20023 46930 66649 22129
is_linear=0
shrinkage=0.05


Tree=3
num_leaves=31
num_cat=0
split_feature=9 9 33 38 28 1 19 7 20 19 7 28 12 0 37 7 37 32 33 33 26 19 33 33 33 33 7 32 32 32
split_gain=14220.1 4336.08 2496.84 1373.72 1199.98 1157.47 1080.01 1020.79 661.702 611.212 607.413 561.987 509.624 486.845 406.034 388.264 384.476 380.377 376.759 381.355 333.543 315.462 315.416 295.304 300.213 282.086 275.66 252.337 239.186 231.836
threshold=0.012832042080095319 0.025810329398311065 -1410.4999999999998 -0.10371055776228287 0.048557378563575657 -0.072916666666666283 0.20778421878151196 -0.14863382488209456 0.11292216717497711 -0.10415151776896937 -0.29895922567177696 0.13009621063879206 0.028571428571448267 0.084455231930960065 0.010936048635169284 -0.18044157310217204 -0.12936458005222304 5.5000000000000009 -4854.4999999999991 -4667.4999999999991 0.30298968234625073 -0.11445145246263319 -2378.4999999999995 -2192.4999999999995 -1766.4999999999998 -4774.4999999999991 -0.045045045045044967 5.5000000000000009 4.5000000000000009 10.500000000000002
decision_type=8 10 2 8 10 10 10 8 10 8 8 10 10 10 10 8 10 2 2 2 10 8 2 2 2 2 8 2 2 2
left_child=2 3 7 22 9 16 8 20 -7 15 -10 18 -4 -8 -9 -5 -3 26 -12 -20 25 28 -2 -13 -25 -1 -14 -17 -6 -21
right_child=1 5 12 4 21 6 13 14 10 -11 11 23 17 -15 -16 27 -18 -19 19 29 -22 -23 -24 24 -26 -27 -28 -29 -30 -31
leaf_value=0.060401218226119539 0.015852317619264394 0.072897281699988201 -0.063197859316712443 -0.00025448310821077309 -0.015597456881267133 -0.043705847121257704 0.02595195990698608 -0.032557294604615469 0.034599705129069534 0.00010065363166078967 -0.026869342962540971 0.013622851627086844 -0.0018862061456476739 0.056015605654702594 -0.011576786738668833 -0.023104333542578629 0.036841024244148313 -0.052349277446615786 0.038204716496372679 0.0048874009344348074 0.041263952252127013 0.017615437755113681 0.04358242080016881 0.055148338327985436 -0.0012751939141151395 -0.0075157844031109242 -0.048918329398586015 -0.011183558766901788 0.0077927493734552891 0.018428217816594223
leaf_weight=160.08913403749466 4371.7936271876097 1043.1833018064499 5580.8036780506372 4654.868008941412 1510.5464254319668 520.34905700385571 12099.239288419485 10705.420949921012 2963.0161536335945 14215.819240570068 753.66285084187984 1338.7189534008503 892.6121099293232 1515.2754828035831 2939.194736301899 7958.6900840699673 2538.4454004317522 2041.8693211227655 1069.0625281482935 16053.953270569444 449.22544415295124 6518.2332565039396 1339.7111312001944 1349.5780433267355 285.64552107453346 3397.2213808447123 478.58996170759201 10038.803724765778 3953.7225858867168 3936.0632260739803
leaf_count=723 19674 4534 27515 21341 6897 2497 54159 50756 13086 65328 3489 5978 4253 6661 13774 36914 11343 9785 4778 72603 2059 29550 5979 5977 1278 15749 2307 46517 18036 17757
internal_value=1.10079e-05 0.00865722 -0.0324478 -0.000845665 -0.00355844 0.0200613 0.0177284 -0.0215222 0.0121566 -0.00802599 0.0132041 0.0106464 -0.0538901 0.029298 -0.0280379 -0.013126 0.0473428 -0.0386707 0.00786648 0.00910961 0.000667313 0.0101875 0.0223568 0.0310362 0.0452921 -0.00445933 -0.0183018 -0.0164551 0.00132674 0.00755361
internal_weight=126673 100028 26645 54562.2 48850.7 45466.2 41884.6 17651.2 28270 36868.2 27749.7 24786.7 8993.88 13614.5 13644.6 22652.4 3581.63 3413.07 21812.7 21059.1 4006.54 11982.5 5711.5 2973.94 1635.22 3557.31 1371.2 17997.5 5464.27 19990
internal_count=581297 454376 126921 250236 224583 204140 188263 83061 127443 170100 124946 111860 43860 60820 64530 104772 15877 16345 98627 95138 18531 54483 25653 13233 7255 16472 6560 83431 24933 90360
is_linear=0
shrinkage=0.05


Tree=4
num_leaves=31
num_cat=0
split_feature=10 10 13 19 20 2 28 5 38 13 19 4 28 7 32 28 28 5 3 33 33 33 33 5 32 36 10 33 10 33
split_gain=14125.5 4116.14 3027.08 1413.4 947.326 833.108 865.198 740.272 614.723 593.026 586.358 573.859 520.443 505.18 489.382 481.934 369.512 333.593 316.584 280.099 393.396 271.186 250.981 245.407 242.962 231.121 229.291 225.314 211.294 209.41
threshold=0.016177884040595166 0.026452838234750097 0.011864618519621643 -0.17587156934903711 0.11292216717497711 -0.09638536972028787 0.12582198044796142 -0.15645925196552343 -0.13915103015571059 0.0078555961955785372 0.13265634871744428 -0.097180890988564403 0.062667450223563972 -0.29030477818130024 4.5000000000000009 0.021899782487570074 0.077117522071941683 -0.092406656483972102 -0.081967213114749457 -2192.4999999999995 -1794.4999999999998 -1237.4999999999998 -4558.9999999999991 -0.12322267604037938 10.500000000000002 0.97120228888934956 0.012964649501285829 -1346.4999999999998 0.032371526847577013 -2163.4999999999995
decision_type=8 10 10 8 10 10 10 8 8 10 10 10 10 10 2 10 10 10 10 2 2 2 2 10 2 2 10 2 10 2
left_child=2 3 17 7 -3 -6 10 18 -5 -9 13 -4 26 -7 21 -10 -16 -1 -2 -8 29 -11 -15 -12 28 -25 -13 -26 -24 -21
right_child=1 4 11 8 5 6 19 9 15 14 23 12 -14 22 16 -17 -18 -19 -20 20 -22 -23 24 25 27 -27 -28 -29 -30 -31
leaf_value=-0.023811404463693429 0.033789692791756254 -0.040012299027801623 0.014315309515376951 0.04504060142103692 0.047242414175567585 0.029010082455596348 0.025316958232674332 -0.046671102530700025 0.00028348840014141017 -0.021105873307558976 0.03885508652504624 -0.032228538259148801 -0.00086486065118429416 0.025956962704450956 -0.0073903485692292745 0.015026586046758559 0.015511857142698477 -0.056930410659601242 0.003141805603827018 0.12119133595582728 0.018467924154933292 0.031303505092466509 -0.0011063204256376075 0.019284576426315828 0.024203817591486758 0.050906248059736064 -0.019727840590664205 -0.01281839747029024 0.010488141180408752 0.054751486039961043
leaf_weight=832.54979065060616 1101.0298252701759 649.49998454749584 1177.2830327749252 1100.4156354218721 2794.8940901756287 3667.8988199532032 2696.7897065281868 1132.5984344631433 12604.767584681511 7964.9140643924475 2663.1577957868576 6658.7144733816385 2544.3315612822771 1959.4052846729755 13348.747287109494 9894.0832542330027 2028.9154771268368 8765.200299590826 3590.1115470528603 125.75596614181995 847.76456828415394 254.71833093464375 8086.5270415395498 8152.0549809932709 3000.5449503064156 621.92701110243797 8167.8567459732294 476.18215070664883 7643.5666964054108 2083.8528309911489
leaf_count=4034 4883 3169 5385 4836 12197 16129 11908 5515 57822 36952 11814 31818 11741 8737 61831 44786 9191 43863 16334 552 3732 1179 36709 36383 13472 2708 38335 2150 34404 9076
internal_value=-2.46557e-05 0.00890232 -0.0312625 -0.000563525 0.01994 0.0208088 0.0190508 -0.00787495 0.00855158 -0.0113293 0.0161934 -0.0194672 -0.0217568 0.0118791 -0.00963299 0.00676691 -0.00436865 -0.0540575 0.010335 0.0370628 0.0474234 -0.0194818 0.00891049 0.0255611 0.00717148 0.021526 -0.025342 0.0191332 0.00452766 0.0585328
internal_weight=126636 98490.1 28145.9 53020.3 45469.8 44820.3 42025.4 29421 23599.3 24729.9 36271.3 18548.2 17370.9 24834.1 23597.3 22498.9 15377.7 9597.75 4691.14 5754.16 3057.37 8219.63 21166.2 11437.1 19206.8 8773.98 14826.6 3476.73 15730.1 2209.61
internal_count=581645 446469 135176 243329 203140 199971 187774 135885 107444 114668 162506 87279 81894 111601 109153 102608 71022 47897 21217 25268 13360 38131 95472 50905 86735 39091 70153 15622 71113 9628
is_linear=0
shrinkage=0.05


Tree=5
num_leaves=31
num_cat=0
split_feature=10 13 13 37 10 9 20 13 28 5 5 37 5 1 28 12 4 36 28 5 32 32 6 32 0 5 5 8 32 43
split_gain=12724.1 3754.25 2839.56 1394.97 1155.64 1000.95 711.021 562.234 528.682 411.773 406.331 392.2 447.973 388.256 374.314 359.263 351.453 350.965 288.651 340.695 262.178 250.988 249.079 241.88 233.21 232.528 199.283 185.092 176.365 176.306
threshold=0.016177884040595166 0.037651728851382793 0.011864618519621643 -0.093556841231156415 0.023956366740570844 0.035236204746396375 0.14382727868010478 0.029913596939629656 0.00326569344264952 -0.13348290458478171 -0.12935323383084588 0.028180544788401155 -0.17204677738499244 0.0021593269788918739 0.14165649064018174 1.0000000180025095e-35 -0.097180890988564403 0.99962990377498195 0.062667450223563972 -0.11529672622929381 3.5000000000000004 5.5000000000000009 1.0000000180025095e-35 6.5000000000000009 0.073169955585661542 -0.26286504567781455 -0.095791940855138188 0.38743072777930859 5.5000000000000009 1.0000000180025095e-35
decision_type=8 10 10 8 10 10 10 10 10 8 10 10 8 8 10 10 10 2 10 10 2 2 8 2 8 8 10 10 2 2
left_child=2 4 15 25 8 11 -6 18 9 -2 -8 12 -5 -10 23 -1 -9 20 19 -4 -7 -22 -11 -12 -15 -3 -17 -23 -24 -14
right_child=1 3 7 5 6 17 10 16 13 22 14 -13 29 24 -16 26 -18 -19 -20 -21 21 27 28 -25 -26 -27 -28 -29 -30 -31
leaf_value=-0.061174844020826506 0.00070675138197601455 0.063977168803268508 -0.0071763901735848474 0.023167918255145567 -0.038806170880200247 0.010918402057726293 0.021750690087709371 0.035051980634509067 -0.0076126519183087535 -0.057352787984307763 -0.0027946162847357265 0.017410101365902122 -0.015926989141317582 0.0081994928949383952 0.038468107312857054 -0.014955204154040431 -0.0079656408555432018 0.055502604558660476 -0.004357805884055415 -0.02952581382977594 0.043237424610977605 0.017589296297965629 -0.023345852935157171 0.010158769160372423 0.076128136715878841 0.037959636478640382 -0.045948319350238603 0.031709297824442179 -0.011222911031559176 0.0033181755906412837
leaf_weight=5155.4823960512877 3946.8153243511915 1120.7207596600056 2036.9239422827959 2879.7812786996365 785.92141361534595 3065.9240605831146 5183.2785171866417 547.02767530083656 7294.9458809942007 385.94817535579205 7212.6405610740185 10731.209527313709 1312.2176774591208 5682.4842464476824 816.954460054636 606.39027678966522 3596.1903421729803 935.33239977061749 1778.4352666884661 10470.282350033522 2049.1096353083849 5174.960359737277 5354.8142117112875 7202.9858122467995 129.22512590885162 3674.3350605964661 3584.843121945858 4208.2682119756937 6822.4883831441402 12781.959613442421
leaf_count=26859 17952 4775 9544 12778 3887 13606 23144 2455 33800 1949 32871 47759 5997 26036 3613 2940 16681 4005 8282 50432 9009 22917 25101 32654 568 15945 18008 18383 31894 57922
internal_value=9.42276e-06 0.00841851 -0.029888 0.0184565 -0.00104971 0.0156128 0.00786183 -0.0185027 -0.00742923 -0.0133813 0.00965835 0.00992822 0.00519806 6.84594e-05 0.00554362 -0.0523362 -0.00228604 0.0258172 -0.0232059 -0.025886 0.0239021 0.027384 -0.0178072 0.00367774 0.00970991 0.0440406 -0.0414642 0.023922 -0.0165538 0.00152638
internal_weight=126528 98752.3 27775.6 47933.8 50818.5 43138.8 21201.8 18428.9 29616.7 16510.1 20415.9 27705.2 16974 13106.7 15232.6 9346.72 4143.22 15433.6 14285.6 12507.2 14498.3 11432.3 12563.3 14415.6 5811.71 4795.06 4191.23 9383.23 12177.3 14094.2
internal_count=581766 446565 135201 213096 233469 192376 96169 87394 137300 76896 92282 124456 76697 60404 69138 47807 19136 67920 68258 59976 63915 50309 58944 65525 26604 20720 20948 41300 56995 63919
is_linear=0
shrinkage=0.05


Tree=6
num_leaves=31
num_cat=0
split_feature=10 13 13 38 10 9 33 19 20 13 13 37 7 28 7 12 35 4 1 28 19 28 33 6 33 33 7 7 28 12
split_gain=11644.7 3617.46 2468.91 1337.45 1063.72 959.09 845.252 685.447 586.97 486.316 430.892 417.24 342.683 333.671 319.56 300.185 291.096 286.906 260.378 259.78 257.538 254.946 222.48 208.015 197.312 195.535 193.652 189.178 181.407 180.282
threshold=0.015728786773079807 0.037455475818970296 0.011380413357413573 -0.14731774055199096 0.023956366740570844 0.036045994128850151 -4539.4999999999991 -0.23050683399416036 0.17371532222863209 0.02878735822809288 0.0068024655391344729 0.043219076005916131 -0.16494464100530706 0.14165649064018174 -0.0030128734114540641 1.0000000180025095e-35 0.087439696366888434 -0.097180890988564403 -0.099999999999999242 0.062667450223563972 -0.42111693328436134 0.035143666750065992 -4854.4999999999991 24.9567584900452 -2395.4999999999995 -4854.4999999999991 -0.24105544255226644 -0.19321783910804449 0.07118313181904741 0.58571428571428619
decision_type=8 10 10 8 10 10 2 8 10 10 10 10 8 10 10 10 10 10 10 10 10 10 2 10 2 2 8 8 10 10
left_child=2 4 15 22 7 11 -6 10 -8 19 -2 12 24 20 18 -1 21 -11 -7 -4 -10 26 -3 -24 -5 -14 -9 -12 -29 -21
right_child=1 3 9 5 6 14 8 16 13 17 27 -13 25 -15 -16 -17 -18 -19 -20 29 -22 -23 23 -25 -26 -27 -28 28 -30 -31
leaf_value=-0.060027988942314203 -0.044813407527040397 -0.055337529293449664 -0.026610110080198226 0.0072222937574078537 0.035023912918205884 0.051217353559654302 -0.036592865586127621 0.020469242024488195 -0.0015175976801813608 0.030899575839085248 -0.00056726522368022046 0.018356821180085064 -0.022086488653001987 0.039966723237204599 0.045807975503362734 -0.041247638045555202 0.098207952418932529 -0.0091003223144951965 0.020824671600582684 0.029696109823285573 0.010830366771022884 0.011501818039891466 0.061204538778868701 0.037509020601644273 0.023279930192117538 0.0021771184698608989 -0.0061663946479388549 -0.016329146719336583 0.0019475467322720447 -0.013166699765352244
leaf_weight=4946.9352119415998 1056.3804833441973 54.720200136303902 11193.783913955092 4725.5525765269995 2386.4536828845739 746.31575964391232 873.66152602434158 744.71612694859505 9403.1355753093958 513.3172527551651 3026.1257735341787 9328.1879068911076 894.20254400372505 671.23560389876366 1655.1446007490158 3733.6629713475704 77.006661608815193 3538.9209572672844 12638.69528798759 301.79188543558121 7664.7183044403791 3822.2460486143827 1459.7183087468147 2534.0709425657988 3214.3334587216377 11625.647510707378 8154.5981350243092 12531.913873389363 1522.6483876556158 1310.9867433011532
leaf_count=26566 5323 235 54431 21073 10593 3209 4357 3344 42686 2284 13784 41206 4175 2935 7070 19056 329 16501 55334 1412 34476 17323 6169 10861 14262 52633 37908 59066 6947 6142
internal_value=-0.000127991 0.00751203 -0.0302854 0.0172753 -0.00167633 0.0147897 0.00700892 -0.00757191 0.00341695 -0.0191301 -0.013824 0.00959299 0.00559731 0.00538746 0.0250822 -0.0519503 0.00128802 -0.00403334 0.0225193 -0.0239071 0.00402754 0.000701336 0.0447977 0.0461697 0.013723 0.000444144 -0.00393746 -0.0119074 -0.0143491 -0.00514598
internal_weight=126351 100811 25539.4 48876.6 51934.8 44828.1 20999.2 30935.6 18612.8 16858.8 18137.1 29787.9 20459.7 17739.1 15040.2 8680.6 12798.6 4052.24 13385 12806.6 17067.9 12721.6 4048.51 3993.79 7939.89 12519.9 8899.31 17080.7 14054.6 1612.78
internal_count=581690 455298 126392 216227 239071 198962 95047 144024 84454 80770 85120 133349 92143 80097 65613 45622 58904 18785 58543 61985 77162 58575 17265 17030 35335 56808 41252 79797 66013 7554
is_linear=0
shrinkage=0.05


Tree=7
num_leaves=31
num_cat=0
split_feature=10 10 13 19 20 1 32 32 38 33 33 33 33 13 38 32 4 32 38 33 33 7 7 33 33 33 33 33 2 38
split_gain=10752 3230.88 2347.66 1180.14 756.876 708.1 682.095 650.482 624.634 551.127 1832.65 706.334 598.218 547.139 492.093 440.634 435.224 389.804 378.947 344.267 329.136 417.797 309.309 299.407 530.2 295.758 284.348 297.009 260.397 262.379
threshold=0.015728786773079807 0.026452838234750097 0.010829122244406807 -0.17587156934903711 0.083380047468025367 -0.079281723433975645 3.5000000000000004 2.5000000000000004 -0.099580855497054019 -1766.4999999999998 -2178.4999999999995 -2163.4999999999995 -4753.4999999999991 0.0078555961955785372 -0.14731774055199096 10.500000000000002 -0.08472477106381425 4.5000000000000009 0.033560045092445152 -2060.4999999999995 -4917.4999999999991 -0.019542590199231099 -0.1370540895806239 -1689.4999999999998 -1676.4999999999998 -4539.4999999999991 -4096.4999999999991 -4076.4999999999995 0.11688311688311738 -0.11265799578822049
decision_type=8 10 10 8 10 10 2 2 10 2 2 2 2 10 8 2 10 2 10 2 2 8 10 2 2 2 2 2 10 10
left_child=2 3 22 8 -3 -6 7 -7 26 10 12 -12 -8 -10 -5 28 -4 -15 -18 -13 -16 25 -1 -11 -25 -22 -2 -28 29 -14
right_child=1 4 16 14 5 6 9 -9 13 23 11 19 15 17 20 -17 18 -19 -20 -21 21 -23 -24 24 -26 -27 27 -29 -30 -31
leaf_value=-0.012228680782363341 -0.0048183566282925536 -0.041637525146961701 0.0076563770181531437 0.041855027386317134 0.043063594677336857 0.0128168165366437 0.049345463501624547 -0.01458877641262394 -0.043155461430909002 -0.012178799426663563 0.1133332569718235 0.025748245235596618 0.024404552863016488 -0.017688113268474113 -0.018916000187384003 0.026359996300504059 -0.024635396373277458 -0.0043803305156498292 -0.0038378850987631379 0.051926239430054012 0.025643350050484834 0.020680138037233255 -0.053683473218474234 0.085358898319685364 0.0091203634997471961 0.0017967651535203317 0.10525500196033606 0.016291275937771146 0.031481815312890953 0.0037630235186059805
leaf_weight=477.85491070151329 2155.0417307019234 543.94623892009258 1437.2412745654583 983.17539191246033 2593.9407879412174 8002.4261543601751 1243.8950019478798 2968.3235467523336 1235.9787839353085 1578.0178945660591 380.67199841141701 1912.8344452232122 1800.8740893006325 8475.6822668910027 1278.9207829236984 4909.5524084866047 12895.040724426508 15687.563392236829 2638.4017054289579 3657.0554084777832 1412.8487441837788 4551.3582495450974 7710.9010464847088 239.96016126871109 4594.7959708571434 16313.634795084596 97.256773844361305 2653.0348368138075 1165.0383006930351 10608.16195088625
leaf_count=2415 9845 2798 6635 4194 11023 35446 5363 13250 6309 6938 1672 8268 7796 39860 5953 21489 62974 72789 12443 15807 6380 20261 41841 1039 20319 74368 420 11803 5016 47129
internal_value=-2.96561e-05 0.00725273 -0.0292768 -0.000953186 0.0169942 0.0176927 0.0161644 0.00540177 -0.00755333 0.0198438 0.0231183 0.0474396 0.0157821 -0.010708 0.00719739 0.0135234 -0.0186673 -0.00904827 -0.0211029 0.0429361 0.0057509 0.00716697 -0.0512644 0.00673197 0.0129043 0.0036974 0.00878112 0.0194372 0.00888059 0.00675865
internal_weight=126203 101044 25159.4 54844.5 46199.5 45655.5 43061.6 10970.7 30304.6 32090.9 25678.1 5950.56 19727.5 25399.2 24539.9 18483.6 16970.7 24163.2 15533.4 5569.89 23556.8 22277.8 8188.76 6412.77 4834.76 17726.5 4905.33 2750.29 13574.1 12409
internal_count=581843 455535 126308 252182 203353 200555 189532 48696 141026 140836 112540 25747 86793 118958 111156 81430 82052 112649 75417 24075 106962 101009 44256 28296 21358 80748 22068 12223 59941 54925
is_linear=0
shrinkage=0.05


Tree=8
num_leaves=31
num_cat=0
split_feature=13 10 10 38 37 5 33 37 28 32 28 33 8 28 28 32 10 33 32 33 5 33 33 3 5 43 0 33 2 0
split_gain=9853.26 2972.41 2570.89 1024.03 989.171 784.631 771.775 617.666 621.332 447.176 389.884 366.789 356.107 336.242 328.105 321.986 315.366 312.103 310.756 281.538 258.16 257.663 560.547 257.256 246.032 274.983 221.987 217.94 209.511 201.047
threshold=0.022765629322606788 0.0092923719595941253 0.027424909699276193 -0.10371055776228287 0.029077268849749597 -0.12322267604037938 -3144.4999999999995 -0.08326767998291533 0.12582198044796142 3.5000000000000004 0.077117522071941683 -2395.4999999999995 0.0018298276982006147 0.0053076574873903272 0.10164889658800892 3.5000000000000004 0.025550860554309669 -4774.4999999999991 2.5000000000000004 -1650.4999999999998 -0.092406656483972102 -4280.4999999999991 -4341.4999999999991 -0.07903109998709211 -0.21167883211678859 1.5000000000000002 0.084455231930960065 -4963.4999999999991 -0.0002424237477378077 0.084455231930960065
decision_type=10 8 10 8 10 10 2 10 10 2 10 2 10 10 10 2 10 2 2 2 10 2 2 10 8 2 10 2 8 10
left_child=1 -1 3 11 9 13 16 -4 15 19 20 24 -8 -3 -14 18 -7 -17 -9 -5 27 22 -22 -13 25 -2 -19 -11 -15 -6
right_child=2 5 7 4 29 6 12 8 -10 10 -12 23 14 28 -16 17 -18 26 -20 -21 21 -23 -24 -25 -26 -27 -28 -29 -30 -31
leaf_value=-0.051143633705993667 0.064198453514719547 -0.007296782471441496 0.035439396994151794 -0.02004880919423354 0.0090835735425246408 -0.012711587690657999 -0.045198092491815993 0.010129368288668906 0.031077252543493496 -0.018015362621270323 0.015636421238660509 0.062286121427991503 -0.026206147155599591 0.00031492052629615184 0.018262171134097126 0.056641584332696983 0.015348210065375682 0.014131355432995077 -0.012476051284619991 0.001897100123668891 -0.0086514251269147538 -0.011155308303263556 0.058955820024779816 0.017904799399354226 0.0039884672351095697 0.017997102975102507 0.042000623777578822 0.0054518329186969859 0.034404447051151046 0.044529260581889184
leaf_weight=7486.4746707826853 399.22986187040806 4011.8600214123726 4515.7341292351484 7047.0263363420963 13000.46466460824 7787.4539323598146 2557.3591811656952 5770.9882920831442 5561.6097223609686 1143.8158969432116 2664.330690741539 774.23873138427734 8191.7705532610416 838.0929144769907 436.93722842633724 463.06304511427879 1149.1077710986137 19858.04823847115 2064.0840973556042 1843.7563167959452 1064.791356369853 12401.789212733507 430.57467757165432 564.63815087080002 2692.9825165867805 1666.1326379626989 741.19219593703747 7326.5947626829147 975.13399724662304 412.74714054167271
leaf_count=41212 1699 18776 19117 33099 58264 37785 13288 25496 23656 5397 11987 3284 40111 3856 2039 1966 5211 87020 9271 8608 4944 58113 2004 2476 11952 7258 3133 33810 4474 1770
internal_value=-0.000128934 -0.0233887 0.00828672 0.00116405 -0.00132018 -0.0153809 -0.0200589 0.0180517 0.0157731 -0.00586516 -0.00244389 0.0204504 -0.0288111 0.000779252 -0.0239544 0.0128276 -0.00910352 0.0160467 0.00417416 -0.0154977 -0.00459754 -0.00879121 0.0108154 0.0435694 0.0139453 0.0269277 0.0151341 0.0022829 0.0186479 0.0101743
internal_weight=125842 33434.2 92407.8 53433.1 47335.9 25947.7 20122.6 38974.7 34459 33922.7 25031.9 6097.22 11186.1 5825.09 8628.71 28897.4 8936.56 21062.3 7835.07 8890.78 22367.6 13897.2 1495.37 1338.88 4758.35 2065.36 20599.2 8470.41 1813.23 13413.2
internal_count=581076 166752 414324 244665 217996 125540 98434 169659 150542 157962 116255 26669 55438 27106 42150 126886 42996 92119 34767 41707 104268 65061 6948 5760 20909 8957 90153 39207 8330 60034
is_linear=0
shrinkage=0.05


Tree=9
num_leaves=31
num_cat=0
split_feature=9 9 12 5 37 37 5 37 8 32 8 33 33 20 33 33 38 9 33 33 26 43 33 33 33 33 43 19 33 33
split_gain=8642.08 2463.97 1895.12 1108.52 829.622 862.685 792.653 740.785 571.797 506.907 451.942 436.054 612.178 427.818 423.9 355.729 345.282 329.971 326.248 312.079 239.352 284.715 239.342 225.591 227.081 224.827 219.053 204.49 201.421 1102.69
threshold=0.012707003072620215 0.024108004506734618 1.0000000180025095e-35 -0.10250384953805568 -0.08817086372668724 0.098901098901050824 -0.14232553042370163 0.015228426395801022 0.090909090909090953 4.5000000000000009 0.076793233318329115 -4854.4999999999991 -4753.4999999999991 0.17371532222863209 -2147.4999999999995 -4774.4999999999991 -0.15197461186620373 0.035236204746396375 -2178.4999999999995 -4854.4999999999991 0.6945349751113441 1.0000000180025095e-35 -1192.4999999999998 -2378.4999999999995 -2515.4999999999995 -896.49999999999989 3.5000000000000004 -0.048138783588595614 -1766.4999999999998 -1919.4999999999998
decision_type=8 10 10 8 10 10 8 8 10 2 10 2 2 10 2 2 10 10 2 2 10 2 2 2 2 2 2 10 2 2
left_child=2 6 14 8 19 11 16 9 15 22 27 -6 -13 -14 18 -4 -2 20 -1 -3 21 -15 -8 24 -18 -21 -9 -5 29 -23
right_child=1 4 3 10 5 -7 7 26 -10 -11 -12 12 13 17 -16 -17 23 -19 -20 25 -22 28 -24 -25 -26 -27 -28 -29 -30 -31
leaf_value=-0.026881716255501304 0.037886455180587211 -0.01796383773509927 0.067883960724375969 -0.034931110869263898 -0.024511248527786498 0.026799948305559901 -0.019915762984862077 -0.0037014391992784123 0.068004223240702072 -0.0042232982349949101 -0.0096928823009252655 0.043486852942272052 -0.031781669814808122 -0.042894155851915375 -0.056799585164493821 -0.0048479556122691132 0.0060203787428997381 0.015734714612810563 0.086497418632635936 0.033501257355700052 0.0010023256429961005 0.0085819761950853037 0.024193765367130454 0.021981820614497809 -0.029457029527727042 0.096452562181612425 0.0099250462230800092 -0.020949685651390167 -0.0046695718812567863 0.060980232280718187
leaf_weight=265.71110559999943 1121.6225107312202 290.67606076598167 177.27805580198765 7646.4503114670515 960.76974561810493 7971.9268822520971 9401.0272275358438 4520.458864569664 328.07984499633312 17441.685642823577 3517.1991179436445 1287.4417790472507 650.34222106635571 239.52995839715004 4997.8372236341238 3252.9409329146147 5001.2999112904072 12446.041184648871 83.352082028985023 4995.0491728782654 12715.457214072347 8277.3956214934587 317.93457365036011 2131.8627927452326 495.75113944709301 145.97836625576019 8485.7498074620962 3974.6103983819485 1521.3105663508177 1142.6676406562328
leaf_count=1256 4806 1329 786 39368 4503 34050 44551 20820 1454 81457 16980 5512 3319 1055 29038 15574 22618 54070 377 21048 56857 36898 1503 9547 2232 596 38356 20111 6818 4966
internal_value=2.38124e-05 0.00642648 -0.0267986 -0.0193624 0.0139337 0.0118047 -0.0016527 -0.00462343 0.00494241 -0.00932224 -0.0253964 0.00875836 0.00959337 0.00841379 -0.053079 -0.00108908 0.0119836 0.00913308 0.000191855 0.0324389 0.00569473 0.0110312 -0.0184728 0.00817529 0.00282085 0.0352887 0.005189 -0.0301492 0.0122117 0.014938
internal_weight=125805 101562 24243.5 18896.6 52644.6 47212.9 48917.4 40166.9 3758.3 27160.6 15138.3 39241 38280.2 36992.7 5346.9 3430.22 8750.54 36342.4 349.063 5431.7 23896.4 11180.9 9718.96 7628.91 5497.05 5141.03 13006.2 11621.1 10941.4 9420.06
internal_count=581855 456911 124944 94273 231021 208048 225890 186687 17814 127511 76459 173998 169495 163983 30671 16360 39203 160664 1633 22973 106594 49737 46054 34397 24850 21644 59176 59479 48682 41864
is_linear=0
shrinkage=0.05


Tree=10
num_leaves=31
num_cat=0
split_feature=10 13 13 28 38 13 38 7 19 33 10 33 33 33 4 10 8 28 5 32 0 19 7 3 33 33 32 33 33 33
split_gain=8461.7 2974.58 1395.16 985.255 963.025 719.534 685.189 678.55 511.335 416.006 407.772 363.923 406.901 317.881 308.282 304.113 266.088 249.175 244.612 225.537 210.525 207.434 204.018 197.714 195.118 248.837 168.406 184.071 389.789 176.934
threshold=0.013966794154988235 0.036848152665612081 0.0078555961955785372 0.0053076574873903272 -0.14731774055199096 0.0087421177162963926 0.20339750639746593 -0.20067883207474344 -0.093029719555462437 -4854.4999999999991 0.031673736304263435 -1612.4999999999998 -1919.4999999999998 -1766.4999999999998 -0.098901098901099257 0.028189540964034285 0.28935677698975576 0.062667450223563972 -0.12322267604037938 3.5000000000000004 0.08930135101325988 0.30725835829387665 -0.10526315789473677 -0.16783216783216656 -4520.4999999999991 -4114.4999999999991 11.500000000000002 -2131.4999999999995 -2178.4999999999995 -4539.4999999999991
decision_type=8 10 10 10 8 10 10 8 8 2 8 2 2 2 10 10 10 10 10 2 10 10 10 10 2 2 2 2 2 2
left_child=2 3 22 5 23 20 9 24 11 -6 21 12 15 -14 -4 26 19 -16 -10 -9 -2 -11 -1 -3 -7 -26 27 28 29 -5
right_child=1 4 14 8 6 7 -8 16 18 10 -12 -13 13 -15 17 -17 -18 -19 -20 -21 -22 -23 -24 -25 25 -27 -28 -29 -30 -31
leaf_value=-0.021831931702602315 -0.035046788387716403 0.055086534933341508 0.016529426508059743 0.015556206092473799 -0.018047606293881659 0.02813678152919202 0.027578515436486983 -0.020625834802097131 0.030198566924853617 0.002875335025231057 0.016696019633234756 -0.020505353079230154 0.052141231423061755 0.0055191230492141084 -0.026420577107943613 0.014203038256465681 0.014344774221682495 -0.0050056413742551173 0.0098268216252912679 -0.0088719238049871224 0.097098081623986643 0.012463558618108342 -0.053836719554677427 0.030353507596414628 -0.012989165144477403 0.009011388397712981 0.012514944079046898 -0.03944149105027072 0.077016213255873128 -0.010625145993931762
leaf_weight=546.0646970719099 2625.7967877984047 1079.2716611772776 504.82547377049923 718.65958915650845 1321.6234690248966 906.89020244777203 6040.3650912046432 5739.8548936396837 1803.1756340265274 15386.940657109022 15868.632678061724 2085.4235642105341 670.68267045915127 803.78265336155891 9664.5227786302567 2490.5179688930511 985.8475840985775 1580.486589550972 8060.4662840366364 14123.865386471152 30.490032106637955 8905.6176308840513 5650.213195681572 3215.0120676755905 1720.3846398591995 5081.5144848078489 1118.6197866797447 445.62584349513054 137.61096726357937 6322.498367190361
leaf_count=2943 13498 4398 2307 3315 6218 3969 25497 27504 7965 69019 68585 9917 2986 3693 49201 11061 4475 7593 36519 66692 130 39198 33692 13456 7754 22722 5212 2129 630 29743
internal_value=-3.19954e-05 0.00526515 -0.0318186 -0.00273759 0.013894 -0.00863878 0.011845 -0.00632359 0.00473304 0.00955406 0.0104624 -0.00114641 0.00203046 0.0267259 -0.0216947 -0.00121096 -0.01101 -0.0234107 0.013551 -0.0122684 -0.03353 0.00639036 -0.0510162 0.0365696 0.00635147 0.00344685 -0.00560176 -0.00825977 -0.00632415 -0.00795293
internal_weight=125635 107689 17946.1 55871.7 51817.5 31214.6 47523.2 28558.4 24657.1 41482.8 40161.2 14793.4 12708 1474.47 11749.8 11233.5 20849.6 11245 9863.64 19863.7 2656.29 24292.6 6196.28 4294.28 7708.79 6801.9 8743.01 7624.39 7178.77 7041.16
internal_count=582021 486285 95736 259914 226371 146744 208517 133116 113170 183020 176802 68686 58769 6679 59101 52090 98671 56794 44484 94196 13628 108217 36635 17854 34445 30476 41029 35817 33688 33058
is_linear=0
shrinkage=0.05


Tree=11
num_leaves=31
num_cat=0
split_feature=10 10 10 20 1 38 5 38 5 20 43 32 32 33 33 32 33 4 38 20 32 33 32 33 33 33 43 43 33 33
split_gain=7756.46 2669.81 1369.55 805.632 681.285 635.523 617.559 684.991 509.015 386.678 371.831 367.468 352.654 441.82 1114.69 468.344 347.507 325.396 318.766 318.283 309.721 430.327 304.25 443.974 349.737 302.9 293.879 288.855 477.64 286.293
threshold=0.013966794154988235 0.023956366740570844 0.0075935864178521464 0.51494993506708531 -0.075949367088607597 0.20339750639746593 -0.18396226415094311 0.028848823055264042 -0.18705035971222997 0.11292216717497711 1.5000000000000002 4.5000000000000009 4.5000000000000009 -1766.4999999999998 -2178.4999999999995 8.5000000000000018 -4963.4999999999991 -0.10067114093959754 0.28747893590569923 0.44698490596893831 10.500000000000002 -4686.4999999999991 2.5000000000000004 -1919.4999999999998 -1601.4999999999998 -3895.4999999999995 2.5000000000000004 1.5000000000000002 -4753.4999999999991 -2649.4999999999995
decision_type=8 10 10 8 10 10 8 8 10 10 2 2 2 2 2 2 2 10 8 10 2 2 2 2 2 2 2 2 2 2
left_child=2 3 -1 -2 -3 8 10 11 -6 -10 -5 29 22 14 20 -16 -9 -4 -18 -19 21 27 -11 -24 -25 -12 -26 28 -14 -8
right_child=1 4 17 6 5 -7 7 16 9 12 25 -13 13 -15 15 -17 18 19 -20 -21 -22 -23 23 24 26 -27 -28 -29 -30 -31
leaf_value=-0.051016430129310168 -0.019413625952009642 0.034488289021649333 0.018437989287640847 0.054550958973508791 0.021054403039827318 0.026950480954026936 -0.021986578694153488 -0.017574406755428203 -0.03639195257396733 0.0070457065667480032 -0.0095824989453317799 -0.0033086507298314785 0.033917939072160452 -0.0012303857080940331 0.05134634850650887 0.018242563122515338 0.0061718278064218568 -0.045306434283649347 0.032863409745433489 -0.019822699222589637 0.019497871091276625 0.00044173104609176756 -0.016461182875841786 0.067809878765742654 0.029416134622754098 0.020903065163651955 -0.023866078433685593 0.052433666269722581 -0.029594699648343072 -0.0029299788802073707
leaf_weight=5665.1937813311815 6876.1177179217339 3255.2387518137693 496.44574883580208 570.20936422049999 7572.3886817395687 5570.2663876414299 6155.4754919856787 1374.043981090188 508.07214812934399 7912.193238183856 1194.0203405469656 16200.737426161766 862.84399852156639 6064.7698010653257 2418.9427668452263 1913.7240889817476 10600.585575208068 1393.8221186697483 1250.5268209278584 10131.327495023608 4605.0474508404732 10799.588211894035 4088.2121488898993 269.15242645144463 539.18499556183815 2565.4921883195639 497.6320802718401 671.93356962502003 450.6137669980526 2899.1274446994066
leaf_count=34113 33563 13607 2275 2421 32612 23367 29477 6575 2758 35192 5322 76244 3649 26862 10274 8285 47862 7740 5577 51807 20111 47896 18397 1146 2430 11363 2286 2898 1974 13773
internal_value=-6.15272e-05 0.00497864 -0.0307486 -0.00352735 0.0122654 0.010944 -0.000975721 -0.00299012 0.00913083 0.0069605 0.0169273 -0.00781755 0.0074965 0.0107017 0.0140331 0.0367245 0.00622855 -0.0211973 0.00898832 -0.0229046 0.00837958 0.00437487 0.000803043 -0.00835371 0.017026 0.0112209 0.00384273 0.0257693 0.0121284 -0.015885
internal_weight=125373 107686 17686.8 49686.3 57999.8 54744.6 42810.2 38480.5 49174.3 41601.9 4329.72 25255.3 41093.8 27787.5 21722.7 4332.67 13225.2 12021.6 11851.1 11525.1 17390 12785 13306.4 5394.18 1305.97 3759.51 1036.82 1985.39 1313.46 9054.6
internal_count=581856 485921 95935 232177 253744 240137 198614 179508 216770 184158 19106 119494 181400 121949 95087 18559 60014 61822 53439 59547 76528 56417 59451 24259 5862 16685 4716 8521 5623 43250
is_linear=0
shrinkage=0.05


Tree=12
num_leaves=31
num_cat=0
split_feature=13 33 13 37 12 28 7 33 32 37 33 36 28 34 33 32 28 38 32 33 7 9 33 34 0 1 33 33 32 33
split_gain=7117.75 2061.11 1664.16 872 616.167 607.226 736.683 550.708 580.712 515.588 458.508 370.435 340.317 320.362 295.459 805.867 277.86 272.759 269.044 249.071 262.923 244.498 237.989 236.319 219.149 215.359 207.756 204.218 202.089 241.438
threshold=0.022264039972090598 -1612.4999999999998 0.04055323145875004 -0.078874981086999071 1.0000000180025095e-35 0.047519800934698465 -0.16992988991433114 -4520.4999999999991 4.5000000000000009 0.043219076005916131 -4832.4999999999991 0.99962990377498195 -0.031681383089525651 4.0561229745961933 -2178.4999999999995 8.5000000000000018 -0.074749129196820502 0.069593004597091848 1.5000000000000002 -4854.4999999999991 -0.26666666666666661 0.015980642860120266 -919.49999999999989 3.0955776171542437 0.025316455696202559 -0.052226889431452532 -3592.4999999999995 -3290.4999999999995 5.5000000000000009 -1192.4999999999998
decision_type=10 2 10 8 8 10 8 2 2 10 2 2 10 2 2 2 10 10 2 2 10 8 2 2 8 10 2 2 2 2
left_child=1 7 5 22 -3 6 -2 10 21 19 18 -11 -10 14 -14 -16 -6 28 -1 -5 -21 -9 25 26 -18 -4 -7 -28 29 -8
right_child=2 4 3 9 16 23 17 8 12 11 -12 -13 13 -15 15 -17 24 -19 -20 20 -22 -23 -24 -25 -26 -27 27 -29 -30 -31
leaf_value=0.021615290282209397 0.0068351907941435631 -0.05466159602062387 0.038391318984651611 -0.023384251435066707 0.029394907516367565 0.0026804992109665787 -0.016431112445325361 -0.035015676784583213 -0.02389288778538054 0.015897166236713986 0.038832148731350026 0.047542375343473831 -0.0017128233334329564 -0.014445494489534236 0.085129190902467178 -0.011062868009094234 -0.032846148720250372 0.0075470547779242147 -0.025041268921754095 0.020290123920980487 0.0046633111727808546 -0.012424381653117442 0.085130306588599325 0.0059912001594150735 0.03567299775626695 0.0196804990416647 0.055353993426760409 0.021203691544893679 -0.0053055790950834233 0.026461157177765544
leaf_weight=495.79274418950081 13483.201777398586 4144.7548980563879 3139.0396978706121 697.73288610577583 195.32135654985905 1003.2703908532858 9314.4293180406094 4016.7953724265099 3028.9656796008348 14487.608745932579 901.15746222436428 987.83091206848621 4566.5225297957659 4638.1959153860807 378.25665678083897 513.06642121076584 5235.6617582291365 2630.8727296590805 820.05587626993656 3158.5718381404877 18210.661937057972 1706.4646492749453 196.44090935587883 8870.5557291209698 119.35605806112289 3014.9167525321245 588.55841268599033 1708.7017364650965 12595.172623738647 340.06399691104889
leaf_count=2290 60232 26369 13033 3369 987 4445 44601 20909 15128 61871 4151 4068 22172 23397 1711 2610 27886 11861 3919 13481 80548 8190 798 39530 565 12773 2638 7569 59244 1610
internal_value=-0.000108237 -0.020997 0.00669642 0.0138187 -0.040075 0.000510289 -0.00257684 -0.0122166 -0.0149892 0.0109202 0.0113556 0.0179171 -0.0091938 -0.00478385 0.00342682 0.0297588 -0.0291824 -0.00767738 -0.00746175 0.00601323 0.0069731 -0.0282798 0.030954 0.010241 -0.031319 0.0292246 0.0216629 0.029953 -0.00947756 -0.0149203
internal_weight=125188 30760.4 94427.6 43892.8 9695.09 50534.8 38363.7 21065.3 18848.3 37542.4 2217.01 15475.4 13125 10096 5457.85 891.323 5550.34 24880.5 1315.85 22067 21369.2 5723.26 6350.4 12171.1 5355.02 6153.96 3300.53 2297.26 22249.7 9654.49
internal_count=581955 160284 421671 189941 55807 231730 177548 104477 94117 163337 10360 65939 65018 49890 26493 4321 29438 117316 6209 97398 94029 29099 26604 54182 28451 25806 14652 10207 105455 46211
is_linear=0
shrinkage=0.05


Tree=13
num_leaves=31
num_cat=0
split_feature=10 10 10 19 37 19 13 32 37 28 20 32 37 19 28 28 28 1 5 5 7 1 5 38 5 28 7 1 32 11
split_gain=6633.84 2412.94 1085.09 1010.41 648.824 655.508 542.389 421.872 405.058 396.766 375.757 330.807 316.145 305.104 270.74 240.3 196.194 189.022 171.471 153.978 191.681 151.825 146.974 148.592 144.23 137.824 135.352 131.364 128.715 127.228
threshold=0.013424705897902895 0.025002689215079036 0.0075935864178521464 -0.23050683399416036 -0.078874981086999071 -0.10415151776896937 0.0068024655391344729 3.5000000000000004 -0.073027521109263735 0.021899782487570074 0.083380047468025367 4.5000000000000009 -0.06656851013137742 -0.11445145246263319 0.074178043238979835 0.088327430594975567 0.10424354890120621 -0.075949367088607597 -0.13348290458478171 -0.071428571428571438 -0.032597210560409144 0.10344827586206941 -0.13793103448275826 0.046733088190444534 -0.19330895524409611 -0.10131766787067184 -0.29895922567177696 0.22960393150859795 2.5000000000000004 1.1009820745394998
decision_type=8 10 10 8 10 10 10 2 8 10 10 2 10 10 10 10 10 10 8 10 10 10 8 10 8 8 10 8 2 10
left_child=2 3 -1 6 17 10 -2 -8 24 21 -6 28 25 -4 18 26 19 -3 -14 -7 -21 22 -10 -24 -5 -9 -13 -11 -12 -19
right_child=1 4 13 8 5 16 7 12 9 27 11 15 14 -15 -16 -17 -18 29 -20 20 -22 -23 23 -25 -26 -27 -28 -29 -30 -31
leaf_value=-0.04900451167965604 -0.040132501840019208 0.041500041598580242 -0.028406212994959941 0.044277846664643412 -0.037715573565341692 0.021268085394561678 -0.018100231913329351 0.035955914524204241 0.0066073579841721096 0.0092923921924968501 0.0024167932477086014 0.020778464088850018 0.0016698875717920285 -0.010716794471370592 0.01023640728630943 0.020814653147527278 0.025495205878901618 0.028274418379969132 -0.011043757384887705 0.0062959977032310032 0.021566924137670675 0.028857580968321497 -0.0086952040968341273 0.0076906785092291019 0.013612026294338213 0.0066767689345942878 0.0049149135318560036 0.072477463131269557 -0.01039824642930598 0.01064312786049347
leaf_weight=5336.8270756453276 1362.7579509615898 1684.5194975435734 5911.8266297280788 772.07421293854713 508.91150051355362 4893.0720707029104 7385.362870618701 535.80351738631725 2746.0000345408916 10785.190834805369 4878.2128054350615 1496.0113252401352 3323.0071086883545 4147.8513967841864 2189.9865104556084 3669.8818051666021 4871.4453427046537 2789.6242941319942 13136.096292674541 7470.5158100128174 2834.5944370478392 366.37233898043633 9502.5533086657524 1619.3230634629726 761.72184404730797 1608.6265545785427 13288.018161475658 82.892137587070465 3274.8088361024857 1615.855169788003
leaf_count=33985 7722 6858 31736 3220 2841 21043 35761 2375 12393 48240 21654 6377 15194 21297 9848 15500 20354 11774 63193 32580 12027 1597 45316 7306 3384 7207 58747 344 14813 6792
internal_value=-5.05896e-05 0.00427211 -0.0307805 -0.00295742 0.0118955 0.00991317 -0.00932471 -0.00783481 0.00410442 0.0025803 0.00484311 0.00565713 -0.00418878 -0.0211124 -0.00627941 0.00936287 0.0167633 0.0272546 -0.00847694 0.0139644 0.0104965 -0.00291245 -0.00375177 -0.00630945 0.0290484 0.0139924 0.00652016 0.00977431 -0.0027306 0.0218076
internal_weight=124850 109453 15396.5 56177.8 53275.5 47185.5 29541.6 28178.9 26636.1 25102.3 27115.8 26606.9 20793.5 10059.7 18649.1 18453.9 20069.6 6090 16459.1 15198.2 10305.1 14234.2 13867.9 11121.9 1533.8 2144.43 14784 10868.1 8153.02 4405.48
internal_count=581478 494460 87018 263100 231360 205936 141300 133578 121800 115196 119932 117091 97817 53033 88235 80624 86004 25424 78387 65650 44607 66612 65015 52622 6604 9582 65124 48584 36467 18566
is_linear=0
shrinkage=0.05


Tree=14
num_leaves=31
num_cat=0
split_feature=10 13 13 38 28 13 4 5 1 10 10 4 33 10 33 36 33 33 32 33 5 10 32 33 28 1 33 33 19 35
split_gain=6123.29 2131.55 1131.69 730.203 711.333 580.998 543.019 456.095 399.959 322.981 312.551 283.027 277.623 292.731 269.848 265.07 258.27 284.193 237.295 226.188 213.116 211.952 206.019 188.526 184.508 184.233 180.869 179.104 174.713 173.352
threshold=0.013697388363961832 0.035714708701967808 3.0531133177191813e-17 -0.13915103015571059 0.0048035812737359284 0.0041120132511637802 0.13636363636363638 -0.13793103448275826 0.0029895366218235524 0.025002689215079036 0.028824565394406389 -0.087719298245613683 -4854.4999999999991 0.034901768093618613 -4520.4999999999991 0.99962990377498195 -4280.4999999999991 -4322.4999999999991 5.5000000000000009 -2836.4999999999995 -0.13348290458478171 0.008057896779017101 4.5000000000000009 -4854.4999999999991 -0.14204552578320864 0.16194650268632585 -4774.4999999999991 -1612.4999999999998 -0.17587156934903711 0.087439696366888434
decision_type=8 10 10 8 10 10 10 8 8 10 10 10 2 8 2 2 2 2 2 2 8 10 2 2 10 8 2 2 10 10
left_child=2 4 -1 23 5 29 12 -7 10 18 22 -4 -5 26 -11 -8 17 -13 -9 -20 -10 -18 -6 -3 -25 -22 -14 -12 -23 -2
right_child=1 3 11 6 8 7 15 9 20 14 27 16 13 -15 -16 -17 21 -19 19 -21 25 28 -24 24 -26 -27 -28 -29 -30 -31
leaf_value=-0.0500565087851855 -0.035191028966191702 -0.056195815999755608 0.011557672421225081 -0.016528676091866226 -0.016153312389381776 0.0050949423346525642 0.01619451980122107 -0.020411668794412901 0.030409028177523018 0.030709497813985756 0.017967094712494185 -0.0016914626706514718 0.035117775690271476 0.014407204647466185 -0.0035655984350287427 0.046050032018168791 -0.040280603920518937 0.11614128766771688 -0.0011996509304262343 -0.018227158379394204 0.0074287840441769658 -0.027735075790462818 -0.0012509954494359307 0.054262555152781014 0.026349985916039726 0.06573135692388403 0.0036639493455610595 -0.025641158302416381 -0.013299065969646771 0.095981438842286326
leaf_weight=4546.9337576180696 2052.4960964620113 64.061524212360382 647.03572326898575 1301.7945787608624 3326.1254289001226 6782.2715795487165 12292.909577861428 6976.9388407766819 1246.3832596391439 648.79447387158871 2325.8379097878933 541.52236630022526 465.3375533670187 9673.7635625600815 4997.993054240942 791.30598857998848 1735.4753797054291 56.51064470410347 4984.1232254952192 3204.116992354393 8750.4116083979607 4555.9992940723896 7660.9432997852564 684.45817048847675 4385.0484572201967 137.6285185366869 25639.565048500896 261.9755105227232 3881.526447147131 25.500275909900665
leaf_count=30577 11256 277 3064 6248 15948 30391 51955 34607 5460 2838 10168 2762 1989 41325 22744 3214 10223 281 24065 15597 39815 24321 35912 2786 18063 573 113833 1211 19959 105
internal_value=-4.67452e-05 0.00420077 -0.0289612 0.0110807 -0.00292617 -0.00808552 0.00924268 -0.00616555 0.00353077 -0.00983515 -0.00208035 -0.0205606 0.00615253 0.00697778 0.00037248 0.0180001 -0.02249 0.00944305 -0.013636 -0.00786264 0.0110468 -0.0243672 -0.00576239 0.0290415 0.0301186 0.00833158 0.00422464 0.0135524 -0.0210941 -0.0335813
internal_weight=124645 108680 15965 55298.2 53381.5 29672.2 50164.7 27594.2 23709.3 20812 13574.9 11418.1 37080.5 35778.7 5646.79 13084.2 10771 598.033 15165.2 8188.24 10134.4 10173 10987.1 5133.57 5069.51 8888.04 26104.9 2587.81 8437.53 2078
internal_count=581567 490380 91187 239690 250690 141603 218564 130242 109087 99851 63239 60610 163395 157147 25582 55169 57546 3043 74269 39662 45848 54503 51860 21126 20849 40388 115822 11379 44280 11361
is_linear=0
shrinkage=0.05


Tree=15
num_leaves=31
num_cat=0
split_feature=10 10 12 19 37 19 5 38 37 20 0 19 32 33 12 0 32 43 43 5 43 33 9 1 38 32 33 33 33 32
split_gain=5662.15 2097.66 1033.57 845.772 538.109 620.659 416.941 397.374 338.783 292.398 288.77 266.046 264.934 444.415 262.484 261.355 238.442 229.086 212.081 203.43 184.491 261.221 186.806 180.087 173.993 172.172 256.969 161.977 558.065 377.669
threshold=0.013424705897902895 0.025225579853895199 1.0000000180025095e-35 -0.17587156934903711 -0.081052518378685698 -0.19607191368373003 -0.16157205240174596 0.027732065062285764 -0.073027521109263735 0.083380047468025367 0.084455231930960065 -0.05991251537607082 4.5000000000000009 -4753.4999999999991 0.16428571428571379 0.095238095238095691 4.5000000000000009 3.5000000000000004 1.5000000000000002 -0.10250384953805568 1.5000000000000002 -4706.4999999999991 0.039448921834024445 -0.093023255813953584 0.017326507783480331 4.5000000000000009 -4539.4999999999991 -2212.4999999999995 -1780.4999999999998 3.5000000000000004
decision_type=8 10 10 8 10 10 8 8 8 10 10 10 2 2 10 10 2 2 2 8 2 2 10 10 8 2 2 2 2 2
left_child=2 3 -1 6 23 9 18 14 -5 -6 27 -4 -11 -14 -8 17 -16 19 -2 -10 -15 -22 -23 -3 -21 26 -19 -7 29 -29
right_child=1 4 11 8 5 10 7 -9 15 12 -12 -13 13 20 16 -17 -18 25 -20 24 21 22 -24 -25 -26 -27 -28 28 -30 -31
leaf_value=-0.052187452425781614 0.035850097911699963 0.043637160344601744 -0.027815643676151559 0.026978725408659102 -0.034717520085296154 0.010435852870451203 -0.04247453316815631 0.00034423378102283169 0.0071066843103592793 -0.0029896090254727596 0.037016421725051346 -0.012147476881593365 0.057728179639938593 -0.014669642315925558 -0.020185459276894097 0.051363772327418601 -0.0087313903543505666 0.048396952919725685 0.001912187282644625 -0.015057595881482014 0.066162708538085105 0.0043562277299825291 0.017029672602548149 0.021206573428429836 -8.3267658572376145e-07 0.01009328950668697 -0.0059116947379212687 -0.0076542279984559885 0.0060352358369183089 0.038722003621349671
leaf_weight=3623.0953995287418 521.20470584928989 1106.134725317359 6701.4260595887899 1505.590387493372 477.57512247562408 12254.79479944706 779.53759363293648 6299.8547661304474 3264.097287401557 7614.2963025122881 1464.6301835775375 4548.0420631766319 441.4567139595747 935.61715538799763 7134.4460209310055 271.01756744086742 12511.992366433144 232.10134963691235 3941.4335227757692 3976.6202523857355 191.88434745371342 11839.36527954042 3854.2175870984793 4684.331362336874 3707.6391390413046 9328.4404585659504 3537.9268160462379 502.93903647363186 3821.851729080081 3452.8906816840172
leaf_count=25632 2229 4461 37328 6434 2765 52567 4661 29364 14824 34007 5997 24037 1831 4143 35637 1129 60278 1030 17738 19120 815 52015 16275 19501 16994 42051 16164 2179 16480 14411
internal_value=-1.14893e-05 0.00391506 -0.0289615 -0.00273016 0.0111119 0.00933471 -0.00827162 -0.0106339 0.00396258 0.00403567 0.0155846 -0.0214812 0.00477963 0.00820655 -0.0140199 0.00253758 -0.0128908 0.00198729 0.0058759 -0.00335069 0.00690689 0.0081777 0.00746872 0.0254914 -0.00779274 0.00644904 -0.00256819 0.0140177 0.0196613 0.0328258
internal_weight=124526 109654 14872.6 57011.9 52642 46851.5 31188.5 26725.8 25823.4 25354.4 21497.1 11249.5 24876.8 17262.5 20426 24317.8 19646.4 24046.8 4462.64 10948.4 16821.1 15885.5 15693.6 5790.47 7684.26 13098.5 3770.03 20032.5 7777.68 3955.83
internal_count=582097 495100 86997 267653 227447 203485 149907 129940 117746 111851 91634 61365 109086 75079 100576 111312 95915 110183 19967 50938 73248 69105 68290 23962 36114 59245 17194 85637 33070 16590
is_linear=0
shrinkage=0.05


Tree=16
num_leaves=31
num_cat=0
split_feature=10 10 19 13 19 13 1 38 32 32 20 3 32 7 4 43 5 36 5 43 4 2 1 10 43 32 3 34 38 32
split_gain=5235.42 2000.96 782.364 727.193 499.028 490.591 487.129 337.926 319.263 373.022 336.122 311.852 292.978 266.873 245.254 223.639 257.576 206.329 204.862 196.003 175.736 170.238 168.05 149.537 149.222 228.064 138.699 137.759 128.646 128.132
threshold=0.012342961850854086 0.023956366740570844 -0.17587156934903711 3.0531133177191813e-17 0.32484882662863335 0.0068024655391344729 -0.072916666666666283 -0.087596650312795551 3.5000000000000004 2.5000000000000004 0.11292216717497711 -0.11208323367615379 4.5000000000000009 -0.29030477818130024 0.098886088986089096 3.5000000000000004 -0.13579828841144989 0.99962990377498195 -0.10970450524307489 2.5000000000000004 -0.079055606229519945 -0.11017830085626833 0.086288960758419422 0.008057896779017101 1.5000000000000002 5.5000000000000009 -0.07903109998709211 2.9678437658194921 -0.074781347427474429 1.5000000000000002
decision_type=8 10 8 10 10 10 10 10 2 2 10 8 2 10 10 2 8 2 10 2 10 10 10 10 2 2 10 2 10 2
left_child=3 2 5 -1 6 -2 21 26 9 28 -10 -4 29 -12 -15 16 -13 18 -6 24 -5 -3 -18 -22 25 -14 -7 -17 -8 -9
right_child=1 4 11 20 17 7 8 12 10 -11 13 15 19 14 -16 27 22 -19 -20 -21 23 -23 -24 -25 -26 -27 -28 -29 -30 -31
leaf_value=-0.049027134940600986 -0.037566534773779095 0.041750863724378168 0.033018124433642389 0.0078113492522736139 0.025682225157939123 0.014669002166200363 0.019600981059860245 -0.0069804061004763267 -0.030392035531300293 -0.017092501065104872 0.021046348817905885 0.010858809714456318 0.074918082499278074 0.0039546955032503939 0.015623311447173108 0.015398963651566329 -0.0090016033995103089 0.037865167972786717 0.01223650200809802 -0.0018619665022760819 -0.037770444881637666 0.016964500021846698 0.022637847901386825 -0.020739389915190354 -0.016422940765644017 -0.0053175142113753345 -0.002382248721969394 0.0033458247119201724 0.00096571688434185965 -0.021817690030537962
leaf_weight=4057.7800372987986 1451.5160058736801 1112.2278931289911 828.20971857011318 440.70675963163376 3731.4278431683779 1871.2688810825348 1099.9067707359791 1927.6711975336075 562.18286955356598 3036.171850413084 3766.5582437068224 2484.9770855009556 111.54416981339455 18747.796170428395 5926.7566785514355 3166.846635594964 8257.7316983938217 1102.0249262005091 11764.760444521904 9403.3513048440218 1681.1794618964195 1836.7433916777372 442.15454863011837 5522.9824356734753 4994.8096069991589 429.90896654129028 3288.4395144432783 9428.5965168476105 5861.3138453662395 5935.2952309250832
leaf_count=29248 8753 4526 3512 2176 15681 8281 4734 9545 3264 13811 15741 11086 515 82575 25017 14366 39392 4508 50075 44950 10254 7658 1929 29980 24305 2066 15184 42944 26085 29975
internal_value=-9.00418e-05 0.00321889 -0.0037209 -0.0319194 0.00962226 -0.0092246 0.00671861 -0.00775338 0.00523703 -0.00246826 0.00789303 0.00285751 -0.010368 0.00864979 0.00675746 0.00180709 -0.0033384 0.0169608 0.0154742 -0.00625636 -0.0228388 0.0263129 -0.00739359 -0.0247138 -0.0137202 0.0112117 0.00380172 0.00637632 0.00391018 -0.0181802
internal_weight=124273 112570 54022.3 11702.6 58547.9 29413.8 41949.7 27962.3 39000.7 9997.39 29003.3 24608.5 22802.6 28441.1 24674.6 23780.3 11184.9 16598.2 15496.2 14939.6 7644.87 2948.97 8699.89 7204.16 5536.26 541.453 5159.71 12595.4 6961.22 7862.97
internal_count=582136 510478 256803 71658 253675 143574 183411 134821 171227 44630 126597 113229 111356 123333 107592 109717 52407 70264 65756 71836 42410 12184 41321 40234 26886 2581 23465 57310 30819 39520
is_linear=0
shrinkage=0.05


Tree=17
num_leaves=31
num_cat=0
split_feature=10 10 10 19 37 13 1 3 32 33 7 0 19 33 32 33 33 33 33 32 32 32 33 33 13 33 33 43 43 38
split_gain=4870 1538.84 1054.02 813.801 475.882 432.799 361.277 339.306 332.334 318.476 305.308 258.285 258.134 251.117 248.787 320.133 898.094 442.039 365.901 299.979 262.967 247 220.447 333.8 215.795 225.96 367.003 195.756 191.942 261.542
threshold=0.013966794154988235 0.028962126780589979 0.0075935864178521464 -0.23842907976206282 -0.065127312641025767 0.005654688058778546 -0.093023255813953584 -0.1191709844559614 4.5000000000000009 -1689.4999999999998 -0.0075172273062615305 0.095238095238095691 -0.12524568521235477 -1192.4999999999998 3.5000000000000004 -1766.4999999999998 -2178.4999999999995 -2163.4999999999995 -4753.4999999999991 10.500000000000002 2.5000000000000004 5.5000000000000009 -1689.4999999999998 -1676.4999999999998 5.7245874707234639e-18 -4733.4999999999991 -4686.4999999999991 6.5000000000000009 3.5000000000000004 -0.087596650312795551
decision_type=8 10 10 8 10 10 10 8 2 2 10 10 10 2 2 2 2 2 2 2 2 2 2 2 10 2 2 2 2 8
left_child=2 3 -1 4 9 -6 -3 -5 13 -2 14 28 -4 -7 20 16 18 -18 -16 24 -8 -19 -17 -24 -20 -26 -27 -28 29 -9
right_child=1 6 12 7 5 8 10 11 -10 -11 -12 -13 -14 -15 15 22 17 21 19 -21 -22 -23 23 -25 25 26 27 -29 -30 -31
leaf_value=-0.045493041458267811 0.0042218195828951565 0.035494091947482133 -0.023973576239217267 0.032676687201089377 -0.036383889157650805 -0.015164343718750264 0.0074431565171647982 0.013959397666558388 -0.0030442960989379183 0.043431548322950569 0.027014329243547904 0.043156223835785414 -0.0087367137924959804 0.037155186079274136 0.039098670088611835 -0.017513928247817334 0.091623045772753431 0.056310322555796856 -0.030742871485159251 0.019042062814546193 -0.012753753920875714 0.024573595464641829 0.069936656205580178 0.0031584427473210228 -0.041013492292652526 0.041637831880806782 0.0015166883763725399 0.044653386442167951 0.0070886396550408183 -0.0036706381213217976
leaf_weight=4766.5709318816662 3974.2183924764395 1557.9880333244801 6524.266459107399 1069.6355851590633 1281.3585678040981 10221.616035506129 6011.8922708779573 2539.9904126226902 20585.767184540629 595.47641491889954 2714.279249727726 417.06471246480942 4843.0663076192141 234.60874491930008 945.23143219947815 1253.1528017669916 310.78092479705811 737.08246065676212 463.44921255111694 3782.214732915163 2201.9411726593971 3643.9421806782484 198.08183930814266 3386.3826266676188 269.39639477431774 652.15167365968227 8805.3329625278711 271.10035674273968 17570.237614795566 12245.982702940702
leaf_count=34070 17683 6329 36614 4442 7676 50040 25920 11095 96294 2628 11146 1715 25263 1104 3866 5372 1283 3034 2468 15923 9794 15105 819 14724 1159 2723 37882 1141 78340 56688
internal_value=-0.000135301 0.00369446 -0.0257575 -0.000635178 -0.00577172 -0.00790689 0.0119263 0.0049643 -0.00673141 0.00933123 0.0108962 0.00405984 -0.0174819 -0.0139904 0.00956777 0.0120729 0.0148798 0.0340007 0.00897344 0.00697428 0.00202883 0.0299131 0.000537713 0.00684869 0.00261131 0.00415742 0.00540826 0.00280512 0.00355589 -0.000642084
internal_weight=124074 107940 16133.9 70736 36893 32323.4 37204.4 33842.9 31042 4569.69 35646.4 32773.3 11367.3 10456.2 32932.1 24718.3 19880.7 4691.81 15188.9 14243.6 8213.83 4381.02 4837.62 3584.46 10461.4 9997.98 9728.58 9076.43 32356.2 14786
internal_count=582340 486393 95947 327705 175425 155114 158688 152280 147438 20311 152359 147838 61877 51144 141213 105499 84584 19422 65162 61296 35714 18139 20915 15543 45373 42905 41746 39023 146123 67783
is_linear=0
shrinkage=0.05


Tree=18
num_leaves=31
num_cat=0
split_feature=10 13 37 12 0 37 13 32 10 32 33 33 33 34 33 33 32 43 33 33 32 33 33 43 43 33 9 32 33 0
split_gain=4474.9 1782.73 707.649 707.363 660.722 525.225 420.542 385.678 309.373 270.381 785.025 829.288 477.583 277.991 253.565 396.42 247.325 233.186 488.813 232.753 259.034 252.529 334.818 224.373 223.864 222.106 221.838 215.123 212.522 205.066
threshold=0.012342961850854086 0.031216590584034223 -0.081052518378685698 1.0000000180025095e-35 0.00069192183353816727 0.091835583550970115 0.0022988505747125795 3.5000000000000004 0.023855944452217722 8.5000000000000018 -2192.4999999999995 -1561.4999999999998 -4774.4999999999991 3.1878998236700151 -4539.4999999999991 -4854.4999999999991 1.5000000000000002 3.5000000000000004 -2163.4999999999995 -4384.4999999999991 7.5000000000000009 -4060.4999999999995 -4096.4999999999991 1.5000000000000002 3.5000000000000004 -896.49999999999989 0.046089004903982315 1.5000000000000002 -1689.4999999999998 0.084455231930960065
decision_type=8 10 8 10 8 10 10 2 10 2 2 2 2 2 2 2 2 2 2 2 2 2 2 2 2 2 10 2 2 10
left_child=3 4 28 -1 6 7 17 16 -8 10 12 -12 -9 -11 15 27 25 -2 -19 20 -14 22 -21 -13 -16 -4 -15 -6 -3 -7
right_child=1 2 5 -5 14 29 8 9 -10 13 11 23 19 26 24 -17 -18 18 -20 21 -22 -23 -24 -25 -26 -27 -28 -29 -30 -31
leaf_value=-0.049942050525443905 -0.035903630584676542 0.018741654628424819 0.0038137374159920231 -0.022186093702017549 0.029722541882196907 0.013895725621663361 -0.011046665133400675 0.037662173105824065 0.00099300149360590688 0.01064665999002328 0.044252267389582704 0.082359397546824739 -0.020661740509683703 -0.0040045155555270247 -0.0065130085567300516 0.040117868687004371 -0.0090729455339293493 0.065015618259036498 -0.037734153291877376 0.0015127012511120944 0.029162297267111198 0.00091149124539105465 0.052334380059086284 0.0062161487789596541 0.0063020052100560345 0.076941947616469247 0.021137695816276988 -0.023713902678608796 0.042024695262286582 0.035176841223138175
leaf_weight=3203.5917647629976 2097.9922776818275 6692.2567931413651 4628.1137273609638 8097.6464106440544 285.18104708194733 8656.9938571900129 18195.155326262116 948.55663599073887 7549.6521513611078 6611.4289022386074 2994.2873531579971 99.590000450611115 1906.5305697470903 11364.642334088683 5861.4141590148211 1092.3725704550743 7686.5313663929701 190.37964691221714 295.27782693505287 713.95884232223034 302.21957039833069 8157.0144363492727 593.46104124188423 3391.6208311617374 8141.3965556025505 106.21497085690498 950.73900106549263 554.6670401096344 1148.2476674169302 1302.2853915542364
leaf_count=25039 12340 27855 20453 46776 1299 36196 89369 3971 33944 28948 12485 440 8380 50395 28285 4834 35119 867 1733 3192 1270 36248 2555 15098 38129 473 3972 2673 4706 5270
internal_value=-6.14412e-05 0.002951 0.00801926 -0.0300541 -0.00486429 0.00618519 -0.00944594 0.00411393 -0.00751604 0.00661209 0.0108079 0.0249463 0.00354304 0.00237632 0.00328072 0.0202599 -0.00353572 -0.0286765 0.00254416 0.000770539 -0.0138444 0.00418128 0.0245816 0.0083882 0.000937789 0.00545437 -0.00206355 -0.00556888 0.0221515 0.0166785
internal_weight=123819 112518 68254.7 11301.2 44263.5 60414.2 28328.5 50454.9 25744.8 38034 19107.2 6485.5 12621.7 18926.8 15935 1932.22 12420.9 2583.65 485.657 11673.2 2208.75 9464.43 1307.42 3491.21 14002.8 4734.33 12315.4 839.848 7840.5 9959.28
internal_count=582314 510499 297026 71815 213473 264465 138253 222999 123313 166954 83639 28023 55616 83315 75220 8806 56045 14940 2600 51645 9650 41995 5747 15538 66414 20926 54367 3972 32561 41466
is_linear=0
shrinkage=0.05


Tree=19
num_leaves=31
num_cat=0
split_feature=13 10 10 38 38 1 5 5 1 13 32 32 3 32 34 0 43 5 37 25 43 32 32 10 0 3 43 43 32 34
split_gain=4109.3 1540.49 1108.3 596.227 584.034 495.228 413.786 393.522 242.029 238.16 220.711 238.883 207.807 193.377 189.906 186.373 182.332 171.42 166.186 163.414 155.532 151.179 148.014 144.912 144.281 142.768 138.562 133.835 183.483 169.472
threshold=0.020654257138597823 0.0085233937816497057 0.029244528102403956 -0.10371055776228287 0.034771388011877853 0.0029895366218235524 -0.11927665449803269 -0.076062639821027553 -0.099999999999999242 3.0531133177191813e-17 3.5000000000000004 2.5000000000000004 -0.12307631558279002 5.5000000000000009 4.0681713220359965 0.058333333333334021 1.5000000000000002 -0.28641608040201022 0.016551228596718873 0.72145254074784282 1.5000000000000002 10.500000000000002 8.5000000000000018 0.019252528323019328 -0.034739454094293458 -0.035928143712573517 1.5000000000000002 2.5000000000000004 10.500000000000002 2.8986667661772656
decision_type=10 8 10 8 8 10 10 8 10 10 2 2 10 2 2 10 2 10 10 10 2 2 2 10 10 10 2 2 2 2
left_child=1 -1 3 12 7 6 -3 20 -4 -8 11 -10 16 -9 17 23 -2 -12 -6 -20 -5 -22 -16 -7 -11 -23 -13 -15 -29 -30
right_child=2 5 8 4 18 15 9 13 10 24 14 26 -14 27 22 -17 -18 -19 19 -21 21 25 -24 -25 -26 -27 -28 28 29 -31
leaf_value=-0.043152927377554891 0.055149542327546652 -0.0024148483705674142 0.033448881003243322 0.020777416665477087 -0.0014816324184884989 -0.0066725854356813434 -0.038033997377835256 -0.014363803523605383 0.0089757865230397672 0.047287414238341936 0.036328383264938729 -0.036158319427225818 0.0096697448264873292 -0.011258339343774394 0.014214006316117462 0.054923730681147281 0.018646550282173456 0.015086571467613214 0.01702394903026774 0.0052999594494768064 -0.002167759696096113 0.031952608302723159 0.0002401724420090944 0.010738660950951495 -0.019046984988837209 0.0043599405520146402 -0.0041302918293857271 -0.0049762414152256908 0.041530308835266927 0.0048237040603286725
leaf_weight=4957.5599907189608 497.56723937392235 3669.3527788966894 1249.3230465352535 994.15467205643654 5558.645074531436 3544.7746463119984 1880.1420285105705 9337.774813324213 6146.546402156353 82.755778297781944 1009.9284552931786 420.40034061670303 5823.8515803962946 5183.6005271822214 3591.8629388213158 154.36886782944202 1094.8233161568642 15944.922115802765 4181.6059265136719 10276.587022423744 11151.583634749055 636.41785673797131 4011.3332617878914 1802.8278942704201 8667.0354684740305 1779.8996760696173 1716.5412807017565 6338.8792559057474 406.34804934263229 1390.3728683143854
leaf_count=36993 2031 17893 5053 4513 25801 18469 12267 45812 26276 393 4140 1823 25232 24718 15070 659 4491 66949 18404 44995 52144 2918 16879 8355 45587 8113 7656 29864 1900 6494
internal_value=-1.32563e-05 -0.0182273 0.00455372 0.000707154 -0.00102124 -0.0119867 -0.0168916 -0.00472523 0.0118486 -0.0218888 0.0110269 0.00396926 0.0140463 -0.00884699 0.0134075 0.000760756 0.0300525 0.0163519 0.00586592 0.00869078 0.00168778 0.000289029 0.00684162 -0.000802762 -0.0184196 0.0116274 -0.0104312 -0.00497928 -0.000978574 0.0131253
internal_weight=123502 24758.8 98743 64652.1 57235.9 19801.3 14299.3 37219 34090.9 10629.9 32841.5 8283.49 7416.24 22657 24558 5501.97 1592.39 16954.9 20016.8 14458.2 14562.1 13567.9 7603.2 5347.6 8749.79 2416.32 2136.94 13319.2 8135.6 1796.72
internal_count=581892 140616 441276 297430 265676 103623 76140 176476 143846 58247 138793 35755 31754 108788 103038 27483 6522 71089 89200 63399 67688 63175 31949 26824 45980 11031 9479 62976 38258 8394
is_linear=0
shrinkage=0.05


Tree=20
num_leaves=31
num_cat=0
split_feature=10 10 13 12 37 7 28 5 33 37 43 33 13 20 33 32 33 11 33 7 43 37 32 32 32 33 33 32 32 32
split_gain=3766.85 1571.82 657.408 501.51 399.162 389.323 405.349 372.716 330.701 284.866 274.282 240.635 232.337 223.561 217.906 212.525 210.47 245.986 203.347 214.631 194.728 190.817 175.848 170.009 201.644 166.839 296.313 293.255 236.603 234.223
threshold=0.011414789843058236 0.023956366740570844 0.029419623504386091 1.0000000180025095e-35 0.0023455644184191553 -0.29895922567177696 0.099259238088819798 -0.072993483937424872 -3503.4999999999995 -0.073027521109263735 5.5000000000000009 -1766.4999999999998 0.0078555961955785372 0.05696367075097377 -2378.4999999999995 3.5000000000000004 -4854.4999999999991 1.6564947405047061 -4539.4999999999991 -0.015104110651583734 3.5000000000000004 -0.069767441860514576 5.5000000000000009 4.5000000000000009 1.5000000000000002 -4280.4999999999991 -4341.4999999999991 8.5000000000000018 9.5000000000000018 10.500000000000002
decision_type=8 10 10 10 8 10 10 10 2 8 2 2 10 10 2 2 2 8 2 10 2 10 2 2 2 2 2 2 2 2
left_child=3 2 4 -1 7 -3 13 -2 10 14 -8 15 -9 -7 -4 -10 -11 23 -15 21 -6 -20 -14 24 -18 26 -25 -27 -28 -29
right_child=1 5 9 -5 20 6 8 12 11 16 -12 -13 22 18 -16 -17 17 -19 19 -21 -22 -23 -24 25 -26 27 28 29 -30 -31
leaf_value=-0.048511890249510636 -0.0052808238245410852 0.019311703980449728 0.0094337308684661475 -0.023222165712768118 -0.0098888020089279924 -0.035431169230526999 0.0070591695170515393 -0.040041546369620887 0.0070081877201964632 -0.019038805158860111 -0.040896827152052527 -0.0012883100033361046 -0.024554986802610146 0.015573963710240366 0.042448377980560559 0.030337265917515444 0.0074131137026374116 0.023351533738277055 0.012480051994209151 0.017922508716077114 0.0051007881903575953 0.0012801025366159652 -0.011021229230248246 0.0023053573096653416 -0.011915844652805712 0.0091950581441746938 0.059507053642708113 -0.015129637381057735 -0.015720665765245032 0.0041808879077572785
leaf_weight=2926.449491687119 8995.5529279857874 6687.6373710930347 2186.313596829772 5938.0968805253506 3406.0423043966293 349.45768418908119 2459.0411874502897 1170.133698143065 1234.97914275527 1340.9367548078299 339.30255806446075 981.60999374091625 4027.8163574635983 3918.4573480188847 647.91700819134712 4659.6035390794277 1877.5663238018751 1202.56644128263 4325.8430113941431 2452.9119103252888 5954.3299385458231 31463.95861877501 5939.500605031848 1171.7338088154793 4795.7094024866819 5834.6742285639048 519.91662281751633 3451.0184934735298 130.82075692713261 2881.4117878228426
leaf_count=24468 44335 27769 9494 35974 16887 2201 10249 7729 5218 6536 1418 4160 21286 16691 2719 19059 8562 5258 18231 10234 28449 138777 29894 5275 22739 26357 2328 15832 571 13104
internal_value=-0.000171334 0.0022616 -0.00377264 -0.0315711 -0.00888441 0.00795363 0.00649807 -0.0128506 0.0157354 0.00201691 0.00124445 0.0216326 -0.0189646 0.00439585 0.016981 0.0254496 0.000189318 0.00136852 0.00472596 0.00361444 -0.000353608 0.00263382 -0.0164903 8.91182e-05 -0.00647753 0.00322152 0.01733 0.00110826 0.0443837 -0.00634287
internal_weight=123271 114407 55534 8864.55 29493.4 58872.8 52185.2 20133 9674.54 26040.6 2798.34 6876.19 11137.5 42510.6 2834.23 5894.58 23206.4 21865.4 42161.2 38242.7 9360.37 35789.8 9967.32 20662.9 6673.28 13989.6 1822.47 12167.1 650.737 6332.43
internal_count=581804 521362 267355 60442 148580 254007 226238 103244 40104 118775 11667 28437 58909 186134 12213 24277 106562 100026 183933 167242 45336 157008 51180 94768 31301 63467 8174 55293 2899 28936
is_linear=0
shrinkage=0.05


Tree=21
num_leaves=31
num_cat=0
split_feature=13 8 13 37 5 28 7 37 28 28 34 32 32 11 36 8 1 32 34 38 32 9 7 34 32 32 5 28 32 32
split_gain=3382.46 1350.15 735.944 630.325 463.64 405.013 542.195 386.825 303.651 275.759 240.704 212.46 246.418 210.759 190.881 182.468 178.104 174.228 214.707 161.025 154.103 148.042 143.061 129.407 126.169 125.425 161.867 123.898 120.586 266.81
threshold=0.022264039972090598 1.0000000180025095e-35 0.046503762394772503 -0.024327620081081965 -0.084078017555534276 0.047519800934698465 -0.20390942790827918 -0.11553542027235995 0.047519800934698465 -0.00031065878038184428 3.0955776171542437 3.5000000000000004 5.5000000000000009 0.51681894918942828 0.99962990377498195 0.35727291688047708 0.011213206937600752 10.500000000000002 2.8535883538621087 -0.018061445376113868 9.5000000000000018 0.023574727723505974 -0.26962030004501242 3.3299689715126548 6.5000000000000009 1.5000000000000002 -0.13996549118826138 -0.076320462851793489 3.5000000000000004 8.5000000000000018
decision_type=10 8 10 10 10 10 8 8 10 10 2 2 2 8 2 10 10 2 2 10 2 8 10 2 2 2 10 8 2 2
left_child=1 3 5 22 9 6 -2 27 16 -3 -7 -9 -13 19 -14 17 -6 20 -19 -11 24 -15 -1 -10 25 -8 -27 -4 -12 -30
right_child=2 4 7 -5 8 10 15 11 23 13 28 12 14 21 -16 -17 -18 18 -20 -21 -22 -23 -24 -25 -26 26 -28 -29 29 -31
leaf_value=0.02029067490005514 0.0080742428897049266 -0.0066712488287458214 0.039738430695482795 -0.043387536260809337 -0.020386516892249885 0.01782223250036602 0.0023440564378229777 0.0011474656711629057 0.019231743402178061 0.017728544628586411 -0.0044166337634986572 0.021914981374509507 0.0075782849908376916 -0.00087109454003527929 0.032357696574950641 0.010164699950299968 -0.0049715274536712394 0.022732341303124296 -0.0020078715589306058 0.067758882432674777 -0.017165836653389725 0.030986203294401646 -0.01630207570310847 -0.0053017207927510421 2.7240417455450609e-05 0.0039621744789697039 -0.011881887472491956 0.018006774247882787 0.015110546700237032 -0.0027431400619022986
leaf_weight=314.82750655710697 11797.163246765733 3536.8904147073627 1311.9888800680637 5148.301899522543 9490.3834749907255 4515.2743142396212 2517.9178297668695 6887.1726930886507 709.3901474326849 374.63112114369869 3001.6109979599714 4323.1072669029236 17773.252198398113 1552.2998176813126 812.7162874341011 2041.0069022923708 2334.8033014386892 1083.192877933383 4606.0435893237591 281.81194698810577 3234.0104918926954 476.65570172667503 1761.7856966108084 2218.309632204473 7134.8755461722612 1858.8751735836267 12137.502527847886 1311.5036806166172 4748.58548425138 3741.3142201006413
leaf_count=1464 51044 17709 5329 39473 52491 19603 11948 29762 3389 1742 13452 18200 75239 7611 3303 8921 12070 5019 21532 1331 15377 2138 9456 11356 33225 8529 58798 5310 20619 16446
internal_value=-0.000163785 -0.0153669 0.0043569 -0.034008 -0.00894593 0.00118254 -0.00118281 0.0104684 -0.0137737 0.00250053 0.00804072 0.00884783 0.0111628 0.0145805 0.00866182 -0.00433785 -0.0173429 -0.00524659 0.0027025 0.0392066 -0.00692884 0.00661303 -0.0107544 0.000642809 -0.00552894 -0.00792944 -0.00977762 0.0288746 0.00419734 0.00724282
internal_weight=123037 28200.1 94837.1 7224.92 20975.2 62417.4 46410.6 32419.7 14752.9 6222.29 16006.8 29796.2 22909.1 2685.4 18586 34613.4 11825.2 32572.4 5689.24 656.443 26883.2 2028.96 2076.61 2927.7 23649.2 16514.3 13996.4 2623.49 11491.5 8489.9
internal_count=581886 160230 421656 50393 109837 284513 214393 137143 79306 30531 70120 126504 96742 12822 78542 163349 64561 154428 26551 3073 127877 9749 10920 14745 112500 79275 67327 10639 50517 37065
is_linear=0
shrinkage=0.05


Tree=22
num_leaves=31
num_cat=0
split_feature=10 10 20 5 38 12 2 5 7 5 33 33 33 33 33 28 28 33 32 1 33 38 33 33 33 33 33 10 33 33
split_gain=3261.81 1374.65 602.237 420.374 484.373 384.583 345.431 320.223 309.888 324.307 275.646 272.673 339.876 277.795 266.183 260.402 238.439 224.897 212.236 204.546 202.761 243.505 194.408 188.288 219.315 187.493 465.716 162.676 161.855 151.526
threshold=0.010723353944655683 0.023956366740570844 0.52549526726600482 -0.18396226415094311 0.027732065062285764 1.0000000180025095e-35 -0.09638536972028787 -0.067046265075865794 -0.016170830483700157 -0.10784313725490129 -4602.4999999999991 -2192.4999999999995 -2017.4999999999998 -2336.4999999999995 -2350.4999999999995 -0.067068635269915952 0.10164889658800892 -4096.4999999999991 3.5000000000000004 -0.034979423868313535 -4963.4999999999991 0.28747893590569923 -4076.4999999999995 -2822.4999999999995 -1766.4999999999998 -4280.4999999999991 -4341.4999999999991 0.032922571689538459 -2212.4999999999995 -4896.4999999999991
decision_type=8 10 8 8 8 10 10 8 10 10 2 2 2 2 2 10 10 2 2 10 2 8 2 2 2 2 2 10 2 2
left_child=5 2 19 17 7 -1 -3 29 9 10 -8 13 -13 14 -12 -14 27 -4 -9 -2 -6 -22 -19 -18 -25 26 -20 -11 -15 -5
right_child=1 6 3 4 20 -7 8 18 -10 16 11 12 15 28 -16 -17 23 22 25 -21 21 -23 -24 24 -26 -27 -28 -29 -30 -31
leaf_value=-0.047297617259935455 0.0096432650062631582 0.022995995130125783 -0.0033780706754818293 0.054589097560991631 -0.014212332308968354 -0.02361746284156728 0.033298132682493438 -0.020467229460081077 0.018259828550722706 -0.0020288452243004437 0.0059291698865991541 0.047660692062269666 0.040272574856009338 -0.041880349016173296 0.094011607706405362 0.0058515152973677527 0.0014383990252302163 0.082190340750940297 -0.006914099636614171 -0.018762851282672063 0.0040616819013130044 0.027029249602448169 0.017916234345278611 0.025025088748732185 -0.007756631916654301 -0.01009748352110343 0.059566009153630819 0.0054304366241674559 0.0087718453597429163 -0.0012313113366852152
leaf_weight=2686.6420991718769 694.05385345220566 3327.9436305016279 1450.8981238305569 122.77979248762131 1331.5052573233843 4738.9449023604393 1337.2529210448265 4557.9302256554365 5019.9398467391729 18287.794246822596 7492.0654187202454 863.21790708601475 683.75613382458687 488.61232878267765 86.764428898692131 2797.529390245676 2546.3422728329897 122.40849411487579 1090.7006731629372 7291.9711890742183 12143.881512671709 1275.2147713154554 3024.7144353985786 2910.2345096468925 618.66599161922932 10596.236115984619 347.32778225839138 12175.434660419822 232.88270580768585 12384.032199345529
leaf_count=24040 3299 13631 6376 568 6563 29948 5540 23790 20681 82049 31835 3597 2855 2345 371 12058 10683 500 5310 39013 55054 5563 13236 11909 2642 53132 1612 52225 1127 59900
internal_value=-6.47493e-05 0.00200384 -0.00357211 -0.00147504 -0.00298322 -0.0321851 0.00734917 -0.0067247 0.00641163 0.00523434 0.0117103 0.00942726 0.019576 0.00411528 0.00693756 0.0126121 0.00275621 0.012908 -0.0112785 -0.0162941 0.00439771 0.00624429 0.0204162 0.0118008 0.019278 -0.00779837 0.00914288 0.000952454 -0.0255309 -0.000683321
internal_weight=122728 115302 56433.7 48447.6 43849.6 7425.59 58868.4 29099 55540.5 50520.6 13982.1 12644.8 4344.5 8300.32 7578.83 3481.29 36538.5 4598.02 16592.2 7986.03 14750.6 13419.1 3147.12 6075.24 3528.9 12034.3 1438.03 30463.2 721.495 12506.8
internal_count=581452 527464 273916 231604 211492 53988 253548 144312 239917 219236 59728 54188 18510 35678 32206 14913 159508 20112 83844 42312 67180 60617 13736 25234 14551 60054 6922 134274 3472 60468
is_linear=0
shrinkage=0.05


Tree=23
num_leaves=31
num_cat=0
split_feature=10 13 33 33 37 19 13 13 38 5 33 10 33 33 33 33 19 33 33 33 33 33 33 33 33 33 33 33 33 33
split_gain=3038.85 1229.47 562.033 702.549 556.034 452.45 415.678 370.364 352.868 277.821 284.111 242.464 229.888 424.349 226.22 258.573 225.88 224.862 292.182 205.1 186.207 189.596 180.117 236.719 350.8 162.831 162.518 157.975 157.197 482.053
threshold=0.011190570945156309 0.03306514092298312 -4539.4999999999991 -4832.4999999999991 -0.074797271039395749 -0.024989647043039704 3.0531133177191813e-17 0.0094908661285052487 0.20339750639746593 -0.042614025844321883 -4896.4999999999991 0.017555846304925484 -2131.4999999999995 -2178.4999999999995 -4854.4999999999991 -4774.4999999999991 0.57314003050583595 -2378.4999999999995 -1766.4999999999998 -4854.4999999999991 -2711.4999999999995 -2777.4999999999995 -1905.4999999999998 -2131.4999999999995 -2178.4999999999995 -896.49999999999989 -2740.4999999999995 -2336.4999999999995 -3592.4999999999995 -3470.4999999999995
decision_type=8 10 2 2 8 8 10 10 10 8 2 8 2 2 2 2 8 2 2 2 2 2 2 2 2 2 2 2 2 2
left_child=6 2 3 9 19 7 -1 12 14 10 -2 -9 13 -4 -6 -16 28 20 22 -3 21 -7 23 24 27 -21 -23 -19 -17 -30
right_child=1 4 5 -5 8 17 -8 11 -10 -11 -12 -13 -14 -15 15 16 -18 18 -20 25 -22 26 -24 -25 -26 -27 -28 -29 29 -31
leaf_value=-0.044041971427060567 0.039846202250369188 -0.016137437870221521 -0.017852790488399359 0.030209767282661327 -0.01760866679595224 -0.0014269000850186961 -0.020721866620298773 -0.013905495517684885 0.015823903071039438 -0.019860540568232457 -0.018071631159960556 -0.0039994752431959935 -0.03655809875644591 0.085814411220801176 0.028245334049176209 -0.0044235122249220776 0.0088851675369050805 0.051749047326065105 -0.00043759217086927006 0.019069227858058896 -0.020842477375039192 0.073969228832127865 0.049044555458221901 -0.0054944319092421036 0.075200757349612679 0.068941706386048088 0.0016482359899657477 -0.0070171992208203143 0.038415835136487532 0.0018184932287714343
leaf_weight=3142.0067687630653 502.2421458363533 410.38653869926929 1067.1426786333323 2587.383670181036 1259.6374187171459 7919.2159803211689 4876.9189536571503 9021.1345315277576 6366.1250084489584 1559.2522471100092 366.07216419279575 19594.043682962656 1842.8803432956338 108.77673582732677 1062.7312954813242 9253.073047965765 13004.540760964155 159.25549660623074 2654.1400488317013 8117.0870063751936 1221.6980306506157 157.8727919459343 550.04176665097475 715.80442754924297 318.03069862723351 167.03312914073467 152.92752619087696 405.65551598370075 936.43598076701164 22985.928119286895
leaf_count=28239 2202 1886 5868 11389 6141 37297 30165 47243 26039 7735 1689 92737 12183 481 4393 40869 55707 726 12723 33466 5785 723 2439 3450 1331 688 683 1817 4087 101162
internal_value=-0.000104018 0.00198048 -0.00381005 0.0120826 0.00661774 -0.00554688 -0.0298592 -0.00887964 0.00475617 -0.00723798 0.0154287 -0.00712242 -0.0255363 -0.0082632 0.00330349 0.00386107 0.00329992 0.0018492 0.0106587 0.0183656 -0.00262739 7.6532e-05 0.0243647 0.0158737 0.0331969 0.0200748 0.0383841 0.00954974 0.00111054 0.00325109
internal_weight=122485 114467 50903.6 5014.95 63563 45888.6 8018.93 31634 54868.5 2427.57 868.314 28615.2 3018.8 1175.92 48502.3 47242.7 46180 14254.6 4802.93 8694.51 9451.71 8230.02 2148.79 1598.75 882.942 8284.12 310.8 564.911 33175.4 23922.4
internal_count=581343 522939 248501 23015 274438 225486 58404 158512 238398 11626 3891 139980 18532 6349 212359 206218 201825 66974 22486 36040 44488 38703 9763 7324 3874 34154 1406 2543 146118 105249
is_linear=0
shrinkage=0.05


Tree=24
num_leaves=31
num_cat=0
split_feature=10 12 10 5 38 5 5 28 1 33 0 0 38 33 13 12 33 7 33 13 33 32 33 33 32 33 33 33 33 32
split_gain=2730.09 1165.23 675.749 445.471 357.895 425.381 335.572 435.559 266.067 228.859 209.571 192.037 184.464 182.434 188.087 165.514 163.116 158.71 156.583 151.017 143.681 210.698 142.27 140.418 179.895 276.955 168.657 542.768 428.674 556.635
threshold=0.016177884040595166 1.0000000180025095e-35 0.028962126780589979 -0.22440260960582389 0.015442310971202968 -0.076062639821027553 -0.092406656483972102 0.032628543016316867 -0.099999999999999242 -4280.4999999999991 0.095238095238095691 0.068276171421417078 -0.18323823098493228 -4854.4999999999991 0.010221270836745512 0.59285714285714397 -4963.4999999999991 -0.025804601953240632 -1237.4999999999998 0.014967256820978424 -4539.4999999999991 1.5000000000000002 -896.49999999999989 -4686.4999999999991 7.5000000000000009 -4753.4999999999991 -2192.4999999999995 -2336.4999999999995 -1780.4999999999998 3.5000000000000004
decision_type=8 10 10 8 8 8 10 10 10 2 10 10 10 2 10 10 2 8 2 10 2 2 2 2 2 2 2 2 2 2
left_child=1 -1 3 12 5 -5 18 19 -4 -9 16 23 -2 -7 -15 -11 -6 -18 -3 -8 21 -16 -21 24 25 -10 27 -25 29 -28
right_child=2 6 8 4 10 13 7 9 11 15 -12 -13 -14 14 20 -17 17 -19 -20 22 -22 -23 -24 26 -26 -27 28 -29 -30 -31
leaf_value=-0.045674168531339814 0.035777510587349633 -0.002579105882897558 0.031223794069360902 0.0020427956406142418 -0.013151461702677154 -0.033605369750050011 -0.029785974856479786 0.03426631255471474 0.023694570782244781 0.012715768256523784 0.041649694708871393 0.021651925166199626 0.010420699011847764 -0.030643633255543493 0.079535146506418242 -0.011094257050355636 0.0011852111945055402 0.010143900080854515 0.02970454322739324 -0.017516624000525286 -0.0080883181130677172 0.0036982779598271663 0.045389478490507285 0.0055041030527867617 0.045180080053291195 -0.022947718639060196 -0.0097978519096364319 -0.027062440311460413 0.0016932168584622737 0.026971025549377289
leaf_weight=2855.548511557281 910.30368773639202 4197.3962561786175 1271.7936809808016 15528.775871559978 1413.5537578463554 729.79847572743893 3172.9443352222443 395.04157786071301 1191.8305258750916 949.82410367578268 361.90004117786884 2391.0699156075716 3381.769479110837 882.41899416595697 102.18503753840923 3152.1199793294072 13855.155319228768 7686.3186884224415 412.50653260946274 7282.2505521178246 16609.920775637031 883.16543650627136 91.004094943404198 17097.682129964232 513.75345842540264 434.21952800452709 1284.3103513270617 1382.8937661349773 6803.4408502876759 5184.3607330322266
leaf_count=26798 3719 21221 5147 71354 7064 3696 21213 1896 4864 5017 1473 9765 14520 5551 471 16540 62484 33359 2211 39890 80117 3953 478 72535 2101 1843 5535 6695 29245 21232
internal_value=-9.79609e-05 -0.0158291 0.00344643 0.000254802 -0.000894406 -0.00411087 -0.0114927 -0.0151095 0.00874483 -0.00208052 0.00389731 0.00795691 0.0157986 -0.00908596 -0.00811754 -0.00558094 0.00330212 0.0043818 0.000309722 -0.0206652 -0.00698783 0.0115629 -0.0167402 0.00699074 0.0193882 0.0112392 0.00615528 0.00306716 0.0104553 0.0196708
internal_weight=122409 22508.6 99900.6 62345.3 58053.2 34736.3 19653.1 15043.2 37555.4 4496.99 23316.9 36283.6 4292.07 19207.5 18477.7 4101.94 22955 21541.5 4609.9 10546.2 17595.3 985.35 7373.25 33892.5 2139.8 1626.05 31752.7 18480.6 13272.1 6468.67
internal_count=581987 135264 446723 287761 269522 165142 108466 85034 158962 23453 104380 153815 18239 93788 90092 21557 102907 95843 23432 61581 84541 4424 40368 144050 8808 6707 135242 79230 56012 26767
is_linear=0
shrinkage=0.05


Tree=25
num_leaves=31
num_cat=0
split_feature=10 10 19 13 13 19 37 32 33 33 37 33 33 34 0 4 28 33 32 37 33 8 28 33 33 32 33 32 33 34
split_gain=2610.03 1055.63 488.464 362.233 342.27 331.214 251.219 239.177 211.619 208.875 200.725 215.581 189.114 222.512 183.46 182.103 211.017 177.711 192.505 177.585 166.935 164.367 160.114 144.797 469.574 250.714 416.938 242.78 225.376 177.271
threshold=0.010723353944655683 0.023956366740570844 -0.081990765477664831 0.019549606351759192 0.0068024655391344729 -0.48388323865446931 -0.053065263029332281 3.5000000000000004 -3144.4999999999995 -4854.4999999999991 -0.059823796244549192 -1689.4999999999998 -3781.4999999999995 4.6361841220351891 0.084455231930960065 -0.11038426153747392 0.032628543016316867 -4753.4999999999991 10.500000000000002 -0.074797271039395749 -1346.4999999999998 0.27573850220716573 0.074178043238979835 -2378.4999999999995 -1766.4999999999998 3.5000000000000004 -2336.4999999999995 1.5000000000000002 -2711.4999999999995 4.0681713220359965
decision_type=8 10 8 10 10 10 10 2 2 2 10 2 2 2 10 8 10 2 2 10 2 10 10 2 2 2 2 2 2 2
left_child=4 2 3 8 -1 6 9 12 -2 -3 11 -9 13 -5 19 -4 -17 -8 21 -7 -20 -19 -12 28 25 26 27 -25 -21 -27
right_child=1 5 15 7 -6 14 17 10 -10 -11 22 -13 -14 -15 -16 16 -18 18 20 23 -22 -23 -24 24 -26 29 -28 -29 -30 -31
leaf_value=-0.04137181118714163 -0.007427499997451942 -0.054423753090674147 0.017665370561201058 -0.030694594582052148 -0.019196722056593889 0.021058563627935869 0.027684126101564371 0.0064643434807434832 -0.02387402069649985 0.010693939915412674 -0.0053937784786770313 0.051968910392194437 -0.0059549621484503244 0.011849813220796699 0.025635492645769975 -0.0028341663852025738 0.0072403845385438682 -0.0088441504037169716 0.012693018457827061 0.0070298372361436452 -0.021751993070283682 0.0028482201149965629 0.0095211664790457798 0.011581633946239053 0.00099656478036350832 0.031366156672730454 -0.013856459384605311 0.073161287366989222 -0.0090151640482661038 0.0097477944651233727
leaf_weight=3334.3196270242333 3541.5757513046265 125.240089610219 1767.3527551442385 1949.1386238485575 3639.5052020102739 2676.5470433831215 511.32807402312756 2240.2688171714544 4368.4488196447492 7373.0591603219509 13570.582887351513 294.49423828721046 3913.2677882760763 364.86319756507874 1685.6980624943972 13708.237761758268 8371.9426648914814 8911.7480138838291 2920.0362561494112 14758.325019210577 399.92727589607239 4535.4351770728827 2074.451419994235 407.6984930485487 5653.157817080617 3868.1935737580061 1147.2385450750589 263.50903713703156 2569.6905605047941 1256.2336212843657
leaf_count=31133 18690 563 7639 9865 22827 10937 2131 10050 26252 31224 66346 1283 19806 1854 6826 66066 37185 40686 12501 62981 1903 19473 9287 1746 24532 16022 4999 1127 10998 5248
internal_value=-9.6282e-05 0.00170139 -0.00320627 -0.0072118 -0.0297991 0.00636822 0.00196364 -0.00419825 -0.0165104 0.00960631 -0.0013014 0.0117512 -0.0126553 -0.0239864 0.00955116 0.00222185 0.00098571 -0.00135304 -0.00223855 0.00871948 0.00854373 -0.00490057 -0.00341613 0.00761581 0.0116952 0.0204065 0.00445645 0.0357572 0.00465041 0.0260665
internal_weight=122202 115228 56164.6 32317.1 6973.82 59063.1 24776.8 24407.1 7910.02 7498.3 18179.8 2534.76 6227.27 2314 34286.3 23847.5 22080.2 17278.5 16767.1 32600.6 3319.96 13447.2 15645 29924 12596 6942.87 1818.45 671.208 17328 5124.43
internal_count=582180 528220 274323 163433 53960 253897 108481 118491 44942 31787 86966 11333 31525 11719 145416 110890 103251 76694 74563 138590 14404 60159 75633 127653 53674 29142 7872 2873 73979 21270
is_linear=0
shrinkage=0.05


Tree=26
num_leaves=31
num_cat=0
split_feature=10 13 33 43 33 37 32 37 13 32 5 43 32 32 5 33 33 33 33 33 33 37 32 0 11 34 33 33 33 32
split_gain=2393.11 1165.95 559.425 540.153 538.19 424.817 412.573 366.425 310.174 270.569 268.974 251.144 240.56 236.571 235.095 218.216 216.811 238.105 821.418 215.758 212.936 196.631 192.023 190.561 181.067 178.731 226.254 443.8 310.21 198.759
threshold=0.0085233937816497057 0.029751373891568799 -4539.4999999999991 2.5000000000000004 -4832.4999999999991 -0.073027521109263735 4.5000000000000009 0.063829787234015348 0.01688483396329173 8.5000000000000018 -0.11162435104188999 4.5000000000000009 3.5000000000000004 1.5000000000000002 -0.015993781187318697 -1689.4999999999998 -1650.4999999999998 -2336.4999999999995 -2350.4999999999995 -4280.4999999999991 -4341.4999999999991 0.0041841004183863504 1.5000000000000002 0.084455231930960065 0.40360668726969318 3.1790944134498584 -2212.4999999999995 -1794.4999999999998 -2032.4999999999998 8.5000000000000018
decision_type=8 10 2 2 2 8 2 10 8 2 10 2 2 2 8 2 2 2 2 2 2 10 2 10 10 2 2 2 2 2
left_child=-1 2 4 8 13 15 11 12 -4 -6 24 -5 16 14 -2 -3 17 18 -7 20 -12 -21 -18 -9 -8 26 -14 28 -28 -27
right_child=1 5 3 6 9 7 10 23 -10 -11 19 -13 25 -15 -16 -17 22 -19 -20 21 -22 -23 -24 -25 -26 29 27 -29 -30 -31
leaf_value=-0.036378004060677004 0.039421715171893294 0.011781858626453923 -0.023479710900682054 -0.015636649283030036 0.046838422191858124 -0.0074465478739791273 0.049242208065011929 0.0085915115093882534 -0.0090510961036219008 0.0096943573826573926 -0.010534242822357437 0.018477304454222711 0.0045383286084283297 -0.017289904337645878 -0.023548668099689835 0.032888065310026839 0.024195584150336544 -0.023583030544234503 0.078079639770948284 -0.0070961790135077064 0.05387233829027404 0.0056891825224626054 -0.0033631764243155938 0.027474461076051976 0.011358872744098622 0.0056245735026929818 0.019143524818911222 0.00087226275914072885 0.063605021741002576 -0.0035922641517755053
leaf_weight=4367.9176709726453 453.84905372560024 8303.0766221880913 5406.6140840128064 5868.5490307956934 1149.9731586575508 7038.3949292302132 356.85768171399832 13898.227543309331 11973.726151615381 854.63872949779034 204.02204404771328 594.12963864952326 9919.9692700952291 1378.6054221689701 220.10492186248302 1436.5036489665508 1085.2366141229868 1978.1428976207972 292.40413419902325 7572.7837135493755 345.90661846101284 4987.9969014972448 1513.7400768101215 1478.1896150112152 2716.0897619500756 11521.144806474447 904.86068542301655 1551.12012116611 692.5806093364954 11881.611858993769
leaf_count=38390 1989 34600 32482 30107 5039 32509 1582 57982 59837 3782 1005 2840 43707 6857 1124 5910 4812 8943 1275 39171 1639 23987 6976 5969 12518 50660 3798 6817 2858 52841
internal_value=-3.7254e-05 0.00131276 -0.0051161 -0.00690934 0.0125754 0.00516892 -0.00182091 0.00368314 -0.0135395 0.0310026 0.0024438 -0.0125005 0.00154616 -0.00542134 0.0188564 0.0148948 -0.0046242 -0.00818907 -0.00403516 -0.000676899 0.0299777 -0.002019 0.00814434 0.0104068 0.0157582 0.00356079 0.00824476 0.0199224 0.0384201 0.000945172
internal_weight=121947 117579 44083.8 40026.7 4057.17 73495.2 22646.3 63755.6 17380.3 2004.61 16183.7 6462.68 48379.2 2052.56 673.954 9739.58 11907.9 9308.94 7330.8 13110.7 549.929 12560.8 2598.98 15376.4 3072.95 36471.3 13068.5 3148.56 1597.44 23402.8
internal_count=582006 543616 223959 205168 18791 319657 112849 279147 92319 8821 79902 32947 215196 9970 3113 40510 54515 42727 33784 65802 2644 63158 11788 63951 14100 160681 57180 13473 6656 103501
is_linear=0
shrinkage=0.05


Tree=27
num_leaves=31
num_cat=0
split_feature=13 10 13 25 7 19 4 4 28 8 1 33 34 33 33 33 33 10 36 3 33 28 37 33 33 33 33 33 33 33
split_gain=2214.43 1154.04 402.392 398.071 356.268 349.086 266.92 240.404 265.928 227.937 214.649 192.207 192.015 158.126 139.535 227.242 166.344 137.366 131.289 126.832 215.104 254.632 121.779 112.772 385.421 169.408 149.21 123.881 172.453 120.507
threshold=3.0531133177191813e-17 0.020683999472073673 0.024932302412495912 0.27851903939615125 -0.28624194263497149 0.025320837612947421 -1.0000000180025095e-35 -0.10067114093959754 0.07118313181904741 0.25988394678804233 0.0053475935828876118 -4114.4999999999991 4.0681713220359965 -1516.9999999999998 -4539.4999999999991 -4641.4999999999991 -4384.4999999999991 0.0085233937816497057 0.99962990377498195 -0.065903624028630856 -1689.4999999999998 -0.027566975694296385 -1.5043521983670868e-14 -2378.4999999999995 -1766.4999999999998 -2726.4999999999995 -2760.4999999999995 -1934.4999999999998 -2002.4999999999998 -1452.4999999999998
decision_type=8 10 8 10 10 10 8 8 10 10 10 2 2 2 2 2 2 8 2 10 2 10 10 2 2 2 2 2 2 2
left_child=3 2 10 6 12 9 -1 11 13 14 17 -4 -3 -9 15 -6 -16 -2 23 20 -18 -22 -8 25 27 26 -7 28 -25 -26
right_child=1 4 7 -5 5 18 22 8 -10 -11 -12 -13 -14 -15 16 -17 19 -19 -20 -21 21 -23 -24 24 29 -27 -28 -29 -30 -31
leaf_value=-0.017459840504787771 -0.02975871459641697 0.019458441734300429 -0.0045428038828740861 -0.040345584977518056 0.00091004366805720626 0.0060787309162516579 0.072988816287950259 -0.00746310770213909 0.0093638735214663892 0.0070761958981432381 -0.0024248825945427867 0.020761905485552668 0.0027636206922595401 0.0068684549457057268 -0.021566772706433257 0.03331442794448175 -0.0003781463325059325 -0.012281647193139157 0.024031774368271645 -0.0035415628144246942 0.048067499708216735 0.0041882634650203523 -0.016235863333556481 0.01962358061730117 -0.0069343763131860638 -0.0087952871899535136 0.038061318896728584 0.032716132984794102 -0.020362166658250622 0.009193969512580882
leaf_weight=939.48200834542513 1235.6955358460546 6137.2456287592649 1159.9174119979143 3845.4361535683274 2090.1959013193846 11664.943328127265 135.13531242311001 14088.499832451344 3686.3237014561892 11331.314725697041 5861.5929406285286 2125.6096085309982 2394.2095344364643 2229.2084513157606 1085.7563281804323 729.97855296730995 4603.114769667387 12471.389068871737 1302.1895614266396 19414.571031868458 561.20261153578758 804.70195040106773 53.335611417889595 2947.6969559490681 2193.192692309618 1953.4301442801952 376.44718274474144 1672.9811383634806 296.80081562697887 2454.1478046178818
leaf_count=6846 9175 25291 5378 34702 9092 49877 619 68202 16216 48231 31116 9263 9927 10628 5084 3159 20215 67965 5349 89319 2431 3547 378 12286 9480 8404 1575 6800 1320 10553
internal_value=-8.60832e-06 0.00138188 -0.00514738 -0.0326844 0.00516268 0.00391055 -0.00656569 -0.000706414 -0.00276517 0.0010545 -0.0104328 0.0118284 0.0147733 -0.00550523 -0.00127513 0.00929765 -0.00240161 -0.0138572 0.00857694 -0.00158184 0.00479229 0.0222167 0.047739 0.00772272 0.0119071 0.00486288 0.0070786 0.0216644 0.0159658 0.00158261
internal_weight=121846 116872 42858.2 4973.39 74014.1 65482.7 1127.95 23289.6 20004 40620.8 19568.7 3285.53 8531.46 16317.7 29289.5 2820.17 26469.3 13707.1 24861.8 25383.6 5969.02 1365.9 188.471 23559.6 9564.82 13994.8 12041.4 4917.48 3244.5 4647.34
internal_count=582428 539883 217943 42545 321940 286722 7843 109687 95046 181078 108256 14641 35218 78830 132847 12251 120596 77140 105644 115512 26193 5978 997 100295 40439 59856 51452 20406 13606 20033
is_linear=0
shrinkage=0.05


Tree=28
num_leaves=31
num_cat=0
split_feature=13 9 5 37 25 33 5 33 33 33 28 43 43 33 33 12 3 33 33 33 32 33 4 3 33 43 33 32 33 33
split_gain=2064.72 923.083 627.623 426.047 414.185 401.804 405.512 285.29 442.279 700.194 287.374 271.28 271.216 265.134 257.921 299.629 248.618 245.114 290.07 260.55 259.161 248.251 240.443 229.134 227.903 210.157 223.026 195.237 208.229 210.342
threshold=3.0531133177191813e-17 0.019227218975957319 -0.10421546261504742 0.0098599030520577519 0.29844542891663317 -4854.4999999999991 -0.27831735897174897 -4558.9999999999991 -3642.4999999999995 -3454.4999999999995 0.12582198044796142 1.5000000000000002 1.5000000000000002 -4896.4999999999991 -3519.4999999999995 1.0428571428571443 -0.11208323367615379 -2378.4999999999995 -2147.4999999999995 -2579.4999999999995 5.5000000000000009 -2649.4999999999995 -1.0000000180025095e-35 -0.064786392775254262 -3423.4999999999995 6.5000000000000009 -4096.4999999999991 6.5000000000000009 -4280.4999999999991 -4341.4999999999991
decision_type=8 10 8 8 10 2 10 2 2 2 10 2 2 2 2 10 10 2 2 2 2 2 8 10 2 2 2 2 2 2
left_child=4 2 11 -4 22 13 -7 -8 12 14 16 -2 -9 -3 -10 -16 -11 19 -19 20 21 -13 -1 -20 -12 27 -27 -14 29 -29
right_child=1 5 3 -5 -6 6 7 8 9 10 24 17 25 -15 15 -17 -18 18 23 -21 -22 -23 -24 -25 -26 26 -28 28 -30 -31
leaf_value=-0.017091069854357762 0.034042660983085164 -0.0054382484299662255 -0.011858178084695685 0.00021262302550582402 -0.040339713801575361 0.020506692784396652 0.014735072549784728 0.041560077132988364 0.015357306209250427 0.015588665563458157 -0.055327140277856068 -0.013101070811092115 -0.012334522786571106 -0.045768813912970698 0.069747153763196262 0.023319866032600476 0.0012454738496591258 0.053223743891165992 0.040289651891076556 -0.030993938335730744 0.011896068771198989 0.034029264175085082 0.040737409583458582 0.0016704206779283 0.015815187180964037 -0.037044217657041426 0.041396512672390716 -0.014388738919258929 -0.0057452380022437397 0.027937636663922235
leaf_weight=990.93033964186907 802.50962340831757 1313.547105923295 22147.592715956271 10911.68302526325 3660.2955615222454 4140.8012153059244 6052.6192475557327 311.04598118364811 1620.7954433262348 3305.8798572868109 114.84186044335365 2796.2370398789644 7277.4226613044739 590.79213467240334 643.14208434522152 756.03817890584469 35085.717762634158 444.82811498641968 478.60669185221195 666.1737415343523 3190.9632110148668 310.41917757689953 219.58055648207664 1944.6867006272078 5698.1695106625557 114.95220178365707 428.061917796731 405.31622779369354 4000.2828916609287 1064.2059580236673
leaf_count=7372 3509 6365 119571 52864 34169 17142 25223 1322 7090 13732 492 13485 32595 2862 2709 3215 154678 1879 2143 3124 14808 1470 1183 9316 23423 501 1794 1817 17470 4610
internal_value=-6.05263e-05 0.00127162 -0.00447528 -0.00787404 -0.0319549 0.00471499 0.00532275 0.00438263 0.00335248 0.00564061 0.00404927 0.00609046 -0.00459204 -0.0179502 0.0289337 0.0446605 0.00248056 0.00380892 0.0161105 -0.00125762 0.00188794 -0.00839178 -0.00660128 0.00929782 0.0144097 -0.00567219 0.0247912 -0.00696988 0.000167617 0.0162634
internal_weight=121488 116617 43693.7 33059.3 4870.81 72923.6 71019.3 66878.5 60825.9 47224.6 44204.6 10634.4 13601.3 1904.34 3019.98 1399.18 38391.6 9831.91 2868.12 6963.79 6297.62 3106.66 1210.51 2423.29 5813.01 13290.2 543.014 12747.2 5469.81 1469.52
internal_count=581933 539209 222169 172435 42724 317040 307813 290671 265448 205339 192325 49734 60109 9227 13014 5924 168410 46225 13338 32887 29763 14955 8555 11459 23915 58787 2295 56492 23897 6427
is_linear=0
shrinkage=0.05


Tree=29
num_leaves=31
num_cat=0
split_feature=13 13 33 33 5 7 5 28 33 32 32 33 33 33 28 43 32 43 33 33 33 33 33 43 32 33 33 5 38 33
split_gain=1904.23 840.757 463.192 455.91 369.265 368.077 349.856 389.406 316.751 518.945 559.426 585.837 416.536 637.489 337.334 326.975 261.42 241.799 240.781 237.177 472.186 310.686 262.684 315.98 252.305 236.488 322.436 236.488 214.468 210.672
threshold=3.0531133177191813e-17 0.029751373891568799 -4539.4999999999991 -4832.4999999999991 -0.095791940855138188 -0.2727272727272726 -0.12935323383084588 0.047519800934698465 -2212.4999999999995 8.5000000000000018 3.5000000000000004 -1561.4999999999998 -2336.4999999999995 -2350.4999999999995 -0.044088880426210654 1.5000000000000002 8.5000000000000018 5.5000000000000009 -2212.4999999999995 -2726.4999999999995 -2760.4999999999995 -2740.4999999999995 -2378.4999999999995 1.5000000000000002 4.5000000000000009 -1081.4999999999998 -1452.4999999999998 -0.014598540145989101 -0.071026452776756607 -3487.4999999999995
decision_type=8 10 2 2 10 8 10 10 2 2 2 2 2 2 10 2 2 2 2 2 2 2 2 2 2 2 2 10 10 2
left_child=4 2 3 -2 -1 -3 18 -8 12 10 15 27 13 19 -13 -10 -5 -11 -4 20 24 -22 23 -21 29 26 -16 -12 -24 -7
right_child=1 5 6 16 -6 8 7 -9 9 17 11 14 -14 -15 25 -17 -18 -19 -20 22 21 -23 28 -25 -26 -27 -28 -29 -30 -31
leaf_value=-0.0054888158315245985 -0.0049731895946751523 0.014113325601130126 -0.001866016969857931 0.04393458925133386 -0.038646804384171403 -0.010952637277964196 -0.011135079406256798 0.0026489214178664049 0.051393589296177836 -0.0034219319458710464 0.051183132163781869 0.040596955500576244 -0.028885767163274002 0.067612275533845523 -0.012715327670089389 -0.0026039731633431696 0.0075675056067638444 0.046368075977215081 0.018201553193940557 0.023519677126161702 0.081014862764151235 0.014152736340703135 0.067407295141029264 -0.015262794581833806 0.0044604654056951479 -0.033481140925321541 0.018784491263386341 0.026280676663931576 0.0046940112672488755 0.0042933055186889736
leaf_weight=1089.2803208306432 2034.0897428840399 8736.7002244740725 5313.9169824272394 1167.6194840371609 3664.0169453024864 5960.0492664128542 24991.576274476945 6445.1977260261774 297.31737352907658 8229.734187245369 1301.7585975974798 671.84809423983097 1165.2419329434633 360.66913841664791 1330.8498073369265 4913.7641427069902 856.73948629200459 251.28854219615459 2079.7891272306442 583.61983785033226 304.84953075647354 403.97493144869804 182.91187961399555 5247.3298131227493 23458.58883754909 414.45856726169586 2085.3841059654951 3562.374312967062 535.28912435472012 3655.7049575746059
leaf_count=6691 9982 35871 24657 5065 35999 27317 134832 31253 1334 35548 5358 2954 5144 1534 5939 21871 3776 1039 9482 2574 1293 1699 780 23109 102452 1804 9080 14495 2348 16578
internal_value=-2.74844e-05 0.00123772 -0.00432756 0.011745 -0.0310482 0.00447842 -0.00600742 -0.00830907 0.00318173 0.0078874 0.0136087 0.0209144 0.000589474 0.0014335 0.00791756 0.000476849 0.0285435 -0.00194668 0.00377883 0.000841697 0.00252989 0.0429086 -0.00786669 -0.0113811 0.00166452 0.00218606 0.00651322 0.0329452 0.0206659 -0.00515645
internal_weight=121296 116543 42888.9 4058.45 4753.3 73653.7 38830.5 31436.8 64917 23058.8 14577.8 9366.67 41858.2 40693 4502.54 5211.08 2024.36 8481.02 7393.71 40332.3 33783.2 708.824 6549.15 5830.95 33074.3 3830.69 3416.23 4864.13 718.201 9615.75
internal_count=581858 539168 219047 18823 42690 320121 200224 166085 284250 99422 62835 39630 184828 179684 19777 23205 8841 36587 34139 178150 149339 2992 28811 25683 146347 16823 15019 19853 3128 43895
is_linear=0
shrinkage=0.05


Tree=30
num_leaves=31
num_cat=0
split_feature=10 10 1 0 20 43 33 43 33 33 34 33 33 5 0 5 37 19 33 33 33 33 33 43 33 29 20 12 33 33
split_gain=1874.5 833.193 379.781 396.367 374.438 251.852 287.003 251.948 279.423 426.644 265.666 312.331 354.773 261.288 225.241 222.393 220.251 250.841 197.33 191.96 187.666 168.982 160.589 149.1 149.185 136.606 135.795 135.321 125.888 140.898
threshold=0.0085233937816497057 0.019445614774015671 -0.072916666666666283 0.00069192183353816727 0.44698490596893831 1.5000000000000002 -4832.4999999999991 2.5000000000000004 -4280.4999999999991 -4341.4999999999991 2.8854260199986461 -3627.4999999999995 -3223.4999999999995 -0.11162435104188999 0.084455231930960065 -0.12935323383084588 -0.052038853861125937 -0.23050683399416036 -1689.4999999999998 -3895.4999999999995 -4854.4999999999991 -1492.4999999999998 -4896.4999999999991 1.5000000000000002 -2378.4999999999995 -0.1587368786708743 0.83829751154624133 1.0000000180025095e-35 -2711.4999999999995 -4854.4999999999991
decision_type=8 8 8 8 10 2 2 2 2 2 2 2 2 10 8 8 8 10 2 2 2 2 2 2 2 10 10 10 2 2
left_child=27 4 26 16 -2 6 22 13 9 -9 11 -10 -13 19 15 23 18 -18 28 -7 -17 -20 -6 -5 -25 -14 -3 -1 29 -4
right_child=1 2 3 14 5 7 -8 8 10 -11 -12 12 25 -15 -16 20 17 -19 21 -21 -22 -23 -24 24 -26 -27 -28 -29 -30 -31
leaf_value=-0.043100346973143584 -0.022759040649489751 0.028036163076002957 -0.016611803569964619 0.033793958145183732 0.023497603826985861 -0.01662988550977499 0.029650078330499166 -0.001202212634616338 -0.017727366148897045 0.054118277613607303 -0.0065300130525893195 0.046835035340138331 0.097780936015678332 -0.016268522941551625 0.02224076291406208 -0.01682606162383923 -0.0053392204323010947 0.0030791190362275049 0.044807344604629006 0.0068807987654603197 0.0047591214732883866 0.010138307536089545 -0.032251682798882707 0.0048774512131231212 0.022644717138827535 0.0016403850855954477 0.010459494645831378 -0.024718199429213536 -0.0043422911467123869 0.011387840157416194
leaf_weight=1960.1581527069211 2940.5477640256286 1882.7231679111719 500.39917133748531 864.373140797019 193.49165217578411 1266.4273708760738 1106.5763302147388 931.94319348037243 727.76563002169132 556.72870051860809 11868.910695686936 787.0165858566761 38.046296358108521 7589.3746664077044 2256.8168674856424 1049.6771644800901 21639.19545045495 14970.787346817553 568.09177668392658 2761.0029225051403 24747.545596599579 921.77635119855404 388.61148208379745 3248.9015049934387 1856.6455194801092 1280.6597985625267 2639.4054705649614 2046.4323500320315 3102.2984457761049 4400.3187458962202
leaf_count=22764 18632 7809 2444 3573 929 6013 5272 4485 3636 2530 60525 3788 165 41788 9249 5201 100983 65077 2430 13269 108234 3995 2012 13936 7826 6354 10927 15651 13312 18989
internal_value=-8.19913e-05 0.00106878 0.00367974 0.00288411 -0.00574487 -0.00404871 0.0146998 -0.00518725 -0.00115593 0.0194864 -0.00324604 0.0105099 0.020269 -0.0108059 0.00697767 0.00589335 -0.000136936 -0.00189674 0.00664987 -0.000512147 0.00388083 0.0233577 -0.0137206 0.0145898 0.0113386 0.00441416 0.0177773 -0.0337114 0.00353948 0.00852887
internal_weight=121093 117086 84649 80126.8 32437.1 29496.6 1688.68 27807.9 16191.1 1488.67 14702.4 2833.49 2105.72 11616.8 34024 31767.1 46102.9 36610 9492.88 4027.43 25797.2 1489.87 582.103 5969.92 5105.55 1318.71 4522.13 4006.59 8003.02 4900.72
internal_count=581798 543383 373985 355249 169398 150766 8213 142553 81483 7015 74468 13943 10307 61070 148019 138770 207230 166060 41170 19282 113435 6425 2941 25335 21762 6519 18736 38415 34745 21433
is_linear=0
shrinkage=0.05


Tree=31
num_leaves=31
num_cat=0
split_feature=13 9 5 33 5 5 28 7 2 43 33 33 33 33 33 43 33 33 33 32 33 3 34 43 33 43 32 32 33 33
split_gain=1629.46 737.964 548.443 429.541 388.552 387.9 377.862 275.326 244.767 243.517 242.822 222.03 275.259 451.124 265.836 213.348 202.73 295.139 280.812 266.935 263.481 211.987 198.75 197.733 195.679 176.036 179.382 169.468 392.183 941.888
threshold=3.0531133177191813e-17 0.019227218975957319 -0.092406656483972102 -4854.4999999999991 -0.28641608040201022 -0.095791940855138188 0.036044842599672368 -0.025804601953240632 -0.084087496587496577 1.5000000000000002 -4896.4999999999991 -4602.4999999999991 -3627.4999999999995 -3470.4999999999995 -3519.4999999999995 6.5000000000000009 -2378.4999999999995 -2579.4999999999995 -2117.4999999999995 5.5000000000000009 -2649.4999999999995 -0.064786392775254262 3.8867046714738236 3.5000000000000004 -4096.4999999999991 1.5000000000000002 4.5000000000000009 8.5000000000000018 -1919.4999999999998 -1638.4999999999998
decision_type=8 8 8 2 10 10 10 10 10 2 2 2 2 2 2 2 2 2 2 2 2 10 2 2 2 2 2 2 2 2
left_child=5 2 9 10 -5 23 -4 8 -6 -2 -3 -10 15 14 -14 25 17 19 -18 20 -11 -20 -16 -1 -17 26 -13 28 -15 -30
right_child=1 3 6 4 7 -7 -8 -9 11 16 -12 12 13 27 22 24 18 -19 21 -21 -22 -23 -24 -25 -26 -27 -28 -29 29 -31
leaf_value=-0.014352726412116082 0.030069712314640604 -0.0077032696759231582 -0.011398512072150731 0.019607807709627695 0.013559161946882801 -0.037626931237846946 0.00099503615621432048 0.01199724528737877 0.012514620724996098 -0.013008435257442056 -0.044342396165104457 0.0037338035218809048 0.011499335393434477 -0.0011614067520590847 0.070927023341088177 -0.039473474511876994 0.047446911022400839 -0.031652771608654998 0.035945965515688676 0.010928251341896483 0.032877417003269675 0.00038051108093646921 0.015794941225500649 0.038095494275535352 0.041104525037955968 -0.0081131291314204251 0.092348585960808582 -0.0030190062124093504 0.035623312238062713 0.0011153025492411505
leaf_weight=862.16226784139872 881.43185694515705 2001.1295292675495 21504.870922192931 4151.8463119268417 4680.3211625963449 3466.8786125183105 8613.414553835988 8980.8348159343004 4313.9069325774908 3122.0039669647813 584.23000957071781 167.40228974819183 1041.3010969907045 13644.102824091911 455.99965079128742 92.474711924791336 506.51726475358009 739.21205069124699 514.17471285164356 3673.7975229024887 347.68716551363468 2263.0317293331027 254.82035414874554 227.02329458296299 406.73782339692116 11440.747908890247 86.680042266845703 12724.726528003812 2921.4972313195467 6119.2502911090851
leaf_count=5565 3839 9946 117308 17189 19445 35921 41925 37405 17951 15363 2897 717 4592 60908 1913 411 2137 3551 2292 17174 1652 10981 1093 1157 1694 51153 360 55331 12018 27396
internal_value=-0.00011707 0.00103268 -0.00424757 0.00403867 0.0047628 -0.0294495 -0.00785413 0.00384741 0.00259304 0.00476844 -0.0159828 0.00163673 0.000685953 0.00282489 0.0275905 -0.00583252 0.00277126 -0.00157703 0.0132095 0.00153522 -0.00841035 0.00696513 0.0511628 -0.00342073 0.0261782 -0.00719894 0.0339647 0.00159945 0.0041901 0.0122665
internal_weight=120790 116234 42166.1 74068 71482.6 4556.06 30118.3 67330.8 58350 12047.9 2585.36 53669.6 49355.7 37161.7 1752.12 12194 11166.4 7882.7 3283.72 7143.49 3469.69 2777.21 710.82 1089.19 499.213 11694.8 254.082 35409.6 22684.9 9040.75
internal_count=581284 538641 216222 322419 309576 42643 159233 292387 254982 56989 12843 235537 217586 163251 7598 54335 53150 37740 15410 34189 17015 13273 3006 6722 2105 52230 1077 155653 100322 39414
is_linear=0
shrinkage=0.05


Tree=32
num_leaves=31
num_cat=0
split_feature=10 10 19 3 19 32 32 28 33 33 33 33 33 32 33 33 37 13 33 37 33 32 4 28 1 33 28 33 33 12
split_gain=1623.33 702.349 313.609 312.259 333.297 213.169 230.099 189.433 236.803 220.265 312.349 240.971 618.343 265.365 240.406 289.572 206.755 179.666 164.923 167.664 161.19 154.706 141.676 146.876 139.012 138.288 156.83 148.295 256.573 135.045
threshold=0.0085233937816497057 0.019445614774015671 -0.2535151420286556 -0.11208323367615379 0.52986065013381811 3.5000000000000004 2.5000000000000004 0.0048035812737359284 -4774.4999999999991 -3592.4999999999995 -3290.4999999999995 -2192.4999999999995 -1766.4999999999998 7.5000000000000009 -2579.4999999999995 -2808.4999999999995 -0.045479096459157091 1.1449174941446928e-17 -1601.4999999999998 -0.033529292052751618 -4832.4999999999991 10.500000000000002 -0.10443696183950789 0.063864958285691956 -0.052226889431452532 -1689.4999999999998 -0.029757455380158566 -2336.4999999999995 -2192.4999999999995 1.0000000180025095e-35
decision_type=8 8 10 8 10 2 2 10 2 2 2 2 2 2 2 2 8 10 2 10 2 2 10 10 10 2 10 2 2 10
left_child=29 2 17 24 5 6 -5 16 20 -10 21 14 13 -13 15 -12 -7 -2 -8 -20 -9 -11 -4 -24 -3 27 -27 -26 -29 -1
right_child=1 3 22 4 -6 7 18 8 9 10 11 12 -14 -15 -16 -17 -18 -19 19 -21 -22 -23 23 -25 25 26 -28 28 -30 -31
leaf_value=-0.041859961943998401 -0.034620561542960997 0.022101191810277906 0.016797136372946553 -0.00048891880066668364 0.008269158319096661 0.0067455254647303623 -0.019018881934837951 -0.047251779902526714 -0.0028359094538344294 0.014127387865252458 -0.0051793183715569844 0.037489251462391904 -0.0035070322080092268 0.013030182398839397 -0.021612805558845295 0.027407860825274039 -0.0037610530991165772 -0.0089523738620074338 0.043927966359625772 -0.0080645558844225484 0.04155429680275001 0.049125055437452943 -0.0040824427833349077 0.0081419345648470667 0.0093450952128696103 0.054097820513479104 0.0031751504754432011 -0.061782981073934998 0.0028873430497410647 -0.023036607418686329
leaf_weight=1826.8138330131769 712.96436301618814 2936.6838997006416 1136.9414533525705 10199.744909487665 19528.580031707883 6583.8340062126517 3455.9237864241004 55.518320798873901 6429.3388041257858 617.01689250767231 2461.3166855722666 1963.1130873560905 3902.6341058909893 2548.5762019455433 1274.3645602762699 942.8618470877409 16213.656469576061 15564.07452776283 216.25988656282425 547.92323304712772 641.58727805316448 646.75327956676483 11710.889869831502 3109.6466323509812 2132.8683694452047 307.11089754104614 297.82453060895205 220.76918655633926 502.37077989429235 1991.7035563886166
leaf_count=22658 6540 12089 4987 46514 82804 28784 16764 268 27946 2757 10871 8103 17491 10587 5675 4067 75747 83566 986 2633 2605 2721 60182 14075 8992 1270 1252 989 2070 15604
internal_value=3.88323e-05 0.00108709 -0.00519356 0.00347941 0.00261085 0.000728429 -0.00455161 0.00244786 0.00581675 0.0048554 0.00829981 0.00600851 0.0110665 0.0236727 -0.00308829 0.00384642 -0.000726791 -0.0100767 -0.0143709 0.00664906 0.0344817 0.032038 -0.000212636 -0.00151752 0.0141 0.0073108 0.0290273 0.00271099 -0.016856 -0.0320419
internal_weight=120680 116861 32234.5 84626.6 78229 58700.4 14419.9 44280.6 21483.1 20786 14356.6 13092.9 8414.32 4511.69 4678.54 3404.18 22797.5 16277 4220.11 764.183 697.106 1263.77 15957.5 14820.5 6397.63 3460.94 604.935 2856.01 723.14 3818.52
internal_count=581597 543335 169350 373985 347323 264519 66897 197622 93091 90218 62272 56794 36181 18690 20613 14938 104531 90106 20383 3619 2873 5478 79244 74257 26662 14573 2522 12051 3059 38262
is_linear=0
shrinkage=0.05


Tree=33
num_leaves=31
num_cat=0
split_feature=10 10 0 0 28 5 43 33 33 33 43 0 5 13 33 5 32 32 33 33 3 33 33 33 11 7 8 33 33 32
split_gain=1516.11 614.194 294.267 334.437 278.709 403.626 255.997 219.757 218.613 208.087 323.326 186.57 193.191 181.855 266.842 178.062 176.36 194.321 187.089 729.84 275.574 180.474 255.62 176.22 176.37 172.539 154.433 154.065 415.514 375.211
threshold=0.0092923719595941253 0.020683999472073673 -0.043478260869564959 0.0016659238386071975 0.048557378563575657 -0.067046265075865794 1.5000000000000002 -3895.4999999999995 -3830.4999999999995 -3223.4999999999995 3.5000000000000004 0.084455231930960065 -0.16666666666666632 0.019741143098695062 -1479.4999999999998 -0.18995149262398467 3.5000000000000004 2.5000000000000004 -1766.4999999999998 -2060.4999999999995 -0.052790346907996437 -1689.4999999999998 -1492.4999999999998 -4096.4999999999991 1.0050502282149247 -0.10344827586206888 0.40488859211358691 -4244.4999999999991 -4341.4999999999991 9.5000000000000018
decision_type=8 8 10 10 10 10 2 2 2 2 2 10 8 10 2 10 2 2 2 2 10 2 2 2 10 10 10 2 2 2
left_child=25 4 -3 16 5 6 23 27 -9 10 -7 12 -5 -11 -15 -10 17 -4 19 -18 21 -20 -23 24 -2 -1 -21 28 29 -8
right_child=1 2 3 11 -6 9 7 8 15 13 -12 -13 -14 14 -16 -17 18 -19 20 26 -22 22 -24 -25 -26 -27 -28 -29 -30 -31
leaf_value=0.0062444543386926364 0.03352763776574938 0.016337021433259078 -0.0013116558420542929 0.015764360664403551 0.0040905389349198649 -0.018322479091402676 -0.020980275337163349 0.037759783711817631 0.016681912837487017 -0.02634938185397567 0.0031543969038467581 0.020912105035292148 0.0040794003758092869 -0.017045955956551416 0.0082889703838240191 -0.0028841865041711393 0.00094755885932376127 -0.016319257968971986 -0.014149806974778044 0.037772744236496292 -0.012346911881131208 0.04762475339928518 0.0041223080830754049 0.044996515864296059 -0.02432862267309131 -0.031696011801240466 0.01134750947606041 -0.025199741249392379 0.066888482121958331 0.081683868895033485
leaf_weight=323.56086114794016 256.04268060624599 4281.318613409996 7415.0781531259418 4110.305627182126 8005.7713322341442 2890.0868307128549 1116.4009347558022 407.09095883369446 1385.7166528403759 3141.5805514976382 4451.7750930786133 2166.0339188873768 25374.424532920122 4790.9462282061577 1327.2640855610371 7228.1469654887915 22814.333371810615 3041.7315549403429 587.70843234658241 1714.3250816985965 4675.7038708552718 503.54207964241505 1025.1807882338762 509.42969802767038 271.29343183338642 4055.8357956632972 816.09485855698586 1474.4191629141569 189.09953261911869 96.706723898649216
leaf_count=2308 1153 17929 33420 17189 37290 15762 5404 1941 6202 21124 23258 8833 110620 25008 6611 37682 101183 14478 2505 7135 21787 2140 4463 2287 1264 40494 3287 7334 878 449
internal_value=-1.36419e-05 0.00107601 0.0035909 0.00285589 -0.00418435 -0.00642728 0.000194691 -0.00188178 0.00195553 -0.0115864 -0.00529987 0.00674881 0.00570834 -0.0165709 -0.0115499 0.000263422 -3.68784e-05 -0.00567715 0.00179837 0.0037733 -0.00557104 0.00939847 0.0184515 0.0240236 0.0037629 -0.0288929 0.0292502 -0.0139154 -0.00204994 -0.0127961
internal_weight=120447 116068 78525.8 74244.5 37541.8 29536 12934.3 11897.6 9020.95 16601.7 7341.86 31650.8 29484.7 9259.79 6118.21 8613.86 42593.7 10456.8 32136.9 25344.8 6792.14 2116.43 1528.72 1036.77 527.336 4379.4 2530.42 2876.63 1402.21 1213.11
internal_count=581418 538616 344969 327040 193647 156357 64594 59890 45825 91763 39020 136642 127809 52743 31619 43884 190398 47898 142500 111605 30895 9108 6603 4704 2417 42802 10422 14065 6731 5853
is_linear=0
shrinkage=0.05


Tree=34
num_leaves=31
num_cat=0
split_feature=10 10 20 5 37 28 38 32 32 33 28 19 0 32 29 33 33 8 33 33 33 1 33 33 11 28 12 33 37 34
split_gain=1395.02 565.62 329.578 259.799 244.925 268.699 224.664 185.972 232.058 258.065 204.732 166.54 163.531 154.83 144.333 143.165 142.026 136.447 134.42 134.246 163.464 154.3 133.102 195.413 230.613 125.413 124.492 124.391 126.585 117.932
threshold=0.0085233937816497057 0.020683999472073673 0.4339422875886903 -0.21986677172215799 -0.063760316929957303 0.074178043238979835 0.25037170476418563 3.5000000000000004 1.5000000000000002 -1625.4999999999998 0.025435636533910382 -0.57592893781475396 -0.037854719919700512 10.500000000000002 -0.081800920436019012 -2378.4999999999995 -1346.4999999999998 0.27573850220716573 -1662.4999999999998 -2212.4999999999995 -2336.4999999999995 -0.14525139664804262 -2760.4999999999995 -4228.4999999999991 0.49624998308080931 -0.079419085621518393 2.5214285714285722 -3781.4999999999995 -0.034819145807584433 3.8989372526212613
decision_type=8 10 8 10 8 10 10 2 2 2 10 10 10 2 10 2 2 10 2 2 2 10 2 2 10 8 8 2 8 2
left_child=14 2 -2 19 15 7 11 8 9 10 22 12 -5 17 -1 25 18 -14 -15 20 -3 -22 23 24 -6 -4 27 -10 -29 -11
right_child=1 3 4 6 5 -7 -8 -9 26 29 -12 -13 13 16 -16 -17 -18 -19 -20 -21 21 -23 -24 -25 -26 -27 -28 28 -30 -31
leaf_value=0.0063913502440746438 -0.019158126097061176 0.00992769124539504 0.018161071952636755 0.015939482798760566 -0.028119703465415414 0.0070281260081436056 0.013395377194443831 -0.0032537816012140155 -0.036814340099260157 0.063127205601807831 0.016120637867863236 0.0036422147482021057 -0.0070868638674009225 0.0081344997527888537 -0.033196757420600562 0.030904910776122688 -0.018277397951803075 0.0031269162710802403 0.064808420173609688 0.022738119799016032 0.074426352467668738 -0.045603987134852773 0.013293550561300488 -0.036559398010759192 0.057968255306630169 -0.0047746726625332581 -0.0060188305171048444 0.0064446558880428897 -0.022675738415378746 0.0090411997333858397
leaf_weight=246.90399311482906 3239.6930947229266 5149.5991865247488 1050.5823133438826 1245.657545030117 179.55097110569477 4974.2214977443218 4377.0859451144934 22696.450473219156 1186.8757707178593 205.60767896473408 664.86292554438114 39859.636602386832 13719.429807215929 3345.5862821117043 3410.8164094686508 693.70096085965633 513.44187145680189 4293.077528655529 108.00302468240261 2163.1035216599703 30.4263876080513 223.08812054991722 288.14053858071566 888.24932333827019 137.26443234086037 1377.4790482074022 1404.4935856610537 463.67835951596498 1912.2168742865324 197.69200210273266
leaf_count=1999 20733 21341 4707 5218 943 22535 17788 116826 6566 1111 3245 173611 63918 14565 36472 3082 2504 18583 470 9097 129 1069 1499 4958 646 6249 7564 2434 10574 1048
internal_value=-0.000119295 0.000834601 -0.00384462 0.00342659 -0.00255001 -0.00374043 0.00244125 -0.00551264 -0.0123224 -9.78245e-05 -0.00695871 0.00168121 -0.00168432 -0.00268312 -0.0305245 0.0108725 0.00625904 -0.00465252 0.00990685 0.0122121 0.00799806 -0.0311981 -0.017235 -0.0245346 0.00917903 0.00514925 -0.018626 -0.0235959 -0.0169926 0.036615
internal_weight=120247 116589 41560.8 75028.1 38321.1 35199.3 67461.9 30225.1 7528.63 2561.37 2158.07 63084.8 23225.2 21979.5 3657.72 3121.76 3967.03 18012.5 3453.59 7566.22 5403.11 253.515 1493.21 1205.06 316.815 2428.06 4967.26 3562.77 2375.9 403.3
internal_count=581484 543013 214720 328293 193987 179949 296657 157414 40588 13450 11291 278869 105258 100040 38471 14038 17539 82501 15035 31636 22539 1198 8046 6547 1589 10956 27138 19574 13008 2159
is_linear=0
shrinkage=0.05


Tree=35
num_leaves=31
num_cat=0
split_feature=12 13 33 33 33 33 32 5 33 33 43 33 1 6 0 33 28 32 33 32 32 33 5 33 28 32 33 33 3 33
split_gain=1307.01 561.111 368.833 593.339 559.232 499.281 889.519 494.231 453.869 642.162 471.716 451.608 421.915 401.474 321.235 312.899 313.604 302.568 287.697 287.376 282.765 280.112 271.325 268.97 248.327 237.37 284.282 246.653 227.296 198.671
threshold=1.0000000180025095e-35 0.023282696823711316 -2378.4999999999995 -2336.4999999999995 -2212.4999999999995 -1766.4999999999998 3.5000000000000004 -0.0082659661935686173 -2726.4999999999995 -2760.4999999999995 1.5000000000000002 -2740.4999999999995 -0.1089678312183404 36.336283660712631 0.0028901734104049841 -1689.4999999999998 -0.074749129196820502 1.5000000000000002 -1452.4999999999998 4.5000000000000009 8.5000000000000018 -1638.4999999999998 -0.068525433689168955 -3144.4999999999995 -0.13494788561275842 5.5000000000000009 -1410.4999999999998 -885.49999999999989 -0.029850746268656244 -2032.4999999999998
decision_type=8 10 2 2 2 2 2 10 2 2 2 2 10 10 8 2 10 2 2 2 2 2 8 2 8 2 2 2 8 2
left_child=29 14 8 17 12 6 -6 -8 9 19 -10 -11 -5 15 22 -7 -17 28 -15 -3 -9 -18 -2 -24 -21 27 -27 -20 -4 -1
right_child=1 2 3 4 5 13 7 20 10 11 -12 -13 -14 18 -16 16 21 -19 25 24 -22 -23 23 -25 -26 26 -28 -29 -30 -31
leaf_value=-0.0050655112286286481 -0.0016339031888446044 -0.0046171014525042946 0.054118790825943078 0.057533220268033286 -0.013858750927330668 -0.011709301153537417 0.040369960545290899 0.023273544591714018 0.022899070466062821 0.080096171601353114 -0.01397368918775992 0.010084719389766485 -0.033811863365757804 -0.0094617483698982863 0.0026727236669095954 0.053927048756681577 0.06342937301505118 0.069296997674933761 0.024810764444317086 0.042020397042448171 0.0028757436050302438 0.0093909956137577973 -0.0061478364266647559 -0.021735442350686352 0.0032600172404770311 0.025680039078328394 -0.0065081232482411587 -0.02570103806761552 0.0040981248659538337 -0.039948511252102969
leaf_weight=495.26185141503811 6663.7594803646207 14782.237200126052 349.10137479007244 139.84549458324909 2198.6981480121613 854.86468194425106 2528.355078086257 3972.5447341650724 969.26967296004295 438.0201613754034 8251.3234015107155 485.79721735417843 1316.1733018606901 7166.7588897049427 7599.0877501815557 631.24291543662548 266.24314887821674 497.6622893512249 1911.7343948483467 418.39751446247101 2968.7224160730839 2415.4450716227293 5230.3755597397685 5877.2402857914567 33430.377019956708 818.67845869064331 4231.2586795687675 276.65431492030621 649.90284584462643 2321.3195077851415
leaf_count=2889 34980 69023 1472 582 9891 3691 10533 16231 4221 1842 36818 2049 5894 32154 39901 2695 1121 2125 8493 1809 12568 10869 29105 38042 147664 3654 18744 1221 2850 28748
internal_value=-0.000156065 0.000651866 0.00246786 0.00668125 0.00522866 0.00668593 0.0147914 0.0214435 8.83117e-05 0.00198359 -0.0100976 0.0432801 -0.0250385 0.0015937 -0.00593121 0.0152604 0.0222196 0.0374451 -0.00236046 0.00119911 0.0145496 0.014756 -0.00961028 -0.0143955 0.00373913 0.00467061 -0.00128989 0.0184251 0.0215778 -0.0338148
internal_weight=120156 117340 91969.3 33193.9 31697.2 30241.2 11668.3 9469.62 58775.4 49554.8 9220.59 923.817 1456.02 18572.9 25370.5 4167.8 3312.93 1496.67 14405.1 48631 6941.27 2681.69 17771.4 11107.6 33848.8 7238.33 5049.94 2188.39 999.004 2816.58
internal_count=581879 550242 408214 144788 138341 131865 49223 39332 263426 222387 41039 3891 6476 82642 142028 18376 14685 6447 64266 218496 28799 11990 102127 67147 149473 32112 22398 9714 4322 31637
is_linear=0
shrinkage=0.05


Tree=36
num_leaves=31
num_cat=0
split_feature=10 10 20 5 37 33 43 3 19 33 32 33 33 32 29 33 43 33 33 33 34 33 32 32 32 34 29 28 33 33
split_gain=1237.06 541.343 371.959 236.646 245.738 203.117 213.553 188.648 176.933 163.995 205.445 155.608 289.332 171.696 152.308 152.255 146.082 165.437 275.998 249.227 221.097 145.365 146.271 139.459 136.867 132.58 131.523 127.137 123.202 283.096
threshold=0.008057896779017101 0.023956366740570844 0.52549526726600482 -0.13996549118826138 0.0098599030520577519 -4096.4999999999991 1.5000000000000002 -0.1191709844559614 -0.59403424644223135 -896.49999999999989 3.5000000000000004 -1410.4999999999998 -1452.4999999999998 5.5000000000000009 -0.10337640147314371 -3223.4999999999995 2.5000000000000004 -4280.4999999999991 -4341.4999999999991 -3627.4999999999995 3.8638820795658355 -4520.4999999999991 6.5000000000000009 10.500000000000002 10.500000000000002 3.7268967972519356 -0.059683089636654703 -0.03366025251540649 -2060.4999999999995 -1766.4999999999998
decision_type=8 10 8 8 8 2 2 10 10 2 2 2 2 2 8 2 2 2 2 2 2 2 2 2 2 2 10 10 2 2
left_child=26 2 -2 5 9 21 -7 -3 24 10 -5 12 14 -13 -12 16 -16 18 -18 -19 23 27 -23 -21 -9 -11 -1 -4 -17 -30
right_child=1 7 3 4 -6 6 -8 8 -10 25 11 13 -14 -15 15 28 17 19 -20 20 -22 22 -24 -25 -26 -27 -28 -29 29 -31
leaf_value=-0.0024257068115371059 -0.012725265075454085 0.014013588741402912 -0.007908510425762608 -0.014389790298687208 0.0018233640433918234 0.044080268268036106 0.0086417067399525826 -0.002785908325644482 0.0053719695795765403 0.11137892587299177 0.013974120690444045 0.026801897794909102 0.037727271724410365 -0.024111774824410598 -0.0079495994304397462 -0.014308271096280724 -0.0033689645392639351 -0.013442565493089257 0.056685786499548613 0.019427084923524397 -0.0067355195271853801 -0.020656453749348814 0.015261610124770703 0.065247326739369158 0.0080958128251915236 0.011480988234581156 -0.034368719508367909 0.036123953023803466 0.030149284707169169 -0.011622421406068882
leaf_weight=363.60841172933578 7907.5100017562509 4485.8389743193984 325.99957022070885 5881.8251545354724 17690.980977036059 459.0219269245863 5752.7144894972444 14750.839723326266 36250.083920717239 51.587508156895638 1188.6458290070295 186.99973378330469 443.83741942793131 1446.2304284349084 3101.2127535939217 4863.894887663424 373.89452961087227 1532.0876330733299 391.78665612637997 980.90843266248703 809.94654750823975 1396.1039788275957 355.65375682711601 199.90555395185947 3593.6146077513695 93.245988875627518 2832.9154772758484 329.75539976358414 571.84979305416346 1395.2655133083463
leaf_count=3191 45940 18545 1396 32831 82441 1946 25907 65751 154202 230 5537 1053 2286 8416 15966 25688 1807 7862 1785 5057 4526 6482 1612 970 15408 439 32901 1387 3039 7336
internal_value=-4.74853e-05 0.000792279 -0.00265107 -0.00105219 -0.00262823 0.00648203 0.0112605 0.00415698 0.00334709 -0.00597755 -0.00630629 -0.00358729 -0.00207338 -0.0182823 -0.00321976 -0.00465692 0.000317277 0.0062954 0.0273601 0.00171705 0.0133839 -0.00584703 -0.0133641 0.0271842 -0.000654217 0.0470631 -0.0307352 0.0142338 -0.010038 0.000520813
internal_weight=120008 116811 57730.9 49823.4 41204.1 8619.25 6211.74 59080.4 54594.5 23513.1 23368.3 17486.5 15853.2 1633.23 15409.4 14220.8 7389.74 4288.53 765.681 3522.85 1990.76 2407.51 1751.76 1180.81 18344.5 144.833 3196.52 655.755 6831.01 1967.12
internal_count=581937 545845 291939 245999 207269 38730 27853 253906 235361 124828 124159 91328 81859 9469 79573 74036 37973 22007 3592 18415 10553 10877 8094 6027 81159 669 36092 2783 36063 10375
is_linear=0
shrinkage=0.05


Tree=37
num_leaves=31
num_cat=0
split_feature=12 10 5 10 19 4 28 32 32 32 43 8 32 34 43 19 19 28 8 12 28 34 32 25 43 37 2 2 11 43
split_gain=1181.56 598.813 323.626 270.226 249.669 224.882 216.961 204.089 200.678 201.518 232.662 162.168 158.73 153.659 147.655 157.293 145.466 144.812 130.657 124.853 128.616 122.491 110.165 104.808 103.145 99.9774 94.4556 99.5263 92.3542 174.081
threshold=1.0000000180025095e-35 0.016177884040595166 -0.22440260960582389 0.034488283213841515 0.41482733176629311 -0.08472477106381425 0.07118313181904741 4.5000000000000009 8.5000000000000018 10.500000000000002 2.5000000000000004 0.0045325793586592509 1.5000000000000002 2.8650498914867879 1.5000000000000002 -0.90424990263705818 -0.2535151420286556 0.099259238088819798 0.093029892747159573 2.2071428571428604 -0.042459574988381189 2.8763815484389119 9.5000000000000018 0.33023249105803626 5.5000000000000009 -0.021760830505129832 0.24578020907799783 -0.12500000000000003 0.20821730123264873 1.5000000000000002
decision_type=8 8 8 10 8 10 10 2 2 2 2 10 2 2 2 10 10 10 10 10 10 2 2 10 2 10 10 10 10 2
left_child=11 5 14 4 7 -2 16 12 17 24 25 -1 28 -12 15 18 -7 -9 -3 20 -14 -6 -23 -13 -10 -11 27 -5 -4 -30
right_child=1 2 3 26 21 6 -8 8 9 10 13 23 19 -15 -16 -17 -18 -19 -20 -21 -22 22 -24 -25 -26 -27 -28 -29 29 -31
leaf_value=-0.039279849407700199 0.0090638521100748649 0.017612239350425905 -0.028546437300300022 0.024112694379360419 0.012546725647380984 -0.016456829760098414 0.0050889542661061021 0.0025277960936571533 -0.0089604725844680492 0.0021349459220568585 0.029123485026777758 0.019232156875272619 -0.0042741700660249033 0.0058346100056825842 0.008899257921164758 0.03576008288243545 -0.0063954273015056021 0.015892820581861457 -0.057517974777089802 -0.0016852917117727208 -0.0170887075565965 0.005184523111012234 -0.0041796166507959151 -0.02509434363755594 0.028757876899296278 -0.01213155783776048 0.026388311035360351 0.0054348278975981743 0.039608298072384043 0.00060314491016370082
leaf_weight=2099.0366401076317 1845.3849333450198 171.54978993535042 238.70847670733929 744.67073050141335 4021.1646857559681 7431.4583481475711 2254.4993771612644 13596.303639270365 9290.8081991001964 2400.0852554813027 905.3262899145484 205.65640779584646 3025.9255149886012 3254.0104844868183 6847.1850846260786 1055.6235501170158 6953.9717066138983 2381.8356312662363 87.326550632715225 3806.6760082617402 5548.4862457737327 12458.03744083643 4199.6275543123484 379.3117698803544 184.85866697132587 2514.6827442795038 600.52729059755802 16887.098243653774 308.21945312619209 3977.6430204957724
leaf_count=27679 9236 710 1266 3043 17410 47550 11343 62855 43061 11193 3976 1150 14812 14539 28619 4419 40105 9945 425 18434 27743 53877 18852 2659 780 12164 2439 70865 1374 18506
internal_value=8.79561e-06 0.0007613 0.0023109 0.00144951 7.45278e-05 -0.00749636 -0.0093329 -0.00179094 0.000412943 -0.00312482 0.00220068 -0.0327917 -0.00629211 0.0109037 0.0118459 0.0271949 -0.0115931 0.0045201 -0.00773138 -0.00922093 -0.0125664 0.00471442 0.00282369 -0.00951054 -0.00822463 -0.00516463 0.00688785 0.00622368 0.00172234 0.00340822
internal_weight=119676 116992 98506.4 90344.7 72112.4 18485.3 16639.9 51433.6 34527.9 18549.8 9074.1 2684 16905.7 4159.34 8161.68 1314.5 14385.4 15978.1 258.876 12381.1 8574.41 20678.8 16657.7 584.968 9475.67 4914.77 18232.3 17631.8 4524.57 4285.86
internal_count=581029 549541 441307 407134 330787 108234 98998 240648 158513 85713 41872 31488 82135 18515 34173 5554 87655 72800 1135 60989 42555 90139 72729 3809 43841 23357 76347 73908 21146 19880
is_linear=0
shrinkage=0.05


Tree=38
num_leaves=31
num_cat=0
split_feature=12 10 0 0 3 38 33 33 33 26 32 33 33 32 2 0 33 33 33 33 12 33 33 33 10 33 32 33 10 33
split_gain=1092.47 508.77 326.951 343.223 224.336 203.881 204.254 206.843 190.365 208.1 170.198 243.331 507.712 219.138 169.294 160.046 159.162 345.049 497.914 199.475 158.355 155.32 156.848 148.102 249.295 239.431 143.921 266.605 135.534 132.727
threshold=1.0000000180025095e-35 0.016177884040595166 -0.043478260869564959 0.0028901734104049841 -0.068190248705828502 -0.063965784502434217 -4280.4999999999991 -4322.4999999999991 -1689.4999999999998 0.64842624279538918 4.5000000000000009 -1766.4999999999998 -2060.4999999999995 1.5000000000000002 0.0051939621559873314 0.084455231930960065 -2579.4999999999995 -2212.4999999999995 -2131.4999999999995 -2793.4999999999995 2.2642857142857169 -2163.4999999999995 -2178.4999999999995 -4228.4999999999991 0.049733529217753453 -3846.4999999999995 11.500000000000002 -2760.4999999999995 0.031340997526360569 -3830.4999999999995
decision_type=8 8 10 10 8 10 2 2 2 10 2 2 2 2 10 10 2 2 2 2 10 2 2 2 8 2 2 2 10 2
left_child=21 5 -3 4 8 -2 7 -7 -4 -10 13 12 16 23 -8 -5 19 -18 -19 -12 -9 22 -1 24 -6 -25 -21 -28 -14 -27
right_child=1 2 3 15 10 6 14 20 9 -11 11 -13 28 -15 -16 -17 17 18 -20 26 -22 -23 -24 25 -26 29 27 -29 -30 -31
leaf_value=-0.019976473882984021 0.0052244772822043067 0.015256233605236159 0.0025431798802176037 0.0044007547733720181 0.034591946387852748 0.0029830205260117926 -0.015133035881480496 0.11129631027055416 0.04480690739860637 0.008755586607930332 0.00035978963412375557 -0.0090753258531984515 0.035391379111320148 -0.011316591518177644 -0.003972228757930703 0.018034309100078982 -0.021016405161483953 0.029548783172112542 -0.018762242595412329 0.010094848393845463 0.0054807117702229098 -0.037235655745166886 0.054472178879524415 -0.04508515539543774 -0.036347082733082396 0.048766824744272616 0.017271802510125962 0.11034842369526339 0.011336303238739272 -0.00049198193295749149
leaf_weight=331.82530982047319 2943.1685291305184 4577.6244298964739 8672.8902543783188 36025.280971452594 663.18632121384144 1057.5442754775286 8741.1103886291385 83.832640692591667 587.19243922829628 1257.555510558188 16635.141186058521 6420.1455221474171 1233.0330891162157 9551.4143562018871 5558.3156819343567 2289.4130089879036 2563.5489403679967 1103.2420376762748 1032.4531282559037 723.49677127599716 61.145013406872749 2193.5304377302527 89.917405724525452 299.09663380682468 152.28442569077015 142.76163651049137 221.84911526739597 117.78084513545036 1115.1377751678228 3247.9374287873507
leaf_count=1875 15164 19213 37957 158636 2865 5620 56377 378 2572 5434 75187 30384 5237 46565 30707 9358 12107 4782 4722 3249 271 29254 378 1464 817 668 959 506 4504 14717
internal_value=6.81026e-05 0.000782043 0.0022074 0.00157232 -0.000931863 -0.00683985 -0.00913036 0.010661 0.00564553 0.0202309 -0.0024616 -0.000401577 0.00184878 -0.007029 -0.0107947 0.0052154 -0.00047018 -0.00864996 0.00619392 0.00170171 0.0666681 -0.0318927 -0.00410369 0.00206094 0.0213445 -0.00220086 0.0226993 0.04955 0.0239677 0.00158201
internal_weight=119693 117078 98632.5 94054.8 55740.1 18445.1 15501.9 1202.52 10517.6 1844.75 45222.5 31165.8 24745.7 14056.7 14299.4 38314.7 22397.5 4699.24 2135.7 17698.3 144.978 2615.27 421.743 4505.27 815.471 3689.8 1063.13 339.63 2348.17 3390.7
internal_count=581927 550420 441903 422690 254696 108517 93353 6269 45963 8006 208733 141637 111253 67096 87084 167994 101512 21611 9504 79901 649 31507 2253 20531 3682 16849 4714 1465 9741 15385
is_linear=0
shrinkage=0.05


Tree=39
num_leaves=31
num_cat=0
split_feature=12 10 1 19 3 28 32 28 12 32 8 43 0 8 43 37 10 37 35 28 14 43 3 28 12 43 12 32 10 32
split_gain=1022.41 462.582 277.779 284.304 185.586 217.36 182.868 157.158 154.296 153.899 161.847 153.418 146.315 146.095 141.004 118.546 116.41 110.628 108.678 105.78 131.716 104.989 94.609 109.427 126.106 104.467 147.88 115.611 91.7488 90.2359
threshold=1.0000000180025095e-35 0.016177884040595166 -0.075949367088607597 -0.48997163278705474 -0.066987968597575318 0.012587045810361798 10.500000000000002 -0.1531024028799757 0.57857142857142752 9.5000000000000018 0.28935677698975576 4.5000000000000009 0.068276171421417078 0.0045325793586592509 2.5000000000000004 -0.022783420258051409 0.008057896779017101 -0.050131926121463881 -0.011593318654905869 -0.1531024028799757 1.0000000180025095e-35 1.5000000000000002 -0.061443042408398756 0.00051212653645354956 0.85714285714285821 3.5000000000000004 0.14285714285714265 10.500000000000002 0.012509821442076916 9.5000000000000018
decision_type=8 8 8 10 10 10 2 10 10 2 8 2 10 10 2 10 10 10 10 10 10 2 10 10 10 2 10 2 10 2
left_child=13 4 7 6 -2 16 9 -3 11 10 18 -7 22 -1 15 -8 -6 -12 -4 20 -20 -10 -5 -24 25 -25 -27 29 -23 -28
right_child=1 2 3 12 5 8 14 -9 21 -11 17 -13 -14 -15 -16 -17 -18 -19 19 -21 -22 28 23 24 -26 26 27 -29 -30 -31
leaf_value=-0.037818224581107285 0.011544877685767806 0.046739383254126549 0.0060925560742081152 0.0091269974821184038 -0.030018562682408219 0.0091947022039531989 0.006030864647876855 0.011668723097235226 0.032268166960212882 -0.012145549351123695 0.01974044789374084 0.094621949003710543 0.014214788711145294 -0.0090405541939255259 0.013031872894420662 -0.011309841588547712 -0.01105830156641969 0.0020225866115134417 0.0021327286032526774 -0.0046946090245459119 -0.052388533345594082 -0.014867697661430528 -0.00079136351790052943 -0.00058323826238470102 0.0020152704932333782 0.060282540214868043 0.0096673466809274623 0.026797657410926226 -0.0012468527961270585 -0.019404039099647698
leaf_weight=1973.4917846769094 1305.2947620674968 348.01026983559132 2362.8445379585028 5834.0313575938344 888.25725277513266 1625.0507111623883 2465.5623467639089 3890.847803555429 178.51046148687601 4419.8471304476261 1109.0778073221445 54.31260384619236 3152.7836359143257 567.94606500864029 3254.9043217673898 1641.9334216713905 9136.1461998745799 4284.3891668468714 193.07309903949499 18642.322840809822 259.88563553243876 2071.1999590396881 17223.564283251762 2145.7904255315661 20172.032318711281 155.19604381918907 5639.0060804188251 984.22595156729221 3067.1304868832231 280.18698225915432
leaf_count=27726 6634 1512 10980 25233 8203 9459 11105 16116 866 20802 4726 266 12920 3794 14243 7954 54237 18675 893 89163 1372 13162 78927 9667 86472 664 24467 4164 15455 1218
internal_value=-1.33483e-05 0.000669396 0.002027 0.0014637 -0.00662461 -0.00801801 -0.00183081 0.014548 -0.00125454 -0.00349994 -0.00207685 0.0119575 0.00375344 -0.0313872 0.00525874 -0.000900922 -0.0127384 0.00566597 -0.00402299 -0.00527469 -0.0291489 -0.00542766 0.00312442 0.00237293 0.00422817 0.00907788 0.0120148 0.0109297 -0.00673725 0.00829124
internal_weight=119327 116785 98459.5 94220.7 18325.9 17020.6 38633.8 4238.86 6996.2 31271.4 26851.6 1679.36 55586.8 2541.44 7362.4 4107.5 10024.4 5393.47 21458.1 19095.3 452.959 5316.84 52434 46600 29376.4 9204.41 7058.62 6903.42 5138.33 5919.19
internal_count=581075 549555 441273 423645 108282 101648 179913 17628 39208 146611 125809 9725 243732 31520 33302 19059 62440 23401 102408 91428 2265 29483 230812 205579 126652 40180 30513 29849 28617 25685
is_linear=0
shrinkage=0.05


Tree=40
num_leaves=31
num_cat=0
split_feature=13 10 5 38 43 25 33 33 28 33 32 33 33 33 32 32 33 33 33 32 33 28 32 11 33 33 28 33 33 33
split_gain=917.634 427.891 377.791 573.026 459.323 332.451 292.598 337.407 351.682 327.793 316.921 360.474 221.91 233.257 214.616 295.476 199.386 202.304 193.843 320.179 176.321 177.806 213.201 170.76 164.598 160.591 201.909 157.503 720.747 148.733
threshold=3.0531133177191813e-17 0.032553578081023084 -0.077682685977617058 0.01453664445784031 1.5000000000000002 0.27851903939615125 -2378.4999999999995 -1638.4999999999998 -0.050120579962779008 -2579.4999999999995 5.5000000000000009 -2649.4999999999995 -1516.9999999999998 -2322.4999999999995 4.5000000000000009 5.5000000000000009 -2697.4999999999995 -4114.4999999999991 -2760.4999999999995 11.500000000000002 -4558.9999999999991 -0.073226037744962197 2.5000000000000004 0.29051348601808591 -2602.4999999999995 -3830.4999999999995 -0.019622752601359979 -3003.4999999999995 -3033.4999999999995 -1207.4999999999998
decision_type=8 10 8 8 2 10 2 2 10 2 2 2 2 2 2 2 2 2 2 2 2 10 2 10 2 2 10 2 2 2
left_child=5 2 4 -4 12 23 9 -8 -9 10 11 16 13 14 -2 -16 17 20 -12 -20 -6 22 -22 -1 -13 -19 27 28 -27 -10
right_child=1 -3 3 -5 6 -7 7 8 29 -11 18 24 -14 -15 15 -17 -18 25 19 -21 21 -23 -24 -25 -26 26 -28 -29 -30 -31
leaf_value=0.026149740728921279 0.012004731553788254 0.0064543578505012952 -0.0081750720864080355 0.0015323202579688275 0.088370894204209585 -0.032740349694797131 0.021439024927509334 0.02758901677295951 -0.013303376224597012 -0.021116098431954729 0.0060343171744309549 0.014373659163974113 0.070497468460795493 -0.017901931604435952 0.069424010861350749 0.015816560785224004 -0.053536309578028629 0.019082949673061685 -0.0065958166541703602 0.12699073998688679 0.047738994404831439 -0.032833289932281538 -0.017485867807566818 -0.016046581066517736 0.076335601341958631 -0.0037104017477423835 -0.019967526545022634 -0.026482346905869314 0.086881409399640466 0.0098317561796861415
leaf_weight=398.05065986514091 1643.8286195993423 25208.735282495618 29435.082586728036 31440.10346891731 36.070577666163445 2864.2695336192846 3407.6897576078773 941.13807167857885 2501.7384434044361 1985.2969191297889 8236.9136963039637 785.56349454820156 214.74013377726078 395.81336916983128 486.50454263389111 544.99944391846657 260.67419210076332 702.80919911712408 91.974070832133293 87.553412288427353 163.19967691600323 1494.2362664490938 539.29992783069611 602.91776905953884 124.11383237689734 1513.4780505299568 1668.4503408446908 368.90235614031553 256.81062325835228 961.7933738976717
leaf_count=2884 7099 105018 155874 143282 157 34824 14971 4215 11951 9151 37430 3597 950 1750 1988 2328 1272 3079 421 381 806 7392 2475 4905 572 7334 8153 1739 1241 4537
internal_value=-0.000107232 0.000694764 -0.000913322 -0.00316151 0.00373959 -0.0240717 0.0015238 0.00962541 0.000485763 -0.00193193 0.000400356 -0.00678302 0.0213585 0.0179226 0.0232228 0.0411003 -0.0106289 -0.0089702 0.00715457 0.0585528 -0.0212792 -0.0230796 -0.00233329 0.000733442 0.0228276 -0.0028769 -0.00693021 0.00323817 0.00943149 -0.00687895
internal_weight=119363 115498 90288.8 60875.2 29413.6 3865.24 26127.7 7812.36 4404.67 18315.3 16330 7913.61 3285.89 3071.15 2675.33 1031.5 7003.93 6743.26 8416.44 179.527 2232.81 2196.74 702.5 1000.97 909.677 4510.45 3807.64 2139.19 1770.29 3463.53
internal_count=581776 539163 434145 299156 134989 42613 120874 35674 20703 85200 76049 37817 14115 13165 11415 4316 33648 32376 38232 802 10830 10673 3281 7789 4169 21546 18467 10314 8575 16488
is_linear=0
shrinkage=0.05


Tree=41
num_leaves=31
num_cat=0
split_feature=10 37 0 10 13 32 0 28 1 32 5 28 19 32 32 4 34 10 43 32 12 43 43 13 32 28 12 7 19 34
split_gain=896.885 423.957 484.63 256.188 199.127 182.825 169.47 162.158 161.38 137.12 126.818 133.684 114.618 106.432 212.182 104.46 103.093 102.266 100.059 118.16 99.2174 95.0145 93.7531 90.6155 84.3554 83.628 83.2037 79.8208 79.4194 77.284
threshold=0.0075935864178521464 -0.059823796244549192 0.0045045045045032381 0.020490244560265516 1.1449174941446928e-17 3.5000000000000004 0.073169955585661542 -0.074749129196820502 -0.022641509433962311 1.5000000000000002 -0.16403785488959086 0.0027413430702431536 -0.58791795264757385 2.5000000000000004 3.5000000000000004 -0.079055606229519945 6.9934282343912235 0.048463249619154561 1.0000000180025095e-35 3.5000000000000004 0.85714285714285821 3.5000000000000004 1.5000000000000002 0.010221270836745512 10.500000000000002 0.0063292472394167907 2.5214285714285722 -0.14863382488209456 -0.4273486621445724 2.8650498914867879
decision_type=8 8 8 10 10 2 8 8 10 2 8 10 10 2 2 10 2 10 2 2 8 2 2 10 2 10 8 10 8 2
left_child=15 7 3 4 -3 9 10 8 18 27 -4 -12 23 -10 17 -1 28 -15 19 -2 21 -13 -20 -5 -25 -17 -11 -6 -7 -27
right_child=1 2 6 12 5 16 -8 -9 13 26 11 20 -14 14 -16 25 -18 -19 22 -21 -22 -23 -24 24 -26 29 -28 -29 -30 -31
leaf_value=0.013947673319998872 -0.027376055557779961 -0.029973161992229935 0.011680232350923539 -0.0218933730870625 -0.02118049989231616 -0.0069617266030208083 0.015166498639724642 0.0042769600148059861 0.037227309471918886 -0.024639028392480264 -0.0022231208915055481 -0.0032238917905081316 0.001362930997992378 -0.037376722756268223 0.0088628295676361751 -0.038576688494464301 -0.02469472339910965 0.073536916301549779 0.039782909335516564 0.019042547013813999 0.0020653007227687307 0.013068278137531968 0.019541106970244852 -0.0052775285009638555 0.00477750372873126 0.014724921439805999 -0.0080353257541957643 0.0013423772777788384 -0.00014217938618855911 -0.025552532779280348
leaf_weight=134.76874396950006 219.79241341352463 930.5367239639163 3650.2275519073009 695.1886485517025 517.1598534733057 7709.3085265308619 3043.9544940814376 9881.5838775411248 205.7403280287981 2644.1632052063942 12305.489875376225 1107.5618356093764 24001.889412231743 401.99477455019951 1362.4080426171422 1521.3581266663969 575.62366053462029 21.915794223546982 734.44490817189217 364.38083037734032 13049.433234281838 4660.5840141177177 2586.9683541357517 11101.473221376538 2568.4540604352951 138.79544652625918 1055.8002430200577 1643.5063396468759 9567.7648330405354 839.22598982229829
leaf_count=954 1013 9402 15546 4540 2710 42111 12543 42530 915 15321 59391 5198 105811 1890 5853 20913 3477 90 3130 1631 57349 20672 11000 51076 11179 1918 6035 8904 48661 10196
internal_value=-8.0046e-05 0.000571705 -0.000620965 -0.00330644 -0.00728446 -0.00639413 0.00385356 0.00819278 0.0147538 -0.0140566 0.00286326 0.00182918 -0.000751287 0.00317276 -0.000749495 -0.0289315 -0.0038787 -0.0316426 0.0206607 0.00157777 0.00447912 0.00993996 0.0240171 -0.00428382 -0.00338828 -0.0312436 -0.0199011 -0.00404852 -0.00318517 -0.0198366
internal_weight=119241 116607 100828 63010.9 24643.9 23713.3 37817.3 15779.2 5897.65 5860.63 34773.3 31123.1 38367 1992.06 1786.32 2634.15 17852.7 423.911 3905.59 584.173 18817.6 5768.15 3321.41 14365.1 13669.9 2499.38 3699.96 2160.67 17277.1 978.021
internal_count=581959 547978 479926 309227 136621 127219 170699 68052 25522 32970 158156 142610 172606 8748 7833 33981 94249 1980 16774 2644 83219 25870 14130 66795 62255 33027 21356 11614 90772 12114
is_linear=0
shrinkage=0.05


Tree=42
num_leaves=31
num_cat=0
split_feature=13 5 38 25 32 32 34 7 32 4 32 1 3 28 34 37 28 32 2 9 32 32 7 3 1 38 5 34 19 36
split_gain=758.021 380.388 397.721 300.329 235.084 338.136 243.82 185.129 197.454 181.008 178.182 162.014 133.756 132.666 172.93 148.263 130.766 116.48 112.123 105.964 103.157 118.902 100.152 97.5231 95.318 94.307 94.2935 87.3601 87.1053 86.6593
threshold=3.0531133177191813e-17 -0.16403785488959086 0.063628308032222095 0.29844542891663317 4.5000000000000009 1.5000000000000002 4.2477804456445627 -0.12080536912751687 2.5000000000000004 -1.0000000180025095e-35 8.5000000000000018 0.08989387571861486 -0.070707070707070593 0.00326569344264952 3.2790279743899156 -0.045479096459157091 0.099259238088819798 5.5000000000000009 -0.09638536972028787 0.0087982005718827746 8.5000000000000018 3.5000000000000004 -0.41309423628469316 -0.051948051948052014 -0.12279294097388214 -0.083114453154487997 -0.046783931850720432 1.3216669431912595 0.76871662418848941 0.50000000000000477
decision_type=8 8 8 10 2 2 2 10 2 8 2 10 10 10 2 10 10 2 8 10 2 2 10 10 10 10 8 2 10 2
left_child=3 12 4 9 5 22 13 8 23 -1 16 18 -2 15 -15 -6 -8 19 -4 -16 21 -20 -3 -7 -10 -24 -12 -5 -27 -14
right_child=1 2 11 27 6 7 10 -9 24 -11 26 -13 29 14 17 -17 -18 -19 20 -21 -22 -23 25 -25 -26 28 -28 -29 -30 -31
leaf_value=-0.0098727065095926408 0.01407031983679698 -0.030688569147515422 0.021430401326177646 0.1147264053709687 0.0066298816796449209 0.016615451507653971 -0.0025292965820164666 -0.015969217764398958 0.03874136752272276 0.042549732131549306 -0.0028503075520368774 0.013447244220844002 0.0018942993777511172 0.0098692525361676071 0.10648736845119236 -0.0040193683297222301 0.019543185984055574 -0.0023801657267340376 -0.00082663796587861761 0.015103051300861457 -0.002124943155307184 0.0085804052448030261 0.025357670316342312 -0.0021369677566455444 -0.010898037606493919 -0.00043110635661277843 -0.014997275423775823 -0.031853212792067015 0.015240611410468542 0.011698201197825801
leaf_weight=863.98981191217899 5410.6195011436939 208.76970821619034 789.27160161733627 10.204223714768885 4423.8162620589137 1157.7692071869969 5706.2577719390392 7674.0482174232602 98.104040205478668 203.43834111094475 2307.7545930594206 4323.627061471343 8377.5683848410845 8737.1654782518744 33.457534715533257 12513.980110637844 760.4405450001359 6873.7216153219342 5541.8059391453862 611.4173224940896 8407.2426494732499 8528.60925167799 499.00379238277674 1728.2858528643847 6795.1286776810884 4479.5040730088949 5192.3350889161229 2642.4294675514102 1105.4569331035018 3083.7002090662718
leaf_count=7363 22660 1092 3290 60 19472 5276 29580 42891 412 1147 11340 17721 36320 40219 216 62148 3500 32076 24252 2742 36934 35840 2225 8361 33465 22502 26441 34012 5242 13140
internal_value=-6.23884e-05 0.000653929 -0.000534325 -0.0222773 -0.00251624 -0.00657348 -0.000473347 -0.0101561 -0.00559441 0.000118349 -0.00601571 0.0045591 0.00759088 0.0018587 0.00508532 -0.001238 6.628e-05 -0.000473961 0.00290745 0.0198443 0.00225704 0.00487533 0.00336315 0.00538575 -0.0101916 0.00453163 -0.0112597 -0.0312893 0.00267087 0.00453208
internal_weight=119089 115369 98497 3720.06 70906.4 23746.1 47160.3 17453.3 9779.29 1067.43 13966.8 27590.6 16871.9 33193.6 16255.8 16937.8 6466.7 7518.6 23266.9 644.875 22477.7 14070.4 6292.73 2886.06 6893.23 6083.96 7500.09 2652.63 5584.96 11461.3
internal_count=581939 539357 467237 42582 349200 121466 227734 90405 47514 8510 70861 118037 72120 156873 75253 81620 33080 35034 100316 2958 97026 60092 31061 13637 33877 29969 37781 34072 27744 49460
is_linear=0
shrinkage=0.05


Tree=43
num_leaves=31
num_cat=0
split_feature=12 10 7 19 0 32 33 37 28 28 13 32 33 33 28 33 33 32 32 33 33 33 33 12 33 0 33 33 33 33
split_gain=787.719 343.879 238.651 225.641 216.048 183.319 323.857 171.795 201.99 158.508 159.273 154.282 286.31 268.557 349.781 149.869 171.605 419.467 165.914 166.45 148.747 146.03 145.762 167.394 167.971 143.363 141.754 136.484 302.59 287.639
threshold=1.0000000180025095e-35 0.015728786773079807 -0.33323924731182786 0.32484882662863335 -0.039005610870901646 4.5000000000000009 -1237.4999999999998 -0.049190397658349587 0.012587045810361798 0.00326569344264952 0.010829122244406807 2.5000000000000004 -1919.4999999999998 -1573.9999999999998 -0.032992548643378965 -2697.4999999999995 -3033.4999999999995 3.5000000000000004 3.5000000000000004 -2649.4999999999995 -1612.4999999999998 -885.49999999999989 -4280.4999999999991 0.57857142857142752 -3627.4999999999995 0.095238095238095691 -2163.4999999999995 -3627.4999999999995 -3290.4999999999995 -4280.4999999999991
decision_type=8 8 8 8 10 2 2 10 10 10 10 2 2 2 10 2 2 2 2 2 2 2 2 10 2 8 2 2 2 2
left_child=26 7 -3 4 -4 6 11 -2 -9 10 -7 20 15 -14 -15 16 -13 -18 -17 -20 -6 -8 -10 24 -24 -5 -1 29 -29 -11
right_child=1 2 3 25 5 9 21 8 22 27 -12 12 13 14 -16 18 17 -19 19 -21 -22 -23 23 -25 -26 -27 -28 28 -30 -31
leaf_value=-0.0018560008647195703 0.0097106319332348964 0.012403544868582191 0.011856722820928796 0.004055765461430035 -0.00068363389292874874 -0.023094628770929826 0.032740512904021669 -0.012833769134910765 0.025018571495113558 0.0084908716113111342 -0.0015382028124350628 -0.014325914280965744 0.030498862034563791 0.031279846776812247 -0.031875775153430944 -0.035508524689903342 0.087766291455349532 -0.010165214747040262 -0.050247575992890862 0.01179241685130396 -0.024001809943181227 -0.033318448687364513 -0.030371262217961839 -0.0082737455947446553 0.017916384672732471 0.022441900212901603 -0.034529400885566101 0.025520863973125453 0.0036796110533172536 -0.011868071443288985
leaf_weight=401.26907357573509 1538.4424586966634 4878.3255019187927 3337.8382889851928 27710.050558589399 9658.9943370819092 895.04288649559021 742.95152547955513 8571.7588764578104 494.66478277742863 3314.0262573957443 20104.632842496037 4486.8262231126428 714.39451191574335 336.01401518285275 630.82409331202507 1527.5106001868844 146.36418974399567 432.29838502407074 144.80533757805824 426.67572823166847 736.0260666012764 94.275804236531258 209.43518427759409 4295.6740362644196 1285.5496393740177 1102.3991972059011 1921.9638044685125 1802.7982230186462 13172.31883239001 3640.9846682846546
leaf_count=2223 7994 20198 14075 119641 45585 6029 3494 55575 2409 14093 92127 22541 3231 1618 3198 7611 723 2139 717 1958 3613 420 1136 24718 7634 4562 29267 7968 58112 16391
internal_value=-5.77473e-05 0.00051748 0.00161755 0.0010646 -0.000539901 -0.00119661 -0.00514025 -0.00619453 -0.00784151 0.000647797 -0.00245698 -0.00646489 -0.0113185 0.00725104 -0.00992673 -0.015676 -0.0110209 0.0146051 -0.0269102 -0.00392765 -0.00233469 0.025302 -0.00103319 -0.00325865 0.0111517 0.00475924 -0.028886 0.00362084 0.006309 -0.00216714
internal_weight=118755 116432 100036 95158.1 66345.6 63007.8 20078 16395.5 14857.1 42929.8 20999.7 19240.7 8845.71 1681.23 966.838 7164.48 5065.49 578.663 2098.99 571.481 10395 837.227 6285.32 5790.66 1494.98 28812.4 2323.23 21930.1 14975.1 6955.01
internal_count=581000 549510 450044 429846 305643 291568 96848 99466 91472 194720 98156 92934 43736 8047 4816 35689 25403 2862 10286 2675 49198 3914 35897 33488 8770 124203 31490 96564 66080 30484
is_linear=0
shrinkage=0.05


Tree=44
num_leaves=31
num_cat=0
split_feature=10 37 2 9 5 28 32 32 6 8 32 32 34 11 32 11 20 32 32 10 34 43 32 10 8 37 9 7 43 28
split_gain=739.956 326.199 395.036 195.374 223.208 159.013 171.216 302.224 143.384 126.189 124.919 122.056 112.251 110.707 108.355 108.031 100.17 98.5407 330.695 127.696 104.198 117.508 117.22 91.2508 86.0254 82.6181 81.6576 80.252 79.866 77.1827
threshold=0.0075935864178521464 -0.061059125721512002 0.0039215686274510783 0.017485711572661648 -0.099140240972761071 -0.077811858360653463 2.5000000000000004 3.5000000000000004 85.825177936240024 1.0000000180025095e-35 10.500000000000002 9.5000000000000018 2.8176849673721516 1.1009820745394998 8.5000000000000018 0.40360668726969318 3.371702347732553 1.5000000000000002 3.5000000000000004 0.022862005519600052 3.1068238186635342 2.5000000000000004 9.5000000000000018 0.046375259886948232 1.0000000180025095e-35 -0.030507598198187266 0.045446930360732822 -0.27927378598110297 1.0000000180025095e-35 -0.037530031732540596
decision_type=8 8 10 8 8 8 2 2 8 10 2 2 2 10 2 8 10 2 2 10 2 2 2 10 10 10 10 10 2 10
left_child=16 5 3 4 -3 6 -2 13 15 25 11 -5 29 23 -9 -4 27 -17 19 -19 21 -20 -22 -8 28 -6 -24 -1 -15 -12
right_child=1 2 8 10 9 -7 7 14 -10 -11 12 -13 -14 24 -16 17 -18 18 20 -21 22 -23 26 -25 -26 -27 -28 -29 -30 -31
leaf_value=0.067305746225918492 0.039051489503612868 0.00085910988779843767 0.029205718936650523 -0.0013879204619076226 -0.0084521877686390776 0.0034814024063198842 -0.0017502110725610535 0.026566974989326295 0.016046100009517551 -0.008781587121994611 -0.0031184622925667874 -0.011810468628945884 0.0019340902846598403 -0.035452189377620055 0.0095932689113440717 0.0085849108150851637 0.013640485331513014 -0.018159026732449429 -0.00034507514902415318 -0.0033532373120786921 0.0036957381480829561 0.011102683488499942 -0.0054109960933498907 0.067927271286502444 -0.040811405796007248 -0.029062638809859161 0.012448731851468883 -0.030330319002368412 0.023861664873258637 0.026076018513945573
leaf_weight=21.237510614097118 610.6151377633214 5811.8527863025665 367.88068407028913 24250.959618017077 743.24560111761093 9867.0091282576323 471.58228382468224 1817.5920437350869 1956.2493379488587 12019.311569184065 300.5224683880806 3176.9848570227623 4955.5328607559204 100.86530938744545 1947.8568558096886 5044.4997066035867 143.04179853573442 2552.9229614958167 3348.2208779975772 3390.3329381272197 16125.579368464649 6782.6582171618938 7042.1933292225003 52.188611954450607 378.79882033914328 1406.0796894282103 703.99080191552639 2337.3819036856294 129.76945851743221 917.76301250606775
leaf_count=163 2701 29430 1715 111422 4268 42328 2130 7710 8352 68888 1301 14826 22156 452 8284 22446 1585 13541 15129 15139 72387 29433 32244 215 1777 12155 2876 32381 564 3922
internal_value=-8.20547e-05 0.000496821 -0.000537031 -0.00347696 -0.00739231 0.0072808 0.0140855 0.0109735 0.00279235 -0.010777 -0.00114878 -0.00259517 0.00527694 -0.0116652 0.0177865 0.00222073 -0.0269873 0.00200007 0.00116852 -0.00971306 0.00307049 0.00731924 0.00126737 0.00519246 -0.0261533 -0.0219355 -0.00378786 -0.0294512 -0.00207853 0.0188744
internal_weight=118775 116273 100897 53582.3 19980.5 15376.3 5509.27 4898.65 47314.5 14168.6 33601.8 27427.9 6173.82 1133.2 3765.45 45358.3 2501.66 44990.4 39945.9 5943.26 34002.6 10130.9 23871.8 523.771 609.434 2149.33 7746.18 2358.62 230.635 1218.29
internal_count=581920 547791 481630 268368 114741 66161 23833 21132 213262 85311 153627 126248 27379 5138 15994 204910 34129 203195 180749 28680 152069 44562 107507 2345 2793 16423 35120 32544 1016 5223
is_linear=0
shrinkage=0.05


end of trees

feature_importances:
Column_33=364
Column_32=162
Column_10=90
Column_28=81
Column_5=71
Column_13=65
Column_43=60
Column_37=53
Column_19=43
Column_38=42
Column_7=40
Column_0=35
Column_1=30
Column_12=30
Column_34=27
Column_3=26
Column_20=21
Column_4=20
Column_8=18
Column_9=18
Column_2=11
Column_11=11
Column_36=10
Column_25=6
Column_29=5
Column_6=4
Column_26=3
Column_35=3
Column_14=1

parameters:
[boosting: gbdt]
[objective: binary]
[metric: binary_logloss]
[tree_learner: serial]
[device_type: cpu]
[data_sample_strategy: bagging]
[data: ]
[valid: ]
[num_iterations: 500]
[learning_rate: 0.05]
[num_leaves: 31]
[num_threads: 8]
[seed: 42]
[deterministic: 0]
[force_col_wise: 0]
[force_row_wise: 0]
[histogram_pool_size: -1]
[max_depth: -1]
[min_data_in_leaf: 100]
[min_sum_hessian_in_leaf: 0.001]
[bagging_fraction: 0.8]
[pos_bagging_fraction: 1]
[neg_bagging_fraction: 1]
[bagging_freq: 1]
[bagging_seed: 400]
[bagging_by_query: 0]
[feature_fraction: 0.8]
[feature_fraction_bynode: 1]
[feature_fraction_seed: 30056]
[extra_trees: 0]
[extra_seed: 12879]
[early_stopping_round: 0]
[early_stopping_min_delta: 0]
[first_metric_only: 0]
[max_delta_step: 0]
[lambda_l1: 0]
[lambda_l2: 0]
[linear_lambda: 0]
[min_gain_to_split: 0]
[drop_rate: 0.1]
[max_drop: 50]
[skip_drop: 0.5]
[xgboost_dart_mode: 0]
[uniform_drop: 0]
[drop_seed: 17869]
[top_rate: 0.2]
[other_rate: 0.1]
[min_data_per_group: 100]
[max_cat_threshold: 32]
[cat_l2: 10]
[cat_smooth: 10]
[max_cat_to_onehot: 4]
[top_k: 20]
[monotone_constraints: ]
[monotone_constraints_method: basic]
[monotone_penalty: 0]
[feature_contri: ]
[forcedsplits_filename: ]
[refit_decay_rate: 0.9]
[cegb_tradeoff: 1]
[cegb_penalty_split: 0]
[cegb_penalty_feature_lazy: ]
[cegb_penalty_feature_coupled: ]
[path_smooth: 0]
[interaction_constraints: ]
[verbosity: -1]
[saved_feature_importance_type: 0]
[use_quantized_grad: 0]
[num_grad_quant_bins: 4]
[quant_train_renew_leaf: 0]
[stochastic_rounding: 1]
[linear_tree: 0]
[max_bin: 255]
[max_bin_by_feature: ]
[min_data_in_bin: 3]
[bin_construct_sample_cnt: 200000]
[data_random_seed: 175]
[is_enable_sparse: 1]
[enable_bundle: 1]
[use_missing: 1]
[zero_as_missing: 0]
[feature_pre_filter: 1]
[pre_partition: 0]
[two_round: 0]
[header: 0]
[label_column: ]
[weight_column: ]
[group_column: ]
[ignore_column: ]
[categorical_feature: ]
[forcedbins_filename: ]
[precise_float_parser: 0]
[parser_config_file: ]
[objective_seed: 16083]
[num_class: 1]
[is_unbalance: 0]
[scale_pos_weight: 1]
[sigmoid: 1]
[boost_from_average: 1]
[reg_sqrt: 0]
[alpha: 0.9]
[fair_c: 1]
[poisson_max_delta_step: 0.7]
[tweedie_variance_power: 1.5]
[lambdarank_truncation_level: 30]
[lambdarank_norm: 1]
[label_gain: ]
[lambdarank_position_bias_regularization: 0]
[eval_at: ]
[multi_error_top_k: 1]
[auc_mu_weights: ]
[num_machines: 1]
[local_listen_port: 12400]
[time_out: 120]
[machine_list_filename: ]
[machines: ]
[gpu_platform_id: -1]
[gpu_device_id: -1]
[gpu_use_dp: 0]
[num_gpu: 1]

end of parameters

pandas_categorical:null
