tree
version=v4
num_class=1
num_tree_per_iteration=1
label_index=0
max_feature_idx=43
objective=binary sigmoid:1
feature_names=Column_0 Column_1 Column_2 Column_3 Column_4 Column_5 Column_6 Column_7 Column_8 Column_9 Column_10 Column_11 Column_12 Column_13 Column_14 Column_15 Column_16 Column_17 Column_18 Column_19 Column_20 Column_21 Column_22 Column_23 Column_24 Column_25 Column_26 Column_27 Column_28 Column_29 Column_30 Column_31 Column_32 Column_33 Column_34 Column_35 Column_36 Column_37 Column_38 Column_39 Column_40 Column_41 Column_42 Column_43
feature_infos=[-0.12:0.12000000000000011] [-0.29013333333333224:0.39913846153846166] [-0.4065934065934067:0.6327710843373493] [-0.52145214521452155:1.5836363636363737] [-0.52145214521452155:6.1999999999999984] [-0.78026740067952072:12.090909090909097] [0:99.999999998988343] [-0.92298657718120802:0] [0:11.530303030303031] [0:0.11323805518842653] [0:0.10689387851301814] [0:3445.3822046328423] [-2.5376526277146434e-16:482.92857142857144] [-4.2327252813834091e-17:0.22091833826374288] [0:21] none none [0:5] none [-2.6633613358200781:4.364357787018144] [1.3105603252131176e-05:4.1994108179251359] [-0.99999999999999867:1] [0:45.319180968864195] none none [0.0024509803921568627:1] [0.0026041666666666665:1] none [-0.33078749247831551:1.4627374711935675] [-1.4380737940635226:6.0969042900782338] none [1:7] [1:12] [-5029:-857] [0.53062825106217038:8.7142391436085749] [-0.9000484848484851:8.9927378358748484] [0:1] [-0.89911730696202941:1.2532960447461243] [-0.91006978897857493:1.8923781069225907] [0:1] none none none [0:7]
tree_sizes=3533 3599 3577 3582 3594 3588 3581 3575 3583 3588 3593 3577 3590 3605 3587 3584 3589 3567 3576 3581 3589 3583 3587 3583 3605 3581 3608 3599 3575 3578 3577 3563 3602 3576 3595 3570 3572 3596 3569 3608 3580 3600 3583 3587 3585 3585 3582 3591 3591 3587 3567 3592 3579 3574 3578 3571 3572 3581 3599 3598 3581 3584 3566 3575 3558 3578 3588 3606 3595 3583 3548 3568 3559 3598 3647 3594

Tree=0
num_leaves=31
num_cat=0
split_feature=13 10 10 38 10 28 3 38 20 13 4 32 3 19 12 28 7 7 28 32 10 7 36 7 10 19 32 43 43 43
split_gain=18939.2 5666.34 4899.3 1787.14 1369.61 1053.64 890.102 1109.95 849.224 838.692 612.274 608.961 528.503 512.232 498.558 460.554 494.595 401.407 409.086 371.106 364.915 356.838 344.016 313.544 307.956 303.157 244.126 248.989 232.353 223.282
threshold=0.025898056745371122 0.010755543752189015 0.027314207206265897 -0.1204246477291787 0.02377350363682524 0.061913181843934677 -0.12434314754512964 0.18749025577916359 0.1720789681398015 0.0025312014212745177 -0.22833792144706835 3.5000000000000004 -0.12434314754512964 -0.18571641294985544 0.035714285714285733 0.070039304608660216 -0.19327274883894927 -0.28323069754555641 0.048047128830175999 2.5000000000000004 0.019697225353483793 -0.15652173913043479 0.999589153656532 -0.28682872710931356 0.016025875721325959 -0.092983280560098511 3.5000000000000004 4.5000000000000009 5.5000000000000009 1.5000000000000002
decision_type=10 8 10 8 10 10 10 10 10 8 10 2 10 10 10 10 8 10 10 2 10 10 2 10 8 10 2 2 2 2
left_child=1 14 3 12 9 13 23 11 -6 10 -3 19 29 21 -1 16 -11 -13 28 -8 -15 -5 -9 -4 -18 -10 27 -7 -19 -2
right_child=2 4 6 5 8 26 7 22 25 15 -12 17 -14 20 -16 -17 24 18 -20 -21 -22 -23 -24 -25 -26 -27 -28 -29 -30 -31
leaf_value=-0.81409897336335801 -0.64327337556142294 -0.6265677323426867 -0.67176859789201948 -0.74612338078923579 -0.78908730236197278 -0.75470959203813581 -0.72936532210604132 -0.70225979226753998 -0.74343060664375149 -0.745963072561871 -0.80184724968906484 -0.70228712342440225 -0.72044024290705666 -0.75140520582452852 -0.79272458991506678 -0.74278195489933097 -0.77685211796096398 -0.72886586330967951 -0.71125160435123025 -0.75525610238277929 -0.73539174523431294 -0.7610408490350935 -0.65642298200801497 -0.70506855814615299 -0.7639265151605209 -0.71946091271403789 -0.72520513407216991 -0.71821994981754755 -0.68356965738520181 -0.69396935602066556
leaf_weight=5420.1054556667805 319.26618680357933 51.065131723880768 1252.6233166456223 6419.1489301621914 880.76440870761871 1621.645272821188 5320.5939169228077 4669.8408280313015 4782.4459902942181 2502.1914544701576 2046.969810128212 3005.4230517148972 2651.0223084688187 6492.6914489269257 5492.9932932555676 2195.582437068224 8252.2562228143215 10882.765187770128 5726.059791892767 1870.642346739769 7869.9224160611629 10676.540617346764 448.67483258247375 1622.5181810557842 10435.399717539549 1821.5412585437298 6592.8576688468456 656.86344653367996 290.67844212055206 679.34083357453346
leaf_count=24837 1463 234 5740 29415 4036 7431 24381 21399 21915 11466 9380 13772 12148 29752 25171 10061 37815 49869 26239 8572 36063 48924 2056 7435 47819 8347 30211 3010 1332 3113
internal_value=-0.74577 -0.772112 -0.73115 -0.742268 -0.761774 -0.7453 -0.717217 -0.719596 -0.74297 -0.767297 -0.797581 -0.72363 -0.708762 -0.749592 -0.80334 -0.76458 -0.766839 -0.719124 -0.722119 -0.7361 -0.742631 -0.75544 -0.698242 -0.690561 -0.769634 -0.736819 -0.730081 -0.74419 -0.727687 -0.677761
internal_weight=122950 43881.3 79069.1 43979.3 32968.2 40329.7 35089.8 32214.7 7484.75 25483.5 2098.03 27096.2 3649.63 31458.3 10913.1 23385.4 21189.8 19904.9 16899.5 7191.24 14362.6 17095.7 5118.52 2875.14 18687.7 6603.99 8871.37 2278.51 11173.4 998.607
internal_count=563406 201081 362325 201530 151073 184806 160795 147620 34298 116775 9614 124165 16724 144154 50008 107161 97100 91212 77440 32953 65815 78339 23455 13175 85634 30262 40652 10441 51201 4576
is_linear=0
shrinkage=1


Tree=1
num_leaves=31
num_cat=0
split_feature=10 10 13 13 38 37 28 20 5 37 4 37 28 13 37 5 33 38 0 33 5 1 33 33 43 10 9 43 3 28
split_gain=17416.9 5495.51 3480.18 1781.81 1243.72 1233.67 1360.09 982.349 766.925 855.434 704.341 593.581 589.046 490.391 471.853 478.006 429.272 499.852 393.258 344.567 335.911 329.44 295.02 472.879 272.5 271.671 263.245 250.172 234.462 225.694
threshold=0.01624923837800266 0.027569051845925438 0.011696387047167679 0.033365226637543925 -0.14825249914930558 -0.090831773977290739 0.12307709582208684 0.11088583244430704 -0.1336934873167929 0.0061826498758265078 -0.097435897435896909 0.043116772408245414 0.063028173917823879 0.0058934307654875161 0.099082164589054181 -0.18122380290973919 -4852.9999999999991 -0.095920874985824287 0.095238095238095691 -4551.4999999999991 -0.09615384615384652 -0.093896713615022373 -1773.9999999999998 -2185.4999999999995 1.5000000000000002 0.013744192550170351 0.036087268588485537 3.5000000000000004 -0.18219670421985942 0.077587622724556632
decision_type=8 10 10 10 8 10 10 10 8 8 10 10 10 10 10 10 2 10 10 2 10 10 2 2 2 10 10 2 10 10
left_child=2 3 20 8 28 21 7 -7 24 13 -4 16 25 -10 15 -9 -6 -18 27 -17 -1 -3 23 -8 -2 -12 -21 -11 -5 -15
right_child=1 5 10 4 11 6 22 14 9 18 12 -13 -14 29 -16 19 17 -19 -20 26 -22 -23 -24 -25 -26 -27 -28 -29 -30 -31
leaf_value=-0.027296805203409748 0.042009863118792193 0.081440984511048448 0.015907214450996267 0.098617094674661523 -0.025285336946543502 -0.045522062989075907 0.033941695533830668 0.032257526748768653 -0.049810608529481493 -0.011534136920996852 -0.033790389762773702 0.019855043097980574 -0.0016462755913318678 -0.017418879619717661 0.036852704550090425 0.032649147704943066 0.024082807177632642 0.00043144055256975401 0.10639845707079261 0.0077636242152967069 -0.061261424024677394 0.044754786591350799 0.010771693779831504 0.065533792775066435 0.0048370919726728467 -0.020256134591846123 0.020081889026010304 0.0073842547244040123 0.045175486330665475 0.0067820294167911859
leaf_weight=792.26578205823898 542.70205768942833 790.56795619428158 1168.1884574443102 243.90910296142101 1306.732908681035 600.16995592415333 2433.2595031410456 4216.6505622118711 1138.6892297118902 2695.3744528740644 8525.2863766402006 6678.5370216518641 2488.0956692099571 14657.149488583207 3319.3001518249512 2198.9859600514174 2705.5850780308247 12814.501107677817 89.074517488479614 13291.91119633615 8969.3461616188288 2708.3622285276651 554.35948394238949 2308.0287973433733 5384.516289293766 6561.4774525463581 6437.7223203331232 4968.9366252720356 1294.3990575820208 1031.1532871574163
leaf_count=3692 2481 3557 5355 1089 5991 2792 11011 19150 5301 12381 39500 30493 11406 67396 15014 9994 12343 58716 402 60544 41998 12233 2507 10427 24673 30281 29264 22779 5851 4709
internal_value=-4.25381e-05 0.0102994 -0.0342961 0.000209987 0.0100934 0.0247226 0.0219202 0.0178047 -0.00790334 -0.0117962 -0.0216878 0.00724296 -0.0241868 -0.0181278 0.0190946 0.0168401 0.00223724 0.00455454 0.00194502 0.0138755 -0.0585048 0.0530439 0.0452852 0.0493205 0.00824067 -0.0279041 0.011783 0.000731061 0.053649 -0.0158282
internal_weight=122915 94410.6 28504.7 55551.3 25043.7 38859.3 35360.4 30064.7 30507.6 24580.4 18743 23505.4 17574.9 16827 29464.6 26145.3 16826.8 15520.1 7753.39 21928.6 9761.61 3498.93 5295.65 4741.29 5927.22 15086.8 19729.6 7664.31 1538.31 15688.3
internal_count=563330 431098 132232 254605 114483 176493 160703 136758 140122 112968 86542 107543 81187 77406 133966 118952 77050 71059 35562 99802 45690 15790 23945 21438 27154 69781 89808 35160 6940 72105
is_linear=0
shrinkage=0.05


Tree=2
num_leaves=31
num_cat=0
split_feature=13 9 13 38 5 7 38 37 9 5 33 37 19 33 36 2 29 33 33 7 17 8 38 9 19 9 36 33 33 33
split_gain=15712.4 4006.88 3669.39 1438.73 1302.87 1193.56 1156.53 942.895 843.815 699.62 609.477 438.506 472.263 436.928 424.621 403.451 393.731 379.536 379.188 357.73 350.954 304.584 278.84 263.109 220.11 219.561 218.021 198.014 196.756 183.927
threshold=0.023252471319582038 0.025764708952731693 0.0002235970503686912 -0.10172104126987784 -0.12334801762114277 -0.27971162500865465 0.17239999028459432 0.020197131941125161 0.013000694820936741 -0.09615384615384652 -4852.9999999999991 -0.085417339029925696 0.24172520668427777 -4534.4999999999991 0.999589153656532 -0.084184636979617242 -0.081924466512662178 -4746.4999999999991 -2369.4999999999995 -0.15540292312885992 1.0000000180025095e-35 0.077641768169718586 0.017441860465040596 0.035542588224434409 -0.12596980023262153 0.013359067455746266 0.999589153656532 -3435.4999999999995 -4252.4999999999991 -4551.4999999999991
decision_type=10 10 8 8 8 8 10 10 8 10 2 10 10 2 2 10 8 2 2 8 8 10 8 10 10 8 2 2 2 2
left_child=2 3 9 18 13 15 10 16 21 20 -7 -12 17 -4 -8 -3 -5 -13 -2 -18 -1 28 27 -19 -15 -21 -14 -10 -6 -9
right_child=1 5 4 7 8 6 14 29 22 -11 11 12 26 24 -16 -17 19 23 -20 25 -22 -23 -24 -25 -26 -27 -28 -29 -30 -31
leaf_value=-0.02785877385852429 0.018831475160740949 0.068711109789379485 0.049535987139126533 0.0075985718894859694 -0.0099512434708959388 -0.026659258645002206 0.034144563988926652 0.030394433875676238 -0.0080746006839275096 -0.062363524136252381 0.038015876429136682 0.051346815296398035 0.022806360127520603 -0.0075703569355282333 0.079442940019862324 0.036917925182975909 0.00019300463182047418 0.0044192404458234915 0.051201735651919079 -0.0250095850782198 0.12653370287865426 -0.017196157227516606 -0.00033431783027597513 0.017063537760774287 0.018103760268679107 -0.010390698231434667 0.05803987551854705 -0.024841923770768461 -0.038674801640515351 0.0081145800081666528
leaf_weight=1352.3551156818867 4030.986954793334 1317.7796372920275 510.95949266850948 4101.619617536664 639.06899936497211 847.4438039958477 6394.4396701008081 1012.8526796549559 2855.5936586260796 7284.9555320590734 2161.7796370387077 544.44320504367352 7297.5538185238838 2699.2809610515833 562.87995992600918 4109.997583553195 7250.5496995598078 11434.263128206134 1166.4998613595963 3134.580512046814 37.837468877434731 2518.5100971609354 2988.4387724846601 6426.5698015838861 1208.5993245095015 14220.227141991258 467.16952806711197 4592.7076265662909 8887.684289842844 10842.151564791799
leaf_count=6328 18220 5812 2321 18714 2977 3898 28612 4613 13194 34941 9674 2453 33015 12420 2484 18390 33179 52067 5263 14550 162 11714 13782 29036 5551 65488 2109 21293 41770 49479
internal_value=0.000125578 0.0115367 -0.0278838 0.00132899 -0.0187648 0.0227746 0.0194909 -0.00184464 -0.0236432 -0.0561607 0.0151231 0.0163729 0.0145851 0.00605511 0.0378094 0.0446368 -0.00674355 0.0102224 0.0260965 -0.00913432 -0.0236566 -0.0326599 -0.0132368 0.00896883 0.000369938 -0.0130311 0.0249262 -0.0184135 -0.036748 0.0100181
internal_weight=122900 87323.8 35576 45759.5 26900.8 41564.3 36136.5 40562 22482 8675.15 29179.2 28331.8 26170 4418.84 6957.32 5427.78 28707 18405.3 5197.49 24605.4 1390.19 12045.3 10436.7 17860.8 3907.88 17354.8 7764.72 7448.3 9526.75 11855
internal_count=563509 397056 166453 209506 125022 187550 163348 186023 104730 41431 132252 128354 118680 20292 31096 24202 131931 83556 23483 113217 6490 56461 48269 81103 17971 80038 35124 34487 44747 54092
is_linear=0
shrinkage=0.05


Tree=3
num_leaves=31
num_cat=0
split_feature=9 9 33 7 19 37 4 7 20 28 7 32 12 0 33 33 37 37 19 32 33 28 1 26 7 33 28 33 32 32
split_gain=13868 4231.3 2367.11 1219.02 1170.1 1092.68 1232.46 915.037 586.639 572.662 561.853 555.126 537.241 499.035 435.098 430.442 412.706 402.631 365.248 352.432 338.61 329.678 317.255 295.489 293.274 269.075 254.133 282.571 253.803 233.931
threshold=0.012750544210828871 0.025038039386735066 -1410.4999999999998 -0.20418700101869189 -0.11476702941258478 -0.088024714399068157 0.13688567572900071 -0.16383143148410009 0.1720789681398015 0.03311324543113036 -0.2589600655718986 4.5000000000000009 0.035714285714285733 0.084090909090909119 -4852.9999999999991 -4852.9999999999991 0.0098818689479703865 -0.073205519723329657 0.65032655357518543 5.5000000000000009 -4768.4999999999991 0.070039304608660216 -0.07093686234704609 0.29606256956590876 -0.057142857142857099 -4595.4999999999991 0.13098836025788282 -4551.4999999999991 3.5000000000000004 5.5000000000000009
decision_type=8 10 2 8 8 10 10 8 10 10 8 2 10 10 2 2 10 10 10 2 2 10 10 10 8 2 10 2 2 2
left_child=2 3 7 17 11 14 8 20 -7 -6 25 -5 -4 28 -3 -12 29 -2 26 24 -1 -13 -16 -22 -14 -10 27 -17 -8 -9
right_child=1 5 12 4 9 6 13 16 10 -11 15 21 19 -15 22 18 -18 -19 -20 -21 23 -23 -24 -25 -26 -27 -28 -29 -30 -31
leaf_value=0.079759712166733554 0.0334306327364201 -0.01848541126348471 -0.063634776191408102 -0.022514213606120173 -0.0026884987794630892 -0.036383221882810478 0.013365652721673602 -0.040794306013425728 0.065764538190409699 0.015577872271724181 -0.027228400347969053 -0.0096487506345200487 0.00040344400072499665 0.063705198094806167 0.063069717879008322 0.027531595611589917 -0.011110214041546622 0.0090819329923012577 0.023324184293550911 -0.051884951436683195 -0.0068209179677180889 0.011291728330418277 0.035660630577151235 0.040936213180713311 -0.047197924594332176 0.024713018194347177 0.028343007090865787 0.0043406098316647887 0.0315543942480951 -0.025737344521037153
leaf_weight=137.05565473437309 2266.0405036062002 281.36225341260433 5470.1918044090271 8594.084849730134 10809.18211401999 627.86141221225262 2499.0595254153013 4459.8188569992781 443.02944575250149 7115.1480045318604 771.40184731781483 12865.467330157757 816.40985697507858 1033.2444068640471 1654.1544856578112 1424.9287478476763 3013.1810993552208 6771.0837858021259 4640.9164293557405 1892.520212829113 2516.4966432005167 2201.1346651166677 2918.3479862511158 371.74126805365086 536.01970621943474 4031.7120947390795 1388.7704827934504 16796.510484486818 8247.6209597289562 6118.7532174885273
leaf_count=615 10122 1290 26959 39773 49709 2987 11188 21187 1964 32360 3581 59579 3871 4522 7210 6392 14108 30743 20843 9072 11626 10016 12863 1704 2581 17972 6211 76251 36710 28981
internal_value=-1.27901e-05 0.00856015 -0.0329686 -0.00145672 -0.00507374 0.0194046 0.0168033 -0.0218997 0.0114412 0.00456242 0.0124592 -0.0123737 -0.0540734 0.0305158 0.0418627 0.00954105 -0.0274352 0.0151873 0.0107106 -0.0379553 0.00296976 -0.00658948 0.0455762 -0.000674161 -0.0184628 0.0287774 0.00772555 0.00615416 0.0273247 -0.0320852
internal_weight=122713 97381.1 25332.2 50622.1 41585 46758.9 41905.1 16617 30125.1 17924.3 29497.3 23660.7 8715.14 11779.9 4853.86 25022.5 13591.8 9037.12 24251.1 3244.95 3025.29 15066.6 4572.5 2888.24 1352.43 4474.74 19610.2 18221.4 10746.7 10578.6
internal_count=562990 442286 120704 232302 191437 209984 188621 78221 136201 82069 133214 109368 42483 52420 21363 113278 64276 40865 109697 15524 13945 69595 20073 13330 6452 19936 88854 82643 47898 50168
is_linear=0
shrinkage=0.05


Tree=4
num_leaves=31
num_cat=0
split_feature=10 10 13 19 5 20 28 3 3 13 4 28 35 13 38 32 19 28 12 28 33 7 5 38 32 5 33 32 38 10
split_gain=13639 4169.44 2896.3 1675.57 959.77 923.557 649.219 647.643 610.925 591.978 568.593 528.034 411.85 482.062 395.295 377.437 376.535 370.941 348.756 244.782 243.755 327.089 241.964 261.6 234.779 225.624 225.622 224.25 205.477 201.695
threshold=0.01624923837800266 0.028850443296029874 0.011696387047167679 -0.035893814457367557 -0.1565412210323803 0.11088583244430704 0.13098836025788282 -0.12048192771084336 -0.11304379867647261 0.032522199082100418 -0.097435897435896909 0.061913181843934677 0.087464436160043194 0.0042810931636381609 -0.14825249914930558 4.5000000000000009 0.13457803614924052 0.048047128830175999 1.0000000180025095e-35 0.077587622724556632 -4852.9999999999991 -0.016066239824648717 -0.144672795763406 0.028746796170340819 3.5000000000000004 -0.092716572456016708 -4746.4999999999991 2.5000000000000004 0.028746796170340819 0.042123000275436077
decision_type=8 10 10 10 8 10 10 10 10 10 10 10 10 8 10 2 10 10 10 10 2 8 8 8 2 10 2 2 10 10
left_child=2 3 18 4 14 -3 7 -7 -5 12 -4 25 13 -6 -2 -15 24 22 -1 -17 -11 -22 -10 -24 27 -12 -26 -9 -27 -28
right_child=1 5 10 8 9 6 -8 16 17 20 11 -13 -14 15 -16 19 -18 -19 -20 -21 21 -23 23 -25 26 28 29 -29 -30 -31
leaf_value=-0.062710126809015818 0.038065547572165875 -0.041434207653239075 0.013880424693057492 0.056176368000085734 -0.048296299410617673 0.043085802352324731 0.040965973661138973 0.011824573222672575 0.01848808574147973 -0.022891289965606763 -0.013693584691912826 -0.0010048702212596026 0.10776333572537676 -0.023100574761711817 0.0063363445262801278 -0.01019868608283124 0.027109396732717742 0.019599324599188468 -0.042947625018865204 0.014433836367127365 -0.0014467864098719788 0.027503477324633457 -0.0033789289983496246 0.01207791526120347 0.055969977254891168 -0.031931511144668481 0.013844711619417128 -0.011751258573723385 -0.014268897428754349 0.030394261690822669
leaf_weight=5173.0260227769613 1237.4037070423365 553.06018583476543 1180.671831548214 748.3457410633564 1040.1063569635153 2973.2828507572412 4696.7664609104395 3537.0078559666872 2940.0232163518667 1163.5169804245234 3105.9858174175024 2552.0730697661638 68.3072320073843 6211.6356210410595 4748.7412324398756 9895.3903720378876 8568.7736590951681 7103.4902526587248 3927.24558134377 1123.0194217413664 11345.924493774772 1067.4572373628616 7274.1915730535984 4389.0514675527811 377.71336382627487 9526.1124801188707 10466.548410847783 1411.0218685269356 1990.7229032665491 2233.9954963326454
leaf_count=26252 5431 2688 5370 3264 5103 12907 20553 15908 13241 5429 14597 11756 293 28958 21560 46001 38052 31921 19249 5095 51795 4812 33428 19879 1656 45392 46939 6392 9341 9906
internal_value=-7.18029e-05 0.00888427 -0.0311178 0.000935709 -0.00547666 0.022663 0.0236975 0.0209545 0.011759 -0.00892253 -0.0196832 -0.0219905 -0.0147818 -0.0152399 0.0128951 -0.0132445 0.0184803 0.0102277 -0.0541816 -0.00768809 -0.00100839 0.00104272 0.00566908 0.00243771 0.0143784 -0.0256531 0.0178883 0.00510149 -0.0288785 0.0167557
internal_weight=122631 95174.8 27455.8 60356.6 37901.5 34818.2 34265.1 29568.3 22455.1 31915.4 18355.6 17174.9 18338.5 18270.2 5986.14 17230 26595.1 21706.8 9100.27 11018.4 13576.9 12413.4 14603.3 11663.2 18026.3 14622.8 13078.3 4948.03 11516.8 12700.5
internal_count=563168 431211 131957 276210 174477 155001 152313 131760 101733 147486 86456 81086 85450 85157 26991 80054 118853 98469 45501 51096 62036 56607 66548 53307 80801 69330 58501 22300 54733 56845
is_linear=0
shrinkage=0.05


Tree=5
num_leaves=31
num_cat=0
split_feature=10 10 13 37 13 28 20 28 37 5 13 0 1 5 8 32 12 4 12 1 28 5 32 32 43 32 43 32 32 32
split_gain=12239.6 3823.66 2731.56 1063.1 1052.17 1030.74 707.4 588.796 561.173 531.77 497.651 421.39 402.352 364.919 372.595 325.854 308.8 289.448 281.223 280.398 244.673 284.558 235.398 221.77 281.188 202.71 266.588 200.914 198.582 197.18
threshold=0.016025875721325959 0.025232781551255613 0.011696387047167679 -0.081023248379941279 0.038790942378769053 0.09956331299510908 0.11088583244430704 0.0027733422256535768 -0.10069513108484944 -0.12950781513843709 0.028807728554535488 0.084090909090909119 0.0057142857142871159 -0.12334801762114277 0.35108050423530984 3.5000000000000004 1.0000000180025095e-35 -0.10634229937103777 0.14285714285714304 -0.076470588235292278 0.048047128830175999 -0.11538461538461485 4.5000000000000009 8.5000000000000018 5.5000000000000009 10.500000000000002 2.5000000000000004 3.5000000000000004 1.5000000000000002 3.5000000000000004
decision_type=8 10 10 10 10 10 10 10 8 8 10 10 8 10 10 2 10 10 8 10 10 10 2 2 2 2 2 2 2 2
left_child=2 4 16 19 7 6 -5 9 -6 -2 20 13 22 27 25 -7 -1 -12 -11 -3 21 -4 28 24 -17 -15 -27 -8 -9 -10
right_child=1 3 10 5 8 15 11 12 29 18 17 -13 -14 14 -16 23 -18 -19 -20 -21 -22 -23 -24 -25 -26 26 -28 -29 -30 -31
leaf_value=-0.06114592620515167 0.0018138361353602793 0.057350494082113339 -0.0083905695080986175 -0.040874360415244317 0.046433483847235058 0.010399869480659261 0.0066057680474030534 -7.3711036373441327e-05 -0.0044593523237092805 -0.057118593927611219 0.034756139586201294 0.044989605390194927 0.010544073918075235 0.0028854131450513653 0.019039089368603698 0.049073010231818176 -0.042250825092568826 -0.0084445338145078871 -0.016318819210470303 0.031851878701830864 -0.00870165789861394 -0.030414218888684775 -0.00059825349282053111 0.024364972973596383 0.01559724436788568 0.0030522910918431637 0.030014051717145891 0.025467940006221153 -0.027532059197746719 0.010562591097519771
leaf_weight=5017.8808220028877 4732.8689516186714 1502.20142775774 1750.8933238238096 628.77583733201027 977.66900162398815 1531.8700331002474 1837.5295213460922 1017.4784230738878 2846.6548792123795 436.13391627371311 430.50376097857952 978.16620440781116 6112.4596607536077 15763.155521288514 6679.7415853589773 3450.8857323229313 3799.6882221996784 3902.433217138052 13366.725545808673 3819.4368859529495 2246.732583373785 9035.0026185512543 6306.6425910294056 2574.4900921285152 766.66617597639561 1920.1225605159998 1754.615384966135 6093.1563908904791 1866.1387114822865 9391.1344143897295
leaf_count=26232 21461 6395 8194 3118 4265 6773 8217 4713 12937 2200 1928 4253 27897 71213 29610 15005 18981 18236 62486 16628 10523 43634 29134 11247 3330 8636 7866 27079 8712 42488
internal_value=-2.56674e-05 0.00821177 -0.0303397 0.0179425 -0.00198358 0.0153884 0.0116899 -0.00665611 0.00998051 -0.0126489 -0.0188318 0.0126336 0.000602744 0.011704 0.00885162 0.0312307 -0.0530036 -0.00415228 -0.017608 0.0390497 -0.0237123 -0.0268391 -0.00600925 0.0359289 0.0429878 0.00535074 0.015926 0.0210976 -0.0178434 0.00706831
internal_weight=122538 96354.7 26183.1 49300.8 47053.9 43979.2 35655.3 33838.4 13215.5 18535.7 17365.6 35026.5 15302.7 34048.3 26117.6 8323.91 8817.57 4332.94 13802.9 5321.64 13032.6 10785.9 9190.26 6792.04 4217.55 19437.9 3674.74 7930.69 2883.62 12237.8
internal_count=563391 435663 127728 219370 216293 196347 159992 156603 59690 86147 82515 156874 70456 152621 117325 36355 45213 20164 64686 23023 62351 51828 42559 29582 18335 87715 16502 35296 13425 55425
is_linear=0
shrinkage=0.05


Tree=6
num_leaves=31
num_cat=0
split_feature=10 10 13 19 20 38 13 38 1 13 28 28 37 19 28 4 10 7 10 28 33 43 1 33 33 33 43 36 33 38
split_gain=11567.2 3531.67 2503.6 1403.56 746.324 711.229 616.308 611.317 602.22 568.043 516.993 487.714 386.534 378.177 344.924 306.403 269.863 265.161 249.166 240.597 202.471 235.938 191.736 191.504 176.192 283.089 174.015 168.376 167.169 254.084
threshold=0.016025875721325959 0.028850443296029874 0.0090750830099287656 -0.23068869119685512 0.11088583244430704 -0.10380381772336238 0.0081282053705219529 -0.13608852922977546 -0.093896713615022373 0.028807728554535488 0.13098836025788282 0.0022174167284993609 -0.078967533949769339 0.16269317152875457 0.05658253424316919 -0.09566992590643307 0.011431146828115425 -0.13020602671981105 0.023975359209404135 0.070039304608660216 -4852.9999999999991 1.5000000000000002 0.07449041801805846 -4551.4999999999991 -2185.4999999999995 -1773.9999999999998 1.5000000000000002 0.94205107811947852 -4852.9999999999991 0.11695955584721797
decision_type=8 10 10 8 10 8 10 8 10 10 10 10 10 10 10 10 10 10 8 10 2 2 8 2 2 2 2 2 2 8
left_child=2 3 17 5 -3 20 -7 26 -6 16 12 28 -10 23 18 -11 -4 -1 -8 -18 -2 -22 -13 -14 -12 -26 -5 -15 -9 -30
right_child=1 4 9 7 8 6 14 11 10 15 24 22 13 27 -16 -17 19 -19 -20 -21 21 -23 -24 -25 25 -27 -28 -29 29 -31
leaf_value=-0.019611749080045138 -0.035706967960656776 -0.038208401747135745 -0.034520227032480241 0.068412077190791093 0.053491662497989582 -0.042411376144984948 -0.014137653579751421 -0.017921667783268331 0.03312748407300372 0.030305442139381064 0.024450584358413251 0.010573104643143838 0.027550931725975489 0.021939905223733361 0.0045377926600696766 -0.0091959501867360863 -0.022565036623060003 -0.056803562020885413 -0.003229423142523859 0.0038112085916462246 0.043981138786315398 0.010388420851050932 0.026724381431099717 0.0093999070776187438 0.051628137713226822 0.0084289998943975503 0.029651348020824777 0.04706986007661676 -0.00084517099842363545 0.029700374281958791
leaf_weight=514.76538756489754 199.60808844864368 533.87957373261452 4711.4300517886877 390.40984445810318 1399.5942909866571 1331.625592187047 14399.48021812737 1266.2989064753056 3478.7128138244152 564.77701443433762 2043.2860078215599 13284.099288612604 1604.148963868618 7439.1196841597557 4837.3325885087252 3753.8353783786297 8380.6864720284939 6944.7287204861641 8225.4819184988737 964.03058654069901 626.71617147326469 3149.1105257719755 2132.4865861088037 15439.86265167594 2159.0580730289221 460.04574477672577 1120.9862267076969 732.15665811300278 9558.6812682747841 733.01059524714947
leaf_count=2583 913 2686 23243 1669 5956 6646 67431 5908 14953 2522 8811 59958 7026 32680 21949 17612 40472 36882 37829 4457 2736 14008 9413 68793 9194 1995 4865 3138 43774 3278
internal_value=-9.12392e-05 0.00786052 -0.0298078 0.000602 0.0204597 -0.0064546 -0.00919165 0.00871969 0.0213609 -0.0198903 0.0200127 0.00698589 0.0175035 0.015348 -0.00758085 -0.00403006 -0.0247633 -0.054237 -0.0101719 -0.019844 0.0133698 0.0159642 0.0128072 0.0111082 0.0354551 0.0440402 0.0396637 0.0241916 -0.000778874 0.00133039
internal_weight=122379 96545.2 25834.3 61255.3 35289.9 32769.4 28793.9 28486 34756 18374.8 33356.4 26974.6 28694 25215.3 27462.3 4318.61 14056.1 7459.49 22625 9344.72 3975.43 3775.83 15416.6 17044 4662.39 2619.1 1511.4 8171.28 11558 10291.7
internal_count=563380 435609 127771 280377 155232 151512 133855 128865 152546 88306 146590 122331 126590 111637 127209 20134 68172 39465 105260 44929 17657 16744 69371 75819 20000 11189 6534 35818 52960 47052
is_linear=0
shrinkage=0.05


Tree=7
num_leaves=31
num_cat=0
split_feature=13 10 10 38 38 33 10 1 32 32 32 33 33 32 33 33 3 33 32 12 33 32 33 32 33 33 4 7 33 33
split_gain=10381.4 3051.63 2929.51 1040.25 867.513 680.521 666.011 591.811 621.731 543.141 456.208 430.454 427.142 405.164 397.66 1563.37 387.787 371.192 396.181 362.028 332.596 324.833 319.068 564.494 313.366 340.192 300.157 299.439 280.391 274.633
threshold=0.022741239525672887 0.010755543752189015 0.027314207206265897 -0.10380381772336238 0.034791349722802185 -1619.4999999999998 0.020725854650731238 -0.093896713615022373 3.5000000000000004 2.5000000000000004 4.5000000000000009 -4551.4999999999991 -2651.4999999999995 6.5000000000000009 -1773.9999999999998 -2201.4999999999995 -0.12434314754512964 -4678.4999999999991 10.500000000000002 0.035714285714285733 -4963.4999999999991 7.5000000000000009 -2185.4999999999995 8.5000000000000018 -2329.4999999999995 -1921.4999999999998 -0.10429447852760741 -0.017178322909824736 -1696.4999999999998 -4298.4999999999991
decision_type=10 8 10 8 8 2 10 10 2 2 2 2 2 2 2 2 10 2 2 10 2 2 2 2 2 2 10 8 2 2
left_child=1 19 3 16 10 6 -3 -4 9 -9 12 -8 -5 -13 15 17 -2 -10 -19 -1 -6 -17 -15 -24 -14 -26 -7 -22 -16 -12
right_child=2 5 7 4 20 26 11 8 14 -11 29 13 24 22 28 21 -18 18 -20 -21 27 -23 23 -25 25 -27 -28 -29 -30 -31
leaf_value=-0.058945483803581236 0.04632167239266885 -0.017293664655851731 0.049898930747547282 -0.022437566837341969 -0.018176436636765377 0.014013987737558162 0.038656131958170435 0.014115335519702031 0.036056621104380064 -0.013115248087101829 0.013756266640307588 -0.014570674642729925 0.029600361612483191 0.0015020938874842008 -0.0081928644700459824 0.062826778780098944 0.014346765293978273 0.0084728719221403882 0.026832233044666493 -0.039002908059300401 0.0040312442654462967 0.037846729233304677 0.074747357920817548 -0.01526361885585289 -0.039303022035601043 0.00015207955586145046 -0.035480332999829632 0.018470761916277511 0.016818526005000813 -0.0042333353139805364
leaf_weight=4478.3313808739185 1189.2809867709875 12231.117507785559 1514.8909028619528 6786.4789346307516 1143.2574878633022 330.05548457801342 732.05443580448627 6982.847059443593 2245.4223712235689 2482.1396876424551 2432.719912275672 3038.6988679617643 662.33368398249149 1952.7091375589371 1524.086243018508 2266.0506813824177 4678.366919785738 9530.4728348106146 4248.2879562526941 4626.9871075302362 8981.7618101537228 3057.1531996279955 452.94491508603096 283.02327543497086 690.27959048748016 2619.904630869627 4259.9505555927753 5981.4415521174669 4232.0380626469851 16585.12454880774
leaf_count=24854 5049 58859 6373 31805 5380 1533 3278 30808 9661 11061 11188 14263 3066 8997 6677 9738 20734 41776 18524 23639 40725 13178 2064 1327 3225 12235 21144 26841 18564 76881
internal_value=4.23947e-07 -0.0242696 0.00874992 0.00100432 -0.00153072 -0.0146709 -0.0104346 0.0192753 0.0180067 0.00697427 -0.00658712 0.00255319 -0.0148154 -0.00206137 0.0218594 0.0250043 0.0208276 0.0172055 0.0141335 -0.0488114 0.0078173 0.0484806 0.0120764 0.0401328 -0.00179391 -0.00807557 -0.0319213 0.00980335 0.0101961 -0.00193215
internal_weight=122220 32385.9 89834.3 51751 45883.3 23280.6 18690.5 38083.4 36568.5 9464.99 29776.8 6459.43 10759 5727.38 27103.5 21347.4 5867.65 16024.2 13778.8 9105.32 16106.5 5323.2 2688.68 735.968 3972.52 3310.18 4590.01 14963.2 5756.12 19017.8
internal_count=563447 159958 403489 237129 211346 111465 88788 166360 159987 41869 138400 29929 50331 26651 118118 92877 25783 69961 60300 48493 72946 22916 12388 3391 18526 15460 22677 67566 25241 88069
is_linear=0
shrinkage=0.05


Tree=8
num_leaves=31
num_cat=0
split_feature=10 13 13 38 10 38 33 20 20 32 13 33 10 5 38 5 0 33 33 33 36 38 32 33 28 32 43 28 5 34
split_gain=9611.95 2996.22 2154.59 1085.75 966.665 719.908 712.902 524.397 467.966 453.169 417.442 407.65 423.155 323.232 494.779 307.319 274.968 263.569 390.429 481.601 230.933 226.826 213.41 209.185 217.16 201.303 200.669 196.055 190.852 187.749
threshold=0.015695136013742689 0.037580651690913229 0.011123876278783761 -0.14825249914930558 0.023975359209404135 0.20471865756479604 -4551.4999999999991 0.1720789681398015 0.50256002780218922 6.5000000000000009 0.028807728554535488 -4852.9999999999991 0.033110875875693987 -0.1336934873167929 0.010262989095540244 -0.084284087211194833 0.095238095238095691 -1410.4999999999998 -2185.4999999999995 -2154.4999999999995 0.999589153656532 -0.090909090909204168 3.5000000000000004 -4852.9999999999991 -0.078714480328975614 10.500000000000002 1.5000000000000002 0.04901838244131116 -0.068870523415976923 2.8361459037824157
decision_type=8 10 10 8 10 10 2 10 8 2 10 2 8 8 8 10 10 2 2 2 2 10 2 2 10 2 2 10 10 2
left_child=2 4 15 23 8 11 -6 -8 -2 -9 27 -5 22 26 -15 -1 -16 18 25 -20 -7 -12 -13 -3 -25 -11 -10 28 -4 -27
right_child=1 3 10 5 6 20 7 9 13 17 21 12 -14 14 16 -17 -18 -19 19 -21 -22 -23 -24 24 -26 29 -28 -29 -30 -31
leaf_value=-0.02040095405661603 -0.021668916408744413 -0.057699547598398064 -0.015443599895749033 -0.017560642106527097 0.033612509652755959 0.026979274791142788 -0.035543035327818905 -0.0026793401945573187 0.038296951165005692 0.0012814436534277268 0.026479957433394603 -0.00031590097980669924 0.019315517106648444 -0.013751052451260418 0.0011024743749552277 -0.053373810486065015 0.084811083636818316 -0.010776571176490442 0.079327677000598618 0.02251586920442546 0.061865315013753266 -0.0085372851459385567 0.010779959852475611 0.054982751281626857 0.031254027483237426 0.050839579605529164 0.0036451260150848867 -0.0085077886182256916 -0.030132547775260393 0.013029948017831888
leaf_weight=785.83177720010281 4745.4990119189024 52.834706008434296 3261.6547188460827 1197.448574885726 2216.7202024757862 5217.3198945820332 818.10707624256611 8644.1098162233829 460.21436704695225 3300.1801725178957 537.87283660471439 5717.5844911336899 13038.618209213018 12186.866620108485 8140.7811350822449 7014.919993698597 99.299464926123619 990.54988333582878 452.73052921891212 2119.1387955844402 521.82119691371918 3298.1115968674421 17900.619682013988 1827.9929592758417 2040.5260559916496 430.90053080022335 4533.2536040097475 2067.7629685550928 6867.1022659242153 1379.3531035333872
leaf_count=4082 22811 228 15908 5616 9712 22285 4141 39085 2028 14832 2391 25751 56613 57660 37500 39166 419 4500 1982 9421 2158 15539 79592 7670 8629 1905 20628 9862 34393 6154
internal_value=-2.06872e-05 0.00690307 -0.0284999 0.0159163 -0.00157436 0.0136494 0.00684624 0.0035745 -0.00725542 0.00542253 -0.0180135 0.0111475 0.0120853 -0.0045647 -0.00735232 -0.0500522 0.00211123 0.0134976 0.0166274 0.0325165 0.0301512 -0.00362725 0.00809383 0.041117 0.0424666 0.00863111 0.00683875 -0.0225382 -0.0254024 0.0220299
internal_weight=121866 98032.5 23833.3 47514.8 50517.7 43593.4 20351.8 18135.1 30165.9 17317 16032.5 37854.3 36656.8 25420.4 20426.9 7800.75 8240.08 8672.85 7682.3 2571.87 5739.14 3835.98 23618.2 3921.35 3868.52 5110.43 4993.47 12196.5 10128.8 1810.25
internal_count=562661 441320 121341 208542 232778 192015 91732 82020 141046 77879 78093 167572 161956 118235 95579 43248 37919 38794 34294 11403 24443 17930 105343 16527 16299 22891 22656 60163 50301 8059
is_linear=0
shrinkage=0.05


Tree=9
num_leaves=31
num_cat=0
split_feature=9 9 12 5 5 37 2 19 8 32 8 20 38 33 32 43 43 43 7 37 4 7 33 33 19 33 33 37 32 33
split_gain=8321.68 2410.81 1905.22 1007.12 895.523 747.496 687.734 736.313 481.125 471.345 372.64 369.926 358.07 342.983 322.958 297.463 289.146 268.224 259.234 237.712 225.729 224.719 241.865 775.281 212.997 210.417 210.01 207.97 201.166 208.84
threshold=0.012750544210828871 0.025764708952731693 1.0000000180025095e-35 -0.11538461538461485 -0.16435790300471456 0.012166148999926187 -0.092436974789915402 -0.20503037248653061 0.075659394041164965 4.5000000000000009 0.076624845042594716 0.11088583244430704 -0.15270609519775394 -2154.4999999999995 3.5000000000000004 1.5000000000000002 3.5000000000000004 3.5000000000000004 -0.0028922768053203369 -0.069904830141342175 -0.14962940891891888 -0.29073194859422041 -1773.9999999999998 -2068.4999999999995 -0.059680913542783688 -2369.4999999999995 -2527.4999999999995 -0.13864487770108122 1.5000000000000002 -897.49999999999989
decision_type=8 10 10 8 8 8 10 10 10 2 10 10 10 2 2 2 2 2 10 10 8 8 2 2 10 2 2 10 2 2
left_child=2 4 13 8 12 9 27 11 15 19 24 -8 -2 17 -13 -4 -7 -1 -9 -6 -11 -16 23 -23 -5 26 -14 -3 29 -21
right_child=1 6 3 10 5 16 7 18 -10 20 -12 14 25 -15 21 -17 -18 -19 -20 28 -22 22 -24 -25 -26 -27 -28 -29 -30 -31
leaf_value=-0.031299078386188804 0.040141857199328251 0.053692892046299782 0.062213380850858584 -0.033600762069735488 0.0058274463654010436 -0.0041196102572781459 -0.037282329741607438 0.017437632155234632 0.064279818812385855 0.025434405529628307 -0.010121371358475016 -0.0027882891299734116 0.0083077887284667713 -0.056890358819656553 0.026529839558815382 -0.0042925697669536815 0.010124171948396982 0.070345603161875478 0.032932663269837348 -0.0081680072526318353 -0.0045629972927065691 0.0072083913627514484 -0.0033552790642111191 0.045718921840567181 -0.019439338792730052 0.025226617292973638 -0.027107645954378201 0.027658017229956866 -0.022864386889060891 0.083916087499474878
leaf_weight=247.03167077898979 1203.560128852725 1107.8025369644165 180.2052638232708 7718.5462116897106 1061.9840015918016 5450.5662741363049 467.49308930337429 16240.759196251631 328.29513344168663 649.41086465120316 3488.1806308180094 5530.9802495390177 3958.4079782813787 4875.6130354106426 2081.8749367296696 2509.6724531203508 10287.947869628668 88.032522186636925 3237.3360121250153 2035.622246414423 18280.775057092309 9753.0764306038618 3123.9908309280872 1509.1103411018848 4047.6206150352955 1707.0387878119946 468.09714683890343 2493.8393343091011 7617.0192036628723 63.492611050605774
leaf_count=1155 5146 4568 798 39636 4816 25101 2441 70622 1449 2878 16840 24734 17775 28439 8853 11945 46462 392 13738 9560 85199 43140 13856 6468 20459 7640 2091 10702 36203 300
internal_value=-0.000116031 0.00627047 -0.026858 -0.0192528 -0.00100203 -0.00361882 0.0146986 0.0128982 0.00713709 -0.00828612 -0.0244742 0.00672991 0.0152066 -0.0535275 0.00766519 0.00016292 0.00519126 -0.00459364 0.020013 -0.0166327 -0.00353392 0.0111761 0.00895422 0.0123687 -0.0287292 0.0103137 0.00456265 0.0356659 -0.0190876 -0.00538271
internal_weight=121813 98330.2 23483.2 18272.5 52783.9 45446.8 45546.3 41944.6 3018.17 29708.3 15254.3 22466.5 7337.1 5210.68 21999 2689.88 15738.5 335.064 19478.1 10778.1 18930.2 16468.1 14386.2 11262.2 11766.2 6133.54 4426.51 3601.64 9716.13 2099.11
internal_count=563406 442293 121113 91127 243171 210519 199122 183852 14192 138956 76935 99492 32652 29986 97051 12743 71563 1547 84360 50879 88077 72317 63464 49608 60095 27506 19866 15270 46063 9860
is_linear=0
shrinkage=0.05


Tree=10
num_leaves=31
num_cat=0
split_feature=10 10 13 19 7 4 13 32 3 28 19 3 1 3 20 28 0 4 32 32 33 33 33 33 33 7 5 33 28 33
split_gain=8193.32 3067.76 1256.39 1063.32 689.884 851.172 598.134 459.608 380.285 431.904 375.312 321.126 314.142 302.248 291.977 277.067 276.149 264.672 247.746 252.598 237.641 253.357 215.144 236.765 200.811 187.88 186.086 178.785 178.283 177.76
threshold=0.013600500061671439 0.023975359209404135 0.0070901989393742726 -0.17588860799341957 -0.28323069754555641 0.11627906976744197 0.0070901989393742726 3.5000000000000004 -0.082706766917293159 0.022401448342175771 -0.059680913542783688 -0.079552730790055023 -0.073498997149165454 -0.10183033506511373 0.05720857950262772 0.053069774323672374 0.084090909090909119 -0.08791208791208853 4.5000000000000009 2.5000000000000004 -1921.4999999999998 -1578.4999999999998 -4298.4999999999991 -4333.4999999999991 -4595.4999999999991 -0.11330049261083745 -0.05582421104468676 -4788.4999999999991 0.10204908257943837 -2185.4999999999995
decision_type=8 10 10 8 10 10 10 2 8 10 10 10 10 10 10 10 10 10 2 2 2 2 2 2 2 10 10 2 10 2
left_child=2 3 25 6 13 10 -2 -8 -5 -10 12 -9 -6 -3 -14 -13 29 -4 19 -16 -21 -22 23 -19 -15 -1 -12 -20 -24 -7
right_child=1 4 17 8 5 16 7 11 9 -11 26 15 14 24 18 -17 -18 22 27 20 21 -23 28 -25 -26 -27 -28 -29 -30 -31
leaf_value=-0.01998590328199876 -0.043123987578107731 0.042396817401131937 0.0098500817130541748 0.028981405628187795 0.027740032445269236 0.01453379309651686 -0.019873638170142306 0.014436615686432931 -0.0037707755150478725 0.010805171819846346 0.022251205747252759 -0.0099717161114240734 -0.042126289122134501 0.04724083952373577 0.0032507880899383941 0.0068164782338164757 0.04657334865735633 -0.0069130409650838449 0.086104717692097987 -0.023553999259924231 0.048655209377215763 -0.011675307799706356 -0.028216770608333899 0.091173982249438221 0.017029095056630198 -0.054520391018144411 0.0093411391151821781 0.0060144696337458003 0.0016221532402109565 0.026982577547285516
leaf_weight=425.41754026710987 1341.5923512727022 2276.7517550140619 585.47084520757198 1442.4855106920004 1245.532586440444 6798.883121907711 6969.5215745419264 1935.5464388728142 11940.569852218032 8848.3038294911385 4465.9902967512608 14126.386281475425 369.68112176656723 623.75045518577099 4121.9004008471966 2975.2530762851238 1047.7108310163021 456.78268142044544 70.011924177408218 2347.9000418186188 259.35553398728371 528.89047239720821 8777.2125802189112 71.09846156835556 4652.9473897218704 5304.9177154004574 7443.2895083278418 14717.772902414203 530.86735738813877 4959.3361206352711
leaf_count=2269 7243 9422 2731 6314 5320 29314 33322 8730 55602 39872 19496 67009 1981 2630 18594 13579 4329 2267 299 10717 1157 2437 44868 351 20151 31773 32657 65472 2543 21093
internal_value=1.28598e-05 0.00508964 -0.0331506 -0.0039657 0.0131169 0.0109226 -0.0105676 -0.00888811 0.00415573 0.00243314 0.00694313 -0.00486631 0.00329938 0.0271702 0.00194132 -0.00705099 0.0219761 -0.0228099 0.00268028 -0.00488547 -0.0155791 0.00817516 -0.0247539 0.00629796 0.0206004 -0.0519566 0.0141824 0.00639365 -0.026515 0.0197844
internal_weight=121661 105509 16151.8 49579.7 55929.7 48376.3 27348.3 26006.7 22231.4 20788.9 35570.3 19037.2 23661 7553.45 22415.5 17101.6 12805.9 10421.4 22045.8 7258.05 3136.15 788.246 9835.96 527.881 5276.7 5730.34 11909.3 14787.8 9308.08 11758.2
internal_count=563542 476740 86802 231671 245069 212866 129883 122640 101788 95474 158130 89318 105977 32203 100657 80588 54736 52760 98676 32905 14311 3594 50029 2618 22781 34042 52153 65771 47411 50407
is_linear=0
shrinkage=0.05


Tree=11
num_leaves=31
num_cat=0
split_feature=10 10 10 5 38 7 38 43 5 20 33 7 32 32 33 33 32 33 32 32 6 4 20 33 0 1 2 43 3 3
split_gain=7406.48 2844.53 1231.71 888.211 1050.45 570.89 636.537 503.468 424.605 371.388 338.362 362.7 320.619 497.639 388.966 1450.12 476.868 370.5 467.696 297.997 309.657 288.993 271.232 268.743 246.005 241.805 218.783 229.399 217.09 211.521
threshold=0.013600500061671439 0.025017368678219371 0.0081165445628313022 -0.16435790300471456 0.028746796170340819 -0.2991717538925851 0.18749025577916359 1.5000000000000002 -0.065961986369065459 0.082729510079588911 -4963.4999999999991 -0.019437395445682123 3.5000000000000004 2.5000000000000004 -1773.9999999999998 -2185.4999999999995 8.5000000000000018 -4678.4999999999991 10.500000000000002 4.5000000000000009 1.0000000180025095e-35 -0.10429447852760741 0.44601989866885999 -3901.4999999999995 0.095238095238095691 -0.10993836099662201 -0.086575281913794308 6.5000000000000009 -0.072580645161289911 -0.094959611751678261
decision_type=8 10 10 8 8 10 10 2 8 10 2 8 2 2 2 2 2 2 2 2 10 10 10 2 8 10 10 2 10 10
left_child=2 3 -1 7 8 29 9 -2 -5 -7 -6 -12 13 -11 15 17 -17 -14 26 -10 -21 -4 -23 -9 -13 -15 -19 -28 -25 -3
right_child=1 5 21 4 10 6 -8 23 19 12 11 24 14 25 -16 16 -18 18 -20 20 -22 22 -24 28 -26 -27 27 -29 -30 -31
leaf_value=-0.050060226125706014 0.04878401177396658 0.04057898126777712 0.023546454591482163 -0.0035765605187467312 -0.018206853436835261 -0.036558334932138656 0.026104717957333452 -0.0082714324718453792 -0.023727497086972693 0.0087952899370769035 0.00057293980614954952 0.014773738684423294 0.027904967244725933 0.062912744946025972 0.0010514552943009295 0.053460632784926299 0.019304102492838999 0.028386393871576765 0.020471231467217046 -0.05541120277776871 -0.0094718998212045755 -0.045644682618109375 -0.019752398791945194 0.032327788919116189 0.068024337616179528 -0.018095691998455114 -0.0023377596374718336 0.037708229962080071 0.0078667185884960609 0.020875850559657252
leaf_weight=5867.5853317677975 873.74950933456421 2069.78083114326 348.08627706766129 12024.441888898611 1438.6178597509861 444.32715548574924 6229.4051075726748 1763.71097189188 7060.2720547020435 7442.2800740301609 8353.9188271462917 5579.5567942112684 2234.1000008136034 95.192285180091858 6136.5062875747681 2790.7203406095505 1612.1801004260778 676.89645396173 4146.7504852861166 378.31721293926239 12070.025846034288 1147.6117639690638 8523.9759061783552 1263.8264411538839 225.65949961543083 2852.2470842897892 10208.522379100323 370.59573106467724 3213.0050449371338 3984.1657478660345
leaf_count=35179 3732 8518 1599 56779 6847 2410 26117 7876 34387 32929 38085 24925 9516 393 27043 11829 6943 2878 18015 2171 57334 6385 43709 5467 958 12935 45155 1605 14620 17081
internal_value=-4.01107e-05 0.00475102 -0.0318675 -0.00323115 -0.00571692 0.0131925 0.0112629 0.0132366 -0.0109668 0.00889282 0.00489653 0.00724391 0.00941648 0.00190885 0.0121848 0.0152847 0.0409538 0.00887662 0.00611664 -0.0155219 -0.010868 -0.0212138 -0.0228247 0.00825956 0.0168437 -0.0154794 0.000828365 -0.000934914 0.0147722 0.0276121
internal_weight=121426 105539 15887.3 54245.1 47130.8 51293.7 45239.7 7114.29 31533.1 39010.3 15597.8 14159.1 38566 10389.7 28176.3 22039.8 4402.9 17636.9 15402.8 19508.6 12448.3 10019.7 9671.59 6240.54 5805.22 2947.44 11256 10579.1 4476.83 6053.95
internal_count=563420 476548 86872 253181 221486 223367 197768 31695 150671 171651 70815 63968 169241 46257 122984 95941 18772 77169 67653 93892 59505 51693 50094 27963 25883 13328 49638 46760 20087 25599
is_linear=0
shrinkage=0.05


Tree=12
num_leaves=31
num_cat=0
split_feature=13 33 13 37 7 28 12 33 32 38 33 28 34 8 28 7 32 32 33 7 9 33 33 33 32 33 33 11 28 33
split_gain=6942.17 2015.05 1679.63 802.032 703.73 942.698 539.813 492.132 457.805 434.995 331.446 316.069 311.633 275.964 274.761 257.519 250.458 266.188 269.745 237.659 222.259 216.328 285.283 209.154 203.479 300.304 258.333 224.411 202.146 199.044
threshold=0.021360768289837438 -1619.4999999999998 0.043730017108563481 -0.093709111586293678 -0.20256663626228835 0.048047128830175999 0.035714285714285733 -4272.4999999999991 4.5000000000000009 0.2531422428721723 -4852.9999999999991 -0.045434280584159235 3.523415036891993 0.26112117473343627 0.14226906683482246 -0.28323069754555641 3.5000000000000004 1.5000000000000002 -1645.4999999999998 -0.061393836406257001 0.016165009366195908 -4551.4999999999991 -4916.4999999999991 -3850.4999999999995 1.5000000000000002 -4852.9999999999991 -4699.4999999999991 0.20300787916911986 -0.074258312440949034 -3626.4999999999995
decision_type=10 2 10 8 8 10 8 2 2 10 2 10 2 10 10 10 2 2 2 10 8 2 2 2 2 2 2 10 10 2
left_child=1 7 4 -4 -2 13 -3 24 20 10 -5 -10 29 16 -7 -12 17 18 21 28 -9 22 -6 -23 27 -26 -27 -1 -8 -13
right_child=2 6 3 9 5 14 19 8 11 -11 15 12 -14 -15 -16 -17 -18 -19 -20 -21 -22 23 -24 -25 25 26 -28 -29 -30 -31
leaf_value=-0.033815458386242302 0.011833123918020653 -0.054404714802749714 0.035636188837712891 -0.023946856301092043 -0.030989524187261797 0.0063184916557236879 0.031717608532117199 -0.036120807542398131 -0.030876028082209919 0.028052434914884895 0.024820072723517553 -0.016750139763886313 -0.014568222169778903 0.0076253480426932002 0.02528311841063487 0.0091884426487843559 -0.0048264868353214384 -0.020436191692013387 0.032169492692645234 -0.046809610888973542 -0.011329272670671485 -0.050261766283063482 0.069799802893164786 -0.0067503508616739028 -0.030218020111903041 0.048665033707135846 0.00066360465281845341 0.048171307812592219 -0.025445445265173689 0.010961568820613131
leaf_weight=102.11926831305027 12018.089425131679 4295.4811612665653 4096.1562681496143 701.12780655920506 116.17780789732933 10407.966636419296 162.55137833952904 3370.2593343108892 1623.8825517743826 3785.2832406014204 2951.608806014061 846.78217083215714 5339.6193899959326 3255.1027547717094 2339.1116463541985 24544.221435219049 21426.62234018743 6146.5177682191133 494.83940237760544 1466.1292244195938 1235.4520136415958 360.23175825178623 177.43471203744411 1183.7430585771799 620.98859167098999 350.12570326030254 1405.3214589506388 456.87007713317871 3185.1740808933973 2760.0512572973967
leaf_count=501 52737 27375 16958 3330 556 46736 804 17686 8178 15734 12530 4063 26990 14498 10162 107063 100445 29498 2323 8260 5941 1712 807 5576 2977 1594 6654 2078 16408 13372
internal_value=-0.000102116 -0.0223375 0.00633659 0.0148053 0.00106197 -0.00175779 -0.0415196 -0.0126897 -0.0163145 0.0121373 0.0100008 -0.0105822 -0.0068986 -0.00620008 0.00979853 0.0108665 -0.00770492 -0.0149788 -0.000597326 -0.030022 -0.0294706 -0.00942102 0.0299191 -0.0169022 0.00605065 -0.000333941 0.0102375 0.0331935 -0.0226698 0.00445565
internal_weight=121225 27220.8 94004.2 36078.4 57925.8 45907.7 9109.34 18111.5 15176 31982.2 28197 10570.3 8946.45 33160.7 12747.1 27495.8 29905.6 8478.94 2332.43 4813.85 4605.71 1837.59 293.613 1543.97 2935.43 2376.44 1755.45 558.989 3347.73 3606.83
internal_count=563546 142881 420665 155615 265050 212313 52847 90034 76230 138657 122923 52603 44425 155415 56898 119593 140917 40472 10974 25472 23627 8651 1363 7288 13804 11225 8248 2579 17212 17435
is_linear=0
shrinkage=0.05


Tree=13
num_leaves=31
num_cat=0
split_feature=10 10 13 19 37 19 13 32 13 32 37 5 28 28 19 28 7 1 43 5 7 32 1 28 7 37 32 1 5 10
split_gain=6324.99 2265.12 1302.77 943.391 641.321 702.456 507.267 397.928 366.576 375.584 310.442 297.887 305.679 238.353 236.505 235.959 224.498 212.118 205.24 195.209 183.994 174.552 165.331 161.457 158.187 150.838 143.176 140.46 138.748 135.257
threshold=0.014024711131324148 0.023975359209404135 0.0081282053705219529 -0.13657355915629049 -0.078967533949769339 -0.070787497813779202 0.0042810931636381609 3.5000000000000004 0.0025312014212745177 4.5000000000000009 -0.06006877173183716 -0.18421052631578974 0.0027733422256535768 0.088531738955866926 -0.12596980023262153 0.074640512985113802 -0.11330049261083745 0.094814404724243087 3.5000000000000004 -0.09615384615384652 -0.31986337586799474 1.5000000000000002 0.22966849024250838 0.12307709582208684 -0.28323069754555641 -0.097042868024837789 1.5000000000000002 0.11682644118327491 -0.026807084805371525 0.0085739276768998906
decision_type=8 10 10 8 10 10 10 2 10 2 10 8 10 10 10 10 10 10 2 10 10 2 8 10 10 10 2 10 10 10
left_child=2 3 16 6 20 8 -2 26 18 21 -9 25 27 24 -4 -12 -1 19 -6 -7 -3 -10 -14 -21 -11 -5 -8 -13 -20 -16
right_child=1 4 14 11 5 17 7 10 9 13 15 12 22 -15 29 -17 -18 -19 28 23 -22 -23 -24 -25 -26 -27 -28 -29 -30 -31
leaf_value=-0.014991634335707061 -0.043671487219235888 0.038606457489314405 -0.025410275783693814 0.050133126058006322 -0.034792806701103698 0.023254438518597553 -0.0071990379993822559 0.012279801260975444 0.0076615156787372312 0.020620163045201551 -0.0091003628979799897 -0.0053707925671371767 0.0077112432389027505 0.020618146786631961 -0.030176776468246392 0.009296036627587316 -0.051459185025306269 0.027631008102211797 0.068492440010413172 0.0082196276628511266 0.02037269002863358 -0.0074839971847149734 0.076435361974255919 0.02226879912832086 0.0048621112424506166 0.015980278695283893 -0.023077746551259892 0.044005028696770782 -0.031499234033524552 -0.0073132534447061239
leaf_weight=460.19147396087646 1050.4330307245255 2081.2757414877415 6087.8523425608873 410.40904760360718 848.04125022888184 4418.175891533494 1993.6385148465633 2404.4916065484285 2726.7966742813587 1801.848057731986 14785.089043229818 8228.7807299345732 10466.685726597905 3831.3498187214136 762.02824684977531 1976.0123199820518 5088.6457964330912 3550.166396945715 88.821801066398621 10140.563568204641 4126.9303242117167 6292.1451463997364 88.251710951328278 2561.5962122827768 13713.556212082505 1523.0643938928843 4930.845456674695 146.59971340000629 56.928244039416313 4280.3302523195744
leaf_count=2554 6011 8506 31851 1687 4422 18958 9572 10787 12052 7653 70557 38677 47246 16165 4165 8884 33187 14852 406 44086 17379 28524 371 10713 60675 6726 24062 641 289 21526
internal_value=-5.5603e-05 0.00451856 -0.0286437 -0.00345898 0.0113281 0.00944722 -0.00960457 -0.00823298 0.00447597 0.00552172 -0.00452133 0.00453546 0.00262609 0.00944999 -0.0187771 -0.00693156 -0.0484348 0.0165082 -0.0253728 0.0142017 0.0264855 -0.00290489 0.00828586 0.0110529 0.00669214 0.0232297 -0.0185061 -0.00450654 0.0294369 -0.0107685
internal_weight=120922 104242 16679 48004.3 56238.2 50030 27140.5 26090.1 29359.5 28365.7 19165.6 20863.8 18930.3 19346.8 11130.2 16761.1 5548.84 20670.5 993.791 17120.3 6208.21 9018.94 10554.9 12702.2 15515.4 1933.47 6924.48 8375.38 145.75 5042.36
internal_count=563184 469901 93283 225221 244680 218795 129873 123862 130186 125069 90228 95348 86935 84493 57542 79441 35741 88609 5117 73757 25885 40576 47617 54799 68328 8413 33634 39318 695 25691
is_linear=0
shrinkage=0.05


Tree=14
num_leaves=31
num_cat=0
split_feature=10 13 28 5 13 38 4 13 10 33 33 10 28 36 33 33 32 33 33 19 10 4 33 28 8 38 28 33 33 43
split_gain=5943.4 2336.49 822.681 809.846 767.631 707.696 536.95 488.853 424.925 354.513 277.067 274.17 264.875 258.581 243.214 277.547 232.403 272.76 426.393 232.232 209.052 198.07 193.646 204.909 201.134 191.42 200.638 188.728 181.757 177.39
threshold=0.012377923416965529 0.035677150675814132 0.035697911430703846 -0.12334801762114277 0.0002235970503686912 -0.14411226738094327 0.1447275261220167 0.0025312014212745177 0.020725854650731238 -4551.4999999999991 -4852.9999999999991 0.032928738131577352 0.14226906683482246 0.999589153656532 -4515.4999999999991 -4377.4999999999991 5.5000000000000009 -2605.4999999999995 -2765.4999999999995 -0.24630717906663044 0.049866619069386969 -0.069358833615278545 -4852.9999999999991 -0.15281782565148083 0.12821004970717068 -0.080072047062638638 0.048047128830175999 -2054.4999999999995 -1606.4999999999998 3.5000000000000004
decision_type=8 10 10 8 10 8 10 8 10 2 2 8 10 2 2 2 2 2 2 8 8 10 2 10 10 10 10 2 2 2
left_child=4 2 3 14 -1 22 10 20 16 -10 -7 25 19 -8 -2 -16 -9 18 29 28 -5 -6 -3 24 -24 -12 -27 -19 -4 -18
right_child=1 5 12 7 21 6 13 8 9 -11 11 -13 -14 -15 15 -17 17 27 -20 -21 -22 -23 23 -25 -26 26 -28 -29 -30 -31
leaf_value=-0.050836474667774571 0.028834130258495374 -0.057247327307749986 0.00090878113847630215 -0.041714996312432348 0.0037347009292205574 -0.016569401560113217 0.016564857445676165 -0.022416891248941761 0.024897230129498668 -0.0056830981004993633 0.013923694556599003 0.013305915205368977 0.02594817996308061 0.047053196270492648 -0.024252205921834497 0.0050121569950191992 -0.014039333269994174 -0.037725362362254107 0.13822114565836327 0.011399517760134115 0.065654990524202886 -0.026563115452452518 0.073383010819721706 0.027263532176442264 -0.027611869066614544 -0.0012649130601211835 0.0095247803492874809 -0.011671951259705146 -0.024486797288026815 0.0033995807746726985
leaf_weight=4220.885081589222 948.48192019760609 63.149374634027481 5484.5932101011276 1527.2442209720612 584.60904623568058 1279.3440804332495 11265.321595668793 6822.2342481911182 1028.1551846712828 12117.05702701211 4087.9900351911783 11952.528734147549 1605.7689841389656 741.21294893324375 893.08205258846283 8731.5955419391394 2887.3577414900064 1215.5693116635084 52.264208644628525 5992.2565280199051 46.721298515796661 6980.2648809105158 426.88428544998169 4072.3306227773428 55.734127908945084 13980.969774633646 6227.8630069792271 1623.4141019135714 808.400828525424 2946.2218649536371
leaf_count=28701 4103 273 25384 8804 2905 6111 47564 34202 4567 56386 17894 51035 7015 3014 4028 40034 14074 6010 261 26956 216 38043 1731 16757 229 63118 27277 8101 3916 14393
internal_value=-2.53092e-05 0.00362547 -0.00366019 -0.00723537 -0.0337534 0.0109888 0.00924353 -0.0113969 -0.0099086 -0.00329125 0.00629906 0.00710616 0.00685081 0.018447 0.00467727 0.00229669 -0.0155036 -0.0100979 -0.00395808 0.00435465 -0.0385278 -0.0242217 0.0297088 0.0309143 0.0617198 0.00405626 0.0020602 -0.0228273 -0.00235355 -0.00523189
internal_weight=120670 108884 54730.4 40839.4 11785.8 54153.3 49535.2 30266.2 28692.3 13145.2 37528.7 36249.4 13891 12006.5 10573.2 9624.68 15547.1 8724.83 5885.84 12285.3 1573.97 7564.87 4618.1 4554.95 482.618 24296.8 20208.8 2838.98 6292.99 5833.58
internal_count=563102 493453 258450 195179 69649 235003 216013 147014 137994 60953 165435 159324 63271 50578 48165 44062 77041 42839 28728 56256 9020 40948 18990 18717 1960 108289 90395 14111 29300 28467
is_linear=0
shrinkage=0.05


Tree=15
num_leaves=31
num_cat=0
split_feature=10 12 10 19 5 20 10 19 1 0 3 0 32 6 32 33 33 33 32 32 33 32 37 43 33 33 33 33 33 33
split_gain=5375.46 1565.1 1550.68 828.124 473.281 422.46 405.912 354.253 341.877 328.928 321.43 307.967 301.77 265.262 262.273 323.105 1012.19 335.946 334.975 319.808 314.799 270.905 227.476 223.943 219.393 214.201 229.307 377.318 284.56 274.391
threshold=0.015695136013742689 0.035714285714285733 0.028850443296029874 -0.23068869119685512 -0.144672795763406 0.082729510079588911 0.0085739276768998906 -0.059680913542783688 -0.093896713615022373 0.095238095238095691 -0.11304379867647261 0.078060435602649428 4.5000000000000009 1.0000000180025095e-35 3.5000000000000004 -1773.9999999999998 -2185.4999999999995 -4678.4999999999991 10.500000000000002 2.5000000000000004 -2154.4999999999995 5.5000000000000009 -0.058882117850807762 1.5000000000000002 -4937.9999999999991 -4551.4999999999991 -4377.4999999999991 -4298.4999999999991 -4088.4999999999995 -4069.4999999999995
decision_type=8 10 10 8 8 10 10 10 10 10 8 10 2 10 2 2 2 2 2 2 2 2 10 2 2 2 2 2 2 2
left_child=1 -1 3 4 23 -4 -3 22 -7 10 -5 14 -6 -14 19 16 17 -16 -19 -10 -18 -22 -8 -2 -12 -26 -27 -28 -29 -30
right_child=2 6 5 9 12 8 7 -9 11 -11 24 -13 13 -15 15 -17 20 18 -20 -21 21 -23 -24 -25 25 26 27 28 29 -31
leaf_value=-0.051355757161210575 0.031792430507456698 -0.035514383685531885 -0.037232661055887337 0.032371485310278621 -0.015642686165043881 0.037268901818769587 0.011471275525798802 -0.0042693598863712823 0.0096245179611251369 0.050959972157551818 -0.017802585472138394 0.032896225344964822 -0.045616552427740362 -0.0035116048061984554 0.029736509980224313 0.0027531824318083875 0.068863448903310809 0.0021213961174057303 0.019969749654383626 -0.012813211834089107 0.059089602903989229 0.025887118151695671 -0.021572522338847405 0.0033843913843078621 0.019595769657689832 -0.017553660308070415 0.03700600175212946 -0.018229218340914115 0.072361575958688792 0.0047709176420013795
leaf_weight=3872.8596382290125 794.0105908960104 2389.1601044088602 412.63889434933662 1075.9998635351658 9140.0125963836908 1469.3022558689117 553.84756557643414 6335.8471334129572 6216.3958277702332 404.44767646491528 1058.7927353233099 1779.9966488182545 382.42824387550354 17108.008438661695 1951.1901044100523 4947.3616844713688 658.86354097723961 8826.1753810793161 3743.8609605878592 2132.9824631661177 745.18152071535587 3499.1927778273821 8736.5517623126507 5493.382197663188 2418.6398560702801 1174.9887209236622 890.34993353486061 1374.0045146346092 151.24365630745888 20841.794510647655
leaf_count=27468 3372 14092 2339 4478 44442 5990 2618 31629 26818 1687 5123 7319 2309 80009 8099 21247 2729 38033 15792 9488 3070 14510 45898 24655 10643 5297 3986 6235 657 93703
internal_value=-0.000102492 -0.0225193 0.00486924 7.99599e-05 -0.00536672 0.0130711 -0.0163202 -0.0133856 0.0136482 0.00618038 0.00555555 0.0126423 -0.00827984 -0.00443223 0.0115405 0.0141606 0.017066 0.0104336 0.00743735 0.00389244 0.036708 0.0317165 -0.0196026 0.00697193 0.00452172 0.00540202 0.00399693 0.00508569 0.00381506 0.00525787
internal_weight=120580 21888.3 98691.2 62308.1 32917.8 36383.1 18015.4 15626.2 35970.5 29390.3 28985.8 34501.2 26630.4 17490.4 32721.2 24371.8 19424.5 14521.2 12570 8349.38 4903.24 4244.37 9290.4 6287.39 27909.8 26851 24432.4 23257.4 22367 20993
internal_count=563735 121705 442030 286596 154787 155434 94237 80145 153095 131809 130122 147105 126760 82318 139786 103480 82233 61924 53825 36306 20309 17580 48516 28027 125644 120521 109878 104581 100595 94360
is_linear=0
shrinkage=0.05


Tree=16
num_leaves=31
num_cat=0
split_feature=10 13 10 10 38 19 9 13 20 5 43 32 19 19 5 36 29 32 32 6 38 5 38 32 32 2 4 43 22 1
split_gain=5062.79 1889.67 904.655 696.028 588.699 498.129 419.391 375.768 326.699 280.083 257.318 227.666 225.973 221.661 213.584 209.45 185.431 169.822 210.769 149.318 140.821 138.707 145.77 136.492 185.648 137.912 124.141 119.604 111.081 106.879
threshold=0.013010562615421765 0.037395200720223877 0.0076407061352090763 0.023881437483132706 -0.14825249914930558 -0.23068869119685512 0.036087268588485537 0.0025312014212745177 0.14241242713497526 -0.10638297872340623 3.5000000000000004 3.5000000000000004 -0.11476702941258478 0.30956905591308198 -0.13800328587075641 0.999589153656532 -0.18007983540884975 4.5000000000000009 2.5000000000000004 24.896721288447569 -0.072060118026277306 -0.16158677341621006 0.0030382521376085552 3.5000000000000004 5.5000000000000009 -0.11643835616438351 -0.086419753086419623 4.5000000000000009 0.93367911182721852 0.067348004900999472
decision_type=8 10 10 10 8 8 10 10 10 10 2 2 10 10 8 2 10 2 2 10 8 8 8 2 2 10 10 2 10 10
left_child=2 3 -1 5 19 7 13 -2 -5 28 14 27 26 20 -7 23 -12 18 -11 -3 -6 -13 -23 -8 -25 -26 -4 -9 -10 -16
right_child=1 4 12 8 6 10 15 11 9 17 16 21 -14 -15 29 -17 -18 -19 -20 -21 -22 22 -24 24 25 -27 -28 -29 -30 -31
leaf_value=-0.046815748720913902 -0.042020765254411147 0.041320006855140493 0.0078176396077622532 -0.029579065444192962 0.010584685139086445 0.0083355037936256142 0.0052613076748100609 -0.020294934604458085 0.012047769033573165 0.0033957868736787344 0.053375761337936228 0.0050658668958656469 -0.0097329282680569604 0.011117015772796253 -0.012889497633984663 0.03958644392245312 0.0048223088461389089 0.0059498282608224512 -0.017742451388634131 0.02149890919661903 0.00010472074770580488 -0.01287616364360125 -0.0015377477778888071 0.030986936297515796 0.038391638893202455 0.012413221777424851 -0.028405285807814287 0.02988129676941343 0.031586293564388863 0.021998340048726195
leaf_weight=4792.9552390128374 984.45717188715935 1491.5590157806873 249.52419586479664 673.99624493718147 4058.8826004713774 1779.5489516556263 3249.5902257859707 5279.8298061639071 5215.1767161488533 2739.2485584020615 201.59524211287498 2002.4718726724386 3447.1188652813435 11335.515492096543 5497.4951589554548 866.68854795396328 8007.5603188425303 8927.8976100683212 2070.7130615562201 2617.7214947938919 15244.73215405643 8488.2313325256109 4255.9698005020618 1934.7124440073967 542.93341527879238 8653.1677177399397 4542.4672976434231 121.49802368879318 845.35421255230904 228.65675388276577
leaf_count=33325 6048 6045 1215 3777 17697 7984 13894 26611 22719 12367 875 9074 18194 48927 26623 3536 37110 39520 9688 10735 68092 41775 20312 8088 2242 36293 25791 578 3641 1030
internal_value=-0.000115049 0.00345869 -0.0295437 -0.0027378 0.0105629 -0.00684469 0.00893929 -0.0118579 0.004654 0.0058194 -0.000103165 -0.0103841 -0.019496 0.00556724 -0.00679436 0.0157154 0.00601465 0.00186942 -0.00570433 0.0286934 0.00230829 -0.00716746 -0.00908966 0.0142768 0.0169088 0.013947 -0.0265191 -0.0191663 0.0147731 -0.0114964
internal_weight=120347 107315 13032.1 57319.7 49995.5 36847.3 45886.2 21132.5 20472.4 19798.4 15714.9 20148 8239.11 30639.1 7505.7 15247.1 8209.16 13737.9 4809.96 4109.28 19303.6 14746.7 12744.2 14380.4 11130.8 9196.1 4791.99 5401.33 6060.53 5726.15
internal_count=563806 485281 78525 269732 215549 178020 198769 104398 91712 87935 73622 98350 45200 134716 35637 64053 37985 61575 22055 16780 85789 71161 62087 60517 46623 38535 27006 27189 26360 27653
is_linear=0
shrinkage=0.05


Tree=17
num_leaves=31
num_cat=0
split_feature=13 33 10 38 37 10 32 7 43 33 43 1 32 32 33 33 32 32 2 33 33 33 33 43 43 33 33 32 33 33
split_gain=4579.58 1541.08 1346.73 648.73 722.462 510.905 411.016 387.62 355.658 295.998 381.435 286.329 272.602 282.552 276.751 754.334 266.398 257.616 241.864 234.95 217.132 1214.25 367.208 303.188 259.441 309.762 600.93 372.403 539.329 367.85
threshold=0.019685842377246309 -1645.4999999999998 0.028984796522541139 -0.10172104126987784 0.029164487285379462 0.020725854650731238 3.5000000000000004 -0.072989241360224152 2.5000000000000004 -4109.4999999999991 1.5000000000000002 -0.10082568012117336 3.5000000000000004 2.5000000000000004 -1773.9999999999998 -2201.4999999999995 9.5000000000000018 8.5000000000000018 0.0029865097576456949 -4788.4999999999991 -2054.4999999999995 -1773.9999999999998 -2584.4999999999995 5.5000000000000009 2.5000000000000004 -4298.4999999999991 -4333.4999999999991 10.500000000000002 -2765.4999999999995 -3155.4999999999995
decision_type=8 2 10 8 10 8 2 10 2 2 2 10 2 2 2 2 2 2 10 2 2 2 2 2 2 2 2 2 2 2
left_child=1 5 3 9 6 18 -5 17 -7 -2 16 -4 13 -13 15 19 -11 -3 -1 -14 22 -22 24 -24 -8 26 -26 -27 29 -29
right_child=2 7 11 4 -6 8 20 -9 -10 10 -12 12 14 -15 -16 -17 -18 -19 -20 -21 21 -23 23 -25 25 27 -28 28 -30 -31
leaf_value=-0.022824504394808317 -0.001485518378471877 -0.013909179581372239 0.036809367631746789 -0.013263725961635648 0.0076719457229221218 -0.0090992135242263499 -0.008192508872816676 -0.048212739140289881 0.019351395718697581 0.068986586476577336 0.014761146742453497 0.0093294278737622114 0.046904680746143221 -0.01167573409887955 0.0039643515982049895 0.033420887979537753 0.004504930722650481 -0.042136503627529069 -0.0056014725497681534 0.0099846368763427847 0.05260458501283919 -0.0031293661043420642 -0.023553239255638663 0.035664001752615117 0.0025919969449348661 -0.0053560324299040734 0.067927347001222008 0.027503053436917935 0.11804032564309089 -0.021303297907282207
leaf_weight=6519.2698366045952 2154.3868868499994 1939.3887331485748 1178.24610863626 10990.986398607492 15521.206430912018 2576.3167497366667 8662.105727776885 4474.1555513739586 1914.9663472920656 602.22401624917984 4492.4537702798843 6267.6437116265297 444.87686225771904 2150.2242298126221 5042.2451111376286 5191.5042485892773 218.21601347625256 1385.9343953430653 2965.7221005558968 13730.522000819445 1152.7627529501915 6418.9189785569906 3183.7754729390144 231.89346520602703 1091.9594089537859 7200.8355785012245 519.31467345356941 1239.0788796395063 129.24042473733425 560.79060961306095
leaf_count=35457 9372 10644 4776 53490 68618 12437 41111 32045 8812 2496 19389 26833 1814 9546 21473 21302 917 8132 15523 58021 5289 30151 14985 1028 4954 33976 2388 5767 595 2636
internal_value=-4.95489e-05 -0.0207975 0.00454309 0.000291048 -0.00152729 -0.010861 -0.00497768 -0.0386032 0.00303139 0.0141473 0.0204864 0.012592 0.0117228 0.00396396 0.0143985 0.0171151 0.0518361 -0.0256738 -0.0174393 0.0111433 -0.00198098 0.00535594 -0.00441548 -0.0195329 -0.00175428 0.00343773 0.0236496 -0.000129307 0.0193806 0.0122963
internal_weight=120151 21775.8 98375.4 64370.1 56902.9 13976.3 41381.7 7799.48 4491.28 7467.28 5312.89 34005.3 32827 8417.87 24409.1 19366.9 820.44 3325.32 9484.99 14175.4 30390.7 7571.68 22819 3415.67 19403.3 10741.2 1611.27 9129.95 1929.11 1799.87
internal_count=563977 123050 440927 297162 264988 72229 196370 50821 21249 32174 22802 143765 138989 36379 102610 81137 3413 18776 50980 59835 142880 35440 107440 16013 91427 50316 7342 42974 8998 8403
is_linear=0
shrinkage=0.05


Tree=18
num_leaves=31
num_cat=0
split_feature=10 10 12 20 37 19 3 0 32 32 13 0 32 33 33 0 43 33 33 19 33 33 33 32 33 33 33 33 33 7
split_gain=4351.71 1653.86 699.237 678.77 460.919 492.23 457.777 452.476 324.763 323.878 288.338 276.046 231.587 286.032 226.62 225.154 187.828 246.584 477.293 184.119 180.088 172.656 621.001 228.472 337.117 236.132 268.403 231.482 215.878 162.824
threshold=0.012377923416965529 0.023975359209404135 0.035714285714285733 0.43927090270836261 -0.081023248379941279 -0.34670618281380833 -0.082706766917293159 0.0064535161185074194 3.5000000000000004 1.5000000000000002 0.0081282053705219529 0.084090909090909119 4.5000000000000009 -4788.4999999999991 -1906.4999999999998 0.095238095238095691 3.5000000000000004 -4298.4999999999991 -4333.4999999999991 -0.012192090532296695 -4852.9999999999991 -2369.4999999999995 -1773.9999999999998 3.5000000000000004 -2329.4999999999995 -2185.4999999999995 -2154.4999999999995 -2025.4999999999998 -4551.4999999999991 -0.19793689244424414
decision_type=8 10 10 8 10 10 8 8 2 2 10 10 2 2 2 10 2 2 2 10 2 2 2 2 2 2 2 2 2 8
left_child=2 3 -1 -2 20 10 14 8 9 -8 -6 21 -12 -14 -5 -9 -10 18 -18 -4 -3 28 23 24 -23 -25 -27 -28 -7 -16
right_child=1 4 19 6 5 11 7 15 16 -11 12 -13 13 -15 29 -17 17 -19 -20 -21 -22 22 -24 25 -26 26 27 -29 -30 -31
leaf_value=-0.049275803799082883 -0.021926633891650105 -0.045980811530865057 -0.027899577338781945 0.0087861366071738511 -0.0244069779667462 0.019228639990048035 -0.0016778067817702664 0.0036581359148413735 -0.0079772979892632975 -0.02290686968108523 -0.0040106792794536049 0.032521366455192366 0.080283910208259618 0.0061401498805334553 0.061058601353860223 0.051835127712558583 -0.0013176704690779691 -0.0012211391836041124 0.068445516058131234 -0.012065422519305848 0.023178990050646799 0.036665038552786168 0.002690573394949131 -0.0022449448731150603 -0.011385590699524183 0.064248595050188928 0.013769575016689413 0.041610229403860499 0.004156583384833489 0.015945590047029581
leaf_weight=3282.4857170581818 4505.2247677147388 95.655306786298752 4707.6852222084999 2860.4458369016647 975.91050365567207 2992.2069588303566 2812.4508847147226 13384.964964464307 11234.870028018951 4974.2912567704916 7313.341841340065 1554.485325679183 131.17232273519039 15597.959053307772 406.95006787776947 246.99121044576168 672.14807461202145 10269.899664834142 385.95280852913857 3009.5574768334627 5894.4071994572878 655.94225431978703 4964.7392003685236 433.09507189691067 823.03509269654751 718.399268835783 1255.3773365318775 1842.2969860881567 11532.058625146747 393.32864230871201
leaf_count=25774 23646 423 27558 12685 5181 12503 13550 62211 54210 24901 32983 6332 537 67585 1710 1028 3071 48421 1743 16536 24274 2815 21483 1947 3592 2944 5216 7557 49752 1800
internal_value=2.59103e-05 0.00305256 -0.0299463 -0.00337626 0.00895688 0.0074098 -0.00162207 -0.00303607 -0.00643494 -0.0152393 0.00221307 0.0120721 0.0033405 0.00675847 0.0153663 0.00453103 -0.00339646 0.00114672 0.0241291 -0.0217246 0.0220746 0.0108115 0.0156334 0.0268512 0.00992538 0.0327425 0.0367133 0.0303274 0.00726164 0.038886
internal_weight=119927 108928 10999.7 52147.5 56780.1 50790 47642.3 43981.6 30349.6 7786.74 24018.4 26771.6 23042.5 15729.1 3660.72 13632 22562.9 11328 1058.1 7717.24 5990.06 25217.2 10692.9 5728.15 1478.98 4249.17 3816.07 3097.67 14524.3 800.279
internal_count=563968 494100 69868 248976 245124 220427 225330 209135 145896 38451 106286 114141 101105 68122 16195 63239 107445 53235 4814 44094 24697 107809 45554 24071 6407 17664 15717 12773 62255 3510
is_linear=0
shrinkage=0.05


Tree=19
num_leaves=31
num_cat=0
split_feature=10 13 12 43 37 13 5 38 32 32 10 5 2 43 19 11 10 19 38 32 32 32 32 32 43 32 5 8 32 32
split_gain=3998.69 1326.58 1002.4 573.046 542.405 532.306 507.323 395.714 369.018 341.314 278.501 256.848 252.424 215.657 207.145 175.889 173.012 165.957 155.699 152.17 184.696 161.512 151.08 182.238 238.31 185.091 150.861 149.872 148.732 140.668
threshold=0.014024711131324148 0.038176057302859077 0.035714285714285733 2.5000000000000004 -0.078967533949769339 0.0025312014212745177 -0.10112359550561616 0.23862719336333396 4.5000000000000009 1.5000000000000002 0.027194024728770801 -0.11179427570677912 0.0072471014492796479 1.0000000180025095e-35 0.32807928901603012 0.34923208308325987 0.018738503608189207 -0.42344118084681853 0.029878490620787627 4.5000000000000009 5.5000000000000009 1.5000000000000002 3.5000000000000004 5.5000000000000009 1.5000000000000002 4.5000000000000009 -0.2712568082788655 0.018072289156626401 3.5000000000000004 10.500000000000002
decision_type=8 10 10 2 8 8 8 10 2 2 8 10 10 2 10 8 10 8 8 2 2 2 2 2 2 2 8 8 2 2
left_child=2 3 -1 5 26 -2 13 14 9 27 17 -4 -13 19 22 -12 18 -10 -8 21 -21 -7 -6 24 25 -24 -3 -5 -23 -17
right_child=1 4 11 8 7 6 16 -9 10 -11 15 12 -14 -15 -16 29 -18 -19 -20 20 -22 28 23 -25 -26 -27 -28 -29 -30 -31
leaf_value=-0.048391049957165228 -0.034110705366334766 0.038440178677095413 0.00082784344298065409 -0.024978151890430809 -0.0040075331997178098 0.040486020141431024 -0.022956039203355604 0.021354236149629835 -0.0023121598315339257 -0.013194949283262328 0.057006747305885334 -0.025627404774637347 -0.0089340716987281535 0.0011218292541590351 0.010774679775218968 0.0096941698317702125 -0.0067640594480016959 0.0079180130127185985 -0.0046163917095469369 0.093095949391655802 -0.00037534106575668678 -0.033667326889673589 0.011437163285245296 0.0028810734598499906 0.009755457680664284 0.069953845392722411 0.019161727845955833 0.009686634781426921 0.021270245821592759 0.029232108930675023
leaf_weight=3292.0268726795912 1727.7328410148621 1250.9602982252836 1688.7845954746008 344.24202062189579 5912.1622799783945 362.62426026165485 4142.1850249767303 4522.6535149663687 7454.4011979550123 5643.2758508622646 252.71141742169857 6972.5093247443438 3353.8298628330231 7907.6940473616123 12968.174126669765 3926.5774987339973 9153.0894856452942 8467.3660663366318 1605.9926185756922 152.19885051250458 80.963213071227074 223.46715994179249 230.33790723979473 14869.529631018639 2615.2918781489134 326.94606514275074 5375.0353942960501 3309.1895495504141 274.56895630061626 1203.6486633419991
leaf_count=26632 10053 5053 8577 1665 26550 1540 21144 18516 35570 27198 1074 40424 17878 35979 55282 16986 42931 38779 7737 635 341 998 986 64553 11420 1377 22300 15174 1158 5086
internal_value=-8.26453e-05 0.00341958 -0.0239468 -0.00179403 0.00951827 -0.00730928 -0.00537203 0.00739464 0.00282533 -0.0054865 0.00645234 -0.0172493 -0.0202057 0.00400017 0.00568472 0.0162841 -0.0110336 0.00312836 -0.0178321 0.0248089 0.060639 0.0151021 0.00292916 0.00520223 0.0160812 0.0457676 0.0228014 0.00642037 -0.00338006 0.0142781
internal_weight=119610 104303 15307.2 56231.9 48071.1 25630.5 23902.8 41445.1 30601.4 9296.71 21304.7 12015.1 10326.3 9001.52 36922.4 5382.94 14901.3 15921.8 5748.18 1093.82 233.162 860.66 23954.3 18042.1 3172.58 557.284 6626 3653.43 498.036 5130.23
internal_count=563596 470085 93511 264048 206037 122516 112463 178684 141532 44037 97495 66879 58302 40651 160168 23146 71812 74349 28881 4672 976 3696 104886 78336 13783 2363 27353 16839 2156 22072
is_linear=0
shrinkage=0.05


Tree=20
num_leaves=31
num_cat=0
split_feature=10 10 12 20 5 28 37 7 43 32 20 33 33 33 33 33 33 28 43 33 34 5 10 13 32 33 33 10 33 33
split_gain=3634.57 1293.03 778.265 608.194 454.095 450.406 366.22 382.911 286.288 255.946 246.64 211.797 242.334 211.748 206.203 213.129 428.271 294.87 285.292 246.156 224.1 223.283 206.088 202.136 177.485 324.867 303.34 357.984 169.624 166.013
threshold=0.012860352118315229 0.025017368678219371 1.0000000180025095e-35 0.51321168957116503 -0.18421052631578974 0.048047128830175999 -0.083071589315287617 -0.0073070800435995889 1.5000000000000002 3.5000000000000004 0.082729510079588911 -4678.4999999999991 -4658.4999999999991 -3901.4999999999995 -4595.4999999999991 -3591.4999999999995 -3466.4999999999995 0.10204908257943837 6.5000000000000009 -1773.9999999999998 3.6480574794618961 -0.20833333333333329 0.0085739276768998906 0.0058934307654875161 1.5000000000000002 -2765.4999999999995 -4217.4999999999991 0.023975359209404135 -2185.4999999999995 -4852.9999999999991
decision_type=8 10 10 8 8 10 10 10 2 2 10 2 2 2 2 2 2 10 2 2 2 10 10 10 2 2 2 8 2 2
left_child=2 3 -1 23 8 9 29 10 -5 24 -8 -12 -13 -10 -14 18 20 21 -16 28 -17 -18 -4 -2 25 26 27 -6 -19 -3
right_child=1 6 22 4 5 -7 7 -9 13 -11 11 12 14 -15 15 16 17 19 -20 -21 -22 -23 -24 -25 -26 -27 -28 -29 -30 -31
leaf_value=-0.048705132904990664 -0.036624057461867164 -0.048464527180108158 -0.031790270759814235 0.044354837354256577 0.052860238902184456 0.0065798086367927257 -0.030906863232633103 0.022586681655641649 -0.0077404853584570931 -0.0024222379683505289 0.019070416562228354 -0.036362535300843567 0.029516617024527632 0.016364458470322425 -0.0034962338547771307 0.059261689580361765 0.016529635131537518 0.0080638334133807232 0.043237218270612561 -0.0074898031679417505 0.010936431873387114 0.001859279531764727 -0.014456823218985896 -0.012531822519498415 -0.017256514500231187 0.021372662707551098 -0.030875215133344569 -0.034134430367510425 0.030608403146776715 0.021844205579676146
leaf_weight=2943.3122988417745 1006.6158578395844 85.294424548745155 2327.804915830493 665.56531569361687 285.9637271463871 11111.634866729379 454.7553755491972 3650.8931947648525 1301.179337978363 23490.787186518312 2935.5505385696888 348.44423095881939 875.24609188735485 3038.6843050122261 8697.3153035342693 582.53464682400227 2962.297844171524 1259.1996596902609 339.30901302397251 804.59743881225586 407.87538081407547 20842.272871807218 6512.2908248752356 6444.2178887873888 5958.1389175355434 963.63826982676983 1044.8484792411327 201.6383683681488 2472.834106490016 5360.5667255222797
leaf_count=24821 6481 379 15138 2752 1317 49762 2786 15011 5759 112101 12224 1466 3664 13327 37969 2477 12520 5306 1418 3413 1740 91186 36262 31734 29772 4586 5203 1001 10029 21926
internal_value=-7.28019e-05 0.00281445 -0.0264357 -0.00249463 -0.000434021 -0.0020911 0.0084736 0.00704076 0.0138201 -0.00510715 0.0057203 0.00611196 0.00515115 0.00913731 0.00551976 0.00497235 0.00704077 0.00591134 -0.00174148 0.0175939 0.0393602 0.00368489 -0.0190211 -0.0157867 -0.0125674 -0.00137459 -0.0156786 0.0168853 0.0230018 0.020743
internal_weight=119375 107592 11783.4 55512.9 48062.1 43056.6 52079 46633.1 5005.43 31945 42982.2 42527.5 39591.9 4339.86 39243.5 38368.2 29331.6 28341.2 9036.62 4536.63 990.41 23804.6 8840.1 7450.83 8454.23 2496.09 1532.45 487.602 3732.03 5445.86
internal_count=563530 487309 76221 263795 225580 203742 223514 201209 21838 153980 186198 183412 171188 19086 169722 166058 126671 122454 39387 18748 4217 103706 51400 38215 41879 12107 7521 2318 15335 22305
is_linear=0
shrinkage=0.05


Tree=21
num_leaves=31
num_cat=0
split_feature=13 13 8 37 37 5 28 5 38 32 36 1 28 7 32 32 34 28 32 38 32 32 1 32 9 28 7 11 34 28
split_gain=3376.25 1234.21 873.438 595.591 486.633 462.307 453.813 426.935 358.217 299.088 298.14 251.384 240.533 263.447 218.605 201.566 199.044 190.916 185.195 184.531 178.164 329.835 263.088 187.057 171.901 168.893 162.984 145.757 135.897 132.148
threshold=0.013514380470512217 0.03055046804119638 0.003004292398882336 -0.073205519723329657 0.054677858022472166 -0.1254213793883652 0.046940303251779565 -0.09615384615384652 -0.017693524302612337 3.5000000000000004 0.999589153656532 -0.010989010989010449 0.035697911430703846 -0.14210340731942686 5.5000000000000009 1.5000000000000002 3.2327767773697369 -0.078714480328975614 8.5000000000000018 0.028746796170340819 2.5000000000000004 3.5000000000000004 -0.10993836099662201 8.5000000000000018 0.013123435757094232 -0.00077843759288998644 -0.11895731018961268 0.67512364205082609 3.0750027876182671 0.088531738955866926
decision_type=8 10 8 8 10 8 10 10 8 2 2 10 10 8 2 2 2 8 2 8 2 2 10 2 10 8 10 10 2 10
left_child=2 5 11 17 9 27 14 8 -4 15 -6 -1 13 -11 19 -5 -14 20 29 -7 -3 22 -22 -23 -16 -10 -17 -2 -8 -18
right_child=1 3 7 4 10 6 28 -9 25 12 -12 -13 16 -15 24 26 18 -19 -20 -21 21 23 -24 -25 -26 -27 -28 -29 -30 -31
leaf_value=-0.0091022562470456144 0.018175207324925328 0.059087338964192826 -0.0050241599239775059 0.0040039403157952546 0.010272515328974517 -0.018731297047045552 0.017198115578705046 -0.021462806002986737 0.0030648016213765633 0.0066778368696033749 0.037400676113711402 -0.044542032382391294 0.019699616513747388 -0.0043818681516983506 -0.013730397438830744 -0.0037139994310045098 0.0033043728760012471 0.01270855289816664 -0.0032874052237168629 -0.00044273597700472222 0.058572862253800068 0.047893417402315792 -0.017758226522231659 0.01988969500427477 -0.0021423378053622155 0.070563322379197019 -0.019137567794890904 0.0024295790718758259 0.00033162923415204146 0.022857147929582575
leaf_weight=557.9757206812501 1939.0269125252962 396.53752775490284 1164.0573591291904 3849.9299634993076 15665.852107599378 8854.465198174119 1531.099173784256 3899.5714208111167 137.08968691527843 11259.125057443976 1082.7908232212067 4847.1556977108121 3830.7750226557255 10319.780484303832 5003.5207867324352 4052.707372367382 1672.392359033227 5610.3714751005173 3194.6874383836985 1633.7682568728924 136.55956158041954 1103.5084293782711 651.16030931472778 1297.4515057057142 8880.4413068443537 286.04986952990294 2966.6492588371038 6073.2944053411484 5428.5513146817684 1788.0346939712763
leaf_count=3172 8672 1650 5875 17155 65964 46050 6993 22897 709 49063 4404 37733 16452 47244 26574 18589 7305 23411 13791 7939 556 4522 2807 5428 42362 1365 14089 27780 25331 7524
internal_value=-8.34004e-05 0.00258714 -0.026618 0.0066227 0.00479768 -0.00447777 -0.00721859 -0.0125647 0.00929713 0.00197776 0.0120263 -0.0408836 0.00440748 0.0013887 -0.0104342 -0.00518997 0.0106198 0.0184678 0.00539335 -0.0158825 0.0274801 0.0235495 -0.00452543 0.0327605 -0.00631846 0.048695 -0.0102326 0.00624011 0.0040422 0.0134075
internal_weight=119114 108222 10891.9 68878.3 59682.7 39344.2 31331.8 5486.77 1587.2 42934.1 16748.6 5405.13 32064.8 21578.9 24372.2 10869.3 10485.9 9195.59 6655.11 10488.2 3585.22 3188.68 787.72 2400.96 13884 423.14 7019.36 8012.32 6959.65 3460.43
internal_count=563406 491655 71751 299954 261580 191701 155249 30846 7949 191212 70368 40905 141379 96307 122925 49833 45072 38374 28620 53989 14963 13313 3363 9950 68936 2074 32678 36452 32324 14829
is_linear=0
shrinkage=0.05


Tree=22
num_leaves=31
num_cat=0
split_feature=13 10 33 33 5 28 5 1 7 10 33 5 33 10 33 4 38 33 33 33 33 33 33 28 28 33 34 32 32 33
split_gain=3141.7 1400.81 885.388 604.439 498.836 574.652 338.439 332.42 286.571 281.206 276.028 248.968 240.849 229.695 216.18 236.022 209.179 200.953 193.071 248.3 405.661 411.554 332.447 198.508 174.978 164.434 150.971 143.124 162.252 237.783
threshold=0.013514380470512217 0.023881437483132706 -2126.4999999999995 -2185.4999999999995 -0.1336934873167929 0.064268275984774526 -0.092716572456016708 -0.076470588235292278 -0.017178322909824736 0.016025875721325959 -3992.4999999999995 -0.084284087211194833 -4109.4999999999991 0.034907453603980849 -1239.4999999999998 -0.21568627450980563 -0.097792876311865493 -4161.4999999999991 -4595.4999999999991 -2220.4999999999995 -2329.4999999999995 -2369.4999999999995 -2154.4999999999995 -0.068023422609290798 0.09956331299510908 -1632.4999999999998 3.0610489973715933 4.5000000000000009 8.5000000000000018 -1452.4999999999998
decision_type=8 10 2 2 8 10 10 10 10 8 2 10 2 10 2 10 10 2 2 2 2 2 2 10 10 2 2 2 2 2
left_child=2 4 3 10 12 9 14 -3 11 -6 -1 18 17 24 15 -4 -14 -2 -9 20 21 -20 -21 -24 -13 -25 -7 -11 29 -29
right_child=1 7 6 -5 5 26 -8 8 -10 27 -12 13 16 -15 -16 -17 -18 -19 19 22 -22 -23 23 25 -26 -27 -28 28 -30 -31
leaf_value=0.012343544943566844 0.00016171077253399968 0.023743548392793849 0.070410730015971743 0.055671527130452592 -0.015184198686904357 0.018714378464310098 -0.041938229907290958 0.028526844818544447 0.018421692814176421 -0.010817967404909078 -0.020751072556515891 -0.0015988454093690881 0.021952092275946907 0.0092815308007060497 0.020432460852914253 -0.03458923661368573 0.0044226886357645974 -0.037318838619448381 0.0041844692053896121 0.060411274074045257 -0.051067263340279848 0.063019487464736804 0.036932412858867177 0.019449111406146278 0.010775272796590083 -0.0020379566720645022 0.002560442100440638 -0.0004007763114489467 -0.0070283172843840606 0.027843936946823175
leaf_weight=815.40605899691582 2031.5793976038694 3156.8170205503702 57.843869686126709 349.3116797208786 10749.26391454041 1876.7301950901747 5638.7820062041283 1448.1374261528254 4996.4149376302958 8286.3804847449064 2771.7637777328491 18036.86170835793 2920.2663807719946 10879.873781740665 353.9839117154479 715.92630967497826 4079.0241665095091 434.02209423482418 8007.4339389055967 429.44249485433102 319.22669680416584 308.68986274302006 793.1764751970768 1881.494329303503 3394.5632233917713 1690.278465539217 6307.1443377882242 5966.0232373923063 9296.6234355270863 851.50695252418518
leaf_count=3994 9118 12969 243 1528 58023 8311 44058 6006 20590 40991 15670 80144 12545 45716 2089 4160 18959 1987 34166 1757 1388 1307 3323 7950 14225 7325 28506 27998 44106 4008
internal_value=-0.00012794 0.00242959 -0.0259687 -0.00711431 -0.00339656 -0.00566791 -0.0369374 0.00798795 0.00703486 -0.0084462 -0.0132283 0.00582922 0.00700246 0.0033648 -0.0119332 -0.0267399 0.0117364 -0.00643602 0.0111814 0.00931098 0.00424514 0.00636839 0.0184352 0.0143055 0.000361114 0.00928074 0.00626487 -0.00547788 -0.00273184 0.00312698
internal_weight=118844 108141 10703 3936.48 52798.6 43333.7 6766.54 55342.4 52185.6 35149.8 3587.17 47189.2 9464.89 32311.3 1127.75 773.77 6999.29 2465.6 14877.9 13429.7 8635.35 8316.12 4794.39 4364.95 21431.4 3571.77 8183.87 24400.5 16114.2 6817.53
internal_count=563160 491418 71742 21192 254552 211943 50550 236866 223897 175126 19664 203307 42609 140085 6492 4403 31504 11105 63222 57216 36861 35473 20355 18598 94369 15275 36817 117103 76112 32006
is_linear=0
shrinkage=0.05


Tree=23
num_leaves=31
num_cat=0
split_feature=10 13 0 37 37 10 13 0 7 5 33 33 5 38 25 4 5 33 33 33 33 33 33 33 0 10 33 38 37 33
split_gain=2955.82 1235.42 497.4 488.914 449.377 424.682 331.965 290.572 278.398 256.517 229.365 214.722 193.024 194.492 188.048 229.602 182.817 167.058 207.327 166.556 233.315 419.02 274.298 157.18 150.943 137.508 120.579 115.728 119.794 113.99
threshold=0.011215785013614856 0.02944072395514432 0.0014490129075266369 -0.073205519723329657 0.04058041263525259 0.0071627140462959009 1.1449174941446928e-17 0.084090909090909119 -0.14210340731942686 -0.11001792158211247 -4852.9999999999991 -3235.4999999999995 -0.16158677341621006 0.034791349722802185 0.30647658044542103 -1.0000000180025095e-35 -0.25086228231171254 -4534.4999999999991 -4830.4999999999991 -2185.4999999999995 -1773.9999999999998 -1921.4999999999998 -2126.4999999999995 -2329.4999999999995 0.078060435602649428 0.036566668408136889 -4963.4999999999991 -0.050426849005802125 -3.4416913763379849e-15 -1683.4999999999998
decision_type=8 10 8 8 10 10 10 10 8 8 2 2 8 8 8 10 10 2 2 2 2 2 2 2 10 10 2 10 10 2
left_child=5 2 6 10 8 -1 14 -6 -5 -8 26 25 -4 17 15 -2 -12 18 -14 23 21 22 -21 -10 -15 -11 -3 -7 -29 -18
right_child=1 3 12 4 7 27 9 -9 19 11 16 -13 13 24 -16 -17 29 -19 -20 20 -22 -23 -24 -25 -26 -27 -28 28 -30 -31
leaf_value=-0.042251727342656233 -0.020693847288864066 0.01012345085185299 0.019626834517714145 0.005801664722143926 0.008696422460974948 0.0039895806918733567 0.0010195459903768723 0.031128576905021844 -0.0048288622879691925 -0.0059321798837817345 0.031301017781569067 -0.016068360664551414 -0.01195253577270021 0.008871804602693099 -0.038871204096560641 0.05180192512823692 0.011654597269774487 -0.0053464636230293877 0.040039424651345329 0.038636826612942682 -0.0028828995638618283 0.03972161944054315 -0.010796324099904248 -0.04345033495263223 0.061260932626665987 0.032320376944738057 -0.041668799679336462 -0.029854869165200498 -0.011583934735449141 0.029491780049965711
leaf_weight=3641.5084702819586 612.27951652556658 206.26680751144886 1492.6630345284939 19185.846017479897 19201.190385371447 489.4287403523922 6443.8059265762568 1560.973534449935 14410.597625315189 7772.9453282803297 2092.9813968390226 8866.370797149837 325.1709343791008 2986.363026112318 1395.3849511295557 132.92856834828854 5786.8647852838039 8110.1738028526306 467.300552546978 356.00771516561508 5036.2342927902937 1067.8332422226667 1325.3010972738266 268.34492871165276 144.12524738907814 242.25678405165672 246.88578787446022 2061.2316481918097 1588.5077919140458 1059.70576377213
leaf_count=31141 3730 970 6590 83851 81179 2705 29792 6329 66177 38756 8520 45343 1595 13804 9029 598 24095 40396 2092 1487 23067 4476 5926 1268 600 1048 1157 13615 9239 4404
internal_value=-8.24863e-06 0.00208371 -0.00508109 0.00597436 0.00437381 -0.0297977 -0.00919673 0.010383 0.00137832 -0.00746736 0.0166096 -0.0107069 0.00266772 0.000564006 -0.0280412 -0.00776221 0.0183688 -0.00320544 0.0187058 -0.00239948 0.00351219 0.0152275 -0.000329132 -0.0055349 0.0112838 -0.00477601 -0.0180939 -0.0188411 -0.0219027 0.0144154
internal_weight=118577 110797 38991.8 71805 62412.3 7780.68 25466 20762.2 41650.2 23325.4 9392.7 16881.6 13525.8 12033.1 2140.59 745.208 8939.55 8902.65 792.471 22464.3 7785.38 2749.14 1681.31 14678.9 3130.49 8015.2 453.153 4139.17 3649.74 6846.57
internal_count=562979 506279 193373 312906 273760 56700 128296 87508 186252 114939 39146 85147 65077 58487 13357 4328 37019 44083 3687 102401 34956 11889 7413 67445 14404 39804 2127 25559 22854 28499
is_linear=0
shrinkage=0.05


Tree=24
num_leaves=31
num_cat=0
split_feature=10 10 12 13 1 0 1 13 32 32 33 33 33 32 33 32 33 33 33 33 33 28 33 38 12 28 13 33 33 28
split_gain=2729.88 1019.32 598.633 445.569 332.708 301.979 299.012 253.943 234.871 398.865 251.217 1212.82 385.55 329.795 264.94 331.788 629.66 276.586 267.384 353.405 247.254 444.401 230.233 360.851 218.609 207.977 188.922 187.641 178.251 171.924
threshold=0.012377923416965529 0.023881437483132706 0.035714285714285733 0.029279711163008627 -0.076470588235292278 0.073406368857732343 0.0029859932951851191 1.1449174941446928e-17 3.5000000000000004 2.5000000000000004 -2185.4999999999995 -1773.9999999999998 -2584.4999999999995 7.5000000000000009 -4678.4999999999991 10.500000000000002 -2765.4999999999995 -4377.4999999999991 -4069.4999999999995 -4088.4999999999995 -1696.4999999999998 -0.068023422609290798 -4852.9999999999991 -0.097792876311865493 5.0071428571428624 0.0027733422256535768 0.016584868591956323 -2385.4999999999995 -4298.4999999999991 0.032276328418484886
decision_type=8 10 10 10 10 10 10 8 2 2 2 2 2 2 2 2 2 2 2 2 2 10 2 10 10 10 10 2 2 10
left_child=2 3 -1 6 -3 8 7 -2 9 -6 12 13 14 24 -10 17 -17 -16 19 28 -13 -22 -5 27 -12 -8 -23 -24 -19 -25
right_child=1 4 -4 22 5 -7 25 -9 10 -11 11 20 -14 -15 15 16 -18 18 -20 -21 21 26 23 29 -26 -27 -28 -29 -30 -31
leaf_value=-0.045275751664821284 -0.036512375451367915 0.022494782308216547 -0.017672198092966697 -0.016229249708084533 0.0045925250926947391 0.02280027934179368 -0.0082128040270164366 -0.0098806924814369371 0.020801420320263359 -0.014923502550606552 0.046872604804850788 -0.016669477994447731 -0.0099005571956282123 0.018536757756026808 -0.017952130204405222 0.011392572922657525 0.095004925369821483 0.031226644593531323 3.295032878141436e-05 0.075953811387552639 0.047258449027879033 -0.03588166466105968 0.010489068515308557 -0.0036618777213196134 0.0053442084171980795 0.0070483771266468742 0.0023358369926807423 0.035295841188055184 -0.009736814836832924 0.0059835463374965014
leaf_weight=2696.6765382885933 947.53039161115885 3188.5082184225321 7230.4566054791212 1645.4165436774492 9689.335431650281 2513.1256279498339 4191.5183647722006 16181.694238245487 2886.2591176629066 3587.4124409556389 2421.5766942799091 1844.8447849750519 4187.695134088397 3607.4725477546453 1827.2959807962179 4543.7863944768906 236.90707299113274 544.89469023048878 8824.5232136100531 263.43226318061352 545.86277815699577 343.86559696495533 3223.4037492126226 11502.43673953414 364.61014576256275 4776.3712290078402 5424.8226746916771 998.41828466951847 518.06065359711647 7721.071162968874
leaf_count=25793 6687 13078 44053 8031 42260 10248 21128 81901 11877 16471 9876 7906 18768 14923 7865 19205 995 2349 38275 1090 2330 1962 13793 54458 1490 22725 23475 4215 2243 34174
internal_value=-7.32812e-05 0.00222188 -0.0251706 -0.00290725 0.00679875 0.00587497 -0.00748134 -0.0113539 0.00505164 -0.000680757 0.00703433 0.0122106 0.00387352 0.0285165 0.0068097 0.00440001 0.015536 -4.45332e-05 0.00317907 0.0241103 -0.000566579 0.00413801 0.0018503 0.00311915 0.0414381 -8.45743e-05 5.77309e-05 0.0163556 0.011262 0.000212181
internal_weight=118479 108552 9927.13 51187.9 57364.3 54175.8 26097.1 17129.2 51662.7 13276.7 38385.9 14553.1 23832.9 6393.66 19645.2 16758.9 4780.69 11978.2 10150.9 1326.39 8159.4 6314.55 25090.7 23445.3 2786.19 8967.89 5768.69 4221.82 1062.96 19223.5
internal_count=563644 493798 69846 247112 246686 233608 132441 88588 223360 58731 164629 61962 102667 26289 83899 72022 20200 51822 43957 5682 35673 27767 114671 106640 11366 43853 25437 18008 4592 88632
is_linear=0
shrinkage=0.05


Tree=25
num_leaves=31
num_cat=0
split_feature=13 10 10 13 8 19 32 32 33 33 19 10 43 37 37 33 43 33 28 32 2 28 33 28 33 32 33 33 32 33
split_gain=2547.49 1288.29 456.578 422.609 362.082 349.371 262.777 301.609 338.302 297 251.531 242.318 235.87 217.678 215.795 199.94 174.103 194.648 254.461 172.893 170.32 164.949 162.8 143.635 142.874 142.19 147.099 417.458 390.808 196.409
threshold=0.0002235970503686912 0.019505578148947603 0.032928738131577352 0.02992548987691112 0.0045265943823101793 0.39978526472662573 3.5000000000000004 1.5000000000000002 -4551.4999999999991 -4788.4999999999991 0.51877777770062894 0.0089489862383539415 3.5000000000000004 -0.049348253531603818 -0.073205519723329657 -1578.4999999999998 3.5000000000000004 -1683.4999999999998 -0.034025685110325533 3.5000000000000004 -0.12482529146601205 0.0048160442566997858 -4534.4999999999991 0.064268275984774526 -924.49999999999989 11.500000000000002 -2446.4999999999995 -1773.9999999999998 8.5000000000000018 -2584.4999999999995
decision_type=8 10 10 10 8 10 2 2 2 2 8 8 2 10 8 2 2 2 10 2 10 10 2 10 2 2 2 2 2 2
left_child=4 3 5 10 -1 6 7 8 -3 -8 11 -2 -6 16 -5 -14 17 -11 -19 -13 -4 -15 -9 -16 -10 26 29 28 -28 -23
right_child=1 2 20 14 12 -7 9 22 24 13 -12 19 15 21 23 -17 -18 18 -20 -21 -22 25 -24 -25 -26 -27 27 -29 -30 -31
leaf_value=-0.042660514061101995 -0.032776662986059128 0.046325496471135423 0.031325820358707984 0.019223184841573822 -0.02381332412639783 0.0091950528379203603 0.038392253931165882 -0.03774754002300363 -0.0033708885689696651 0.010351883100638897 -0.00061339824844881385 -0.019805615773597102 0.055580657092121934 -0.0049359668910906734 -0.0041157990713970912 -0.030460888921522995 -0.0038794135144722373 0.063440202111788149 0.008761170656224386 -0.008263739936917874 0.010174974976876573 -0.00082214134078054861 -0.010336212243087547 0.0098851345008581434 0.044081038210774151 0.016853454497577424 0.042627232704184642 -0.005840887808982822 -0.0092277771229169643 -0.034558629551284033
leaf_weight=3743.8583618402481 1422.9209815636277 442.83141767978668 994.2853796929121 1465.2809381633997 972.4421870559454 14954.404264032841 569.59230054914951 593.10176992416382 2721.8038381487131 3543.1775111407042 5326.9131383001804 4395.8454790860415 201.27062803506851 10421.881277233362 8775.22433796525 101.6019039452076 1571.4447661787271 439.52303276956081 412.43611471354961 12389.356609724462 22281.901395663619 5740.078073695302 6246.3441729843616 2315.1110001802444 168.44715896248817 1748.8694525063038 1222.9246512055397 2116.0477759242058 516.93557940423489 466.48141643404961
leaf_count=33820 9844 1918 4040 6347 6110 64242 2383 2823 12353 15192 27565 24056 893 47998 41882 696 6881 1890 1815 64831 93085 25501 29941 10160 760 7671 5109 9544 2262 2109
internal_value=3.4901e-05 0.00157958 0.00522626 -0.00621811 -0.0348225 0.00269887 0.000204218 -0.00670304 0.00562987 0.00264655 -0.01017 -0.0129658 -0.0118129 0.00192454 0.00118955 0.0267171 0.0104045 0.0155116 0.0369699 -0.0112864 0.0110785 -0.000351166 -0.0127133 -0.0011931 -0.000605336 0.00369429 0.00140721 0.00907701 0.0272204 -0.00335776
internal_weight=118282 113263 77172.5 36090.7 5019.17 53896.3 38941.9 10172.5 3333.08 28769.4 23535 18208.1 1275.31 28199.8 12555.6 302.873 5966.58 4395.14 851.959 16785.2 23276.2 22233.2 6839.45 11090.3 2890.25 11811.3 10062.5 3855.91 1739.86 6206.56
internal_count=563721 522202 337517 184685 41519 240392 176150 47795 15031 128355 126296 98731 7699 125972 58389 1589 25778 18897 3705 88887 97125 100194 32764 52042 13113 52196 44525 16915 7371 27610
is_linear=0
shrinkage=0.05


Tree=26
num_leaves=31
num_cat=0
split_feature=10 10 19 12 13 19 37 37 32 5 43 33 33 32 33 0 0 33 29 33 32 32 34 5 43 33 4 32 33 33
split_gain=2345.02 972.608 579.794 346.093 305.145 292.953 253.487 229.821 229.335 216.039 210.598 211.417 540.225 191.996 183.843 181.129 179.795 173.794 165.109 156.334 138.223 289.24 145.164 137.582 136.302 124.796 123.151 122.561 145.755 138.174
threshold=0.010755543752189015 0.023881437483132706 -0.035893814457367557 1.0000000180025095e-35 1.1449174941446928e-17 -0.48553522076156569 -0.06006877173183716 -0.067018421205532516 4.5000000000000009 -0.21245532356701816 2.5000000000000004 -4298.4999999999991 -4333.4999999999991 10.500000000000002 -1968.4999999999998 0.084090909090909119 0.095238095238095691 -1346.4999999999998 -0.084977694737955106 -4746.4999999999991 10.500000000000002 8.5000000000000018 2.8478079206112956 0.23914668226424921 1.5000000000000002 -1657.4999999999998 -0.075601374570447064 1.5000000000000002 -897.49999999999989 -4217.4999999999991
decision_type=8 10 8 10 10 10 10 10 2 10 2 2 2 2 2 10 8 2 8 2 2 2 2 10 2 2 10 2 2 2
left_child=3 2 4 -1 -2 7 14 -3 27 24 -10 12 -12 19 -6 -11 18 25 -4 -9 21 -13 -22 -21 -7 -15 -5 28 29 -8
right_child=1 5 16 26 6 9 8 13 10 15 11 20 -14 17 -16 -17 -18 -19 -20 23 22 -23 -24 -25 -26 -27 -28 -29 -30 -31
leaf_value=-0.044615128534972355 -0.036028484371635916 0.011215309394301039 0.015586667741032238 0.009838753885225749 0.00057794799926177357 0.043145679914170808 0.019459341099520088 0.022464195043723226 -0.011625183250644868 0.0068885752456180867 -0.0079914261468711553 0.0020531195526841159 0.071071043598129255 0.012341181234068339 0.030112072863092972 0.024583820202089803 0.042092122060418874 -0.019718709304505276 0.0011041046058661668 -0.0069390632292844747 0.037310821685903613 -0.017331617628839203 0.0025721810817090031 0.0040466653098079029 0.016527925065249575 0.078279937361238047 -0.022939385745884062 -0.017959051961069197 0.085807396250079757 -0.012364949446876253
leaf_weight=2291.9110704734921 908.24417173117399 5271.8343078196049 2190.1014989465475 308.28300738334656 3061.1357404142618 568.78159469366074 420.21808525919914 577.98443977534771 7233.5053360760212 28117.54716143012 561.84192490577698 4874.9634886234999 351.06291669607162 3093.1608128249645 636.46688260138035 1524.5682428628206 291.69485093653202 438.40982332825661 19404.125076808035 10823.130822241306 373.47514721751213 3179.3178243935108 1543.9113930761814 3868.7286550849676 3114.4919504225254 73.460084944963455 4065.8222761675715 6996.8493864089251 43.725171938538551 1810.9354142844677
leaf_count=23676 7048 22005 9680 1787 13924 2323 2049 2417 36372 119795 2670 23794 1601 13178 2863 6166 1239 2084 91092 49054 1812 15661 7607 16629 12949 313 27194 37075 208 9307
internal_value=-6.98921e-05 0.00165454 -0.00317154 -0.0288761 -0.00746121 0.00617912 -0.00662659 0.00198541 -0.00828549 0.00921778 -0.00501258 -0.000618073 0.0224125 -0.000592542 0.00566165 0.00779869 0.00309965 0.009786 0.00257294 -0.00304279 -0.00272652 -0.00559874 0.00933869 -0.00404625 0.0206383 0.0138708 -0.0206292 -0.0146812 -0.00459937 -0.00637112
internal_weight=118020 111354 53881.6 6666.02 31995.7 57472.1 31087.4 24146.7 27389.8 33325.4 18118.1 10884.6 912.905 18874.9 3697.6 29642.1 21885.9 3605.03 21594.2 15269.8 9971.67 8054.28 1917.39 14691.9 3683.27 3166.62 4374.11 9271.73 2274.88 2231.15
internal_count=563572 510915 264002 52657 161991 246913 154943 105680 138156 141233 89517 53145 4271 83675 16787 125961 102011 15575 100772 68100 48874 39455 9419 65683 15272 13491 28981 48639 11564 11356
is_linear=0
shrinkage=0.05


Tree=27
num_leaves=31
num_cat=0
split_feature=10 10 20 33 7 19 28 4 33 10 8 33 33 33 36 33 33 34 33 3 19 33 33 33 33 33 33 28 33 34
split_gain=2200.12 987.977 478.41 381.254 491.451 343.503 278.266 333.71 262.392 276.017 249.186 303.457 228.609 187.646 177.95 173.279 232.21 161.566 154.676 153.199 159.604 153.109 479.462 326.141 151.934 401.318 151.369 249.673 149.506 146.672
threshold=0.0085739276768998906 0.020725854650731238 0.43247813737365137 -4852.9999999999991 -0.27971162500865465 0.60536478581122088 0.048047128830175999 -0.10071942446043174 -4896.4999999999991 0.03134552365687842 0.26112117473343627 -4551.4999999999991 -4595.4999999999991 -4180.4999999999991 0.999589153656532 -4377.4999999999991 -4298.4999999999991 4.0681713220359965 -2385.4999999999995 -0.066350710900474938 -0.57745457163186875 -4298.4999999999991 -4333.4999999999991 -4088.4999999999995 -4515.4999999999991 -4658.4999999999991 -1696.4999999999998 -0.027121131116255248 -4574.4999999999991 3.0468977391027221
decision_type=8 8 10 2 10 10 10 10 2 8 10 2 2 2 2 2 2 2 2 10 10 2 2 2 2 2 2 10 2 2
left_child=-1 2 -2 8 12 10 7 18 9 -3 11 28 -5 -14 -7 -13 -17 -15 -4 26 -21 22 24 -23 25 -9 -18 -28 -6 -8
right_child=1 3 6 4 5 14 29 21 -10 -11 -12 15 13 17 -16 16 19 -19 -20 20 -22 23 -24 -25 -26 -27 27 -29 -30 -31
leaf_value=-0.035763809920826485 -0.023916501674509105 0.031214180283999894 0.0035551766913809561 0.038426860927294852 0.012390244861547323 0.0088323648427089015 0.017858050156102978 -0.0096996815822831678 -0.045315798274809908 -0.013364772421868634 0.0072264034059784021 -0.019772024969518923 -0.0065670529797418791 0.020063653182076362 0.030527916240769594 0.032725890842857028 0.00071269211096885402 0.0042283179148275059 0.03059563761943131 -0.0084457847006001643 -0.00011505995196501375 -0.032060360674358412 0.060116932313029406 -0.0077293908181940395 -0.015272200516038252 0.057083156632500992 0.043464075323746507 0.0018810308300994405 0.061170022359766985 0.0011395663924336705
leaf_weight=4147.4843406900764 3163.5547800660133 414.54409851133823 2371.4228899329901 985.20209604501724 2518.8762467503548 13852.092684909701 1686.0837421640754 782.16952493786812 512.93056657910347 2138.3495256602764 14015.247886374593 1325.1637513935566 1072.9987990558147 5833.1339007019997 1014.3541226089001 493.27172939479351 4573.9959823042154 2225.2619726508856 680.64219930768013 10084.720069557428 13373.767158523202 1481.4591727554798 324.60045403242111 19587.965724945068 1416.8586646616459 315.77603708207607 615.30181108415127 873.33256174623966 167.52667100727558 5911.0472745373845
leaf_count=37476 19415 1762 10685 4005 10647 58584 7626 3853 2434 10564 59466 6154 4563 24448 4144 2168 20062 9343 3057 47492 60557 7721 1476 102862 7019 1557 2662 3862 722 27730
internal_value=6.97829e-06 0.00131052 -0.00530583 0.00459058 0.00531577 0.00367086 -0.00360215 -0.00598383 -0.0126826 -0.00612595 0.00161554 -0.000695567 0.0155442 0.0130754 0.0103127 -0.00207803 -0.00129682 0.0156909 0.00958548 -0.00186531 -0.00369641 -0.00797132 0.00292812 -0.00944018 -0.00445357 0.00950748 0.00521987 0.0190687 0.0154322 0.00485001
internal_weight=117959 113812 37721.6 76090.1 73024.2 62907.7 34558 26960.9 3065.82 2552.89 48041.2 34026 10116.6 9131.39 14866.4 31339.6 30014.4 8058.4 3052.07 29521.1 23458.5 23908.8 2839.4 21069.4 2514.8 1097.95 6062.63 1488.63 2686.4 7597.13
internal_count=564116 526640 193001 333639 318879 276520 173586 138230 14760 12326 213792 154326 42359 38354 62728 142957 136803 33791 13742 134635 108049 124488 13905 110583 12429 5410 26586 6524 11369 35356
is_linear=0
shrinkage=0.05


Tree=28
num_leaves=31
num_cat=0
split_feature=13 13 5 38 37 38 25 4 33 33 33 5 28 33 33 33 33 32 36 4 28 32 11 33 7 33 33 33 33 33
split_gain=2044.18 863.7 394.29 406.98 390.417 407.101 379.507 263.275 232.313 232.202 259.619 229.982 227.082 217.005 199.221 390.608 573.556 227.643 181.294 180.893 177.013 175.773 170.905 163.682 169.448 144.532 158.973 408.057 197.496 235.054
threshold=0.0002235970503686912 0.025898056745371122 -0.099458481990129396 0.016468646604177798 -0.061350676889767079 0.097405940314977971 0.30647658044542103 -1.0000000180025095e-35 -1696.4999999999998 -4298.4999999999991 -4333.4999999999991 -0.070302160775618391 -0.074258312440949034 -4534.4999999999991 -4595.4999999999991 -4088.4999999999995 -4069.4999999999995 7.5000000000000009 0.999589153656532 -0.040279339290643749 0.09956331299510908 9.5000000000000018 0.38366552931168324 -4852.9999999999991 -0.33278944230318769 -877.49999999999989 -2369.4999999999995 -1773.9999999999998 -1921.4999999999998 -2329.4999999999995
decision_type=8 10 8 8 8 10 10 8 2 2 2 8 10 2 2 2 2 2 2 10 10 2 10 2 10 2 2 2 2 2
left_child=6 2 13 9 8 11 7 -1 23 10 -4 14 -10 -2 19 17 -17 -16 -7 -6 -13 -19 -15 -3 -25 26 -18 28 29 -28
right_child=1 4 3 -5 5 18 -8 -9 12 -11 -12 20 -14 22 15 16 25 21 -20 -21 -22 -23 -24 24 -26 -27 27 -29 -30 -31
leaf_value=-0.0190842307875322 0.028103328789374826 -0.01648024478478222 -0.0013254718242080158 0.0014176571323191714 -0.00074866362095836296 0.0080351477704228222 -0.040640781276773931 0.041733620638791456 0.054822021577201743 -0.015573613601983644 0.079867916591744914 -0.0035107622328104343 0.017282805222825427 0.035413312687939166 -0.024011597980741817 0.082185188570935083 0.001168145885310448 0.036288861878879149 0.031158861858058402 0.036428108105709123 0.007685473973429488 -0.019509099739501316 -0.00086484500651470364 0.022645640410328877 0.0070875607789568432 -0.034433130706747153 0.056982950436318174 0.0025589675767524436 0.057509288267475339 0.010651553319582105
leaf_weight=984.69684812426567 819.8941014111042 600.48153737187386 1736.6343627274036 6409.589851744473 516.93731102347374 15430.848102167249 3515.0592234507203 217.19569373875856 545.21886013448238 14494.903002053499 104.37141065299511 29926.581794932485 1542.8944543153048 341.34544835984707 1840.2993642985821 244.4846625328064 8495.236236140132 324.82754275202751 896.90240857005119 891.47969555854797 4002.3384453058243 249.59363426268101 6634.3870923966169 2215.8649890869856 8326.1944157779217 229.08698090910912 354.40159173309803 4058.6393842846155 492.90528401732445 1202.9572623372078
leaf_count=7207 3515 2905 8712 32077 2221 64457 33197 1173 2257 81072 488 137581 6461 1564 8542 1015 37979 1427 3647 3737 17050 1088 32004 9032 35311 1022 1511 18033 2053 5169
internal_value=-9.89311e-05 0.00124807 -0.00593381 -0.00925974 0.00391038 0.00240491 -0.0323477 -0.00809375 0.0117796 -0.0134491 0.00327759 0.000272227 0.0270845 0.00377035 0.00469222 0.00323563 0.0062257 -0.0154346 0.00930536 0.022783 -0.00219003 0.0120439 0.000910364 0.00891143 0.0103578 0.00497372 0.00559187 0.0117436 0.0299253 0.021195
internal_weight=117646 112929 30541.1 22745.5 82388.2 69157.5 4716.95 1201.89 13230.7 16335.9 1841.01 52829.8 2088.11 7795.63 18900.8 17492.4 15077.7 2414.72 16327.8 1408.42 33928.9 574.421 6975.73 11142.5 10542.1 14833.2 14604.1 6108.9 2050.26 1557.36
internal_count=563507 521930 159432 122349 362498 306532 41577 8380 55966 90272 9200 238428 8718 37083 83797 77839 66782 11057 68104 5958 154631 2515 33568 47248 44343 65767 64745 26766 8733 6680
is_linear=0
shrinkage=0.05


Tree=29
num_leaves=31
num_cat=0
split_feature=13 13 5 5 38 37 38 33 32 32 33 43 33 33 33 32 32 33 33 33 33 5 33 33 33 32 33 28 28 33
split_gain=1917.06 777.267 437.209 424.034 447.592 353.832 302.543 260.694 227.748 298.328 263.151 212.306 203.179 202.374 915.773 415.805 286.788 423.837 201.303 201.101 257.269 198.493 184.013 188.349 175.92 181.375 167.891 294.762 163.739 171.126
threshold=0.0002235970503686912 0.029761941519675105 -0.09615384615384652 -0.076408379893453601 0.015503875968942983 -0.081023248379941279 0.18749025577916359 -4534.4999999999991 3.5000000000000004 1.5000000000000002 -897.49999999999989 3.5000000000000004 -4377.4999999999991 -2201.4999999999995 -1773.9999999999998 8.5000000000000018 5.5000000000000009 -1519.4999999999998 -2527.4999999999995 -4298.4999999999991 -4333.4999999999991 0.094863079878604331 -2054.4999999999995 -2126.4999999999995 -4852.9999999999991 1.5000000000000002 -1683.4999999999998 -0.068023422609290798 -0.078714480328975614 -1683.4999999999998
decision_type=8 10 10 8 8 8 10 2 2 2 2 2 2 2 2 2 2 2 2 2 2 10 2 2 2 2 2 10 8 2
left_child=2 3 11 7 19 28 8 -2 9 10 -7 -1 -9 18 15 21 17 -16 -10 20 24 -15 23 -17 -5 -26 -18 -28 29 -3
right_child=1 5 -4 4 -6 6 -8 12 13 -11 -12 -13 -14 14 16 22 26 -19 -20 -21 -22 -23 -24 -25 25 -27 27 -29 -30 -31
leaf_value=-0.015003730600832056 0.024569847379726246 0.019217686264687395 -0.040116033557641068 -0.028731848096489123 0.0011298118244762213 0.0038470491011845897 0.012872922762155063 -0.021995441160717048 0.0027256469238584355 -0.009202145648488513 0.069870391367422832 0.039944304499062742 0.0026282958679182469 0.046481333129337117 -0.020569092597932173 0.042246334389748841 -0.017397028152211141 0.038475515416687776 -0.011675441462755301 -0.014213840154089635 0.069113886957336584 0.021553165888665217 0.027943999163697338 -0.011083645718866109 0.06748068401407549 0.0010051971205323109 0.047302291155025447 -0.0031758905147153669 0.0085036363023773594 0.056859619100546412
leaf_weight=860.80077792704105 1275.9964678585529 2851.5525502115488 3529.5577491670847 486.81273099780083 9450.4939798936248 5235.4721993654966 7200.7519884556532 903.45427273213863 25021.953632071614 8751.047648832202 155.40066105127335 220.90439014136791 11517.725206032395 1916.484115049243 445.00005675852299 193.29714377224445 1972.2591692954302 958.77096238732338 2687.2048986107111 16075.635870218277 133.70947358012199 1368.9726962894201 715.51759348809719 1153.8486009091139 110.3017468303442 1471.6867085546255 305.52106402814388 5414.8566763550043 4665.9875429272652 337.69117917120457
leaf_count=5434 5510 11868 35137 2572 46268 22996 29398 4304 109985 40746 704 1114 55911 7905 2029 810 8647 4231 11718 88622 605 5600 2989 4983 494 7199 1312 23818 19176 1391
internal_value=6.25302e-06 0.00129829 -0.0315929 -0.00414938 -0.00770476 0.00446113 0.0032227 0.00304816 0.00198834 -0.00350231 0.00575028 -0.00378232 0.000837289 0.00383037 0.0086287 0.0250477 -0.00102465 0.0197582 0.00132904 -0.0122726 0.00189635 0.0360944 0.00745234 -0.00343152 -0.00244802 0.0056401 -0.00481715 -0.000479889 0.0144718 0.0232034
internal_weight=117389 112777 4611.26 41425.8 27728.6 71351.6 63496.4 13697.2 56295.6 14141.9 5390.87 1081.71 12421.2 42153.7 14444.5 5348.12 9096.41 1403.77 27709.2 18278.1 2202.51 3285.46 2062.66 1347.15 2068.8 1581.99 7692.64 5720.38 7855.23 3189.24
internal_count=563476 521791 41685 211485 145760 310306 277871 65725 248473 64446 23700 6548 60215 184027 62324 22287 40037 6260 121703 99492 10870 13505 8782 5793 10265 7693 33777 25130 32435 13259
is_linear=0
shrinkage=0.05


Tree=30
num_leaves=31
num_cat=0
split_feature=13 10 5 7 19 19 0 5 43 34 5 0 33 33 33 34 5 4 33 33 33 5 33 33 33 33 43 33 33 7
split_gain=1787.14 869.607 360.984 344.555 313.116 280.718 210.767 194.458 188.126 183.501 181.604 152.076 150.279 222.504 142.073 138.594 129.783 127.036 126.031 120.485 392.617 168.331 149.433 148.563 143.929 116.351 114.932 109.847 105.709 125.618
threshold=0.0002235970503686912 0.019505578148947603 -0.09615384615384652 -0.28323069754555641 -0.24630717906663044 0.065101147459622657 -0.039040237075009247 0.23914668226424921 3.5000000000000004 2.8003208578683441 -0.10112359550561616 0.084090909090909119 -3626.4999999999995 -3285.4999999999995 -3155.4999999999995 3.8253746040933199 0.12602588156058928 -0.11231884057971057 -1239.4999999999998 -2369.4999999999995 -1773.9999999999998 -0.0294117647058833 -2728.4999999999995 -1921.4999999999998 -2765.4999999999995 -2744.4999999999995 1.5000000000000002 -1452.4999999999998 -4109.4999999999991 -0.20090463947406109
decision_type=8 10 10 10 8 10 10 10 2 2 10 10 2 2 2 2 10 10 2 2 2 10 2 2 2 2 2 2 2 10
left_child=2 4 8 15 10 6 -5 -8 18 12 28 19 -6 -14 16 -3 -12 -15 -1 22 21 -21 24 -23 -7 -26 -16 -22 -2 -30
right_child=1 3 -4 5 9 11 7 -9 -10 -11 14 -13 13 17 26 -17 -18 -19 -20 20 27 23 -24 -25 25 -27 -28 -29 29 -31
leaf_value=-0.025233053956933045 -0.011840415930028138 0.017981483544309316 -0.038964128375743132 0.015148630898380153 -0.0041512097876988414 0.0043044752430290165 -0.0020669628677814668 0.0066815415601608466 0.035680037148872551 -0.0028404362424801969 -0.010599970011691167 0.022203652132711325 0.053916912479926804 0.052864017647423239 0.01479527333828471 0.0046029375017253866 0.013260068248779408 0.0046610201365942759 0.024056185434288904 0.034909872560243069 -0.0075154003775359107 0.005828402957200743 -0.0093662606223422675 0.028271805749359898 0.084120972260748536 0.019635353594387554 -0.02018403842135276 0.0075811434365757107 0.014643538868807454 -0.004719252822420375
leaf_weight=715.40066979825497 2038.2777288556099 5735.5497271567583 3426.3094476610422 2305.2358005940914 974.38091011345387 11770.646310076118 33125.319658219814 7858.7616462111473 217.39144352823496 15371.875662758946 5012.6485667303205 1558.9377221018076 384.67280068993568 155.66211724281311 244.36729036271572 2922.0574026852846 643.03508883714676 1121.0998723134398 158.40901226550341 1465.9877044707537 2263.3315499126911 1936.0568469017744 2036.8376708477736 1190.9090968221426 93.745471999049187 275.56616954505444 6018.7786716967821 2576.8243177086115 1325.6618002802134 2275.3534545451403
leaf_count=4456 9993 23648 35122 9713 4710 50478 150990 33543 1095 77281 27775 6321 1832 667 1366 12109 3191 5633 1106 6103 9777 8128 8777 4833 391 1153 34658 11070 5943 11554
internal_value=-0.00015132 0.00108494 -0.0309878 0.00406792 -0.00538291 0.00287938 0.000438007 -0.000389423 -0.00594253 -0.000750398 -0.010134 0.00707843 0.0114385 0.0205815 -0.0136318 0.013466 -0.00788715 0.0105379 -0.0162976 0.00607973 0.0104585 0.02093 0.00316614 0.014376 0.00526882 0.0360043 -0.0188193 0.000521767 -0.00274142 0.00240888
internal_weight=117199 112682 4517.51 77115.8 35565.8 68458.2 43289.3 40984.1 1091.2 18007.7 17558.1 25168.8 2635.82 1661.43 11918.8 8657.61 5655.68 1276.76 873.81 23609.9 9433.11 4592.95 14176.8 3126.97 12140 369.312 6263.15 4840.16 5639.29 3601.02
internal_count=563416 521637 41779 337034 184603 301277 194246 184533 6657 90123 94480 107031 12842 8132 66990 35757 30966 6300 5562 100710 39911 19064 60799 12961 52022 1544 36024 20847 27490 17497
is_linear=0
shrinkage=0.05


Tree=31
num_leaves=31
num_cat=0
split_feature=13 9 5 28 5 33 3 33 33 33 43 33 28 43 33 33 33 32 33 3 12 33 43 43 33 33 43 9 33 33
split_gain=1644.52 687.414 509.598 396.516 394.131 384.34 310.348 275.785 335.906 629.893 304.505 301.014 263.424 222.445 228.948 274.03 272.338 257.188 272.482 225.541 208.566 204.731 192.237 189.517 280.98 186.629 185.638 184.641 166.762 160.763
threshold=0.0025312014212745177 0.019867933679961557 -0.099458481990129396 0.035697911430703846 -0.084284087211194833 -4852.9999999999991 -0.13884396424835063 -4595.4999999999991 -3641.4999999999995 -3466.4999999999995 1.5000000000000002 -3517.4999999999995 0.13804983987822081 1.5000000000000002 -2369.4999999999995 -2154.4999999999995 -2584.4999999999995 5.5000000000000009 -2634.9999999999995 -0.064101703648889161 1.0214285714285734 -4896.4999999999991 3.5000000000000004 6.5000000000000009 -4088.4999999999995 -2765.4999999999995 5.5000000000000009 0.012880850079531976 -1135.4999999999998 -877.49999999999989
decision_type=8 10 8 10 10 2 10 2 2 2 2 2 8 2 2 2 2 2 2 10 10 2 2 2 2 2 2 8 2 2
left_child=4 2 13 27 22 21 -7 -8 10 11 -9 -10 29 -2 16 -16 17 18 -15 -17 -13 -3 -1 26 -25 -19 -12 -4 -14 -11
right_child=1 5 3 -5 -6 6 7 8 9 12 23 20 28 14 15 19 -18 25 -20 -21 -22 -23 -24 24 -26 -27 -28 -29 -30 -31
leaf_value=-0.015251379522432138 0.029951680004027842 -0.0071737017813749849 -0.015948334405523363 0.0018811558054004822 -0.037857263556619683 0.019731525482219445 0.015310689553499558 0.042301718260687078 0.015286856842629508 0.0027248642814253227 -0.0052418305074418666 0.074950264267190064 0.016292603511674646 -0.011691792394175199 0.053509586352187999 0.038307757172309428 -0.029199698978911157 0.0099812436217689305 0.046094250061840307 0.0017976093187478373 0.029382466590440109 -0.04410278666065414 0.032439008503902925 -0.042464214597491619 0.041800165012915391 0.096848298052462034 -0.041092698571402256 -0.0068190428886092738 -0.032811867048784117 -0.026679219534552129
leaf_weight=1039.2797291725874 853.09502495825291 1175.612181648612 9020.5465795025229 9263.403916567564 3419.8443244025111 3361.9846868216991 5080.348386451602 349.05465203523636 1459.4524105489254 36612.121489346027 12088.858543023467 474.08734501898289 4852.7298679202795 3118.6802513450384 401.21653796732426 529.63147537410259 781.19603964686394 3376.4875748157501 218.27901929616928 2100.9695028215647 533.90907238423824 551.30781516432762 265.23514087498188 127.14893011748791 445.75341263413429 62.984815150499344 372.20146672427654 14348.191561318934 179.28807960450649 470.82657334208488
leaf_count=6719 3681 5704 53616 44712 35740 13778 20993 1472 6364 160033 53380 1987 19876 15100 1671 2335 3651 15673 1038 10035 2251 2728 1344 550 1843 290 1560 71943 756 2145
internal_value=-4.0122e-05 0.00117656 -0.00368924 -0.00687291 -0.0289378 0.00432413 0.00492971 0.00414038 0.00316137 0.00524677 -0.00378566 0.0298004 0.00380821 0.00539002 0.00341131 0.0150189 -0.0012452 0.00197744 -0.00791186 0.00914837 0.0508142 -0.0189631 -0.00555493 -0.0050199 0.0230987 0.011572 -0.00631267 -0.010343 0.014543 0.00235153
internal_weight=116934 112209 44074.7 32632.1 4724.36 68134.7 66407.8 63045.8 57965.4 44582.4 13383 2467.45 42115 11442.5 10589.4 3031.82 7557.63 6776.43 3336.96 2630.6 1008 1726.92 1304.51 13034 572.902 3439.47 12461.1 23368.7 5032.02 37082.9
internal_count=562968 519165 223745 170271 43803 295420 286988 273210 252217 193412 58805 10602 182810 53474 49793 14041 35752 32101 16138 12370 4238 8432 8063 57333 2393 15963 54940 125559 20632 162178
is_linear=0
shrinkage=0.05


Tree=32
num_leaves=31
num_cat=0
split_feature=10 10 1 19 19 33 33 33 7 11 13 5 32 33 33 33 28 33 33 33 33 3 33 33 43 33 4 28 32 3
split_gain=1608.05 624.908 324.888 336.642 312.567 249.771 334.658 233.959 228.543 190.784 190.414 184.814 183.628 264.749 249.07 787.197 324.802 245.431 556.872 519.021 696.644 274.056 254.975 217.458 188.645 158.748 151.153 163.715 149.477 181.358
threshold=0.0085739276768998906 0.019311802803083481 -0.073498997149165454 0.53982468506798653 -0.15692356180950504 -4852.9999999999991 -4788.4999999999991 -4896.4999999999991 -0.33278944230318769 0.78555288230744391 1.1449174941446928e-17 0.22631578947368483 10.500000000000002 -1346.4999999999998 -1921.4999999999998 -1773.9999999999998 -0.074258312440949034 -2126.4999999999995 -2185.4999999999995 -2329.4999999999995 -2369.4999999999995 0.021235521235521197 -2873.4999999999995 -1657.4999999999998 1.5000000000000002 -2220.4999999999995 -0.10429447852760741 0.012589834829104075 4.5000000000000009 -0.044117647058823532
decision_type=8 8 8 10 10 2 2 2 10 8 10 10 2 2 2 2 10 2 2 2 2 10 2 2 2 2 10 10 2 10
left_child=-1 4 -3 5 10 7 28 9 -8 -4 -2 12 14 23 17 -16 -17 18 19 20 22 -22 -10 -14 -24 -21 -6 -28 29 -7
right_child=1 2 3 -5 26 6 8 -9 11 -11 -12 -13 13 -15 15 16 -18 -19 -20 25 21 -23 24 -25 -26 -27 27 -29 -30 -31
leaf_value=-0.032337883003876994 -0.034948462541343032 0.016747162692647581 0.032468864021230691 0.008386594969605669 0.019457142993868158 0.047148856266191197 0.012694359156090004 -0.049059151552205707 -0.0021038675959823886 -0.013557787010183531 -0.0085302464989052366 0.0060381644085761455 0.0075502369767829662 -0.019538289979078111 0.041650047815637858 0.030199842053210108 -0.0050265419803622539 -0.02404047085316444 0.0377008956778246 -0.048668734508945814 0.073288287622828491 0.0054771341896546746 0.021854691256600445 0.067756760745350614 -0.017429075713859443 -0.013377133058667416 -0.0065960290037068965 0.0047229875256237647 0.057781767455751157 -0.016361243483562056
leaf_weight=3724.2528287917376 712.41048047691584 4267.0707265585661 256.55467706918716 18928.223206669092 978.63627447187901 217.57995256781578 3858.4009577333927 413.91564840078354 15513.068677037954 1839.0165248066187 16017.751332715154 10430.444073267281 6730.9154270961881 929.43206809461117 1212.0382213443518 722.36608810722828 6951.727230720222 1672.6759276837111 766.43366946280003 856.30858887732029 397.06149214506149 238.49018716812134 326.26316966116428 153.39622390270233 4826.1818248778582 507.48625129461288 6383.6713856011629 6394.6010156720877 353.49037224054337 232.54440747201443
leaf_count=37363 6671 17742 1080 80153 4275 903 16219 2118 70865 9235 86093 44444 29544 4657 5024 3181 32530 7815 3183 4181 1763 1043 1435 661 21952 2860 33334 30496 1438 992
internal_value=-1.10077e-05 0.00105359 0.00331164 0.00257977 -0.00506434 0.000729571 0.00141046 -0.0147079 0.000951476 -0.00792288 -0.0096552 8.40617e-05 -0.00140154 0.00551005 -0.0029904 0.00420359 -0.00171067 -0.00553688 -0.00421597 -0.00563343 -0.00371891 0.0478422 -0.00530463 0.00889176 -0.0149415 -0.0355363 0.000518736 -0.00093168 0.0334479 0.0143381
internal_weight=116812 113088 82601.1 78334 30487.1 59405.8 56896.3 2509.49 56092.7 2095.57 16730.2 52234.3 41803.8 7813.74 33990.1 8886.13 7674.09 25104 23431.3 22664.9 21301.1 635.552 20665.5 6884.31 5152.44 1363.79 13756.9 12778.3 803.615 450.124
internal_count=563250 525887 365018 347276 160869 267123 254690 12433 251357 10315 92764 235138 190694 34862 155832 40735 35711 115097 107282 104099 97058 2806 94252 30205 23387 7041 68105 63830 3333 1895
is_linear=0
shrinkage=0.05


Tree=33
num_leaves=31
num_cat=0
split_feature=10 13 0 37 0 33 33 33 33 33 33 33 32 5 28 32 43 43 33 33 43 8 10 26 3 33 33 33 33 43
split_gain=1494.7 588.987 388.505 337.474 280.231 252.464 472.646 620.343 387.853 383.638 635.797 375.763 284.431 253.2 243.391 236.9 234.263 230.743 184.171 290.578 180.113 179.48 179.175 167.717 166.597 180.148 180.737 161.703 235.398 191.224
threshold=0.0093052629001799097 0.025739806671739907 0.0014490129075266369 -0.069904830141342175 0.073406368857732343 -2369.4999999999995 -1773.9999999999998 -1921.4999999999998 -2010.4999999999998 -2728.4999999999995 -2765.4999999999995 -2744.4999999999995 1.5000000000000002 -4.9960036108132034e-16 0.041853064191351368 4.5000000000000009 2.5000000000000004 1.5000000000000002 -1760.4999999999998 -1906.4999999999998 1.5000000000000002 0.40495867768595056 0.028984796522541139 0.68377223377223395 -0.035463617206879676 -1452.4999999999998 -1410.4999999999998 -1083.4999999999998 -1683.4999999999998 3.5000000000000004
decision_type=8 10 8 8 10 2 2 2 2 2 2 2 2 10 10 2 2 2 2 2 2 10 10 10 10 2 2 2 2 2
left_child=-1 2 16 -3 5 9 7 8 13 10 15 -12 14 17 -8 -5 -2 -7 19 22 -11 -9 -18 -15 27 -26 -27 28 -14 -30
right_child=1 3 -4 4 -6 6 12 21 -10 20 11 -13 24 23 -16 -17 18 -19 -20 -21 -22 -23 -24 -25 25 26 -28 -29 29 -31
leaf_value=-0.029116933170298783 -0.014556610057468396 0.011479198209970351 0.0030672194376551421 -0.0062072911012424278 0.0176826594528703 -0.04204992597830115 0.038454899400476 0.03898513778626661 -0.017545185692062235 0.014633851358901138 0.088112427340755764 0.016827393877233702 -0.013782631111401903 -0.0060404024135145814 -0.00098769686320018465 0.0027180057249823249 -0.0054100873418651864 0.029138577347993706 -0.019010250646810629 0.039155418430410184 -0.014501974754210426 0.015689507772867234 0.019069855601280727 0.015563555606210287 -0.013285998308549686 0.025481622086076402 -0.0032255025276794382 -0.01442751769678248 0.03001512063181469 -0.0034133051810955324
leaf_weight=4256.2831504270434 9716.3172069042921 10813.599215477705 10016.2518786937 10517.854034990072 2740.8264437168837 120.97079691290855 820.43249043822289 2240.59133900702 1522.7842033654451 580.96833841502666 314.65897455811501 448.17513789236546 666.54671069979668 2143.4394435882568 747.45518453419209 25361.940152406693 7156.9973765537143 1927.7234420180321 1638.5249873399734 433.99820902198553 6098.120872169733 1310.3482344448566 834.64759768545628 1546.544884711504 4686.2798806130886 625.10748636722565 4461.5190114974976 727.6992869079113 1480.7242946922779 601.63502478599548
leaf_count=41670 55395 45308 50440 49195 11219 566 3624 9265 6942 2606 1318 1898 2953 9438 3272 111952 37419 8199 9153 2138 27348 5267 3646 6333 21033 2783 19878 3283 6687 2742
internal_value=-3.29101e-05 0.00106938 -0.00495602 0.00324543 0.0020035 0.00138026 0.00531375 0.0132623 0.00488735 -0.000946857 0.00106197 0.0462315 -0.000486422 0.0108399 0.0196515 0.000101631 -0.00901876 0.0249351 -0.00367231 -0.00068956 -0.0119676 0.0303887 -0.0028534 0.00301424 -0.00286946 -0.00621348 0.000302383 0.00653077 0.0120789 0.020357
internal_weight=116559 112303 29796.7 82505.9 71692.3 68951.5 25629.8 10812.4 7261.46 43321.7 36642.6 762.834 14817.4 5738.68 1567.89 35879.8 19780.5 2048.69 10064.2 8425.64 6679.09 3550.94 7991.64 3689.98 13249.5 9772.91 5086.63 3476.61 2748.91 2082.36
internal_count=562970 521300 158191 363109 317801 306582 112265 46010 31478 194317 164363 3216 66255 24536 6896 161147 107751 8765 52356 43203 29954 14532 41065 15771 59359 43694 22661 15665 12382 9429
is_linear=0
shrinkage=0.05


Tree=34
num_leaves=31
num_cat=0
split_feature=12 10 5 19 33 10 33 11 33 33 33 33 32 32 12 32 32 33 33 28 33 33 33 33 33 33 33 32 33 13
split_gain=1365.1 633.459 299.867 278.027 254.765 294.449 264.898 263.391 206.668 261.863 383.754 299.248 240.427 227.507 193.946 191.675 248.103 357.709 552.328 347.428 289.433 234.42 275.722 192.426 187.538 169.775 179.659 163.032 232.414 162.883
threshold=1.0000000180025095e-35 0.019311802803083481 -0.22499999999999939 -0.12596980023262153 -4852.9999999999991 0.033110875875693987 -4896.4999999999991 0.73205191804146252 -4551.4999999999991 -4377.4999999999991 -4298.4999999999991 -4180.4999999999991 2.5000000000000004 11.500000000000002 0.81428571428571517 8.5000000000000018 4.5000000000000009 -2185.4999999999995 -1536.4999999999998 -0.044479875691368388 -4069.4999999999995 -1452.4999999999998 -1083.4999999999998 -2584.4999999999995 -2040.4999999999998 -2555.4999999999995 -2527.4999999999995 10.500000000000002 -3186.4999999999995 0.019685842377246309
decision_type=8 8 8 10 2 8 2 8 2 2 2 2 2 2 10 2 2 2 2 10 2 2 2 2 2 2 2 2 2 10
left_child=24 3 -3 29 6 8 7 -4 12 -10 -11 -12 -6 15 -15 16 -13 20 -19 -20 -18 -21 -23 -22 -1 -25 -27 -17 -29 -2
right_child=1 2 4 -5 5 -7 -8 -9 9 10 11 13 -14 14 -16 27 17 18 19 21 23 22 -24 25 -26 26 -28 28 -30 -31
leaf_value=-0.0056382412117336328 -0.015494462659484749 0.012941833235883852 0.044471970645306065 9.4253120888759988e-05 0.056060067039027932 0.0076499052878320805 -0.043670657269723905 -0.010458805792493964 -0.017626656133945127 0.030722205116783682 -0.020486613406868356 -0.0029426175585764297 0.0082952180794097132 0.032568227566891976 0.0052923971317022089 -0.010215266418559563 0.05461782513317015 0.035437712602004769 0.042332837583321112 -0.021663238126339808 0.0020727743240526518 0.016904822497914258 -0.034957941547749553 -0.042916226420597517 -0.040720625599432562 0.016491248168311164 -0.025406113104750473 0.026267790064974275 -0.0044106466438410636 -0.0055896040536186319
leaf_weight=457.23002354800701 6666.537541128695 7163.8034725263715 241.98789441585541 14063.57298797369 284.41137620806694 21986.545132465661 542.08263064920902 2222.540139824152 2066.1025874912739 1031.6742643862963 1733.5742950588465 13532.9676149562 3575.5978502333164 955.57411407679319 2049.6237167343497 7290.3335606977344 235.64629271626472 2257.9691467136145 490.23755072057247 1075.4802346229553 6605.3751757889986 1474.2148334980011 310.19401711970568 463.71614819765091 2282.9333719313145 466.2470838278532 567.05931456387043 819.00158250331879 2507.4664856567979 10998.547505915165
leaf_count=2643 43112 29968 1027 71337 1207 92129 2751 11115 9640 4459 7887 63181 15013 4201 8967 33049 967 9251 2169 4861 29554 6547 1461 2122 27962 2075 2783 3550 11419 56724
internal_value=6.45059e-06 0.000847053 0.00316949 -0.00515138 0.00223338 0.00283065 -0.0120257 -0.00506524 0.000702649 -0.000231162 0.000588164 -0.000137615 0.0118146 0.000720671 0.0139654 -0.00032414 0.00188036 0.00656044 0.0163245 0.00344236 -6.81021e-06 -0.00322418 0.00788922 -0.00159549 -0.0348667 -0.0177811 -0.00650124 -0.00602996 0.00314262 -0.00932755
internal_weight=116418 113678 81949.4 31728.7 74785.6 71779 3006.61 2464.53 49792.5 45932.5 43866.4 42834.7 3860.01 41101.1 3005.2 38095.9 27479.1 13946.1 5608.1 3350.13 8338.04 2859.89 1784.41 8102.4 2740.16 1497.02 1033.31 10616.8 3326.47 17665.1
internal_count=563131 532526 361353 171173 331385 316492 14893 12142 224363 208143 198503 194044 16220 186157 13168 172989 124971 61790 24289 15038 37501 12869 8008 36534 30605 6980 4858 48018 14969 99836
is_linear=0
shrinkage=0.05


Tree=35
num_leaves=31
num_cat=0
split_feature=12 13 33 33 33 33 32 6 33 33 43 3 32 1 33 1 12 5 33 33 28 33 33 33 33 12 33 33 32 43
split_gain=1258.38 553.784 343.309 456.399 528.695 471.491 828.707 426.039 407.03 688.671 423.194 390.802 387.623 387.438 373.878 316.467 242.991 237.843 236.033 232.126 351.73 297.623 279.101 735.6 463.853 377.963 257.424 248.768 318.207 307.076
threshold=1.0000000180025095e-35 0.023588399738592194 -2369.4999999999995 -2329.4999999999995 -2220.4999999999995 -1773.9999999999998 3.5000000000000004 36.328587463748057 -2728.4999999999995 -2765.4999999999995 1.5000000000000002 0.0070485396682403731 7.5000000000000009 -0.12403100775193669 -2744.4999999999995 0.0029859932951851191 5.0071428571428624 -0.070302160775618391 -3138.4999999999995 -4852.9999999999991 -0.10572234985291544 -4768.4999999999991 -3641.4999999999995 -3466.4999999999995 -3533.4999999999995 2.1571428571428606 -4896.4999999999991 -4551.4999999999991 6.5000000000000009 1.5000000000000002
decision_type=8 10 2 2 2 2 2 10 2 2 2 8 2 10 2 10 8 10 2 2 10 2 2 2 2 10 2 2 2 2
left_child=-1 15 8 11 13 6 -6 -7 9 19 -10 -4 16 -5 -11 17 -8 -2 -19 26 -21 -22 27 24 -24 -26 -3 28 -23 -30
right_child=1 2 3 4 5 7 12 -9 10 14 -12 -13 -14 -15 -16 -17 -18 18 -20 20 21 22 23 -25 25 -27 -28 -29 29 -31
leaf_value=-0.03390570927318886 -0.0025597280220407592 -0.0041295637775964995 0.063384262704089242 0.064082596796423891 -0.013215330673123388 0.016050549622060765 0.039205006938544187 -0.0021136664476641095 0.022623577316690169 0.081251814444490103 -0.013023791917762387 0.010470843873125127 0.012687785612582804 -0.037449173624499253 0.017056573358499073 0.0023428209211865418 0.0034743839578860814 -0.0061854991838521198 -0.021505950873254319 0.024904690229685861 0.022418219406328325 0.039330176869906724 0.0084140886605651409 4.7331992632176865e-05 0.060303676152660572 0.0077872878025223025 -0.041132814686994146 -0.0060657492363846641 -0.027162450589170741 0.0085303427609118472
leaf_weight=2685.1770367175341 6983.1621015071869 1808.3010839819908 640.29565949738026 103.43272750079632 2108.5348969399929 4142.4840193837881 3188.66999822855 14625.892864242196 926.29482708871365 399.97737731039524 8229.151270210743 766.90217319130898 5093.2468926310539 1025.839733093977 523.88620516657829 8082.1251128092408 559.28501249849796 4604.4644135832787 5537.4841504320502 1626.3031515777111 1590.9507845193148 654.21640020608902 1860.5201293677092 14689.478211656213 1163.2485453486443 485.6459489017725 635.0818824917078 17687.488353222609 747.28699128329754 3112.1781052798033
leaf_count=30768 36431 8845 2737 435 9497 18280 13083 65338 4045 1655 36780 3269 21342 4637 2209 42495 2305 25616 35899 6987 6562 2732 8335 66838 4938 2065 3285 80008 3097 12972
internal_value=-7.45798e-05 0.000725078 0.0025893 0.00670023 0.0054299 0.00670591 0.0149512 0.00189547 0.000227411 0.00210677 -0.0094172 0.0345472 0.0216687 -0.0281496 0.0448493 -0.00581221 0.0338731 -0.00966095 -0.0145504 0.00124946 0.00208956 0.00120594 0.0003706 0.00496074 0.0255269 0.0448361 -0.0137474 -0.00339206 0.00708518 0.00161934
internal_weight=116287 113602 88394.6 32254.6 30847.4 29718.1 10949.7 18768.4 56140 46984.6 9155.45 1407.2 8841.2 1129.27 923.864 25207.2 3747.96 17125.1 10141.9 46060.7 43617.3 41991 40400.1 18198.9 3509.41 1648.89 2443.38 22201.2 4513.68 3859.47
internal_count=563485 532717 392276 140923 134917 129845 46227 83618 251353 210528 40825 6006 36730 5072 3864 140441 15388 97946 61515 206664 194534 187547 180985 82176 15338 7003 12130 98809 18801 16069
is_linear=0
shrinkage=0.05


Tree=36
num_leaves=31
num_cat=0
split_feature=10 10 20 5 10 43 33 43 5 33 33 34 33 33 32 19 33 28 32 32 29 32 33 33 33 43 33 9 43 33
split_gain=1232.23 497.5 287.765 281.608 236.303 198.135 279.199 236.167 237.368 232.471 471.709 242.247 262.48 296.696 240.663 188.026 175.379 162.607 139.182 138.409 148.929 132.092 127.302 130.854 135.501 269.162 120.034 125.713 117.321 138.715
threshold=0.0085739276768998906 0.019505578148947603 0.44601989866885999 -0.22499999999999939 0.034687237234987005 1.5000000000000002 -4830.4999999999991 2.5000000000000004 -0.11179427570677912 -4298.4999999999991 -4333.4999999999991 2.8593355435749763 -3626.4999999999995 -3218.4999999999995 1.5000000000000002 -0.44812935468115495 -3901.4999999999995 0.086656952711357607 4.5000000000000009 11.500000000000002 -0.15881186134635691 1.5000000000000002 -877.49999999999989 -2201.4999999999995 -2329.4999999999995 1.5000000000000002 -4916.4999999999991 0.050319293866239401 1.5000000000000002 -4699.4999999999991
decision_type=8 8 10 8 10 2 2 2 10 2 2 2 2 2 2 8 2 10 2 2 10 2 2 2 2 2 2 8 2 2
left_child=-1 2 -2 22 15 6 21 8 16 10 14 12 -11 -14 -9 18 -7 -13 -5 20 -15 -4 23 24 25 -3 -17 -28 -6 -30
right_child=1 3 5 4 28 7 -8 9 -10 11 -12 17 13 19 -16 26 -18 -19 -20 -21 -22 -23 -24 -25 -26 -27 27 -29 29 -31
leaf_value=-0.029582086552886445 -0.020119347252717901 0.036240831144389314 0.028653399219355426 -0.0084174392000378757 -0.006588415826678292 -0.015914066341445137 0.029799713882248054 0.06060831464337349 -0.014925465779972655 -0.014355475657042985 0.064828620837450238 -0.0077067981329788137 0.046665199151240094 0.10307185198004734 -0.0098295284697855374 -0.01190884739217973 0.0073438510784767279 0.0081927744366471142 -0.00026546825751105164 0.052179923458916859 -0.0036652960959513551 -0.026364887833403336 -0.046594202558549076 0.023940010799694555 -0.026141531985905408 0.0053346431919189894 0.003054836915224794 0.025548611631780373 0.04885637509969655 0.007800460668960541
leaf_weight=3418.8188937902451 2692.901304975152 854.47029429674149 143.47896286845207 7780.3329725861549 1434.9995300769806 1155.5186526477337 1024.3825783506036 142.25701683759689 7276.1323724910617 703.15630316734314 405.71787078678608 9681.7762350663543 721.90058203041553 33.766476154327393 821.79119542241096 1315.7184800356627 2714.9419150725007 1928.3732074275613 16010.96486081928 143.13153585791588 1016.1932810544968 455.22395251691341 90.422805309295654 2004.4194423854351 262.16396690905094 4013.0231620371342 31280.064315527678 633.73144671320915 208.44701372087002 15826.373189330101
leaf_count=37290 18030 3500 673 37859 6202 5583 4954 640 41045 3549 1788 51020 3473 144 4030 6630 13078 8851 73518 739 5102 2357 382 8427 1254 16740 137097 2703 844 66146
internal_value=-9.20345e-06 0.000887304 -0.00449917 0.00293475 0.00202065 -0.00301637 0.013946 -0.00404579 -0.00960388 -7.38997e-05 0.0195992 -0.00196784 0.0117708 0.021364 0.00056443 0.000461882 0.000400244 -0.00506598 -0.00293136 0.00605512 -0.000232653 -0.0131798 0.0123599 0.0131071 0.00887416 0.0107601 0.00289134 0.00350151 0.00710841 0.00833417
internal_weight=116195 112776 31060.6 81715.1 74490.6 28367.7 1623.09 26744.7 11146.6 15598.1 1369.77 14228.3 2618.15 1914.99 964.048 57020.8 3870.46 11610.1 23791.3 1193.09 1049.96 598.703 7224.5 7134.08 5129.66 4867.49 33229.5 31913.8 17469.8 16034.8
internal_count=563648 526358 165056 361302 330999 147026 7984 139042 59706 79336 6458 72878 13007 9458 4670 257807 18661 59871 111377 5985 5246 3030 30303 29921 21494 20240 146430 139800 73192 66990
is_linear=0
shrinkage=0.05


Tree=37
num_leaves=31
num_cat=0
split_feature=10 37 37 5 9 28 1 8 32 32 38 11 28 38 32 32 9 43 29 36 8 43 10 28 34 43 32 1 32 2
split_gain=1114.22 483.848 555.142 392.458 332.882 183.13 167.157 160.368 156.083 241.455 155.22 132.567 128.747 130.307 124.843 149.079 160.502 105.88 105.401 102.592 100.031 99.2024 124.003 93.6019 121.232 199.164 93.1847 91.4696 84.4868 82.4173
threshold=0.0076407061352090763 -0.058882117850807762 0.0072113382543590463 -0.070302160775618391 0.016484784244283391 -0.074258312440949034 -0.029277544108052386 1.0000000180025095e-35 2.5000000000000004 3.5000000000000004 0.23862719336333396 0.53449205492524554 -0.00030387251845332737 -0.062514668402595605 4.5000000000000009 5.5000000000000009 0.0066545554030762646 1.5000000000000002 -0.050484303382717276 0.25000000000000255 0.25435836582371091 1.5000000000000002 0.036823965340748936 0.0022174167284993609 3.0750027876182671 2.5000000000000004 1.5000000000000002 0.18421052631579019 9.5000000000000018 -0.0081081081081073574
decision_type=8 10 10 8 10 8 8 10 2 2 8 8 10 10 2 2 10 2 10 2 10 2 10 10 2 2 2 10 2 10
left_child=18 5 3 12 7 6 -2 -5 -8 21 11 -4 13 -3 26 16 -16 -18 -1 -13 -6 -10 -23 -21 25 -25 29 -7 -26 -14
right_child=1 2 10 4 20 27 8 -9 9 -11 -12 19 14 -15 15 -17 17 -19 -20 23 -22 22 -24 24 28 -27 -28 -29 -30 -31
leaf_value=-0.0065438923937498842 0.022634356517203316 0.0026340786530126298 0.018957234448759505 -0.028881080652709962 -0.0055082499578111392 0.0043464436628044886 0.041742166515432728 -0.0118728463601038 -0.049910248072028353 0.010183103908341814 0.011878624907528343 -0.0020348008810872516 -0.0062141525221342444 -0.0074258832443637145 0.15614020320456978 0.007226790948583423 0.067602382770945935 0.01733387025022606 -0.034905956542787352 -0.00088622113354922373 0.0029237104733100244 -0.021177873572741618 0.081727603850683145 -0.0098703375333335942 0.0050896863189521567 0.016424028536248133 -0.012128719469684595 0.062178081206888315 -0.0050590098383696304 0.025081343048136247
leaf_weight=378.37120689451694 3504.1846203133464 7347.651437163353 1185.395858950913 1601.9003799632192 15791.427295178175 10698.885808564723 264.22435627132654 10279.533013962209 272.59621952474117 1641.8118282854557 4986.3376691639423 11161.164969421923 429.1682263687253 5728.6017729267478 25.150338046252728 5046.8678806871176 131.04829536378384 522.03980400413275 2440.0025707483292 7768.9274666383862 4525.3298801481724 181.19480438530445 34.916028097271919 862.24108136445284 10248.561293564737 4370.1812257021666 1330.7681348323822 68.812930017709732 2563.7309682890773 412.65677254647017
leaf_count=3477 15009 34049 5410 12181 75525 46578 1191 58666 1317 7029 20395 49341 1965 29475 171 23393 535 2437 29686 36098 19590 822 144 3851 45396 18874 6593 290 11245 1911
internal_value=-4.51387e-05 0.00072947 -0.000631604 -0.00405099 -0.00751795 0.0085953 0.0156764 -0.014166 0.00549494 0.000999605 0.00358231 0.00249824 0.00127132 -0.00177311 0.00631201 0.0101846 0.0321939 0.0274207 -0.0310983 0.00197058 -0.00363013 -0.0298524 -0.00455191 0.0037024 0.00567797 0.012091 -0.00389279 0.00471603 0.00305894 0.00912668
internal_weight=115804 112985 96318.7 53172.1 32198.2 16666.6 5898.93 11881.4 2394.74 2130.52 43146.5 38160.2 20974 13076.3 7897.7 5725.11 678.238 653.088 2818.37 36974.8 20316.8 488.707 216.111 25813.6 18044.7 5232.42 2172.59 10767.7 12812.3 841.825
internal_count=562644 529481 457101 266491 165962 72380 25512 70847 10503 9312 190610 170215 100529 63524 37005 26536 3143 2972 33163 164805 95115 2283 966 115464 79366 22725 10469 46868 56641 3876
is_linear=0
shrinkage=0.05


Tree=38
num_leaves=31
num_cat=0
split_feature=10 13 0 2 33 33 33 33 33 33 43 3 33 32 32 32 43 32 3 33 43 32 33 33 33 12 33 33 43 32
split_gain=1059.56 455.35 332.9 278.257 280.031 362.13 428.145 422.248 335.606 529.425 295.305 289.004 275.622 269.442 417.411 321.464 200.8 214.533 210.839 199.927 188.288 220.856 183.218 665.832 356.473 255.93 199.901 353.189 323.279 206.619
threshold=0.0081165445628313022 0.025898056745371122 0.0014490129075266369 -0.092436974789915402 -2369.4999999999995 -2329.4999999999995 -2220.4999999999995 -2154.4999999999995 -2728.4999999999995 -2765.4999999999995 1.5000000000000002 0.0070485396682403731 -2744.4999999999995 8.5000000000000018 3.5000000000000004 5.5000000000000009 5.5000000000000009 11.500000000000002 -0.021651706330660988 -3218.4999999999995 1.5000000000000002 1.5000000000000002 -3641.4999999999995 -3466.4999999999995 -3533.4999999999995 2.242857142857146 -4551.4999999999991 -4852.9999999999991 1.5000000000000002 5.5000000000000009
decision_type=8 10 8 8 2 2 2 2 2 2 2 8 2 2 2 2 2 2 10 2 2 2 2 2 2 10 2 2 2 2
left_child=-1 2 19 -3 8 11 -7 -8 9 22 -10 -6 -11 14 20 -16 17 -15 -19 -2 21 -9 26 24 -24 -26 27 -5 -28 -29
right_child=1 3 -4 4 5 6 7 13 10 12 -12 -13 -14 16 15 -17 -18 18 -20 -21 -22 -23 23 -25 25 -27 28 29 -30 -31
leaf_value=-0.029499598984362885 -0.0026559009095180807 0.014611533180139802 0.0026819880353754263 -0.013593166213979175 0.05780621406663411 -0.031081572739524423 0.043985751264379355 0.081902375427041818 0.018845620852147027 0.07525927042485156 -0.013152272012883232 0.010909825597927593 0.016660422179906667 -0.0073441243711546249 0.027604067992457272 0.0085185179237707003 0.04018373953047405 0.034403319135866743 0.00038609246921263011 -0.012667764701365125 -0.0034411375940024769 8.8190273206673364e-07 0.0087117918947261282 -0.00032416622504013429 0.054867917491150164 0.0090636920724873147 0.038030159985170259 0.02584391287529 -0.0066341279791992426 0.0047971773949414698
leaf_weight=2998.3414257615805 8828.6484355181456 4524.0447506904602 10428.066767714918 2084.0825011283159 578.05703715980053 819.01538820564747 698.39584788680077 143.71042191982269 802.75219285488129 343.00840793550014 7084.9396138191223 761.03562450408936 483.56019127368927 7268.3387252092361 3337.6092061698437 6508.9869372993708 274.16591972112656 649.94628815352917 1522.5942844152451 11457.271456331015 6057.4054281413555 192.66352663934231 1582.8035807311535 12904.922726094723 1126.9795916378498 418.10626329481602 416.00235538184643 1575.6269239634275 15503.504715651274 4486.6581394523382
leaf_count=35154 45695 18833 53133 10479 2438 3805 2849 621 3479 1399 31672 3228 2024 31698 14366 27667 1128 2735 6478 67777 27456 906 7002 58277 4703 1764 1778 6536 69942 18601
internal_value=-0.000163679 0.000615666 -0.00457831 0.0025576 0.00185508 0.00576398 0.00452641 0.00562057 -0.000452149 0.00136796 -0.00989576 0.031154 0.0409777 0.00458826 0.00852841 0.0149878 -0.00199838 -0.00322337 0.0105628 -0.00831049 -0.00141919 0.034992 0.000551467 0.00469227 0.0253889 0.0424731 -0.00220716 0.00416313 -0.00546698 0.0102674
internal_weight=115861 112863 30714 82148.9 77624.9 28811.9 27472.8 26653.8 48812.9 40925.3 7887.69 1339.09 826.569 25955.4 16240.4 9846.6 9715.05 9440.88 2172.54 20285.9 6393.78 336.374 40098.7 16032.8 3127.89 1545.09 24065.9 8146.37 15919.5 6062.29
internal_count=563623 528469 166605 361864 343031 125375 119709 115904 217656 182505 35151 5666 3423 113055 71016 42033 42039 40911 9213 113472 28983 1527 179082 71746 13469 6467 107336 35616 71720 25137
is_linear=0
shrinkage=0.05


Tree=39
num_leaves=31
num_cat=0
split_feature=12 37 0 10 32 32 28 8 1 28 34 28 13 32 28 43 32 28 34 10 12 0 9 10 9 32 43 12 32 28
split_gain=1015.91 445.993 532.694 351.699 200.01 238.448 198.895 165.516 161.565 161.369 158.102 153.365 145.485 141.291 131.157 128.791 125.505 122.553 112.566 117.337 111.429 108.152 105.105 103.574 97.526 96.0537 89.9026 128.827 87.5206 86.821
threshold=1.0000000180025095e-35 -0.06006877173183716 0.0056179775280899022 0.015695136013742689 4.5000000000000009 1.5000000000000002 0.0032749838622465359 0.0045265943823101793 -0.040627562664500509 -0.14182924113010537 3.1700677874993217 0.0022174167284993609 0.0098360867211418641 8.5000000000000018 -0.19187491721023683 1.5000000000000002 3.5000000000000004 0.10204908257943837 2.8931418480839728 0.0099025430425271014 0.52142857142857213 0.084090909090909119 0.0066545554030762646 0.020928460671655203 0.02982651248697081 8.5000000000000018 4.5000000000000009 0.72857142857142865 8.5000000000000018 -0.033334019951626472
decision_type=8 10 10 10 2 2 10 10 8 8 2 10 10 2 10 2 2 10 2 8 10 10 10 10 10 2 2 10 2 10
left_child=7 8 3 16 5 15 12 -1 9 -2 -8 23 -6 -12 -10 -5 26 18 -18 -20 -13 -22 -16 -4 29 -9 -3 -28 -19 -7
right_child=1 2 11 4 6 24 10 25 14 -11 13 20 -14 -15 22 -17 17 28 19 -21 21 -23 -24 -25 -26 -27 27 -29 -30 -31
leaf_value=-0.038650496950071583 0.036681986578494384 -0.02160511976111304 -0.0054340706619789925 0.029629699349354693 -0.02462981012578204 -0.0058524556585171717 0.0099851179571662976 0.0018281139823725385 -0.017904797440048272 0.011377574075410825 0.0055370909791022382 0.016068459300387992 -0.0027106126945137714 -0.0048273488436333918 0.029472328936639987 0.0004060217081198135 0.004198243118482296 0.030673904233741119 -0.024907841667000323 -0.008790227220854584 0.0044630090487974118 0.019557260892702003 0.0041479333349856706 0.0035627258521425602 -0.0022810969433549942 -0.055549401010305213 0.10809040914325051 -0.0051385419170424523 -0.010708670898485701 -0.016778412396720704
leaf_weight=1928.5251487269998 696.216199696064 3006.7173682227731 5099.4929253906012 410.36457635462284 802.10465484857559 2735.9432520270348 6789.7535914704204 454.89959752559662 647.22601723670959 6628.200469315052 6894.0681104138494 2927.5694032981992 13469.470129907131 6286.8129804357886 432.1205638051033 4638.7900337576866 1260.7480711564422 336.62709494680166 1412.7312037199736 5626.5618391185999 16569.79827927798 1278.2827711552382 7903.0830960720778 8583.8032316118479 2788.1060085073113 86.869959309697151 31.126780092716217 130.18723565340042 205.92404609918594 5420.5045384764671
leaf_count=27061 2962 19298 26504 1749 5388 13967 29644 2682 3248 28230 30067 13220 62172 27817 2164 21007 7557 1712 11446 31988 72639 5205 34404 37784 12289 954 174 719 1059 27507
internal_value=-7.10916e-05 0.000622256 -0.000667568 -0.00342863 -0.00159094 -0.00620725 0.00056523 -0.0317907 0.00827138 0.0137829 0.00378661 0.00432001 -0.00394254 0.000593621 0.00377722 0.00278114 -0.011115 -0.00805572 -0.00956067 -0.0120249 0.00702709 0.00554406 0.00546082 0.000209798 -0.010354 -0.00737208 -0.0196541 0.0167099 0.0149672 -0.0131135
internal_weight=115483 113012 96705.5 62246.5 50235.9 15993.7 34242.2 2470.29 16306.8 7324.42 19970.6 34458.9 14271.6 13180.9 8982.43 5049.15 12010.6 8842.59 8300.04 7039.29 20775.7 17848.1 8335.2 13683.3 10944.6 541.77 3168.03 161.314 542.551 8156.45
internal_count=562617 531920 460912 305560 231607 76519 155088 30697 71008 31192 87528 155352 67560 57884 39816 22756 73953 53762 50991 43434 91064 77844 36568 64288 53763 3636 20191 893 2771 41474
is_linear=0
shrinkage=0.05


Tree=40
num_leaves=31
num_cat=0
split_feature=10 5 7 10 0 20 33 33 32 33 33 33 5 33 33 32 33 43 32 33 33 33 33 43 33 1 3 33 5 32
split_gain=937.187 404.613 373.874 363.739 232.931 225.952 174.141 588.892 289.258 288.598 173.782 168.656 167.023 174.747 328.668 162.888 155.712 235.774 387.848 232.398 170.766 154.377 151.499 167.922 378.852 175.462 165.45 171.837 146.675 136.173
threshold=0.0076407061352090763 -0.18732782369145987 -0.018356647901981046 0.020535168367619181 -0.049735692484020703 0.43247813737365137 -4298.4999999999991 -4333.4999999999991 1.5000000000000002 -3901.4999999999995 -4852.9999999999991 -4896.4999999999991 -0.06451612903226249 -3451.4999999999995 -3533.4999999999995 3.5000000000000004 -4678.4999999999991 1.5000000000000002 6.5000000000000009 -4658.4999999999991 -4615.4999999999991 -877.49999999999989 -2201.4999999999995 1.5000000000000002 -2315.4999999999995 -0.12403100775193669 -0.041827383520092014 -1632.4999999999998 -0.028148424653967826 4.5000000000000009
decision_type=8 8 10 8 10 10 2 2 2 2 2 2 10 2 2 2 2 2 2 2 2 2 2 2 2 10 10 2 8 2
left_child=-1 21 3 5 -5 -3 7 8 -7 -8 11 28 -11 14 -14 -10 17 18 -12 -18 -21 22 23 24 29 -26 -24 -28 -6 -2
right_child=1 2 -4 4 10 6 9 -9 15 12 16 -13 13 -15 -16 -17 19 -19 -20 20 -22 -23 26 -25 25 -27 27 -29 -30 -31
leaf_value=-0.02950741808599941 0.017377223581080063 -0.019856101009462196 0.0086002227746196092 0.016215923860960324 0.030244165289669625 0.049221024074156357 -0.022330971503860014 0.062340463925497483 -0.02697613249704895 0.0015026960316339342 0.016649519756688023 -0.045335594017114532 -0.0043820013853944038 -0.01040622505756446 0.041435153571341234 0.0011727735031808234 -0.038854394985773852 0.033003132974194563 -0.031867811931228049 0.024313675225684693 8.8684069623743111e-05 -0.043491186985433111 0.030591986797509255 0.0030859306332076094 0.056660082154742601 -0.054197970997565549 0.020664562846613679 -0.0092926508467089022 -0.011964506688498364 0.049119328348006037
leaf_weight=2629.2071383148432 780.76888893544674 2658.6667467802763 10369.772469848394 2359.6185375005007 229.98276418447495 251.21235564351082 2439.5598589852452 410.29923774302006 727.26495815813541 8067.4553483948112 1397.6452562510967 340.95795410871506 2145.6841957867146 10816.799207337201 478.75269225239754 1752.0250856876373 379.13984207808971 917.91380594670773 584.0456634759903 738.02217304706573 50878.579611390829 138.53053803741932 1553.3801264166832 7617.5469837337732 42.980789721012115 210.51895658671856 1213.939963772893 790.34628368914127 1959.271227657795 595.64342698454857
leaf_count=33244 3228 18546 45352 9899 974 1154 12991 1780 4005 41551 5726 1834 11513 60027 2321 8630 1595 3770 2420 3063 227531 599 6514 32615 191 1035 5118 3606 10065 2445
internal_value=2.59267e-06 0.000690147 -0.000387525 -0.00142849 0.000819544 -0.00594646 -0.0045813 0.0064885 -0.0019041 -0.00603309 0.000186906 -0.0126249 -0.00418456 -0.00759805 0.00397601 -0.00708431 0.000777421 0.012054 0.00235045 0.000148568 0.000435057 0.00900791 0.00957586 0.00620257 0.0207685 -0.035402 0.0183441 0.00885159 -0.00753045 0.0311136
internal_weight=115476 112846 99902.7 89532.9 59785.2 29747.7 27089.1 3140.8 2730.5 23948.3 57425.6 2530.21 21508.7 13441.2 2624.44 2479.29 54895.3 2899.6 1981.69 51995.7 51616.6 12943.7 12805.1 9247.46 1629.91 253.5 3557.67 2004.29 2189.25 1376.41
internal_count=563342 530098 474747 429395 266877 162518 143972 15569 13789 128403 256978 12873 115412 73861 13834 12635 244105 11916 8146 232189 230594 55351 54752 39514 6899 1226 15238 8724 11039 5673
is_linear=0
shrinkage=0.05


Tree=41
num_leaves=31
num_cat=0
split_feature=12 5 38 10 0 0 8 32 32 43 32 28 34 28 5 43 32 28 32 43 43 19 8 7 26 32 12 32 28 11
split_gain=921.465 417.845 441.605 333.67 186.281 154.644 151.01 149.028 239.069 220.182 268.025 222.09 199.154 142.603 144.933 157.402 136.461 136.226 137.677 130.891 125.76 147.846 158.715 108.917 104.521 102.75 101.542 138.926 151.498 101.096
threshold=1.0000000180025095e-35 -0.16435790300471456 0.064867861888341052 0.01624923837800266 0.084090909090909119 -0.041836836753405431 0.0045265943823101793 6.5000000000000009 1.5000000000000002 1.0000000180025095e-35 8.5000000000000018 -0.056140806362835589 3.553917445348898 0.10458974974324325 -0.068870523415976923 3.5000000000000004 11.500000000000002 -0.011574452587635878 10.500000000000002 1.5000000000000002 1.5000000000000002 -0.86544208793876165 0.096556127011906981 -0.15189873417721514 0.59825318258098437 9.5000000000000018 2.2714285714285745 4.5000000000000009 0.0032749838622465359 0.38366552931168324
decision_type=8 8 8 10 8 10 10 2 2 2 2 10 2 10 8 2 2 10 2 2 2 10 10 10 10 2 10 2 10 10
left_child=6 20 3 13 -4 -5 -1 8 19 -9 11 23 17 14 -3 -16 -17 -12 25 -7 21 22 -2 -11 -13 -19 27 -10 -29 -22
right_child=1 2 4 5 -6 7 -8 9 26 10 12 24 -14 -15 15 16 -18 18 -20 -21 29 -23 -24 -25 -26 -27 -28 28 -30 -31
leaf_value=-0.037739858521531632 0.012594727251227122 -0.0025067411492509795 0.0037372413011748798 0.012391765264708653 0.021543759260656201 0.037835607079448684 -0.0076354295150694558 -0.033668848496178065 -0.012608123958087223 0.04386699812326067 -0.0033798182906161728 0.01108186747874473 -0.0068663787303289998 0.01250137089181582 -0.019607881613447592 -0.0099289632939197556 0.017734833370996246 0.0078848148934838706 0.016912716554273725 0.0039007970258443832 0.033492014422290155 0.025387962625538576 -0.050271509336077186 0.01020368867232968 -0.0010281218220290025 -0.013571423516897175 -0.0011273073429058464 -0.010474868841067131 0.0063579657617024062 0.005484660780946251
leaf_weight=1838.4910252690315 345.6263867020607 4336.5528545603156 24818.221696868539 2092.9410042613745 1561.1517062336206 304.94094307720661 538.60424353927374 447.9684848934412 9051.0936733335257 628.23442436754704 3978.5030428022146 4300.3619116917253 9255.2738041430712 723.32904953509569 5183.1133908033371 5097.0733862668276 488.50792933255434 1616.4945246651769 2634.4554789438844 4169.0930729433894 329.82575859129429 1797.5549948588014 141.50008451938629 389.10355680435896 3042.3462212085724 852.09609831869602 6084.162483908236 2803.7958912700415 2554.5873625800014 13943.536520265043
leaf_count=27191 1460 24307 106656 8860 6444 1322 3654 1897 45054 2685 18529 19762 42504 3743 34360 31068 2891 7338 11642 19144 1608 7565 696 1808 13487 3983 28873 13509 11369 60165
internal_value=-0.000110705 0.000537545 -0.000722626 -0.00279943 0.00479104 -0.000934456 -0.0309188 -0.00146966 -0.00425763 0.00109469 0.00167802 0.0090977 -0.00170474 -0.0091861 -0.0102246 -0.0133326 -0.00750952 0.00355565 0.00896276 0.00621372 0.00787521 0.0187667 -0.0056666 0.0309917 0.00606427 0.000478655 -0.00654366 -0.00883063 -0.00244988 0.00613185
internal_weight=115349 112971 96413.4 70034 26379.4 54205.5 2377.1 52112.5 24967.7 27144.8 26696.9 8360.05 18336.8 15828.6 15105.2 10768.7 5585.58 9081.55 5103.05 4474.03 16558 2284.68 487.126 1017.34 7342.71 2468.59 20493.6 14409.5 5358.38 14273.4
internal_count=563574 532729 461235 348135 113100 251766 30845 242906 119271 123635 121738 37742 83996 96369 92626 68319 33959 41492 22963 20466 71494 9721 2156 4493 33249 11321 98805 69932 24878 61773
is_linear=0
shrinkage=0.05


Tree=42
num_leaves=31
num_cat=0
split_feature=13 3 1 25 32 34 1 4 28 32 32 9 28 28 11 13 6 19 11 32 28 5 32 34 34 32 11 34 32 11
split_gain=792.529 375.171 379.085 291.976 247.437 198.259 191.114 188.359 179.887 205.301 174.917 155.224 169.662 153.187 142.178 122.27 112.273 109.054 109.678 126.924 105.055 104.644 100.552 98.4421 97.6341 91.9602 82.4877 80.4223 80.3218 89.3458
threshold=0.0002235970503686912 -0.061919504643963834 0.015150954143177133 0.27851903939615125 4.5000000000000009 5.1146949189038038 -0.040627562664500509 -1.0000000180025095e-35 0.00054739380446822345 5.5000000000000009 1.5000000000000002 0.02982651248697081 -0.043671657906574415 -0.14182924113010537 0.44334463581169525 0.010533444190592411 85.8704168029915 -0.33992168415508955 1.0990195075081912 10.500000000000002 0.086656952711357607 -0.025447690857681223 3.5000000000000004 4.5480704538255772 1.4230357494997927 2.5000000000000004 0.55845604909954172 2.1162555262926044 7.5000000000000009 0.7615180593309816
decision_type=8 8 10 10 2 2 10 8 10 2 2 8 10 8 8 10 10 10 8 2 8 10 2 2 2 2 8 2 2 10
left_child=3 6 4 7 10 8 13 28 15 14 26 12 -12 -2 -10 -6 -4 18 19 -8 -7 -9 25 -14 -5 -20 -3 -11 29 -1
right_child=1 2 16 24 5 20 17 21 9 27 11 -13 23 -15 -16 -17 -18 -19 22 -21 -22 -23 -24 -25 -26 -27 -28 -29 -30 -31
leaf_value=0.023245757019245496 0.036371821688582689 0.016933099929187241 0.0031546000353894891 0.1228311697500615 -0.024709624638050581 -0.01237519161861452 0.0013971601760832343 0.076119783647476555 0.1354813889449103 0.018814653971334121 -0.0032955367147269815 0.0001000535845482336 -0.020637514711890608 0.011063460066849357 0.018296531136851035 -0.0024638570814556988 0.017023439431156442 0.010698094096925039 -0.0059698103793990147 0.022399000085034249 0.0057140012192451886 -0.012152254163397566 -0.0013063498867764327 -0.0078125999199384257 -0.03188458869017656 -0.036291245109516611 -0.0024282098142317105 0.0015439678786715236 -0.036965371575082 -0.016861014297818212
leaf_weight=243.16925841197371 655.37204317748547 614.84062521904707 29985.888773366809 10.235728040337561 644.68102588504553 4792.5788568481803 4399.4011105820537 114.47847381979227 26.272665672004223 701.22595681995153 2989.6734690964222 2643.8570536524057 5763.9973868429661 6819.0757014676929 1748.9941769465804 14749.363473199308 1533.9196723401546 3447.0964757874608 544.24624448269606 860.03440962731838 964.09817907959223 47.507727801799774 2615.8146301060915 2020.8755787685513 2694.7466818392277 462.60479164123535 5226.3616052791476 17398.269968017936 193.51087247207761 323.71772823110223
leaf_count=1986 2815 3053 132584 59 4126 25838 19930 504 159 3091 15940 11667 31173 29064 7879 71533 6517 15113 2589 3679 4479 429 11580 11628 34277 2266 25182 80153 1869 2582
internal_value=-1.50288e-05 0.000732505 -0.000613901 -0.0230155 -0.00293713 -0.000742336 0.00697411 0.00127712 0.000661931 0.00380461 -0.00761233 -0.0107562 -0.0134201 0.0132825 0.0200308 -0.00339548 0.00382953 0.0031497 0.000220202 0.00483143 -0.00934571 0.0502311 -0.00647444 -0.0173083 -0.0312991 -0.0199012 -0.000390253 0.00221308 -0.00915147 0.000343004
internal_weight=115236 111609 91804.9 3627.37 60285.1 41025.5 19803.6 922.384 35268.8 19874.8 19259.6 13418.4 10774.5 7474.45 1775.27 15394 31519.8 12329.2 8882.1 5259.44 5756.68 161.986 3622.67 7784.87 2704.98 1006.85 5841.2 18099.5 760.398 566.887
internal_count=563744 522038 435002 41706 295901 197258 87036 7370 166941 91282 98643 70408 58741 31879 8038 75659 139101 55157 40044 23609 30317 933 16435 42801 34336 4855 28235 83244 6437 4568
is_linear=0
shrinkage=0.05


Tree=43
num_leaves=31
num_cat=0
split_feature=10 37 37 33 28 7 1 6 33 33 33 28 32 33 33 33 33 33 33 32 11 33 33 33 33 33 12 28 43 12
split_gain=780.113 356.13 434.117 244.25 324.551 237.614 167.146 166.158 159.036 494.686 390.258 142.024 139.499 163.327 371.488 182.028 287.306 137.141 163.845 136.132 133.042 128.787 336.543 273.204 457.254 263.64 182.56 180.799 163.875 163.444
threshold=0.0071627140462959009 -0.049348253531603818 0.0046885465505190913 -1696.4999999999998 -0.074258312440949034 -0.14210340731942686 -0.042170178134916352 18.604399835286909 -1773.9999999999998 -1921.4999999999998 -1452.4999999999998 0.28054648692423673 11.500000000000002 -1906.4999999999998 -1773.9999999999998 -2126.4999999999995 -2185.4999999999995 -4852.9999999999991 -2698.4999999999995 1.5000000000000002 0.53449205492524554 -4298.4999999999991 -4314.4999999999991 -3641.4999999999995 -3466.4999999999995 -3501.4999999999995 1.7214285714285726 0.10685593826256747 6.5000000000000009 0.99285714285714344
decision_type=8 10 10 2 10 8 8 10 2 2 2 10 2 2 2 2 2 2 2 2 8 2 2 2 2 2 10 10 2 10
left_child=-1 3 5 6 -5 -3 -2 -7 9 20 -10 -11 13 15 -15 16 -9 -8 -19 -16 -4 22 -22 27 25 -25 -24 28 -23 -27
right_child=1 2 8 4 -6 7 17 12 10 11 -12 -13 -14 14 19 -17 -18 18 -20 -21 21 23 26 24 -26 29 -28 -29 -30 -31
leaf_value=-0.029109161078426923 0.01032378551239641 -2.3194603440162763e-05 0.019196538544239104 0.047531497653366464 0.010480133593269018 -0.026401237589250184 -0.017093545143924659 -0.0094528798577665652 -0.014228463284131326 0.025818259651637601 0.0069172744488191946 -0.016800661983477495 0.0058324195942836381 0.032942160671990732 0.021393523869282831 -0.028481612326367423 0.042193477734731658 0.0069537503270952986 -0.0065969691046304443 -0.0075810789964540493 0.005660247579655245 -0.0083476961869317461 0.09697944888062586 0.012461233759377013 8.9135005805966771e-05 0.069821086252246214 0.016560653592825013 -0.03351797916904406 0.024869246028532146 0.023379410434689961
leaf_weight=2249.0675913617015 6726.3441769108176 20202.359426051378 1141.954747185111 762.24569095671177 2631.3896465450525 1083.9736698046327 1028.0405114293098 15701.21000508219 4215.2722623497248 2983.9308529272676 4523.4223941937089 209.18051868677139 2130.6418589055538 733.51779669523239 443.54903166741133 1236.2639288529754 273.97964887320995 6241.439191326499 3471.4636833667755 4711.1868153512478 6295.2836656570435 5136.8064037933946 158.3862471729517 1899.5497592687607 16748.324377521873 391.20424424111843 127.28669673204422 666.12724016606808 400.23678360134363 367.34593445062637
leaf_count=31091 28866 95093 5157 3294 11556 10230 5425 82938 19116 12476 20233 855 10809 3297 2336 6708 1177 27667 15253 25647 27250 23693 660 8523 75095 1634 530 2807 1675 1547
internal_value=4.86194e-05 0.000630799 -0.000709541 0.00652784 0.0188023 -0.00410166 0.0041431 -0.00723282 0.00277643 0.00422608 -0.00328277 0.0230263 -0.00640929 -0.00753843 -0.000350383 -0.00999755 -0.00856713 0.000272547 0.00211062 -0.0050879 0.0024251 0.00183014 0.00806889 0.000226949 0.0031467 0.022412 0.0611474 -0.0089074 -0.00594666 0.0473306
internal_weight=114891 112642 91781 20860.9 3393.64 46516.7 17467.3 26314.3 45264.3 36525.6 8738.69 3193.11 25230.3 23099.7 5888.25 17211.5 15975.2 10740.9 9712.9 5154.74 33332.5 32190.6 6580.96 25609.6 19406.4 2658.1 285.673 6203.17 5537.04 758.55
internal_count=562638 531547 439486 92061 14850 238235 77211 143142 201251 161902 39349 13331 132912 122103 31280 90823 84115 48345 42920 27983 148571 143414 28440 114974 86799 11704 1190 28175 25368 3181
is_linear=0
shrinkage=0.05


Tree=44
num_leaves=31
num_cat=0
split_feature=12 5 38 7 43 32 34 25 7 32 2 10 5 34 28 43 20 35 38 2 7 36 12 25 34 25 4 32 11 34
split_gain=738.257 349.353 333.75 316.35 220.636 235.139 175.99 153.305 136.915 181.076 123.403 122.888 118.273 116.747 115.393 105.583 102.788 99.1685 97.7541 96.6799 95.1016 83.578 80.1241 78.8707 74.3819 103.787 73.6808 71.4515 69.3766 69.1323
threshold=1.0000000180025095e-35 -0.18732782369145987 0.026524338345709556 -0.14210340731942686 2.5000000000000004 10.500000000000002 2.8707317708119455 0.27851903939615125 -0.06060606060606049 1.5000000000000002 0.21432996990617773 0.02820646129797864 -0.089285714285714565 7.1092665293338628 0.025882626568856721 2.5000000000000004 1.3177982887854671 -0.0022067563229405947 -0.16971745511099082 -0.09591603704854855 -0.017178322909824736 0.50000000000000488 0.14285714285714304 0.08978960005054655 2.998226044309511 0.70122704004817837 -1.0000000180025095e-35 9.5000000000000018 0.4077919471026637 4.1295504943422836
decision_type=8 8 8 8 2 2 2 10 8 2 10 10 10 2 10 2 10 10 10 8 10 2 10 10 2 10 10 2 10 2
left_child=7 18 3 11 8 13 -7 26 9 16 19 12 -3 14 -6 17 -5 -13 23 -4 -21 28 -16 -2 25 -22 -1 -24 -20 -28
right_child=1 2 10 4 5 6 -8 -9 -10 -11 -12 15 -14 -15 22 -17 -18 -19 21 20 24 -23 27 -25 -26 -27 29 -29 -30 -31
leaf_value=-0.012564404725704885 0.010075050366615096 0.0015491529678704635 0.017966736267080251 0.0052625230142751131 -0.007950076377909147 0.037666612388870063 0.0047960637155117156 -0.033827489224055894 -0.021436328927792195 -0.010317603172655045 0.017899572464268803 0.011055582628702206 -0.0070086842513926544 -0.034189804705380182 0.062189386005864739 0.0094708947339092811 0.050848789734345617 -0.0029043487548352427 0.028308649276174692 0.00068268700816910674 0.0373376333438179 0.013940795575501567 0.0016395398866512216 0.027642806212371415 0.0043617428886343909 0.008972118091814963 0.078620657996359367 -0.02400592401969923 0.0024515800097052506 -0.0059306566746526214
leaf_weight=204.51726876571774 1717.6576837822795 9818.3589948192239 990.23010824620724 486.34380048513412 9003.566664122045 511.81114983558655 1992.3526809960604 1922.8788044862449 2612.8275746554136 10263.090425252914 1357.2233615964651 1666.1900170966983 6856.9611490890384 335.2050047814846 52.972711496055126 5881.9128219485283 165.81587214767933 5379.7138691544533 268.8948465436697 27545.115855284035 425.82783952355385 2473.0320661813021 5743.7108758315444 1017.2551141530275 7113.0692185387015 1328.7287965118885 53.270800113677979 285.08065260946751 7357.9458779990673 44.264053843915462
leaf_count=2178 7206 46082 4139 2710 49419 2451 10209 27945 17790 56252 5550 7094 33947 2298 389 24789 925 23548 1232 121832 1861 10455 28408 4277 31086 5674 268 1403 31739 370
internal_value=-0.000104413 0.000458901 -0.000539556 -0.00284317 -0.00633481 -0.00269674 0.0115143 -0.0286257 -0.0111552 -0.00869422 0.00308915 0.00086663 -0.00196987 -0.00500449 -0.00435597 0.00452537 0.0168531 0.000396846 0.0082239 0.00255173 0.00213252 0.00595321 0.000964812 0.0166094 0.00663608 0.0158564 0.0044894 0.000426855 0.00336321 0.0402489
internal_weight=114876 112651 99816.1 61055.9 31452.8 17924.7 2504.16 2224.93 13528.1 10915.3 38760.2 29603.1 16675.3 15420.5 15085.3 12927.8 652.16 7045.9 12834.8 37403 36412.7 10099.9 6081.76 2734.91 8867.63 1754.56 302.052 6028.79 7626.84 97.5349
internal_count=563526 532765 477856 307714 172254 94577 12660 30761 77677 59887 170142 135460 80029 81917 79619 55431 3635 30642 54909 164592 160453 43426 30200 11483 38621 7535 2816 29811 32971 638
is_linear=0
shrinkage=0.05


Tree=45
num_leaves=31
num_cat=0
split_feature=12 3 19 32 33 33 33 33 32 13 33 33 33 32 33 43 33 32 33 33 28 43 1 33 33 33 33 34 10 33
split_gain=684.614 311.482 369.543 208.506 197.821 450.455 325.586 392.265 460.999 189.182 176.985 430.949 248.969 240.005 217.204 209.895 191.601 195.893 187.523 174.737 324.105 220.75 188.677 172.701 163.823 358.442 211.925 155.179 154.862 151.848
threshold=1.0000000180025095e-35 -0.066350710900474938 -0.24630717906663044 4.5000000000000009 -1760.4999999999998 -2054.4999999999995 -2584.4999999999995 -2765.4999999999995 11.500000000000002 0.016851349942340308 -2369.4999999999995 -1773.9999999999998 -2584.4999999999995 3.5000000000000004 -2329.4999999999995 3.5000000000000004 -1452.4999999999998 8.5000000000000018 -1135.4999999999998 -1696.4999999999998 -0.074258312440949034 1.5000000000000002 -0.046383295325356226 -2154.4999999999995 -2154.4999999999995 -2054.4999999999995 -2185.4999999999995 3.9308442781404018 0.02377350363682524 -1492.4999999999998
decision_type=8 8 8 2 2 2 2 2 2 10 2 2 2 2 2 2 2 2 2 2 10 2 10 2 2 2 2 2 8 2
left_child=23 19 3 -3 5 6 7 -5 -9 -6 12 13 -4 14 -12 -14 -13 18 -18 22 -21 -22 -2 -1 26 -26 -15 -20 -8 -23
right_child=1 2 10 4 9 -7 28 8 -10 -11 11 16 15 24 -16 -17 17 -19 27 20 21 29 -24 -25 25 -27 -28 -29 -30 -31
leaf_value=0.0020075814634638932 0.011863413338400791 -0.0088921666068683194 0.0014375077634582907 -0.00021662071397036541 -0.027598500109995917 0.02221564920953081 -0.02498059927862082 0.010786025353805857 0.095931653070031583 -0.0053701016026703411 0.018883892774877568 -0.0085351649697716411 -0.0039459972510910452 0.0031240759941142259 -0.014185539308295567 -0.033511169728071957 0.021463213647474562 -0.0076834895012016504 0.013214674406313645 0.048032282293110726 0.073707338789775576 0.02337513114378182 7.7175745253762387e-06 -0.034549113026983519 -0.004476391548731723 0.025446698986672824 0.053178180152655491 -0.019371542802908814 -0.0059656593058617776 -0.0021024050922656243
leaf_weight=395.16330877691507 5128.2222063392401 14354.806202664971 28710.178427457809 17239.544245809317 1168.1745779067278 2166.1900535598397 1825.6993262916803 522.27456223219633 228.52987054735422 5300.0971299111843 883.49025228619576 4287.7629861682653 1642.2726470157504 299.14520497620106 1133.7019614651799 946.18489436805248 2203.9811804369092 1859.1955237612128 804.95114520937204 662.28332956135273 126.43235160410404 862.44800242036581 9710.1010369956493 1770.9617981463671 1432.4465674981475 3321.200211904943 721.49978210031986 668.97954897582531 2589.5080438107252 1816.9097263664007
leaf_count=2212 21770 75926 131651 83079 9767 9488 10014 2503 1004 24915 3718 19768 7573 1308 5306 4334 10769 9124 3778 2894 540 3772 43223 28575 6153 14154 2975 3238 11853 8268
internal_value=-3.72589e-05 0.000498287 -0.000660249 -0.00390919 -0.00160476 0.0004432 -0.00166178 0.00132416 0.0367027 -0.00938457 0.00235488 0.00636376 9.85007e-05 0.0151455 0.000298217 -0.0147533 -0.000600451 0.00554394 0.0122305 0.00646676 0.0165711 0.009145 0.00410512 -0.0278801 0.0203322 0.0164298 0.0385076 -0.00157538 -0.0138284 0.00609846
internal_weight=114782 112616 94309.8 45394.8 31040 24571.7 22405.6 17990.3 750.804 6468.27 48915 17616.4 31298.6 7791.48 2017.19 2588.46 9824.87 5537.11 3677.91 18306.4 3468.07 2805.79 14838.3 2166.13 5774.29 4753.65 1020.64 1473.93 4415.21 2679.36
internal_count=563652 532865 452398 228549 152623 117941 108453 86586 3507 34682 223849 80291 143558 33614 9024 11907 46677 26909 17785 80467 15474 12580 64993 30787 24590 20307 4283 7016 21867 12040
is_linear=0
shrinkage=0.05


Tree=46
num_leaves=31
num_cat=0
split_feature=12 10 5 38 33 33 12 33 33 33 33 33 28 32 33 33 32 33 33 32 33 28 33 19 13 33 12 32 33 33
split_gain=661.591 303.35 326.863 402.089 207.268 324.812 228.331 185.203 182.998 181.542 153.363 184.835 293.579 188.164 174.167 328.661 410.267 262.421 236.018 389.067 184.22 152.781 165.645 147.945 138.143 135.732 135.241 133.996 204.255 130.674
threshold=1.0000000180025095e-35 0.033110875875693987 -0.076408379893453601 0.015503875968942983 -2369.4999999999995 -2329.4999999999995 0.79906068703787836 -2527.4999999999995 -2460.4999999999995 -2959.4999999999995 -3010.4999999999995 -3041.4999999999995 -0.022563768382762407 4.5000000000000009 -4377.4999999999991 -4454.4999999999991 5.5000000000000009 -4658.4999999999991 -4069.4999999999995 10.500000000000002 -4333.4999999999991 -0.074258312440949034 -1683.4999999999998 -0.20503037248653061 0.012654390086092822 -2040.4999999999998 1.4214285714285733 3.5000000000000004 -2744.4999999999995 -1606.4999999999998
decision_type=8 10 10 10 2 2 10 2 2 2 2 2 10 2 2 2 2 2 2 2 2 10 2 8 10 2 8 2 2 2
left_child=25 2 4 24 7 -6 23 9 -9 10 11 13 -13 -2 15 16 -15 -18 19 20 -16 22 -8 -7 -4 -1 -12 28 -11 -23
right_child=1 -3 3 -5 5 6 21 8 -10 27 26 12 -14 14 18 -17 17 -19 -20 -21 -22 29 -24 -25 -26 -27 -28 -29 -30 -31
leaf_value=-0.002774532056532642 -0.0074917650447075103 0.0055620126693773008 -0.018391206886066019 0.0010956241174423088 0.058176885449017363 0.0078607770069248073 -0.0035236280430035031 -0.032601526981040053 -0.0016701811378678204 0.10661878996409901 -0.03695531714467469 0.054775134232268256 -0.031116828646681995 0.054016879290617485 0.01895053672737651 -0.025998814802496217 -0.0084961862638076781 0.034899763604266082 0.0038670737131913909 -0.020398838675987834 0.060640727945567852 0.0082542016896250767 0.036054906187349071 0.030965773116732556 -0.0062510685832887387 -0.034179118734439157 0.014402386075200758 0.014594091530183293 -0.028170707497153731 -0.0078714693466875926
leaf_weight=432.40271715074778 5762.8026890829206 23095.071434609592 2575.5828846506774 27877.429263480008 329.07609507441521 1368.5523702651262 456.56086642295122 794.35563296824694 1201.3523527160287 30.643363773822784 496.82414598762989 356.56924268603325 137.98397528380156 370.36781033873558 484.0124274045229 1219.3423852324486 2341.1458019465208 409.2706900537014 4914.0807507410645 329.03983981907368 585.53493957221508 2133.53316988796 627.97679919749498 1403.2151244282722 25978.434648707509 1684.0443277545273 172.75794349610806 3576.8222940266132 339.44254685938358 3055.4919525906444
leaf_count=2669 27530 96666 21477 126549 1378 7425 2018 3737 5360 132 2363 1746 665 1516 2201 5648 11542 1744 22598 1467 2460 9445 2771 6514 134369 28171 836 16181 1617 14317
internal_value=-6.73469e-05 0.000454043 -0.000866581 -0.00317585 0.00309477 0.00938155 0.00760634 0.000589283 -0.0139818 0.00194015 -0.000235515 0.000693777 0.0308106 -0.000213555 0.00372371 -0.00398668 0.00461383 -0.00203873 0.00902481 0.0271471 0.0417743 0.002326 0.0193934 0.0195577 -0.00734611 -0.027763 -0.0237046 0.0116307 -0.01701 -0.0012412
internal_weight=114540 112423 89328.2 56431.4 32896.8 9374.41 9045.33 23522.3 1995.71 21526.6 17579.7 16910.2 494.553 16415.6 10652.8 4340.13 3120.78 2750.42 6312.67 1398.59 1069.55 6273.56 1084.54 2771.77 28554 2116.45 669.582 3946.91 370.086 5189.03
internal_count=563112 532272 435606 282395 153211 43868 42490 109343 9097 100246 82316 79117 2411 76706 49176 20450 14802 13286 28726 6128 4661 28551 4789 13939 155846 30840 3199 17930 1749 23762
is_linear=0
shrinkage=0.05


Tree=47
num_leaves=31
num_cat=0
split_feature=12 5 38 10 33 33 33 33 33 37 33 0 33 33 33 43 33 1 32 33 32 32 33 33 32 33 33 33 43 33
split_gain=583.219 290.901 258.032 231.756 168.036 384.292 195.321 530.878 230.682 171.354 139.771 134.698 133.772 137.602 170.978 289.546 160.23 146.008 132.472 349.939 130.707 176.099 229.912 318.393 319.457 302.245 492.927 292.291 353.867 331.176
threshold=1.0000000180025095e-35 -0.18732782369145987 0.066667527403701646 0.016135222879371813 -4551.4999999999991 -4574.4999999999991 -4377.4999999999991 -4298.4999999999991 -4180.4999999999991 -0.050292397660851966 -2154.4999999999995 0.084090909090909119 -877.49999999999989 -2220.4999999999995 -2329.4999999999995 1.5000000000000002 -2369.4999999999995 -0.14765335500021118 3.5000000000000004 -4896.4999999999991 11.500000000000002 8.5000000000000018 -2369.4999999999995 -2329.4999999999995 3.5000000000000004 -1564.4999999999998 -2185.4999999999995 -1452.4999999999998 2.5000000000000004 -1083.4999999999998
decision_type=8 8 8 10 2 2 2 2 2 10 2 8 2 2 2 2 2 10 2 2 2 2 2 2 2 2 2 2 2 2
left_child=10 12 3 -3 5 18 -6 -8 -9 -10 -1 -4 13 14 15 -2 -17 -16 19 -5 21 22 -11 -24 -25 26 -26 28 -27 -29
right_child=1 2 11 4 6 -7 7 8 9 20 -12 -13 -14 -15 17 16 -18 -19 -20 -21 -22 -23 23 24 25 27 -28 29 -30 -31
leaf_value=0.00053558218424072776 0.02707207097649458 -0.0074728824851741527 0.0027804993160103039 0.023597688309269938 -0.015703192651978531 0.06088814122722383 0.033254794978764039 -0.018809129221275464 0.0051535646512182176 -0.0053201569355358263 -0.03276695193103845 0.017984433051251237 -0.041785410147109125 0.016289477640332183 0.064781555909123156 0.00092773904885124717 0.049533057312173077 -0.047547133532672127 0.0083175145531160025 -0.038954371160091761 0.0071466321541336468 -0.009239840069167532 0.033921546540655191 -0.0091422513971082617 -0.022490071492852346 0.011697608975566516 0.03410664643917511 0.024137051217429845 -0.033957718803079427 -0.025202128825825756
leaf_weight=388.02299889177084 1365.7938362956047 15808.943818606436 24443.404914945364 385.12160611152649 2312.8355755656958 320.86019405722618 1116.198671028018 1876.652970969677 9285.9468589872122 14454.777740642428 1675.736039377749 1549.0857489258051 136.78311093151569 3546.5458238869905 32.852710336446762 7352.7683499604464 173.55952601134777 242.23333260416985 4048.5815806090832 533.07221184670925 3260.2836074009538 9231.9261668920517 836.79594029486179 4009.0166591927409 480.64003022015095 730.07567247748375 1927.6665252149105 1540.0323198735714 1013.7605078965425 436.50604879111052
leaf_count=2166 5670 97610 104900 1684 11236 1351 4875 8861 40619 69705 28601 6426 596 15347 155 31361 707 1170 17001 2986 14590 44254 3607 19845 2684 3458 8029 7117 4941 2116
internal_value=-0.00016601 0.000317378 -0.000596069 -0.00210834 -0.000641094 0.00785478 -0.00149656 -0.000842027 -0.00161741 -0.000933979 -0.0265055 0.00368661 0.00739734 0.00792649 0.00469107 0.0058921 0.00204859 -0.0341321 0.00442875 -0.0127179 -0.00242465 -0.00332494 -0.00117758 0.00427871 0.0018319 0.00901054 0.0228113 7.69016e-05 -0.0148436 0.0132408
internal_weight=114516 112453 99602.2 73609.7 57800.8 5287.64 52513.1 50200.3 49084.1 47207.4 2063.76 25992.5 12850.5 12713.8 9167.21 8892.12 7526.33 275.086 4966.78 918.194 37921.5 34661.2 25429.3 10974.5 10137.7 6128.68 2408.31 3720.37 1743.84 1976.54
internal_count=563668 532901 477895 366569 268959 23022 245937 234701 229826 220965 30767 111326 55006 54410 39063 37738 32068 1325 21671 4670 180346 165756 121502 51797 48190 28345 10713 17632 8399 9233
is_linear=0
shrinkage=0.05


Tree=48
num_leaves=31
num_cat=0
split_feature=10 0 2 13 33 33 33 33 33 33 33 2 28 33 25 11 32 33 11 33 32 33 33 33 33 33 32 33 33 33
split_gain=526.966 280.794 388.715 211.022 145.036 260.227 229.733 154.565 249.871 600.628 216.558 195.223 142.432 135.754 130.43 159.786 178.804 125.587 120.71 117.866 238.349 201.999 237.812 223.449 151.837 134.079 185.946 264.262 272.457 246.277
threshold=0.0071627140462959009 0.00072098090830075023 -0.065620898950131554 0.021176657889631332 -2201.4999999999995 -2154.4999999999995 -2329.4999999999995 -2369.4999999999995 -2728.4999999999995 -2765.4999999999995 -2744.4999999999995 0.013824763904517813 -0.074258312440949034 -3138.4999999999995 0.31831613590334523 0.34923208308325987 8.5000000000000018 -877.49999999999989 1.6801257006762238 -2369.4999999999995 8.5000000000000018 -2728.4999999999995 -2765.4999999999995 -2744.4999999999995 -2126.4999999999995 -2343.4999999999995 3.5000000000000004 -1564.4999999999998 -1452.4999999999998 -1135.4999999999998
decision_type=8 8 8 10 2 2 2 2 2 2 2 10 10 2 10 8 2 2 8 2 2 2 2 2 2 2 2 2 2 2
left_child=-1 2 12 13 6 -6 7 8 9 -3 -11 -9 -2 -4 15 16 -15 19 -7 21 25 22 -5 -24 -22 -21 -27 -28 -29 -30
right_child=1 4 3 17 5 18 -8 11 -10 10 -12 -13 -14 14 -16 -17 -18 -19 -20 20 24 -23 23 -25 -26 26 27 28 29 -31
leaf_value=-0.025209488228102025 0.018340813640298121 0.0021237959179734103 -0.0028459890460092313 -0.0021011161115655386 0.041640838538197819 0.0053088051453625993 -0.035238685304828266 0.059301234639512493 -0.0098383020628709482 0.085961889371626535 0.024531767789868507 0.0047191091653966989 0.0041417232286461219 0.039759081387839471 -0.018978017777328771 -0.010435721642373184 -0.033373903921500733 -0.032767631840673848 0.030062595006665027 0.032864384413506358 0.038411331027384428 -0.012762996048281445 0.076073099500002642 0.0030509153368752009 -0.0079811098059782617 -0.0030972570346587147 0.022253841978125397 -0.014389072186077196 0.030659584699967893 -0.0069386826864713874
leaf_weight=2049.7572561129928 2482.1680255532265 24760.610284626484 5125.1592599153519 24937.599455177784 537.91123823821545 13581.364642802626 420.61487603187561 262.32616947591305 4224.1528758108616 274.11382541805506 301.01051491498947 436.27101074159145 6122.482481174171 345.28170803189278 4287.2311786785722 2233.1705408506095 110.2693402916193 321.13916575163603 511.02505252510309 460.74692329764366 182.51065294444561 4692.2984919399023 189.32928848266602 234.54668629169464 5241.0974095836282 3988.8430137038231 2749.2187176346779 1507.8385212272406 1013.7813579887152 763.59301221370697
leaf_count=31247 10743 114767 28220 115850 2243 61125 1955 1126 19572 1175 1269 1814 26194 1855 31033 13667 990 1605 2242 1967 760 21854 779 993 23457 18810 11322 7103 4517 3435
internal_value=-8.5861e-05 0.000372718 -0.00168352 -0.00314572 0.00341279 0.00750925 0.00145926 0.00196939 0.00142002 0.00329709 0.0538104 0.0252149 0.00823771 -0.00902447 -0.0135637 -0.00493051 0.0220567 -0.00160865 0.00620644 -0.00139094 0.00208934 -0.00323308 -0.00146988 0.0356671 -0.00641995 0.00649138 0.00527907 0.0108159 0.00124418 0.0145067
internal_weight=114347 112298 66988.3 58383.7 45309.4 14630.3 30679.1 30258.5 29559.9 25335.7 575.124 698.597 8604.65 12101.1 6975.95 2688.72 455.551 46282.5 14092.4 45961.4 15907.6 30053.8 25361.5 423.876 5423.61 10484 10023.3 6034.43 3285.21 1777.37
internal_count=563689 532442 325154 288217 207288 65610 141678 139723 136783 117211 2444 2940 36937 75765 47545 16512 2845 212452 63367 210847 71371 139476 117622 1772 24217 47154 45187 26377 15055 7952
is_linear=0
shrinkage=0.05


Tree=49
num_leaves=31
num_cat=0
split_feature=12 37 2 10 33 28 0 0 33 33 19 43 33 28 33 33 33 33 33 32 32 32 32 32 33 10 10 12 33 28
split_gain=531.378 263.285 315.866 195.021 173.97 212.103 151.929 140.495 134.633 141.816 133.801 128.283 124.466 123.676 116.079 155.946 127.892 110.544 110.403 176.484 136.909 106.692 97.7996 333.704 210.752 137.558 136.183 124.923 119.015 118.112
threshold=1.0000000180025095e-35 -0.049348253531603818 0.0019288263271309838 0.015695136013742689 -1696.4999999999998 -0.074258312440949034 -0.041836836753405431 0.084090909090909119 -4852.9999999999991 -2698.4999999999995 -0.58931274383145971 5.5000000000000009 -2040.4999999999998 -0.078714480328975614 -3715.4999999999995 -4746.4999999999991 -3435.4999999999995 -1492.4999999999998 -4109.4999999999991 2.5000000000000004 3.5000000000000004 11.500000000000002 1.5000000000000002 3.5000000000000004 -4551.4999999999991 0.022895224354356935 0.033857958239723318 0.39285714285714307 -1290.4999999999998 0.073228877307525295
decision_type=8 10 10 10 2 10 10 10 2 2 10 2 2 10 2 2 2 2 2 2 2 2 2 2 2 10 8 10 2 10
left_child=12 4 3 21 6 -6 -2 22 -8 13 -5 -11 -1 18 15 -15 -16 -7 19 -10 -21 -3 24 25 26 -24 -4 -25 -26 -30
right_child=1 2 7 10 5 17 8 -9 9 11 -12 -13 -14 14 16 -17 -18 -19 -20 20 -22 -23 23 27 28 -27 -28 -29 29 -31
leaf_value=-0.0017807752072925339 0.015848694629066806 -0.012171248306679157 0.04375498736249675 -0.0053818257340949548 0.038826379484859681 0.023327223483681471 -0.0137060194062233 0.015920479732955222 0.06718175216866476 -0.0042601395071442246 0.00075400577687900771 0.063065026993816165 -0.03215202997706592 0.038377287494850552 0.031404694389433628 -0.0052698421045008874 0.0056770913254995722 0.0020657628521744821 0.029606242238304711 -0.029112244501294057 0.011264580653668026 0.0065359759145448022 -0.018351977040290169 0.012924041783612186 0.0011290684665728795 -0.0031430400933556667 -0.010838184652309797 0.0019144857066821658 0.036683736227142646 -0.031098337339117488
leaf_weight=431.12426003441215 2205.2209472507238 7794.5295825228095 587.07874558866024 16007.659630157053 777.10785598307848 921.87462814152241 1280.9518649429083 1816.6863696873188 112.06221021711826 5114.7796171978116 19967.819922834635 71.746896952390671 1550.7181830517948 218.1823463588953 602.64497844874859 3298.5136917233467 2433.9294190108776 1814.9537645280361 998.67182812094688 277.64221452176571 861.04482352733612 844.77931295707822 2692.6075752601027 2811.5202214233577 3897.1871502548456 3319.6748679950833 141.82736368477345 30833.008418604732 438.07585655897856 75.319205060601234
leaf_count=2682 9402 51472 2473 78054 3413 4008 6740 7481 501 22355 92065 296 28053 905 2630 14541 10862 8326 4304 1270 3637 5334 14690 13338 17499 14960 664 139210 2099 336
internal_value=0.000119528 0.000572787 -0.000588901 -0.00359617 0.00562193 0.0157733 0.00358071 0.00228945 0.00180904 0.00322971 -0.0019762 -0.00332881 -0.0255452 0.00709398 0.00362172 -0.00256189 0.010783 0.00922748 0.0172098 0.00731166 0.00141964 -0.010342 0.00173665 0.000895609 0.00822623 -0.00995438 0.0331325 0.0028345 0.00411015 0.0267396
internal_weight=114199 112217 91227.8 44614.8 20989.3 3513.94 17475.4 46613 15270.2 13989.2 35975.5 5186.53 1981.84 8802.69 6553.27 3516.7 3036.57 2736.83 2249.42 1250.75 1138.69 8639.31 44796.3 39656.8 5139.49 6012.28 728.906 33644.5 4410.58 513.395
internal_count=563600 532865 439675 226925 93190 15747 77443 212750 68041 61301 170119 22651 30735 38650 28938 15446 13492 12334 9712 5408 4907 56806 205269 182198 23071 29650 3137 152548 19934 2435
is_linear=0
shrinkage=0.05


Tree=50
num_leaves=31
num_cat=0
split_feature=10 5 38 10 33 1 33 33 33 33 28 33 33 32 33 33 33 1 33 33 33 28 32 33 37 9 33 33 33 33
split_gain=505.049 217.866 250.666 178.123 141.584 131.515 117.52 165.424 165.67 147.395 140.203 153.665 207.864 132.334 128.236 163.984 176.882 128.672 119.828 113.019 211.633 172.956 122.861 223.061 146.633 137.68 107.855 297.978 169.333 470.3
threshold=0.0076407061352090763 -0.16435790300471456 0.063003450733164837 0.016135222879371813 -877.49999999999989 0.14561249582053584 -2201.4999999999995 -2506.4999999999995 -2634.9999999999995 -2460.4999999999995 -0.069542358732886597 -1645.4999999999998 -1657.4999999999998 4.5000000000000009 -2329.4999999999995 -2369.4999999999995 -2416.4999999999995 -0.10993836099662201 -2154.4999999999995 -1207.4999999999998 -1146.4999999999998 0.00054739380446822345 3.5000000000000004 -1386.4999999999998 -0.035556324430327683 0.0070127491957490328 -4551.4999999999991 -4574.4999999999991 -4377.4999999999991 -4298.4999999999991
decision_type=8 8 8 10 2 10 2 2 2 2 10 2 2 2 2 2 2 8 2 2 2 10 2 2 10 10 2 2 2 2
left_child=-1 4 3 19 6 -4 7 8 -2 -9 -8 12 18 -10 15 16 -11 -16 -12 22 21 -21 24 -24 25 -3 27 -5 -28 -30
right_child=1 2 5 26 -6 -7 10 9 13 14 11 -13 -14 -15 17 -17 -18 -19 -20 20 -22 -23 23 -25 -26 -27 28 -29 29 -31
leaf_value=-0.02382205322848097 0.0044826703906978831 0.093055940126054296 0.0028011173950598205 0.0031141588164944377 -0.040582651615866105 0.017675519799498031 0.030538705011234242 -0.033305730860241932 0.071849493577154977 0.01628748392679763 0.035891991985856561 -0.0018473019068451957 0.06760765439852294 0.018780961532946994 0.044826653770576375 0.045415316525468423 -0.023751872263733712 -0.035822822515891771 0.0051325243790922553 -0.0074747354959715951 -0.0024809440035237079 0.088998486273732663 -0.0039695527734876857 -0.046595838197679054 -0.02130773542197556 -0.0010976732429015784 -0.015342922930539 0.053258047551549142 0.032212906549377106 -0.0015605953280686243
leaf_weight=2176.4509661383927 8787.2680536210537 41.376561731100082 25185.234460048378 4593.3621970638633 162.98154240846634 1579.2425022274256 917.95498158037663 475.55936913192272 142.30209445953369 604.11671623587608 425.43884842097759 1776.0353183150291 194.6611123085022 673.27063582837582 56.809139221906662 218.19125993549824 507.60339741408825 382.11064663529396 1237.8858044445515 71.935996297746897 778.490035161376 131.17268413305283 9509.6319644860923 317.1433663032949 2804.4428782202303 630.19876632839441 2091.9054608494043 316.69724875688553 1054.3599089533091 46077.37159626931
leaf_count=33258 37844 250 108345 20116 726 6497 3933 2077 610 2528 1862 8012 806 2876 266 891 2148 1957 5196 575 5595 864 55204 3550 18481 3623 10297 1316 4576 218559
internal_value=3.26375e-05 0.000497255 -0.000423685 -0.00202853 0.00578988 0.00367878 0.00625075 0.0036271 0.00648344 -0.00859402 0.0130792 0.00866892 0.0187213 0.0280404 -0.00195015 0.00578402 -0.0019942 -0.0253844 0.0130001 -0.00699499 0.00937764 0.0548301 -0.00820311 -0.00534525 -0.0162823 0.00470324 -0.000718018 0.00634842 -0.0014229 -0.000805066
internal_weight=113921 111745 95182.6 68418.1 16562.2 26764.5 16399.2 11847.2 9602.84 2244.39 4551.98 3634.02 1857.99 815.573 1768.83 1329.91 1111.72 438.92 1663.32 14284.4 981.599 203.109 13302.8 9826.78 3476.02 671.575 54133.7 4910.06 49223.6 47131.7
internal_count=562838 529580 457848 343006 71732 114842 71006 51197 41330 9867 19809 15876 7864 3486 7790 5567 4676 2223 7058 88142 7034 1439 81108 58754 22354 3873 254864 21432 233432 223135
is_linear=0
shrinkage=0.05


Tree=51
num_leaves=31
num_cat=0
split_feature=12 0 2 13 5 33 0 33 0 5 33 33 33 33 33 33 8 11 11 33 33 33 33 43 33 33 38 33 33 33
split_gain=446.603 238.357 296.312 159.284 138.531 122.6 118.397 117.207 116.073 115.853 155.816 120.5 112.285 108.441 230.048 108.05 102.958 96.2529 85.8819 80.5759 203.932 200.825 229.94 196.931 176.376 174.217 173.047 168.037 254.318 210.394
threshold=1.0000000180025095e-35 0.0029411764705883363 -0.065620898950131554 0.022058273597449468 -0.15173577940015795 -2040.4999999999998 0.095238095238095691 -4852.9999999999991 -0.030612244897959159 -0.063026135254123136 -3138.4999999999995 -1239.4999999999998 -1410.4999999999998 -887.49999999999989 -897.49999999999989 -1146.4999999999998 1.14561578318055 0.79216556298510754 0.51692563909796752 -2369.4999999999995 -2329.4999999999995 -2728.4999999999995 -2765.4999999999995 1.5000000000000002 -2744.4999999999995 -2220.4999999999995 -0.017693524302612337 -1773.9999999999998 -1921.4999999999998 -2126.4999999999995
decision_type=8 8 8 10 8 2 8 2 10 8 2 2 2 2 2 2 8 10 10 2 2 2 2 2 2 2 10 2 2 2
left_child=5 2 8 9 -3 -1 7 -6 -2 11 -11 12 18 14 19 17 -9 -13 -4 21 26 22 -5 -23 -24 -22 -21 28 29 -27
right_child=1 4 3 13 6 -7 -8 16 -10 10 -12 15 -14 -15 -16 -17 -18 -19 -20 20 25 23 24 -25 -26 27 -28 -29 -30 -31
leaf_value=-0.00050293392454190821 0.013979742440735533 0.010352231087057958 0.014371857833794936 -0.0016030794421818938 -0.014553383911912979 -0.030715024350995934 0.017445754698828721 0.0016565932530924411 0.0022724491915681521 -0.0039956971428508565 -0.017607624795180219 0.073946839692956914 -0.027956130381935965 -0.024551806277640302 0.068187174484809501 -0.0040278073848474252 0.017740795761198292 0.0074377304913104169 -0.0044536415405216174 0.054064131375989304 -0.030759231202458878 0.020266357735604368 0.071752628511606881 -0.015425040168029687 0.0072849953549213621 0.021580082770092206 0.0047873219840198688 -0.0027409537261045731 0.022163922041928429 -0.007078239740194836
leaf_weight=433.25344663113356 3651.4535265266895 5995.9558506309986 716.48639024049044 25000.501120463014 1085.1010939478874 1492.6970464624465 1223.5290201157331 33308.564990438521 5038.7627653554082 4050.4397089928389 4371.3585892617702 136.34781735390425 440.69404987245798 495.39986100792885 119.71794709563255 185.6160114556551 1025.5815495699644 90.510174281895161 3922.5627762079239 333.43585789203644 434.92010352015495 424.72446279227734 187.01874172687531 4291.9904119223356 245.19328543543816 849.32951655983925 382.59131045639515 9337.6190227866173 2061.4131690114737 2603.8183423429728
leaf_count=2704 15479 25611 3517 115933 5569 28225 5120 153897 21889 23850 32116 845 3058 2436 544 1177 4245 585 21151 1397 2113 1907 765 20108 1037 3493 1645 42866 8469 11795
internal_value=-4.56739e-05 0.000364806 -0.00144347 -0.0026801 0.00330681 -0.0239186 0.00215395 0.00162571 0.00719162 -0.0073766 -0.011061 -0.0017269 -0.00383731 -0.00128283 -0.0010337 0.0242635 0.00213704 0.0474115 -0.0015461 -0.00121326 0.00165429 -0.00273534 -0.000977972 -0.0122111 0.0351802 0.000432741 0.0277343 0.00134614 0.00826669 -2.94946e-05
internal_weight=113937 112011 69371.9 60681.7 42638.7 1925.95 36642.8 35419.2 8690.22 13914 8421.8 5492.22 5079.74 46767.7 46272.3 412.474 34334.1 226.858 4639.05 46152.6 16003.1 30149.4 25432.7 4716.71 432.212 15287.1 716.027 14852.2 5514.56 3453.15
internal_count=563546 532617 338175 300807 194442 30929 168831 163711 37368 86299 55966 30333 27726 214508 212072 2607 158142 1430 24668 211528 71778 139750 117735 22015 1802 68736 3042 66623 23757 15288
is_linear=0
shrinkage=0.05


Tree=52
num_leaves=31
num_cat=0
split_feature=12 19 37 5 43 38 33 33 33 33 11 33 32 33 28 33 33 32 32 33 28 33 33 32 32 33 33 34 33 33
split_gain=407.667 228.945 180.519 173.554 244.555 202.61 187.429 389.518 186.667 188.789 143.763 143.171 128.728 136.768 126.834 124.169 119.916 116.677 114.923 198.349 112.478 110.56 170.906 111.25 187.222 110.597 230.842 140.51 118.445 107.466
threshold=1.0000000180025095e-35 -0.57745457163186875 -0.049348253531603818 -0.071895424836600816 1.5000000000000002 0.026524338345709556 -2369.4999999999995 -1773.9999999999998 -2584.4999999999995 -2959.4999999999995 1.1609994813901932 -4615.4999999999991 10.500000000000002 -1346.4999999999998 -0.08161311114502999 -1696.4999999999998 -4658.4999999999991 7.5000000000000009 3.5000000000000004 -2329.4999999999995 0.015295425307835744 -4852.9999999999991 -4252.4999999999991 1.5000000000000002 7.5000000000000009 -3680.4999999999995 -3435.4999999999995 4.2143470814835746 -3533.4999999999995 -4377.4999999999991
decision_type=8 8 10 8 2 8 2 2 2 2 10 2 2 2 10 2 2 2 2 2 10 2 2 2 2 2 2 2 2 2
left_child=17 2 10 4 -3 21 8 18 9 11 15 16 -4 -14 -9 -2 20 -1 19 -8 -6 -5 23 -23 -25 -24 27 28 -27 -13
right_child=1 3 12 5 6 -7 7 14 -10 -11 -12 29 13 -15 -16 -17 -18 -19 -20 -21 -22 22 25 24 -26 26 -28 -29 -30 -31
leaf_value=-0.012982766590240625 0.0033832302698887126 0.019954278096497413 -0.0065080970939796817 -0.0280341333484115 -0.023569282773412123 0.0031617890015480051 0.036314632946667792 0.026197071272980876 -0.014427293749002366 0.014341183138628869 -0.0071698732916481564 -0.015473768855054085 0.0051074190878938261 -0.02148101584297659 -0.001373672856865345 0.020185676638179228 0.056836524823589502 -0.038481760858175895 0.032325632385017886 -0.012224406275000446 0.041041589307695192 0.048936614869007168 -0.013096085685087494 -0.0086296684559112099 0.017812679135187467 0.014856939891122679 -0.0047261787824722026 -0.0056740097193066054 0.051703992556203095 8.7081398016111038e-05
leaf_weight=1118.8399279005826 6483.7491395696998 2605.8835788145661 22717.579528324306 440.78586985915899 151.88759629428387 27712.202139794827 389.35613402724266 463.5643385052681 1866.0010498389602 2651.8651751056314 2690.2507177144289 1303.6084467768669 4555.4836270436645 541.10656541585922 4165.140022739768 1324.0786485746503 189.75857497751713 748.90594913065434 1841.7779979929328 458.09445804357529 121.0371465831995 161.4170636087656 3104.0490133389831 1192.5927228406072 1525.9587698206306 676.48421967029572 14359.932935427874 502.84363482892513 321.86656894534826 7453.0932310000062
leaf_count=16939 28776 11211 117322 2473 654 120854 1598 2038 8415 11749 11990 5975 21671 3332 19613 5794 796 13729 7964 2080 498 684 15947 5714 6624 3400 76962 2768 1450 34539
internal_value=-3.99311e-05 0.000346509 -0.00278841 0.00197707 0.00550511 0.000307465 0.00371682 0.0101803 0.000273688 0.00258448 0.0027981 -0.000797213 -0.00489696 0.00228452 0.00138753 0.00623265 0.0263093 -0.023207 0.0253143 0.0100766 0.00508446 -0.00324184 -0.00274159 0.00860736 0.00621277 -0.00446499 -0.00277587 0.0158801 0.0267364 -0.00222946
internal_weight=113839 111971 38312.2 73659.2 23661.1 49998.1 21055.2 7317.93 13737.3 11871.3 10498.1 9219.38 27814.2 5096.59 4628.7 7807.83 462.683 1867.75 2689.23 847.451 272.925 22285.9 21845.1 2879.97 2718.55 18965.2 15861.1 1501.19 998.351 8756.7
internal_count=563559 532891 188885 344006 107130 236876 95919 33293 62626 54211 46560 42462 142325 25003 21651 34570 1948 30668 11642 3678 1152 116022 113549 13022 12338 100527 84580 7618 4850 40514
is_linear=0
shrinkage=0.05


Tree=53
num_leaves=31
num_cat=0
split_feature=10 5 7 0 10 33 33 33 5 33 33 33 33 33 43 26 28 33 12 34 33 33 33 33 33 33 33 33 2 28
split_gain=387.798 208.108 234.171 204.092 156.955 144.334 128.927 176.446 148.735 146.288 193.667 161.305 528.158 209.73 285.135 151.141 148.878 155.644 147.324 146.08 142.449 582.38 162.004 117.477 116.578 241.184 207.688 313.788 159.022 114.004
threshold=0.0071627140462959009 -0.1336934873167929 -0.018356647901981046 -0.043478137365810403 0.015802675933464877 -877.49999999999989 -4852.9999999999991 -4896.4999999999991 -0.022727272727275535 -4551.4999999999991 -4574.4999999999991 -3641.4999999999995 -3435.4999999999995 -3533.4999999999995 4.5000000000000009 0.38482030108259208 0.10204908257943837 -1773.9999999999998 2.1056821428571433 3.9090179933940408 -4377.4999999999991 -4298.4999999999991 -4314.4999999999991 -3466.4999999999995 -4109.4999999999991 -4495.4999999999991 -4069.4999999999995 -4088.4999999999995 -0.048926671334614084 -0.071058947631900377
decision_type=8 8 10 10 8 2 2 2 8 2 2 2 2 2 2 8 10 2 8 2 2 2 2 2 2 2 2 2 10 10
left_child=-1 5 3 -3 -5 24 7 8 -6 10 -8 18 13 -13 19 -12 -14 -18 20 -15 -11 22 -22 -16 25 -2 27 28 -26 -23
right_child=1 2 -4 4 6 -7 9 -9 -10 11 15 12 16 14 23 -17 17 -19 -20 -21 21 29 -24 -25 26 -27 -28 -29 -30 -31
leaf_value=-0.022725853235465311 0.011195825721259808 0.010458528756725025 0.0062418551379451069 -0.0077584209198751797 0.031213161408819214 -0.038857445066663637 0.0043252252955832292 -0.040663213284039768 -0.010898045048237217 -0.025332528333669072 0.078884751852879145 0.0053512679395268763 -0.0028758206611614857 0.052060507282719083 0.035505194073331706 0.01674566263943518 0.01089479419716512 -0.010795952181082771 0.00073739120819506796 0.01712639973593446 0.019013837672136175 0.011229035508561283 0.069691906552162328 -0.022011352011568227 0.042664274610041721 -0.011476851755949381 0.0057698917302191639 0.073862766686834655 -0.024200521612626574 -0.014361550126513994
leaf_weight=1865.9026788696647 2023.7383630424738 3281.3661600723863 10370.99240590632 11143.564867969602 235.58385387063026 189.71400979161263 4662.3816480189562 451.42294304072857 1906.9850085526705 1332.7302774935961 155.57809071242809 1560.9014888554811 35236.441877916455 966.36454522609711 125.17460533976555 263.75893756747246 3946.7122498229146 1046.2822307646275 4653.8899835795164 433.48293949663639 579.39930213987827 469.17321781814098 216.66995233297348 305.32630629837513 153.26087825000286 2790.0939603894949 16731.006117325276 285.23927490413189 211.81289058923721 6012.1702475845814
leaf_count=31129 8488 13931 45489 72247 1033 865 19477 2677 9983 6719 647 7099 168079 4101 523 1080 16413 4551 21560 1932 2530 2232 892 1316 643 12726 73925 1196 907 28695
internal_value=-0.000119412 0.00025808 -0.000821916 -0.00174941 -0.00227856 0.00456923 -0.0013327 -0.0122535 -0.00626775 -0.000875539 0.00725255 -0.00160165 -0.00013344 0.0188161 0.0302987 0.0397999 -0.00173084 0.0063495 -0.00643007 0.0412427 -0.0103042 -0.00755199 0.0328071 -0.00528755 0.00494042 -0.00194524 0.00684743 0.03457 0.00386985 -0.0125091
internal_weight=113607 111741 89356.4 78985.4 75704 22384.9 64560.4 2593.99 2142.57 61966.4 5081.72 56884.7 43620.7 3391.25 1830.35 419.337 40229.4 4992.99 13264 1399.85 8610.14 7277.41 796.069 430.501 22195.2 4813.83 17381.3 650.313 365.074 6481.34
internal_count=563085 531956 433206 387717 373786 98750 301539 13693 11016 287846 21204 266642 204014 14971 7872 1727 189043 20964 62628 6033 41068 34349 3422 1839 97885 21214 76671 2746 1550 30927
is_linear=0
shrinkage=0.05


Tree=54
num_leaves=31
num_cat=0
split_feature=12 0 3 32 33 33 33 33 33 33 32 43 33 32 33 33 10 33 12 33 33 33 33 33 13 33 33 5 33 33
split_gain=372.716 209.931 292.362 170.806 275.933 471.723 200.932 324.154 358.426 211.442 315.535 199.353 158.497 156.317 143.822 232.013 154.55 140.902 137.369 139.296 129.442 158.223 174.987 125.339 123.544 121.264 129.287 117.163 116.996 506.527
threshold=1.0000000180025095e-35 0.0036297640653359946 -0.061919504643963834 4.5000000000000009 -1773.9999999999998 -2054.4999999999995 -2126.4999999999995 -2185.4999999999995 -2584.4999999999995 -2765.4999999999995 11.500000000000002 3.5000000000000004 -2154.4999999999995 1.5000000000000002 -4217.4999999999991 -3850.4999999999995 0.03134552365687842 -2605.4999999999995 1.7214285714285726 -1787.4999999999998 -924.49999999999989 -3466.4999999999995 -3483.9999999999995 -1787.4999999999998 0.057635842273110936 -2765.4999999999995 -2744.4999999999995 -0.1565412210323803 -2634.9999999999995 -2343.4999999999995
decision_type=8 8 8 2 2 2 2 2 2 2 2 2 2 2 2 2 8 2 8 2 2 2 2 2 10 2 2 8 2 2
left_child=-1 2 -2 13 5 6 7 8 9 -5 17 -10 -9 14 16 -16 -4 -11 19 -7 21 22 -17 -20 -8 -23 -27 -3 -15 -30
right_child=1 27 3 4 -6 18 24 12 11 10 -12 -13 -14 28 15 20 -18 -19 23 -21 -22 25 -24 -25 -26 26 -28 -29 29 -31
leaf_value=-0.022564785811210721 0.0047664928605500546 0.0098400710823003598 0.032397744726246701 0.00023224294528256001 -0.0094559282304070586 0.036907829808585965 -0.030864212446263351 0.048994616670347435 -0.0087310938372390182 -0.011392664538371582 0.079796468970294743 -0.035753504497127525 0.0090241350633916816 -0.01436087461403881 -0.041794412087745827 0.0037278794912671167 -0.012795065241723066 0.039850581150794408 0.0029614042293779706 -0.015174323937747064 0.030190787071298963 -0.023547019663019551 0.062193149236216022 0.051176944559452188 0.006587067623462008 0.10149645966380282 -0.0029848265193369774 0.0020255714598532968 0.061462725959711154 -0.0083816483633553252
leaf_weight=1819.9827053807676 15027.923421934247 5537.5967122763395 605.21669767796993 20875.573006369174 8006.8770894818008 1279.6086770668626 864.89427836611867 470.49574083834887 2429.6113669872284 360.30643340945244 206.19425950944424 949.14920948445797 524.5091692879796 7300.9061308279634 369.25828732550144 466.91870695352554 275.19936443865299 213.71929561346769 1089.1378997713327 142.69710052013397 318.26259598135948 856.65110608935356 176.30895099788904 153.82550474256277 295.42135736346245 29.971847429871559 2442.8953728750348 35842.542767241597 276.28010191768408 4295.7239128164947
leaf_count=30739 67028 23574 2597 100035 43244 5686 4577 1992 12572 1719 898 4737 2174 39307 1961 2313 1359 1023 4743 585 1707 4513 772 659 1203 132 11801 164726 1272 23530
internal_value=-0.000120002 0.000245756 -0.00141736 -0.00309857 -0.00121363 0.000996874 -0.000970881 -6.33821e-05 -0.00117577 0.00118739 0.0267432 -0.0163221 0.0279245 -0.00719696 -0.00026228 -0.00376366 0.0182714 0.00768605 0.021071 0.0316825 -0.000490966 -0.00294893 0.0197532 0.00892842 -0.021329 -0.00733474 -0.00171848 0.00307133 -0.0104331 -0.00416105
internal_weight=113504 111684 70303.5 55275.6 37862 29855.1 27189.9 26029.6 25034.6 21655.8 780.22 3378.76 995.005 17413.6 5540.68 4660.27 880.416 574.026 2665.27 1422.31 4291.01 3972.75 643.228 1242.96 1160.32 3329.52 2472.87 41380.1 11872.9 4572
internal_count=563178 532439 344139 277111 185847 142603 130930 125150 120984 103675 3640 17309 4166 91264 27155 23199 3956 2742 11673 6271 21238 19531 3085 5402 5780 16446 11933 188300 64109 24802
is_linear=0
shrinkage=0.05


Tree=55
num_leaves=31
num_cat=0
split_feature=10 19 0 32 32 28 13 28 34 34 10 43 5 12 20 32 3 1 32 32 34 43 32 32 34 43 32 32 43 28
split_gain=360.168 197.037 229.535 187.199 235.659 235.472 139.208 151.371 138.312 134.065 132.369 168.979 126.109 115.15 106.63 106.574 95.7946 94.0057 85.7313 344.7 213.271 119.028 278.142 267.188 183.057 112.334 106.333 130.943 172.829 122.209
threshold=0.0076407061352090763 0.51877777770062894 -0.043478137365810403 3.5000000000000004 2.5000000000000004 -0.061647498003486706 0.0070901989393742726 0.0011016254970135713 3.0978349487009709 4.4891978521044527 0.017092024016178022 4.5000000000000009 -0.2712568082788655 0.74634642857142885 3.4158040763876456 7.5000000000000009 -0.020494819341831335 -0.12403100775193669 10.500000000000002 9.5000000000000018 2.8361459037824157 1.5000000000000002 5.5000000000000009 4.5000000000000009 3.7716101896004992 2.5000000000000004 6.5000000000000009 8.5000000000000018 5.5000000000000009 -0.056140806362835589
decision_type=8 8 10 2 2 10 10 10 2 2 10 2 8 10 10 2 10 10 2 2 2 2 2 2 2 2 2 2 2 10
left_child=14 2 17 4 5 16 7 -5 -3 -6 11 -7 -8 -13 -1 -9 -4 -2 19 21 -20 22 23 -14 -24 -22 -23 29 -29 -28
right_child=1 8 3 6 9 10 12 15 -10 -11 -12 13 18 -15 -16 -17 -18 -19 20 -21 25 26 24 -25 -26 -27 27 28 -30 -31
leaf_value=-0.023773292664466553 0.035641781755891028 0.009406074736871689 0.026330174445688238 -0.023874907683007939 -0.017342729793889386 -0.018304405816635207 0.011759872596332648 0.020549898307216874 0.0017641913857479726 0.00024812221219339131 -0.0015158441965948434 0.1078014531727696 0.00585327032195836 0.010813925766296627 0.025423653358472027 -0.018491495390414267 -0.0018406238279357675 0.0093064504263132824 0.016930399959884292 -0.011533821003075376 -0.0042039560036177962 -0.00315394535853411 -0.018222578546728967 0.050865819682085006 0.018610136965642943 0.0059435696106776605 0.021744950788023042 -0.0043659232385536697 0.039843654076329005 0.0041989062473746881
leaf_weight=1896.2482342422009 388.5054829865694 8371.7081368938088 968.41336994618177 1215.6462898924947 4937.3651358373463 2224.1754950322211 2395.5262100696564 437.39154983684421 20227.202271502465 1387.5195991322398 10090.392456881702 39.533549122512341 687.77740880101919 135.48649231344461 116.93094111606479 291.1578310392797 438.38193142414093 2651.5947554111481 2428.6344140693545 6627.0256324112415 5817.9335180372 14411.527237147093 895.9986664056778 633.18846518546343 541.01949013024569 5133.8928394690156 1099.7956680878997 6564.5767075866461 228.77138265967369 10162.162817724049
leaf_count=31726 1664 36921 4596 11167 26435 14267 9963 2760 90806 7844 47239 191 3038 696 1491 2722 2352 11195 10909 31683 27858 69623 3854 2680 2339 23223 4935 30973 955 47354
internal_value=4.42951e-05 0.000422968 -0.000812441 -0.00132619 -0.00548295 -0.00184143 8.47894e-05 -0.0130743 0.00400119 -0.0134837 -0.00402581 -0.0145821 0.00052874 0.0327215 -0.0209158 0.00494738 0.0175517 0.0126719 4.16247e-05 -0.00107221 0.00352552 0.000895984 0.0108682 0.0274295 -0.00435552 0.000552904 4.88638e-05 0.00260531 -0.00287713 0.00591238
internal_weight=113445 111432 82833.4 79793.3 20221.3 13896.4 59572 1944.2 28598.9 6324.88 12489.6 2399.2 57627.8 175.02 2013.18 728.549 1406.8 3040.1 55232.3 41851.8 13380.5 35224.8 2757.98 1320.97 1437.02 10951.8 32466.8 18055.3 6793.35 11262
internal_count=563459 530242 402515 389656 103620 69341 286036 16649 127727 34279 62393 15154 269387 887 33217 5482 6948 12859 259424 197434 61990 165751 11911 5718 6193 51081 153840 84217 31928 52289
is_linear=0
shrinkage=0.05


Tree=56
num_leaves=31
num_cat=0
split_feature=10 37 0 8 32 32 43 33 26 33 28 33 33 33 32 33 8 43 6 33 32 33 32 33 1 33 10 0 19 9
split_gain=323.634 194.63 270.37 167.65 140.481 149.041 130.437 153.603 225.158 148.919 136.323 124.286 481.354 147.121 333.115 237.255 137.105 123.006 119.462 118.492 117.884 219.247 201.528 186.765 129.745 122.233 116.064 113.555 107.467 105.154
threshold=0.0076407061352090763 -0.049348253531603818 0.00072098090830075023 0.0052093770875084608 3.5000000000000004 1.5000000000000002 3.5000000000000004 -1683.4999999999998 0.60217015932815332 -4634.4999999999991 -0.030045354432973723 -1773.9999999999998 -2054.4999999999995 -1452.4999999999998 5.5000000000000009 -1410.4999999999998 0.40495867768595056 2.5000000000000004 39.545510016325586 -924.49999999999989 2.5000000000000004 -4180.4999999999991 3.5000000000000004 -1996.4999999999998 -0.14765335500021118 -1968.4999999999998 0.033474123907508778 0.095238095238095691 0.85792099568286806 0.007615830100712948
decision_type=8 8 8 8 2 2 2 2 10 2 8 2 2 2 2 2 10 2 10 2 2 2 2 2 10 2 10 8 10 10
left_child=28 6 3 -3 5 19 7 20 -9 -8 -10 12 -6 17 29 -16 -14 18 -13 -5 21 -2 24 -23 -22 -25 -11 -4 -1 -15
right_child=1 2 27 4 11 -7 9 8 10 26 -12 13 16 14 15 -17 -18 -19 -20 -21 22 23 -24 25 -26 -27 -28 -29 -30 -31
leaf_value=-0.025204871164644999 -0.02517282534576842 -0.012421265445087717 0.0020147198011895438 -0.0018907281377408859 -0.0011956642973225396 -0.011693176972996273 -0.049244323234652686 0.040332495091078079 0.021912635948078112 -0.0058122923158859694 -0.0061900281819597556 0.025755619954511338 0.027980469869598797 0.10998149424098427 0.021789002983075109 -0.011834422013331888 0.0028371577013419492 -0.02254555158501086 -0.010513409373085847 0.035057445236864382 0.054237661172254349 0.04477899743870719 0.00660126155409828 -0.01835642960931971 -0.013689459584204713 0.05740800665402717 0.0097197406639341344 0.017370647302431475 0.0061770099644896806 0.032123669694918894
leaf_weight=1649.0485966056585 221.25435150414705 4308.3447832651436 39225.33598478511 4478.898878891021 25715.558192260563 6746.9173512086272 159.93711556494236 808.9626937136054 895.5968616232276 3368.5519632026553 832.81846190243959 287.99108477681875 1950.4908318594098 48.600593768060207 652.12924197688699 2683.9676350653172 750.92125526070595 1893.2638791799545 1072.6925427690148 228.03903063386679 73.017958804965019 671.78682771325111 8624.6009082943201 245.78295692056417 1887.2357898876071 67.953030705451965 1870.7200420945883 1242.0276680067182 326.88564013689756 402.71833300590515
leaf_count=28593 1112 29352 180986 21109 122687 36264 665 3624 3938 15129 3613 1419 8399 351 3173 14320 3062 9272 5092 1028 342 2969 37531 1089 8963 297 7704 5203 4612 1861
internal_value=4.50053e-05 0.000400733 -0.000568636 -0.00298201 -0.00211512 -0.00692927 0.00490592 0.00740157 0.0185614 -0.00171731 0.00837167 -0.000560037 0.000913502 -0.00650683 0.000192215 -0.00526183 0.0209913 -0.0143041 -0.00283701 -0.000100684 0.00500016 0.0198062 0.00331212 0.0299042 -0.0111592 -0.00194638 -0.000266467 0.00248603 -0.0200133 0.0405078
internal_weight=113392 111416 91687.9 51220.5 46912.2 11453.9 19728.2 14329 2537.38 5399.21 1728.42 35458.3 28417 7041.36 3787.42 3336.1 2701.41 3253.95 1360.68 4706.94 11791.6 1206.78 10584.9 985.523 1960.25 313.736 5239.27 40467.4 1975.93 451.319
internal_count=563759 530554 443578 257389 228037 58401 86976 63478 11175 23498 7551 169636 134148 35488 19705 17493 11461 15783 6511 22137 52303 5467 46836 4355 9305 1386 22833 186189 33205 2212
is_linear=0
shrinkage=0.05


Tree=57
num_leaves=31
num_cat=0
split_feature=12 3 0 29 32 32 32 32 11 34 0 9 32 32 5 25 8 7 5 34 32 11 7 35 0 34 29 32 38 8
split_gain=293.812 165.823 234.306 126.718 117.677 113.087 153.332 137.293 177.726 145.206 112.107 105.576 87.7527 150.788 85.5395 84.1776 82.4869 88.5539 83.0372 79.8252 79.3027 78.2991 77.5551 74.3255 71.2531 71.1275 71.1461 65.5991 65.4315 63.4401
threshold=1.0000000180025095e-35 -0.066350710900474938 0.0056179775280899022 0.1387258597960758 7.5000000000000009 4.5000000000000009 1.5000000000000002 8.5000000000000018 0.4077919471026637 3.14630281962196 0.084090909090909119 0.011576098979737087 10.500000000000002 9.5000000000000018 -0.2712568082788655 0.36294308508163936 0.0045265943823101793 -0.15298367781755065 -0.20068701097308164 2.8003208578683441 5.5000000000000009 0.4726332921222931 -0.091474479846572851 -0.012295081967243325 -0.066376418866422746 6.9146812378200666 -0.091580195253462421 3.5000000000000004 0.018415549729398743 0.059170020564968902
decision_type=8 8 8 10 2 2 2 2 8 2 8 8 2 2 8 8 10 10 10 2 2 8 10 10 10 2 10 2 10 10
left_child=4 14 3 5 16 6 -3 8 20 12 21 -11 13 15 -2 -9 18 -18 -1 -14 -7 -4 -8 -16 -25 26 -10 -24 -19 -27
right_child=1 2 10 -5 -6 7 22 9 25 11 -12 -13 19 -15 23 -17 17 28 -20 -21 -22 -23 27 24 -26 29 -28 -29 -30 -31
leaf_value=0.12567845143227235 0.014349351471533317 0.00045214379132656158 0.01868841514712577 0.006225722621678401 -0.036590286286689269 0.093610245545589582 -0.0068203814843527917 -0.0080433940943276713 0.0087782057239352979 -0.018160437570426825 0.014056657636473234 -0.0055950141527804122 0.015333247438956647 -0.01660825721843839 0.011854302989177097 0.01584802336928073 -0.0023626533660868337 0.092699115852702796 -0.023049794884085192 -0.00074563582421957586 0.023200687148301535 0.0016085017266268056 -0.018904637189992603 0.025934449562049523 0.0015064004083259204 -0.041489251233811586 -0.00024725161601634219 -0.0034330202474190039 -0.020910046327000078 -0.0013952135256440035
leaf_weight=9.5227432698011381 2002.0712292790413 5538.4435916021466 685.8499479368329 3882.255751259625 685.34260072186589 43.088484186679125 8136.7919861450791 612.73019710928202 2552.7019331306219 1960.1501142196357 2045.0979577302933 11358.569350548089 1642.098454836756 1340.4685481339693 2238.0165289118886 925.65241089463234 336.83782494068146 46.59191357716918 647.94668012112379 1456.6504558101296 556.35184295102954 30999.213531546295 3018.2713956385851 305.17976777255535 13669.099366277456 187.34791576862335 15096.877231813967 886.30125219747424 17.409094430506229 208.41669438779354
leaf_count=89 8538 27522 3176 16475 13835 283 42752 3053 11360 14505 8528 53831 7626 6820 9869 4401 2012 368 14405 7120 2872 140965 18354 1295 60753 1412 74131 5275 141 1067
internal_value=-8.32348e-05 0.000235683 -0.000617626 -0.00250742 -0.020449 -0.00311808 -0.00643317 -0.00158204 0.00147778 -0.00453856 0.00271054 -0.0074443 0.00193574 -0.00434948 0.00459881 0.00633219 -0.0099962 0.00788141 -0.0208956 0.00777493 0.0282618 0.00197821 -0.00960008 0.0033947 0.00203988 0.000588058 0.00105812 -0.0153927 0.061796 -0.020375
internal_weight=113091 111348 93133.3 59403.2 1743.65 55520.9 17579.8 37941.1 18644.8 19296.3 33730.2 13318.7 5977.6 2878.85 18214.4 1538.38 1058.31 400.839 657.469 3098.75 599.44 31685.1 12041.4 16212.3 13974.3 18045.3 17649.6 3904.57 64.001 395.765
internal_count=562833 531983 451528 298859 30850 282384 93903 188481 91125 97356 152669 68336 29020 14274 80455 7454 17015 2521 14494 14746 3155 144141 66381 71917 62048 87970 85491 23629 509 2479
is_linear=0
shrinkage=0.05


Tree=58
num_leaves=31
num_cat=0
split_feature=10 19 0 32 5 43 8 29 7 13 32 32 11 25 10 43 43 7 1 32 32 32 3 3 11 11 43 3 10 26
split_gain=276.951 166.761 155.491 143.305 137.982 192.453 125.157 116.645 115.177 113.098 91.2296 134.826 102.862 98.7356 83.2618 83.5618 80.0761 77.0272 80.9878 74.5914 95.2137 211.553 93.8503 72.9485 87.7993 71.7711 99.5105 74.1697 71.6687 110.345
threshold=0.0071627140462959009 -0.55329757344760966 -0.039040237075009247 10.500000000000002 -0.065961986369065459 1.5000000000000002 0.27747177919680416 -0.01788443499523025 -0.0294117647058823 0.0090750830099287656 8.5000000000000018 7.5000000000000009 1.070946385869364 0.44700113678833941 0.018462902231553408 3.5000000000000004 1.0000000180025095e-35 -0.0294117647058823 0.11682644118327491 1.5000000000000002 4.5000000000000009 5.5000000000000009 0.097722288121341552 -0.046405448962863242 1.1886400306800782 0.45925126174457581 3.5000000000000004 -1.6653345369377346e-16 0.034060032243889753 0.75694759423843105
decision_type=8 8 10 2 8 2 8 10 10 10 2 2 8 10 8 2 2 8 10 2 2 2 10 10 8 10 2 10 10 10
left_child=7 2 -2 6 5 19 10 -1 14 -5 11 12 13 -4 15 -6 -16 -18 -19 -3 -21 22 -22 24 -11 26 -7 -28 29 -27
right_child=1 4 3 9 8 25 -8 -9 -10 23 -12 -13 -14 -15 16 -17 17 18 -20 20 21 -23 -24 -25 -26 28 27 -29 -30 -31
leaf_value=-0.0020912948797043541 0.013142271430347581 0.037816394425034483 0.00048751038700149696 -0.028855111210914233 -0.012117587520878709 0.0036361452565069566 0.0023976807650338038 -0.029478731730573221 0.004151332194904005 0.0179848732851061 -0.011452451034731458 0.0080020162373366406 -0.011246883169665581 -0.0089084423790238912 -0.0087052823582877085 -0.0014808090718530687 0.00020936988357106727 0.009058309949763645 0.052418897661518228 0.0027447111948041723 0.058116432721206139 0.0055565294294805277 0.0047183326119128533 0.00081057831806269061 -0.002707056767264588 0.0031610348176906288 0.0022063706477765247 0.046357751234264589 0.0098880182052468596 -0.0070244981303826705
leaf_weight=594.06735709309578 1546.6021089851856 384.50723481178284 7357.6087609678507 263.04920198395848 3245.027549456805 729.46901006624103 5403.7843224331737 1125.0714943222702 12704.952493261546 1659.2479108273983 5862.6865022219718 1987.4022598341107 5717.2069034352899 4509.6979798711836 2474.2748224139214 4283.9674121923745 24030.281279187649 702.91114534437656 127.17165660858154 1025.3303731530905 417.48763884603977 705.33991947025061 102.48519365489483 4527.6511441171169 741.87837235629559 14456.791637010872 134.76578550413251 323.3513317592442 2805.9955571368337 3258.3652988597751
leaf_count=8850 6554 1651 37221 2558 21838 4576 23570 22237 56258 7172 30151 9861 29353 24934 11998 23608 107548 2982 546 4533 1774 3034 418 21483 3363 67621 628 1526 11709 14115
internal_value=-9.91253e-05 0.000207968 -0.00239868 -0.00303069 0.00164253 0.0047041 -0.0045129 -0.0200147 7.5726e-05 0.00332499 -0.00598111 -0.00434219 -0.00573733 -0.00308305 -0.0014095 -0.0060653 -0.000127116 0.000726643 0.0157013 0.0174641 0.0139871 0.0233946 0.0475918 0.0045467 0.0115917 0.0031552 0.015106 0.0333696 0.00246359 0.0012876
internal_weight=113208 111489 39576.8 38030.2 71912.5 24343.9 30838.4 1719.14 47568.6 7191.83 25434.6 19571.9 17584.5 11867.3 34863.6 7528.99 27334.6 24860.4 830.083 2635.15 2250.64 1225.31 519.973 6928.78 2401.13 21708.7 1187.59 458.117 20521.2 17715.2
internal_count=563670 532583 196220 189666 336363 111585 155090 31087 224778 34576 131520 101369 91508 62155 168520 45446 123074 111076 3528 11410 9759 5226 2192 32018 10535 100175 6730 2154 93445 81736
is_linear=0
shrinkage=0.05


Tree=59
num_leaves=31
num_cat=0
split_feature=12 5 8 28 25 12 10 19 35 32 34 43 25 7 7 34 10 32 5 32 1 32 32 32 43 28 28 12 20 12
split_gain=265.057 159.12 242.426 138.902 113.073 102.645 102.063 99.7089 96.7514 95.269 120.665 105.365 85.081 83.1217 88.9759 87.7157 74.5681 73.5024 70.8357 65.9744 65.6764 63.9858 86.9167 134.752 149.111 84.9129 75.0801 74.421 63.6111 62.2779
threshold=1.0000000180025095e-35 -0.070302160775618391 0.13265306122448975 0.061913181843934677 0.27851903939615125 0.59999999999999964 0.016135222879371813 0.69929759907782374 -0.015317286652086868 7.5000000000000009 2.788088175025528 2.5000000000000004 0.9641229951986926 -0.13393599952460186 -0.0294117647058823 2.5915093710922874 0.0085739276768998906 3.5000000000000004 -0.33766233766233739 7.5000000000000009 0.22966849024250838 1.5000000000000002 6.5000000000000009 8.5000000000000018 1.0000000180025095e-35 -0.030678986673311894 -0.056140806362835589 2.8285714285714314 0.95666226297895973 0.73571428571428632
decision_type=8 10 10 10 10 10 10 10 10 2 2 2 10 10 10 2 10 2 8 2 10 2 2 2 2 8 10 10 10 10
left_child=4 7 3 6 -1 16 9 8 -2 -3 -11 -12 13 15 -15 -4 -5 -10 -19 -6 -20 25 27 24 -24 -8 29 -23 -16 -26
right_child=1 2 12 5 19 -7 21 -9 17 10 11 -13 -14 14 28 -17 -18 18 20 -21 -22 22 23 -25 26 -27 -28 -29 -30 -31
leaf_value=0.010818955598439421 0.010475625199056902 -0.015314077975453672 -0.010001716081225378 0.092362961704714613 -0.016105461474678166 -3.8470732414638875e-06 0.029521911052489764 0.0079255591792631169 -0.00374089975308003 0.018058514137869974 -0.020086537229664345 -0.0011433498574352572 0.0077907202880042065 -0.0026574796583181933 0.01206464054110145 0.0075278916483274621 0.015933226778181538 0.016543937778557727 0.0014559668412922149 -0.037871517039486949 0.060179383476478214 -0.011500334451525557 -0.041031378510733997 -0.0052426694181356599 -0.0073393889838285591 7.9167564382761577e-05 0.0063987246815515866 0.00015888509332052394 0.0013903992040145044 0.038258382822802472
leaf_weight=257.78146952018142 2796.5789770781994 4477.9606412649155 806.82009102404118 33.143144432455301 837.77623150870204 3942.1506070457399 309.85513454675674 7638.665795147419 6983.338188894093 512.39049459993839 1160.0049630999565 1999.116176366806 4744.4310630708933 17917.783490911126 1724.7785444408655 6178.43124127388 859.86633694171906 820.44000177830458 22095.274316512048 595.67893847078085 47.715915367007256 5665.269422262907 151.14544203877449 7348.4432300180197 94.856603913009167 1167.8407635390759 2382.2043386027217 1804.6439488530159 7315.7940099313855 355.639803647995
leaf_count=2776 12732 32166 3486 313 14914 18863 1455 33750 34336 3171 9192 12880 19753 80184 7764 26266 3992 3444 102971 13074 213 30065 654 35705 440 5666 11348 9176 31010 1585
internal_value=-2.23841e-05 0.000276043 -0.00114998 -0.00435036 -0.0196679 0.00346348 -0.00572776 0.00278162 0.0015816 -0.010419 -0.00444862 -0.00809914 0.00151902 0.000642405 -0.000617079 0.00550316 0.0187698 0.000751027 0.00211705 -0.0251504 0.00158251 -0.00374483 -0.00457471 -0.00160411 0.00735674 0.00625296 0.0099386 -0.0086836 0.00342685 0.0286573
internal_weight=113026 111335 70952.6 32264.5 1691.24 4835.16 27429.4 40382 32743.3 8149.47 3671.51 3159.12 38688 33943.6 26958.4 6985.25 893.009 29946.8 22963.4 1433.46 22143 19279.9 17802.2 10332.3 2983.85 1477.7 2832.7 7469.91 9040.57 450.496
internal_count=563344 532580 345134 176671 30764 23168 153503 187446 153696 57409 25243 22072 168463 148710 118958 29752 4305 140964 106628 27988 103184 96094 88973 49732 14027 7121 13373 39241 38774 2025
is_linear=0
shrinkage=0.05


Tree=60
num_leaves=31
num_cat=0
split_feature=13 10 5 8 28 0 34 26 29 10 7 13 11 32 32 25 10 14 29 2 11 25 19 12 10 43 28 34 20 13
split_gain=259.309 159.206 164.439 189.764 136.001 124.535 103.53 100.816 100.428 87.033 85.3001 84.8983 87.262 80.6859 106.02 78.7312 73.0636 74.978 65.4757 64.8819 63.891 81.7204 61.5478 57.5689 77.3648 57.5325 75.2935 72.7726 71.8755 61.3437
threshold=3.6429192995512958e-18 0.034687237234987005 -0.04451546794787458 0.06624404749944747 -0.15281782565148083 0.073406368857732343 1.4230357494997927 0.63353154997176742 0.0003652393006425715 0.027073994514440199 -0.032262437897977829 0.014227710885012087 1102.3543309592658 1.5000000000000002 2.5000000000000004 0.73822759470280275 0.01959662847825874 1.0000000180025095e-35 0.042951419798309055 -0.12482529146601205 0.49692311262130401 0.28268014220198273 1.4208864375589136 0.9571428571428573 0.012696657387610688 1.5000000000000002 -0.058320708586583024 1.7137573449897647 0.41137403214467255 0.025739806671739907
decision_type=10 10 10 10 8 10 2 10 10 8 10 10 10 2 2 10 10 10 10 10 8 10 10 10 10 2 10 2 10 10
left_child=5 2 4 11 -2 6 -1 16 20 -9 -5 12 -4 15 18 23 17 22 -15 -3 21 -8 -6 24 -12 28 27 -27 -21 -28
right_child=1 19 3 10 7 -7 8 9 -10 -11 13 -13 -14 14 -16 -17 -18 -19 -20 25 -22 -23 -24 -25 -26 26 29 -29 -30 -31
leaf_value=0.15354892638192183 0.022816039412004843 0.017788801729757893 -0.017565678346316147 -0.002457731280000246 -0.0010218713516724571 0.051782960386680135 0.025228804612249474 -0.0065210050379005697 -0.033561629452450725 0.0017490758998259107 0.101093387480184 -0.0060284576547423065 0.12929543455786055 -0.029110725609492079 0.0026308968647501107 0.002540911490772917 0.0056214613945621307 0.031946026903137685 -0.0036704171571421244 -0.035432096198766645 -0.021881443271720102 -0.012686726096948611 0.010090375254511199 0.011509873092324508 0.02991143283362302 -0.02763511406481664 0.016700138417186379 0.014767845134407806 -0.0016580731954424915 0.0023898963819557785
leaf_weight=8.644111253321169 745.77367597073317 856.35033640265465 2164.7516906745732 25678.499963082373 12749.882478691638 63.725965060293674 214.64090641215444 6408.2077831067145 821.85448075085878 6317.6371833831072 42.973052583634853 10529.89142306149 10.162143427878616 430.73279711604118 9354.3117818459868 936.23334740847349 13357.328255381435 186.84933944046497 612.64624501019716 179.6773404031992 686.03172898292542 420.57911804318428 1381.0632298924029 449.23602224141359 341.65953740477562 105.9804914444685 792.66895671188831 2236.1339865401387 1277.8270970135927 13558.237880423665
leaf_count=52 3449 3603 22996 120510 68876 298 1752 29593 14294 27245 226 58009 228 2164 41610 4047 60139 823 2798 925 7372 6902 6907 2015 1496 442 3601 9332 5336 56219
internal_value=-0.000164087 0.000174869 -0.000688393 -0.00259866 0.00165848 -0.0171013 -0.0191414 0.00126793 -0.0198379 -0.00241539 -0.000823724 -0.00788603 -0.0168795 0.00262463 0.000944692 0.0124927 0.00296163 0.000480228 -0.0141728 0.00433964 -0.0113014 0.000124935 6.41646e-05 0.0236662 0.0378642 0.0037051 0.0045369 0.0128491 -0.00582165 0.00318032
internal_weight=112920 110705 91697.8 50551.1 41146.7 2215.48 2151.75 40401 2143.11 12725.8 37846.3 12704.8 2174.91 12167.8 10397.7 1770.1 27675.1 14317.8 1043.38 19006.9 1321.25 635.22 14130.9 833.869 384.633 18150.5 16693 2342.11 1457.5 14350.9
internal_count=563259 532589 453131 256099 197032 30670 30372 193583 30320 56838 174866 81233 23224 54356 46572 7784 136745 76606 4962 79458 16026 8654 75783 3737 1722 75855 69594 9774 6261 59820
is_linear=0
shrinkage=0.05


Tree=61
num_leaves=31
num_cat=0
split_feature=10 33 33 33 33 33 33 33 33 33 33 5 13 34 33 33 33 10 33 33 12 33 33 33 33 33 33 12 28 33
split_gain=215.844 182.434 174.355 163.127 158.809 137.078 298.469 297.559 613.051 469.925 275.058 257.395 255.976 220.149 271.116 216.641 207.745 161.68 156.175 207.133 213.39 183.622 266.435 179.406 275.646 195.813 614.228 319.446 245.71 197.305
threshold=0.0071627140462959009 -877.49999999999989 -924.49999999999989 -887.49999999999989 -897.49999999999989 -4852.9999999999991 -4551.4999999999991 -4377.4999999999991 -4298.4999999999991 -4180.4999999999991 -4896.4999999999991 -0.2712568082788655 0.028488846613186323 4.5721301983708909 -4515.4999999999991 -4333.4999999999991 -4196.4999999999991 0.03134552365687842 -4161.4999999999991 -4109.4999999999991 2.6000000000000036 -4069.4999999999995 -4088.4999999999995 -3901.4999999999995 -3936.4999999999995 -3435.4999999999995 -3533.4999999999995 0.99285714285714344 0.10204908257943837 -3832.4999999999995
decision_type=8 2 2 2 2 2 2 2 2 2 2 10 10 2 2 2 2 8 2 2 10 2 2 2 2 2 2 10 10 2
left_child=-1 2 5 4 -4 10 12 13 15 16 17 -11 -7 -8 -15 -9 -10 -2 -13 20 -20 22 -21 24 -23 26 29 -28 -27 -25
right_child=1 -3 3 -5 -6 6 7 8 9 11 -12 18 -14 14 -16 -17 -18 -19 19 21 -22 23 -24 25 -26 28 27 -29 -30 -31
leaf_value=-0.017848762153838075 0.018507468830815044 -0.026817355171638649 0.012980555933148678 -0.0086341394861464086 0.056785396583671426 0.027075874224486207 -0.019551213420502825 0.010544893914693182 -0.014340411984813506 0.01232221671965115 -0.035833027376418899 0.029942148257243551 0.0052471279536539994 0.054324481308158416 -0.0068915870587027963 0.042534483205376339 -0.051849306253716032 -0.0091913977985812988 -0.03435954970080355 -0.0062324476300943182 0.014361228836346183 -0.00364768069768686 0.049764969202526925 0.014694236121751851 -0.0345001522234284 -0.001917692076784558 0.045296052471712901 0.012292604079775586 0.0071838222890253005 -0.0037323063210045783
leaf_weight=1644.8645237348974 712.78739826381207 612.4225345775485 492.00269332528114 363.28507331758738 357.06098324805498 1724.9468298628926 3193.7710683867335 1023.7771298661828 2438.2303538918495 4395.5188224762678 768.01878502964973 430.74342401325703 6065.6145075410604 234.18620382249355 794.42994412779808 1095.6687775403261 435.00978253036737 2019.3952322602272 840.90434794127941 404.88732042908669 306.7160085067153 3546.2417057603598 446.86205893754959 1796.4554066956043 909.65820389986038 56647.616422932595 1230.967652335763 1813.1447836905718 8532.3467390686274 7593.1378645971417
leaf_count=31112 3104 3135 2396 1664 1636 7567 15701 4642 11384 18714 4439 2229 25070 1094 3797 4575 2247 10567 4571 1852 1625 16004 1874 8403 4590 282543 5239 8034 36192 37434
internal_value=0.000131149 0.000397045 0.00054772 0.019405 0.031402 0.000338749 0.000660515 -8.74768e-05 0.000496471 -0.000117543 -0.00939649 0.000525714 0.0100803 -0.013072 0.00704554 0.0270822 -0.0200193 -0.00196516 -8.79188e-05 -0.000241784 -0.0213383 5.01895e-05 0.0231461 -0.000189508 -0.00994612 0.000370631 0.00612077 0.0256384 -0.000726263 -0.000206865
internal_weight=112871 111226 110613 1212.35 849.064 109401 105901 98110.3 93887.9 91768.4 3500.2 88895.2 7790.56 4222.39 1028.62 2119.45 2873.24 2732.18 84499.7 84068.9 1147.62 82921.3 851.749 82069.6 4455.9 77613.7 12433.7 3044.11 65180 9389.59
internal_count=563434 532322 529187 5696 4032 523491 505381 472744 452152 442935 18110 429304 32637 20592 4891 9217 13631 13671 410590 408361 6196 402165 3726 398439 20594 377845 59110 13273 318735 45837
is_linear=0
shrinkage=0.05


Tree=62
num_leaves=31
num_cat=0
split_feature=10 32 32 28 32 34 5 5 34 43 13 32 32 34 28 28 43 1 34 43 37 28 43 32 5 28 43 12 10 12
split_gain=213.462 144.195 236.574 232.752 189.293 235.176 130.039 123.21 120.175 117.259 111.477 108.643 137.402 127.366 125.45 117.607 106.6 106.108 105.455 124.813 104.975 98.5242 186 162.249 176.811 141.37 117.492 97.9273 97.7379 98.4516
threshold=0.012377923416965529 3.5000000000000004 2.5000000000000004 -0.061647498003486706 8.5000000000000018 3.553917445348898 -0.36090729617339401 -0.063026135254123136 4.4891978521044527 2.5000000000000004 0.010533444190592411 10.500000000000002 9.5000000000000018 2.8707317708119455 -0.016402718704420668 -0.12187637086042788 5.5000000000000009 -0.10993836099662201 3.3446254681921608 4.5000000000000009 -0.048308304686106134 0.048047128830175999 5.5000000000000009 7.5000000000000009 -0.14230520449795883 -0.044479875691368388 3.5000000000000004 0.68571428571428594 0.017408677589483983 5.235714285714292
decision_type=8 2 2 10 2 2 10 10 2 2 8 2 2 2 10 10 2 10 2 2 10 10 2 2 10 10 2 8 10 8
left_child=7 2 3 -2 6 10 -3 -1 17 -9 -6 12 15 14 -13 -12 27 -4 19 -11 -14 23 -23 24 -8 26 -25 -17 29 -5
right_child=1 4 8 28 5 -7 21 9 -10 18 11 13 20 -15 -16 16 -18 -19 -20 -21 -22 22 -24 25 -26 -27 -28 -29 -30 -31
leaf_value=0.0030772684619419736 0.017113386559107588 0.02202342753424702 0.024863749211813179 -0.013819199445366769 -0.022926704935723307 -0.0049472932904032936 0.006656548382445982 -0.020846371407528777 0.0019713659751161932 0.0054583107799393649 -0.057285342071033397 0.0033082390957462553 0.0041706616547182145 0.0024657724487830686 0.021850548076066911 -0.00320504740781417 0.045420299139384175 -0.014414940598578769 -0.011201200490912612 0.093994168846118567 -0.012114511405850695 0.0092691889345088811 -0.010440911429020702 0.040414328991428883 -0.0027220776370689452 0.0059903621307539102 0.0031791784812049365 0.012207309703522146 0.00017453912482490787 0.014423788631760838
leaf_weight=1735.1049795150757 1867.023535232991 966.50054693222046 177.0944560021162 2376.0045244544744 405.41661661118269 18750.424123603851 7238.3893947452307 2274.4670140333474 1642.0062842257321 708.50308587774634 72.521601185202599 1524.0906934291124 1495.160565495491 5425.2807066291571 2272.0202014669776 1862.6470127701759 172.6160930544138 5907.0960198901594 2256.6395630426705 42.177031300961971 2926.291680984199 11193.803739111871 1340.2597777545452 617.02617187425494 16437.44700441882 3835.9550878368318 322.63456171751022 2307.320525445044 14254.269317176193 354.61332474648952
leaf_count=11916 8895 4155 800 13656 3938 87521 32036 32748 8749 6189 318 6718 6600 24384 9698 8673 707 30994 18637 248 13744 47801 5579 2690 79884 17819 1422 10046 65008 1919
internal_value=-3.7324e-05 0.000523073 -0.0026635 0.000356431 0.00159289 -0.00100304 0.00389563 -0.00848245 -0.0100321 -0.0122799 0.00300254 0.00358467 -0.000377141 0.00738115 0.014406 0.00586218 0.00691675 -0.0132716 -0.005801 0.0104327 -0.00660751 0.00346815 0.0071616 0.00184103 0.00014524 0.0102481 0.0276296 0.0053229 -0.00148554 -0.0101514
internal_weight=112761 105744 26578.1 18851.9 79165.8 37213.8 41952 7016.89 7726.2 5281.79 18463.4 18057.9 8836.56 9221.39 3796.11 4415.11 4342.58 6084.19 3007.32 750.68 4421.45 40985.5 12534.1 28451.5 23675.8 4775.62 939.661 4169.97 16984.9 2730.62
internal_count=563492 493754 130021 89478 363733 172347 191386 69738 40543 57822 84826 80888 40088 40800 16416 19744 19426 31794 25074 6437 20344 187231 53380 133851 111920 21931 4112 18719 80583 15575
is_linear=0
shrinkage=0.05


Tree=63
num_leaves=31
num_cat=0
split_feature=13 32 32 32 32 34 11 32 32 34 7 32 43 32 34 32 3 3 2 34 28 43 25 25 11 28 43 32 28 28
split_gain=209.708 154.982 145.274 266.214 152.419 226.079 163.488 146.138 151.332 144.28 148.662 177.111 131.078 289.95 225.655 224.049 210.279 131.819 124.707 124.089 134.968 121.466 115.027 109.084 129.557 108.669 152.62 127.741 155.333 107.715
threshold=0.0002235970503686912 7.5000000000000009 3.5000000000000004 1.5000000000000002 8.5000000000000018 3.5849059018974727 0.4077919471026637 10.500000000000002 9.5000000000000018 4.5081083213641699 -0.099004902413503168 2.5000000000000004 1.5000000000000002 5.5000000000000009 3.748326219084142 4.5000000000000009 0.11691542288557212 -0.044117647058823532 -0.10999999999999797 2.8478079206112956 -0.016402718704420668 5.5000000000000009 0.27063463227056656 0.27851903939615125 0.45925126174457581 0.077587622724556632 5.5000000000000009 7.5000000000000009 -0.068023422609290798 -0.095362764927343302
decision_type=8 2 2 2 2 2 10 2 2 2 10 2 2 2 2 2 10 10 8 2 10 2 8 10 10 10 2 2 10 10
left_child=1 23 3 29 6 7 -4 8 21 10 11 -5 13 15 -15 17 -17 -8 -10 20 -9 22 -6 24 -1 27 -27 -14 -29 -2
right_child=2 -3 4 9 5 -7 12 19 18 -11 -12 -13 25 14 -16 16 -18 -19 -20 -21 -22 -23 -24 -25 -26 26 -28 28 -30 -31
leaf_value=0.036999603641294322 0.040252243510710967 -0.029688486059120653 0.020485042537508904 0.002357492064582209 -0.0097559141225263771 -0.0047621003573136821 0.027372866103759393 0.002684233445157318 0.02714045065537617 0.0019402722950675425 -0.01664478533988839 -0.011875116975455034 -0.0011232210620418014 -0.015604623937284082 0.016794637934882659 0.049042207773784763 -0.0078645316574835755 -0.0070384265285594648 -0.0096890045662714891 0.0027139609186757814 0.021923415832651779 0.044745929642258216 0.0080277724255507499 -0.014063471773894831 -0.0083518869466567558 0.010125992264594048 -0.0098698273900146918 0.035017007251061688 0.0047104242496227673 0.0026557058192887024
leaf_weight=281.97815880924463 194.01323692500591 973.69875703752041 1355.0429994687438 4001.7221797853708 1250.0969994664192 19259.268758311868 488.62429268658161 1518.2321081310511 242.12753030657768 3749.023615963757 4428.3283857926726 4816.962587878108 23921.295498695225 1277.976785838604 927.4305774345994 937.99686069786549 196.30704483389854 646.55294654518366 4531.7235307097435 6069.7117957808077 2281.3917435705662 182.75852760672569 3335.1090442240238 1158.9816061966121 356.66481183841825 6526.3903209120035 1117.7017417103052 456.96483255177736 5654.1827444694936 10554.577669236809
leaf_count=2123 926 17958 6250 19260 5813 91984 2119 6756 1029 20181 24087 24957 115492 5509 3991 4053 800 2853 21593 27963 9962 752 15265 18460 3169 27869 4642 1965 26750 49177
internal_value=-3.86259e-05 -0.0136226 0.000303852 -0.00282444 0.00136003 -0.000924001 0.00339017 0.00288407 -0.00152812 -0.00671936 -0.00917011 -0.00541668 0.00284062 0.0109311 -0.0019799 0.0234776 0.0391937 0.00777353 -0.00782103 0.00714984 0.0142359 0.00477255 0.00317928 -0.00492041 0.011672 0.00187971 0.00720225 0.000524974 0.00697662 0.00333433
internal_weight=112693 2771.32 109922 27744.6 82176.9 38670.4 43506.5 19411.2 9541.82 16996 13247 8818.68 42151.4 4474.89 2205.41 2269.48 1134.3 1135.18 4773.85 9869.34 3799.62 4767.96 4585.21 1797.62 638.643 37676.5 7644.09 30032.4 6111.15 10748.6
internal_count=563708 41710 521998 138588 383410 181117 202293 89133 44452 88485 68304 44217 196043 19325 9500 9825 4853 4972 22622 44681 16718 21830 21078 23752 5292 176718 32511 144207 28715 50103
is_linear=0
shrinkage=0.05


Tree=64
num_leaves=31
num_cat=0
split_feature=10 33 33 43 5 38 37 43 33 32 33 1 33 33 33 34 33 33 33 3 33 33 43 33 33 32 33 33 11 33
split_gain=205.386 144.663 161.053 177.564 144.622 176.639 122.331 144.176 227.206 110.936 101.455 96.9729 96.4885 131.823 131.247 96.2184 101.461 94.9738 305.211 158.366 138.986 317.602 290.61 302.369 302.618 200.889 419.519 193.945 165.598 155.986
threshold=0.0081165445628313022 -877.49999999999989 -924.49999999999989 1.5000000000000002 -0.076408379893453601 0.015503875968942983 -0.039881831610072076 2.5000000000000004 -4236.4999999999991 11.500000000000002 -4634.4999999999991 0.18421052631579019 -2780.4999999999995 -2416.4999999999995 -2765.4999999999995 3.7364777226057306 -908.49999999999989 -2185.4999999999995 -2154.4999999999995 -0.050528519772193518 -2329.4999999999995 -2369.4999999999995 1.5000000000000002 -2584.4999999999995 -2605.4999999999995 5.5000000000000009 -2765.4999999999995 -4088.4999999999995 1.2091266914709011 -2651.4999999999995
decision_type=8 2 2 2 8 8 10 2 2 2 2 10 2 2 2 2 2 2 2 8 2 2 2 2 2 2 2 2 10 2
left_child=-1 2 4 -4 17 6 -6 -8 10 -10 -9 -7 -11 14 -14 -5 -17 20 -19 -20 21 22 27 24 25 -24 -27 -2 -25 -29
right_child=1 -3 3 15 5 11 7 8 9 12 -12 -13 13 -15 -16 16 -18 18 19 -21 -22 -23 23 28 -26 26 -28 29 -30 -31
leaf_value=-0.015993654847831572 0.0082522806390918895 -0.024230279307707034 0.061654058771155873 0.025632744392990531 0.0010591543612913086 0.00075356358997314082 -0.0098894285193531738 -0.013454730389887421 -0.0063253121301405785 -0.0036159718320116063 0.019193478025416853 0.018170082350075403 0.014805737170533358 0.0046306070669644575 0.09406836476943832 0.033769204341088259 -0.0180707977206742 0.043126397441847708 0.014661052545114659 0.00030618470458212532 -0.016347968439174701 0.04149339148941291 -0.0050447692814849588 -0.021942132173630512 0.054721123925508125 0.0042547235018026031 0.087194035788496743 0.073354872307742014 0.0086344450686721818 0.023195882965972921
leaf_weight=1997.1937891244888 2273.7516608387232 603.40409847348928 199.02448190748692 495.92920244112611 9350.4838288202882 39182.547611694783 11055.119177747518 281.06878903508186 10456.257180619985 552.08101283758879 1551.2346557304263 815.8641292899847 98.395881429314613 284.5574714653194 111.30632443726063 125.18777893856168 383.61160818487406 551.78026824444532 2799.0759032964706 6127.0557224042714 1083.328650392592 497.53754761815071 8293.715754725039 2309.8563773706555 262.46760998666286 9321.1477829292417 155.00052344799042 215.96952159702778 547.83139243721962 549.03251568973064
leaf_count=35170 9808 3118 931 2261 43586 174832 65708 1206 56615 2726 7171 3416 465 1489 501 625 1781 2380 12204 30073 5654 2059 39662 10566 1175 41757 648 978 2412 2368
internal_value=-0.000102452 0.000184681 0.000318694 0.0185071 0.000117323 -0.00113879 -0.00380326 -0.00566738 -0.00216714 -0.00477201 0.0141854 0.00110882 0.0107504 0.0267975 0.056877 0.00996025 -0.0053158 0.00276467 0.00703844 0.00480762 0.00117678 0.00195402 0.0011319 -0.000969663 0.00142503 0.00063783 0.00561135 0.0155792 -0.0160805 0.0373564
internal_weight=112531 110534 109930 1203.75 108726 73738.9 33740.5 24390 13334.9 11502.6 1832.3 39998.4 1046.34 494.26 209.702 1004.73 508.799 34987.6 9477.91 8926.13 25509.6 24426.3 23928.8 20890 18032.3 17769.9 9476.15 3038.75 2857.69 765.002
internal_count=563345 528175 525057 5598 519459 357715 179467 135881 70173 61796 8377 178248 5181 2455 966 4667 2406 161744 44657 42277 117087 111433 109374 96220 83242 82067 42405 13154 12978 3346
is_linear=0
shrinkage=0.05


Tree=65
num_leaves=31
num_cat=0
split_feature=10 33 33 43 19 37 8 11 43 32 33 10 34 33 33 10 34 33 33 33 33 32 9 32 33 43 28 43 33 33
split_gain=183.772 139.559 141.76 173.186 133.931 139.803 144.093 128.679 192.853 119.454 205.291 113.906 110.614 110.162 453.393 166.241 159.055 138.796 313.163 304.304 295.25 436.043 177.741 136.309 146.776 122.512 109.585 107.966 105.93 134.733
threshold=0.0071627140462959009 -877.49999999999989 -924.49999999999989 1.5000000000000002 0.51877777770062894 -0.046398360793820807 1.0000000180025095e-35 1.2049050969915747 3.5000000000000004 4.5000000000000009 -1207.4999999999998 0.018368432779294026 3.7364777226057306 -1773.9999999999998 -2054.4999999999995 0.028334528206577204 3.630984598539754 -2126.4999999999995 -2185.4999999999995 -2584.4999999999995 -2765.4999999999995 11.500000000000002 0.037880543637078039 5.5000000000000009 -1519.4999999999998 3.5000000000000004 0.11561812248582334 3.5000000000000004 -4634.4999999999991 -3435.4999999999995
decision_type=8 2 2 2 8 10 8 10 2 2 2 10 2 2 2 10 2 2 2 2 2 2 8 2 2 2 10 2 2 2
left_child=-1 2 4 -4 5 7 -7 8 -2 10 11 -8 -5 14 17 -16 -17 18 19 20 -11 -22 -19 24 -15 -21 27 -20 -10 -30
right_child=1 -3 3 12 -6 6 9 -9 28 13 -12 -13 -14 23 15 16 -18 22 26 25 21 -23 -24 -25 -26 -27 -28 -29 29 -31
leaf_value=-0.017011476262679067 0.0087440563689018883 -0.023786342388025142 0.059643222731677818 0.025661351710209564 0.0031535034467468966 -0.013183651081861451 -0.012476598516569196 -0.0051420189115171664 -0.046157119241191862 -7.5340659034971784e-05 0.03487651462017808 -0.0032502203459309703 -0.0074566656191152464 -0.038722194002837107 0.032342834197125116 0.02345461036529109 -0.0065953064647906292 -0.029494081814995483 0.0041251526457022738 -0.0087986399865735334 0.0057593100971139307 0.076620555815794689 0.011796376023882638 -0.0069738507254927659 0.026918058401161151 -0.029242193061366308 0.012591923671595853 0.05750835170741711 0.0097670610875395282 -0.0096204174488156366
leaf_weight=1568.0587320588529 10411.556960210204 601.79785713553429 201.9051318615675 498.53055701032281 27939.290876369923 2745.4052474200726 4508.3869608193636 3844.0583143755794 144.67237436771393 23361.194611288607 318.48713412880898 12965.991014242172 510.11771822720766 100.6772325783968 1379.1291039660573 926.71924278140068 839.04552872478962 862.37651316076517 128.70588140934706 2804.6033920869231 712.74367486685514 312.18502460420132 373.51965136826038 7781.0599617473781 552.68495953455567 992.05725881457329 706.84564693272114 358.6331202685833 1406.9688646644354 2468.1756816655397
leaf_count=31154 46629 3146 954 2284 125234 21321 28194 17214 609 111087 1762 62669 2448 517 6147 3790 3414 4370 567 14867 3374 1323 1516 39184 2582 4965 2922 1538 6264 10923
internal_value=-1.43379e-05 0.0002263 0.000357485 0.0173734 0.000168411 -0.00086116 -0.00198231 0.0029872 0.00515257 -0.00146965 -0.00490556 -0.00563062 0.00891212 -2.06931e-05 0.00125637 0.0193352 0.00917567 -0.000600889 8.96589e-05 -0.000973004 0.00107703 0.0273431 -0.017015 -0.00513197 0.0168035 -0.0141405 0.0251685 0.0434099 -0.00414959 -0.0025813
internal_weight=112326 110758 110156 1210.55 108945 81005.9 62730.5 18275.4 14431.4 59985 17792.9 17474.4 1008.65 42192.2 33757.8 3144.89 1765.76 30612.9 29377 28182.8 24386.1 1024.93 1235.9 8434.42 653.362 3796.66 1194.18 487.339 4019.82 3875.14
internal_count=562968 531814 528668 5686 522982 397748 316109 81639 64425 294788 92625 90863 4732 202163 159880 13351 7204 146529 140643 135616 115784 4697 5886 42283 3099 19832 5027 2105 17796 17187
is_linear=0
shrinkage=0.05


Tree=66
num_leaves=31
num_cat=0
split_feature=12 3 0 19 32 0 32 11 43 37 11 5 5 32 10 34 10 22 34 32 28 25 13 29 4 25 32 11 0 12
split_gain=181.037 146.94 185.583 97.2203 94.6671 80.9862 75.3612 73.3091 106.741 66.0691 68.5423 65.1444 63.8144 62.2151 78.5004 65.6468 62.6839 84.6754 84.1429 60.8598 59.3715 57.7259 56.6568 55.5024 52.2483 59.1238 49.725 49.3532 49.3423 47.9499
threshold=1.0000000180025095e-35 -0.061919504643963834 0.00072098090830075023 -0.55329757344760966 7.5000000000000009 0.095238095238095691 3.5000000000000004 1.2539494027097147 3.5000000000000004 -0.064216512384704591 0.45925126174457581 -0.25086228231171254 -0.11179427570677912 3.5000000000000004 0.018738503608189207 7.1092665293338628 0.0020160736838804069 0.99194870079909336 2.9014216150426262 6.5000000000000009 0.0053203272269682833 0.16567156198759539 0.022229972947667622 -0.17180794447467559 0.011111111111111628 0.70977464737662721 1.5000000000000002 0.66627751896973963 -0.028004661613793721 0.87857142857142934
decision_type=8 8 8 8 2 8 2 10 2 10 8 10 8 2 10 2 8 10 2 2 10 10 10 10 10 10 2 10 10 10
left_child=4 7 3 22 6 12 11 8 9 10 -2 -1 27 14 26 16 17 18 -15 -20 -10 -12 28 -8 -14 29 -5 -4 -3 -26
right_child=1 2 5 13 -6 -7 23 -9 20 -11 21 -13 24 15 -16 -17 -18 -19 19 -21 -22 -23 -24 -25 25 -27 -28 -29 -30 -31
leaf_value=0.15219878792164165 0.046930910848453904 0.036738572050692975 0.01533709483142842 -0.0040912220971153195 -0.033030992376874256 0.014729232291818032 0.14729753943853885 -0.0019470894868007212 -0.006254991865084502 0.003066128992248617 0.0065913131249158005 -0.030650600958430169 -0.001992850891007729 0.2486774001337998 -0.0015116308035277813 -0.021367859064878092 0.00051978798257382858 -0.054234432939126526 0.14999065499641709 -0.047169953432586093 0.0048511641304961163 0.015730769574122543 -0.0037324383018351665 0.00054947697166525099 0.012530724151213432 0.00034584501404047804 -0.018633069722889431 0.0039835005815995663 -0.010240199430685383 0.0030805781457556064
leaf_weight=4.9494424909353247 131.54675645381212 56.474717997014523 1144.5926813408732 1033.6095283739269 576.72555413469672 1195.8829273730516 6.5066402591764918 3996.7076304107904 2356.4617465659976 3867.5316051021218 4035.4644151777029 307.87622363492846 12252.079579118639 8.259916804730894 5474.9181116595864 344.4778319299221 23779.550215229392 9.9138634763658029 7.8304216675460321 7.8259304128587246 2459.1090725362301 3021.1528871580958 13564.606514014304 661.64159096777439 2044.7943362593651 13507.668995589018 1363.1488335505128 5845.3752676993608 5424.4149870537221 3907.1360724195838
leaf_count=38 701 291 5024 6221 13692 5068 82 18068 10454 18137 17364 7608 63057 128 25492 2251 113715 148 111 131 10701 13221 64946 9320 9267 59527 9194 25810 36102 17882
internal_value=-2.8145e-05 0.00020974 -0.000641032 -0.00263699 -0.0169552 0.00191411 -0.0075041 0.0041053 0.00562941 0.00833562 0.0111708 -0.0277576 0.00151812 -0.000954842 -0.00481529 0.000303061 0.000616546 0.0686289 0.119559 0.0514386 -0.000583546 0.0105042 -0.00546593 0.00197856 0.000564902 0.0021753 -0.0123619 0.00584263 -0.00975613 0.00632719
internal_weight=112398 110841 90972.6 51075 1557.7 39897.5 980.974 19868 15871.3 11055.7 7188.16 312.826 38701.6 32029.5 7871.68 24157.9 23813.4 33.8301 23.9163 15.6564 4815.57 7056.62 19045.5 668.148 31711.7 19459.6 2396.76 6989.97 5480.89 5951.93
internal_count=563751 533011 444365 258730 30740 185635 17048 88646 70578 49423 31286 7646 180567 157391 40907 116484 114233 518 370 242 21155 30585 101339 9402 149733 86676 15415 30834 36393 27149
is_linear=0
shrinkage=0.05


Tree=67
num_leaves=31
num_cat=0
split_feature=13 0 32 32 12 32 32 34 7 32 35 13 32 34 43 28 28 43 5 32 28 43 28 2 28 20 43 43 5 7
split_gain=173.062 139.92 130.574 235.049 160.347 129.087 220.597 236.589 125.344 149.071 115.203 114.365 117.701 128.23 115.654 108.846 97.0097 156.402 111.148 134.058 143.468 97.47 95.4177 95.3831 92.9257 89.0546 88.9174 167.482 105.113 94.298
threshold=3.6429192995512958e-18 -0.043478137365810403 3.5000000000000004 1.5000000000000002 2.9142857142857168 8.5000000000000018 10.500000000000002 2.8707317708119455 -0.099004902413503168 2.5000000000000004 0.087464436160043194 0.054879874410491351 9.5000000000000018 3.7049980795281185 2.5000000000000004 -0.016402718704420668 0.088531738955866926 5.5000000000000009 -0.1336934873167929 7.5000000000000009 -0.044479875691368388 1.5000000000000002 0.042810188260791186 -0.03387474176828386 -0.061647498003486706 0.70299077099754337 1.5000000000000002 1.0000000180025095e-35 -0.2965947058681081 -0.0294117647058823
decision_type=10 10 2 2 8 2 2 2 10 2 10 10 2 2 2 10 10 2 10 2 10 2 10 10 10 10 2 2 10 10
left_child=10 -2 3 26 8 16 11 15 9 24 -1 12 13 14 -7 -8 18 -18 21 22 25 -4 -20 -9 -5 -21 27 28 -3 -28
right_child=1 2 5 4 -6 6 7 23 -10 -11 -12 -13 -14 -15 -16 -17 17 -19 19 20 -22 -23 -24 -25 -26 -27 29 -29 -30 -31
leaf_value=-0.016107563883837297 0.009066345190145866 -0.022147944540528781 0.019509902698686847 0.016186973877934295 0.0015464800974250735 -0.016275213317126339 0.0031108183715221737 0.007330040123756737 -0.016727884893726831 -0.012451023988531096 0.062736358524131397 0.0031264497508715601 -0.011694244274439007 -0.0098003920053916227 0.0067832017706464451 0.020345559420681298 0.010967047437418088 -0.0097429483757946068 -0.0036004996900312705 0.04382103768321427 0.0037252285068458979 0.0044279574138732054 0.0052533270585007888 -0.0023322108888741986 -0.0029476009879485822 0.0091768426919770236 -0.0013170930269218108 0.059986478420011438 0.018675369260682393 0.010780836406826359
leaf_weight=2013.6527766603976 4399.9880179613829 220.29580657184124 1233.8850015178323 826.50377975404263 4206.8662856519222 643.64927151799202 1497.4291746132076 3264.6572128944099 4224.8466690741479 4149.5404470972717 47.421628460288048 3413.4443496614695 7046.5799302794039 3487.8756621778011 3505.5778853669763 2359.7455881945789 6432.1746814213693 1062.1814132221043 15935.391009323299 388.64151699468493 4933.9631905965507 8128.1589518934488 3761.2942150905728 11736.913581572473 2731.4619156830013 354.87716455757618 7405.7063989937305 185.29275220632553 554.76955055445433 2058.422855373472
leaf_count=30239 18716 1242 5377 3941 21681 3456 6758 14488 24934 22258 234 14385 36377 17467 16308 10799 27251 4420 82347 1734 24076 35831 17353 57588 13645 1608 35372 899 2362 9968
internal_value=6.13407e-05 0.000329941 -3.35575e-05 -0.00306703 -0.00684702 0.000984043 -0.00117399 0.00261023 -0.00980623 -0.00601215 -0.0142935 -0.00511747 -0.00703389 -0.00273389 0.00320626 0.0136547 0.00287253 0.0080318 0.00175942 4.1436e-05 0.00681067 0.00641571 -0.00190977 -0.000229502 0.0014973 0.0272856 0.00278517 0.0172816 0.00707221 0.00131417
internal_weight=112211 110150 105750 26563.7 16139.2 79186.4 36955.9 18858.7 11932.4 7707.51 2061.07 18097.1 14683.7 7637.1 4149.23 3857.17 42230.6 7494.36 34736.2 25374.2 5677.48 9362.04 19696.7 15001.6 3557.97 743.519 10424.5 960.358 775.065 9464.13
internal_count=563114 532641 513925 136302 86459 377623 177626 89633 64778 39844 30473 87993 73608 37231 19764 17557 199997 31671 168326 127118 27418 41208 99700 72076 17586 3342 49843 4503 3604 45340
is_linear=0
shrinkage=0.05


Tree=68
num_leaves=31
num_cat=0
split_feature=13 1 0 35 37 20 29 6 19 13 11 25 5 34 43 2 28 28 20 28 34 13 10 8 11 5 8 13 34 19
split_gain=167.08 124.913 127.443 132.206 116.732 108.221 98.1619 87.5899 79.9761 91.3032 78.6471 87.6954 69.4434 63.9458 63.5989 56.2902 53.183 51.794 61.9092 54.7654 48.0629 46.7081 56.9015 46.0637 43.4371 44.7149 42.9395 41.4595 41.3683 50.7326
threshold=3.6429192995512958e-18 -0.076470588235292278 0.00072098090830075023 -0.004237288135624905 -0.039881831610072076 0.84226279963587813 -0.0010347821200943194 90.617846176021501 -0.52799494004406411 0.022565561201284227 0.49692311262130401 0.28268014220198273 -0.21245532356701816 1.4230357494997927 1.5000000000000002 -0.11643835616438351 -0.15281782565148083 0.28054648692423673 3.9180145606621135 0.12307709582208684 5.0385746102491726 -1.0755285551056203e-17 0.019408789455487588 1.0000000180025095e-35 0.54249142168730902 -0.043209876543207508 0.0052093770875084608 0.095371385661568595 5.1146949189038038 1.0724148731318188
decision_type=8 8 8 10 8 10 10 10 10 10 10 10 8 2 2 10 10 8 8 10 2 10 10 8 8 10 10 10 2 10
left_child=6 5 3 4 -3 15 10 12 9 16 11 21 -4 -8 -7 -2 -5 18 19 24 -19 22 -1 -23 25 -14 -18 -16 29 -10
right_child=1 2 7 8 -6 14 13 -9 28 -11 -12 -13 17 -15 27 -17 26 20 -20 -21 -22 23 -24 -25 -26 -27 -28 -29 -30 -31
leaf_value=0.14547123763496711 0.029666674815979399 0.0091771277945746407 0.0091169917928702344 -0.041759676174880071 -0.00034189460864204576 0.02022050863953781 0.11282796773802772 0.019886891541902429 -0.0012635423683113951 -0.0033635962044728015 -0.020614391797208875 -0.0086790674338400372 0.018788972746248776 -0.029344458973188547 -0.003728065935735081 0.010974116465371334 -0.018405781415871028 -0.017012688596380342 0.029054837104731942 0.0066719610445123718 0.018724384010912021 -0.011970260806154015 0.028279041865171273 0.038139041852641248 0.00027568530498387671 0.0019587788184421656 -0.0074632749928916046 0.022277747384936836 -0.0061776727415100603 0.0053516842362939928
leaf_weight=17.992600373923779 687.39886175096035 4589.19323027879 2958.4788171648979 139.46260077133775 10800.07425487414 403.26975562423468 7.9879733473062506 673.45612210035324 19402.239227067679 15154.408046916127 445.73353473469615 355.10603860020638 649.96096479520202 799.9599447697401 1829.0831253379583 972.5994570851326 1227.5182470977306 644.27560566365719 201.77733657509089 4229.2701467499137 110.17152822762728 71.379411142319441 24.409573443233967 128.29680552333593 34324.305123634636 1004.6950436010957 3324.8826674371958 167.27382805943489 3412.8875361606479 3407.2258019447327
leaf_count=186 2972 21282 12457 823 54158 1838 46 3036 96523 70823 5940 6193 3064 15503 7697 4094 9716 2927 875 17673 502 903 142 686 161807 5112 20776 690 18819 16298
internal_value=4.16733e-05 0.000291636 -3.72369e-05 -0.00151562 0.00249675 0.00889937 -0.0148564 0.00199102 -0.00285596 -0.00525062 -0.00472151 0.00714081 0.00171787 -0.0279388 0.00210944 0.0187146 -0.0113456 0.00118609 0.00142843 0.00128979 -0.011794 0.0303471 0.0780074 0.0202262 0.000657128 0.0085698 -0.0104138 -0.00154905 -0.00104357 -0.000275375
internal_weight=112165 110314 106254 61457.9 15389.3 4059.63 1850.87 44796.4 46068.6 19846.3 1042.92 597.184 44122.9 807.948 2399.63 1660 4691.86 41164.5 40410 40208.2 754.447 242.078 42.4022 199.676 35979 1654.66 4552.4 1996.36 26222.4 22809.5
internal_count=563561 533962 516671 309218 75440 17291 29599 207453 233778 102138 14050 8110 204417 15549 10225 7066 31315 191960 188531 187656 3429 1917 328 1589 169983 8176 30492 8387 131640 112821
is_linear=0
shrinkage=0.05


Tree=69
num_leaves=31
num_cat=0
split_feature=10 7 0 0 35 43 12 43 37 11 8 43 20 0 7 20 32 20 11 20 43 8 11 32 32 3 12 32 32 43
split_gain=141.131 106.827 99.3339 132.291 101.191 95.5732 113.679 128.416 87.8285 80.5432 124.446 67.7412 64.4664 64.0835 73.5219 63.9278 54.1667 65.3986 52.6858 52.6534 66.3684 59.7718 52.2551 51.7672 96.8772 81.5549 63.9795 59.8141 54.749 78.3412
threshold=0.012377923416965529 -0.10434552321296973 -0.043478137365810403 0.00072098090830075023 -0.0031565848907428302 2.5000000000000004 0.59999999999999964 4.5000000000000009 -0.039881831610072076 0.34923208308325987 0.0058493788509955688 1.5000000000000002 3.4158040763876456 0.095238095238095691 -0.16999566348655673 0.81558307622902204 3.5000000000000004 2.0136993246429036 1.5805104715059499 0.24555699178894674 1.5000000000000002 0.054288216162121657 1.070946385869364 10.500000000000002 9.5000000000000018 -0.012658227848101387 10.337500000000004 4.5000000000000009 8.5000000000000018 5.5000000000000009
decision_type=8 10 10 10 10 2 10 2 8 10 10 2 10 10 8 10 2 8 10 8 2 10 10 2 2 8 10 2 2 2
left_child=1 9 15 4 8 11 7 16 -4 10 -1 18 -13 14 22 -2 -7 -18 -3 20 -6 -22 -5 24 27 26 -25 -21 -29 -30
right_child=2 5 3 13 19 6 -8 -9 -10 -11 -12 12 -14 -15 -16 -17 17 -19 -20 23 21 -23 -24 25 -26 -27 -28 28 29 -31
leaf_value=0.016000667850117695 0.015718212915595445 0.005410638878358286 0.0078772671561188543 0.0077202543622528243 -0.039808259906116195 -0.019513668785310165 -0.010981530101823516 0.087269980630828414 -0.00038960058734000544 0.0018076748403705039 0.13222221748527194 -0.021499350049864859 0.024604243012136338 0.013203957996974601 0.00064743365035762441 0.0032829947884405347 0.0058525369604695981 0.051685972306456877 0.10554561178661899 -0.0047994660978474806 -0.01872273530656365 0.0061521635741241384 0.00043552365973843657 0.0085887592943291735 -0.01083466884945437 -0.0037801928061393904 -0.016438230621331828 0.0012277332168695173 -0.0067594164698888404 0.033139029967315783
leaf_weight=96.543877869844437 1618.393611587584 128.71503325924277 4593.0324659645557 7646.6070661991835 194.00450730323792 179.98385536298156 2107.7484411150217 50.193677119910717 10692.119747549295 1189.7284605614841 30.249678015708923 2115.7997848242521 78.641731601208448 1299.1932032108307 30374.871685028076 2859.907917201519 716.30852887779474 87.316692372784019 14.628910068422554 13052.881921429187 550.03491384908557 430.52406256645918 3630.5488967224956 3405.8569515198469 3683.5497119762003 3726.2426832355559 276.06509559601545 13263.716869335622 3825.8285941705108 127.12008198350668
leaf_count=925 6973 949 21002 33318 1469 2409 15239 394 52313 7448 245 32501 1107 5500 139464 12111 7250 1111 93 65536 5977 2802 15625 15483 18051 17594 1227 60597 18005 528
internal_value=3.94662e-05 -0.00694403 0.000490379 0.000166567 -0.00139482 -0.0100169 -0.00432041 0.0092605 0.00209451 0.00584501 0.0437281 -0.0176718 -0.0198471 0.00226851 0.00192741 0.0077769 0.00527966 0.0108325 0.0156299 -0.0026487 -0.0130878 -0.00780117 0.00537502 -0.00235225 -0.00317851 0.00143465 0.00671227 -0.00224682 -0.000311525 -0.00547635
internal_weight=112046 6795.86 105250 100772 57821 5479.34 3141.55 1033.8 15285.2 1316.52 126.794 2337.79 2194.44 42951.2 41652 4478.3 983.609 803.625 143.344 42535.8 1174.56 980.559 11277.2 41361.3 33953.1 7408.16 3681.92 30269.5 17216.7 3952.95
internal_count=563246 69671 493575 474491 280584 61053 26403 11164 73315 8618 1170 34650 33608 193907 188407 19084 10770 8361 1042 207269 10248 8779 48943 197021 162717 34304 16710 144666 79130 18533
is_linear=0
shrinkage=0.05


Tree=70
num_leaves=31
num_cat=0
split_feature=12 33 33 33 33 33 33 33 8 33 43 1 43 34 28 32 33 43 33 32 33 9 33 33 3 28 9 13 26 43
split_gain=139.229 131.844 146.473 412.638 848.171 406.936 383.171 507.691 351.151 316.31 307.387 281.83 245.66 241.926 187.243 346.279 268.958 168.289 196.418 573.472 369.49 215.93 177.37 232.425 219.912 176.549 162.972 148.752 148.342 151.064
threshold=1.0000000180025095e-35 -877.49999999999989 -2369.4999999999995 -2728.4999999999995 -2765.4999999999995 -2744.4999999999995 -2329.4999999999995 -2220.4999999999995 0.063492063492063613 -2154.4999999999995 1.5000000000000002 -0.12403100775193669 3.5000000000000004 4.0681713220359965 -0.05394249048575115 9.5000000000000018 -1968.4999999999998 1.5000000000000002 -1787.4999999999998 3.5000000000000004 -2054.4999999999995 0.035288048817009428 -1207.4999999999998 -1135.4999999999998 -0.031446540880503297 0.28054648692423673 0.017674885168844603 0.024421180315657671 0.6684280329470893 2.5000000000000004
decision_type=8 2 2 2 2 2 2 2 8 2 2 10 2 2 10 2 2 2 2 2 2 8 2 2 10 10 8 10 10 2
left_child=-1 2 3 4 -2 27 8 11 -4 12 -5 -8 -9 14 15 16 -11 -16 19 -19 21 -21 24 -24 28 -22 -12 -6 29 -20
right_child=1 -3 6 10 5 -7 7 9 -10 13 26 -13 -14 -15 17 -17 -18 18 22 20 25 -23 23 -25 -26 -27 -28 -29 -30 -31
leaf_value=-0.015291804581052757 -0.00034836194648434776 -0.023310503203453556 0.072188686006750657 0.015900111308065151 0.11265210187757371 0.013508547910084724 0.055276390761766284 0.0035921489249924167 0.01443421190206293 -0.013161062675968711 -0.023716047721700714 -0.035495137192902065 0.045516241177115294 -0.0037064866096282977 0.038275554785791782 -0.0029622384028601349 0.036919373125383195 -0.020521697430953556 0.036242320386007117 -0.015532903508690922 0.02806580677667235 0.017600692936081793 0.036184072052511389 0.0017030734336377204 -0.010689592838450019 -0.029106210964529356 -0.0090298427731990722 0.056595740815327915 -0.0063400926756274735 0.0023424417045229532
leaf_weight=1490.9877707306296 59325.127707436681 598.66973165795207 338.57796443998814 1021.4606882557273 168.59120696783066 572.54866855591536 92.047004982829094 652.19593983888626 1181.9447844550014 318.16753570362926 2574.6872417926788 1204.4947414770722 752.66719786822796 12494.298178851604 332.18475567549467 1453.0008391849697 1703.518694140017 1324.547238484025 629.60081012174487 1127.7093231640756 3402.4942419268191 871.89040389657021 612.26951307803392 2422.022701445967 5874.7025830633938 140.61316853761673 7093.0895451903343 397.09617766737938 1097.7494859546423 687.45003233850002
leaf_count=30814 284245 3227 1477 4661 764 2418 449 3353 5008 1528 14714 6260 3260 62334 1612 6626 7989 6579 3428 5281 14478 3553 3459 12531 30725 585 31808 1642 5020 3437
internal_value=-0.000114771 9.00788e-05 0.00021759 -0.00112906 0.000471919 0.0432251 0.0026926 0.00168684 0.0272945 0.00279703 -0.010185 -0.0290509 0.0260533 0.00184981 0.00500565 0.0156565 0.0290378 0.00300772 0.0023637 0.00903539 0.0160987 -0.00108558 -0.00168232 0.00866076 -0.0054683 0.0257969 -0.012941 0.0733022 0.007234 0.0185479
internal_weight=111956 110465 109867 71152.6 60463.4 1138.24 38714.1 37193.6 1520.52 35897.1 10689.2 1296.54 1404.86 34492.2 21997.9 3474.69 2021.69 18523.2 18191 6867.25 5542.71 1999.6 11323.8 3034.29 8289.5 3543.11 9667.78 565.687 2414.8 1317.05
internal_count=563265 532451 529224 340252 289069 4824 188972 182487 6485 175778 51183 6709 6613 169165 106831 16143 9517 90688 89076 30476 23897 8834 58600 15990 42610 15063 46522 2406 11885 6865
is_linear=0
shrinkage=0.05


Tree=71
num_leaves=31
num_cat=0
split_feature=3 8 11 13 0 26 0 29 34 9 3 0 31 2 43 20 34 11 43 20 26 6 28 19 34 10 34 34 10 5
split_gain=133.007 184.406 140.853 112.91 107.049 105.272 73.3883 69.1028 96.576 80.1071 86.7638 66.8647 66.4106 60.3714 58.5748 58.0893 57.4328 55.1326 77.1435 54.7941 48.8781 48.8482 48.0086 47.4911 47.3646 68.9698 53.1792 46.0673 43.8677 42.5852
threshold=-0.060867884054856651 0.0038367680939879194 0.45925126174457581 0.018427185807696773 0.0011128112609254395 0.26346457227188685 -0.049735692484020703 -0.012927331745652618 3.1201574153827991 5.3318292351334139e-10 -1.0000000180025095e-35 0.095238095238095691 1.5000000000000002 -0.057971014492753596 1.5000000000000002 3.0990932545834049 4.1994547652339618 1.0848554262689358 3.5000000000000004 0.82477285097682829 0.049631855340804512 90.617846176021501 0.28054648692423673 -0.76544250529553703 3.1884144917545725 0.021592038732858795 3.4641709562952632 3.9749973637596994 0.032564487832791242 -0.097785977859779702
decision_type=8 8 8 10 8 10 10 10 2 8 10 8 2 10 2 10 2 8 2 10 8 10 8 10 2 10 2 2 10 10
left_child=12 3 5 7 6 -3 -4 8 9 10 -2 21 13 14 -1 -10 24 18 -14 -16 -8 22 -6 -22 29 26 -26 -17 -20 -7
right_child=1 2 4 -5 11 16 20 -9 15 -11 -12 -13 17 -15 19 27 -18 -19 28 -21 23 -23 -24 -25 25 -27 -28 -29 -30 -31
leaf_value=0.034495796783187684 0.22287545238223594 0.0044530382446892015 0.0089024605244703795 -0.0026331557735512919 0.0010864419302651089 0.037867876957012714 -0.01229441261230925 -0.023510081054131379 -0.018466680510013822 0.0046718879933500866 0.043372797537435455 0.013101830879128629 0.0078882766215256344 0.0042596249615331361 0.019520996718391678 -0.023648465929039332 0.0030610423297089016 -0.0011491567771312228 -0.0074457258644805499 -0.00077905753762954439 -0.0052579366884091495 0.016534994387153765 -0.012704001201747257 -0.0013093350214351861 0.13604049769868964 0.033143381684653611 0.054813698544855217 0.099699799154002053 0.0050587598627329531 0.00071010300338095883
leaf_weight=355.39669884741306 8.1251543350517732 1670.8381106890738 1448.044946976006 3182.2204534560442 36126.821170173585 164.45457775145769 1247.3963709995151 1543.9631649497896 965.44152034446597 333.15184192731977 39.258641900494695 1189.0219240635633 6280.4833235666156 2482.8124968260527 871.84245512634516 12.597968542948367 197.40616397559643 6827.1003738641739 1617.4295047149062 537.25955417752266 9998.9929329231381 502.88891171291471 642.32681094110012 31937.638582762331 33.077876321971416 211.30874041095376 51.559167418628931 18.964035367593169 1238.3964275121689 145.1775392331183
leaf_count=1678 159 9614 6071 16258 168211 784 9034 28213 10848 3039 923 5074 27936 11349 3713 212 1040 30876 7504 2287 51380 2229 2902 154129 248 981 390 299 5145 874
internal_value=5.68747e-05 -0.000752603 -0.000153657 -0.0091491 -0.000503685 0.0116034 -0.00216965 -0.0162465 -0.00810548 0.0133236 0.0741531 0.00142958 0.00372846 0.00928498 0.0163561 -0.0162845 0.0264818 0.00225006 0.00479012 0.011781 -0.00254092 0.00105722 0.000845534 -0.0022508 0.0341165 0.0484196 0.0865588 0.0504654 -0.0020233 0.0204457
internal_weight=111881 91670.7 85567 6103.72 83093.1 2473.82 44632.1 2921.5 1377.54 380.536 47.3838 38461.1 20210.7 4247.31 1764.5 997.004 802.984 15963.4 9136.31 1409.1 43184 37272 36769.1 41936.6 605.578 295.946 84.637 31.562 2855.83 309.632
internal_count=563400 472912 412961 59951 399030 13931 220614 43693 15480 4121 1082 178416 90488 19027 7678 11359 4317 71461 40585 6000 214543 173342 171113 205509 3277 1619 638 511 12649 1658
is_linear=0
shrinkage=0.05


Tree=72
num_leaves=31
num_cat=0
split_feature=20 1 33 33 33 33 33 3 33 33 32 33 33 32 8 3 33 33 1 13 28 33 33 12 12 33 13 11 34 32
split_gain=126.662 146.449 122.295 360.51 694.218 355.602 355.194 315.443 274.428 277.408 462.567 290.295 412.848 227.879 224.87 210.588 209.484 236.89 199.091 196.246 183.32 181.06 436.4 178.9 162.868 154.927 147.512 133.782 133.647 126.039
threshold=0.38812081926979508 -0.017462464266985885 -2369.4999999999995 -2728.4999999999995 -2765.4999999999995 -2329.4999999999995 -2744.4999999999995 0.010062039304531758 -2220.4999999999995 -1773.9999999999998 3.5000000000000004 -2054.4999999999995 -2126.4999999999995 1.5000000000000002 0.30967927760124453 -0.034782608695652133 -1452.4999999999998 -1410.4999999999998 -0.10993836099662201 0.057635842273110936 0.055435727473662079 -1207.4999999999998 -1135.4999999999998 1.1357142857142872 1.6285714285714297 -1426.4999999999998 0.031858903107803142 1.0476999036953736 5.1388819027941137 6.5000000000000009
decision_type=8 10 2 2 2 2 2 8 2 2 2 2 2 2 10 10 2 2 10 8 10 2 2 8 10 2 10 10 2 2
left_child=1 -1 3 4 -2 7 -6 26 18 10 -10 12 -12 20 28 24 -17 25 -7 -14 -11 23 -23 -19 27 -18 -4 -15 -13 -30
right_child=2 -3 5 -5 6 8 -8 -9 9 13 11 14 19 15 -16 16 17 21 -20 -21 -22 22 -24 -25 -26 -27 -28 -29 29 -31
leaf_value=0.00494751655106411 -5.505228407942318e-05 -0.011063420875376768 0.094351848187507317 -0.00953035318014641 0.070797095082486466 0.041041105066805576 0.013228715019461591 0.0053439780015381412 -0.012397051428948347 0.021774150989493785 0.017502110660146637 0.031069072016115192 -0.023470607896278216 0.022587263599389118 0.006938813114859688 -0.013037413187521045 0.0058497035042143399 -0.035070553551072581 -0.031395978543257472 0.0082535213193458534 -0.008252700514128998 0.030437240011709329 -0.0067757908253137629 -0.0050946548182516996 -0.0017737638995504398 0.046278636338362149 0.039054212372474383 -0.0030437135042830554 -0.020695701788185306 0.027377491432220725
leaf_weight=1997.2720781266689 56236.55999686569 5012.7257842831314 156.66696070879698 10120.958153270185 509.3475603312254 105.88029758632183 565.32939689606428 790.26411159336567 2213.9991014972329 1801.0193549115211 2412.3450417071581 3283.892582219094 1420.4051973633468 1728.2211867198348 2112.2063080519438 6078.4256928265095 580.77426545321941 776.13642894849181 911.10772384703159 742.2139720916748 708.18561851233244 1023.3332883231342 3423.437595974654 1387.6727492809296 3498.0771592669189 400.28639654442668 523.8922173678875 721.71009475365281 261.57933838292956 284.78843601047993
leaf_count=9741 268775 40525 724 48566 2166 510 2380 3342 11451 10761 10490 14524 7175 8149 8714 30242 2778 7782 4500 3034 3233 7366 23454 6783 15686 1890 2187 3461 1394 1415
internal_value=5.25341e-06 -0.00650162 0.000440582 -0.000830662 0.000705672 0.00273592 0.0405135 0.026832 0.00174803 0.00249497 0.00837526 0.012748 0.00328073 -0.000888388 0.0200366 -0.00270306 -0.00612017 -0.000581724 -0.0238544 -0.0125828 0.0132995 -0.00398427 0.00178803 -0.0158467 0.00515035 0.0223453 0.0517839 0.0150368 0.0272594 0.00436194
internal_weight=111789 7010 104779 67432.2 57311.2 37346.5 1074.68 1470.82 35875.7 34858.7 12731.4 10517.4 4574.96 22127.3 5942.47 19618.1 13670.1 7591.64 1016.99 2162.62 2509.2 6610.58 4446.77 2163.81 5948.01 981.061 680.559 2449.93 3830.26 546.368
internal_count=563198 50266 512932 321887 273321 191045 4546 6253 184792 179782 58197 46746 20699 121585 26047 107591 80295 50053 5010 10209 13994 45385 30820 14565 27296 4668 2911 11610 17333 2809
is_linear=0
shrinkage=0.05


Tree=73
num_leaves=31
num_cat=0
split_feature=13 32 32 43 28 10 32 32 11 13 32 43 5 43 28 29 43 43 5 11 43 32 32 3 28 3 29 11 26 43
split_gain=120.634 98.4142 186.093 136.578 124.699 152.543 106.151 148.549 139.166 123.079 124.503 107.373 118.951 100.218 97.4044 94.8628 91.7475 135.112 91.2781 90.4899 79.3291 243.037 197.251 211.353 105.828 105.388 86.3495 101.389 87.4791 85.5448
threshold=3.6429192995512958e-18 3.5000000000000004 1.5000000000000002 1.0000000180025095e-35 -0.021246413378806544 0.018832820177485502 8.5000000000000018 10.500000000000002 0.4726332921222931 0.065722356859060652 9.5000000000000018 2.5000000000000004 -0.21641139850485738 5.5000000000000009 -0.14182924113010537 0.0003652393006425715 1.5000000000000002 1.0000000180025095e-35 -0.2965947058681081 0.90174740286372912 1.5000000000000002 5.5000000000000009 4.5000000000000009 0.11691542288557212 0.12307709582208684 -0.044117647058823532 -0.075044131526214419 1.6801257006762238 0.090387244486172205 1.0000000180025095e-35
decision_type=10 2 2 2 10 10 2 2 10 10 2 2 8 2 8 10 2 2 10 8 2 2 2 10 10 10 10 10 10 2
left_child=15 2 16 -4 -5 -6 8 9 -3 10 19 12 -9 -13 -12 -1 17 18 -2 -8 21 22 25 -24 29 -10 27 -22 -28 -23
right_child=1 6 3 4 5 -7 7 11 20 -11 14 13 -14 -15 -16 -17 -18 -19 -20 -21 26 24 23 -25 -26 -27 28 -29 -30 -31
leaf_value=-0.0042125027002256005 -0.019311062468200139 0.015157751412280457 -0.023139194639629206 0.000317496091262467 -0.020248942740663793 -0.0048094864752222582 -0.0073700239186101218 0.012996935878301988 0.022800393001677161 0.0070789157485517873 0.02630138354220702 0.0068443545886534025 -0.0033693046135603111 -0.027941714509656542 -0.010747630173188343 -0.027098070519788915 0.0012151780102134778 0.053730252404857119 0.01859568992781676 0.0030647026752394658 0.0056812634449609333 -0.017109037776415027 0.045192469162017884 -0.012354345330619547 0.01823076318518679 -0.008001673903598211 -0.011439731894387491 0.059141005002582431 0.00078021622999609446 0.006031747575393296
leaf_weight=1279.8248289879411 221.93592594563961 2131.8744728304446 1056.3530462682247 7140.3640090040863 2124.1091255117208 6481.3886914253235 3570.6748419199139 1265.4246113523841 489.9151171669364 2191.5260224640369 181.42350219190121 9068.9236457869411 9052.1007249113172 211.88766675442457 8008.662745622918 700.72594302892685 9868.6563751846552 201.60741820186377 558.31949051469564 4968.9948556255549 6726.7315246909857 1134.898188456893 907.27945961803198 193.59905618429184 449.51875796914101 641.07265955209732 1543.3306174352765 89.87543660402298 28692.605708470568 616.22073466330767
leaf_count=16283 1260 11742 5888 37860 14743 31516 18063 5272 2142 9159 786 40696 46137 882 40821 14324 47097 1004 2374 23185 29622 4745 3973 791 1826 2843 10330 431 134589 3099
internal_value=-7.93868e-05 0.000141239 -0.00243875 -0.00573491 -0.0045673 -0.00862043 0.00100984 -0.000902878 0.00269903 -0.00406295 -0.00552249 0.00214803 -0.00136202 0.00605016 -0.00992694 -0.0123095 0.00266541 0.0172416 0.00781349 -0.00129835 0.00205878 0.00838035 0.0200061 0.0350724 -0.0034104 0.005341 0.00130255 0.00638612 0.000156474 -0.00896577
internal_weight=111770 109789 27652.7 16802.2 15745.9 8605.5 82136.5 38519.6 43616.9 18921.3 16729.8 19598.3 10317.5 9280.81 8190.09 1980.55 10850.5 981.863 780.255 8539.67 41485 4432.5 2231.87 1100.88 2200.64 1130.99 37052.5 6816.61 30235.9 1751.12
internal_count=563483 532876 141742 90007 84119 46259 391134 185001 206133 92014 82855 92987 51409 41578 41607 30607 51735 4638 3634 41248 194391 19419 9749 4764 9670 4985 174972 30053 144919 7844
is_linear=0
shrinkage=0.05


Tree=74
num_leaves=31
num_cat=0
split_feature=13 3 19 35 28 35 35 8 6 7 5 0 14 28 22 19 11 5 38 28 11 28 7 13 28 0 20 14 7 43
split_gain=123.679 105.339 100.325 90.0982 74.3479 84.9981 71.1172 67.207 62.5422 54.6407 52.5436 49.712 48.6664 70.6209 50.8945 55.0687 62.6023 47.9702 80.5257 67.8958 71.2012 50.3604 47.9193 45.8867 45.4767 42.8407 42.6854 42.0918 40.945 39.6447
threshold=3.6429192995512958e-18 -0.061919504643963834 -0.57745457163186875 0.071428571428284529 0.0058724522079043667 -2.8366198279172746e-14 -0.012820512820520156 0.16897827536677948 90.617846176021501 -0.022556390977443604 -0.04451546794787458 -0.066376418866422746 1.0000000180025095e-35 -0.15281782565148083 0.80446819883203624 -0.34670618281380833 1.102603651339068 -0.03906250000000016 0.0086310542986239875 -0.004090909133074268 0.53449205492524554 0.12307709582208684 -0.041486277964153377 0.010533444190592411 -0.062968986742369462 -1.0000000180025095e-35 1.0468195578939095 1.0000000180025095e-35 -0.023529411764705851 1.0000000180025095e-35
decision_type=10 8 8 8 10 10 10 10 10 10 10 10 10 8 10 10 10 8 8 8 10 10 8 10 10 10 8 8 10 2
left_child=3 6 7 4 22 -6 27 10 17 -9 -3 -8 13 -13 15 16 -14 19 21 -4 -21 29 -1 -12 -25 -22 28 -2 -20 -19
right_child=1 2 8 -5 5 -7 11 9 -10 -11 23 12 14 -15 -16 -17 -18 18 26 20 25 -23 -24 24 -26 -27 -28 -29 -30 -31
leaf_value=-0.014759909252727205 0.015334097965111468 -0.0022819446550065422 -0.00066130341537746346 0.033107734954765468 0.01772592333198417 -0.020154195231681927 0.020361700261260853 -0.00039560937874289978 0.014602605782582751 0.015104189013564404 -0.02215505798305006 0.025212892762658153 -0.00090213431914515146 0.0027946410954643821 0.0053482273829786667 0.0041085823665333414 -0.019501773573053622 -0.019526202042293359 0.0017408436797387112 0.017713728064263592 0.0002969244300384589 0.013283440588988595 -0.035199898194743742 0.0034796822262152327 -0.0080139378452771144 0.0065629440310344626 -0.00053862581565745698 0.0011218816465895366 0.0097910204986827974 -0.0042472317767877467
leaf_weight=828.83666753023863 1827.8049513399601 10340.160057574511 10872.066648783162 102.73515285551548 309.70419545657933 283.78834631480277 374.290841370821 6974.8081354722381 781.49173075705767 619.06315598636866 506.54563040845096 361.51910837739706 785.95242478698492 12419.498494505882 1254.0656579211354 797.27644235640764 1065.9865755811334 442.36355478316545 6584.0905409269035 979.80948009900749 5103.9796182140708 396.15270221419632 438.41116264089942 976.52138016372919 7251.6843215227127 5859.2598099373281 19722.741633940488 728.65821705013514 2078.0691026337445 10547.572888728231
leaf_count=9952 8129 53192 53320 501 4211 4954 1659 31536 3536 2765 5663 1628 3306 56149 5341 3464 4654 2394 30428 4989 23801 1813 10932 5348 40804 26474 87030 3159 9684 62366
internal_value=-3.67677e-05 0.000185954 -0.000537386 -0.0124748 -0.0149915 -0.000387086 0.00350621 -0.00311014 0.000545379 0.000867956 -0.00469385 0.00234071 0.00193643 0.00342876 -0.00295007 -0.00687826 -0.0116082 0.000369851 -0.000678592 0.00219748 0.00479991 -0.0042309 -0.0218312 -0.00754905 -0.00664988 0.00364577 0.000746351 0.0112832 0.0036721 -0.00486224
internal_weight=111615 109651 90036.4 1963.48 1860.74 593.493 19615.1 26668.8 63367.6 7593.87 19074.9 17058.6 16684.3 12781 3903.28 2649.22 1851.94 62586.1 39771 22815.1 11943 11386.1 1267.25 8734.75 8228.21 10963.2 28384.9 2556.46 8662.16 10989.9
internal_count=563182 532632 445143 30550 30049 9165 87489 139308 305835 34301 105007 76201 74542 57777 16765 11424 7960 302299 193715 108584 55264 66573 20884 51815 46152 50275 127142 11288 40112 64760
is_linear=0
shrinkage=0.05


Tree=75
num_leaves=31
num_cat=0
split_feature=29 38 8 11 11 34 28 34 43 43 32 6 9 28 32 5 36 32 5 2 6 26 12 20 5 32 32 32 12 43
split_gain=95.1264 109.886 250.009 106.923 102.456 105.941 89.9482 122.588 121.566 115.179 148.729 105.105 85.8961 83.1583 73.1572 71.999 68.7576 67.4321 88.9448 65.0574 62.4248 61.323 60.6197 59.3426 57.137 80.7489 90.4721 56.4508 84.1716 87.2122
threshold=0.17412196025988549 -0.067122976189248215 0.0045265943823101793 0.4726332921222931 1.070946385869364 2.4890560511953486 0.0027733422256535768 3.2790279743899156 1.5000000000000002 2.5000000000000004 3.5000000000000004 48.860528267351995 0.017570784210746638 -0.15281782565148083 8.5000000000000018 0.22631578947368483 0.26315789473684253 3.5000000000000004 -0.033599199287732855 -0.014405762304921575 1.0000000180025095e-35 0.10440663753916767 6.5285714285714347 0.48133477226131227 -0.032258064516128719 7.5000000000000009 3.5000000000000004 6.5000000000000009 0.80714285714285783 6.5000000000000009
decision_type=10 10 10 8 10 2 10 2 2 2 2 10 10 8 2 10 2 2 8 10 10 10 10 10 8 2 2 2 10 2
left_child=1 4 24 14 13 23 15 9 12 10 -8 -12 17 -1 21 27 -15 18 -9 -10 -16 -4 -7 -6 -3 26 -26 28 29 -5
right_child=-2 2 3 6 5 22 7 8 19 -11 11 -13 -14 16 20 -17 -18 -19 -20 -21 -22 -23 -24 -25 25 -27 -28 -29 -30 -31
leaf_value=0.025889813119980145 0.0059027483623739462 -0.0076211824971421224 0.0025435019117728275 -0.013533265544611607 -0.015934225920335662 -0.0026860078538248453 -0.026584254747425685 0.043774567819616736 -0.0064543303864154251 0.0057913691677163211 0.015072044068253784 -0.0066936108981414146 0.0048332329918567814 0.00080516513201956308 -0.047732805690987375 0.0038126814903805812 0.0070176252529039924 0.064308916762593579 -0.0098074417181769728 -0.00092242720192799469 0.00037107128496119564 0.02106110198557487 -0.016384408551118501 0.015790632507125847 -0.023958580558756951 -0.030583627711446671 0.0046157204364948882 -0.0016542514317800976 -0.0036047182517577625 0.025478948304255972
leaf_weight=442.63449574261904 6352.7433115579188 2142.7111106924713 711.9760024510324 4138.7861804440618 171.03136885166168 6469.4112794287503 629.77325561270118 166.68789245188236 7479.4464983455837 13412.712832346559 835.20512490719557 1651.1694450303912 1299.1168182864785 8797.7068926990032 79.036884292960167 3183.1590542197227 9020.3799818530679 110.72430937737226 144.66999086737633 18364.163833193481 459.76543552428484 1201.706068534404 922.83948380500078 1066.9701819568872 582.76940931193531 890.84924953617156 527.99278586171567 11620.779503524303 8588.1401781886816 148.39348285645247
leaf_count=1996 26507 16690 3861 23261 899 29792 3387 740 35468 59991 3969 7467 5573 39960 1380 14059 42089 513 761 86965 2691 5922 4079 4624 10040 15194 9022 59487 46387 707
internal_value=-3.90081e-05 -0.000397608 -0.00134393 -0.000676623 0.0023603 -0.00212904 -0.00102742 0.000374993 -0.00166651 0.00377956 -0.00487977 0.000617752 0.0111999 0.00448202 0.00958951 -0.00326149 0.00395021 0.0307959 0.0188781 -0.00252343 -0.00668528 0.0141717 -0.0043961 0.0114078 -0.0132955 -0.0193697 -0.010376 -0.00418074 -0.00646106 -0.0121829
internal_weight=111613 105261 78369.7 74225.4 26891 8630.25 71772.9 44093.7 27564.8 16528.9 3116.15 2486.37 1721.2 18260.7 2452.48 27679.3 17818.1 422.082 311.358 25843.6 538.802 1913.68 7392.25 1238 4144.32 2001.61 1110.76 24496.1 12875.3 4287.18
internal_count=563481 536974 413535 362589 123439 39394 348735 204834 130020 74814 14823 11436 7587 84045 13854 143901 82049 2014 1501 122433 4071 9783 33871 5523 50946 34256 19062 129842 70355 23968
is_linear=0
shrinkage=0.05


end of trees

feature_importances:
Column_33=607
Column_32=289
Column_28=144
Column_43=137
Column_10=129
Column_5=104
Column_13=90
Column_34=66
Column_12=64
Column_7=59
Column_0=57
Column_19=57
Column_38=55
Column_37=52
Column_11=48
Column_1=44
Column_3=44
Column_20=36
Column_8=34
Column_9=28
Column_4=25
Column_2=22
Column_25=18
Column_29=16
Column_36=13
Column_6=12
Column_26=12
Column_35=10
Column_14=3
Column_22=3
Column_17=1
Column_31=1

parameters:
[boosting: gbdt]
[objective: binary]
[metric: binary_logloss]
[tree_learner: serial]
[device_type: cpu]
[data_sample_strategy: bagging]
[data: ]
[valid: ]
[num_iterations: 500]
[learning_rate: 0.05]
[num_leaves: 31]
[num_threads: 2]
[seed: 42]
[deterministic: 0]
[force_col_wise: 0]
[force_row_wise: 0]
[histogram_pool_size: -1]
[max_depth: -1]
[min_data_in_leaf: 100]
[min_sum_hessian_in_leaf: 0.001]
[bagging_fraction: 0.8]
[pos_bagging_fraction: 1]
[neg_bagging_fraction: 1]
[bagging_freq: 1]
[bagging_seed: 400]
[bagging_by_query: 0]
[feature_fraction: 0.8]
[feature_fraction_bynode: 1]
[feature_fraction_seed: 30056]
[extra_trees: 0]
[extra_seed: 12879]
[early_stopping_round: 0]
[early_stopping_min_delta: 0]
[first_metric_only: 0]
[max_delta_step: 0]
[lambda_l1: 0]
[lambda_l2: 0]
[linear_lambda: 0]
[min_gain_to_split: 0]
[drop_rate: 0.1]
[max_drop: 50]
[skip_drop: 0.5]
[xgboost_dart_mode: 0]
[uniform_drop: 0]
[drop_seed: 17869]
[top_rate: 0.2]
[other_rate: 0.1]
[min_data_per_group: 100]
[max_cat_threshold: 32]
[cat_l2: 10]
[cat_smooth: 10]
[max_cat_to_onehot: 4]
[top_k: 20]
[monotone_constraints: ]
[monotone_constraints_method: basic]
[monotone_penalty: 0]
[feature_contri: ]
[forcedsplits_filename: ]
[refit_decay_rate: 0.9]
[cegb_tradeoff: 1]
[cegb_penalty_split: 0]
[cegb_penalty_feature_lazy: ]
[cegb_penalty_feature_coupled: ]
[path_smooth: 0]
[interaction_constraints: ]
[verbosity: -1]
[saved_feature_importance_type: 0]
[use_quantized_grad: 0]
[num_grad_quant_bins: 4]
[quant_train_renew_leaf: 0]
[stochastic_rounding: 1]
[linear_tree: 0]
[max_bin: 255]
[max_bin_by_feature: ]
[min_data_in_bin: 3]
[bin_construct_sample_cnt: 200000]
[data_random_seed: 175]
[is_enable_sparse: 1]
[enable_bundle: 1]
[use_missing: 1]
[zero_as_missing: 0]
[feature_pre_filter: 1]
[pre_partition: 0]
[two_round: 0]
[header: 0]
[label_column: ]
[weight_column: ]
[group_column: ]
[ignore_column: ]
[categorical_feature: ]
[forcedbins_filename: ]
[precise_float_parser: 0]
[parser_config_file: ]
[objective_seed: 16083]
[num_class: 1]
[is_unbalance: 0]
[scale_pos_weight: 1]
[sigmoid: 1]
[boost_from_average: 1]
[reg_sqrt: 0]
[alpha: 0.9]
[fair_c: 1]
[poisson_max_delta_step: 0.7]
[tweedie_variance_power: 1.5]
[lambdarank_truncation_level: 30]
[lambdarank_norm: 1]
[label_gain: ]
[lambdarank_position_bias_regularization: 0]
[eval_at: ]
[multi_error_top_k: 1]
[auc_mu_weights: ]
[num_machines: 1]
[local_listen_port: 12400]
[time_out: 120]
[machine_list_filename: ]
[machines: ]
[gpu_platform_id: -1]
[gpu_device_id: -1]
[gpu_use_dp: 0]
[num_gpu: 1]

end of parameters

pandas_categorical:null
