tree
version=v4
num_class=1
num_tree_per_iteration=1
label_index=0
max_feature_idx=43
objective=binary sigmoid:1
feature_names=Column_0 Column_1 Column_2 Column_3 Column_4 Column_5 Column_6 Column_7 Column_8 Column_9 Column_10 Column_11 Column_12 Column_13 Column_14 Column_15 Column_16 Column_17 Column_18 Column_19 Column_20 Column_21 Column_22 Column_23 Column_24 Column_25 Column_26 Column_27 Column_28 Column_29 Column_30 Column_31 Column_32 Column_33 Column_34 Column_35 Column_36 Column_37 Column_38 Column_39 Column_40 Column_41 Column_42 Column_43
feature_infos=[-0.12:0.12000000000000011] [-0.27172392675394719:0.4049280000000004] [-0.3970037453183527:0.63520000000000043] [-0.52830188679245282:1.6033777777777782] [-0.5535714285714286:5.1415094339622645] [-0.75585266742168999:12.090909090909097] [0:99.999999998989509] [-0.91871999999999998:0] [0:10.917241379310346] [0:0.11425235081910329] [0:0.10683669729320865] [0:3445.3822046328423] [0:515.10714285714289] [-4.163336342344337e-17:0.27093091016750215] [0:19] none none [0:5] none [-3.1643928874535838:4.3643480359932054] [5.5864717998893885e-06:4.1985595522176551] [-0.99999999999999978:1] [0:45.319180968864195] none none [0.0026041666666666665:1] [0.0026041666666666665:1] none [-0.40705882352941181:1.3050847457627124] [-1.0806305512711645:4.2222886349675433] none [1:7] [1:12] [0:3769] [0.40546510810816438:8.6995980780714959] [-0.76390614461680451:8.9927378358748484] [0:1] [-0.89818879338964941:1.2327341532637432] [-0.89912170089584331:1.7608797379500749] [0:1] none none none [0:7]
tree_sizes=3512 3565 3560 3543 3565 3574 3561 3557 3546 3555 3566 3565 3545 3582 3545 3549 3568 3546 3536 3591 3561 3572 3560 3562 3553 3544 3558 3548 3559 3567 3552 3562 3568 3549 3560 3562 3551 3594 3541 3573 3565 3605 3602 3572 3583 3577 3562 3564 3580 3563 3557 3561 3587 3580 3565 3601 3553 3581 3597 3579 3591 3568 3573 3603 3564 3553 3581 3585 3610 3586 3557 3590 3579 3608 3598 3584 3558 3567 3568 3548 3566 3584 3568 3551 3541 3564 3555 3535 3548 3574 3598 3566 3555 3538 3540 3586 3547 3614 3521 3560 3575 3563 3536

Tree=0
num_leaves=31
num_cat=0
split_feature=10 9 32 32 7 28 28 7 10 32 11 32 32 43 32 7 10 43 43 32 43 32 32 38 32 20 32 43 32 10
split_gain=13230.8 4575.3 4363.97 2711.43 1526.07 1601.83 1177.56 1445.02 1006.76 943.561 900.481 1063.25 837.476 787.178 737.21 675.05 634.18 630.145 532.429 506.677 451.196 446.528 424.972 407.631 405.002 405.112 391.929 377.13 365.014 348.663
threshold=0.023960469425160249 0.012010234049177289 3.5000000000000004 3.5000000000000004 -0.2937418407310704 0.10158477345046087 0.076958845395104017 -0.19230769230769221 0.0089591209302084997 1.5000000000000002 0.37014327620638726 8.5000000000000018 1.5000000000000002 3.5000000000000004 8.5000000000000018 -0.25281250439453806 0.032236166968142639 1.5000000000000002 1.0000000180025095e-35 5.5000000000000009 2.5000000000000004 11.500000000000002 8.5000000000000018 -0.13468622795742272 3.5000000000000004 0.48589275348414068 11.500000000000002 3.5000000000000004 8.5000000000000018 0.016483576442611086
decision_type=10 8 2 2 10 10 10 8 8 2 10 2 2 2 2 10 10 2 2 2 2 2 2 10 2 10 2 2 2 8
left_child=1 8 12 9 18 10 7 17 -1 29 11 -6 20 22 -7 -14 26 19 -4 -5 -2 -15 23 -9 -10 -26 28 -28 -12 -3
right_child=2 3 4 6 5 14 -8 13 24 -11 16 -13 15 21 -16 -17 -18 -19 -20 -21 -22 -23 -24 -25 25 -27 27 -29 -30 -31
leaf_value=-0.70043567730222966 -0.60531059224734274 -0.67533347004928712 -0.52686037942567299 -0.54876661360706669 -0.54143970564392929 -0.58371166730773283 -0.61778477272857446 -0.57897591749658173 -0.68589350863607335 -0.67852936425132127 -0.62688509623590793 -0.68171886961522654 -0.62511633360336361 -0.64364089995339802 -0.61701397567694016 -0.66245293578686648 -0.61519514471730097 -0.62759433609751181 -0.5927035634241451 -0.64718558011954808 -0.63905516456317835 -0.61169233542256474 -0.66636165416365623 -0.65072928965100141 -0.68912180320378158 -0.66179043906357116 -0.63255603602631638 -0.5880184001304023 -0.64279884059034631 -0.64048416566752131
leaf_weight=3837.53407984972 1287.9921508282423 938.81723013520241 328.38262768089771 480.48277112841606 638.68500056862831 4349.2052904963493 4754.6550042331219 204.98488871753216 3557.9681401103735 7900.1673318743706 8777.0596893429756 171.31041416525841 1457.2685363292694 11101.728449374437 2689.4379004836082 7152.5487961769104 10890.641474664211 4893.1949565857649 4721.6585392355919 179.6725320070982 4290.2184592336416 1213.1850966215134 7113.2242420017719 5755.1711038500071 1619.3128199130297 8331.1554055064917 911.47084476053715 993.28399769961834 6112.9341455698013 3047.6529485732317
leaf_count=16980 5699 4154 1453 2126 2826 19244 21038 907 15743 34956 38836 758 6448 49122 11900 31648 48188 21651 20892 795 18983 5368 31474 25465 7165 36863 4033 4395 27048 13485
internal_value=-0.640585 -0.655853 -0.622486 -0.647839 -0.614141 -0.617796 -0.640951 -0.644511 -0.677836 -0.668522 -0.623072 -0.571108 -0.646356 -0.649565 -0.596436 -0.656133 -0.624593 -0.621408 -0.588422 -0.575553 -0.631264 -0.640494 -0.65811 -0.648262 -0.671415 -0.666238 -0.630686 -0.609331 -0.633418 -0.648691
internal_weight=119701 64928.9 54772.1 47582.9 40584.1 35534 35696.3 30941.6 17346 11886.6 28495.4 809.995 14188 25388.3 7038.64 8609.82 27685.4 5553.35 5050.04 660.155 5578.21 12314.9 13073.4 5960.16 13508.4 9950.47 16794.7 1904.75 14890 3986.47
internal_count=529643 287292 242351 210541 179573 157228 157946 136908 76751 52595 126084 3584 62778 112336 31144 38096 122500 24572 22345 2921 24682 54490 57846 26372 59771 44028 74312 8428 65884 17639
is_linear=0
shrinkage=1


Tree=1
num_leaves=31
num_cat=0
split_feature=10 10 5 5 28 37 10 33 33 33 43 38 5 34 28 11 28 28 9 9 5 37 33 8 33 38 43 43 10 28
split_gain=12032.9 4256.9 2167.8 1729.35 1647.44 1382.98 1053.52 971.43 922.038 837.587 645.49 483.119 482.249 475.95 473.087 453.449 451.094 393.101 385.021 380.668 359.717 404.239 343.854 331.741 306.823 338.305 326.773 306.365 279.265 260.481
threshold=0.023960469425160249 0.013645992192404144 -0.17887627489072314 -0.15267996388410096 0.10158477345046087 0.003193774102602243 0.031727526615837991 2810.5000000000005 3249.5000000000005 3342.5000000000005 1.5000000000000002 -0.17111827404895999 -0.075925925925925772 2.7986345156290233 inf 0.39948800956933311 0.071291175382840924 0.10158477345046087 0.01238821353930411 0.047793369357871519 -0.10789844590156443 0.011184311322168907 510.50000000000006 0.058967460283249847 909.50000000000011 -0.11288199425687161 3.5000000000000004 2.5000000000000004 0.0089591209302084997 -0.031567977183154343
decision_type=10 8 10 8 10 10 10 2 2 2 2 10 10 2 8 10 10 10 10 8 10 10 2 10 2 10 2 2 10 10
left_child=1 9 11 10 6 12 20 -6 -9 13 -3 -2 14 27 19 23 -7 28 -14 -5 -4 -22 -8 -13 26 -26 -12 -1 -15 -20
right_child=2 3 4 5 7 16 22 8 -10 -11 24 15 18 17 -16 -17 -18 -19 29 -21 21 -23 -24 -25 25 -27 -28 -29 -30 -31
leaf_value=-0.027752429519094807 0.063340795837512676 0.05662264534708418 0.016175842142707682 -0.0096471064860828085 0.020793652599745416 -0.0056541034931447071 0.033647471387416729 0.069389358726242648 -0.0046682305861082676 -0.06438908802548092 -0.016810779176755865 0.015647941459692276 -0.038011639834289443 -0.054691067261264374 -0.047560669810832235 0.031017915271783006 0.012322363915942358 0.00075648208193300828 -0.030586104840292477 0.033963755289294302 -0.0076815801752732537 0.0079110281962808272 0.014604539044982573 0.11629533718057468 0.0379552226172181 0.0076420130644552012 0.030308948176305441 0.02328792942756391 -0.034447822406272401 -0.014894848219334629
leaf_weight=607.65958186984062 1811.8840335905552 820.93596340715885 3309.3577188104391 8808.6812031716108 5699.4656154215336 12563.864930763841 2849.0968036353588 2387.2262594103813 510.09740442037582 2650.4514818936586 1623.6421699821949 116.4354385137558 3856.0427362918854 2238.4436639547348 785.97287890315056 6330.4322119057178 4831.9142921417952 655.89671823382378 3878.3718350380659 530.51223419606686 10992.848641499877 6683.9633442759514 14112.845446452498 275.80372352898121 1345.8271609842777 2911.8400482833385 475.75768114626408 569.58383402228355 7131.9015399515629 8315.7588187754154
leaf_count=2718 7909 3603 14590 39153 24989 55817 12522 10418 2238 11892 7197 511 17233 10095 3506 27787 21319 2918 17266 2347 48601 29531 62100 1192 5947 12900 2105 2534 31790 36902
internal_value=9.12417e-05 -0.0145476 0.0172613 -0.00784165 0.0130137 -0.0115879 0.00853646 0.0327773 0.0563509 -0.0391127 0.0148986 0.0404262 -0.0188499 -0.033133 -0.0103052 0.0342503 -0.000660895 -0.0366643 -0.0242403 -0.00716979 0.0010467 -0.0017857 0.0178032 0.0864184 0.00951044 0.0172239 -0.00613269 -0.00305765 -0.0392836 -0.0198855
internal_weight=119683 64603.1 55079.5 50749.1 46544.9 43571.1 37948.1 8596.79 2897.32 13853.9 7178 8534.56 26175.3 11203.5 10125.2 6722.67 17395.8 10026.2 16050.2 9339.19 20986.2 17676.8 16961.9 392.239 6357.07 4257.67 2099.4 1177.24 9370.35 12194.1
internal_count=529630 287242 242388 225295 204989 193543 167344 37645 12656 61947 31752 37399 116407 50055 45006 29490 77136 44803 71401 41500 92722 78132 74622 1703 28149 18847 9302 5252 41885 54168
is_linear=0
shrinkage=0.05


Tree=2
num_leaves=31
num_cat=0
split_feature=9 5 7 8 9 8 33 19 33 38 7 8 11 11 37 0 33 33 34 33 33 5 33 7 38 9 33 33 7 33
split_gain=9308.31 3062.12 2995.51 1870.25 1631.13 1386.95 700.977 653.536 575.303 544.113 501.79 488.722 796.37 430.37 419.97 396.171 381.112 574.055 366.74 358.869 718.97 357.267 294.902 292.733 257.251 256.234 249.826 540.802 268.797 238.05
threshold=0.018562192112633023 -0.11695906432748486 -0.27208710137155356 0.35405797493219454 0.010761465680265607 0.099557305439658253 3388.5000000000005 -0.081786144088164828 471.50000000000006 0.016845744504582653 -0.20469274328859063 0.036885580352484355 0.37014327620638726 0.51374304914029623 -0.012244477994940882 0.094827586206897477 429.50000000000006 909.50000000000011 2.8707317708119455 2810.5000000000005 3249.5000000000005 -0.26484583389845939 175.50000000000003 -0.1275720027652307 -0.12273876644132402 0.036076266594542238 484.50000000000006 429.50000000000006 -0.19526931286754193 2892.5000000000005
decision_type=10 8 8 10 8 10 2 10 2 10 8 10 8 10 10 10 2 2 2 2 2 10 2 10 10 10 2 2 8 2
left_child=1 5 16 7 6 8 11 10 -1 15 -4 -3 23 -7 25 26 22 -18 -9 -5 29 -19 -2 -13 -10 -12 27 28 -6 -21
right_child=2 4 3 19 9 13 -8 18 24 -11 14 12 -14 -15 -16 -17 17 21 -20 20 -22 -23 -24 -25 -26 -27 -28 -29 -30 -31
leaf_value=0.037740548984041777 0.023318614866938002 -0.041660784280366424 0.011673592711112624 0.019160108756859341 0.04281757425346909 0.099880057695481944 -0.061448222715171169 0.023171851712451962 0.022335229875855626 -0.0045882075346220571 -0.013558469995190512 0.072995861630044859 -0.027622219858453124 0.020409753535541655 0.0023237816354696825 0.092468296526302424 0.0035534976210890839 0.054923019223958716 0.0067399645559681788 0.0847852278544034 0.0047554821226551205 0.02983210113400106 0.071940805338407535 -0.00048124282743199163 -0.0056493610209854264 0.0061309138017951875 -0.023627622263368106 0.060304633535500141 -0.019179770080621699 0.045015019151492981
leaf_weight=1043.212519004941 413.39783619344234 5703.9098549187183 6045.7259535044432 8640.3447205424309 188.91455438733101 510.47871652245522 2584.1172068864107 4359.4547594934702 944.99588488042355 7229.8600349128246 11053.587291672826 279.62230186164379 3578.5563477128744 255.69508656859398 12119.717934563756 76.972021758556366 1303.9490625858307 2425.0250948518515 15359.14548227191 451.92385831475258 1170.6474725753069 3418.9347416162491 1269.563467413187 263.09210100769997 6269.7477122545242 1942.8184395432472 15881.677875906229 266.62276700139046 2345.1422886550426 2247.4821531921625
leaf_count=4591 1797 25881 26541 37867 832 2178 11820 19190 4159 32120 49073 1214 16152 1124 53520 338 5688 10482 67727 1939 5145 14883 5473 1165 27846 8547 70956 1182 10484 9731
internal_value=7.35879e-06 -0.0172034 0.0113084 0.00750772 -0.0233628 0.00900512 -0.0382763 0.00324913 0.00303441 -0.0162419 -0.00125858 -0.0321818 -0.0190628 0.0733584 -0.00437149 -0.0207332 0.0385908 0.0335507 0.0103728 0.0248277 0.0374811 0.0402439 0.0599974 0.0373763 -0.00198391 -0.0106151 -0.0211996 -0.007431 -0.0145579 0.0516732
internal_weight=119644 47422.6 72221.7 63390.8 38398.5 9024.13 12409.3 50880.4 8257.96 25989.2 31161.8 9825.18 4121.27 766.174 25116.1 18759.3 8830.87 7147.91 19718.6 12510.4 3870.05 5843.96 1682.96 542.714 7214.74 12996.4 18682.4 2800.68 2534.06 2699.41
internal_count=529645 212042 317603 279280 172144 39898 56232 224598 36596 115912 137681 44412 18531 3302 111140 83792 38323 31053 86917 54682 16815 25365 7270 2379 32005 57620 83454 12498 11316 11670
is_linear=0
shrinkage=0.05


Tree=3
num_leaves=31
num_cat=0
split_feature=9 32 7 32 7 28 32 9 32 32 33 32 33 7 11 32 26 7 38 28 32 43 26 32 32 32 38 43 33 33
split_gain=8340.92 4315.87 2653.03 1798.43 1659.55 1865.45 1543.9 1100.18 948.814 883.057 852.191 775.5 1173.86 723.664 714.072 759.751 662.227 633.371 608.001 564.084 530.116 528.109 550.04 504.325 528.489 500.581 489.847 489.206 479.648 452.525
threshold=0.018562192112633023 3.5000000000000004 -0.18230702718182992 4.5000000000000009 -0.2937418407310704 0.082014334380184795 8.5000000000000018 0.0091343568278751067 11.500000000000002 1.5000000000000002 484.50000000000006 8.5000000000000018 2577.5000000000005 -0.25012202056551475 0.37014327620638726 8.5000000000000018 0.31321296898720458 -0.18655474647034129 0.028682733837061439 0.099366426268715793 5.5000000000000009 3.5000000000000004 0.40532052920246125 1.5000000000000002 3.5000000000000004 11.500000000000002 -0.072642967542545775 1.5000000000000002 471.50000000000006 744.50000000000011
decision_type=10 2 8 2 8 10 2 10 2 2 2 2 2 8 10 2 8 8 10 10 2 2 10 2 2 2 8 2 2 2
left_child=2 9 14 10 27 17 16 -8 29 26 23 12 -7 -11 15 20 19 -6 -19 -5 -1 -10 -23 -4 -25 -13 -2 -3 -16 -9
right_child=1 4 3 6 5 11 7 8 21 13 -12 25 -14 -15 28 -17 -18 18 -20 -21 -22 22 -24 24 -26 -27 -28 -29 -30 -31
leaf_value=0.00097394941526460352 0.040710251132598935 0.076309065817088906 0.027904477798416483 -0.013398170121624484 0.019923589023444044 0.026784883631096823 -0.045653896218797667 0.0088631330808550072 -0.016809830824188594 0.011765449827903543 -0.041444919532813429 0.0074796147378524734 0.070160773488041783 -0.024367559564152111 0.03533929746310692 -0.02645670385603506 0.016673442261919243 -0.0009869264827780022 0.014117320071529549 0.03069942730676721 0.098079606106597064 0.045449249242239087 -0.055322033017200005 -0.049614197870762988 0.037338152075375601 0.044298849567492221 -0.0011367387868935449 0.03702747851786186 -0.0012711759297906393 -0.028767824078456086
leaf_weight=186.7964605987072 792.45452702045441 963.26158560812473 731.67813259363174 6973.5153320431709 10586.671110272408 3951.0645064860582 4458.07357609272 911.57355478405952 864.01805455982685 1620.6479262411594 11618.175197228789 3459.8703236877918 2577.14419041574 9558.3230921030045 1045.4895772486925 250.52997730672359 3790.1626127809286 15494.960454761982 11688.583353325725 809.36168985068798 567.65671284496784 1150.8136248588562 153.47176690399647 691.5962111055851 233.83184951543808 1259.0687132030725 5949.8566015511751 4473.6147123873234 6200.8457486629486 6463.3463901430368
leaf_count=828 3450 4070 3254 31509 46215 17125 20526 4075 3895 7049 52787 15062 11016 42591 4546 1122 16857 68615 51305 3583 2379 5109 678 3118 1041 5481 26146 19169 27493 29094
internal_value=0.000116115 0.0107736 -0.0162602 -0.0217291 0.0177781 0.0148711 -0.0139783 -0.0251474 -0.0155679 -0.0105097 -0.0366606 0.0327458 0.0439084 -0.0191293 0.00948864 0.0489852 -0.000465768 0.00954836 0.00550771 -0.00881235 0.074037 0.0135079 0.0335918 -0.00311691 -0.0276436 0.0173034 0.00378173 0.0439871 0.00401092 -0.0241165
internal_weight=119476 72375.5 47100.9 38849.6 54454.2 49017.4 25574.3 14001.3 9543.22 17921.3 13275.3 11247.1 6528.21 11179 8251.32 1004.98 11573 37770.2 27183.5 7782.88 754.453 2168.3 1304.29 1657.11 925.428 4718.94 6742.31 5436.88 7246.34 7374.92
internal_count=529188 317294 211894 175526 238058 214819 115326 63377 42851 79236 60200 48684 28141 49640 36368 4329 51949 166135 119920 35092 3207 9682 5787 7413 4159 20543 29596 23239 32039 33169
is_linear=0
shrinkage=0.05


Tree=4
num_leaves=31
num_cat=0
split_feature=10 10 32 32 33 33 32 5 28 7 32 33 32 20 32 34 33 33 7 10 34 12 33 33 33 33 33 32 38 33
split_gain=9213.91 3468.29 3443.78 2262.35 1104.13 3313.58 1682.42 1063.38 1086.68 1035.71 845.986 739.148 730.924 631.944 573.22 627.157 522.484 494.167 481.344 459.879 457.098 395.295 390.074 377.69 707.921 347.72 342.889 317.511 313.699 309.39
threshold=0.023960469425160249 0.013645992192404144 3.5000000000000004 3.5000000000000004 3249.5000000000005 2810.5000000000005 8.5000000000000018 -0.18493150684931584 0.074136315781098458 -0.2937418407310704 1.5000000000000002 3326.5000000000005 1.5000000000000002 0.56361441442267302 3.5000000000000004 2.8931418480839728 3312.5000000000005 484.50000000000006 -0.26634810611519244 0.031569226248976429 4.0491724635231083 5.1500000000000057 429.50000000000006 2372.5000000000005 2235.5000000000005 2964.5000000000005 1184.5000000000002 8.5000000000000018 -0.075098559149062147 3012.5000000000005
decision_type=10 8 2 2 2 2 2 8 10 10 2 2 2 10 2 2 2 2 10 10 2 8 2 2 2 2 2 2 10 2
left_child=1 11 12 10 5 9 20 -5 13 22 17 14 28 27 -1 -16 -6 -3 -14 23 -7 -12 -4 24 -11 -17 -19 -9 -2 -8
right_child=2 3 4 7 16 6 29 8 -10 19 21 -13 18 -15 15 25 -18 26 -20 -21 -22 -23 -24 -25 -26 -27 -28 -29 -30 -31
leaf_value=-0.049397459020573672 0.037587044402360048 0.022176251969008142 0.068102790548236231 0.024632928711367227 -0.031554573335567764 0.088807551487636679 0.028985615202761314 -0.0069734592641160498 0.018089656218995113 0.0098226045158741667 -0.038961043828602882 -0.059892545643773998 0.013139493121692639 -0.0033192859023538249 0.012644921674624053 -0.032948614732661884 0.0083393453135359296 -0.049564402646840713 -0.020490592908864767 0.021850463500327155 0.052374320926934337 -0.0055683055459763856 0.032560730538329224 -0.011938237563042964 0.085434949251987094 0.00025161032146515195 -0.009128538221339107 -0.029331711716042763 0.0029284541438834451 -0.039867888168991263
leaf_weight=2810.7934840321541 753.50731867551804 1055.4900930076838 1010.4440891593695 3672.7041886746883 1098.4200198203325 2761.103636905551 2099.9097524136305 2570.927589148283 4909.8744826167822 12508.814094886184 7206.6328701227903 2549.5922483205795 1244.5053359866142 22567.306907966733 1061.3185077011585 6048.0614624619484 3246.4344191253185 653.38456496596336 7335.5475544929504 11693.416187718511 1250.939774543047 1010.5220900774002 3270.9943050295115 1947.4362359791994 317.41114589571953 906.91640414297581 2653.2254065573215 4152.8621608316898 4888.715709105134 176.89655648171902
leaf_count=13074 3238 4644 4224 15962 4808 11693 9065 11492 21467 54758 32855 12064 5376 100842 4805 27743 14160 2948 32802 50566 5313 4601 13871 8531 1384 4156 11908 18872 21442 770
internal_value=-7.48406e-05 -0.0130368 0.0148045 -0.0070355 0.0220993 0.0248966 0.0579659 -0.000933597 -0.00367908 0.0181331 -0.0254071 -0.0356721 -0.00642085 -0.00732803 -0.0299686 -0.0231562 -0.00174621 -0.00761052 -0.0156127 0.0144423 0.0774478 -0.0348545 0.0409489 0.00857866 0.0116938 -0.0286194 -0.0171186 -0.0207827 0.00755704 0.023636
internal_weight=119434 63829.6 55604.5 50452.9 41382.2 37037.4 6288.85 37873.7 34201 30748.5 12579.3 13376.7 14222.3 29291.1 10827.1 8016.3 4344.85 4362.1 8580.05 26467.1 4012.04 8217.15 4281.44 14773.7 12826.2 6954.98 3306.61 6723.79 5642.22 2276.81
internal_count=529434 287433 242001 225591 179143 160175 26841 168635 152673 133334 56956 61842 62858 131206 49778 36704 18968 19500 38178 115239 17006 37456 18095 64673 56142 31899 14856 30364 24680 9835
is_linear=0
shrinkage=0.05


Tree=5
num_leaves=31
num_cat=0
split_feature=10 10 32 32 5 28 32 32 32 12 10 34 43 32 28 5 43 32 32 32 9 34 32 43 32 34 43 43 5 10
split_gain=8210.63 3519.77 2656.48 2274.42 1048.64 1076.59 916.624 916.278 1229.74 764.049 739.585 715.484 660.523 727.512 646.673 646.642 577.883 560.217 534.049 508.863 490.83 443.385 435.475 410.491 403.285 482.049 396.151 376.783 346.083 345.666
threshold=0.025063840620136231 0.014317293696281756 3.5000000000000004 3.5000000000000004 -0.18493150684931584 0.076958845395104017 1.5000000000000002 8.5000000000000018 10.500000000000002 0.16428571428571451 0.0089591209302084997 2.8361459037824157 3.5000000000000004 8.5000000000000018 0.12384107293712925 -0.15521307045738461 1.0000000180025095e-35 5.5000000000000009 1.5000000000000002 10.500000000000002 0.039359780865096984 2.8707317708119455 5.5000000000000009 1.5000000000000002 3.5000000000000004 2.9150606983496101 1.5000000000000002 1.5000000000000002 -0.064045593297394163 0.030798036570045307
decision_type=10 8 2 2 8 10 2 2 2 10 10 2 2 2 10 10 2 2 2 2 10 2 2 2 2 2 2 2 8 10
left_child=1 10 18 6 23 12 27 9 20 -4 -1 -10 13 16 15 26 22 -18 -2 -14 -9 -21 -6 -5 -12 -26 -11 -3 -15 -17
right_child=2 3 7 4 5 -7 -8 8 11 14 24 -13 19 28 -16 29 17 -19 -20 21 -22 -23 -24 -25 25 -27 -28 -29 -30 -31
leaf_value=-0.052332320118171863 0.0078950166591026018 0.030275500162394459 0.073339256387611101 0.067701206451027493 0.070806420165229242 0.019154926681412526 -0.032920544839671731 -0.0072810889724394257 0.051747931297540198 0.073351349558804665 -0.042457424262307669 0.018709670918362894 -0.002162785453352592 -0.0068530344073858968 0.046190921462238632 0.0077921890879679746 -0.016565167993141405 0.012300392909073813 -0.012910927335879164 0.063952602059623262 0.019423823674618625 0.011917431132989717 -0.018840911963588669 0.018631954048027685 0.0043104079564966402 -0.026437069487766029 0.032579614838688639 -0.011044484100692224 -0.029087768057668335 0.024948864982145741
leaf_weight=3586.0333925932646 5160.9725489914417 639.95289801061153 933.24871626496315 480.98909679055214 450.51722536981106 5095.610043913126 8597.1409807652235 6288.8149279952049 2114.8914569318295 749.88728432357311 2937.8498966246843 7278.3498169928789 11845.80626103282 2462.4358052909374 3565.9013261049986 5548.2225988805294 4423.5511185228825 2711.021063119173 7664.6721333265305 516.15589232742786 2368.7244965285063 1978.9561333805323 193.71253521740437 3742.4219024628401 1543.6146160960197 7317.4229819923639 2898.939622476697 4001.1211121827364 6049.5117378979921 6235.1200169622898
leaf_count=17258 22521 2793 3896 2013 1962 22103 39577 27403 9075 3143 13841 31400 52887 11063 14942 24224 19771 12083 34247 2288 10169 8774 858 16186 6994 33684 12338 17942 27534 26796
internal_value=-9.76747e-05 -0.0113846 0.015136 -0.00529224 0.000659549 -0.00212562 -0.0232537 0.0217796 0.0136192 0.0291702 -0.0324471 0.0261482 -0.00566566 -0.0125545 0.0270004 0.0225661 -0.00150157 -0.00559673 -0.00453872 0.00215981 2.54421e-05 0.0226818 0.0438505 0.0242203 -0.0264034 -0.0210808 0.0409588 -0.00534691 -0.0226554 0.0168706
internal_weight=119382 68573.8 50807.7 53188.9 39950.7 35727.3 13238.2 37982.1 18050.8 19931.3 15384.9 9393.24 30631.7 16290.7 18998.1 15432.2 7778.8 7134.57 12825.6 14340.9 8657.54 2495.11 644.23 4223.41 11798.9 8861.04 3648.83 4641.07 8511.95 11783.3
internal_count=529765 309611 220154 237834 177522 159323 60312 163386 78047 85339 71777 40475 137220 73271 81443 66501 34674 31854 56768 63949 37572 11062 2820 18199 54519 40678 15481 20735 38597 51020
is_linear=0
shrinkage=0.05


Tree=6
num_leaves=31
num_cat=0
split_feature=10 9 7 28 38 28 10 33 10 10 28 33 33 33 33 33 38 12 33 43 33 33 7 33 33 34 43 33 33 33
split_gain=7525.49 3042.61 1395.93 1145.52 1008.79 828.665 779.942 676.458 515.674 512.686 484.779 475.41 555.965 388.779 418.445 353.526 350.039 335.268 265.892 261.18 280.281 255.108 253.914 242.617 251.36 221.994 279.68 239.217 392.33 215.448
threshold=0.023960469425160249 0.012010234049177289 -0.25806451612903214 0.10158477345046087 -0.11521526455593627 0.071291175382840924 0.0089591209302084997 1484.5000000000002 0.02913231858847792 0.016053462072961575 -0.04025156068220985 744.50000000000011 687.50000000000011 3249.5000000000005 3109.5000000000005 3388.5000000000005 -0.17111827404895999 0.14285714285714296 471.50000000000006 1.5000000000000002 909.50000000000011 521.50000000000011 -0.17978737893901017 1360.5000000000002 3388.5000000000005 2.9014216150426262 3.5000000000000004 1393.5000000000002 812.50000000000011 922.50000000000011
decision_type=10 8 10 10 8 10 8 2 10 8 10 2 2 2 2 2 10 10 2 2 2 2 8 2 2 2 2 2 2 2
left_child=1 6 16 8 19 9 -1 -5 -4 -6 22 12 -12 14 -9 25 -2 -10 -18 -3 -21 -19 -11 -20 -25 26 -8 28 -28 -13
right_child=2 4 3 7 5 -7 15 13 17 10 11 29 -14 -15 -16 -17 18 21 23 20 -22 -23 -24 24 -26 -27 27 -29 -30 -31
leaf_value=-0.051584234024826675 0.044808922248381761 0.046157769633294252 -0.0010395301088814948 0.0085068322182640273 -0.021750610858158145 0.0082297992821955008 -0.024667073214340765 0.033090721621762513 0.050335133155129275 -0.0010340942522162875 0.0041720875752192634 -0.028820980394987917 0.055696608341791444 -0.0050801418162642956 0.067789052521430693 -0.045594330957986345 0.043171393257258252 0.022459252534358751 0.0040351264383768235 -0.0076007683012122365 0.025014064849019826 0.0073757534005229088 -0.022266858803530992 0.029838696002995768 -0.013083798881850545 -0.02492592238076061 0.06248432717214563 0.034641785243403674 -0.039238894750169749 -0.0057717433088783337
leaf_weight=3441.799358740449 2857.8254840373993 757.70403762161732 16012.712313219905 3472.037357121706 7937.5768795758486 7036.3179367184639 1089.4607755541801 3764.4461337476969 525.2932206839323 1804.4955434501171 4038.0303141623735 1091.0345695912838 601.54491463303566 502.56753531098366 1129.611071228981 1760.2434153854847 1488.1108684539795 3360.1471825242043 1773.3162330240011 1036.7674126774073 1806.5169870257378 16913.424577623606 6408.6578967124224 3870.6468421071768 374.04981370270252 8943.6504829525948 127.13909158110619 540.36838641762733 372.50824147462845 14328.902440011501
leaf_count=16943 11962 3249 70596 14868 36406 30834 5043 15993 2194 8003 17996 4958 2673 2197 4620 8412 6249 14530 7562 4581 7864 73602 29349 16421 1605 41620 570 2452 1697 64425
internal_value=1.52503e-05 -0.0118242 0.0133501 0.00959139 -0.00535398 -0.00747118 -0.0304486 0.0257228 0.00570502 -0.0105222 -0.00736977 -0.00318036 0.0108525 0.036799 0.0410995 -0.0247802 0.0299168 0.0108975 0.0242469 0.0200728 0.0131215 0.0098757 -0.0176019 0.0195674 0.0260563 -0.0214714 -0.00696279 0.0115832 -0.0133546 -0.00740259
internal_weight=119167 63122.7 56044.2 45680.2 46847.5 43246.6 16275.2 8868.66 36811.6 36210.2 28272.7 20059.5 4639.58 5396.62 4894.06 12833.4 10363.9 20798.9 7506.12 3600.99 2843.28 20273.6 8213.15 6018.01 4244.7 11073.1 2129.48 1040.02 499.647 15419.9
internal_count=529474 287075 242399 198600 210338 194644 76737 37678 160922 163810 127404 90052 20669 22810 20613 59794 43799 90326 31837 15694 12445 88132 37352 25588 18026 51382 9762 4719 2267 69383
is_linear=0
shrinkage=0.05


Tree=7
num_leaves=31
num_cat=0
split_feature=10 32 9 32 10 32 34 32 33 33 32 33 32 33 32 7 33 38 7 33 34 32 34 32 33 32 32 33 33 33
split_gain=6724.46 3304.65 2284.51 1444.57 1259.28 857.348 852.503 796.601 1331.5 720.424 657.612 624.017 554.44 1092.96 649.616 545.573 544.692 521.198 499.588 473.116 442.873 425.298 402.311 387.093 378.736 330.226 365.693 472.811 973.402 342.764
threshold=0.020635193064895526 3.5000000000000004 0.010761465680265607 3.5000000000000004 0.02913231858847792 1.5000000000000002 2.9014216150426262 8.5000000000000018 2810.5000000000005 3249.5000000000005 10.500000000000002 241.50000000000003 8.5000000000000018 267.50000000000006 5.5000000000000009 -0.063932485411518122 3388.5000000000005 -0.13819461656595897 -0.23834196891191708 122.50000000000001 3.1837654409179841 11.500000000000002 4.0491724635231083 4.5000000000000009 2964.5000000000005 11.500000000000002 8.5000000000000018 2810.5000000000005 3249.5000000000005 744.50000000000011
decision_type=10 2 8 2 10 2 2 2 2 2 2 2 2 2 2 10 2 10 10 2 2 2 2 2 2 2 2 2 2 2
left_child=2 5 16 19 11 -2 -5 8 -6 22 24 -3 13 -8 -15 17 23 -13 -7 -4 -12 -14 -10 -1 -9 26 27 -19 -29 -28
right_child=1 4 3 6 7 18 12 10 9 -11 20 15 21 14 -16 -17 -18 25 -20 -21 -22 -23 -24 -25 -26 -27 29 28 -30 -31
leaf_value=-0.042811163929952462 0.0046343838682384331 0.045043096623246993 0.01294479948725996 0.014432008170685733 0.022509201571087226 0.0050201327305877267 0.051697011857828878 0.0083396615586419972 0.079690560099214325 0.0042269571013911714 0.041980118172539556 0.028892233552785258 -0.021574206455001809 -0.019508143213681304 0.0066662881605162611 0.019693725245501149 -0.055434115415080303 -0.0017082304830759254 -0.022514194706658077 -0.029967117568080372 0.015514607907860002 0.0024110966932220606 0.040886598456566059 -0.021245919259234317 -0.024580621816870821 0.018722445079323215 0.012092929593134797 0.063068730001478376 -0.004706862835108243 -0.016848928544542334
leaf_weight=3156.6629478931427 7128.4440639168024 1106.8220263719559 699.99087324738503 5679.7500370889902 9909.1569069474936 2008.7922298759222 950.74077066779137 4961.293662160635 2091.0623930543661 531.06317813694477 2497.3025413006544 1750.398451641202 7687.1862062513828 4128.5301242470741 5566.9077745378017 6227.6988486051559 2375.2204223126173 7907.5489404648542 9157.5372475683689 7796.3456820398569 4306.8931472599506 2433.1604250818491 981.4776723831892 6105.8910062909126 1060.4095904678106 2166.9874202013016 1269.284234970808 935.86597056686878 1220.8667916506529 5272.6785798072815
leaf_count=15298 31131 4705 3101 25260 42017 8737 4131 21242 8569 2288 10551 7387 35048 18642 24873 27070 11925 34711 41806 36419 18347 10900 4066 28899 4642 9460 5570 3989 5374 23517
internal_value=-6.29583e-05 0.00946175 -0.014886 -0.00849564 0.0156642 -0.00891261 -0.00273335 0.0235026 0.0319742 0.0580008 0.0145773 0.00825343 -0.00742817 0.000537386 -0.00447936 0.00673128 -0.034073 0.00279795 -0.0175608 -0.0264317 0.0252281 -0.0158076 0.0672952 -0.0285953 0.00254247 0.000364945 -0.00203057 0.00395155 0.0247028 -0.0112336
internal_weight=119072 72491.6 46580.4 34942.6 54196.8 18294.8 26446.3 26338.7 13512.8 3603.6 12825.9 27858.2 20766.5 10646.2 9695.44 26751.3 11637.8 20523.6 11166.3 8496.34 6804.2 10120.3 3072.54 9262.55 6021.7 18773.2 16606.2 10064.3 2156.73 6541.96
internal_count=529675 315179 214496 158374 233505 81674 118854 111722 56940 14923 54782 121783 93594 47646 43515 117078 56122 90008 50543 39520 28898 45948 12635 44197 25884 82621 73161 44074 9363 29087
is_linear=0
shrinkage=0.05


Tree=8
num_leaves=31
num_cat=0
split_feature=10 32 10 32 5 38 33 32 34 32 33 33 43 32 10 5 34 43 32 28 32 33 33 33 33 32 33 43 12 33
split_gain=6150.82 3636.9 2371.37 1246.48 972.626 1064.63 951.287 961.217 804.906 713.744 1282.86 801.51 711.012 682.333 596.791 546.499 503.776 476.333 453.961 435.894 433.507 551.17 509.854 657.327 483.02 398.343 552.626 395.554 389.362 384.859
threshold=0.01593650727315235 3.5000000000000004 0.028501739537093836 1.5000000000000002 -0.14794962928991803 0.0037072760259918573 3342.5000000000005 3.5000000000000004 2.9258425522898488 8.5000000000000018 2810.5000000000005 3249.5000000000005 1.5000000000000002 10.500000000000002 0.030508903685177519 -0.046831955922865258 3.0927440999241704 2.5000000000000004 11.500000000000002 0.10158477345046087 8.5000000000000018 1767.5000000000002 2829.5000000000005 3264.5000000000005 1484.5000000000002 8.5000000000000018 230.50000000000003 2.5000000000000004 4.7000000000000073 241.50000000000003
decision_type=8 2 10 2 8 10 2 2 2 2 2 2 2 2 8 8 2 2 2 10 2 2 2 2 2 2 2 2 10 2
left_child=6 3 4 17 12 15 7 -1 -9 10 29 -12 -3 -11 28 -6 -15 -2 20 -10 22 24 -7 -24 -22 26 -17 -20 -5 -4
right_child=1 2 9 14 5 18 -8 8 19 13 11 -13 -14 16 -16 25 -18 -19 27 -21 21 -23 23 -25 -26 -27 -28 -29 -30 -31
leaf_value=-0.04042649180713126 0.021245871563910404 0.058790428157468856 0.04932974737861219 -0.030936947943991988 0.0018884774534981223 0.0072766227553861433 -0.051383126524111117 0.01312932980952205 -0.022210470805549751 0.0020565389046553217 0.064423366750010869 0.0016019584526849274 0.013649277110560444 0.04313019160506941 -0.00515085702230014 0.041582153892788347 0.015117149341823056 -0.0041799213649960998 -0.0081054828057014437 0.015376285160171498 0.0037340497543653147 -0.020549004494354997 0.059113960781247192 0.001176124983950095 0.067795131102459466 -0.021705186241213217 -0.0096479265133387736 0.048058263995438347 -0.003110704059513364 0.017716908579868674
leaf_weight=4512.9985878616571 2528.7234428375959 985.27753967046738 1070.5912474095821 9045.4529310464859 9148.4263228476048 6720.2007735669613 2896.6140141636133 2306.9295126199722 10158.202062055469 6419.5015220195055 3245.5848589390516 601.88863386213779 7608.262801066041 2408.3465816676617 4408.7239971458912 607.02664445340633 4811.0130565464497 6783.5157141089439 415.31329722702503 834.73316964507103 2734.0365020632744 2638.2040203511715 1218.336929038167 818.39610850811005 329.73833833634853 7223.6432376801968 3963.5528686493635 1278.7761663794518 1460.0632011890411 9557.9661349356174
leaf_count=22037 11053 4075 4468 42219 40795 29433 14637 10409 47801 27615 13235 2594 32836 10084 19694 2610 20425 29917 1843 3743 12029 11722 5147 3601 1448 33102 17727 5507 6757 40422
internal_value=-4.97145e-05 0.00518077 0.0106985 -0.0116286 0.00366791 0.00015667 -0.0248088 -0.0204874 -0.0137216 0.0221238 0.0298566 0.0545958 0.0188249 0.0139164 -0.0205903 -0.00728239 0.0244622 0.00272441 0.00980154 -0.0193564 0.00693239 -0.00379671 0.0139185 0.0358335 0.0106286 -0.014396 -0.00284397 0.0342895 -0.0270696 0.0209012
internal_weight=118740 98030.6 73804.1 24226.5 45689.2 37095.7 20709.5 17812.9 13299.9 28114.9 14476 3847.47 8593.54 13638.9 14914.2 20942.6 7219.36 9312.24 16153 10992.9 14458.9 5701.98 8756.93 2036.73 3063.77 11794.2 4570.58 1694.09 10505.5 10628.6
internal_count=528985 430358 320718 109640 201875 164964 98627 83990 61953 118843 60719 15829 36911 58124 68670 94234 30509 40970 70730 51544 63380 25199 38181 8748 13477 53439 20337 7350 48976 44890
is_linear=0
shrinkage=0.05


Tree=9
num_leaves=31
num_cat=0
split_feature=9 32 5 32 32 38 4 8 9 32 33 7 43 33 33 32 26 34 32 43 33 26 11 33 33 5 32 9 32 33
split_gain=5011.86 2402.73 2101.53 1216.76 1251.17 1001.06 879.794 827.867 782.07 868.874 724.059 699.894 628.234 613.759 1833.97 552.24 464.625 443.678 546.16 691.814 438.677 425.746 393.389 387.149 380.765 378.738 358.307 352.841 344.943 406.373
threshold=0.018562192112633023 3.5000000000000004 -0.11695906432748486 4.5000000000000009 8.5000000000000018 -0.14187450124887338 0.12727130578518145 0.095091415883214361 0.0055443650184371597 11.500000000000002 484.50000000000006 -0.23834196891191708 3.5000000000000004 3264.5000000000005 2964.5000000000005 1.5000000000000002 0.31321296898720458 3.1223649412921919 10.500000000000002 2.5000000000000004 471.50000000000006 0.39738127893022462 0.4700068684537797 254.50000000000003 455.50000000000006 0.25274983576976201 3.5000000000000004 0.038366844619782695 8.5000000000000018 2996.5000000000005
decision_type=10 2 8 2 2 8 10 10 8 2 2 8 2 2 2 2 8 2 2 2 2 10 8 2 2 8 2 10 2 2
left_child=2 11 7 10 16 -3 13 20 -6 -10 24 -2 -11 14 17 -13 23 18 -7 -20 -1 -14 -18 -5 26 -17 -4 -19 -16 -30
right_child=1 5 3 4 8 6 -8 -9 9 12 -12 15 21 -15 28 25 22 27 19 -21 -22 -23 -24 -25 -26 -27 -28 -29 29 -31
leaf_value=0.033521034516915786 0.014929186545585072 0.035065995477937553 -0.024778807006937915 0.06823644961179276 -0.054335949049038851 0.0081550534647756162 0.023208339707668519 0.055061366293159553 -0.024795150371617902 -0.021305009728537022 -0.035987753462894727 -0.00043613907804311596 0.038550104431247526 -0.011026079462580692 0.063605312747068668 -0.025540322476389189 0.081618476327839251 -0.00064169406757384403 0.0083617961318947116 0.057725710457524886 -0.00092381238217955687 -0.048219824905571564 0.011111141630228638 -0.0084349538150767806 0.049504779096951494 -0.00050990148539516048 0.042898081369344532 0.018043891289894063 0.058705876009892258 -0.01296902557651583
leaf_weight=1064.3578494936228 2777.1241658627987 4741.5839035660028 1032.2804228812456 168.50529487431049 1661.0914662778378 9159.6704903542995 11493.656366094947 865.33364108204842 9239.2080643475056 1049.7953560501337 10662.146186441183 5830.6363886743784 1321.3746130466461 4021.6316666454077 1702.2416866123676 7072.3681306540966 210.01460333168507 17782.798439159989 1407.5099447965622 1431.7268656492233 7027.0689559429884 158.30446881055832 3410.0222152173519 7188.5241430103779 314.15386812388897 1921.9690335690975 241.28995352983475 2944.7928254157305 404.35478909313679 387.04855421185493
leaf_count=4575 12011 19673 4796 737 8494 39547 48608 3600 43313 4881 51778 25578 5884 17671 7067 32937 882 77568 6098 6068 31722 708 15130 33232 1400 8767 1052 12500 1718 1668
internal_value=-0.000128489 0.00798873 -0.0131334 -0.0184385 -0.0119848 0.0130956 0.0110423 0.00857823 -0.0222196 -0.0176866 -0.0312969 -0.00810661 0.00827833 0.00747892 0.00959192 -0.0124218 0.000536905 0.00644245 0.0140941 0.0332543 0.00360711 0.029267 0.0152016 -0.00667887 0.000204265 -0.0201917 -0.0119568 0.00201299 0.0509254 0.0236521
internal_weight=118693 73079.1 45613.5 36656.7 24406.8 55477 50735.4 8956.76 13429.8 11768.7 12249.9 17602.1 2529.47 39241.8 35220.1 14825 10977.1 32726.5 11998.9 2839.24 8091.43 1479.68 3620.04 7357.03 1587.72 8994.34 1273.57 20727.6 2493.65 791.403
internal_count=529663 317479 212184 172287 113261 238186 218513 39897 63280 54786 59026 79293 11473 169905 152234 67282 49981 141781 51713 12166 36297 6592 16012 33969 7248 41704 5848 90068 10453 3386
is_linear=0
shrinkage=0.05


Tree=10
num_leaves=31
num_cat=0
split_feature=10 32 10 32 10 5 28 43 32 33 7 33 32 32 28 32 33 33 33 33 5 32 33 32 9 33 33 38 33 32
split_gain=5226.75 2977.82 1964.86 1056.23 881.515 815.212 938.514 691.438 641.575 1076.7 627.156 604.627 595.84 547.672 493.576 488.203 501.337 539.603 555.851 521.037 445.596 439.022 416.709 394.366 383.591 366.756 360.563 351.162 340.549 438.741
threshold=0.01593650727315235 3.5000000000000004 0.028752850474589309 1.5000000000000002 0.011048928242986611 -0.14132993197278951 0.076958845395104017 1.5000000000000002 8.5000000000000018 2810.5000000000005 -0.23413132576152265 3249.5000000000005 3.5000000000000004 10.500000000000002 -0.04025156068220985 4.5000000000000009 1799.5000000000002 1347.5000000000002 744.50000000000011 654.50000000000011 0.25274983576976201 10.500000000000002 471.50000000000006 5.5000000000000009 0.039359780865096984 392.50000000000006 3342.5000000000005 -0.089029017579615774 1927.5000000000002 11.500000000000002
decision_type=8 2 10 2 10 8 10 2 2 2 10 2 2 2 10 2 2 2 2 2 10 2 2 2 10 2 2 10 2 2
left_child=4 3 5 22 -1 7 14 23 9 -4 -5 -11 -6 24 -7 25 17 18 19 -17 -12 -19 -2 -3 -10 -16 -14 -24 -18 -30
right_child=1 2 8 10 12 6 -8 -9 13 11 20 -13 26 -15 15 16 28 21 -20 -21 -22 -23 27 -25 -26 -27 -28 -29 29 -31
leaf_value=-0.038913855149549238 0.024883139565861655 0.072383300272839596 0.019258677928363832 0.0035904878947370222 -0.034001346443811607 -0.014016920874846414 0.017469718504594375 0.011603166948625463 -0.0078325363106732122 0.058711126058252378 -0.027826299952152592 0.0029734782843274655 -0.0075269838227033023 0.021805552444296484 0.042312656808526999 0.0044988195533566108 -0.031478576907705169 0.017834852410551747 -0.011347733297267973 0.044724029376512688 -0.0017829782360513397 0.064906196021773943 0.034558920334695147 0.003693660268718381 0.017905432664966268 -0.029911209867369559 -0.040247149418356963 -0.0055820934811362305 -0.0068320127632756997 0.030837223241543144
leaf_weight=6195.1462984383106 1708.5844901353121 790.04896914958954 10430.905395314097 2553.6151856034994 3561.8311972022057 8334.8772184997797 6361.0293478369713 8368.2951622903347 3982.4219773560762 3234.0454689413309 10256.973531872034 572.71671736240387 9695.1991794705391 7111.2835471630096 194.23085497319698 3082.1434795111418 1171.6885798126459 2851.122504606843 3845.3296753466129 1089.633094727993 1955.582439109683 599.50872169435024 590.92259515821934 284.09676650166512 2274.3939192295074 1849.7862704098225 922.02941343188286 6986.9248757362366 6767.526596814394 872.66706705093384
leaf_count=31623 7356 3218 43727 11247 17742 38052 27091 35968 17207 13061 48807 2463 44874 29789 828 13562 5280 12695 17206 4792 8951 2610 2519 1187 9618 8357 4581 31007 30390 3884
internal_value=-0.000134775 0.0046504 0.00961411 -0.0106349 -0.0231797 0.00333682 -8.07515e-06 0.0164507 0.0201791 0.0275651 -0.0189441 0.0503256 -0.0163052 0.0123127 -0.00363437 0.000242119 0.00258959 0.00948088 0.00236532 0.0150053 -0.023656 0.026013 0.00257741 0.0542158 0.00152339 -0.0230482 -0.0103685 -0.00245189 -0.00637869 -0.00252941
internal_weight=118495 98120.4 74067.8 24052.6 20374.2 46462 37019.5 9442.44 27605.8 14237.7 14766.2 3806.76 14179.1 13368.1 30658.5 22323.6 20279.6 11467.7 8017.11 4171.78 12212.6 3450.63 9286.43 1074.15 6256.82 2044.02 10617.2 7577.85 8811.88 7640.19
internal_count=529692 430872 320985 109887 98820 205120 164747 40373 115865 59251 69005 15524 67197 56614 137656 99604 90419 50865 35560 18354 57758 15305 40882 4405 26825 9185 49455 33526 39554 34274
is_linear=0
shrinkage=0.05


Tree=11
num_leaves=31
num_cat=0
split_feature=10 32 10 32 10 5 28 33 33 32 7 32 7 43 34 33 7 34 43 5 28 32 32 33 33 33 33 43 5 38
split_gain=4787.66 2659.64 1712.91 1007.83 851.65 759.308 790.384 704.47 1420.36 749.586 591.561 590.523 553.492 521.11 507.231 465.718 448.904 401.224 387.122 377.434 341.489 334.108 301.582 303.648 299.403 288.391 414.64 285.993 277.011 276.056
threshold=0.01593650727315235 3.5000000000000004 0.027041850485620796 1.5000000000000002 0.0093485957357115502 -0.12881451077179759 -0.031567977183154343 3249.5000000000005 2810.5000000000005 8.5000000000000018 -0.25281250439453806 3.5000000000000004 -0.071371975866935819 1.5000000000000002 2.8931418480839728 3342.5000000000005 -0.27527892315017694 4.0491724635231083 2.5000000000000004 0.25274983576976201 0.074136315781098458 5.5000000000000009 4.5000000000000009 3612.5000000000005 3312.5000000000005 2372.5000000000005 2235.5000000000005 1.0000000180025095e-35 -0.012475865417041819 -0.027671114444738239
decision_type=8 2 10 2 10 8 10 2 2 2 10 2 8 2 2 2 10 2 2 10 10 2 2 2 2 2 2 2 10 8
left_child=4 3 5 18 -1 13 -7 8 16 17 -5 -6 22 21 15 -13 27 -10 29 -12 -16 -3 -8 28 -9 26 -18 -4 -24 -2
right_child=1 2 7 10 11 6 12 24 9 -11 19 14 -14 -15 20 -17 25 -19 -20 -21 -22 -23 23 -25 -26 -27 -28 -29 -30 -31
leaf_value=-0.044232197542475718 0.034902852242246395 0.066960014032486373 0.075106229451467152 0.006836569692958973 -0.034075510584775974 -0.014181353994785845 -0.028708847279786717 -0.029257477128627793 0.067809114653566302 0.018540840358414093 -0.025943741515883648 0.016792087087260776 0.01186966271838184 0.010866392781588716 -0.020365821527134814 -0.056792232266744472 0.012541493908593252 0.031784612226270735 -0.0034068388048188979 -0.0021703607612255467 0.0073072082222962707 0.00095009968401332009 0.0075688252413450841 -0.034316025020563447 0.0049812347316274532 -0.0031659326702554525 0.056616296847527274 0.025554622071581462 -0.0085314860542572892 0.0019605994143857457
leaf_weight=3630.0505976229906 1353.0732379406691 718.99883867800236 312.90825282037258 2034.7371188551188 4047.3654640465975 8640.5308359861374 1089.3284528106451 896.42437647283077 2459.4377397447824 2042.5041242241859 10643.790292695165 2059.8451497256756 10732.862493425608 8515.6968134939671 8883.2997395992279 240.08946545422077 15869.26505163312 1127.1311405748129 6817.2701942026615 1980.1466826349497 1274.7988906651735 261.38129426538944 6336.3565395474434 653.02005009353161 2219.1261153668165 2865.8721345216036 552.18503668904305 4195.7953321635723 4619.1435932815075 1199.9574287682772
leaf_count=19397 5825 2919 1257 8881 20562 39768 4977 3962 9896 8577 51087 9262 46749 36722 42481 1216 67217 4559 30153 9064 5751 1101 28083 3076 9501 12183 2306 17240 20631 5251
internal_value=-9.64975e-05 0.00446024 0.0091473 -0.00999516 -0.0223053 0.00242153 -0.00125567 0.0177388 0.0201326 0.0427188 -0.0181822 -0.0174829 0.00351093 0.0148406 -0.0120923 0.00911064 0.0147897 0.0564879 0.00281244 -0.0222147 -0.016893 0.049361 -0.00355429 -0.00119382 -0.00487013 0.0114694 0.0140235 0.0289936 0.000780486 0.0194196
internal_weight=118272 98136.9 74108 24029 20135.4 41567.3 32071.2 32540.6 29425.1 5629.07 14658.7 16505.4 23430.7 9496.08 12458 2299.93 23796 3586.57 9370.3 12623.9 10158.1 980.38 12697.8 11608.5 3115.55 19287.3 16421.5 4508.7 10955.5 2553.03
internal_count=529654 430985 320724 110261 98669 184026 143284 136698 123235 23032 69032 79272 103516 40742 58710 10478 100203 14455 41229 60151 48232 4020 56767 51790 13463 81706 69523 18497 48714 11076
is_linear=0
shrinkage=0.05


Tree=12
num_leaves=31
num_cat=0
split_feature=9 32 7 9 7 28 32 8 33 32 32 7 32 34 11 32 33 33 32 8 32 33 33 8 12 26 7 8 13 34
split_gain=3953.91 1995.79 1280.96 970.26 919.32 998.438 850.942 844.91 695.132 553.182 808.111 540.186 548.746 433.067 424.647 388.553 667.438 369.717 366.926 361.254 326.39 325.283 643.518 303.312 297.423 294.144 274.758 267.176 266.619 293.011
threshold=0.017216470514369735 3.5000000000000004 -0.16317991631799159 0.007798961466090432 -0.2937418407310704 0.082014334380184795 5.5000000000000009 0.083333333333333384 484.50000000000006 8.5000000000000018 11.500000000000002 -0.22997224330810698 1.5000000000000002 3.1419924481000066 0.42198198776493984 8.5000000000000018 2547.5000000000005 392.50000000000006 11.500000000000002 0.29178738197113446 10.500000000000002 1156.5000000000002 1569.5000000000002 0.30686307928293649 1.0285714285714296 0.36077190369818818 -0.17590429591669846 0.3683534528309555 0.064617121405379271 2.947063657109513
decision_type=10 2 8 8 8 10 2 10 2 2 2 10 2 2 10 2 2 2 2 10 2 2 2 10 10 8 8 8 10 2
left_child=2 11 7 -4 -3 13 8 17 -5 -8 -11 -2 -13 20 -9 16 27 -1 28 26 -6 -22 -23 -14 -20 -12 -15 -7 29 -17
right_child=1 4 3 6 5 15 9 14 -10 10 25 12 23 19 -16 18 -18 -19 24 -21 21 22 -24 -25 -26 -27 -28 -29 -30 -31
leaf_value=0.029033991140393157 0.0095887512785274923 0.029587986779518755 -0.037527864962572294 0.0083309986271674717 0.0080209653659335852 0.0072649566954953483 0.0041989868726685824 0.06852642288043273 -0.031038685651247924 -0.022793022485723364 0.022295666572397514 -0.00012946596117365274 -0.023968589323207307 0.0066812082385713555 0.007705745665326752 0.02384563020539238 0.047855273198151006 -0.0062567154732454779 0.064776337036013029 0.01279561703510179 0.0051581281952496885 0.07966780245989051 0.019838030801273675 -0.0013147878116813643 0.015885020841247696 -0.034255330412070913 -0.0052021343105279104 0.033422223092432306 0.026075711432963194 -0.014181151117977865
leaf_weight=833.8193587064743 3628.3926502913237 5896.9553380459547 5239.3716240525246 1299.041532844305 10817.457115054131 2761.2206609100103 6691.7197903096676 686.72833229601383 8189.815645724535 6903.5504620820284 1608.2437090277672 6041.0425579696894 7461.4604586958885 7200.3462283760309 493.03035545349121 666.40008240938187 2820.0058971643448 6750.1864429861307 477.84472660720348 5669.1025098264217 1218.7664108723402 637.01540064811707 1526.2543554008007 1842.4124073088169 891.24370273947716 268.30360345542431 14992.413573220372 1510.1464462131262 913.55311025679111 2112.2231723219156
leaf_count=3551 15737 24140 27611 5944 46707 11576 30500 2803 40621 32997 7265 26656 35992 30834 2165 2829 11452 30756 1975 24071 5279 2683 6484 8442 3717 1244 66530 6246 3839 9085
internal_value=-4.61019e-05 0.00637692 -0.0130828 -0.0179665 0.0108394 0.0088001 -0.0138605 0.00374648 -0.0256489 -0.00663066 -0.0148844 -0.00776108 -0.0118636 0.00515282 0.043109 0.0214236 0.0289767 -0.0023767 0.010841 0.00153091 0.0122596 0.025817 0.037456 -0.0194825 0.0329493 0.0142102 -0.00134663 0.0165129 0.00264303 -0.00506115
internal_weight=118048 79084.3 38963.8 30200 60110.9 54214 24960.7 8763.76 9488.86 15471.8 8780.1 18973.3 15344.9 42061.4 1179.76 12152.6 7091.37 7584.01 5061.26 27861.9 14199.5 3382.04 2163.27 9303.87 1369.09 1876.55 22192.8 4271.37 3692.18 2778.62
internal_count=529731 344274 185457 146182 257447 233307 118571 39275 46565 72006 41506 86827 71090 182588 4968 50719 29274 34307 21445 121435 61153 14446 9167 44434 5692 8509 97364 17822 15753 11914
is_linear=0
shrinkage=0.05


Tree=13
num_leaves=31
num_cat=0
split_feature=10 10 32 32 20 34 32 5 28 13 32 32 38 32 43 32 1 9 7 10 28 32 32 43 28 5 34 32 43 34
split_gain=4188.94 2071.64 1370.07 1204.32 783.304 581.199 561.192 505.887 491.69 474.287 425.826 351.725 310.546 304.758 303.349 500.947 297.2 295.47 322.686 288.583 286.941 313.911 334.846 280.777 273.526 267.364 267.088 265.087 250.997 250.658
threshold=0.025063840620136231 0.013645992192404144 3.5000000000000004 3.5000000000000004 0.51147737654431957 3.1837654409179841 1.5000000000000002 -0.17584834088097936 0.10158477345046087 0.010030609517934193 8.5000000000000018 11.500000000000002 -0.13468622795742272 1.5000000000000002 3.5000000000000004 11.500000000000002 0.12479441721295927 0.0089431477265728022 -0.31753857916997891 0.040603276923862668 0.17786380229204271 10.500000000000002 8.5000000000000018 2.5000000000000004 0.063072455667115043 -0.055257492552797986 2.9365093858589595 10.500000000000002 1.0000000180025095e-35 1.3736354571277458
decision_type=10 8 2 2 10 2 2 8 10 10 2 2 10 2 2 2 10 10 10 10 10 2 2 2 10 8 2 2 2 2
left_child=1 9 6 12 16 17 -3 -6 14 -1 -7 24 -2 -14 25 26 -4 -5 -19 27 21 22 29 -23 -11 28 -16 -12 -9 -20
right_child=3 2 4 5 7 10 -8 8 -10 11 19 -13 13 -15 15 -17 -18 18 20 -21 -22 23 -24 -25 -26 -27 -28 -29 -30 -31
leaf_value=-0.045167494911599486 0.023823149301972945 -0.0046632386457945907 -0.016916893883789901 0.067927887888322977 0.01881014576288826 0.016721608178635893 -0.026238469494439906 0.044207382586854159 0.01973335655638141 -0.028114860772849692 -0.0089563153780247342 0.012252747459159887 0.0042818850288691866 -0.01210353430848009 0.012311923374465544 0.031212287627874244 0.092321713476714029 0.041501350742118276 0.0842648300494932 0.018230255593362922 0.044490546854102087 0.013569327154946416 -0.0043135733913540796 0.045203722737163332 -0.0023036603589958299 -0.013328868422737276 -0.0038802020782718774 0.0078915189309117575 -0.0013791210831684282 0.01639296012735662
leaf_weight=2805.5456853359938 1007.1721968948841 4742.0229377746582 6338.2124528884888 356.23180520534515 4510.1969265192747 12558.626585692167 8270.8563274294138 319.57972197234631 3099.0679147690535 7326.3206992745399 4691.6158367246389 704.87895038723946 4945.3448085337877 6658.8430846482515 3504.2977745831013 1485.8315863460302 62.881679490208626 1812.364865347743 139.25895613431931 2611.3488685190678 1004.3794102668762 1275.1171427369118 2344.3298601359129 1559.0343881249428 1193.6401773542166 7122.4410856962204 9320.294351503253 4647.6059881895781 5473.8437338769436 5871.184937313199
leaf_count=15489 4266 21637 29373 1452 19113 52467 41172 1342 13109 37310 20411 3337 21450 30984 15506 6390 275 7349 569 10878 4117 5327 10097 6429 5792 32860 41861 19662 24784 24635
internal_value=-8.30662e-05 -0.00839414 -0.00423141 0.0106168 0.000232215 0.0149727 -0.0183762 0.00318621 0.000862507 -0.0271655 0.0102926 -0.0216905 -0.00280906 -0.00512058 -0.00128549 0.00372849 -0.0158438 0.0229596 0.0218159 0.00353645 0.0188899 0.0165918 0.0117141 0.030971 -0.0244987 -0.00684084 0.000544268 -0.000572095 0.00113554 0.0179655
internal_weight=117762 66279.9 54249.5 51482.5 41236.6 38871.1 13012.9 34835.6 30325.4 12030.4 24509.2 9224.84 12611.4 11604.2 27226.3 14310.4 6401.09 14361.9 14005.7 11950.6 12193.3 11188.9 8354.77 2834.15 8519.96 12915.9 12824.6 9339.22 5793.42 6010.44
internal_count=529443 309350 247422 220093 184613 163393 62809 154965 135852 61928 103418 46439 56700 52434 122743 63757 29648 59975 58523 50951 51174 47057 35301 11756 43102 58986 57367 40073 26126 25204
is_linear=0
shrinkage=0.05


Tree=14
num_leaves=31
num_cat=0
split_feature=10 32 10 33 32 32 34 32 33 33 33 32 43 33 33 32 33 33 33 32 34 33 38 12 33 33 33 43 33 33
split_gain=3830.61 1949.78 1279.18 805.128 772.368 740.259 668.917 665.666 974.006 928.507 1112.32 848.693 723.668 507.215 946.486 505.436 785.84 499.538 965.253 585.191 477.663 450.835 441.596 423.839 411.475 830.961 479.32 407.991 419.119 406.769
threshold=0.01593650727315235 3.5000000000000004 0.028501739537093836 3342.5000000000005 1.5000000000000002 3.5000000000000004 2.9258425522898488 8.5000000000000018 254.50000000000003 2530.5000000000005 3264.5000000000005 11.500000000000002 3.5000000000000004 643.50000000000011 1016.5000000000001 5.5000000000000009 2145.5000000000005 3249.5000000000005 2810.5000000000005 8.5000000000000018 3.2939815763060616 1360.5000000000002 -0.13468622795742272 4.6071428571428656 1569.5000000000002 1927.5000000000002 2387.5000000000005 1.0000000180025095e-35 2964.5000000000005 1526.5000000000002
decision_type=8 2 10 2 2 2 2 2 2 2 2 2 2 2 2 2 2 2 2 2 2 2 10 10 2 2 2 2 2 2
left_child=3 4 7 5 -2 -1 -7 8 -3 13 -11 20 -13 -10 -15 -16 21 18 -4 -20 29 -17 -6 -24 -14 -26 -27 -8 -29 -9
right_child=1 2 17 -5 22 6 27 11 9 10 -12 12 24 14 15 16 -18 -19 19 -21 -22 -23 23 -25 25 26 -28 28 -30 -31
leaf_value=-0.034557878976991863 0.0027284402779605972 0.042883503686158946 0.013572175777781151 -0.046108353555083761 0.012123219301295516 0.014283666113541161 0.058394085607162395 0.012230291324845415 -0.017438900181429406 0.048953947233901202 0.0015896909301171139 -0.0038594391115505146 0.050305521519571385 0.029538317477908877 -0.0149272674280617 -0.0088735736434422119 -0.027366216231623299 -0.0044263938751965383 0.050445921188333701 0.015641218804314697 -0.016578829223861526 0.023746432374445112 -0.022567292705165613 0.0016281418835645588 -0.047874904339299723 0.09095966529060498 0.0024349920137238684 -0.02053939873597109 0.010850892689764345 -0.012991496370049217
leaf_weight=4164.1303390711546 9292.784770950675 1890.927378475666 20707.652563691139 2601.2310318946838 1290.4265568852425 2276.8356353193521 183.08151966333389 3603.8101556301117 3320.7242644578218 2415.4865168482065 2546.187949642539 2747.0576559007168 1467.7032565176487 2941.3671145737171 4665.4678560346365 1445.7208384722471 1370.1903840005398 2639.1704451292753 3290.2947753816843 1908.0680213421583 9467.5309165269136 3962.1836450397968 10871.26174351573 2171.5224401056767 393.74388764798641 296.01535786688328 316.29832202196121 9175.8139271736145 1202.7638125419617 2872.9952520728111
leaf_count=22222 40897 7896 86255 14600 5675 10348 814 15932 14477 10168 11271 12334 6156 12743 20811 6338 6002 11351 13252 7934 43208 17263 52940 10331 1713 1239 1331 44924 5886 13004
internal_value=-2.815e-05 0.00401183 0.00799176 -0.0202024 -0.00849913 -0.016239 -0.0102973 0.00280698 0.00840766 0.00553166 0.024648 -0.00369158 0.0138056 0.000174671 0.00424072 -0.00226159 0.0064564 0.0162967 0.0184079 0.0376708 -0.00942086 0.015026 -0.0157784 -0.0185389 0.0334223 0.00879193 0.0452311 -0.0155964 -0.0169016 0.00104236
internal_weight=117498 97894.6 74268.6 19603.9 23626 17002.6 12838.5 45723.4 24558.3 22667.3 4961.67 21165.2 5220.82 17705.7 14384.9 11443.6 6778.09 28545.2 25906 5198.36 15944.3 5407.9 14333.2 13042.8 2473.76 1006.06 612.314 10561.7 10378.6 6476.81
internal_count=529315 430521 320678 98794 109843 84194 61972 201886 106969 99073 21439 94917 22773 77634 63157 50414 29603 118792 107441 21186 72144 23601 68946 63271 10439 4283 2570 51624 50810 28936
is_linear=0
shrinkage=0.05


Tree=15
num_leaves=31
num_cat=0
split_feature=10 9 32 32 10 34 32 43 32 33 33 32 7 32 32 32 33 33 5 33 43 33 43 34 33 33 20 32 32 32
split_gain=3493.29 1783.38 1063.07 992.551 561.382 555.835 533.007 830.477 622.114 532.961 1525.66 670.86 530.135 455.811 429.525 393.448 380.138 367.2 366.995 364.147 439.005 634.468 310.933 308.285 302.964 699.412 300.337 299.93 293.84 289.686
threshold=0.02405233045586606 0.012010234049177289 3.5000000000000004 3.5000000000000004 0.0089591209302084997 2.8707317708119455 8.5000000000000018 1.5000000000000002 5.5000000000000009 3249.5000000000005 2810.5000000000005 8.5000000000000018 -0.22997224330810698 11.500000000000002 1.5000000000000002 10.500000000000002 455.50000000000006 3312.5000000000005 -0.20058232490319253 2516.5000000000005 1.5000000000000002 727.50000000000011 2.5000000000000004 4.3444543512114846 2372.5000000000005 2235.5000000000005 0.46331704780864075 1.5000000000000002 10.500000000000002 5.5000000000000009
decision_type=10 8 2 2 8 2 2 2 2 2 2 2 10 2 2 2 2 2 10 2 2 2 2 2 2 2 10 2 2 2
left_child=1 4 27 14 -1 15 7 -7 18 10 12 23 16 19 -3 -5 -4 -11 -9 20 -8 -22 -17 -12 25 -14 -6 -2 -23 -28
right_child=2 3 9 5 26 6 13 8 -10 17 11 -13 24 -15 -16 22 -18 -19 -20 -21 21 28 -24 -25 -26 -27 29 -29 -30 -31
leaf_value=-0.042945043904792035 0.0056651249315326719 -0.0034215392450292191 0.038938560760101472 0.0069323500599355117 -0.038685466071189265 0.041892287292889983 -0.035985678824904721 0.018140587906657814 0.0092543043108864517 -0.028741938333790643 0.055888608523604236 0.015202421411797321 0.006762250223885183 0.0064986098447376425 -0.024261607746320163 0.012242976543583544 0.014696382944501174 0.0047001621037583959 -0.018411160853166974 -0.031653490467966471 0.022771348780814604 -0.022569032409221271 0.058194288966963638 0.023503195524897654 -0.0082724736496193711 0.059580159806681333 -0.026064142143291759 -0.0093243263295106817 0.0033796242677847487 -0.0088498932097914543
leaf_weight=2941.5318946093321 5683.814788594842 3852.9705622494221 2154.9644685387611 6239.6702043116093 1604.9917959421873 1310.1764373779297 1317.6969802230597 808.26519967615604 7694.5602981001139 1095.8712215423584 3269.1692727506161 2334.8944990634918 19137.151768818498 3219.5977862775326 6900.6148880571127 722.35345575213432 6478.98039072752 3270.5939019620419 4566.9203973561525 2501.6159137636423 1618.0635225921869 3103.2427464127541 750.74534675478935 947.91086472570896 3119.8719391673803 647.99615098536015 3959.5231005996466 8083.4083268195391 1682.4964715391397 6384.9342809319496
leaf_count=17082 24574 17753 8792 27332 8378 5589 6476 3433 33835 4903 13202 9762 81077 14262 35164 3249 26706 14067 21075 11652 7204 14390 3170 3824 13328 2671 20537 37817 7788 30851
internal_value=-5.89737e-05 -0.00832704 0.00893779 -0.0034852 -0.023378 0.000542471 -0.00274997 0.0039412 0.000136797 0.0128528 0.0147495 0.0367041 0.0101886 -0.00990765 -0.0167947 0.0124195 0.020747 -0.00369295 -0.0129149 -0.0150745 -0.00970326 -0.00429518 0.0356615 0.048609 0.00620863 0.00849212 -0.0185613 -0.00313591 -0.0134464 -0.0154389
internal_weight=117405 61180 56224.6 46289 14891 35535.4 27822.6 14379.9 13069.7 42457.4 38090.9 6551.97 31539 13442.7 10753.6 7712.77 8633.94 4366.47 5375.19 10223.1 7721.5 6403.8 1473.1 4217.08 22905 19785.1 11949.4 13767.2 4785.74 10344.5
internal_count=529943 289220 240723 212372 76848 159455 125704 63932 58343 178332 159362 26788 132574 61772 52917 33751 35498 18970 24508 47510 35858 29382 6419 17026 97076 83748 59766 62391 22178 51388
is_linear=0
shrinkage=0.05


Tree=16
num_leaves=31
num_cat=0
split_feature=10 7 32 32 32 43 10 34 9 32 38 32 9 34 9 43 32 26 43 5 12 9 34 13 3 43 38 43 6 32
split_gain=3209.94 1621.85 1511.21 1347.38 963.616 1048.83 707.513 624.129 524.909 559.461 503.469 494.238 424.27 421.706 419.922 338.773 315.696 317.228 299.323 280.56 279.009 247.098 260.4 240.469 235.355 233.795 240.644 231.183 267.512 212.858
threshold=0.01593650727315235 -0.25281250439453806 4.5000000000000009 8.5000000000000018 10.500000000000002 2.5000000000000004 0.0089591209302084997 2.8931418480839728 0.031038695695237855 1.5000000000000002 0.06478519446959731 3.5000000000000004 0.03901504730031452 2.9365093858589595 0.0080459374910734089 1.5000000000000002 3.5000000000000004 0.80529513128303998 1.0000000180025095e-35 -0.092307692307692521 4.6071428571428656 0.012632746540956504 3.707455086929333 0.030487594097338217 -0.092487833855012289 3.5000000000000004 -0.10272622585154682 1.5000000000000002 1.0000000180025095e-35 5.5000000000000009
decision_type=8 8 2 2 2 2 10 2 8 2 8 2 10 2 10 2 2 10 2 10 10 10 2 10 10 2 10 2 8 2
left_child=6 15 8 10 12 27 -1 -7 9 -3 14 -8 21 25 -4 29 -10 -18 -15 -11 -21 -5 -23 -20 -17 26 -13 -6 -29 -2
right_child=1 2 3 4 5 7 11 -9 16 19 -12 13 -14 18 -16 24 17 -19 23 20 -22 22 -24 -25 -26 -27 -28 28 -30 -31
leaf_value=-0.041460124087933918 0.047837630862952528 -0.000404726975545861 0.048666687633426006 -0.032060442702153281 -0.02169282631738316 0.047751333615214948 -0.030344574828306853 0.012756411201291376 -0.0018855899671636114 -0.0068254868764963898 0.023193723453396639 0.047630081818946686 0.0097987849342841341 0.049666549118991377 0.007451671900122127 0.027580723458892422 0.070099025611510629 0.011108547635137373 -0.019105424842575797 -0.026866331531663956 -0.0041543258646523952 -0.0047584780905157451 -0.020043786115293755 0.0018250453268271545 0.011630009800072795 0.023656724325121017 -0.015933057878372819 -0.052115077079602015 0.0013384412657377867 0.015613225687244457
leaf_weight=2901.2629710435867 1516.7338934540749 5966.5655673295259 638.91443037986755 1686.6350760310888 1777.6597532629967 1660.8119345605373 3844.9090801626444 5471.9030948877335 5331.893207103014 3589.4212091267109 8818.2769715189934 173.34690614044666 2144.2565625756979 178.89395341277122 18891.698069944978 3166.1388163268566 310.80491030216217 854.41087435185909 8182.2954085171223 8259.5442094802856 1616.9369230270386 6277.9834188818932 5009.8234550058842 1648.8016265928745 8578.6519953161478 1263.644414126873 1055.9744966775179 244.75681683421135 5356.5270809829235 773.95929466187954
leaf_count=17212 6231 26602 2700 8395 8294 6860 20945 23323 24317 16858 36605 749 9028 775 81466 13105 1278 3580 40575 40911 7726 27859 22545 7799 35772 5675 5021 1211 23541 3160
internal_value=-3.95692e-05 0.00362888 0.00099743 0.00548479 -0.00197073 0.00723275 -0.0187056 0.0209048 -0.00903643 -0.0131499 0.0132773 -0.0146673 -0.0108047 -0.00984621 0.00879996 0.0193606 0.00326678 0.0268434 -0.0144288 -0.0187971 -0.023148 -0.0142098 -0.0115425 -0.0155951 0.01593 0.00855419 -0.00697 -0.00598305 -0.000997293 0.0369499
internal_weight=117193 97944.3 83908.8 57979.2 29630.4 14511.7 19249.1 7132.72 25929.6 19432.5 28348.9 16347.9 15118.7 12503 19530.6 14035.5 6497.11 1165.22 10010 13465.9 9876.48 12974.4 11287.8 9831.1 11744.8 2492.97 1229.32 7378.94 5601.28 2290.69
internal_count=530118 431367 373099 251827 131056 63229 98751 30183 121272 92097 120771 81539 67827 60594 84166 58268 29175 4858 49149 65495 48637 58799 50404 48374 48877 11445 5770 33046 24752 9391
is_linear=0
shrinkage=0.05


Tree=17
num_leaves=31
num_cat=0
split_feature=10 9 32 32 33 38 43 33 33 33 33 32 32 32 32 33 33 33 33 33 32 7 33 33 33 33 43 32 32 26
split_gain=2940.75 1604.17 1015.45 742.34 474.424 471.324 481.757 675.915 593.307 456.549 1245.06 545.803 425.021 397.051 614.503 464.786 728.459 459.156 788.236 529.405 580.719 366.515 330.884 765.414 489.025 358.78 312.542 308.684 316.927 503.101
threshold=0.025063840620136231 0.010761465680265607 3.5000000000000004 3.5000000000000004 3388.5000000000005 -0.13819461656595897 3.5000000000000004 727.50000000000011 687.50000000000011 3249.5000000000005 2810.5000000000005 8.5000000000000018 1.5000000000000002 11.500000000000002 8.5000000000000018 1541.5000000000002 1290.5000000000002 2530.5000000000005 3279.5000000000005 2145.5000000000005 5.5000000000000009 -0.28569468402069931 1569.5000000000002 1927.5000000000002 1512.5000000000002 2387.5000000000005 1.5000000000000002 4.5000000000000009 8.5000000000000018 0.25662546237767486
decision_type=10 8 2 2 2 8 2 2 2 2 2 2 2 2 2 2 2 2 2 2 2 10 2 2 2 2 2 2 2 10
left_child=1 4 12 -2 27 -4 -7 8 -8 10 21 -12 -3 14 17 16 -16 19 -19 20 -9 26 24 -24 -15 -25 -5 -1 29 -29
right_child=3 2 5 9 -6 6 7 13 -10 -11 11 -13 -14 22 15 -17 -18 18 -20 -21 -22 -23 23 25 -26 -27 -28 28 -30 -31
leaf_value=-0.032624706564648227 -0.0016984986415104668 -0.003822304779805088 0.023527074097910078 0.051702611545921151 -0.045660922766308037 -0.0067639311290182223 0.012896475286162352 -0.022930975773028703 0.061728741941850455 -0.0039459542626738 0.045495697241956845 0.014680122640962063 -0.022861675890742807 0.011070642555234746 -0.0259691612873299 -0.03134146056186083 0.023668609952517888 0.04673676377534558 -0.0094632635366504476 -0.034841618745590268 0.012582885998022073 0.0072755118885483722 -0.051348611444737784 0.079128031407243393 0.086029732618001953 0.0020739915451131255 0.016817456869964078 -0.0054902314648272513 -0.023450520390899263 0.091371381139976005
leaf_weight=2953.0395829081535 12527.628291681409 4615.3233066350222 2069.5338613092899 770.80885298550129 2109.5742776989937 18726.013490319252 2568.2216950654984 1511.9819009453058 820.82510080933571 3898.7872226536274 3979.0834966301918 2249.14311234653 8032.9221833795309 490.61920952796936 1546.0224992781878 2555.2146451175213 1416.1877370476723 1496.6124806255102 1069.9601919949055 1011.8591706454754 4822.6177280247211 24340.749922394753 399.92058217525482 281.13847507536411 390.97078207135201 326.53132346272469 3843.5186348557472 2686.0100144594908 3310.4649635106325 141.10007506608963
leaf_count=16397 56738 21382 8673 3109 12684 86282 11119 6927 3584 16924 16109 9355 41747 2069 7061 11870 6353 6333 4819 4527 21156 102362 1776 1173 1620 1386 15571 13414 17051 628
internal_value=-2.85181e-05 -0.00707399 -0.00351139 0.00889307 -0.024299 0.000268323 -0.000952297 0.00430293 0.0247236 0.0122882 0.0140871 0.0343675 -0.0159142 0.000307075 -0.00234186 -0.0157164 -0.0022381 0.00510217 0.0233079 -0.00125824 0.00410622 0.0097248 0.021943 0.0023698 0.0443138 0.037723 0.0226449 -0.0193418 -0.0129508 -0.000655902
internal_weight=116962 65352.7 54152.5 51609.7 11200.2 41504.2 39434.7 20708.7 3389.05 39082.1 35183.3 6228.23 12648.2 17319.6 15430.5 5517.42 2962.21 9913.03 2566.57 7346.46 6334.6 28955.1 1889.18 1007.59 881.59 607.67 4614.33 9090.61 6137.58 2827.11
internal_count=530199 310031 249857 220168 60174 186728 178055 91773 14703 163430 146506 25464 63129 77070 69046 25284 13414 43762 11152 32610 28083 121042 8024 4335 3689 2559 18680 47490 31093 14042
is_linear=0
shrinkage=0.05


Tree=18
num_leaves=31
num_cat=0
split_feature=10 32 10 33 32 32 20 34 9 43 33 33 33 33 34 3 32 32 32 33 33 33 43 33 32 43 33 34 33 32
split_gain=2661 1279.02 915.511 710.073 662.501 568.074 547.163 511.813 381.518 357.14 388.925 343.009 339.036 578.068 446.262 292.71 278.909 275.842 467.713 634.901 812.282 688.9 410.507 403.037 544.269 518.454 426.921 326.012 418.565 418.401
threshold=0.016053462072961575 3.5000000000000004 0.030079724650531822 3342.5000000000005 3.5000000000000004 1.5000000000000002 0.59030123641534027 2.9150606983496101 0.029282383342774426 1.0000000180025095e-35 2964.5000000000005 471.50000000000006 3249.5000000000005 2810.5000000000005 4.0613043372021433 -0.11180076976449153 7.5000000000000009 11.500000000000002 8.5000000000000018 2530.5000000000005 3264.5000000000005 241.50000000000003 2.5000000000000004 2417.5000000000005 5.5000000000000009 1.5000000000000002 654.50000000000011 3.3655687125524305 727.50000000000011 10.500000000000002
decision_type=8 2 10 2 2 2 10 2 8 2 2 2 2 2 2 10 2 2 2 2 2 2 2 2 2 2 2 2 2 2
left_child=3 5 6 4 -1 11 -3 -6 -7 -9 -11 -2 13 -4 16 -8 -15 18 19 21 -21 -17 -19 24 25 -23 -26 28 -20 -30
right_child=1 2 12 -5 7 8 15 9 -10 10 -12 -13 -14 14 -16 17 -18 22 27 20 -22 23 -24 -25 26 -27 -28 -29 29 -31
leaf_value=-0.031289139333690229 0.02253452281534666 -0.0073645958203123491 0.011999262792505476 -0.042278919442766412 0.01319495880941913 -0.019275800866835523 0.026901752277965981 0.052656011020415429 -0.0016224421914625897 -0.017442560042023408 0.012778469554503563 -0.0021112169268992379 -0.0044726346432836933 0.057662108064219321 0.0074701763929683682 0.036918298424113823 0.028506365550247988 -0.002581235474011808 0.030574803584046625 0.044565178094831043 0.0017519372545476482 0.053783382898846703 0.029370887304844009 -0.02919933505686716 -0.0093770796665364683 -0.013738295885584546 0.016503101238907296 -0.012584416547132913 -0.014775866001248318 0.017814707464464168
leaf_weight=3989.6407853066921 1734.6177286803722 10997.896966412663 17653.098939165473 2449.4216672480106 2337.3647909015417 9326.9180819988251 1503.839773312211 205.27719196677208 4555.3625504374504 9192.3428897112608 1204.0489234030247 7585.0996589660645 2192.7275130748749 1494.4672792106867 1340.7280486375093 1362.1828728020191 1818.2329616695642 1683.1275643259287 1164.3793836236 2323.4666950404644 2117.5761417001486 300.55575853586197 2495.7927694022655 1110.5307535082102 2123.9441238045692 5253.5492548942566 6380.5432499200106 6504.6604505330324 2776.6755528599024 1526.0388988256454
leaf_count=22549 7400 49948 72862 14785 10584 47202 6336 885 21207 46150 5988 33613 9444 6094 5444 5625 7462 7536 5020 9581 9357 1254 10381 4904 9110 23392 27381 29550 12451 6688
internal_value=-0.000196588 0.00317233 0.00637917 -0.0171169 -0.0134762 -0.00707265 0.00247482 -0.00798372 -0.013483 -0.012653 -0.0139425 0.00247593 0.0142877 0.0161318 0.031809 0.00527631 0.0416595 0.00440027 0.00286522 0.0073664 0.024151 0.00285732 0.0165017 -0.00020135 0.00208929 -0.0100844 0.0100397 -0.00502003 0.00397996 -0.003217
internal_weight=116704 97326 74124 19378.1 16928.7 23202 49624.8 12939 13882.3 10601.7 10396.4 9319.72 24499.3 22306.5 4653.43 38626.9 3312.7 37123 32944.1 20972.3 4441.04 16531.3 4178.92 15169.1 14058.6 5554.11 8504.49 11971.8 5467.09 4302.71
internal_count=530183 429242 319820 100941 86156 109422 218514 63607 68409 53023 52138 41013 101306 91862 19000 168566 13556 162230 144313 90604 18938 71666 17917 66041 61137 24646 36491 53709 24159 19139
is_linear=0
shrinkage=0.05


Tree=19
num_leaves=31
num_cat=0
split_feature=10 10 5 32 32 20 5 32 7 12 0 43 32 43 43 13 10 37 32 32 43 32 43 32 34 5 3 38 34 43
split_gain=2481.67 1373.98 800.806 795.985 723.014 689.243 408.844 378.3 376.029 314.223 286.04 285.604 453.73 263.066 258.706 242.454 236.952 233.142 227.504 521.148 256.82 225.837 597.093 476.49 309.633 246.741 224.192 218.122 210.848 202.7
threshold=0.023960469425160249 0.011048928242986611 -0.13721965720476162 3.5000000000000004 4.5000000000000009 0.48589275348414068 -0.15999999999999995 1.5000000000000002 -0.046782406594649877 4.7000000000000073 0.094827586206897477 3.5000000000000004 11.500000000000002 1.0000000180025095e-35 2.5000000000000004 0.032110589181390467 0.045883470415015649 0.11906575278791844 8.5000000000000018 10.500000000000002 2.5000000000000004 7.5000000000000009 1.0000000180025095e-35 5.5000000000000009 3.7853247081855312 -0.079116569572772008 -0.092487833855012289 -0.11059395768057438 2.8707317708119455 1.5000000000000002
decision_type=10 8 10 2 2 10 8 2 10 8 10 2 2 2 2 10 10 10 2 2 2 2 2 2 2 8 10 10 2 2
left_child=1 14 13 7 17 10 26 29 16 27 -5 21 15 -2 -1 -13 18 -4 -6 -20 -21 22 24 -24 -8 -23 -7 -9 -22 -3
right_child=2 3 4 5 8 6 11 9 -10 -11 -12 12 -14 -15 -16 -17 -18 -19 19 20 28 25 23 -25 -26 -27 -28 -29 -30 -31
leaf_value=-0.042926770498330068 0.045033887064332576 0.021850050060537238 -0.0075014026572277894 -0.0190034714640573 0.0094103370354418747 0.035673724788313758 -0.00065072084804767975 -0.00067712723747329214 0.019182220727175469 0.0018485569590790951 0.082754206339023612 -0.0046567734373735847 0.026260277511338522 0.016630661608652144 -0.020926445321263972 0.0081194274633917801 0.021891205437331071 0.015260961055045943 -0.011116384973433566 -0.0012008162507428108 0.04514237506606919 0.0034715119399873814 -0.01629464503777921 0.013638095880528389 0.064629365098131247 -0.018526863005057136 0.0090506174555254598 -0.029695133593103964 0.013120156733920496 -0.0086598069423794496
leaf_weight=2534.9938434809446 876.97929202020168 628.66441823542118 12194.849404960871 5564.036259546876 10638.388259023428 971.86529792845249 285.40204562246799 725.39770425856113 6500.3821234703064 1134.8741941899061 69.9289520829916 9603.0421203523874 1883.1881463974714 11573.833974480629 2825.7966872602701 6054.5495183765888 2052.8732885718346 1239.2478575110435 5899.8721671998501 2650.4250996410847 659.13142684102058 1700.1415282934904 3711.9991578012705 2071.4911809414625 499.65531498193741 5093.5697422474623 4243.3514867573977 6038.0135076195002 2335.4343358427286 4061.1819992214441
leaf_count=15565 3628 2697 55764 26939 44453 4054 1199 3563 27058 5918 299 44192 8033 48161 15790 26505 8401 5467 25790 11270 2670 7928 17640 9369 2085 24512 18273 33065 9739 19610
internal_value=-6.76954e-05 -0.00717998 0.00743144 -0.00479754 0.00427443 -0.00147476 0.00106247 -0.0158185 0.00850359 -0.0224977 -0.0177405 -0.00112288 0.00307246 0.0186313 -0.0313299 0.000283587 0.00563947 -0.00540166 0.0041355 -0.000725162 0.0101352 -0.00663014 -1.94601e-05 -0.00557354 0.0408973 -0.0130217 0.0140119 -0.0265829 0.0201685 -0.00457002
internal_weight=116323 59701.1 56621.4 54340.4 44170.6 41752.2 36118.3 12588.1 30736.5 7898.29 5633.97 30903 17540.8 12450.8 5360.79 15657.6 24236.1 13434.1 22183.3 11544.9 5644.99 13362.3 6568.55 5783.49 785.057 6793.71 5215.22 6763.41 2994.57 4689.85
internal_count=529637 287236 242401 255881 190612 191028 163790 64853 129381 42546 27238 141463 78730 51789 31355 70697 102323 61231 93922 49469 23679 62733 30293 27009 3284 32440 22327 36628 12409 22307
is_linear=0
shrinkage=0.05


Tree=20
num_leaves=31
num_cat=0
split_feature=10 5 32 32 32 43 33 33 33 33 10 34 33 33 33 13 43 33 33 33 8 13 34 10 34 32 33 33 5 32
split_gain=2275.38 1316.9 1287.37 798.153 842.77 886.335 667.03 615.806 595.893 595.085 586.709 545.504 487.928 463.034 709.782 592.466 457.416 725.586 751.337 377.27 355.387 345.343 315.71 285.55 267.308 255.615 524.624 459.135 247.199 240.845
threshold=0.014455456117012084 -0.13721965720476162 4.5000000000000009 8.5000000000000018 10.500000000000002 2.5000000000000004 2829.5000000000005 3264.5000000000005 3326.5000000000005 2145.5000000000005 0.027888837974650253 2.8931418480839728 827.50000000000011 727.50000000000011 374.50000000000006 0.060668198489495638 1.5000000000000002 2654.5000000000005 3388.5000000000005 3109.5000000000005 0.12093023255813952 0.010689479558562238 2.8478079206112956 0.030947451128086566 6.5985771438656267 6.5000000000000009 909.50000000000011 2516.5000000000005 -0.061069824018723733 1.5000000000000002
decision_type=8 8 2 2 2 2 2 2 2 2 8 2 2 2 2 10 2 2 2 2 10 10 2 10 2 2 2 2 10 2
left_child=8 16 10 6 13 12 9 -8 19 -4 24 -7 -6 14 -5 -15 -2 25 -19 20 22 -14 -1 -11 29 26 -18 -27 -12 -3
right_child=1 2 3 4 5 11 7 -9 -10 23 28 -13 21 15 -16 -17 17 18 -20 -21 -22 -23 -24 -25 -26 27 -28 -29 -30 -31
leaf_value=0.0016476271114207121 0.031899313884180124 -0.0070745312267210501 0.0095917926359723026 -0.011863032665520837 -0.02282414167801626 0.044388517119196239 0.036171871051742667 0.0021126737988507983 -0.044216943331999596 -0.023902530162600567 0.015060171294644403 0.011735748758431606 -0.03910758136402212 -0.01959239342266253 0.033602493251280334 0.01118195424293769 -0.018455209437380393 0.043695046623255684 -0.0039816117563829237 0.019098312120812637 0.012826299826087285 0.0083876666762139427 -0.023752615621343329 0.0070700672046980139 0.022704947934085909 0.017847353228896634 0.0091860864608238717 -0.018529156553482886 -0.0044099473758869084 -0.021209106557628712
leaf_weight=1431.64514349401 2950.1522751897573 4228.4648820906878 17167.045172438025 2223.1966759264469 2616.1201406419277 1650.1643042862415 3983.2928079664707 1990.2307349294424 2040.7154701650143 2213.6650898307562 2061.7505375444889 5687.9339319616556 420.43000712990761 9935.5700407624245 1398.3549752533436 1856.134123146534 2733.7896157354116 2789.3311827629805 1174.213269457221 761.96598546206951 896.50886799395084 4267.9850922971964 8408.5177116692066 1121.0051434636116 433.12041419744492 5755.6543158143759 4613.5841330587864 1021.3689571022987 7789.1375120580196 10491.333218708634
leaf_count=7015 12270 19451 73351 10232 12112 6745 16335 8800 13099 9778 9092 24129 2131 45768 6048 7893 12040 11777 5160 3831 4457 18828 45559 4592 2120 23998 19915 4288 35125 53807
internal_value=-5.23904e-05 0.00249057 -0.000387238 0.00379115 -0.00178487 0.00680521 0.0101213 0.0248242 -0.0193177 0.00583737 -0.00983417 0.0190786 -0.00552455 -0.00994547 0.00569213 -0.0147482 0.0136438 0.0106663 0.0295707 -0.0148987 -0.0173114 0.00412857 -0.0200571 -0.0134906 -0.0160096 0.00536138 -0.00109861 0.012365 -0.000334931 -0.0171488
internal_weight=116112 102573 81534.9 56531.1 30055.9 14642.6 26475.2 5973.52 13539.4 20501.7 25003.8 7338.1 7304.54 15413.3 3621.55 11791.7 21038.1 18087.9 3963.54 11498.6 10736.7 4688.42 9840.16 3334.67 15152.9 14124.4 7347.37 6777.02 9850.89 14719.8
internal_count=529746 455785 366337 246742 133886 63945 112856 25135 73961 87721 119595 30874 33071 69941 16280 53661 89448 77178 16937 60862 57031 20959 52574 14370 75378 60241 31955 28286 44217 73258
is_linear=0
shrinkage=0.05


Tree=21
num_leaves=31
num_cat=0
split_feature=9 38 5 32 8 8 28 32 34 32 13 34 0 32 28 20 8 5 32 32 11 28 32 32 2 25 38 34 9 34
split_gain=2046.55 999.743 978.545 872.372 666.837 658.778 653.453 362.937 318.045 391.772 317.455 313.482 270.478 258.817 228.77 224.996 221.829 248.453 200.729 195.618 191.51 187.51 258.927 182.047 173.291 162.841 160.426 157.782 150.36 144.962
threshold=0.015128715750595512 -0.15465287371790706 -0.092307692307692521 3.5000000000000004 0.086538461538461578 0.038967698967699034 0.10158477345046087 1.5000000000000002 3.1419924481000066 10.500000000000002 0.0092311138644602195 4.4467602776460797 0.094827586206897477 5.5000000000000009 -0.034131955587476608 0.59030123641534027 0.29178738197113446 -0.14132993197278951 4.5000000000000009 8.5000000000000018 0.52313650095777608 0.035790731841259672 11.500000000000002 9.5000000000000018 -0.063550281270310746 0.68998480243161109 -0.059293826405405363 3.7316987250416642 0.029952693775723158 2.8819995850723745
decision_type=10 8 8 2 10 8 10 2 2 2 10 2 10 2 10 10 10 8 2 2 10 10 2 2 10 10 8 2 10 2
left_child=2 24 4 7 13 10 8 26 9 23 -4 28 21 -1 -11 -15 17 -10 -12 -8 -6 -7 -23 -5 -2 29 -3 -21 -9 -16
right_child=1 3 5 6 20 12 19 11 16 14 18 -13 -14 15 25 -17 -18 -19 -20 27 -22 22 -24 -25 -26 -27 -28 -29 -30 -31
leaf_value=-0.012357653853509109 0.035359111527986271 0.01970488691389782 -0.042242012039120043 0.0066942640658054584 0.059680931071793744 -0.014087700315936114 0.022488573860661828 -0.021143350407402284 0.0080168836539301399 0.0038753248099309386 -0.033647581463769886 0.002866274291635669 0.081762499224223684 -0.017284225659865898 0.047488664150637024 0.014580315831126352 0.0084748470753513837 -0.0040033081798911884 -0.015240685966694112 0.017440743994883569 0.0022227514938804602 -0.0044643365001365929 0.044227427777034006 -0.0095988840456926842 0.016942730128846905 0.01447251274928809 -0.0012235787278638544 -0.0022825832371480676 -0.0074411975107063341 0.01795619598325442
leaf_weight=2812.9793195277452 2302.86638648808 1054.8326373547316 2515.0660882592201 11583.75426274538 639.71367004513741 8336.6011928319931 6200.2996673285961 6137.1814735382795 5323.3340783268213 1307.6711107641459 2224.3186577409506 2649.8494926393032 80.939179733395576 695.09629425406456 1284.7672082036734 2728.930307418108 6659.0179986208677 22339.937718451023 4432.8258905410767 2210.9807298183441 187.5332897156477 3358.308472558856 297.18904431164265 2012.2100243121386 2868.3297269195318 1210.8786758929491 6940.8755140453577 1872.9860347360373 2971.5639036893845 614.15300160646439
leaf_count=14084 9468 4506 15698 49515 2672 42202 25425 31897 22464 5607 12640 13188 342 3305 5285 12469 27953 99579 22753 9242 830 16115 1303 8878 11793 5033 30884 7957 14032 2605
internal_value=3.96217e-05 0.00381859 -0.0116466 0.00247985 0.00447439 -0.017007 0.00536986 -0.00668132 0.00310569 0.00848598 -0.0271084 -0.01227 -0.00933273 -0.00112031 0.0214222 0.00811164 0.000281947 -0.00169022 -0.0213909 0.016892 0.0466554 -0.00994757 -0.000505735 0.00428287 0.025144 0.0288006 0.00153741 0.00839525 -0.0166733 0.0379372
internal_weight=115855 87545.5 28309.5 82374.3 7064.25 21245.2 62620 19754.3 52335.7 18013.4 9172.21 11758.6 12073 6237.01 4417.47 3424.03 34322.3 27663.3 6657.14 10284.3 827.247 11992.1 3655.5 13596 5171.2 3109.8 7995.71 4083.97 9108.75 1898.92
internal_count=529724 385311 144413 364050 33360 111053 269543 94507 226919 76923 51091 59117 59962 29858 18530 15774 149996 122043 35393 42624 3502 59620 17418 58393 21261 12923 35390 17199 45929 7890
is_linear=0
shrinkage=0.05


Tree=22
num_leaves=31
num_cat=0
split_feature=10 5 32 32 32 33 33 33 32 8 34 33 10 34 33 33 13 33 38 33 33 12 5 32 33 33 33 33 33 28
split_gain=1968.49 974.635 897.942 709.513 687.974 622.185 609.047 568.655 537.494 535.01 531.568 498.895 465.596 433.67 415.332 582.377 501.458 392.063 335.057 305.555 289.181 272.242 266.845 250.123 267.458 516.598 268.269 241.604 219.974 218.237
threshold=0.016268358899423064 -0.17584834088097936 4.5000000000000009 8.5000000000000018 10.500000000000002 3326.5000000000005 2810.5000000000005 3249.5000000000005 3.5000000000000004 1.0000000180025095e-35 2.9150606983496101 2402.5000000000005 0.034264648299614439 2.8707317708119455 727.50000000000011 374.50000000000006 0.066975466273704307 2964.5000000000005 -0.16491652971280149 2283.5000000000005 2654.5000000000005 1.3571428571428577 0.26015729569226215 1.5000000000000002 160.50000000000003 267.50000000000006 175.50000000000003 3402.5000000000005 3044.5000000000005 -0.079809718420385548
decision_type=8 8 2 2 2 2 2 2 2 10 2 2 8 2 2 2 10 2 10 2 2 10 8 2 2 2 2 2 2 10
left_child=5 18 12 6 14 8 11 -8 21 -6 -10 22 23 28 15 -5 -16 19 -2 -12 -20 -1 -4 -3 -25 26 -26 -22 -11 -29
right_child=1 2 3 4 9 -7 7 -9 10 13 17 -13 -14 -15 16 -17 -18 -19 20 -21 27 -23 -24 24 25 -27 -28 29 -30 -31
leaf_value=-0.038264651836597774 0.030410018821012443 -0.0020258984789436789 0.0062671990505425079 -0.0096145769554666811 -0.01391528832071044 -0.038268208183992035 0.034456298318088656 0.0031366294899253183 0.014662512250359822 0.03262877036281224 -0.010479291273266274 -0.014571383588368606 0.0058623505648349528 0.0062530885089352841 -0.017157246761885493 0.031267482842172512 0.015685315939358093 0.016094473221715894 0.0068792405267026598 -0.03464556059653464 0.035303474533873981 -0.011633048145623453 0.022640299235358177 -0.046444372046874981 -0.023207483824782292 -0.015383892143096354 0.042783569619788693 0.067562511973787862 -0.043426454208448595 -0.013703761314699426
leaf_weight=2324.5615104436874 2871.5570456534624 5897.2176383137703 15263.27114340663 2280.1502558887005 2614.5681812167168 2403.6932105720043 4200.6117755323648 2212.715934112668 2467.1307489722967 2394.5265778750181 8009.2601844221354 2575.6887394189835 5479.0203841775656 9793.2310722470284 9954.5920887738466 1409.686743542552 1315.8902231007814 1182.1922578960657 8551.1551196575165 1563.3146307170391 1856.3537981510162 1634.2913339585066 2973.2459878474474 619.62777794897556 207.01574343442917 12216.648582920432 601.44612663984299 98.222826912999153 99.002758488059044 519.83228842914104
leaf_count=13828 11685 26433 65102 10516 12359 15470 17231 9671 11156 9879 40737 11146 24195 41907 45679 6018 5540 5874 35922 8118 7778 9566 12208 3242 1076 61462 2599 419 420 2238
internal_value=4.76458e-06 0.0029518 0.000879212 0.00434087 -0.000981593 -0.0144419 0.0101787 0.0236504 -0.0111085 0.00662267 -0.00626931 0.00602732 -0.00701881 0.0109931 -0.00855587 0.00600424 -0.0133227 -0.011071 0.0151972 -0.0144259 0.0112351 -0.0272706 0.00893664 -0.0106303 -0.0143491 -0.0128223 0.0258858 0.0262884 0.0296091 -0.000788727
internal_weight=115590 96005.3 82108.2 57087.2 29861.6 19584.4 27225.5 6413.33 17180.8 14901.3 13221.9 20812.2 25021 12286.8 14960.3 3689.84 11270.5 10754.8 13897.1 9572.57 11025.6 3958.85 18236.5 19542 13644.7 13025.1 808.462 2474.41 2493.53 618.055
internal_count=529474 424725 366683 247676 132318 104749 115358 26902 89279 64565 65885 88456 119007 52206 67753 16534 51219 54729 58042 48855 46357 23394 77310 94812 68379 65137 3675 10435 10299 2657
is_linear=0
shrinkage=0.05


Tree=23
num_leaves=31
num_cat=0
split_feature=10 7 37 5 33 0 8 3 33 33 33 33 33 10 33 33 13 33 33 5 33 33 33 8 34 10 34 7 5 29
split_gain=1832.28 1074.94 961.835 524.004 465.858 347.168 325.718 311.145 342.676 285.836 383.999 531.916 258.304 305.514 271.139 422.114 215.773 195.279 520.731 295.926 240.653 192.986 464.23 189.988 187.624 181.077 180.761 173.011 170.969 163.617
threshold=0.013645992192404144 -0.22997224330810698 0.011184311322168907 -0.075925925925925772 3326.5000000000005 0.072529516876174163 0.063447942705537788 -0.094396810242475024 3402.5000000000005 2654.5000000000005 510.50000000000006 643.50000000000011 3109.5000000000005 0.0080697685038522704 744.50000000000011 687.50000000000011 0.0059071729957804022 2810.5000000000005 3249.5000000000005 0.059999999999998839 3109.5000000000005 2297.5000000000005 2235.5000000000005 0.14346811348830305 3.913022006759483 0.024352116365221024 2.1101948345363803 -0.33529267801099871 -0.15267996388410096 -0.11440143024998083
decision_type=8 8 10 8 2 10 8 10 2 2 2 2 2 10 2 2 10 2 2 10 2 2 2 10 2 10 2 10 10 10
left_child=4 7 3 -3 12 17 16 27 9 10 -9 -12 13 -1 15 -15 -5 21 19 -19 25 22 -4 26 -13 -21 -16 -2 -11 -14
right_child=1 2 5 6 -6 -7 -8 8 -10 28 11 24 29 14 23 -17 -18 18 -20 20 -22 -23 -24 -25 -26 -27 -28 -29 -30 -31
leaf_value=-0.041762066219719098 0.036565462428394549 0.0030211575267011896 0.0030401453802915562 -0.041799749907525025 -0.043270426132581696 0.025498434812373134 -0.0047695191447001111 0.023502032501807647 -0.025545540151822001 0.03818591814842192 -0.030094474139770358 0.012027901282990198 0.064683421684122638 -0.0037550350210653811 0.054540351285801328 0.087735151228656133 -0.013237894910993683 0.042018806621954473 -0.0039964910974475956 -0.027035641997743894 0.030754376456750145 -0.008565017246609595 0.043220712078524438 0.017843022404781538 -0.0066268978775619689 0.011173752261871825 -0.020299987121787797 0.016830558618618745 0.010614709523858908 0.0025721783615068818
leaf_weight=1118.503100708127 1705.8673324733973 15334.690434828401 21164.607311844826 704.84601274132729 1744.9317852407694 2157.6199286729097 24455.270543202758 2757.4359050840139 681.02265994250774 1357.258886218071 1119.6562297940254 5061.203408151865 132.49408352375031 692.03259333968163 81.780883103609085 154.15644231438637 10690.464707061648 1405.7880253791809 2983.8018625229597 416.40694722533226 1223.4313779622316 3300.1188209950924 744.12818743288517 365.07014186680317 1837.1133566945791 1214.2558762580156 6000.177440866828 3182.3579057604074 959.95107509195805 530.8397606164217
leaf_count=7260 6931 69730 92957 3864 12159 9136 112166 11383 2939 5626 4798 21141 615 3618 384 781 51987 5958 13494 1862 5055 14801 3210 1836 7776 5067 32662 13295 4066 2738
internal_value=-2.40331e-05 0.00200476 -0.000360821 -0.00471411 -0.0196102 0.0060773 -0.00802279 0.0128802 0.00903406 0.0108327 0.00740679 0.00187152 -0.0150609 -0.0174297 -0.0136981 0.0129124 -0.0150046 0.00478608 0.0120216 0.0232413 0.0139925 0.00270697 0.00440487 -0.0171907 0.00705988 0.00141658 -0.0192936 0.0237175 0.026764 0.0149783
internal_weight=115277 104457 85795.4 51185.3 10820 34610.2 35850.6 18661.9 13773.6 13092.6 10775.4 8017.97 9075.05 8411.72 7293.22 846.189 11395.3 32452.5 7243.68 4259.88 2854.09 25208.9 21908.7 6447.03 6898.32 1630.66 6081.96 4888.23 2317.21 663.334
internal_count=529295 467242 389287 237747 62053 151540 168017 77955 57729 54790 45098 33715 49894 46541 39281 4399 55851 142404 31436 17942 11984 110968 96167 34882 28917 6929 33046 20226 9692 3353
is_linear=0
shrinkage=0.05


Tree=24
num_leaves=31
num_cat=0
split_feature=10 5 32 32 32 33 8 33 33 33 33 13 10 33 32 33 33 33 33 33 33 33 33 33 12 33 9 38 38 33
split_gain=1620.54 960.142 892.714 654.018 730.931 593.836 563.154 545.402 523.827 506.162 499.614 487.686 471.102 458.747 294.334 295.385 355.117 498.562 288.331 847.911 748.975 487.43 983.01 479.789 520.977 333.005 307.623 271.109 252.504 238.626
threshold=0.014455456117012084 -0.17887627489072314 4.5000000000000009 8.5000000000000018 10.500000000000002 2810.5000000000005 1.0000000180025095e-35 3447.5000000000005 2402.5000000000005 3342.5000000000005 744.50000000000011 0.055180254578234007 0.029000302352495424 374.50000000000006 3.5000000000000004 2964.5000000000005 2372.5000000000005 2235.5000000000005 827.50000000000011 757.50000000000011 1597.5000000000002 2072.5000000000005 2283.5000000000005 1498.5000000000002 2.2500000000000022 2235.5000000000005 0.025171001637511372 -0.16491652971280149 0.022508955310572624 727.50000000000011
decision_type=8 8 2 2 2 2 10 2 2 2 2 10 8 2 2 2 2 2 2 2 2 2 2 2 10 2 10 10 10 2
left_child=9 27 12 5 10 8 -6 -7 -4 14 13 -12 -3 -5 28 16 17 29 19 -8 23 26 25 -20 -25 -23 -22 -2 -1 -16
right_child=1 2 3 4 6 7 18 -9 -10 -11 11 -13 -14 -15 15 -17 -18 -19 20 -21 21 22 -24 24 -26 -27 -28 -29 -30 -31
leaf_value=-0.034829532793711968 0.02780790174419781 -0.012326561866052358 0.0077533965558886338 -0.0090111001325803661 -0.014375430364867076 0.031490359011694634 0.016560502920901343 0.00081970212917199673 -0.015586625921614507 -0.041314532448135724 -0.019549983668770931 0.0052511368001161574 0.0015567690292992251 0.024493347467793351 0.013384037121709083 0.015734681756582131 -0.036443810595012893 0.068028921138656925 0.019512615553821305 -0.032807559218625153 -0.037517122312213082 0.013210838146235714 0.00022271931353654261 0.079890008749851332 0.0037370119666159541 0.0696893971303051 0.0092111396089065035 0.010614844428148031 0.0082295904357952282 -0.013979399280752404
leaf_weight=2103.993035748601 2888.5861558169127 17615.435495257378 19785.489422917366 2299.0246678888798 2789.4995614588261 4611.0067514330149 2397.9061159342527 2114.0183453261852 2736.4267504066229 1805.0026311278343 9359.271504715085 2514.7390764504671 9355.6150289624929 1838.8155564665794 941.34760399162769 1104.4671808183193 1237.4538697749376 213.05386255681515 1810.5560392290354 1364.7861178219318 920.88168199360371 379.69591391086578 3719.2805240005255 880.54402428865433 301.48104168474674 834.80980934202671 570.34758794307709 11117.71697551012 406.20182694494724 5186.4728099405766
leaf_count=13325 11746 88269 84215 10643 13359 19069 9972 9350 11960 12775 43972 10754 41798 7874 4674 5534 6672 1065 7713 6034 4178 1650 16007 3596 1257 3464 2376 46777 2386 27248
internal_value=-0.000115192 0.0019996 6.83921e-05 0.00340699 -0.00153472 0.00881077 0.00603411 0.021849 0.00491757 -0.0167442 -0.00908367 -0.0142975 -0.00751077 0.00587795 -0.0127819 -0.0084224 -0.0119431 -0.00716162 0.0103536 -0.00134605 0.0150281 0.0054049 0.0129762 0.0356889 0.0604668 0.0520323 -0.0196451 0.0141606 -0.0278617 -0.00977586
internal_weight=115204 102206 88199.6 61228.6 31981.6 29246.9 15969.8 6725.03 22521.9 12998 16011.9 11874 26971.1 4137.84 11193 8682.8 7578.33 6340.87 13180.3 3762.69 9417.6 6425.02 4933.79 2992.58 1182.03 1214.51 1491.23 14006.3 2510.19 6127.82
internal_count=529712 456033 397510 267443 142849 124594 69606 28419 96175 73679 73243 54726 130067 18517 60904 45193 39659 32987 56247 16006 40241 27675 21121 12566 4853 5114 6554 58523 15711 31922
is_linear=0
shrinkage=0.05


Tree=25
num_leaves=31
num_cat=0
split_feature=10 10 32 33 32 33 33 33 32 33 33 33 32 33 33 43 34 34 33 33 33 32 33 33 34 32 34 33 33 33
split_gain=1538.77 968.546 769.523 442.303 412.261 776.834 874.422 872.019 618.684 455.299 807.476 573.33 431.984 733.495 621.124 429.777 395.327 367.188 360.54 439.566 475.971 351.105 352.124 355.419 339.12 304.125 291.743 287.689 983.947 648.378
threshold=0.013645992192404144 0.030798036570045307 3.5000000000000004 3342.5000000000005 8.5000000000000018 241.50000000000003 2530.5000000000005 3264.5000000000005 11.500000000000002 643.50000000000011 1016.5000000000001 535.50000000000011 5.5000000000000009 2145.5000000000005 1393.5000000000002 2.5000000000000004 2.8931418480839728 4.4467602776460797 1541.5000000000002 1407.5000000000002 744.50000000000011 1.5000000000000002 484.50000000000006 1184.5000000000002 2.9678437658194921 10.500000000000002 4.4290293104806002 1555.5000000000002 1927.5000000000002 2297.5000000000005
decision_type=8 10 2 2 2 2 2 2 2 2 2 2 2 2 2 2 2 2 2 2 2 2 2 2 2 2 2 2 2 2
left_child=3 2 21 -1 5 -4 9 -8 16 11 -11 17 -12 14 -14 -10 18 -7 19 20 -6 22 -2 -24 -16 -20 -23 -17 -29 -30
right_child=1 -3 4 -5 8 6 7 -9 15 10 12 -13 13 -15 24 27 -18 -19 25 -21 -22 26 23 -25 -26 -27 -28 28 29 -31
leaf_value=-0.013891257948049128 0.018835953644549746 0.0094042352330552317 0.034708771048476597 -0.042288982828529567 0.037683491307751782 -0.0073052539507840603 0.036908431575538574 -0.00017685155566447735 -0.0046885797527729282 0.022748572367738418 -0.014029127196061029 -0.033437568038380647 -0.0092484456557504965 -0.025317040664221264 0.040770778385444018 0.033399649244516487 -0.011247456551648449 0.045001560710257446 -0.022922216351033139 0.053095898390802067 -0.017767439846099388 -0.02063237766749873 -0.036161634593327031 -0.0017500279804956249 0.011975007537376833 0.019657068532351621 -0.0012643489462609682 -0.047553470129241909 0.077982382375705206 -0.00031667726101803685
leaf_weight=8928.7065010070801 1619.7753859311342 29809.468560859561 2113.8213993608952 1619.9479468539357 659.79098521173 1809.051678493619 3408.4495042264462 2963.1618105322123 2777.6118147224188 3784.9076751917601 5615.0819500088692 2244.2443388104439 2438.2596847862005 1732.4312600940466 1577.5585682094097 2122.4086898565292 15366.297634214163 411.90951785445213 1352.6378475278616 682.86426147818565 935.98435862362385 8205.7842034250498 914.53035652637482 4180.0519658178091 2905.5679645091295 607.81297938525677 2548.0860783159733 570.22641868889332 467.33094887435436 608.86759242415428
leaf_count=49896 6951 125392 8710 11964 2802 7737 14210 13269 12710 16242 25676 9964 10534 7796 6678 8754 72110 1747 6276 2898 4183 44102 4356 19371 12527 2682 13424 2540 1911 2545
internal_value=-5.26305e-05 0.00178568 -0.00125763 -0.0182523 0.00154931 0.0054493 0.00330849 0.0196617 -0.00307434 -0.00131854 0.0022172 -0.0156143 -0.00322887 0.00377895 0.0110617 0.0102344 -0.00751829 0.0023958 0.0059996 0.019525 0.00515936 -0.010442 -0.00147089 -0.00792727 0.0221079 -0.00972105 -0.0160432 0.0212326 0.00554809 0.0336841
internal_weight=114983 104434 74624.5 10548.7 57156.3 31004.4 28890.6 6371.61 26151.8 22519 18053.8 4465.21 14268.9 8653.82 6921.39 6546.45 19605.4 2220.96 4239.09 2278.64 1595.78 17468.2 6714.36 5094.58 4483.13 1960.45 10753.9 3768.83 1646.42 1076.2
internal_count=529957 468097 342705 61860 254501 135090 126380 27479 119411 98901 79453 19448 63211 37535 29739 28460 90951 9484 18841 9883 6985 88204 30678 23727 19205 8958 57526 15750 6996 4456
is_linear=0
shrinkage=0.05


Tree=26
num_leaves=31
num_cat=0
split_feature=10 5 32 32 9 33 32 43 33 5 34 33 33 13 33 33 33 43 33 33 19 32 34 43 33 43 10 33 33 33
split_gain=1412.57 957.113 836.166 531.404 599.918 529.175 476.548 537.321 496.937 436.999 429.363 414.947 404.738 400.739 390.012 377.72 374.292 368.787 604.175 531.923 350.997 254.18 328.168 316.754 316.294 310.868 249.47 247.656 617.297 352.213
threshold=0.013645992192404144 -0.13721965720476162 4.5000000000000009 8.5000000000000018 0.013104467301001153 2829.5000000000005 10.500000000000002 2.5000000000000004 727.50000000000011 0.26744186046511503 3.3551519202956919 2145.5000000000005 3447.5000000000005 0.066975466273704307 3326.5000000000005 922.50000000000011 374.50000000000006 1.5000000000000002 2654.5000000000005 3388.5000000000005 -0.17738141536991223 3.5000000000000004 3.662277948377024 1.0000000180025095e-35 3160.5000000000005 2.5000000000000004 0.020728849283987813 1597.5000000000002 1455.5000000000002 2072.5000000000005
decision_type=8 8 2 2 10 2 2 2 2 8 2 2 2 10 2 2 2 2 2 2 10 2 2 2 2 2 10 2 2 2
left_child=14 17 9 5 -5 11 8 15 16 20 27 -4 -7 -10 21 -8 -6 -2 -19 -20 -3 -1 25 -24 -25 -23 -13 28 -9 -29
right_child=1 2 3 4 6 12 7 10 13 -11 -12 26 -14 -15 -16 -17 -18 18 19 -21 -22 22 23 24 -26 -27 -28 29 -30 -31
leaf_value=-0.029088879456764458 0.027508100961428628 -0.016813221380537084 0.0070333227789347585 -0.020865778971273966 -0.0048073454250414371 0.029654630918805464 -0.019351291025743029 0.020894205451915705 -0.014479258008176989 0.0060719628730455406 0.0058066954976450169 -0.034466223811419332 0.0019013509830261253 0.015024576604866891 -0.040197684630321272 0.00592249516754068 0.031368547728762644 0.0037759556759117715 0.037543958397603522 -0.0023581733557321519 -0.003600167575215966 -0.016312747195483573 0.090011843985469367 -0.021914178178243163 0.029291155320772439 0.021462082045256663 -0.0038236980394563656 -0.03474891617289072 0.077888573933136154 0.029932269980571247
leaf_weight=2001.1707234233618 2973.7343455553055 12131.952304124832 17767.793536573648 3667.8426015973091 1487.1846231222153 4103.6515864133835 2271.3266029059887 1364.7703571617603 9390.0894154012203 4362.94289688766 3760.2085689753294 910.53728221356869 1932.2072911709547 1311.6892241686583 1605.9083021432161 4234.2201692014933 1377.08398668468 14461.936439588666 2818.5442561805248 1186.9317818582058 8581.3395241200924 896.42602774500847 68.648767605423927 4166.9211492985487 325.10855631530285 1387.8709693700075 2455.2843901515007 300.83976319432259 728.77393977344036 700.64647352695465
leaf_count=13069 12385 61109 75647 18958 6436 17038 10587 5618 43515 19696 15847 4297 8587 5493 12141 18577 5817 61709 11849 5242 41954 4727 307 23290 1588 6808 10462 1301 2951 2869
internal_value=-5.11121e-06 0.0017513 -0.000685672 0.00262409 -0.0018952 0.00771313 0.000688875 0.00739144 -0.00591228 -0.00830985 0.0171593 0.00398396 0.0207702 -0.010863 -0.0175291 -0.00290152 0.0125853 0.0111668 0.00853546 0.0257199 -0.0113392 -0.0134139 -0.00883118 -0.0165793 -0.0182082 0.00663812 -0.0121133 0.0309519 0.0407342 0.0105025
internal_weight=114734 104282 82840.4 57764.1 30594.7 27169.5 26926.8 13360.8 13566 25076.2 6855.24 21133.6 6035.86 10701.8 10452.1 6505.55 2864.27 21441.1 18467.4 4005.48 20713.3 8846.15 6844.98 4560.68 4492.03 2284.3 3365.82 3095.03 2093.54 1001.49
internal_count=529874 467944 376759 254000 137969 116031 119011 57750 61261 122759 28586 90406 25625 49008 61930 29164 12253 91185 78800 17091 103063 49789 36720 25185 24878 11535 14759 12739 8569 4170
is_linear=0
shrinkage=0.05


Tree=27
num_leaves=31
num_cat=0
split_feature=10 13 7 8 19 34 33 33 34 13 33 33 33 33 33 33 28 34 33 33 1 1 28 34 33 12 8 33 33 33
split_gain=1301.67 750.361 553.73 434.755 395.949 394.343 251.193 626.158 322.229 268.584 223.824 709.495 214.696 253.016 226.634 213.085 341.432 286.81 233.438 185.684 185.07 175.041 173.711 182.907 171.079 162.364 176.809 158.772 166.538 157.735
threshold=0.019250721331973211 0.010030609517934193 -0.2937418407310704 0.35405797493219454 -0.36298771794688056 2.8478079206112956 727.50000000000011 687.50000000000011 5.1970871671460541 0.027873242790076646 1393.5000000000002 1799.5000000000002 1380.5000000000002 1569.5000000000002 1197.5000000000002 471.50000000000006 inf 5.8798344086697965 922.50000000000011 563.50000000000011 -0.019230769230768992 0.10502283105022837 -0.070968263869946577 3.8210030072102503 1211.5000000000002 0.14285714285714296 0.022511054939884038 1498.5000000000002 429.50000000000006 1695.5000000000002
decision_type=8 10 8 10 10 2 2 2 2 10 2 2 2 2 2 2 8 2 2 2 10 8 10 2 2 10 10 2 2 2
left_child=1 20 22 4 15 10 7 8 -7 -8 24 29 14 -14 -6 16 21 -18 -17 -10 -1 -4 -2 27 -3 26 -15 28 -24 -12
right_child=2 5 3 -5 12 6 9 -9 19 -11 11 -13 13 25 -16 18 17 -19 -20 -21 -22 -23 23 -25 -26 -27 -28 -29 -30 -31
leaf_value=0.014100416490298744 0.02638359268095794 0.0018379221734096942 0.0066839599260017082 0.010094681651179752 0.0018342114184152652 -0.010432941241744875 -0.015505209018372318 0.056814840061057317 0.052889381878331615 -0.003304245266726825 0.040643708361293739 -0.0014024900003092764 0.027048461871469934 -0.027145386158751669 -0.018682131572105826 -0.01699764253915971 -0.036956997695423342 0.14558137497009246 -0.0038128834735090943 -0.018351473895575714 -0.035063284755384339 0.060832820874323616 0.026348084482387787 -0.0014393483324286794 -0.030421595193098241 0.0050161889714483952 0.046719455587828695 0.028811583556865295 -0.0055108509629345657 0.091983201870499506
leaf_weight=204.82420094311237 2609.1819955259562 1814.7899012863636 5583.0789288282394 13358.086935639381 12165.113294497132 3119.5150594860315 12729.795604541898 468.93272694945335 344.96221616864204 6985.9221131876111 781.09660099446774 2073.0006777048111 1581.6590797305107 99.448788776993752 1513.5325026661158 4019.9230243861675 611.7014686614275 22.303804323077202 20361.177633836865 124.46702162921429 2924.8604960292578 153.34494684636593 678.40568624436855 1974.2425417155027 531.29972220957279 14431.097129255533 437.08129893243313 1648.8023088425398 1037.5380266010761 185.05772110819817
leaf_count=1258 10673 8468 24715 56712 53244 15181 68194 2122 1630 34162 3437 10130 6761 489 6938 18354 3402 125 92438 606 19385 657 2778 8090 2596 64200 1867 6713 4247 804
internal_value=-7.22816e-05 -0.00858005 0.00326613 0.00192495 0.000135298 -0.00608289 -0.00885032 0.00247846 -0.00462115 -0.011182 0.00613416 0.0150902 0.00419905 0.00803002 -0.000435907 -0.00385926 0.0042832 -0.0305354 -0.00598677 0.0340002 -0.0318457 0.00813146 0.0158099 0.0106425 -0.00546763 0.00602031 0.0330282 0.0177314 0.00708472 0.0504773
internal_weight=114574 32288.5 82285.7 74337.5 60979.5 29158.8 23773.6 4057.88 3588.94 19715.7 5385.24 3039.15 30227.9 16549.3 13678.6 30751.5 6370.43 634.005 24381.1 469.429 3129.68 5736.42 7948.17 5338.99 2346.09 14967.6 536.53 3364.75 1715.94 966.154
internal_count=530376 167973 362403 329902 273190 147330 121895 19539 17417 102356 25435 14371 133499 73317 60182 139691 28899 3527 110792 2236 20643 25372 32501 21828 11064 66556 2356 13738 7025 4241
is_linear=0
shrinkage=0.05


Tree=28
num_leaves=31
num_cat=0
split_feature=9 38 5 32 38 28 32 12 32 32 33 11 33 33 33 33 33 33 32 32 33 33 33 33 33 33 12 33 33 34
split_gain=1163.74 732.277 715.975 592.033 439.715 436.194 286.947 286.094 285.366 462.975 404.987 362.875 259.935 305.895 246.976 644.586 380.153 298.678 507.802 748.837 406.562 716.649 382.375 640.298 421.146 373.224 325.723 426.66 286.701 280.067
threshold=0.014598928261021991 -0.1255934063262559 -0.06681025307666337 3.5000000000000004 0.002197040704635556 0.10158477345046087 1.5000000000000002 3.0142857142857165 5.5000000000000009 8.5000000000000018 230.50000000000003 0.39948800956933311 1484.5000000000002 350.50000000000006 455.50000000000006 643.50000000000011 727.50000000000011 827.50000000000011 10.500000000000002 8.5000000000000018 2810.5000000000005 3230.5000000000005 2283.5000000000005 2235.5000000000005 1555.5000000000002 1016.5000000000001 1.7642857142857153 1484.5000000000002 69.500000000000014 3.5070566484845265
decision_type=10 8 10 2 10 10 2 10 2 2 2 8 2 2 2 2 2 2 2 2 2 2 2 2 2 2 10 2 2 2
left_child=2 -2 8 6 -4 14 -3 -8 10 11 -1 -10 13 -7 28 -16 -17 -18 19 20 25 29 23 24 26 -19 27 -20 -5 -22
right_child=1 3 4 5 -6 12 7 -9 9 -11 -12 -13 -14 -15 15 16 17 18 22 -21 21 -23 -24 -25 -26 -27 -28 -29 -30 -31
leaf_value=0.026609390854214494 0.016366348745872342 0.00072905348567996967 -0.022730263400250431 -0.014823557144608021 -0.0053454245947351956 0.019748611807221459 -0.016544147696257106 0.0014654600292998124 0.053775611913191856 -0.0051275226281526278 -0.017652481815351249 0.012267705106635886 0.019583255360604238 -0.0076817775268850355 -0.023815589233940514 0.0239833446718767 -0.018781800972716929 0.018845600820622144 0.020132085699241055 -0.013991297719569598 0.05699516896137416 -0.0011968638004964283 0.0001073528523812848 0.06657879631631422 -0.0057142853621790571 -0.0037003766075944691 0.0020010021320351116 0.069899552617134222 0.013605174866417694 0.020746906505640709
leaf_weight=625.28854568302631 8744.5942161679268 7939.8678629547358 9687.5912442579865 1021.5378458052874 5823.7766095325351 1706.4952832758427 8189.9248437285423 3017.6810500025749 702.48386773467064 3217.9273454770446 2978.6180350482464 2102.3697081133723 6043.6781151145697 2513.1647959649563 2631.9700893908739 1830.6101900190115 1878.4951556771994 2154.8521679788828 1200.8508962988853 8565.6129688471556 1014.0781161338091 2581.8968418985605 3897.174880862236 666.73231817781925 1683.127696365118 12388.469574779272 947.34762558341026 671.45867604017258 6726.7877775430679 1122.986242890358
leaf_count=2715 36332 35350 55976 4917 30522 6984 43048 15094 3022 16338 16269 9653 25370 10380 11526 7681 8340 9110 5099 39659 4165 11408 16723 2749 7409 54140 4058 2749 28335 4594
internal_value=-5.4078e-05 0.00262539 -0.00955546 0.00113078 -0.0162031 0.00352984 -0.00654313 -0.011695 0.00115578 0.00781495 -0.00997291 0.0226635 0.0129344 0.00341149 0.00163665 0.000163446 0.00171779 0.000666557 0.00165677 -0.00169149 0.00377802 0.0165303 0.0119334 0.0208488 0.0140775 -0.000359788 0.0258918 0.03798 0.00985714 0.0379474
internal_weight=114277 89139.4 25138.1 80394.8 15511.4 61247.3 19147.5 11207.6 9626.69 6022.78 3603.91 2804.85 10263.3 4219.66 50984 43235.7 40603.7 38773.1 36894.6 27827.9 19262.3 4718.96 9066.69 5169.52 4502.78 14543.3 2819.66 1872.31 7748.33 2137.06
internal_count=529715 395220 134495 358888 86498 265396 93492 58142 47997 29013 18984 12675 42734 17364 222662 189410 177884 170203 161863 123076 83417 20167 38787 22064 19315 63250 11906 7848 33252 8759
is_linear=0
shrinkage=0.05


Tree=29
num_leaves=31
num_cat=0
split_feature=5 38 33 13 32 32 13 33 32 33 33 43 33 33 32 28 14 39 11 33 32 33 32 43 32 33 33 33 12 26
split_gain=1076.87 1058.26 585.239 593.751 600.966 560.42 556.714 481.793 381.37 629.246 474.316 320.357 550.692 566.963 282.03 244.224 239.447 240.536 233.637 206.762 206.522 210.308 210.088 206.473 205.498 480.669 394.718 201.766 199.424 192.945
threshold=-0.13721965720476162 0.031956414217142133 484.50000000000006 0.030168208523270252 5.5000000000000009 8.5000000000000018 0.011314735830937063 374.50000000000006 10.500000000000002 744.50000000000011 854.50000000000011 1.5000000000000002 2654.5000000000005 3249.5000000000005 4.5000000000000009 0.28803134552775567 1.5000000000000002 1.0000000180025095e-35 0.37014327620638726 1058.5000000000002 8.5000000000000018 2530.5000000000005 11.500000000000002 3.5000000000000004 6.5000000000000009 909.50000000000011 2495.5000000000005 2206.5000000000005 12.864285714285712 0.48426434903184273
decision_type=8 10 2 10 2 2 10 2 2 2 2 2 2 2 2 8 8 8 10 2 2 2 2 2 2 2 2 2 10 10
left_child=11 2 7 4 -4 18 -7 15 9 -8 -10 19 24 -14 28 16 17 -2 -6 -1 21 -16 -22 -15 25 -13 27 29 -3 -26
right_child=1 14 3 -5 5 6 8 -9 10 -11 -12 12 13 23 20 -17 -18 -19 -20 -21 22 -23 -24 -25 26 -27 -28 -29 -30 -31
leaf_value=0.034599608091550306 0.0079245518805035123 -0.0050890720783316364 -0.022918951757136416 -0.0024620456627910746 0.034999375115132174 -0.038977195726131821 0.047606130122157267 0.026858011854550942 -0.039269404182457293 -0.027138777104028046 0.0085748045231145726 -0.018758545629707329 0.041612341061064227 0.015236659744567199 0.0077533898300151663 -0.029612535904562788 0.029684644746334143 -0.011643486396215531 -5.6701669689857495e-05 0.0069790992624699337 -0.0010648251957964924 0.021921896614067772 0.015105315400706053 -0.019535169823140783 0.022145045138652522 0.0068846719203848319 -0.017879052921257223 0.038733686746307318 0.021496195834361534 0.0026430325849358671
leaf_weight=1953.2668177336454 3379.6560431271791 8199.6069593280554 10509.37713906914 21787.412322580814 508.67003638297319 2042.3900519311428 306.59392012655735 1969.8778894990683 612.61411717534065 3450.8328072503209 3354.9504216089845 2907.1737848669291 2119.9500211924314 1383.0093300789595 8589.0758026093245 673.70555490255356 698.43135979771614 2933.6761404126883 7241.935598038137 1037.4243991523981 8612.7622138932347 3768.0675453469157 2619.6577820405364 617.55413076281548 2181.3503924459219 4920.304722443223 1137.071837335825 738.36414082348347 771.79718613624573 3029.937985047698
leaf_count=8176 15029 39095 59549 100003 2174 13233 1385 8572 2927 18215 15979 13149 9018 6030 36040 3761 3041 13772 34164 4326 37925 15959 10854 2751 9279 21468 4841 3071 3608 12427
internal_value=-0.000125547 -0.00250232 -0.00646965 -0.00865334 -0.0134662 -0.00779534 -0.0157618 0.00479668 -0.0096239 -0.0210398 0.00118739 0.00980556 0.00741534 0.0235952 0.0047437 -0.000857905 0.0019049 -0.00116831 0.00224402 0.0250185 0.00761342 0.0120738 0.00270642 0.00450294 0.00294514 -0.00263938 0.0091134 0.0142721 -0.00280198 0.0108062
internal_weight=114056 92031.1 59470.1 49814.8 28027.4 17518 9767.38 9655.35 7724.99 3757.43 3967.56 22025.4 19034.7 4120.51 32561 7685.47 7011.76 6313.33 7750.61 2990.69 23589.6 12357.1 11232.4 2000.56 14914.2 7827.48 7086.72 5949.65 8971.4 5211.29
internal_count=529821 435285 291804 247629 147626 88077 51739 44175 38506 19600 18906 94536 82034 17799 143481 35603 31842 28801 36338 12502 100778 51999 48779 8781 64235 34617 29618 24777 42703 21706
is_linear=0
shrinkage=0.05


Tree=30
num_leaves=31
num_cat=0
split_feature=10 5 37 10 0 43 33 33 20 43 43 34 33 1 33 33 33 5 33 33 34 33 33 33 33 33 33 37 33 33
split_gain=1103.17 786.118 651.18 404.313 266.184 261.584 486.964 479.649 242.847 211.651 193.516 184.489 244.081 183.389 179.149 176.575 343.726 172.689 279.099 748.082 675.276 354.39 502.151 240.25 236.698 307.101 172.266 169.394 169.37 169.193
threshold=0.011048928242986611 -0.13721965720476162 0.022815308272745475 0.029394392390527681 0.083333333333333717 1.5000000000000002 2654.5000000000005 3417.5000000000005 0.15318725661719026 2.5000000000000004 2.5000000000000004 3.6415248988725928 3342.5000000000005 0.16155525697010412 950.50000000000011 2516.5000000000005 1393.5000000000002 -0.071428571428570439 1799.5000000000002 1347.5000000000002 3.6176510439644356 744.50000000000011 687.50000000000011 3724.5000000000005 1611.5000000000002 1695.5000000000002 535.50000000000011 -0.01897921209246228 934.50000000000011 1484.5000000000002
decision_type=8 8 10 10 10 2 2 2 8 2 2 2 2 10 2 2 2 8 2 2 2 2 2 2 2 2 2 10 2 2
left_child=9 5 3 8 -4 14 15 10 -3 -1 -8 12 -11 17 28 16 -7 -10 19 21 24 22 27 -20 29 -26 -5 -19 -2 -21
right_child=1 2 4 26 -6 6 7 -9 13 11 -12 -13 -14 -15 -16 -17 -18 18 23 20 -22 -23 -24 -25 25 -27 -28 -29 -30 -31
leaf_value=-0.035462355400496276 0.026876391871498092 -0.034772063865110135 0.004076055639860186 0.013393091326287588 0.02588713791122579 -0.0013359116116692976 0.044822056459132072 -0.0051440195908155056 -0.00050149133294435867 0.024125288997520318 0.019074111079719173 -0.021716903912144907 -0.057261033600410738 0.076173937248157519 0.0065307116532616815 -0.01544195841463683 0.015058165563093624 -0.013361522037554611 -0.014207296533314671 0.026308984571944256 -0.0074717592424724992 -0.019346688109152601 0.040047520057322497 0.066282805852446683 -0.017746710213129374 0.036145403443944533 0.00022570073135619483 0.0017867510115647696 0.072661939584447222 0.05851356460589973
leaf_weight=2110.54228541255 1715.4674442857504 749.1109891757369 26629.087617754936 3067.2283521592617 1476.3915476500988 8574.0306901782751 1627.6680401712656 1120.8282584547997 10152.436426639557 513.50831081718206 1322.8195511549711 1929.9605444073677 112.26388362795115 67.70093435049057 1036.6579276174307 1172.3607629090548 5098.5033087134361 4277.3849407732487 12915.685289248824 872.87725289165974 2290.1761193871498 5915.4582181274891 618.33907763659954 93.378377303481102 494.62889267504215 567.78978191316128 13061.525826439261 3245.9657955467701 228.94177088141441 765.50624907016754
leaf_count=15605 7189 4296 117141 12813 6228 37017 6875 5009 48931 2810 5591 12095 883 283 4312 5004 21782 21270 65265 3930 11500 29680 2706 547 2527 2513 56192 15211 948 3517
internal_value=6.33123e-05 0.00108104 -0.00104451 -0.00402173 0.0052218 0.00955137 0.00738192 0.0227006 -0.00655257 -0.0237443 0.0332782 -0.0140674 0.00952454 -0.00605255 0.0233175 0.00318065 0.00477746 -0.00618444 -0.00798421 -0.00412869 0.0125006 -0.0100329 -0.00326587 -0.0136295 0.0294364 0.0110549 0.00272976 -0.00682577 0.0322673 0.041356
internal_weight=113824 109158 87260.7 59155.2 28105.5 21897.3 18916.2 4071.32 43026.4 4666.28 2950.49 2555.73 625.772 42277.3 2981.07 14844.9 13672.5 42209.6 32057.2 19048.1 4990.98 14057.1 8141.69 13009.1 2700.8 1062.42 16128.8 7523.35 1944.41 1638.38
internal_count=529670 498277 404550 281181 123369 93727 81278 17475 212176 31393 12466 15788 3693 207880 12449 63803 58799 207597 158666 92854 23987 68867 39187 65812 12487 5040 69005 36481 8137 7447
is_linear=0
shrinkage=0.05


Tree=31
num_leaves=31
num_cat=0
split_feature=9 38 5 32 7 38 32 33 33 33 33 34 38 33 33 43 33 33 33 33 33 33 33 33 34 13 32 33 32 34
split_gain=924.535 596.563 577.401 480.98 355.575 350.743 297.83 268.778 463.673 462.5 412.978 303.698 286.873 267.568 266.883 245.095 233.556 372.905 231.124 434.464 505.636 351.766 447.565 248.162 246.325 192.792 197.144 221.322 186.759 180.255
threshold=0.01481845976756477 -0.11521526455593627 -0.092307692307692521 4.5000000000000009 -0.043209024411858914 0.002197040704635556 5.5000000000000009 3059.5000000000005 2696.5000000000005 3142.5000000000005 2481.5000000000005 4.4880742561260005 -0.041152656888501664 111.50000000000001 3093.5000000000005 1.5000000000000002 535.50000000000011 175.50000000000003 3249.5000000000005 2810.5000000000005 2432.5000000000005 2235.5000000000005 2283.5000000000005 3342.5000000000005 4.3128102996742443 0.0059071729957804022 4.5000000000000009 3742.0000000000005 10.500000000000002 4.7418839142079827
decision_type=10 8 8 2 10 8 2 2 2 2 2 2 10 2 2 2 2 2 2 2 2 2 2 2 2 10 2 2 2 2
left_child=2 -2 6 7 18 25 15 8 10 14 11 13 -12 -3 -9 -1 17 -13 19 20 21 -5 28 -20 -21 -4 27 -27 -23 -16
right_child=1 3 5 4 -6 -7 -8 9 -10 -11 12 16 -14 -15 29 -17 -18 -19 23 24 -22 22 -24 -25 -26 26 -28 -29 -30 -31
leaf_value=0.028209706129983411 0.013681449133247923 0.023757972902733415 -0.032296739447412993 0.0016052890030320279 0.011535519380859172 -0.0043387885135987743 0.013294995300984476 0.0038922181680537977 -0.032240499956019235 -0.0050313368935998529 0.058339146816398693 -0.027054959546233572 0.0069608552541765697 -0.012065130818194027 0.065423856494263799 -0.014891213458942891 -0.0017418341432216423 0.045295517951629533 -0.027264366167242461 0.023972074732519014 -0.016625052614438637 -0.020665430307997487 0.0010954844832936331 -0.0017631251499798677 -0.0031148466797754231 -0.027000246202695262 -0.010238608078705119 0.087057143459189149 0.061355734582437128 -0.010516020443605709
leaf_weight=386.84111443907022 10294.347411856055 543.46376948058605 2020.2335463762283 29034.177956551313 10870.714912056923 7416.5630578324199 3854.9817289337516 420.26312217116356 1705.7549301981926 2188.9660073071718 385.10886172950268 238.20019781589508 922.49217557907104 12754.246891528368 565.36234004795551 2238.3815726563334 2782.1925066262484 705.82444639503956 1339.5640581250191 3395.9152545630932 3723.7568957954645 77.115219265222549 889.12027302384377 3314.6129406541586 1114.8717438727617 3145.2360349148512 6397.093730583787 43.115284264087677 693.82262615859509 90.675617888569832
leaf_count=1694 43017 2334 14347 125700 46294 38855 17784 2057 8204 10712 1732 1153 4389 62203 2444 12001 13479 3251 6240 14288 16489 336 3935 14818 4748 19268 33932 307 2839 400
internal_value=-5.75821e-05 0.00237047 -0.00844074 0.000872975 0.00344547 -0.0128319 0.00444931 -0.00513846 -0.00730619 0.00816379 -0.00498604 -0.00706594 0.0220926 -0.0106011 0.0349999 -0.00854005 0.00554988 0.0270397 0.0014276 0.00268658 0.000774333 0.00288519 0.0252704 -0.00910289 0.0172774 -0.0182594 -0.0153009 -0.0254579 0.0531513 0.0549277
internal_weight=113553 88050.6 25502.4 77756.2 54453.7 19022.2 6480.2 23302.6 20037.3 3265.27 18331.5 17023.9 1307.6 13297.7 1076.3 2625.22 3726.22 944.025 43583 38928.8 34418 30694.2 1660.06 4654.18 4510.79 11605.7 9585.45 3188.35 770.938 656.038
internal_count=529250 391062 138188 348045 235687 106709 31479 112358 96745 15613 88541 82420 6121 64537 4901 13695 17883 4404 189393 168335 149299 132810 7110 21058 19036 67854 53507 19575 3175 2844
is_linear=0
shrinkage=0.05


Tree=32
num_leaves=31
num_cat=0
split_feature=10 38 32 28 33 33 33 32 33 33 32 9 32 33 33 13 33 33 34 33 33 32 10 32 34 32 33 10 33 34
split_gain=924.073 707.297 710.089 599.588 462.125 517.729 776.822 694.779 519.214 798.954 504.917 392.479 397.994 354.637 395.944 279.958 276.629 865.506 942.588 451.199 686.287 372.132 301.609 240.651 371.182 382.962 297.733 239.404 238.889 238.799
threshold=0.011048928242986611 -0.10272622585154682 4.5000000000000009 -0.038715185368783787 3264.5000000000005 2682.5000000000005 2432.5000000000005 7.5000000000000009 2235.5000000000005 2283.5000000000005 6.5000000000000009 0.031815955300501582 1.5000000000000002 484.50000000000006 1016.5000000000001 0.019768064042767559 1799.5000000000002 1393.5000000000002 3.0610489973715933 727.50000000000011 687.50000000000011 8.5000000000000018 0.041390044029169341 7.5000000000000009 3.925925918121195 5.5000000000000009 1129.5000000000002 0.021273947648793434 160.50000000000003 3.0750027876182671
decision_type=8 8 2 10 2 2 2 2 2 2 2 8 2 2 2 8 2 2 2 2 2 2 10 2 2 2 2 10 2 2
left_child=-1 -2 11 -4 5 6 8 10 16 -10 29 12 13 -3 -15 -6 17 19 -19 20 -5 -18 -23 24 -21 -26 -25 -8 -14 -7
right_child=1 2 3 4 15 7 27 -9 9 -11 -12 -13 28 14 -16 -17 21 18 -20 23 -22 22 -24 26 25 -27 -28 -29 -30 -31
leaf_value=-0.022168074685497436 0.011415545227276837 0.019689867904759042 -0.007674855700963182 0.0040970251641191113 -0.033154235050564924 0.044490763029783796 -0.039238946028078397 0.0052485268836566946 0.059963957498046866 -0.003007521811380363 0.05795696704934275 0.0038248100414117452 -0.042337603496972326 -0.036259615185123072 -0.00086694576744095978 -0.0040024268818984509 0.0094055555833576776 0.04385005178047903 0.006670215248700412 -0.0073190511762744881 0.043752574442274324 -0.019454988074668833 0.034163373499452511 -0.019049012674013186 -0.017052789490669962 0.038704090212422167 0.006359037513491721 -0.010238840468772083 -0.013640665512659276 0.0060647668905414115
leaf_weight=4550.8127139508724 13780.184363551438 1629.5746141672134 12671.246625825763 10331.551898092031 1019.82249571383 592.23924985527992 1079.1361002027988 4676.4170255810022 1069.6872390955687 951.97500784695148 1402.9745891690254 6175.4751545190811 764.40717294812202 948.25614522397518 4741.490032620728 4279.7293621972203 2561.3392565846443 2833.5519938021898 4278.9710188060999 3085.5847405791283 1219.8509058356285 3434.9678262919188 283.95697522163391 4499.0259499102831 429.84180891513824 1086.1201683133841 1550.2839021682739 2089.8641715198755 14143.504481382668 1274.2045732736588
leaf_count=31374 58506 6990 59167 43586 5909 2501 5300 20289 4475 4284 5991 27770 4111 4699 22785 19545 11054 11889 19147 13094 5074 16263 1160 20498 1919 4737 6769 9033 76183 5385
internal_value=-9.37459e-05 0.000828841 -0.000705112 0.00211414 0.00440983 0.00593474 0.00365999 0.0176109 0.00566284 0.0303115 0.0352935 -0.00732599 -0.0104241 -0.000875479 -0.00676551 -0.00961227 0.00426289 0.00630308 0.0214823 0.00144041 0.00828473 -0.00526021 -0.015361 -0.00598261 0.00263471 0.0228946 -0.0125376 -0.0201142 -0.0151121 0.0182577
internal_weight=113436 108885 95105.1 66702.3 54031.1 48731.5 40785.7 7945.84 37616.7 2021.66 3269.42 28402.7 22227.2 7319.32 5689.75 5299.55 35595 29314.8 7112.52 22202.3 11551.4 6280.26 3718.92 10650.9 4601.55 1515.96 6049.31 3169 14907.9 1866.44
internal_count=529487 498113 439607 297069 237902 212448 178282 34166 163949 8759 13877 142538 114768 34474 27484 25454 155190 126713 31036 95677 48660 28477 17423 47017 19750 6656 27267 14333 80294 7886
is_linear=0
shrinkage=0.05


Tree=33
num_leaves=31
num_cat=0
split_feature=10 10 32 5 7 43 32 5 26 32 33 33 43 33 33 5 33 33 38 33 7 22 28 14 32 32 33 33 33 33
split_gain=873.125 606.736 483.048 311.003 385.469 332.849 288.672 294.23 278.16 270.854 258.013 308.409 222.94 207.625 301.514 205.517 202.511 211.956 199.364 284.048 193.027 224.262 191.588 253.578 190.399 186.651 178.565 172.7 171.545 188.077
threshold=0.01149028686932321 0.030079724650531822 3.5000000000000004 -0.12881451077179759 -0.071371975866935819 1.5000000000000002 1.5000000000000002 0.24575717292566659 0.62612628863654829 5.5000000000000009 484.50000000000006 1184.5000000000002 2.5000000000000004 3264.5000000000005 3176.5000000000005 -0.044001796064986158 2654.5000000000005 2516.5000000000005 -0.069041986857788715 2481.5000000000005 -0.30231394184882548 1.3667283474493781 inf 1.5000000000000002 11.500000000000002 11.500000000000002 3612.5000000000005 160.50000000000003 267.50000000000006 2964.5000000000005
decision_type=8 10 2 8 10 2 2 8 10 2 2 2 2 2 2 10 2 2 10 2 10 10 8 8 2 2 2 2 2 2
left_child=12 2 6 5 15 9 10 27 16 -4 -2 -12 -1 14 25 22 17 -7 19 -13 -3 -22 23 -5 28 -14 -18 -8 -6 -30
right_child=1 20 3 4 24 8 7 -9 -10 -11 11 18 13 -15 -16 -17 26 -19 -20 -21 21 -23 -24 -25 -26 -27 -28 -29 29 -31
leaf_value=-0.031716588529856343 0.016824760669163254 0.016249559113637287 0.045224929163261963 -0.00093365305115864622 0.032903724853650722 0.0087376958769337081 -0.040951179217394967 0.011602261264178548 -0.0069834993341832815 -0.0026212822726948519 -0.032498900500900409 -0.019219950101966067 -0.015300900464020632 -0.047908561984964779 0.06452917852675899 -0.0092452291546336798 0.031215009892463726 -0.023683286721618759 -0.0037350386241331046 0.072412974123930149 0.0036510020785974033 0.018880630068758508 -0.028194995417186737 0.032846546349473579 0.020879644797522662 0.02717820326950814 -0.04003948464083041 -0.014773253876032028 -0.00064481660798121235 0.014070120926868291
leaf_weight=2284.259606488049 1599.7121393233538 4547.7596888244152 965.59814310073853 13536.897249288857 464.05183272063732 6238.6066879928112 677.55155047774315 1021.9907389581203 3551.0486150532961 426.40660877525806 914.42426146566868 141.50040829181671 2155.3175330683589 335.12274321168661 142.83473195135593 13669.240837343037 1367.8117264211178 548.43646891415119 3954.8154061883688 210.21323588490486 24876.126751363277 2677.3926458060741 608.78747403621674 579.33153021335602 1646.8685072287917 293.85041465610266 93.96536573767662 8983.3717688694596 11968.822561323643 2652.7931265383959
leaf_count=17322 6824 18536 4065 63183 1914 26871 3780 5103 14859 1774 4657 673 13273 2634 695 64583 5905 2474 19204 926 105729 11275 3557 2500 7136 1628 463 51426 54231 12113
internal_value=-2.08552e-05 0.000944369 -0.00149498 0.000691401 -0.00128277 0.00744465 -0.00877961 -0.0139103 0.00471679 0.0305684 -0.000743602 -0.00612659 -0.0200099 -0.0108742 -0.00608601 -0.00483019 0.00975366 0.00611787 -0.00052684 0.0355475 0.00670605 0.00513087 -0.000731713 0.00045269 0.00473703 -0.0102043 0.0266347 -0.0166092 0.00297477 0.00202491
internal_weight=113135 107924 75822.2 58318.7 45126.8 13191.9 17503.6 10682.9 11799.9 1392 6820.67 5220.95 5211.39 2927.13 2592 28394.3 8248.82 6787.04 4306.53 351.714 32101.3 27553.5 14725 14116.2 16732.5 2449.17 1461.78 9660.92 15085.7 14621.6
internal_count=529313 493761 358221 265628 209217 56411 92593 60309 50572 5839 32284 25460 35552 18230 15596 133823 35713 29345 20803 1599 135540 117004 69240 65683 75394 14901 6368 55206 68258 66344
is_linear=0
shrinkage=0.05


Tree=34
num_leaves=31
num_cat=0
split_feature=10 5 32 32 32 34 33 33 13 33 33 10 33 8 28 38 33 12 33 33 12 34 33 33 34 33 33 34 13 33
split_gain=813.082 624.759 527.578 435.999 552.712 468.65 462.579 417.682 390.641 376.808 622.171 348.479 338.598 282.953 233.498 223.894 220.931 209.731 246.63 207.223 490.556 348.177 341.781 250.712 216.165 206.712 327.933 239.96 226.387 204.948
threshold=0.01149028686932321 -0.18181818181818302 4.5000000000000009 8.5000000000000018 10.500000000000002 2.8115666804667279 727.50000000000011 374.50000000000006 0.066975466273704307 2530.5000000000005 2402.5000000000005 0.028010002953439223 3447.5000000000005 1.0000000180025095e-35 -0.066957828019352156 0.0099801330391408056 3342.5000000000005 1.328571428571429 2372.5000000000005 1393.5000000000002 2.1642857142857168 2.8593355435749763 324.50000000000006 1741.5000000000002 4.8390557555346021 3264.5000000000005 3160.5000000000005 3.630984598539754 0.0017224911899351035 654.50000000000011
decision_type=8 8 2 2 2 2 2 2 10 2 2 8 2 10 10 10 2 10 2 2 8 2 2 2 2 2 2 2 10 2
left_child=25 -2 11 9 6 16 7 -5 15 10 19 17 14 -7 -11 -8 -6 18 -3 20 -4 23 24 -21 -22 26 27 28 -1 -24
right_child=1 2 3 4 5 13 8 -9 -10 12 -12 -13 -14 -15 -16 -17 -18 -19 -20 21 22 -23 29 -25 -26 -27 -28 -29 -30 -31
leaf_value=-0.043205159241830778 0.010879348054902697 -0.019537753766213667 -0.0047476103254890092 -0.007290078594338602 0.025485083056090936 -0.014146313954623405 -0.022378856306046389 0.02546436704776886 0.012612764251307453 -0.015769282710630519 -0.021615733626588151 0.0011161390468218998 -0.00011231860100995603 0.0040364306851029394 0.025542455033991013 -0.0085282177070369527 -0.051425111655662471 -0.0045817931983534298 6.1479585122637708e-06 0.050701599397964585 0.020404697972567193 0.0060250545343101709 -0.016861954706918706 0.014916102858440659 0.057755243515031807 -0.039131576826095638 0.046052554669690313 -0.025398677087771368 0.013681867154876393 0.012743906940048847
leaf_weight=218.79166622459888 13839.051978558302 7634.4915571585298 9066.2413869947195 2298.793640434742 2759.1440337598324 2622.2042149677873 6158.7131358236074 1687.9775294661522 1347.39654122293 367.13042476773262 2301.5217047929764 10337.357622012496 2327.5419786348939 11625.839469127357 5004.6037269681692 5544.3801116123796 96.645483084022999 8323.4987771734595 2047.05077432096 856.81067770719528 1195.3097477406263 5736.7924609035254 801.57665334641933 1141.5158578455448 573.10728339850903 1053.8507640436292 213.35242339223623 2787.1663920208812 871.60293666273355 2159.138190984726
leaf_count=1679 58170 41346 38732 10861 11627 13221 31152 7115 5622 1540 10591 46523 10669 50710 21148 25678 495 43902 11182 3578 4870 25228 3481 4794 2327 9441 1074 18411 4942 9287
internal_value=3.43476e-05 0.000960678 -0.000499359 0.00196125 -0.00195395 0.00439547 -0.00832818 0.00657798 -0.0128818 0.0062005 0.00309377 -0.00620085 0.0158169 0.000690086 0.022719 -0.0158171 0.0228823 -0.0104018 -0.0154054 0.00573511 0.00206204 0.0122859 0.0151169 0.0302596 0.0325092 -0.0193851 -0.0142982 -0.0176188 0.00226728 0.00472849
internal_weight=112999 107854 94014.8 65672.4 34141.1 17103.8 17037.3 3986.77 13050.5 31531.3 23832 28342.4 7699.28 14248 5371.73 11703.1 2855.79 18005 9681.54 21530.5 13795.4 7735.12 4729.13 1998.33 1768.42 5144.76 4090.91 3877.56 1090.39 2960.71
internal_count=529396 493849 435679 292726 156481 76053 80428 17976 62452 136245 102888 142953 33357 63931 22688 56830 12122 96430 52528 92297 58697 33600 19965 8372 7197 35547 26106 25032 6621 12768
is_linear=0
shrinkage=0.05


Tree=35
num_leaves=31
num_cat=0
split_feature=9 38 5 38 8 32 33 6 28 33 33 26 33 33 33 33 33 8 12 33 5 33 33 2 33 33 33 43 33 0
split_gain=682.821 441.132 432.216 403.077 381.593 354.951 327.228 256.767 245.796 203.915 343.181 195.299 192.875 186.846 499.994 308.244 389.779 238.7 227.498 222.8 211.05 168.006 186.202 163.267 164.962 268.391 156.276 392.829 163.183 153.218
threshold=0.014367774642128408 -0.10272622585154682 -0.10080669964558196 0.20107052729504951 0.099557305439658253 4.5000000000000009 3388.5000000000005 44.740131289859228 -0.034836093666887509 3249.5000000000005 3176.5000000000005 0.63778308671168438 484.50000000000006 3075.5000000000005 3142.5000000000005 2696.5000000000005 2481.5000000000005 0.11699435926358105 4.9142857142857164 111.50000000000001 -0.071428571428570439 535.50000000000011 455.50000000000006 -0.064846416382252511 429.50000000000006 687.50000000000011 497.50000000000006 1.5000000000000002 812.50000000000011 0.094827586206897477
decision_type=10 8 8 10 10 2 2 8 10 2 2 10 2 2 2 2 2 10 10 2 10 2 2 10 2 2 2 2 2 10
left_child=2 23 4 5 12 13 7 -4 26 10 -10 -8 -1 15 20 16 18 -18 19 -3 -15 22 -20 -2 -25 -26 27 -7 -28 -9
right_child=1 3 6 -5 -6 8 11 29 9 -11 -12 -13 -14 14 -16 -17 17 -19 21 -21 -22 -23 -24 24 25 -27 28 -29 -30 -31
leaf_value=0.026518152563934624 0.018847959708418602 0.020492467307285375 -0.016150247406451546 0.012742343492960568 0.044574420991480318 -0.014790308557795917 -0.034012511884656961 -0.0040084785861170405 0.0039341175110123262 -0.0072065668099778463 0.032782329747076594 0.036504609650381527 -0.0034806343958922073 0.063944320469184315 -0.0071374159968203843 -0.027958899747058882 0.045917320248406043 0.001758431587284121 0.0003228625070665747 -0.011845313226298013 0.012964405350608655 -0.0009049297657291697 0.059033380017816543 0.021521107130936374 -0.020732813024269527 0.0073637865251554545 -0.026138988725511271 0.026222721798212823 -0.0055008997806489501 0.065562208878399988
leaf_weight=613.54726830124855 4045.32959844172 556.26610879600048 7021.2480520904064 6183.0793953984976 541.59951095283031 1132.6521767675877 1907.5556490421295 8913.193070448935 33758.499914377928 3925.0613952875137 1063.3941685259342 103.51461796462536 4228.8262955546379 416.64090803265572 2083.486726552248 1723.1316732317209 546.81929597258568 694.9494731426239 259.23787423968315 12541.657466441393 395.94586418569088 1780.3731216192245 281.9109602868557 1541.8731118291616 985.93219707906246 6163.1965696066618 1109.3755207508802 1204.9771359711885 7010.3646627813578 79.848993539810181
leaf_count=2632 16972 2369 40718 26101 2434 5580 14687 47723 145163 17861 4441 691 21101 1821 10352 8524 2584 3246 1168 63038 1841 8589 1305 6504 4252 25944 4935 5079 31704 333
internal_value=-5.72424e-05 0.00193324 -0.00765923 0.000501742 0.00477206 -0.000572031 -0.0113723 -0.00898499 0.0017614 0.00359729 0.00481509 -0.0303828 0.000320327 -0.00596736 0.00583698 -0.00782689 -0.0057448 0.021204 -0.00791506 -0.0104719 0.0391035 0.0065107 0.030908 0.0105503 0.00668808 0.003489 -0.00504102 0.00635067 -0.00832062 -0.00339076
internal_weight=112813 89404.2 23409.3 76667.8 5383.97 70484.7 18025.4 16014.3 49204.3 38747 34821.9 2011.07 4842.37 21280.4 2896.07 18384.3 16661.2 1241.77 15419.4 13097.9 812.587 2321.52 541.149 12736.3 8691 7149.13 10457.4 2337.63 8119.74 8993.04
internal_count=529692 399373 130319 345701 26167 319600 104152 88774 214763 167465 149604 15378 23733 104837 14014 90823 82299 5830 76469 65407 3662 11062 2473 53672 36700 30196 47298 10659 36639 48056
is_linear=0
shrinkage=0.05


Tree=36
num_leaves=31
num_cat=0
split_feature=10 5 32 32 32 43 33 33 33 34 13 33 33 33 9 33 33 39 13 5 43 33 43 33 34 43 34 33 32 33
split_gain=707.333 538.167 466.371 414.296 550.373 511.192 496.464 440.666 393.273 388.308 351.54 347.982 394.972 350.388 333.182 326.198 306.932 303.836 265.723 239.475 219.409 219.346 208.619 204.737 468.552 459.279 354.116 283.102 272.327 210.605
threshold=0.011048928242986611 -0.22023779761904763 4.5000000000000009 8.5000000000000018 10.500000000000002 2.5000000000000004 727.50000000000011 934.50000000000011 374.50000000000006 2.8707317708119455 0.04762871776408429 2810.5000000000005 3447.5000000000005 2402.5000000000005 0.022928660919878729 484.50000000000006 455.50000000000006 1.0000000180025095e-35 0.010689479558562238 -0.025882352941176408 1.5000000000000002 471.50000000000006 3.5000000000000004 1393.5000000000002 3.6951092322888068 1.5000000000000002 2.8593355435749763 1741.5000000000002 5.5000000000000009 1695.5000000000002
decision_type=8 8 2 2 2 2 2 2 2 2 10 2 2 2 8 2 2 10 10 10 2 2 2 2 2 2 2 2 2 2
left_child=-1 -2 14 11 6 7 8 -6 -5 -7 -8 13 19 23 15 16 17 20 -9 -13 -3 -18 -14 24 -4 -26 27 29 -27 -25
right_child=1 2 3 4 5 9 10 18 -10 -11 -12 12 22 -15 -16 -17 21 -19 -20 -21 -22 -23 -24 26 25 28 -28 -29 -30 -31
leaf_value=-0.019839394614088526 0.012600967660279848 0.024986297663393928 -0.0058969171710930666 -0.0063243418290698412 -0.020625924345709704 0.032230959237242722 -0.017974312318753065 -0.029553040944842752 0.024686819661706702 0.0072255146697123782 -0.00024698430409633465 0.040602456716764559 0.016908308711090718 -0.012346882023237219 -1.2811849817303691e-05 -0.01360673289762367 0.078042278508051635 -0.030144376560302666 0.0063919305088137972 0.016502560908492503 -0.019857888610023855 0.010159770454830699 -0.012598300894973111 0.035701212715767684 0.039157696581281216 -0.015836802260150773 0.0054467330246662452 0.013682513711352984 0.011680963114635373 0.089972609583221258
leaf_weight=4349.139360293746 8768.127304688096 910.15529164671898 8402.8378550410271 2384.2179214954376 2785.8143046051264 1988.680291429162 9511.3313366621733 564.05531995743513 1789.8158032000065 7079.5038931816816 3961.3191290646791 1472.0381939262152 1002.7985662221909 3175.604531288147 14402.392108142376 13330.551891364157 225.62705665826797 658.38301652669907 5811.7388422340155 3438.7916623055935 389.48339815437794 251.81729005277157 1487.7998705804348 669.87412336468697 1257.0749036222696 1163.4000933170319 6006.4639303982258 1268.9833760857582 3957.499058380723 243.82399591803551
leaf_count=31541 36465 4124 35615 11213 13350 8191 47581 3354 7510 30321 17257 6280 4628 14368 66891 73684 999 3537 25762 14617 1912 1112 6837 2780 5124 5187 26453 5307 16937 1005
internal_value=-6.80953e-05 0.000725446 -0.000320082 0.00193544 -0.00179959 0.00429346 -0.00809397 -0.00403655 0.00697317 0.0127093 -0.012762 0.00592982 0.0155009 0.00322038 -0.00551048 -0.0105326 0.00629342 -0.0024716 0.00321194 0.0237266 0.0115471 0.0422392 -0.000717949 0.00537256 0.00185891 0.012077 0.0117144 0.0289624 0.00542929 0.0501838
internal_weight=112709 108360 99591.9 69423.5 35876.5 18229.8 17646.7 9161.61 4174.03 9068.18 13472.7 33547 7401.43 26145.6 30168.4 15766 2435.47 1958.02 6375.79 4910.83 1299.64 477.444 2490.6 22970 14780.8 6377.97 8189.15 2182.68 5120.9 913.698
internal_count=529942 498401 461936 309677 164539 80978 83561 42466 18723 38512 64838 145138 32362 112776 152259 85368 11684 9573 29116 20897 6036 2111 11465 98408 62863 27248 35545 9092 22124 3785
is_linear=0
shrinkage=0.05


Tree=37
num_leaves=31
num_cat=0
split_feature=10 32 34 32 43 32 32 34 43 9 32 32 12 43 38 32 28 19 25 43 8 38 12 12 5 12 34 26 37 9
split_gain=640.313 459.884 355.876 366.546 565.108 511.758 461.493 434.782 298.79 294.923 387.821 289.391 311.639 254.967 346.607 285.271 254.595 205.066 191.898 179.07 216.216 173.069 164.35 164.044 150.563 148.396 148.288 146.686 146.324 140.925
threshold=0.011048928242986611 3.5000000000000004 3.0927440999241704 8.5000000000000018 1.0000000180025095e-35 5.5000000000000009 6.5000000000000009 3.8210030072102503 3.5000000000000004 0.038699931184784798 11.500000000000002 1.5000000000000002 1.4714285714285726 3.5000000000000004 -0.10272622585154682 10.500000000000002 0.19432262542264125 0.13182955960303175 0.53495972112993406 2.5000000000000004 0.039774244042129821 -0.048843187660700942 0.33571428571428558 1.0000000180025095e-35 -0.044001796064986158 1.328571428571429 4.8601998511071356 0.55615705809098248 -0.092738123209972642 0.020617024356200202
decision_type=8 2 2 2 2 2 2 2 2 10 2 2 8 2 8 2 10 8 10 2 10 8 8 8 8 10 2 8 10 10
left_child=18 11 13 4 5 -4 28 -7 -8 10 22 19 29 14 -3 16 17 -15 -1 21 -21 -2 -5 -12 -24 -10 -22 -25 -6 -13
right_child=1 2 3 9 6 7 8 -9 25 -11 23 12 -14 15 -16 -17 -18 -19 -20 20 26 -23 24 27 -26 -27 -28 -29 -30 -31
leaf_value=-0.0096415850226375041 0.026786997881332687 0.014743548625974781 0.049428003362423242 -0.043124209752090831 0.01725104214126123 -0.026831019555707492 0.023988200156760116 0.030479848050645922 -0.0043002842262879447 0.0082088780415620448 -0.051745719241096111 -0.023523294245958993 -0.0021150531204300305 0.00093842411921253751 -0.0033935268977688705 0.026436546548221092 0.036558692062454566 0.015407677677248561 -0.030910890730620724 -0.025542455590925918 -0.0029945815357868637 0.001772215944637895 -0.0022100066715164258 0.012610717603949939 -0.012618380987398753 0.0093139912633809982 0.017842337935555317 -0.0032906088969026728 -0.0050349390176792777 -0.010045011628752321
leaf_weight=2412.7499034851789 1151.3713122159243 3771.1218152046204 1247.8213319331408 369.92995985597372 776.5203840136528 597.23532328009605 2675.5439233779907 742.17267815768719 2923.461712166667 4181.7021702826023 126.44897670298815 3801.96178034693 7030.4442532360554 6528.8579128906131 8737.1432839781046 2719.7233075648546 748.17860490083694 3918.3715853765607 1892.1453867405653 925.13735142350197 5362.6123710498214 1731.0260218456388 5014.503077968955 3390.3964942023158 11313.654218934476 6347.4186161085963 1015.5444319844246 2534.4965270236135 14303.117006905377 3958.6702300459146
leaf_count=17052 5070 15691 5169 2420 3235 2465 11736 3007 12826 17336 732 23369 36824 28564 39482 11229 3169 16746 14565 4695 24510 8077 23047 15123 55050 27082 4687 10798 64971 20281
internal_value=-8.00809e-05 0.000674064 0.0024647 0.000226165 0.00406521 0.0263889 0.00192814 0.00492522 0.00926885 -0.00399522 -0.00623853 -0.00527407 -0.00974029 0.00725502 0.00207463 0.0119117 0.0083831 0.00636531 -0.0189902 0.00121152 -0.00295338 0.0117644 -0.0101685 0.00460594 -0.00942189 0.00502089 0.00032312 0.00580859 -0.00388733 -0.0166481
internal_weight=112249 107945 82967.8 56544.4 29613.3 2587.23 27026.1 1339.41 11946.4 26931.1 22749.4 24976.8 14791.1 26423.4 12508.3 13915.1 11195.4 10447.2 4304.9 10185.7 7303.29 2882.4 16698.1 6051.34 16328.2 9270.88 6378.16 5924.89 15079.6 7760.63
internal_count=529008 497391 369878 254997 130491 10641 119850 5472 51644 124506 107170 127513 80474 114881 55173 59708 48479 45310 31617 47039 33892 13147 80517 26653 78097 39908 29197 25921 68206 43650
is_linear=0
shrinkage=0.05


Tree=38
num_leaves=31
num_cat=0
split_feature=10 12 32 34 43 38 0 33 33 33 33 33 34 32 33 32 34 34 33 33 33 33 33 34 33 34 33 33 33 33
split_gain=625.349 473.181 336.256 344.451 355.135 326.211 305.212 224.061 472.96 448.588 308.482 243.86 288.769 374.747 225.878 218.5 293.57 216.997 212.538 252.955 215.513 299.038 205.272 246.523 238.879 255.088 200.389 536.656 346.922 302.842
threshold=0.019250721331973211 0.049999999999999857 3.5000000000000004 2.9150606983496101 1.0000000180025095e-35 -0.16491652971280149 0.083333333333333717 1360.5000000000002 1597.5000000000002 535.50000000000011 643.50000000000011 175.50000000000003 4.5679872602102902 8.5000000000000018 727.50000000000011 10.500000000000002 3.6519552588822624 3.8887538546699645 3342.5000000000005 2981.5000000000005 2402.5000000000005 2235.5000000000005 840.50000000000011 2.1101948345363803 1197.5000000000002 5.4640436245585393 1799.5000000000002 1407.5000000000002 1033.5000000000002 673.50000000000011
decision_type=8 10 2 2 2 8 10 2 2 2 2 2 2 2 2 2 2 2 2 2 2 2 2 2 2 2 2 2 2 2
left_child=1 -1 -3 18 17 -2 7 9 15 11 -11 -7 -13 -14 -12 -9 -17 -5 19 20 21 26 23 -16 -24 -26 27 28 29 -4
right_child=5 2 3 4 -6 6 -8 8 -10 10 14 12 13 -15 22 16 -18 -19 -20 -21 -22 -23 24 -25 25 -27 -28 -29 -30 -31
leaf_value=-0.037997811952144835 0.016184913357341436 -0.014929196078333446 -0.0060688389783514112 -0.021640150094228473 -0.0063906563340498049 -0.0048812632994416358 0.020751705123104071 0.012094222733695145 0.0015592822681781751 -0.024077278780798014 0.011715668405968993 0.0043956004187967832 0.042838250921341942 -0.00096409663873371187 0.068917436410873265 0.055596557817040072 0.0040335314594680148 0.062120555735941156 -0.028637575733400492 0.064383187995998833 -0.020151391305114594 0.070639147482084413 0.00087082719275234904 -0.022360304441655789 -0.019331582851501435 0.034303603280089377 -0.014658429922736839 0.045632769671690269 -0.017354737115995594 0.049241390511224482
leaf_weight=1120.9485958218575 3992.344485476613 6533.4467284083366 470.6234832406044 103.70724205672741 17718.636466726661 5075.7062379568815 2011.1158745288849 3494.7304762601852 37544.989015325904 2431.3698441535234 1803.8355553895235 8447.0378492325544 1224.4362912327051 812.19224385917187 76.193235397338867 760.16728165745735 433.4364048987627 303.94233354926109 343.66604939848185 220.43823742866516 538.87479898333549 216.78780245780945 7440.9088008403778 2537.5403931587934 3009.1396305710077 239.31245508790016 665.51458169519901 1007.3198871314526 1147.1163685619831 521.96420666575432
leaf_count=9469 16429 40948 2049 439 92188 24369 8497 15541 169071 10837 7557 36336 5188 3382 326 3123 1780 1256 2056 985 2528 969 32802 11521 14232 1081 3020 4306 5240 2258
internal_value=-5.30977e-05 -0.00610664 -0.00490671 -0.00209135 -0.00532911 0.00224769 0.00152826 0.00101505 0.00342905 -0.00206527 -0.007548 0.00411479 0.00847027 0.0253702 -0.00488772 0.0184025 0.0368723 0.0408116 0.00934375 0.0120696 0.00954516 0.0135167 -0.00713906 -0.0196995 -0.00406782 -0.0153803 0.0102686 0.0155401 0.00137318 0.0230167
internal_weight=112247 30913 29792 23258.6 18126.3 81334.5 77342.1 75331 42233.3 33097.7 17538.3 15559.4 10483.7 2036.63 15106.9 4688.33 1193.6 407.65 5132.31 4788.64 4568.2 4029.33 13303.1 2613.73 10689.4 3248.45 3812.54 3147.02 2139.7 992.588
internal_count=529783 167711 158242 117294 93883 362072 345643 337146 189515 147631 78356 69275 44906 8570 67519 20444 4903 1695 23411 21355 20370 17842 59962 11847 48115 15313 16873 13853 9547 4307
is_linear=0
shrinkage=0.05


Tree=39
num_leaves=31
num_cat=0
split_feature=10 10 32 34 32 43 32 32 32 34 32 13 32 12 39 12 43 39 8 1 12 34 4 43 19 28 34 43 32 43
split_gain=596.833 457.511 355.618 303.625 316.802 460.473 480.449 451.807 330.965 320.456 307.631 263.625 227.583 278.783 216.903 194.373 161.378 378.499 161.197 160.391 156.954 154.78 169.542 154.779 143.603 131.415 128.721 204.953 187.081 169.529
threshold=0.0089591209302084997 0.030798036570045307 3.5000000000000004 2.8593355435749763 8.5000000000000018 1.5000000000000002 5.5000000000000009 5.5000000000000009 11.500000000000002 3.8426723529032265 10.500000000000002 0.041382553635041348 1.5000000000000002 2.6857142857142864 1.0000000180025095e-35 0.33571428571428558 1.5000000000000002 inf 0.26163425177865957 -0.12081275577239169 1.0000000180025095e-35 5.8798344086697965 -0.22700267964177409 2.5000000000000004 0.11699188819780525 0.19432262542264125 4.0491724635231083 1.0000000180025095e-35 2.5000000000000004 1.5000000000000002
decision_type=8 10 2 2 2 2 2 2 2 2 2 8 2 8 10 8 2 8 10 10 8 2 10 2 10 10 2 2 2 2
left_child=-1 2 12 10 5 7 11 -5 15 -9 24 -7 -2 18 20 -6 21 -18 -14 -3 -10 -17 -23 -12 25 -4 29 28 -28 -21
right_child=1 19 3 4 8 6 -8 9 14 -11 23 -13 13 -15 -16 16 17 -19 -20 26 -22 22 -24 -25 -26 -27 27 -29 -30 -31
leaf_value=-0.026837893425458309 -0.00074282731399070165 0.031305052272774379 -0.0019797660504498704 0.039685408471603234 -0.041242524401878561 -0.014373636625865964 0.0054574646233820608 -0.030027282502417093 -0.053762056807569618 0.023648025879971137 0.0093720582932538196 0.0061714869763429409 -0.019119494200709099 0.00092810025737145732 0.017942440428983807 -0.026122931366654487 -0.0077031905324558662 0.062257165024758587 0.006944365237483506 -0.0063541501607033944 -0.00047033688195904168 0.14613620749828446 -0.0035398464580583934 0.033104976544785079 0.011079180999709776 0.058680374294326036 -0.070699371224461766 -0.0015294633067563946 0.042457791675654395 0.0089720214777859863
leaf_weight=2040.8655945882201 7182.9760198742151 601.81778421998024 6757.6243301331997 1527.4377570971847 465.99703609198332 6494.512441650033 14777.009707145393 536.17842015624046 143.40481524914503 577.65798127651215 1304.9872791990638 2055.5721795856953 7381.4968592301011 2959.7818276509643 1962.2286088764668 1689.6307764351368 14442.501562297344 195.95349361002445 645.06684596836567 2003.9245546609163 3780.1895214989781 26.929984927177429 63.60530786216259 1450.6703453063965 3670.0163430571556 90.480211153626442 39.986748084425926 8483.7437891513109 422.08161944150925 18115.944859087467
leaf_count=17330 34892 2489 30314 6507 3239 32058 65690 2327 940 2442 5939 8988 44538 16324 8500 9083 70150 906 3396 8362 17181 149 330 6038 15941 380 173 35722 1707 76850
internal_value=-4.67127e-05 0.000451034 -0.00151176 0.000290652 -0.00153517 0.0022396 -8.06669e-07 0.0220263 -0.00584007 -0.00219019 0.00699473 -0.00943427 -0.00766345 -0.0121882 0.00436973 -0.00939912 -0.00849533 -0.00676669 -0.0170248 0.00575584 -0.00241811 -0.0227101 0.0409817 0.0218659 0.00309862 -0.0011783 0.00522683 0.000236763 0.0326653 0.00744555
internal_weight=111890 109849 80181.9 62012.6 48738.8 25968.4 23327.1 2641.27 22770.4 1113.84 13273.8 8550.08 18169.3 10986.3 5885.82 16884.6 16418.6 14638.5 8026.56 29667.5 3923.59 1780.17 90.5353 2755.66 10518.1 6848.1 29065.7 8945.81 462.068 20119.9
internal_count=528885 511555 386252 287102 228490 118012 106736 11276 110478 4769 58612 41046 99150 64258 26621 83857 80618 71056 47934 125303 18121 9562 479 11977 46635 30694 122814 37602 1880 85212
is_linear=0
shrinkage=0.05


Tree=40
num_leaves=31
num_cat=0
split_feature=5 8 13 32 33 33 33 33 0 32 38 32 8 33 33 43 32 26 33 33 32 32 32 32 33 33 43 26 32 38
split_gain=546.785 669.309 459.491 316.003 377.943 372.361 367.185 286.797 285.736 256.128 238.859 218.242 231.639 214.29 345.981 315.257 274.85 252.728 249.679 313.275 292.116 261.64 252.182 393.672 228.813 286.443 186.133 201.567 185.97 168.617
threshold=-0.10417024901171983 0.066133407064985286 0.0083986959404160743 5.5000000000000009 744.50000000000011 1129.5000000000002 687.50000000000011 1723.5000000000002 0.083333333333333717 7.5000000000000009 -0.17111827404895999 11.500000000000002 0.34698930529547872 2058.5000000000005 3417.5000000000005 1.5000000000000002 5.5000000000000009 0.32482914128969276 2810.5000000000005 2297.5000000000005 10.500000000000002 1.5000000000000002 8.5000000000000018 2.5000000000000004 909.50000000000011 2015.5000000000002 2.5000000000000004 0.56791800858829855 5.5000000000000009 -0.081762449618088304
decision_type=8 8 10 2 2 2 2 2 10 2 10 2 10 2 2 2 2 10 2 2 2 2 2 2 2 2 2 8 2 10
left_child=10 2 -2 -4 6 9 -5 -7 11 -6 -1 12 -3 15 18 28 24 -18 19 20 -15 -21 23 -20 -17 29 -13 -28 -12 -26
right_child=1 8 3 4 5 7 -8 -9 -10 -11 13 26 -14 14 -16 16 17 -19 22 21 -22 -23 -24 -25 25 -27 27 -29 -30 -31
leaf_value=0.019118596834211139 -0.030554724668262919 -0.0027220939629789137 -0.014577212069079857 0.0067816922377034496 0.028040111531308389 0.012964154555228334 0.058404576934054202 -0.0074082628617463874 0.020348672095007035 -0.035348057289548665 0.02548595171439651 -0.0027959361044750529 0.0051836074024848508 0.012476807727511793 -0.010803422386181588 -0.021499976491773737 0.018345835341678256 -0.0018515068732202361 -0.0032273230518749755 0.038925638869923236 0.057361029848049763 -0.004955248209940314 0.0067634252328069569 0.048394046049144379 0.016635089353155667 -0.04637814534570063 0.031992174098392605 0.0064962208852767898 -0.015916760084349581 -0.0068763746803927502
leaf_weight=3010.4125485420227 2299.9177713617682 40449.739626817405 8366.8947904109955 1825.2241196632385 179.46288402378559 2340.8095023483038 424.59153783321381 6594.0279100611806 1785.3662485331297 1422.6849949136376 1700.733376853168 1799.1511906981468 12018.569902315736 1393.8291669562459 1726.9119454473257 2571.4376974776387 2208.1543524265289 5187.2743244767189 489.27375388890505 376.16421188414097 489.91498097777367 3504.1781575754285 1203.7918790653348 1506.588348403573 1295.6685804352164 326.86773057281971 1348.6785687953234 1823.1021717488766 322.68144103884697 1853.4100192710757
leaf_count=12454 17956 190182 48207 8127 823 11414 1825 34496 7550 7266 7323 8208 51477 5965 8356 12550 9696 21707 2199 1613 2036 15491 5068 6668 5916 1485 5675 7459 1323 9006
internal_value=-0.000104806 -0.00218126 -0.00933007 -0.00702244 -0.00207906 -0.00605113 0.0165241 -0.00207096 0.000649755 -0.0282477 0.00578114 3.74601e-05 -0.000911187 0.00424612 0.00968949 0.00048353 -0.00228601 0.00417909 0.0136376 0.00742024 0.0241501 -0.000701392 0.0248379 0.0357394 -0.0101923 -0.00182704 0.0100505 0.0173374 0.0188833 0.00279727
internal_weight=111846 82678.2 23453.6 21153.7 12786.8 10537 2249.82 8934.84 59224.6 1602.15 29167.3 57439.2 52468.3 26156.9 10690.7 15466.2 13442.8 7395.43 8963.74 5764.09 1883.74 3880.34 3199.65 1995.86 6047.38 3475.95 4970.93 3171.78 2023.41 3149.08
internal_count=529521 400665 130114 112158 63951 53999 9952 45910 270551 8089 128856 263001 241659 116402 47396 69006 60360 31403 39040 25105 8001 17104 13935 8867 28957 16407 21342 13134 8646 14922
is_linear=0
shrinkage=0.05


Tree=41
num_leaves=31
num_cat=0
split_feature=10 12 5 38 32 26 14 10 2 7 5 32 1 28 9 8 9 32 43 13 12 13 32 11 34 12 25 4 32 34
split_gain=494.107 550.861 280.851 348.473 251.465 232.346 199.428 182.437 169.415 173.998 206.55 181.665 165.635 155.945 154.131 233.141 148.157 160.865 147.463 132.184 129.376 128.724 180.259 122.481 122.109 114.309 110.008 130.911 105.945 116.33
threshold=0.025063840620136231 1.0000000180025095e-35 -0.12080536912752059 0.022508955310572624 3.5000000000000004 0.66490063436815816 1.0000000180025095e-35 0.017211098754847758 -0.10319846349660393 -0.0082297471672101979 -0.045454545454544464 4.5000000000000009 0.11725941933436014 -0.038715185368783787 0.0080459374910734089 0.024394652043393753 0.036076266594542238 11.500000000000002 1.0000000180025095e-35 0.03927372503420453 5.2714285714285785 0.012779759083369072 8.5000000000000018 1.5948537801085607 3.0927440999241704 10.814285714285718 0.60518265670611726 -1.0000000180025095e-35 4.5000000000000009 3.0610489973715933
decision_type=10 8 8 10 2 10 10 8 10 10 10 2 10 10 10 10 10 2 2 10 10 8 2 10 2 10 8 10 2 2
left_child=1 -1 5 4 7 6 19 -4 -2 10 14 -12 13 -6 15 -10 17 21 -16 -3 26 22 25 28 -20 -15 27 -19 -23 -30
right_child=8 2 3 -5 12 -7 -8 -9 9 -11 11 -13 -14 16 18 -17 -18 20 24 -21 -22 23 -24 -25 -26 -27 -28 -29 29 -31
leaf_value=-0.037919998777062348 0.01647032652000676 0.0034257651344400883 -0.025600517915122023 0.0020216013280643344 -0.011624332120933943 -0.010719094560406357 0.051976430083956526 -0.0091015028343521057 -0.032599914412096309 0.013677903602634848 -0.0067792207382263107 0.0021050142486793801 0.048633075740855292 0.0051378524798942234 0.022329668107865491 0.052435055777425826 0.0332661193313449 0.010001129647621738 0.0095416412704249064 0.017736380678862157 -0.022698206542963409 -0.017261535574884777 -0.037804063497548647 0.051443705957211684 0.00067349774452274988 -0.040435752229519922 -0.006090937768073108 0.041344165998471107 0.0050827135128037092 -0.0056530607123072129
leaf_weight=1111.0940442532301 2448.1536794155836 8321.9588448181748 2733.6700301170349 15286.542577043176 6654.5097576752305 2166.4335945695639 243.54576343297958 4328.2618757039309 102.47061717510223 3531.2060367912054 8244.7254249751568 19046.764269664884 144.28366127610207 711.04197444021702 1220.1620896309614 377.74832083284855 282.58163763582706 1016.3213519304991 6566.5083801150322 2001.7660349234939 282.87080202251673 1346.0574067384005 689.86099426448345 100.52002769708633 9493.93205550313 170.60541053116322 535.81235936284065 495.60366930812597 3584.3764683008194 8523.6471041962504
leaf_count=9385 10277 38542 19770 72009 35420 9590 1024 24434 470 14966 38751 80772 618 4169 5179 1773 1207 5030 27605 8755 1426 7384 5092 458 40301 1058 2557 2297 16619 42907
internal_value=9.89423e-06 -0.00303761 -0.00238754 -0.00417594 -0.007174 0.00419749 0.00725559 -0.0154883 0.00363665 0.00298995 0.00215223 -0.000578902 -0.0047812 -0.00509713 0.00634891 0.03429 -0.0026486 -0.00322997 0.00557245 0.00620059 0.00899783 -0.00511401 -0.0186603 -0.00354346 0.00429935 -0.00368098 0.0133763 0.0202753 -0.00395429 -0.00247492
internal_weight=111763 60731.4 59620.3 46886.6 31600 12733.7 10567.3 7061.93 51031.7 48583.5 45052.3 27291.5 24538.1 24393.8 17760.8 480.219 17739.3 17456.7 17280.6 10323.7 2330.61 15126.1 1571.51 13554.6 16060.4 881.647 2047.74 1511.93 13454.1 12108
internal_count=529845 309751 300366 242455 170446 57911 48321 44204 220094 209817 194851 119523 126242 125624 75328 2243 90204 88997 73085 47297 11310 77687 10319 67368 67906 5227 9884 7327 66910 59526
is_linear=0
shrinkage=0.05


Tree=42
num_leaves=31
num_cat=0
split_feature=5 8 13 7 32 38 2 32 32 34 32 25 34 9 32 34 32 28 5 32 26 38 34 9 8 36 1 7 34 32
split_gain=441.222 605.026 422.96 271.652 248.405 212.959 156.265 142.57 160.001 224.679 140.71 144.923 137.984 133.895 158.815 242.645 200.007 157.339 140.235 126.634 126.257 122.889 118.902 117.863 144.707 113.824 106.278 106.067 105.771 105.511
threshold=-0.10259013777816721 0.066133407064985286 0.0073097302046208441 -0.025206969370402007 5.5000000000000009 -0.17111827404895999 -0.11495561268881786 8.5000000000000018 10.500000000000002 2.7757039971150994 11.500000000000002 0.73342128408091478 6.9563549442813244 0.035288663734524155 8.5000000000000018 3.3217427861560611 4.5000000000000009 -0.1937074340633286 0.25274983576976201 1.5000000000000002 0.65710545998504133 -0.066735150202759261 3.925925918121195 0.031423867612078153 0.23415306053886989 0.99979321753515238 -0.018867924528300991 -0.35017442779175623 6.5985771438656267 6.5000000000000009
decision_type=8 8 10 10 2 10 8 2 2 2 2 8 2 10 2 2 2 10 8 2 10 10 2 10 10 2 10 10 2 2
left_child=5 2 26 6 21 -1 -3 12 -9 -10 13 -12 -6 14 16 17 18 -16 19 28 29 -4 -21 24 -22 -5 -2 -15 -8 -7
right_child=1 3 4 25 7 20 10 8 9 -11 11 -13 -14 27 15 -17 -18 -19 -20 22 23 -23 -24 -25 -26 -27 -28 -29 -30 -31
leaf_value=0.017899064423649767 0.021759153178197266 0.018704954087941397 -0.0035216085058535672 0.0063302488038874272 0.0062044372444039209 0.0028388152374266657 -0.0023154150592240414 -0.013709641223637976 0.026795233721207401 -0.0046586093122604815 0.015329829916573787 -0.0035347249021735029 -0.040322234840037358 0.021594613014309205 -0.055533845258616633 -0.015279928839455862 0.0030472889313160473 0.0030128875864542334 0.0053589559351026866 -0.019943242868679673 -0.0089024846384436682 -0.017152080986411376 -0.005129936726178029 0.0043620033095768179 0.044611599352390729 0.025469379032597342 -0.033110796700463338 0.0014695659765272635 0.056972068790651198 0.010617833793318224
leaf_weight=3016.9134103506804 92.501813322305679 1003.3809523880482 2290.1826020106673 10808.160902172327 4618.2456861808896 9720.8935504481196 2753.5308460146189 3818.8705819472671 678.02015547454357 3490.8479837477207 2451.9629089385271 1740.9416236430407 165.05031538009644 702.39690457284451 118.62564930319786 5974.8076578900218 11859.322295606136 3516.894979596138 2024.9459630697966 3208.8265141919255 3971.8118225485086 5949.0353905707598 2344.336572162807 4763.0834171921015 130.4762704372406 836.99796755611897 1920.0783347189426 9643.2016117721796 77.340835206210613 7902.6894093230367
leaf_count=12505 670 4311 11736 49109 22395 45671 12854 20683 2992 17241 10669 7392 1011 3022 713 29582 50967 16205 9314 18045 17437 36496 12841 19802 569 3628 15882 41094 374 34652
internal_value=6.82642e-05 -0.00181664 -0.00869214 0.000863312 -0.00659465 0.00531228 -0.000817032 -0.00222783 -0.00631595 0.000457009 -0.00123903 0.00749705 0.00459901 -0.00210653 -0.00371051 -0.00908256 -0.0013921 0.00110253 -0.00645005 -0.0093022 0.00387873 -0.0133633 -0.0136896 -0.000988301 -0.00720043 0.00770588 -0.0305889 0.00283592 -0.000695651 0.00632705
internal_weight=111594 82088.5 23022.8 59065.7 21010.3 29505.9 47420.5 12771 7987.74 4168.87 46417.1 4192.9 4783.3 42224.2 31878.6 9610.33 22268.3 3635.52 10409 8384.03 26489 8239.22 5553.16 8865.37 4102.29 11645.2 2012.58 10345.6 2830.87 17623.6
internal_count=529862 399226 129106 270120 112554 130636 217383 64322 40916 20233 213072 18061 23406 195011 150895 46500 104395 16918 53428 44114 118131 48232 30886 37808 18006 52737 16552 44116 13228 80323
is_linear=0
shrinkage=0.05


Tree=43
num_leaves=31
num_cat=0
split_feature=10 10 19 20 32 12 33 33 39 4 33 33 33 32 43 33 32 32 33 33 33 33 33 33 33 33 32 33 33 33
split_gain=453.028 341.432 294.456 224.077 187.35 177.393 230.291 232.608 174.71 174.601 146.609 310.364 356.375 298.656 346.958 259.462 242.007 525.22 275.773 538.376 599.236 263.249 233.64 453.324 295.574 232.601 289.424 262.505 223.733 195.523
threshold=0.0089591209302084997 0.030798036570045307 -0.035377965108486835 0.15318725661719026 3.5000000000000004 3.5571428571428596 122.50000000000001 950.50000000000011 1.0000000180025095e-35 -0.14634146341463469 455.50000000000006 654.50000000000011 727.50000000000011 5.5000000000000009 1.5000000000000002 827.50000000000011 10.500000000000002 8.5000000000000018 1555.5000000000002 1955.5000000000002 2283.5000000000005 1498.5000000000002 2530.5000000000005 3464.5000000000005 1016.5000000000001 2432.5000000000005 5.5000000000000009 1347.5000000000002 2235.5000000000005 2654.5000000000005
decision_type=8 10 10 8 2 8 2 2 8 8 2 2 2 2 2 2 2 2 2 2 2 2 2 2 2 2 2 2 2 2
left_child=-1 2 3 -2 5 6 8 -8 -5 -4 13 -12 -13 -6 -15 -14 17 22 21 -20 28 -18 24 -24 -17 26 -26 -28 -21 -22
right_child=1 -3 9 4 10 -7 7 -9 -10 -11 11 12 15 14 -16 16 18 -19 19 20 29 -23 23 -25 25 -27 27 -29 -30 -31
leaf_value=-0.024026067638004633 -0.028397488181604175 0.0050074689311148729 0.021343222654926972 0.037895767704901162 0.030060385349965149 0.0035545641748078818 -0.026383219614784584 -0.0084573822112871001 -0.017467742258275836 0.0018182134400380294 -0.020430881993241674 0.027926218288995885 -0.023037559671915678 -0.015604185152776477 0.012115735528110849 0.019690368428011348 0.010703934474261177 -0.015773429724229255 -0.033608150932931548 0.010960686181821104 -0.024381003061344261 0.049912206440492796 0.029830603808187417 -0.0054321893921091503 -0.013197259644680621 -0.030093433710515677 -0.017743142715667376 0.011351198539417538 0.069388583467424422 0.0073073744271144048
leaf_weight=1928.1185221225023 899.52016805112362 29613.338997647166 1191.5546828508377 386.36865778267384 1043.0308226197958 2271.5938841477036 2687.2727421596646 5541.5835236534476 225.76413962244987 29302.994362108409 2323.0830312147737 997.66811294108629 1455.8124276250601 1949.7111873477697 2681.2003864422441 1337.0304829478264 1434.5360369160771 6438.9331364259124 924.02123691886663 248.59077952802181 710.37078197300434 610.20867187529802 1837.9918692559004 1807.9115184694529 3801.1272763684392 868.04692661762238 977.39645230770111 3749.156312584877 480.6075128018856 1546.6164015159011
leaf_count=17300 5621 125151 5129 1609 4443 12078 15543 32253 1012 138172 10596 4206 6999 10205 11449 5865 6320 33438 4376 1129 3263 2618 7916 8843 18591 4217 4336 16575 2045 7632
internal_value=-6.98555e-07 0.000422957 -0.00127983 -0.00367118 -0.00321103 -0.00890824 -0.0121104 -0.0143114 0.0174768 0.00258114 -0.00151018 -0.00284092 -0.00144275 0.0058892 0.000445066 -0.00248073 -0.00136291 -0.00390543 0.00752533 -0.000255509 0.0100649 0.0224048 0.0014092 0.0123447 -0.00230556 -0.00543562 -0.00292566 0.00533483 0.0494699 -0.00266632
internal_weight=111271 109343 79729.7 49235.2 48335.6 11112.6 8840.99 8228.86 612.133 30494.5 37223.1 31549.1 29226 5673.94 4630.91 28228.4 26772.5 20817.6 5954.95 3910.21 2986.19 2044.74 14378.7 3645.9 10732.8 9395.73 8527.68 4726.55 729.198 2256.99
internal_count=528930 511630 386479 243178 237557 62495 50417 47796 2621 143301 175062 148965 138369 26097 21654 134163 127164 99781 27383 18445 14069 8938 66343 16759 49584 43719 39502 20911 3174 10895
is_linear=0
shrinkage=0.05


Tree=44
num_leaves=31
num_cat=0
split_feature=10 38 32 28 10 32 32 34 11 11 34 26 2 12 34 28 43 32 37 25 32 43 34 34 38 10 12 5 9 34
split_gain=427.462 386.006 346.793 344.441 254.539 248.688 398.79 330.574 308.245 223.84 180.13 175.889 173.989 169.41 164.614 157.012 171.14 198.134 153.869 151.135 137.119 136.763 195.561 194.17 139.54 133.573 138.46 124.531 182.906 134.102
threshold=0.0085340008363854487 -0.0955306632192605 4.5000000000000009 -0.038715185368783787 0.017414721429117871 8.5000000000000018 10.500000000000002 2.8478079206112956 0.37014327620638726 0.13186538040319995 4.1116928651754314 0.041366346901737107 -0.063550281270310746 0.14285714285714296 3.8077723681394766 0.099366426268715793 5.5000000000000009 7.5000000000000009 0.1371237458191317 0.60921308576481004 1.5000000000000002 1.5000000000000002 4.3595612123654126 3.1585936248348179 -0.037138927097704437 0.024852262075457428 0.29285714285714315 -0.068341620072516027 0.030491362294139606 5.6249196099687415
decision_type=8 8 2 10 8 2 2 2 8 8 2 10 10 8 2 10 2 2 8 10 2 2 2 2 8 10 10 10 8 2
left_child=-1 12 4 25 14 8 10 19 11 -9 13 -5 -2 -7 -3 -10 -17 -18 20 -8 21 22 23 24 -6 -4 -27 28 -22 -29
right_child=1 2 3 5 18 6 7 9 15 -11 -12 -13 -14 -15 -16 16 17 -19 -20 -21 27 -23 -24 -25 -26 26 -28 29 -30 -31
leaf_value=-0.025328529692763131 0.015781047325941652 -0.024309095275042276 -0.011072926139846619 -0.024571429973921959 0.044674875861077663 -0.054040452058340543 0.032860470161515283 -0.047259646282599432 0.0030047390570350982 0.0024403554441978178 -0.015818297232712733 0.044481605008930281 0.0042014521907510144 -0.0020870753734109522 -0.0068339722147902036 0.015467890393246659 -0.036397807092251648 0.0090908337490202742 0.013471752823330387 0.0090364479145479439 -0.0060362792691294265 -0.00098574635997584928 -0.029923539127743051 0.053780322156330031 -0.051467960799015902 -0.037708425322576462 0.0013556170529527645 -0.012174170315729406 0.018894141264969744 0.0088871031539196673
leaf_weight=1646.3777846693993 4614.6977493986487 2623.5773205906153 6950.6360096186399 105.43863980472088 64.133100718259811 159.83409199863672 1343.6557134389877 231.59476229548454 21159.204895876348 10400.970708727837 4027.1327368766069 735.44833263754845 10921.020822219551 8579.030939206481 2770.9292357861996 5445.9067166820168 363.6739014685154 700.43536913394928 1299.9685808569193 1319.3380472585559 2908.4930528923869 6614.7295433729887 143.33204777538776 404.766611084342 91.706415340304375 237.81659519672394 4912.2808066904545 8696.6215687990189 984.82941716909409 827.73630844056606
leaf_count=15303 19638 17085 36330 480 259 1172 5762 1728 93432 46249 19846 3336 47298 40288 17877 22844 1490 2993 5678 5634 14874 29871 604 1669 380 1020 21072 47136 4430 4062
internal_value=-4.03584e-05 0.000339378 -0.000866069 0.00108086 -0.0055982 0.00277315 -0.000757158 0.00530344 0.00600027 0.00135781 -0.00706917 0.0358231 0.00764103 -0.0030373 -0.0153329 0.00509393 0.0118843 -0.00645553 -0.00321514 0.0210572 -0.00426125 0.00124397 0.0221961 0.0355217 -0.011902 -0.00655104 -0.000448247 -0.00726407 0.000269957 -0.0103438
internal_weight=111285 109639 94103.2 66672.4 27430.8 54571.7 26061.6 13295.6 28510.1 10632.6 12766 840.887 15535.7 8738.87 5394.51 27669.2 6510.02 1064.11 22036.3 2662.99 20736.3 7318.67 703.938 560.606 155.84 12100.7 5150.1 13417.7 3893.32 9524.36
internal_count=529840 514537 447601 303676 143925 245254 120679 59373 124575 47977 61306 3816 66936 41460 34962 120759 27327 4483 108963 11396 103285 32783 2912 2308 639 58422 22092 70502 19304 51198
is_linear=0
shrinkage=0.05


Tree=45
num_leaves=31
num_cat=0
split_feature=10 38 19 32 33 20 28 33 33 33 33 33 10 33 12 12 12 33 10 33 33 43 33 25 13 1 33 33 32 32
split_gain=396.41 354.546 313.052 230.982 209.549 204.184 179.138 167.264 364.06 254.898 244.08 362.308 231.171 187.798 170.017 163.126 159.049 168.834 147.624 141.053 137.997 167.656 160.504 135.138 127.802 125.395 124.435 188.709 123.331 123.317
threshold=0.0089591209302084997 -0.10272622585154682 -0.19705948594154177 4.5000000000000009 111.50000000000001 0.10645704708234054 -0.04938071691128277 1380.5000000000002 1569.5000000000002 1512.5000000000002 727.50000000000011 673.50000000000011 0.026474689816320379 535.50000000000011 1.0285714285714296 0.71428571428571497 5.5214285714285696 2297.5000000000005 0.030798036570045307 549.50000000000011 3264.5000000000005 3.5000000000000004 3191.5000000000005 0.48533767643865372 0.019385950580420478 -0.032000000000000077 429.50000000000006 654.50000000000011 6.5000000000000009 10.500000000000002
decision_type=8 8 10 2 2 8 10 2 2 2 2 2 10 2 10 10 8 2 10 2 2 2 2 10 10 10 2 2 2 2
left_child=23 25 3 4 -3 -5 18 10 9 -9 11 13 -10 -4 -11 -13 -6 -18 -7 -20 22 24 29 -1 -22 -2 -27 -28 -15 -8
right_child=1 2 7 5 16 6 20 8 12 14 -12 15 -14 28 -16 -17 17 -19 19 -21 21 -23 -24 -25 -26 26 27 -29 -30 -31
leaf_value=-0.0091665603326588369 0.013508312370545112 0.018904482939962872 0.0039282928536489466 -0.025983555163254731 -0.011851927724699425 -0.012303530247267887 -0.0005237027938689206 0.011101326337376153 -0.0013942329403591096 0.062208112092747563 -0.0078025390183506932 0.060452646895888598 0.0089303818461658521 -0.026381960650328769 0.020328664193480672 0.018492758288288676 0.015020307525900715 -0.01305510361328692 0.031876735014349032 -0.0031789499401795535 -0.023080252786667924 -0.022135264153247056 0.025019068811611762 -0.036127941809914015 0.0092225142274265978 0.017133588327873771 -0.02121361875144389 0.0041442624690389354 0.0020637654505873617 0.0073787652028468919
leaf_weight=909.7801297083497 5712.224552243948 669.07473102211952 7302.6552823409438 811.99246293306351 12641.195581443608 4992.9089189246297 19001.230183362961 1878.5513493567705 13062.212899722159 518.30045813322067 7970.8972470387816 326.05443672835827 9268.5547375977039 955.46433570981026 455.16432230174541 799.83405163884163 1228.095693513751 949.49033325910568 378.38681809604168 1187.4708326011896 402.5401225015521 1356.4782643541694 748.43362873792648 950.16165290772915 1279.3192533180118 1440.8451379537582 840.71478129923344 5762.6478945761919 633.82136185467243 6669.5446901842952
leaf_count=7782 24325 2863 32254 4549 69425 25664 85963 8307 64724 2278 37798 1379 40224 4563 1999 3366 6230 4744 1539 4994 2833 6774 3246 9523 5950 6134 3726 24597 2719 29367
internal_value=-5.0945e-05 0.000338753 -0.000742399 -0.00334307 -0.0084662 -0.00118857 -0.000629566 0.00240915 0.00503954 0.0218617 -0.0012732 0.00392201 0.00289108 0.000538466 0.0426265 0.0306442 -0.009702 0.00277862 -0.00810268 0.0052922 0.00103433 -0.00905699 0.00219488 -0.0229399 0.0014911 0.00784336 0.00382066 0.000915794 -0.0150376 0.00152944
internal_weight=111104 109244 95487.7 52316.2 15487.9 36828.3 36016.3 43171.5 25182.8 2852.02 17988.7 10017.8 22330.8 8891.94 973.465 1125.89 14818.8 2177.59 6558.77 1565.86 29457.5 3038.34 26419.2 1859.94 1681.86 13756.4 8044.21 6603.36 1589.29 25670.8
internal_count=529839 512534 453752 254141 83262 170879 166330 199611 117532 12584 82079 44281 104948 39536 4277 4745 80399 10974 32197 6533 134133 15557 118576 17305 8783 58782 34457 28323 7282 115330
is_linear=0
shrinkage=0.05


Tree=46
num_leaves=31
num_cat=0
split_feature=10 12 34 33 33 1 5 7 33 33 33 33 33 33 33 33 13 33 33 34 33 38 12 32 33 33 33 33 34 32
split_gain=371.429 349.512 233.486 236.238 284.057 204.767 199.317 227.801 170.746 499.838 201.54 164.788 328.799 203.164 386.119 185.377 164.826 146.503 440.365 335.157 224.061 248.373 178.792 173.766 214.923 168.835 158.482 158.168 156.621 217.7
threshold=0.020635193064895526 1.0000000180025095e-35 2.8478079206112956 3342.5000000000005 3093.5000000000005 0.18545698842135741 -0.071428571428570439 -0.063045760461063347 1393.5000000000002 1741.5000000000002 1264.5000000000002 2810.5000000000005 2877.5000000000005 510.50000000000006 643.50000000000011 3530.5000000000005 0.0040440288459698001 744.50000000000011 687.50000000000011 5.0482521061383006 922.50000000000011 -0.055345383831246313 0.71428571428571497 7.5000000000000009 484.50000000000006 175.50000000000003 549.50000000000011 1016.5000000000001 6.8355070627789258 2.5000000000000004
decision_type=8 10 2 2 2 10 8 10 2 2 2 2 2 2 2 2 10 2 2 2 2 10 10 2 2 2 2 2 2 2
left_child=1 -1 3 4 8 6 11 -8 10 -10 -3 13 -13 -2 -15 16 -14 18 19 23 28 -22 -20 24 -4 -21 -27 -23 -19 -30
right_child=5 2 17 -5 -6 -7 7 -9 9 -11 -12 12 15 14 -16 -17 -18 20 22 25 21 27 -24 -25 -26 26 -28 -29 29 -31
leaf_value=-0.035020137044161438 0.012959881143849475 0.0032308130415538206 -0.0020875304881361897 -0.028974629226120069 0.068151551695204496 0.025754215817310001 -0.0022706369008953036 0.0051629343685143094 0.039899738584483632 -0.00088005952823071534 -0.030449037231372624 0.042525508050910599 -0.062336283794609038 -0.026234660649424164 0.0030647326369284559 -0.013406137661313761 0.015006563534757454 -0.028470295812471277 0.095986693939452958 -0.031464861780561564 0.0056909650436820511 0.021746345688684013 0.027522880194297578 0.0079783642317008859 -0.029651542703378247 0.050059898106001512 -0.0030487396001554613 -0.0089318510683441803 0.15559519049091097 -0.013327501463087428
leaf_weight=891.31363462656736 4348.3266230523586 2313.2712921500206 1392.6336480677128 476.11332559585571 187.60302322357893 901.26070150732994 34549.856944970787 14687.550387099385 1158.7301635816693 2137.6092875823379 549.74100328236818 823.57907444238663 70.446840465068817 1223.2391298264265 13924.890825919807 817.44130255281925 3107.2274044305086 1557.7152966633439 112.35320266336203 110.85784770548344 3940.8300458416343 430.60301998257637 630.49526882916689 1020.9366467967629 1436.8336936309934 495.44188551604748 196.06081388145685 17297.327340848744 27.867136366665363 60.440560132265091
leaf_count=8726 18449 11246 6981 3047 868 3759 158779 64416 5030 10353 2614 3811 321 5366 59497 3662 13430 9100 497 627 20449 2152 2814 4635 7702 2254 981 97322 176 333
internal_value=4.20122e-05 -0.0040954 -0.00331969 0.00499434 0.0075425 0.00206614 0.00177589 -5.31978e-05 0.00569645 0.0134549 -0.00323622 0.00547973 0.0137593 0.00343337 0.000698753 0.00782923 0.0132919 -0.00529553 0.002129 -0.00357856 -0.00701375 -0.00566281 0.0378778 -0.00970446 -0.0160848 0.0258187 0.0350021 -0.00818669 -0.024798 0.0399792
internal_weight=110879 36424.8 35533.5 6823.07 6346.95 74453.8 73552.6 49237.4 6159.35 3296.34 2863.01 24315.2 4818.69 19496.5 15148.1 3995.12 3177.67 28710.4 5395.61 4652.76 23314.8 21668.8 742.848 3850.4 2829.47 802.361 691.503 17727.9 1646.02 88.3077
internal_count=529397 197907 189181 33158 30111 331490 327731 223195 29243 15383 13860 104536 21224 83312 64863 17413 13751 156023 26491 23180 129532 119923 3311 19318 14683 3862 3235 99474 9609 509
is_linear=0
shrinkage=0.05


Tree=47
num_leaves=31
num_cat=0
split_feature=5 38 33 13 32 32 13 33 32 33 33 33 43 33 43 33 33 11 32 32 33 0 12 38 43 33 33 34 26 43
split_gain=385.046 385.54 299.891 281.361 302.979 272.083 267.514 244.183 344.883 397.979 228.952 173.713 388.303 224.981 204.476 164.907 232.676 160.504 158.439 247.758 158.246 155.746 149.777 148.177 147.675 145.168 167.267 143.76 143.753 153.387
threshold=-0.13294797687861246 0.016845744504582653 510.50000000000006 0.032110589181390467 5.5000000000000009 8.5000000000000018 0.0073097302046208441 744.50000000000011 10.500000000000002 854.50000000000011 374.50000000000006 2654.5000000000005 1.5000000000000002 3249.5000000000005 1.5000000000000002 2516.5000000000005 1455.5000000000002 0.4700068684537797 9.5000000000000018 1.5000000000000002 687.50000000000011 0.083333333333333717 4.1714285714285779 -0.071498009625884359 3.5000000000000004 160.50000000000003 241.50000000000003 3.7966115240991072 0.44121486714790359 6.5000000000000009
decision_type=8 10 2 10 2 2 10 2 2 2 2 2 2 2 2 2 2 10 2 2 2 8 10 8 2 2 2 2 10 2
left_child=11 2 10 4 -4 17 -7 20 -9 -10 23 12 -1 14 -13 16 28 -6 19 -12 -8 25 -17 -2 -15 -3 -27 -16 -14 -30
right_child=1 21 3 -5 5 6 7 8 9 -11 18 13 15 24 27 22 -18 -19 -20 -21 -22 -23 -24 -25 -26 26 -28 -29 29 -31
leaf_value=0.022068148364389563 0.01381495236037749 -0.019029523134477602 -0.016673582932589862 -0.00097337540853101832 0.023993059896021036 -0.033306156794442751 -0.01111415283843542 -0.021897636777899326 -0.04071968551133992 0.0062288394672376443 0.042777668295401305 -0.0088940678623367821 0.0054642540829705844 0.010951199121087385 0.040598118428136418 -0.0077229644060687165 0.010606218177720285 -0.00050571098302221271 0.031475889986037786 -0.014851579321962866 0.053710150828904596 0.018481107074257569 -0.050240126686571865 -0.0040428719503125448 -0.01752952723126459 0.025448179484043511 0.0017096698780102602 0.013755387824935501 -0.0092671727166232041 0.032618781453910395
leaf_weight=2462.9875478073955 1471.8591445237398 822.82267300784588 9162.3367281109095 16167.182649709284 748.71604253351688 1174.7973356321454 148.26629157364368 3241.3963601067662 519.35759352147579 3449.4560502097011 270.26762695610523 385.88595376908779 3392.7132522165775 1591.8802736848593 1345.9527710750699 950.88207012414932 5215.4898971915245 6244.4606219306588 1112.4098472967744 601.73476696759462 257.91006748378277 1443.1115433424711 264.8258368074894 5510.9630175083876 637.37101181596518 758.10399546474218 35084.831859149039 792.48382723331451 5392.1793449148536 227.80424702167511
leaf_count=10585 6446 4055 57756 75616 3333 10148 708 18883 2660 16924 1202 1608 15358 6977 5987 4108 22500 29987 4692 3124 1101 6069 1146 26811 2887 3153 158562 3422 23068 931
internal_value=7.31575e-05 -0.00142061 -0.00430445 -0.00611141 -0.00944122 -0.00524305 -0.011098 -0.00767245 -0.00979734 8.51716e-05 0.00398031 0.0058866 0.00363105 0.0143833 0.0246054 0.000690707 0.00220096 0.00211722 0.0189672 0.00300998 0.0300474 0.00236922 -0.0169848 -0.000278749 0.0028082 0.00173508 0.00221176 0.0306505 -0.00266301 -0.00756934
internal_weight=110850 88190 50081.1 41113.9 24946.7 15784.4 8791.18 7616.39 7210.21 3968.81 8967.23 22660.5 17906.9 4753.57 2524.32 15443.9 14228.2 6993.18 1984.41 872.002 406.176 38108.9 1215.71 6982.82 2229.25 36665.8 35842.9 2138.44 9012.7 5619.98
internal_count=529807 431230 259391 217116 141500 83744 50424 40276 38467 19584 42275 98577 77696 20881 11017 67111 61857 33320 9018 4326 1809 171839 5254 33257 9864 165770 161715 9409 39357 23999
is_linear=0
shrinkage=0.05


Tree=48
num_leaves=31
num_cat=0
split_feature=7 37 13 32 0 2 33 33 33 32 32 32 33 28 28 13 33 32 32 33 33 34 33 13 33 33 33 32 10 33
split_gain=321.436 409.56 307.874 251.244 191.075 181.085 192.321 375.016 189.842 186.904 322.543 253.267 188.457 183.316 147.798 142.206 138.802 156.63 268.381 178.562 397.326 168.632 165.706 139.896 139.026 393.361 136.814 216.507 133.932 116.735
threshold=-0.1810508504764449 0.011184311322168907 0.0017224911899351035 11.500000000000002 0.083333333333333717 -0.064846416382252511 429.50000000000006 840.50000000000011 3417.5000000000005 7.5000000000000009 10.500000000000002 6.5000000000000009 3093.5000000000005 -0.012939284876764242 -0.066957828019352156 0.0017224911899351035 3742.0000000000005 4.5000000000000009 8.5000000000000018 2530.5000000000005 2402.5000000000005 3.6724951675895521 3447.5000000000005 0.021371554816934046 1526.5000000000002 1484.5000000000002 744.50000000000011 10.500000000000002 0.017107075427202148 3577.5000000000005
decision_type=8 8 10 2 10 10 2 2 2 2 2 2 2 10 10 10 2 2 2 2 2 2 2 10 2 2 2 2 8 2
left_child=5 2 -2 16 -3 14 -7 13 9 11 -11 12 -9 -8 -1 -12 17 28 19 20 -19 24 -21 -24 25 26 27 -20 -4 -25
right_child=1 4 3 -5 -6 6 7 8 -10 10 15 -13 -14 -15 -16 -17 -18 18 21 22 -22 -23 23 29 -26 -27 -28 -29 -30 -31
leaf_value=0.02102976895913047 -0.025202414130811476 0.0015037925575347028 -0.018352539728045174 0.0081661129229016471 0.019340351273927543 0.012399222686750812 -0.022350299801939557 0.004512776082935272 -0.013956597597509829 -0.01515071031910181 -0.045134866663595875 0.031630930294957608 0.03365284834534886 9.3974602712323116e-05 0.0052222901070631137 0.0088885679010931584 0.056842239021169742 0.001953626929842002 0.026332147953513581 0.02400976783142502 -0.029754635130008714 -0.015077565038883217 -0.027442674442329895 -0.0039356201724771653 -0.010617344174723304 0.057381170975514678 -0.011142348983562908 -0.016917925486789356 -0.006839036396336636 0.034569843791006881
leaf_weight=2601.9614567011595 1797.1940711140633 33651.195867300034 3453.0959825590253 3814.9006230384111 1571.6122589707375 4050.6130333095789 2347.581910431385 7588.247842527926 1414.5383308380842 2565.5055503100157 125.51554291695356 1157.4577187597752 598.61583068966866 1485.4109603315592 3425.3523649796844 4129.602642968297 89.68440181016922 9811.0716940686107 806.71418705582619 1524.5170604363084 1098.5926595553756 5499.3579655215144 349.85457051545382 538.88430129736662 3115.9075502678752 313.85393095016479 1625.7388089299202 451.19960002601147 9406.6009460762143 310.10033729672432
leaf_count=11109 15151 153604 24454 17632 6620 17092 10695 33973 6538 11238 625 5119 2626 6485 14493 17176 680 44725 3488 6585 5590 29833 2328 2586 16105 1366 8106 2298 50278 1478
internal_value=-2.01502e-05 -0.00171858 -0.00493471 -0.00407176 0.00229964 0.00425311 0.0024084 0.000518429 0.00360821 0.00514524 -0.00114771 0.00973861 0.00664347 -0.0136524 0.0120463 0.00729501 -0.00528771 -0.00543317 -0.00316025 0.00161964 -0.00123936 -0.00867668 0.0130727 -0.000835532 -0.00310114 0.00422326 -0.00156239 0.0108188 -0.00993065 0.0101289
internal_weight=110720 79230.1 44007.3 42210.1 35222.8 31490.4 25463.1 21412.5 17579.5 16164.9 6820.62 9344.32 8186.86 3832.99 6027.31 4255.12 38395.2 38305.5 25445.8 13633 10909.7 11812.8 2723.36 1198.84 6313.41 3197.51 2883.65 1257.91 12859.7 848.985
internal_count=530076 392907 232683 217532 160224 137169 111567 94475 77295 70757 29039 41718 36599 17180 25602 17801 199900 199220 124488 63292 50315 61196 12977 6392 31363 15258 13892 5786 74732 4064
is_linear=0
shrinkage=0.05


Tree=49
num_leaves=31
num_cat=0
split_feature=20 32 32 33 33 33 32 33 12 34 13 33 33 33 34 33 33 32 28 28 28 32 12 33 34 32 32 43 25 12
split_gain=303.298 281.635 271.033 613.578 704.841 612.494 340.534 480.267 425.557 364.416 343.327 301 582.235 529.998 340.72 326.192 372.81 419.287 303.353 282.094 254.497 231.556 268.963 240.77 214.75 314.241 265.834 213.43 187.48 187.423
threshold=0.15318725661719026 3.5000000000000004 8.5000000000000018 2530.5000000000005 3447.5000000000005 241.50000000000003 10.500000000000002 744.50000000000011 1.4142857142857146 2.8361459037824157 0.060668198489495638 654.50000000000011 1016.5000000000001 535.50000000000011 4.5266678115830095 1347.5000000000002 2432.5000000000005 4.5000000000000009 0.069709321408228761 -0.079809718420385548 -0.047805776953569655 1.5000000000000002 1.5428571428571438 950.50000000000011 4.3444543512114846 4.5000000000000009 6.5000000000000009 1.5000000000000002 0.13743382943931712 0.31428571428571445
decision_type=8 2 2 2 2 2 2 2 8 2 10 2 2 2 2 2 2 2 10 10 10 2 8 2 2 2 2 2 10 10
left_child=-1 21 3 5 24 27 7 8 28 -8 -9 13 18 14 -7 -14 17 -17 -13 -6 -18 -2 23 -23 25 -5 -26 -3 -4 -27
right_child=1 2 6 4 19 11 9 10 -10 -11 -12 12 15 -15 -16 16 20 -19 -20 -21 -22 22 -24 -25 26 29 -28 -29 -30 -31
leaf_value=-0.021087438812360332 0.0014046830769457682 0.033893223640004785 -0.0092623711805150701 0.062638802144472414 0.053251649845672933 -0.0050840291109061145 0.01666633059284869 -0.014112233848890515 -0.0045334529438827414 -0.000120114491190416 0.0079315042940989646 0.022429418016135027 -0.014745261127470322 -0.024915060395828362 0.031572586752256021 -0.014224032863660136 0.0100343071523167 0.0084090846904056344 -0.0095223771421395279 -0.0065634961754661887 -0.029120441264977773 -0.027130877041523723 -0.0010841338528043037 -0.0084845945598086316 -0.0096333326599173721 0.049485066991746082 0.02834448780963806 0.0064401431398443919 0.032938995682469017 0.020583740471820891
leaf_weight=1672.278933852911 10430.500276841223 1790.3659485727549 315.71136465668678 665.28054066002369 209.92245508730412 2950.9955867230892 4027.2036364376545 11879.509000472724 2903.6283531412482 16396.363279864192 2074.8627524226904 4236.7830321416259 4037.2675478681922 3192.4390723109245 807.34719238430262 2510.6931090429425 570.50673328340054 11062.131083622575 900.78123241662979 3229.7719044461846 1522.5833613499999 2594.3558655008674 6803.0830937325954 5203.8041672334075 860.80563447624445 676.12815312296152 991.52734923362732 1171.0275368690491 1581.4553750455379 3293.0957767814398
leaf_count=10268 50827 7580 1401 2985 903 12394 17474 61244 13452 75472 8725 18270 18293 14669 3337 12631 2667 49446 3707 16110 7209 15596 36921 31036 4013 3157 4259 4780 6717 14325
internal_value=4.45921e-05 0.000369128 0.00175842 0.00442024 0.0153837 0.00128873 -0.00127713 -0.00614155 0.00749956 0.00318991 -0.0108346 -0.000737169 0.00183638 -0.00993453 0.00279035 -0.00207246 0.00119345 0.00422242 0.0168272 -0.00291301 -0.0184482 -0.00428509 -0.00834962 -0.014688 0.0250857 0.0308371 0.0106957 0.0230374 0.0259162 0.0255069
internal_weight=110562 108890 83858.2 44679.5 9926.53 34752.9 39178.7 18755.2 4800.8 20423.6 13954.4 31791.5 24840.7 6950.78 3758.34 19703.2 15665.9 13572.8 5137.56 3439.69 2093.09 25031.7 14601.2 7798.16 6486.84 4634.5 1852.33 2961.39 1897.17 3969.22
internal_count=529868 519600 385220 200735 45752 154983 184485 91539 21570 92946 69969 142623 112223 30400 15731 90246 71953 62077 21977 17013 9876 134380 83553 46632 28739 20467 8272 12360 8118 17482
is_linear=0
shrinkage=0.05


Tree=50
num_leaves=31
num_cat=0
split_feature=10 33 33 5 0 33 33 33 28 33 33 32 32 32 12 33 5 32 33 33 33 33 12 33 33 33 33 33 33 12
split_gain=316.337 232.037 247.173 228.154 186.133 158.053 519.41 316.617 267.775 263.655 343.9 239.965 267.395 220.36 255.82 211.997 211.134 193.282 259.21 831.794 200.833 192.523 177.604 172.171 302.281 260.922 227.51 167.869 332.284 164.942
threshold=0.01593650727315235 3326.5000000000005 3109.5000000000005 -0.25143001252331709 0.083333333333333717 1360.5000000000002 1597.5000000000002 535.50000000000011 0.031515629693269612 643.50000000000011 727.50000000000011 8.5000000000000018 4.5000000000000009 10.500000000000002 1.2142857142857151 854.50000000000011 -0.064045593297394163 10.500000000000002 2072.5000000000005 2283.5000000000005 2710.5000000000005 175.50000000000003 0.65000002724785222 1741.5000000000002 1695.5000000000002 2530.5000000000005 2432.5000000000005 3417.5000000000005 3059.5000000000005 4.8071428571428614
decision_type=8 2 2 8 10 2 2 2 8 2 2 2 2 2 10 2 10 2 2 2 2 2 10 2 2 2 2 2 2 10
left_child=1 2 -1 -2 5 7 13 8 21 -9 -11 12 16 -7 -15 -12 27 22 -19 -20 -21 -5 -13 24 -14 26 -25 28 -8 -10
right_child=3 -3 -4 4 -6 6 11 9 29 10 15 17 23 14 -16 -17 -18 18 19 20 -22 -23 -24 25 -26 -27 -28 -29 -30 -31
leaf_value=-0.0063076600339552723 0.010772352127572729 -0.024694669594454741 0.020632596708566354 -0.0014564921008927802 0.015403362726038764 0.010313893964984097 0.0022004055710131885 -0.020851843998465319 -0.0083059583734791994 0.013559206753655968 -0.01821757748793475 -0.025461574447392488 -0.0036554443677086937 0.051126594040939624 0.0089594238284901994 -0.0039588415146392716 -0.0068383847944558131 -0.017941951144168012 0.040736840134648546 -0.021159084646013127 0.002000376331749835 0.013289293258894884 -0.0067058922526161777 0.0037532652699538657 0.044690475959757059 0.012260900167246101 -0.018081471440391989 -0.01881621865603629 0.037092935220138262 0.011230236462582473
leaf_weight=13286.919739417732 5652.9562901109457 1595.0435149893165 909.70050727576017 3410.7280975282192 2023.4404027611017 4371.3191305249929 2913.0893129780889 2776.4093051627278 5781.7855029851198 2344.8040320128202 3306.314586520195 1586.6509239003062 554.45175933837891 824.65375643223524 637.9363898485899 12321.211178399622 8852.0838407799602 1484.7180045321584 1301.5342300906777 1301.12211445719 3336.6381425336003 6306.2759172543883 6172.47706630826 4845.7648995667696 775.59146520495415 7146.7155873477459 1582.6586452126503 565.83194881677628 891.00842362642288 1328.7014319002628
leaf_count=78848 23613 14904 4726 16460 8534 19592 13891 12995 26229 9841 15645 8098 2402 3503 2615 57322 45255 6561 5462 5623 14736 27994 29591 20552 3235 31167 7215 2873 4079 5616
internal_value=-6.29077e-05 -0.00661292 -0.00458136 0.00103284 0.000412441 6.26592e-05 0.00192917 -0.00237846 0.00271797 -0.00651174 -0.00429644 4.25985e-05 0.00277702 0.0159349 0.0327346 -0.00697556 -0.00239908 -0.005023 0.000744292 0.00541552 -0.004497 0.00811343 -0.0105412 0.00736862 0.0245366 0.00568656 -0.00162238 0.00659353 0.010373 -0.00465533
internal_weight=110189 15791.7 14196.6 94396.9 88743.9 86720.5 49144.2 37576.2 16827.5 20748.7 17972.3 43310.3 28127.2 5833.91 1462.59 15627.5 13222 15183.1 7424.01 5939.29 4637.76 9717 7759.13 14905.2 1330.04 13575.1 6428.42 4369.93 3804.1 7110.49
internal_count=529177 98478 83574 430699 407086 398552 226450 172102 76299 95803 82808 200740 130669 25710 6118 72967 66098 70071 32382 25821 20359 44454 37689 64571 5637 58934 27767 20843 17970 31845
is_linear=0
shrinkage=0.05


Tree=51
num_leaves=31
num_cat=0
split_feature=10 37 0 20 2 5 38 33 33 43 33 33 33 33 33 8 5 33 33 11 33 33 33 29 0 9 8 11 12 43
split_gain=309.592 274.952 254.194 177.489 146.918 145.121 159.596 148.499 259.135 207.12 186.391 460.56 256.505 136.952 130.835 128.61 125.459 123.849 133.263 125.637 116.294 115.636 115.812 113.822 106.592 100.185 98.1367 96.879 94.4264 94.3374
threshold=0.0075156543068053841 -0.074991740997748677 0.0056085053277052941 0.38686909994611623 0.24845538474961362 -0.071428571428570439 0.002197040704635556 2058.5000000000005 3417.5000000000005 1.5000000000000002 2654.5000000000005 2297.5000000000005 2235.5000000000005 3742.0000000000005 2696.5000000000005 0.082282097649186273 -0.25143001252331709 2725.5000000000005 2877.5000000000005 0.4700068684537797 2015.5000000000002 160.50000000000003 241.50000000000003 -0.05085118614552326 -0.035714285714283582 0.010615106568112523 0.13712889910384388 0.13186538040319995 0.38571428571428568 3.5000000000000004
decision_type=8 8 8 10 8 8 10 2 2 2 2 2 2 2 2 8 8 2 2 10 2 2 2 10 10 10 10 10 10 2
left_child=23 16 3 15 -4 7 13 9 10 -5 11 12 28 -7 26 -3 -2 -16 -19 -20 27 -8 -23 -1 -18 -15 -12 -11 -9 -10
right_child=1 2 4 5 -6 6 21 8 29 20 14 -13 -14 25 17 -17 24 18 19 -21 -22 22 -24 -25 -26 -27 -28 -29 -30 -31
leaf_value=0.0056224105602088129 0.019257368547993006 -0.019763450672828479 0.0023394382841258406 0.016816583208380888 0.023111543169229573 -0.0073103826719831781 -0.02504680656683031 -0.015534794918094862 -0.0019063285668730905 0.049210616875077356 0.074558378616490242 -0.010270433545781627 0.062224000139641189 0.15259095531234779 -0.03616435471181819 -0.0040829541494286706 0.015799210982133834 0.040089684029680578 -0.040490370046411032 0.01637892158595234 -0.034176133205600125 0.027646441746336792 -0.00060168527310142409 -0.035241425126459794 0.0020295405416497444 0.0083268384296852835 -0.0034647578687894177 -0.0035214752969052743 0.020909698610453265 -0.028362042158822261
leaf_weight=213.45494938641787 2020.5546837300062 2408.4275453910232 33377.085738271475 1346.1022074148059 873.52315209805965 17100.483043089509 475.54206490516663 221.01777245849371 845.53038380295038 87.823222935199738 178.47755876928568 2274.5146506354213 360.39330462366343 22.982622928917408 102.71883440762758 2861.0819179862738 1839.2373248338699 614.65398048609495 102.64917683601379 1802.6191137433052 309.53600139915943 369.08959639817476 21422.520946532488 844.96266688033938 5959.1462635248899 25.262737393379211 52.056674346327782 10581.267096534371 907.54272547364235 560.23135197907686
leaf_count=1819 8436 14630 154361 5924 3777 90274 2438 961 4355 424 793 10563 1534 197 504 13941 8053 2911 514 7936 1502 1560 99642 9467 26717 130 231 49384 3992 2858
internal_value=-8.86525e-05 0.000172422 -0.000616941 -0.00245299 0.00286921 -0.00167735 -0.0034476 0.00175193 0.00704633 -0.0016943 0.0111884 0.00388148 0.0254998 -0.00707305 0.0208266 -0.0112497 0.00815398 0.0176521 0.0198458 0.013315 -0.00396394 -0.000655513 -0.00012324 -0.0270003 0.0052771 0.0770499 0.0569401 -0.00308741 0.0137724 -0.0124496
internal_weight=110160 109102 99283.1 65032.5 34250.6 59763 39415.9 20347.1 8022.41 12324.7 6616.64 3763.47 1488.95 17148.7 2853.18 5269.51 9818.94 2622.64 2519.92 1905.27 10978.6 22267.2 21791.6 1058.42 7798.38 48.2454 230.534 10669.1 1128.56 1405.76
internal_count=529828 518542 475336 317198 158138 288627 194241 94386 37152 57234 29939 17050 6487 90601 12889 28571 43206 11865 11361 8450 51310 103640 101202 11286 34770 327 1024 49808 4953 7213
is_linear=0
shrinkage=0.05


Tree=52
num_leaves=31
num_cat=0
split_feature=10 3 19 20 34 33 33 33 32 5 34 33 33 38 33 14 10 12 28 10 28 33 33 33 33 32 33 33 32 32
split_gain=289.493 251.863 249.105 164.946 149.292 175.279 249.003 213.674 146.24 177.326 145.305 155.483 140.701 144.381 133.569 128.986 116.685 109.961 107.909 107.568 106.71 112.985 220.646 164.291 162.411 164.304 184.281 157.29 209.142 361.508
threshold=0.0089591209302084997 -0.12264150943396467 -0.20562243879000947 0.10645704708234054 2.8478079206112956 1393.5000000000002 1264.5000000000002 1741.5000000000002 3.5000000000000004 0.28425274552754026 4.4880742561260005 122.50000000000001 962.50000000000011 -0.047938059586834218 1290.5000000000002 1.0000000180025095e-35 0.040603276923862668 0.16428571428571451 0.050027582821506704 0.025714118197534577 0.076958845395104017 455.50000000000006 643.50000000000011 175.50000000000003 727.50000000000011 9.5000000000000018 687.50000000000011 827.50000000000011 10.500000000000002 7.5000000000000009
decision_type=8 8 10 8 2 2 2 2 2 8 2 2 2 10 2 8 10 10 10 10 10 2 2 2 2 2 2 2 2 2
left_child=18 15 3 -3 5 6 -4 -7 9 10 11 -5 19 -14 -12 -2 20 -9 -1 -13 21 23 -23 -10 25 26 -24 -26 29 -29
right_child=1 2 4 8 -6 7 -8 17 16 -11 14 12 13 -15 -16 -17 -18 -19 -20 -21 -22 22 24 -25 27 -27 -28 28 -30 -31
leaf_value=-0.026306278080428361 0.018093451859535901 -0.021295582032739593 0.0049503517660815059 0.023583658512841388 0.001038156377190609 0.031082933220634015 -0.031422916996542233 0.034521711807973407 -0.0071294462659844699 0.0077701523891204301 0.015540991661944807 -0.031704708873808683 0.0016635387886824423 -0.015065576821105545 -0.007804765635134301 0.001931240200810636 0.0086829008775380304 0.0059613771614255157 0.0054326978795934183 -0.0098929125540315917 0.0052055942520299898 -0.02000954481095342 0.00085306225195073005 0.011204259055733789 -0.01982114406788775 -0.03691210247341066 0.042956971372847402 0.0010282149092007004 0.005738428654392151 -0.013078419882315005
leaf_weight=1407.0561463087797 2898.2343176603317 1138.726162366569 3166.8402803912759 291.28438855707645 37079.888671763241 1325.4860143810511 552.63074222207069 366.60160486400127 1950.9904812946916 1805.683266222477 1000.7120705619454 1535.0072423964739 1966.4462360292673 3747.9421490207314 1580.0224808380008 2150.4233075976372 3096.9158917963505 4176.0975108295679 330.74997009336948 894.71875685453415 5301.3325371444225 1921.376215852797 507.99407605826855 3270.0818126946688 1364.5246047079563 131.56302592903376 532.09350593388081 10622.315872937441 5995.7179610580206 7933.7431172281504
leaf_count=14774 12664 6532 14187 1224 172786 5696 2532 1810 10194 8242 5485 9856 10524 21757 8845 9151 12795 18849 2522 4359 22948 9002 2198 13820 6614 567 2188 49663 27417 40535
internal_value=-1.98493e-05 0.000305001 -0.000228157 -0.00245835 0.00247618 0.0080377 -0.000453908 0.01342 -0.00207151 -0.00675346 -0.00913407 -0.0123103 -0.0135941 -0.00930872 0.00124784 0.0112093 -0.00066328 0.00826623 -0.0202655 -0.0236728 -0.00139546 -0.00241778 -0.00363645 0.00435339 -0.00247509 0.0157335 0.0223928 -0.00329828 -0.00237998 -0.00500315
internal_weight=110043 108305 103257 56589.2 46667.5 9587.66 3719.47 5868.19 55450.5 12821.8 11016.1 8435.4 8144.11 5714.39 2580.73 5048.66 42628.6 4542.7 1737.81 2429.73 39531.7 34230.4 29009.3 5221.07 27088 1171.65 1040.09 25916.3 24551.8 18556.1
internal_count=529736 512440 490625 274765 215860 43074 16719 26355 268233 70292 62050 47720 46496 32281 14330 21815 197941 20659 17296 14215 185146 162198 138184 24014 129182 4953 4386 124229 117615 90198
is_linear=0
shrinkage=0.05


Tree=53
num_leaves=31
num_cat=0
split_feature=5 10 7 33 33 33 33 28 13 33 33 33 5 43 10 10 34 12 34 33 33 5 33 33 33 33 33 34 43 28
split_gain=260.847 240.847 247.032 155.243 413.754 295.859 350.099 244.807 231.28 180.144 829.401 470.711 318.272 303.13 282.366 231.638 178.112 154.202 153.964 177.277 150.846 144.669 151.812 265.769 489.869 360.896 209.232 306.838 225.579 225.144
threshold=-0.17887627489072314 0.0085340008363854487 -0.019696298758087923 3249.5000000000005 3093.5000000000005 3012.5000000000005 2964.5000000000005 0.028385585755580822 0.019768064042767559 2297.5000000000005 2235.5000000000005 2638.5000000000005 -0.044001796064986158 1.5000000000000002 0.025280177223499904 0.020540978221926447 4.3595612123654126 1.3857142857142859 4.0491724635231083 3142.5000000000005 3724.5000000000005 0.27567053745760989 510.50000000000006 654.50000000000011 727.50000000000011 922.50000000000011 175.50000000000003 4.5679872602102902 1.0000000180025095e-35 -0.10099737311681922
decision_type=8 8 10 2 2 2 2 10 10 2 2 2 10 2 10 10 2 10 2 2 2 10 2 2 2 2 2 2 2 10
left_child=-1 -2 3 4 5 6 9 -8 20 10 21 15 13 -13 -14 -11 17 -16 19 -6 -5 22 26 -24 -25 -26 28 29 -3 -28
right_child=1 2 -4 8 18 -7 7 -9 -10 11 -12 12 14 -15 16 -17 -18 -19 -20 -21 -22 -23 23 24 25 -27 27 -29 -30 -31
leaf_value=0.0063367729799654569 -0.020959407784464437 -0.013291137509629132 0.0067629825766157316 -0.031343525873580615 0.050178217509514692 -0.02357103004027299 0.049203648433711777 0.0022556449912496169 -0.0040903281019807735 -0.029368503547850783 0.037822483992857828 -0.022887194583730591 -0.02295677219103056 0.0292632251957014 -0.00089855690687222045 -0.0095416868035318337 -0.022999210440732068 0.026786785908003326 0.003576003432622816 0.015937030417107291 0.017170160522677832 0.0065970909747340104 -0.017453785470707698 0.022080130180687895 -0.017794090586993459 -0.0018627418022576104 0.034929543243947273 0.028265104829704669 0.0098071047841407945 0.0004096721468555462
leaf_weight=14119.314651027322 1479.6378565467894 3244.9341072961688 10091.907448671758 1339.3583700470626 576.24879655987024 1488.1938814744353 581.30913753807545 531.59357599914074 7225.5476428791881 2152.1104668304324 1392.1880011186004 337.63777048885822 1367.8879402056336 1594.8182547539473 1108.2952116727829 4669.375219732523 453.35375539958477 920.84611836075783 1090.424652390182 1098.7507438883185 182.0045268908143 5320.379297375679 3208.3673764467239 1927.9100192636251 4065.3171166107059 28308.370929211378 509.80586547404528 1445.9890499189496 1567.6749063879251 6428.6656596288085
leaf_count=60327 15296 17595 45693 9674 2639 7742 2621 2267 35388 12292 6103 1533 7382 7458 4976 21600 1977 4031 4840 4887 1308 22854 16291 8249 21680 139284 2196 6161 6765 28112
internal_value=-7.40097e-06 -0.000943316 -0.000629013 -0.00151565 -0.000784088 -0.00150689 -0.00104531 0.0267783 -0.00782105 -0.00148751 -0.000299322 -0.00690037 0.003594 0.0201515 -0.00471601 -0.0157968 0.0053349 0.0116653 0.018198 0.027717 -0.0255397 -0.00124659 -0.00206957 -0.00369234 -0.00240517 -0.00386332 0.0025428 0.00731257 -0.00576704 0.00294603
internal_weight=109828 95708.9 94229.3 84137.4 75390.4 72625 71136.8 1112.9 8746.91 70023.9 57419.6 12604.3 5782.84 1932.46 3850.38 6821.49 2482.5 2029.14 2765.42 1675 1521.36 56027.4 50707 37510 34301.6 32373.7 13197.1 8384.46 4812.61 6938.47
internal_count=529221 468894 453598 407905 361535 349169 341427 4888 46370 336539 275290 61249 27357 8991 18366 33892 10984 9007 12366 7526 10982 269187 246333 185504 169213 160964 60829 36469 24360 30308
is_linear=0
shrinkage=0.05


Tree=54
num_leaves=31
num_cat=0
split_feature=38 32 33 33 33 32 32 33 32 13 34 10 10 33 33 5 12 10 33 33 34 33 33 32 43 32 34 32 9 32
split_gain=280.523 247.239 251.416 273.539 470.874 403.597 425.926 359.237 565.197 254.105 234.799 228.151 220.754 214.482 214.134 186.203 180.234 167.352 167.093 636.729 644.359 225.824 492.121 222.783 270.207 201.474 342.511 345.994 235.762 188.771
threshold=-0.080373360836275262 4.5000000000000009 3264.5000000000005 2810.5000000000005 2432.5000000000005 7.5000000000000009 6.5000000000000009 2235.5000000000005 10.500000000000002 0.018781965721321837 5.4365563870702331 0.017107075427202148 0.021180444044689221 3312.5000000000005 2283.5000000000005 0.44262354205907101 9.6357142857143003 0.020998068617721143 1799.5000000000002 1393.5000000000002 3.6415248988725928 727.50000000000011 687.50000000000011 10.500000000000002 2.5000000000000004 7.5000000000000009 3.925925918121195 5.5000000000000009 0.01627660662094366 7.5000000000000009
decision_type=8 2 2 2 2 2 2 2 2 10 2 8 10 2 2 10 10 10 2 2 2 2 2 2 2 2 2 2 10 2
left_child=-1 11 3 4 7 6 15 18 17 -4 14 -2 -6 -11 -10 -5 -15 -9 19 21 23 22 -3 -21 -25 26 -23 -28 -27 -20
right_child=1 2 9 5 12 -7 -8 8 10 13 -12 -13 -14 16 -16 -17 -18 -19 29 20 -22 25 -24 24 -26 28 27 -29 -30 -31
leaf_value=0.0052694167950830774 -0.015039564454192239 -0.0003699932324532487 -0.028867568293408159 0.014352743259330931 -0.030007861691021348 0.00090112070050805146 0.045243067853537003 -0.02767166462408335 0.062161189461777337 -0.026268575606499835 -0.017611288415638141 -0.0031338371256896011 -0.0071678311670193805 -0.0032840855583064544 -0.023300829351013064 -0.032747370201627844 0.027595634397417086 0.01212883864605005 0.0059120278145555413 0.02034128714535826 -0.0023857140767627109 -0.0083447780500939123 0.031777511947476002 -0.028257047697628119 0.054678816436581713 -0.026111164778676123 -0.015477899985892763 0.033683539650776494 -0.0061746376956961588 -0.011269360613521157
leaf_weight=19817.387969784439 4982.9047014676034 13312.697272695601 1287.7949063926935 1663.8338580876589 1621.3319667875767 4954.0469272583723 1335.6650145947933 445.05434191972017 888.20544444769621 896.34165652096272 125.37701753526926 20908.614793233573 3044.4118186235428 3717.7183238789439 79.888453036546707 240.12048760056496 541.33510991185904 649.64708440005779 2280.4876917600632 3654.798770584166 3370.2313439026475 3411.231073230505 1307.3766667842865 109.33447676151991 965.16630067676306 2129.5104328691959 509.43828526139259 1203.1559480875731 4883.8147646337748 5347.1222252398729
leaf_count=87703 36558 59169 11273 7450 9165 22768 6128 2375 3777 4527 567 105173 13507 17509 402 1091 2463 2772 10227 15725 16734 14652 5382 567 4183 11578 2392 5282 21884 26390
internal_value=-0.000115251 -0.00130268 0.00036573 0.00141468 9.69838e-06 0.00987483 0.0235975 0.00158829 0.021345 -0.0090005 0.0467707 -0.00542513 -0.0151047 -0.0040378 0.0551087 0.00841263 0.000640795 -0.00405218 0.000570718 0.00203757 0.0143203 -0.00168047 0.00250475 0.0262254 0.0462398 -0.00672186 0.000814928 0.0190597 -0.0122281 -0.0061325
internal_weight=109684 89866.7 63975.1 57531.9 49338.3 8193.67 3239.62 44672.5 2188.17 6443.19 1093.47 25891.5 4665.74 5155.4 968.094 1903.95 4259.05 1094.7 42484.4 34856.8 8099.53 26757.2 14620.1 4729.3 1074.5 12137.2 5123.83 1712.59 7013.33 7627.61
internal_count=529373 441670 299939 264167 226730 37437 14669 204058 9893 35772 4746 141731 22672 24499 4179 8541 19972 5147 194165 157548 37209 120339 64551 20475 4750 55788 22326 7674 33462 36617
is_linear=0
shrinkage=0.05


Tree=55
num_leaves=31
num_cat=0
split_feature=38 32 32 12 32 34 43 10 11 10 43 26 9 26 13 35 19 12 11 38 43 28 38 5 5 10 34 34 7 26
split_gain=246.201 248.982 238.954 353.898 263.975 228.466 300.365 307.427 218.101 209.583 188.795 229.394 369.98 180.228 161.821 140.68 137.544 136.759 134.789 133.417 141.742 141.069 133.374 123.833 113.728 112.989 113.453 105.112 107.09 99.4145
threshold=-0.090664980374076484 4.5000000000000009 8.5000000000000018 0.049999999999999857 11.500000000000002 4.0491724635231083 1.0000000180025095e-35 0.053486705254095351 0.37014327620638726 0.017107075427202148 2.5000000000000004 0.45670466564813733 0.020166852667790561 0.79371497826688719 0.011314735830937063 -0.014195583596226134 0.73147690516068919 1.2285714285714293 1.6677284513836346 0.06478519446959731 5.5000000000000009 0.20391474366426024 0.041666666666548287 0.26744186046511503 -0.0085470085470086259 0.043973817424913512 1.3736354571277458 3.2007097802444995 -0.12120390935116181 0.62612628863654829
decision_type=8 2 2 8 2 2 2 8 8 8 2 8 8 8 10 10 8 10 10 8 2 10 10 8 10 8 2 2 10 10
left_child=15 9 8 -4 5 6 -5 14 24 22 -6 -12 -13 -7 -8 -1 23 -14 19 -10 -21 -22 27 -11 -3 26 -17 -2 -29 -28
right_child=1 2 3 4 10 13 7 -9 18 16 11 12 17 -15 -16 25 -18 -19 -20 20 21 -23 -24 -25 -26 -27 29 28 -30 -31
leaf_value=0.017866218361083108 -0.028992528397623035 0.039586634744473694 -0.038826458415394907 -0.033741704163675799 -0.0039313632861057166 -0.015593794259033357 -0.032247697862509 0.047563006387957255 0.00069638462091744569 -0.007046957463985511 0.023420925762255882 -0.057882230986307896 0.020403294990406187 0.0010276362996834672 0.00042060256154480058 0.052319651590704813 0.0046124891966357121 -0.0015922944354886356 0.05287816130582132 0.0098897890616384664 -0.026055440906216271 0.015923879660564862 0.0076768726577891759 0.0040490428088370495 -0.0012935687964650677 0.018182834027154583 0.0058583764176111672 0.0032228133210736466 -0.017613453318481673 -0.0028386110066272664
leaf_weight=2032.8070552349091 1321.4342077560723 626.42554754763842 653.06439762189984 663.08013835549355 3124.2518901415169 6012.0817604660988 389.38977807015181 341.21092687547207 22621.303152829409 13932.60353499651 2316.0304344445467 233.42951276898384 1208.5241218805313 2237.9905534535646 14304.943333014846 113.31314969062805 4708.4776069521904 1701.8072115033865 134.69756460934877 8249.2310818880796 567.64794118702412 309.09877444803715 615.96929584443569 3068.1858503222466 233.56229616701603 1255.3141946196556 7557.792866550386 830.42674769461155 2395.6051121577621 5813.3266293033957
leaf_count=8856 9998 3067 6465 4032 14775 32634 2877 1460 103168 72917 10309 1054 5073 10209 67109 475 22411 6937 641 34607 2378 1377 3631 13920 1107 5213 34046 5425 18960 24650
internal_value=-3.92807e-05 -0.00104688 0.000606604 -0.00238338 -0.00165182 -0.00434829 -0.000808011 0.000644392 0.00363712 -0.00510343 0.00587109 0.0114803 0.00268362 -0.0110849 -0.000445085 0.00553564 -0.00294996 0.00754144 0.0029669 0.00275513 0.00785832 -0.0112555 -0.0141575 -0.00504443 0.0284841 0.00383509 0.00249941 -0.0171151 -0.0122499 0.00207721
internal_weight=109573 92800.5 65927.8 33185.8 32532.7 23948.7 15698.6 15035.5 32742 26872.7 8584.04 5459.79 3143.76 8250.07 14694.3 16772.6 21709.3 2910.33 31882 31747.3 9125.98 876.747 5163.44 17000.8 859.988 14739.7 13484.4 4547.47 3226.03 13371.1
internal_count=529781 456541 309279 162934 156469 118321 75478 71446 146345 147262 38148 23373 13064 42843 69986 73240 109248 12010 142171 141530 38362 3755 38014 86837 4174 64384 59171 34383 24385 58696
is_linear=0
shrinkage=0.05


Tree=56
num_leaves=31
num_cat=0
split_feature=20 38 32 33 33 33 33 33 32 32 34 28 10 10 33 34 32 10 5 34 10 33 33 33 33 8 34 33 32 9
split_gain=241.743 229.799 206.859 202.66 284.844 443.064 357.043 515.293 345.183 329.744 198.286 194.35 193.709 193.251 188.95 192.033 179.049 170.202 162.89 160.794 141.173 135.859 394.704 293.582 175.754 223.22 210.776 178.386 153.727 167.907
threshold=0.10645704708234054 -0.083170288800490252 4.5000000000000009 3264.5000000000005 2810.5000000000005 2432.5000000000005 2235.5000000000005 2283.5000000000005 7.5000000000000009 6.5000000000000009 5.4365563870702331 0.0078340086703509604 0.012614826546574516 0.020909376784453631 3312.5000000000005 5.4640436245585393 10.500000000000002 0.017414721429117871 0.44262354205907101 5.1001712129601229 0.044540899916960024 3093.5000000000005 3142.5000000000005 2696.5000000000005 2481.5000000000005 0.12500000000000014 6.7310777627934728 2297.5000000000005 1.5000000000000002 0.033656598750089285
decision_type=8 8 2 2 2 2 2 2 2 2 2 10 10 10 2 2 2 8 10 2 8 2 2 2 2 10 2 2 2 8
left_child=-1 20 17 4 5 6 -4 10 9 18 16 -11 -5 -7 -14 -16 -8 -3 19 -6 -2 23 -23 24 26 -26 27 28 -19 -30
right_child=1 2 3 12 8 13 7 -9 -10 11 -12 -13 14 -15 15 -17 -18 21 -20 -21 -22 22 -24 -25 25 -27 -28 -29 29 -31
leaf_value=-0.021871563585382923 0.0039802555971885289 -0.012742682685146958 0.00068209601559262179 -0.034191457763850124 0.022388823492725203 -0.029074965634759465 -0.011189539582954431 -0.0035055275508244473 0.0020907966980006311 0.0052332712482423341 -0.012926211043678224 0.052636661379219164 -0.025883169190833256 -0.0073506125126700551 -0.0045844003446523628 0.026908421497484902 0.059677873570933161 0.0042725874417659133 -0.029523637374189112 -0.020546861765819387 0.020228835814778245 0.046711660685430756 -0.0016630039337269813 -0.023624303535246572 0.04322703177061038 -0.001568081955426973 0.03587026413239517 -0.02058021627131551 -0.01028967960276937 0.0076865057770191926
leaf_weight=1256.9161501862109 17079.6188839674 5174.7319069802761 42625.40208748728 629.42873987555504 1327.0303670838475 1535.0754607394338 98.993236646056175 1067.2787016704679 4935.5275243744254 274.21255365759134 130.5596082136035 1022.4849675893784 903.54606788605452 3072.8983604833484 4160.9263388738036 547.77628362178802 894.47521530091763 5124.6158640086651 231.94034270942211 260.93543610721827 1450.2974537014961 526.7851457670331 2113.2667916715145 1748.7112508043647 470.9772028401494 679.11863660812378 332.60237057507038 1524.2898963838816 6613.4532634466887 1616.5337054282427
leaf_count=8086 75623 37838 194845 6722 5922 8826 450 5089 22517 1275 585 4782 4647 13675 20129 2530 3821 22990 1048 1203 6032 2356 10708 8886 2247 3179 1537 7750 37170 7432
internal_value=-7.01374e-05 0.000183183 -0.000864574 0.000667483 0.00159672 0.000175992 0.00169397 0.021377 0.0103173 0.0233449 0.0450034 0.0426123 -0.00788943 -0.0145877 -0.00493959 -0.000920754 0.0526164 -0.00463005 0.00961672 0.0153336 0.005252 -0.00260692 0.00798948 -0.00415163 -0.0020704 0.016776 -0.00349533 -0.0043753 -0.00252568 -0.0067588
internal_weight=109430 108173 89643.6 63718.5 57476.8 49424.7 44816.7 2191.31 8052.13 3116.6 1124.03 1296.7 6241.68 4607.97 5612.25 4708.7 993.468 25925.1 1819.91 1587.97 18529.9 20750.4 2640.05 18110.3 16361.6 1150.1 15211.5 14878.9 13354.6 8229.99
internal_count=529900 521814 440159 298066 264038 227291 204790 9945 36747 14230 4856 6057 34028 22501 27306 22659 4271 142093 8173 7125 81655 104255 13064 91191 82305 5426 76879 75342 67592 44602
is_linear=0
shrinkage=0.05


Tree=57
num_leaves=31
num_cat=0
split_feature=5 8 7 26 11 12 32 32 34 11 9 37 32 25 34 38 43 34 32 38 32 8 22 9 26 29 32 32 32 11
split_gain=203.923 361.405 162.899 143.079 141.827 140.212 116.3 116.692 124.299 113.658 136.846 106.158 100.606 103.176 96.8842 96.1626 93.1373 238.943 156.43 143.391 111.561 96.8148 89.0043 86.6322 84.2358 83.991 82.3231 77.9933 100.453 76.9875
threshold=-0.068341620072516027 0.066133407064985286 -0.025206969370402007 0.68057628524046454 1.5595291294033766 0.049999999999999857 5.5000000000000009 8.5000000000000018 6.9563549442813244 0.86324866008810097 0.031423867612078153 -0.080845353908130843 11.500000000000002 0.75446444389327871 2.7757039971150994 -0.18554338638974885 1.5000000000000002 4.1375633628724646 5.5000000000000009 -0.15465287371790706 9.5000000000000018 0.32832675117341398 0.48591381585515614 0.027680103274529518 0.037277608169280989 0.3146319716518306 10.500000000000002 4.5000000000000009 3.5000000000000004 0.83844600972812111
decision_type=8 8 10 10 10 10 2 2 2 10 10 8 2 8 2 10 2 2 2 10 2 8 8 10 10 10 2 2 2 10
left_child=3 5 11 4 15 -2 -7 8 -8 23 -11 -3 16 -14 26 -1 17 18 21 20 -18 -13 -19 -5 -21 -4 -9 28 -12 -15
right_child=1 2 25 9 -6 6 7 14 -10 10 27 12 13 29 -16 -17 19 22 -20 24 -22 -23 -24 -25 -26 -27 -28 -29 -30 -31
leaf_value=0.020517931193240899 -0.029269849311435017 0.0092267347829557769 0.0043086164559757263 -0.00029087814197450854 0.052320897986037812 -0.012559927247827857 0.0054054485527568891 -0.0081862368903896036 -0.038159114325014537 -0.011499932248336635 0.00064243194651404309 -0.01428692873657237 0.013043381233030605 -0.019697652482840052 -0.010477778418327822 0.0041647892465143648 0.010326832161026435 -0.027180457271647425 -0.028471314528650333 -0.028179440622464136 0.058082357069034585 0.022124167340882558 0.011158073090176454 0.021733744259324735 -0.0018279214385584681 0.019158343697402075 0.020451810134306081 -0.0026622552824992467 0.025606804260098804 0.0042072348847529461
leaf_weight=932.90426371991634 741.06668011844158 2384.2704621106386 10519.673659473658 955.94741826504469 157.70890086144209 5958.8078462295234 3495.3966798484325 491.45004345476627 171.78126204758883 3584.0305184796453 1106.6828235983849 513.90727119147778 2223.562858402729 510.43610914051533 5392.9143503420055 24711.530574511737 631.63522927463055 172.41753578931093 1597.4647045731544 306.151771530509 151.65701602399349 283.15237414836884 1240.9366787225008 837.7608755081892 32186.553238023072 1046.9873680025339 512.77411752566695 4688.2518522441387 633.69449016451836 990.18767859041691
leaf_count=4005 8666 10626 48279 4161 707 38152 17499 2602 1166 16230 4775 2674 9783 2285 30893 117881 2672 852 7961 1837 664 1193 6077 3476 150879 4381 2301 19465 2789 4153
internal_value=-1.63765e-05 -0.00158366 0.000382903 0.00296425 0.0050504 -0.00800729 -0.0070239 -0.00374616 0.00336476 -0.0015949 -0.00367131 -0.00102834 -0.00162751 0.00620655 -0.00782252 0.00475969 -0.00241425 -0.00982161 -0.0194442 -0.0015666 0.019573 -0.00135203 0.00648109 0.00999584 -0.00207621 0.00565278 0.00643684 0.000693233 0.00973229 -0.003924
internal_weight=109132 71523.2 54759 37608.5 25802.1 16764.2 16023.1 10064.3 3667.18 11806.4 10012.7 43192.3 40808.1 3724.19 6397.14 25644.4 37083.9 3807.88 2394.52 33276 783.292 797.06 1413.35 1793.71 32492.7 11566.7 1004.22 6428.63 1740.38 1500.62
internal_count=529084 355595 254316 173489 122593 101279 92613 54461 18665 50896 43259 201656 191030 16221 35796 121886 174809 18757 11828 156052 3336 3867 6929 7637 152716 52660 4903 27029 7564 6438
is_linear=0
shrinkage=0.05


Tree=58
num_leaves=31
num_cat=0
split_feature=20 3 0 32 32 12 32 12 32 25 43 32 12 32 10 35 35 8 43 43 5 43 8 12 43 13 26 8 1 26
split_gain=208.761 208.18 178.373 169.257 198.477 201.004 153.43 281.636 251.086 202.156 186.209 622.079 349.949 263.176 228.931 183.423 140.9 137.935 128.823 201.561 127.236 121.013 203.57 144.101 117.199 113.381 109.809 123.257 103.557 103.377
threshold=0.15318725661719026 -0.12264150943396467 0.083333333333333717 3.5000000000000004 1.5000000000000002 1.507142857142858 8.5000000000000018 0.14285714285714296 10.500000000000002 0.57833041567981336 1.5000000000000002 5.5000000000000009 2.0000000000000031 5.5000000000000009 0.039888067283847223 -1.6819878823071118e-14 -1.2767564783189298e-15 0.012687249064274099 3.5000000000000004 1.5000000000000002 -0.14355445608311149 2.5000000000000004 0.027027027027027088 0.049999999999999857 2.5000000000000004 0.022530544267242682 0.7229107512853965 0.3683534528309555 -0.029411764705880635 0.43716562240723261
decision_type=8 8 10 2 2 8 2 8 2 8 2 2 10 2 8 10 10 10 2 2 10 2 10 8 2 10 8 8 10 10
left_child=-1 28 3 4 21 -6 7 15 25 24 11 -9 -13 14 20 -5 -17 -11 19 -7 -12 23 -23 -3 -10 -8 -15 -28 -2 -24
right_child=1 2 -4 6 5 18 8 10 9 17 13 12 -14 26 -16 16 -18 -19 -20 -21 -22 22 29 -25 -26 -27 27 -29 -30 -31
leaf_value=-0.018208304070017493 0.01501475160836146 -0.041522295810940239 0.014249099210445185 0.046881528501455716 -0.014390585108700067 -0.018266291967490612 -0.015210844576616559 0.031135172343323365 0.001288654985732985 -0.020960609451829704 0.0011305306695357611 -0.024765790059118512 0.015825183456643882 0.0059707228574423024 0.020360084775854635 -0.035812030352194039 0.052609157395897277 -0.0014512662649164702 -0.0098587900010316271 0.011259691390896743 -0.010170053495090585 -0.029837795955559656 0.0082250081496556392 0.01212506041293257 0.011795435531981372 -0.004518121700562378 -0.0062224033912048476 0.0079579285100472418 -0.00041912294481279209 -0.0049426980460805098
leaf_weight=1585.0147103965282 3380.1113514900208 131.28673581033945 2032.9828496277332 571.14865567535162 6900.1260509192944 743.7078690379858 3016.6991620622575 2103.8630236536264 5319.1659187786281 1034.1248903423548 3541.1821479350328 1217.8178331255913 941.501255184412 17148.17769343406 828.58987513184547 142.74260588735342 65.833881989121437 7312.5966618843377 2802.0665845200419 2594.3443616516888 8397.9549884013832 626.60699696093798 2396.9276182129979 2687.9608620107174 5297.4123586788774 13913.203705452383 4600.9337658137083 2297.720628708601 1601.9364805221558 3941.7493085563183
leaf_count=10245 14595 1671 8589 2809 43320 4201 18846 9077 25462 6607 15476 5212 3914 77603 3472 819 306 32211 15577 14721 42634 3759 12355 13154 23340 66263 19291 9668 6956 17565
internal_value=-0.000194621 7.07554e-05 -0.000413879 -0.00071027 -0.00449597 -0.00853474 0.000401074 0.00245787 -0.0019975 0.00195385 0.00189281 0.0117854 -0.00706741 0.000747236 -0.00505447 0.0322266 -0.00790328 -0.00386839 -0.00195408 0.00468139 -0.00681827 0.000886671 -0.00265096 0.00962681 0.00653128 -0.00642343 0.00382767 -0.00149939 0.0100521 3.65806e-05
internal_weight=109175 107590 102608 100575 22824.8 13040.2 77750.7 41857.5 35893.2 18963.3 41077.7 4263.18 2159.32 36814.6 12767.7 779.725 208.576 8346.72 6140.12 3338.05 11939.1 9784.53 6965.28 2819.25 10616.6 16929.9 24046.8 6898.65 4982.05 6338.68
internal_count=529718 519473 497922 489333 126323 77819 363010 190281 172729 87620 186347 18203 9126 168144 61582 3934 1125 38818 34499 18922 58110 48504 33679 14825 48802 85109 106562 28959 21551 29920
is_linear=0
shrinkage=0.05


Tree=59
num_leaves=31
num_cat=0
split_feature=2 10 19 34 28 20 12 34 1 32 32 5 32 34 12 12 43 32 13 32 4 43 12 34 43 34 28 28 43 28
split_gain=204.755 195.85 172.816 141.79 124.536 118.364 107.969 105.616 102.955 99.3347 167.408 165.633 171.114 142.534 130.626 113.28 119.382 366.308 112.23 105.091 108.329 101.259 117.934 100.753 134.894 114.604 113.753 99.3002 99.2262 89.2743
threshold=-0.098767192497883891 0.0075156543068053841 -0.17738141536991223 2.8593355435749763 0.046961113498678382 0.035457837902581869 0.14285714285714296 4.7418839142079827 0.11109669433431425 10.500000000000002 8.5000000000000018 0.27567053745760989 3.5000000000000004 2.8361459037824157 4.2571428571428624 0.16428571428571451 1.5000000000000002 5.5000000000000009 0.018386747674729226 5.5000000000000009 -0.08139534883721071 1.5000000000000002 0.63571428571428612 4.1116928651754314 5.5000000000000009 2.3748949377990178 0.10381789092278344 0.16394431134207885 3.5000000000000004 -0.070968263869946577
decision_type=8 8 8 2 10 10 8 2 10 2 2 8 2 2 10 10 2 2 10 2 10 2 10 2 2 2 10 10 2 8
left_child=29 4 5 6 -2 -3 -4 -6 -5 10 11 12 14 -11 -7 -14 17 -17 -12 20 -18 -15 -23 24 25 -20 -26 -22 -8 -1
right_child=1 2 3 8 7 9 28 -9 -10 13 18 -13 15 21 -16 16 19 -19 23 -21 27 22 -24 -25 26 -27 -28 -29 -30 -31
leaf_value=0.021701736895824636 -0.03203268579062709 -0.02435168544101643 0.035179940857225485 -0.00014716477288353259 0.070973446458603609 -0.0098201039843552641 -4.8456431797646343e-05 -0.011636453254866454 0.010062452790377157 0.013605042791533571 -0.023004512930803422 0.0081443724085195329 0.021776770390593933 -0.01516674750636126 0.0044106557294590395 0.03195387384985348 0.0032101861862702634 -0.0092147755985792432 -0.023922945049459327 0.0012510715049459139 -0.011857251753502272 -0.015917686338742309 0.0035775762740579298 -0.014537547792890416 0.1123265354348084 -0.0018535607347166612 0.014064226245180235 0.044746980385274859 0.010513720332318668 0.005522334116673416
leaf_weight=1365.4740380570292 760.61601226776838 590.95033899694681 337.31336152553558 34229.768968638033 56.323557499796152 9467.6652760207653 3650.2913501523435 123.58522028103471 2661.2494774907827 2250.6827980279922 1181.8315303884447 4130.9612683802843 593.85825674980879 1036.0562851950526 1943.594456858933 1046.071714155376 1926.0179946050048 1117.583931080997 658.3033791333437 10885.494939014316 4561.3504193499684 870.83437263220549 7104.5877667553723 2791.9992982074618 44.135270804166794 5527.5119686946273 88.536343455314636 78.819327756762505 5689.3294755965471 2269.9026117995381
leaf_count=5894 9579 3422 1734 163327 488 55355 16996 1067 11287 9834 7957 18074 2820 5380 10359 4609 8661 4792 2984 48504 23245 5273 31435 14045 191 26683 386 346 25116 9752
internal_value=-6.73054e-05 -0.000469685 -0.000265182 0.00200239 -0.0231841 -0.00208905 0.0073893 0.014226 0.000589338 -0.00185947 -0.00288902 -0.00127138 -0.00250147 0.00234969 -0.00739629 0.000262422 -0.00038893 0.0106892 -0.00850806 -0.00176239 -0.00675815 -0.000461419 0.00144889 -0.00662755 -0.0031323 -0.00420222 0.0467527 -0.0108958 0.00638561 0.0115994
internal_weight=109041 105405 104465 46568 940.525 57896.8 9676.93 179.909 36891 57305.9 46043.7 35751.4 31620.5 11262.2 11411.3 20209.2 19615.3 2163.66 10292.3 17451.7 6566.19 9011.48 7975.42 9110.49 6318.49 6185.82 132.672 4640.17 9339.62 3635.38
internal_count=529595 513949 502815 218460 11134 284355 43846 1555 174614 280933 229011 176765 158691 51922 65714 92977 90157 9401 52246 80756 32252 42088 36708 44289 30244 29667 577 23591 42112 15646
is_linear=0
shrinkage=0.05


Tree=60
num_leaves=31
num_cat=0
split_feature=20 10 34 32 28 19 32 32 32 11 39 4 32 43 8 9 34 43 32 43 12 7 28 11 34 34 10 28 28 43
split_gain=188.994 185.876 137.534 218.936 176.534 119.238 108.881 186.289 131.358 126.158 125.782 114.76 112.674 111.991 166.618 109.524 106.403 229.22 201.413 125.817 118.64 103.34 118.085 101.621 99.7473 185.159 138.266 133.985 103.773 98.8486
threshold=0.15318725661719026 0.034836102297683476 2.8478079206112956 10.500000000000002 0.20391474366426024 0.65875679389732378 8.5000000000000018 4.5000000000000009 11.500000000000002 1.6677284513836346 1.0000000180025095e-35 -0.15734265734265732 1.5000000000000002 2.5000000000000004 0.023757131253793754 0.011461508674793884 3.7316987250416642 1.5000000000000002 6.5000000000000009 3.5000000000000004 0.33571428571428558 -0.35912860726311263 -0.017467831929812428 1.5008281873065956 3.2248559203275584 4.3300750123439586 0.022355287968146325 0.074136315781098458 -0.03096836476075587 1.5000000000000002
decision_type=8 10 2 2 10 8 2 2 2 10 10 10 2 2 10 8 2 2 2 2 8 10 10 8 2 2 8 10 10 2
left_child=-1 2 3 4 5 -2 7 11 15 16 -10 -4 13 24 -15 -8 20 -18 -19 -20 -9 22 -3 -5 26 27 -13 -26 -27 -17
right_child=1 21 6 23 -6 -7 8 9 10 -11 -12 12 -14 14 -16 29 17 18 19 -21 -22 -23 -24 -25 25 28 -28 -29 -30 -31
leaf_value=-0.017287722133263527 -0.0025550106958458032 0.027907136786255473 0.01114050192359314 0.017320418484792665 0.039381302204785314 0.0083278902557138504 -0.018011233449105966 0.035101180443189037 -0.0034526733264914553 0.051798418481315403 0.010971365110672418 -0.041859223097125801 -0.0071411704326040971 -0.032716548861010893 -0.00054485809798665715 -0.016576528263757943 0.026370998437337523 -0.0035525786438759389 0.023995037044019216 0.0060570415886304456 -0.0020602325327153171 0.0036051317210235227 -0.00021877744180788007 -0.021375386623857164 0.033346629730401221 0.027410292624663237 0.013777088911989336 -0.044771948702900882 -0.018610869359063555 -0.0039736154659773962
leaf_weight=1576.0639509446919 11490.896873857826 963.78370963037014 1236.031937636435 2961.3576861396432 287.62460465729237 3222.8065676502883 1883.9609470106661 219.32191953063011 4301.2736321724951 130.21686467528343 2330.2448577284813 197.55557951703668 13833.404326178133 443.82724944502115 4317.1464550718665 1737.4475073814392 1189.8601731061935 5618.6009285077453 1200.9647602848709 5254.2176211625338 10361.416817106307 16558.068689778447 608.98766826093197 179.97832024842501 975.20345694944263 169.76634996756911 256.86641338467598 58.162804014980793 439.88197285309434 14886.058472558856
leaf_count=10270 55517 3998 5612 13216 1243 14832 13959 1123 20603 609 10193 1356 81426 2810 20972 9768 5064 26849 5503 23981 45817 70264 2524 841 5156 923 1093 300 2402 71348
internal_value=-9.90799e-05 0.000153358 -0.000784889 0.00310052 0.000587071 -0.000171281 -0.00177715 -0.000328557 -0.0044222 0.00271771 0.00161578 -0.00365917 -0.00454323 0.000696818 -0.00354397 -0.00658571 0.00244968 0.00543286 0.00336942 0.00939434 -0.00128994 0.00476852 0.0170166 0.0151034 0.010323 0.0160573 -0.0104103 0.0289497 -0.00579554 -0.00529084
internal_weight=108891 107315 89184.1 18142.7 15001.3 14713.7 71041.4 45902.4 25139 23974.6 6631.52 21927.8 20691.8 6858.41 4760.97 18507.5 23844.4 13263.6 12073.8 6455.18 10580.7 18130.8 1572.77 3141.34 2097.44 1643.01 454.422 1033.37 609.648 16623.5
internal_count=529572 519302 442516 85649 71592 70349 356867 230996 125871 108946 30796 122050 116438 35012 23782 95075 108337 61397 56333 29484 46940 76786 6522 14057 11230 8781 2449 5456 3325 81116
is_linear=0
shrinkage=0.05


Tree=61
num_leaves=31
num_cat=0
split_feature=10 5 7 5 38 26 10 33 33 10 33 33 33 33 34 13 33 28 33 14 38 10 33 33 33 33 33 33 33 28
split_gain=185.867 162.238 134.156 136.269 178.249 157.913 193.717 151.33 270.245 225.677 220.279 228.307 230.193 165.313 157.337 146.47 190.217 204.634 144.528 120.659 115.485 139.897 112.363 156.598 210.059 172.942 124.874 109.761 301.85 156.609
threshold=0.0068950178676517046 -0.26484583389845939 -0.019696298758087923 -0.064045593297394163 0.0044332967958695688 0.68057628524046454 0.031569226248976429 2638.5000000000005 3264.5000000000005 0.021273947648793434 2432.5000000000005 2058.5000000000005 2297.5000000000005 2235.5000000000005 3.8077723681394766 0.030977109723050632 3724.5000000000005 -0.012939284876764242 2015.5000000000002 1.0000000180025095e-35 -0.0079670548328022988 0.014455456117012084 1870.5000000000002 1347.5000000000002 727.50000000000011 687.50000000000011 1569.5000000000002 521.50000000000011 643.50000000000011 0.28803134552775567
decision_type=8 8 10 10 10 10 8 2 2 10 2 2 2 2 2 10 2 10 2 10 10 10 2 2 2 2 2 2 2 8
left_child=-1 -2 3 5 15 7 -7 10 9 14 11 18 13 -13 -9 16 22 20 27 -11 21 -18 23 24 25 -5 -25 29 -29 -3
right_child=1 2 -4 4 -6 6 -8 8 -10 19 -12 12 -14 -15 -16 -17 17 -19 -20 -21 -22 -23 -24 26 -26 -27 -28 28 -30 -31
leaf_value=-0.024971125885062152 0.0091321864258567271 0.009803842112517596 0.0051349190465604724 -0.003971629117556697 0.00019393851859786685 -0.010235481571385206 0.0032191852964817374 0.058654232878260097 -0.0010963235586095986 0.017123502417080407 -0.0163554501882817 0.018119841948753723 -0.0049078176131996387 0.053177895581731117 0.017709622339859035 -0.0014963952092076043 0.29696925552903924 -0.011803800917956714 -0.031137290660357905 -0.017054448418524607 0.0053231244282117215 0.1010008215398016 -0.014642486106333584 0.016774493366641101 -0.020075803780498752 0.043598809683117447 -0.005079358164393975 -0.024215465214238618 0.001696212137244714 -0.018525801366310709
leaf_weight=743.63655015826225 4764.9511417075992 5226.8525400832295 10214.312675781548 2173.8594937175512 29726.149883624166 5480.4891910552979 5226.4869145750999 553.43727683275938 2443.6014429666102 1573.0244575366378 1574.3568421155214 1381.2865001559258 845.10443897545338 444.45312550663948 407.2966450303793 12352.606019444764 13.85534233227372 55.128452692180872 344.19225645065308 308.94720983505249 14.901442237198351 26.573849685490131 6002.9191380180418 1143.1707612015307 2747.4041890352964 209.46798369288445 1526.5574784204364 1276.5523739382625 9400.9652086943388 538.05342163145542
leaf_count=9343 20055 23858 46943 11156 138090 24698 22262 2628 12940 7358 7713 6196 4253 1923 2007 58460 145 505 1740 1333 132 142 37466 5785 16289 925 9184 6373 46121 3618
internal_value=-5.95908e-05 0.000111943 -0.000304411 -0.000901706 -0.00245792 0.00145173 -0.00366774 0.00353448 0.011097 0.0215785 0.00163365 0.0030892 0.0166674 0.0266543 0.041296 -0.00545907 -0.0089771 0.0563755 0.000928828 0.0115128 0.124306 0.16816 -0.00950007 -0.00554267 -0.010653 0.000209283 0.0042784 0.00160007 -0.00140166 0.00715976
internal_weight=108741 107997 103232 93017.7 55992.6 37025.1 10707 26318.1 5286.31 2842.71 21031.8 19457.5 2670.84 1825.74 960.734 26266.4 13913.8 110.459 16786.6 1881.97 55.3306 40.4292 13803.4 7800.46 5130.73 2383.33 2669.73 16442.4 10677.5 5764.91
internal_count=529641 520298 500243 453300 278279 175021 46960 128061 26266 13326 101795 94082 12372 8119 4635 140189 81729 924 81710 8691 419 287 80805 43339 28370 12081 14969 79970 52494 27476
is_linear=0
shrinkage=0.05


Tree=62
num_leaves=31
num_cat=0
split_feature=5 38 10 13 43 13 26 10 43 34 20 5 5 32 3 29 32 25 26 34 32 34 32 12 32 32 34 34 32 28
split_gain=198.429 215.278 198.062 168.736 136.675 163.605 119.02 184.061 191.873 112.338 103.273 99.8793 86.7018 90.5316 83.9351 80.2431 94.3261 113.933 82.3532 91.5432 80.0555 72.3718 128.945 117.066 72.2602 71.3099 141.135 103.739 69.8706 68.5093
threshold=-0.092307692307692521 0.0037072760259918573 0.033124304888151698 1.0000000180025095e-35 1.5000000000000002 0.028479463487689913 0.62612628863654829 0.030657703456655607 1.5000000000000002 3.7623615564016326 0.53084319188021467 -0.044001796064986158 -0.061069824018723733 10.500000000000002 -0.08047493403693888 0.25918808212666133 11.500000000000002 0.69390447471864747 0.58365035511260921 4.7018429702237254 10.500000000000002 2.8361459037824157 10.500000000000002 0.1000000000000002 9.5000000000000018 4.5000000000000009 6.0027753306160969 1.3736354571277458 7.5000000000000009 -0.014665773331606284
decision_type=8 10 8 10 2 8 10 10 2 2 8 10 10 2 10 10 2 10 10 2 2 2 2 10 2 2 2 2 2 10
left_child=6 2 3 -2 5 10 14 8 20 12 -4 -5 -6 -14 -1 16 24 18 19 -18 -8 22 23 -16 25 26 -3 -27 -7 -11
right_child=1 15 4 11 9 28 7 -9 -10 29 -12 -13 13 -15 21 -17 17 -19 -20 -21 -22 -23 -24 -25 -26 27 -28 -29 -30 -31
leaf_value=0.01335103009032855 -0.029007790871507563 -0.004209683118774339 -0.018830775194765722 -0.0013292271090162731 0.02518521235897089 0.00012250223977821237 0.023824795563842677 0.0059067580476266767 -0.0091652210000952895 0.0064534862542673255 0.022365806103111445 -0.0080519379637422651 0.002063073641025238 0.022717331841329708 0.043044308212548121 0.0091939627937824009 0.035839528399546988 0.0007343483459000766 0.0024372618156596861 -0.0076788029873042334 -0.045844803769827441 0.0023064871241252733 0.030186762641377343 0.0039540756680493793 -0.005627662097444708 0.07694917804728274 0.018270983060634453 0.002230564466270278 -0.021763415089115321 -0.0087582332517923724
leaf_weight=3065.6174993142486 810.9491570442915 10036.588976040483 206.88094633817673 8246.5977264046669 887.97341653704643 500.3104889690876 619.82906363904476 5873.7489919066429 5877.3572653196752 1416.5572405159473 574.79185299575329 16740.42157754302 2106.0594052970409 709.1996680945158 203.04860975220799 2787.768108189106 736.70166175812483 1899.1690167710185 451.33444930613041 144.5546295568347 44.171384513378143 11791.311321604997 662.41403856128454 3375.9451384544373 5441.5077949762344 46.563576325774193 750.35722612962127 19770.532213367522 1345.1445637643337 1550.1470551788807
leaf_count=13682 8273 52160 997 45057 3801 2117 2813 24557 26135 6070 2941 95554 9237 2923 1090 11732 3187 8090 1881 682 183 56415 2833 15374 25263 209 3965 88088 7701 6584
internal_value=-4.99636e-05 -0.00141537 -0.00430679 -0.00656169 0.00195022 -0.00770944 0.00329321 -0.000517933 -0.00628692 0.00575494 0.0114625 -0.00583321 0.0115628 0.00726614 0.00577069 0.000996949 0.000415154 0.00859832 0.0198058 0.0287011 0.0191902 0.00432126 0.0099224 0.0061718 -0.00031853 0.000625453 -0.00264589 0.00240613 -0.0158301 -0.00149486
internal_weight=108674 77160.1 35095 25798 9297.06 2627.13 31513.4 12415.1 6541.36 6669.94 781.673 24987 3703.23 2815.26 19098.3 42065.1 39277.3 3231.76 1332.59 881.256 664 16032.7 4241.41 3578.99 36045.5 30604 10786.9 19817.1 1845.46 2966.7
internal_count=529594 386512 191255 148884 42371 13756 143082 53688 29131 28615 3938 140611 15961 12160 89394 195257 183525 13840 5750 3869 2996 75712 19297 16464 169685 144422 56125 88297 9818 12654
is_linear=0
shrinkage=0.05


Tree=63
num_leaves=31
num_cat=0
split_feature=3 20 1 5 38 8 11 1 26 9 11 9 32 38 7 25 8 32 32 11 32 9 32 43 25 28 11 26 9 32
split_gain=156.08 133.987 126.195 127.615 215.369 116.508 112.517 106.885 94.6892 92.6902 91.424 124.34 129.269 79.257 74.1674 90.9918 88.3548 86.2554 78.8472 69.5994 65.8873 179.034 160.708 129.979 119.294 92.4096 86.4209 84.1121 126.639 103.89
threshold=-0.12264150943396467 0.24579109467070892 0.18545698842135741 -0.071428571428570439 0.002197040704635556 0.038967698967699034 1.6677284513836346 -0.0022831050228306333 0.68057628524046454 0.023572765412304957 0.86324866008810097 0.034344448175361551 4.5000000000000009 -0.063506118697568489 -0.047619047619047609 0.56273082846123457 0.12658962936826482 11.500000000000002 8.5000000000000018 1.0971505234909615 6.5000000000000009 0.024087870017297047 8.5000000000000018 1.5000000000000002 0.20431772029694734 0.080210926377221908 0.37014327620638726 0.45670466564813733 0.019402327636834703 9.5000000000000018
decision_type=8 8 10 8 10 10 10 10 10 8 10 10 2 8 10 10 10 2 2 10 2 8 2 2 10 10 10 10 10 2
left_child=7 5 3 6 9 -2 8 -1 20 -5 -10 -12 -13 -11 -6 17 -17 18 19 -16 21 23 26 24 -3 -23 -22 29 -29 -24
right_child=1 2 -4 4 14 -7 -8 -9 10 13 11 12 -14 -15 15 16 -18 -19 -20 -21 22 25 27 -25 -26 -27 -28 28 -30 -31
leaf_value=0.011831494984381533 -0.024394330487778899 -0.017137617078995599 0.018263038064090364 -0.0072636813672254177 -0.0013419344803678969 -0.0026845744833233782 0.067197546058147095 -0.0076629186820958393 0.0090110101893861386 0.0055719198965013799 -0.010154874989942643 0.01784930957099954 -0.0031120262038357755 -0.0041020470047930975 0.0072443941710348516 -0.0073648065046918584 0.0029157532901180837 0.035983009719631566 -0.0058744533050581992 0.02564435099462763 0.038093159147561111 0.017514009101445991 -0.0086701716356905514 -0.0038087869086821085 0.021704237725988076 -0.0081310420981638553 0.012723813402898227 -0.033541709560704042 -0.00054273992615395505 0.01022472679917389
leaf_weight=4176.4738673269749 1067.8528966829181 249.0718928873539 917.93140855431557 17198.825261995196 20642.728997193277 1466.9746090583503 66.416986726224422 845.47069172561169 1551.0127596929669 3006.1391708850861 4237.5630409792066 988.04822984337807 2877.8332221060991 7160.1341423541307 2148.9737451002002 2502.2971069999039 12682.864044249058 290.17426508665085 831.24376341328025 675.48601900041103 376.13820232450962 2097.7604614943266 905.35076478123665 8783.6320034600794 958.02074898034334 421.93073946237564 3121.8004143387079 331.76381906867027 2351.313937664032 3702.9402566589415
leaf_count=18125 8917 1112 3853 101969 95019 7001 299 3644 6610 13206 19109 4286 11922 34561 10742 14196 56727 1305 4292 3304 2002 9277 4402 45317 4369 1794 13647 1644 10018 17198
internal_value=-5.90408e-05 -0.000476286 -0.000191549 -0.00036068 -0.00161232 -0.0118303 0.00218421 0.00854951 0.00205318 -0.0050264 -0.00211049 -0.00423916 0.00224531 -0.00124148 0.000736632 0.00297944 0.00122166 0.00974401 0.00766126 0.0116449 0.00377844 0.00130924 0.00664152 -0.00169461 0.0136896 0.0132197 0.0154518 0.0024149 -0.00462308 0.00651261
internal_weight=108634 103612 101077 100159 67138.9 2534.83 33020.6 5021.94 32954.2 27365.1 9654.46 8103.44 3865.88 10166.3 39773.8 19131 15185.2 3945.88 3655.7 2824.46 23299.7 12510.4 10789.3 9990.72 1207.09 2519.69 3497.94 7291.37 2683.08 4608.29
internal_count=529867 508098 492180 488327 335321 15918 153006 21769 152707 149736 41927 35317 16208 47767 185585 90566 70923 19643 18338 14046 110780 61869 48911 50798 5481 11071 15649 33262 11662 21600
is_linear=0
shrinkage=0.05


Tree=64
num_leaves=31
num_cat=0
split_feature=1 10 33 33 33 12 33 32 33 33 5 32 12 32 33 34 32 28 33 10 33 5 43 32 32 33 33 43 33 33
split_gain=164.462 154.36 130.848 635.142 373.89 347.18 321.652 254.509 250.814 416.866 220.386 212.068 204.067 215.855 196.599 372.468 305.129 192.783 190.672 204.923 188.8 256.614 183.48 174.215 173.973 173.245 172.221 164.125 230.572 439.31
threshold=-0.092024539877299624 0.0075156543068053841 1380.5000000000002 1569.5000000000002 1484.5000000000002 1.0000000000000013 535.50000000000011 8.5000000000000018 643.50000000000011 727.50000000000011 -0.14794962928991803 4.5000000000000009 0.86428571428571477 7.5000000000000009 175.50000000000003 4.5679872602102902 8.5000000000000018 0.016696762167382372 687.50000000000011 0.018163378134806511 1276.5000000000002 -0.10080669964558196 3.5000000000000004 3.5000000000000004 9.5000000000000018 363.50000000000006 122.50000000000001 3.5000000000000004 2045.5000000000002 2577.5000000000005
decision_type=8 8 2 2 2 10 2 2 2 2 10 2 10 2 2 2 2 10 2 10 2 8 2 2 2 2 2 2 2 2
left_child=-1 -2 6 4 -4 22 14 10 -8 18 -5 -12 20 -14 26 17 -17 24 -10 -20 21 23 -6 -11 -16 -26 -3 -9 -29 -30
right_child=1 2 3 7 5 -7 8 27 9 12 11 -13 13 -15 15 16 -18 -19 19 -21 -22 -23 -24 -25 25 -27 -28 28 29 -31
leaf_value=0.013231328943619057 -0.021028548991741523 0.00035628591234620273 0.0051579503563206099 0.011038820423571176 -0.00021855665769420393 0.012822959449169925 -0.018379774579413314 -0.0012893182625236667 0.00041043089085491841 -0.019594268168451515 -0.004223753538832354 0.0042600721048586211 0.0032208364778415857 -0.010453033239995555 0.0027954169184601363 0.035120652654022103 -9.4928448191993281e-05 -0.0051781034873124437 0.052160184648648793 0.013150907976240404 -0.02877228569750058 -0.01590666591011319 0.055216049074049062 0.013713200264026832 -0.0055831490332001821 0.03323346764765963 -0.019210862737470545 -0.025693740331387362 0.020120149258998386 -0.013129635193426173
leaf_weight=2247.2429247573018 902.40608337149024 4015.6597698926926 3241.9454722851515 5731.2677576616406 170.75961849093437 1412.3028742596507 3470.5732815787196 11345.705432645977 1452.5818008556962 523.93724476546049 13730.811767667532 15890.657056033611 6989.4209053590894 4916.1950450092554 3784.3258983194828 1739.1139037534595 951.73039035499096 5069.9658265635371 495.11119791865349 1051.9807901754975 1495.3287648558617 4410.3914919793606 1185.9767013788223 1566.0569183602929 390.26487588882446 1091.1307690963149 1561.9302595555782 1932.8593176230788 1277.9044775515795 4462.4727443493903
leaf_count=9675 11277 19685 14793 25366 812 6290 16877 56889 6327 3053 76299 73063 34347 23209 17751 7532 3985 21984 2148 4317 7082 23254 5351 6707 1667 4590 8271 9567 5924 21561
internal_value=-0.000154119 -0.0004372 -0.000260833 0.0012599 0.0166827 0.0301756 -0.00230251 -0.000445147 -0.005854 -0.00395575 0.00206395 0.000327458 -0.00657476 -0.00242552 0.00273178 0.00609507 0.0226652 0.00178112 0.0134201 0.0256349 -0.012753 -0.00906794 0.048239 0.00536341 0.00848163 0.0230075 -0.00512324 -0.0051091 -0.0107571 -0.00572767
internal_weight=108508 106261 105358 60382.7 6010.98 2769.04 44975.7 54371.7 26371.6 22901 35352.7 29621.5 19901.3 11905.6 18604.1 13026.5 2690.84 10335.7 2999.67 1547.09 7995.71 6500.39 1356.74 2089.99 5265.72 1481.4 5577.59 19018.9 7673.24 5740.38
internal_count=529653 519978 508701 295915 27246 12453 212786 268669 127321 110444 174728 149362 97652 57556 85465 57509 11517 45992 12792 6465 40096 33014 6163 9760 24008 6257 27956 93941 37052 27485
is_linear=0
shrinkage=0.05


Tree=65
num_leaves=31
num_cat=0
split_feature=20 32 34 33 33 33 33 33 32 32 33 10 28 33 33 28 12 43 33 26 12 33 33 33 10 43 33 32 12 33
split_gain=158.442 140.034 173.862 256.019 231.47 595.444 404.363 296.274 488.059 330.204 355.81 226.774 219.013 217.326 191.162 168.552 163.444 159.33 360.709 208.167 156.29 267.516 234.518 357.581 203.061 180.983 167.758 164.006 176.328 202.596
threshold=0.065873700495458432 3.5000000000000004 3.1419924481000066 3612.5000000000005 1393.5000000000002 1741.5000000000002 1276.5000000000002 2088.5000000000005 7.5000000000000009 10.500000000000002 2297.5000000000005 0.028752850474589309 -0.10355532168247374 1856.5000000000002 2235.5000000000005 -0.051396752610285625 0.78571428571428636 2.5000000000000004 744.50000000000011 0.60682437617422147 4.5214285714285767 1407.5000000000002 1484.5000000000002 1597.5000000000002 0.013913324356292311 2.5000000000000004 122.50000000000001 1.5000000000000002 0.14285714285714296 1955.5000000000002
decision_type=8 2 2 2 2 2 2 2 2 2 2 10 8 2 2 10 10 2 2 10 8 2 2 2 10 2 2 2 10 2
left_child=-1 20 3 4 6 15 12 11 -9 16 14 13 -3 -7 -11 -6 -10 -14 19 -19 22 -22 26 24 -24 27 -2 28 -25 -30
right_child=1 2 -4 -5 5 7 -8 8 9 10 -12 -13 17 -15 -16 -17 -18 18 -20 -21 21 -23 23 25 -26 -27 -28 -29 29 -31
leaf_value=-0.020800928990381079 0.0069219379468276922 0.02965665841952635 -0.0004450476857573197 -0.042400139141609727 -0.0056490020938059771 -0.00033722039130679128 -0.024069023993005447 0.021580949075667155 -0.018674727186385433 0.0087603996350032135 0.00063574188468042961 0.015126827811901786 -0.0064393679444174519 -0.03304388953751479 0.064688621808799557 0.030614404132339797 0.0057788538697876686 0.03476551721060505 -0.0040667040002533694 0.004416255350026369 0.021440261225491374 -0.0040742618092068032 0.12098714436431351 -0.031191656813514792 0.021837184350519769 -0.009003214593061467 -0.013596196881351375 -0.0013619777011366309 -0.0083635710469835648 0.041458144041285963
leaf_weight=905.5165531784296 1141.0598836839199 727.91296498477459 55011.713567320257 289.13622077181935 356.41534019261599 891.47288467735052 1564.3032380118966 3829.9435518309474 2370.5739711225033 241.78233601897955 1662.3744430206716 637.68760977685452 3975.9623074382544 1180.4308374300599 415.07247120141983 3173.9078456684947 960.05480425059795 1320.8609046339989 3249.0606506988406 987.35972890257835 1636.3377525657415 2760.419716257602 54.263399891555309 144.35006127879024 1067.8957579135895 5678.14477051422 7847.1781074367464 3151.8245747946203 280.90381301194429 745.78639028221369
leaf_count=6057 4873 3270 262435 2410 1583 4087 7078 17642 11349 1038 7322 2636 18023 5416 1841 13737 4175 5528 14267 4056 8078 14245 394 1838 5096 31015 45586 18733 1597 3777
internal_value=2.63776e-05 0.000202053 0.00118425 0.00440438 0.00489568 0.00887108 -0.000388872 0.00363406 0.00780158 -0.00153922 0.0129463 -0.0109465 0.00322114 -0.0189713 0.0441019 0.0269533 -0.011626 0.00120265 0.00667015 0.0217834 -0.0031181 0.00542146 -0.00498501 -0.000131457 0.0266317 -0.00313441 -0.0109914 0.00457436 0.0205518 0.0278269
internal_weight=108260 107354 82846 27834.3 27545.2 15719.7 11825.5 12189.4 9479.8 5649.86 2319.23 2709.59 10261.2 2071.9 656.855 3530.32 3330.63 9533.24 5557.28 2308.22 24508.2 4396.76 20111.4 11123.2 1122.16 10001 8988.24 4322.86 1171.04 1026.69
internal_count=529182 523125 387893 125458 123048 70826 52222 55506 43367 25725 10201 12139 45144 9503 2879 15320 15524 41874 23851 9584 135232 22323 112909 62450 5490 56960 50459 25945 7212 5374
is_linear=0
shrinkage=0.05


Tree=66
num_leaves=31
num_cat=0
split_feature=20 7 12 7 28 34 43 32 9 12 5 32 10 5 25 2 11 28 34 28 28 34 9 43 25 7 32 34 34 10
split_gain=140.031 129.771 154.794 137.22 114.01 107.595 289.786 135.88 117.639 102.531 102.39 170.743 111.607 96.2288 86.4986 92.5501 86.1166 81.3465 81.3295 88.7918 77.6502 119.329 75.7139 73.9353 77.7208 70.5077 69.3733 100.476 67.0583 66.4437
threshold=0.065873700495458432 -0.1810508504764449 1.0000000180025095e-35 -0.066460476500057417 0.038474940460157751 3.0610489973715933 2.5000000000000004 11.500000000000002 0.011461508674793884 0.47857142857142898 -0.024489795918364695 6.5000000000000009 0.019162226966813928 -0.3390813030109785 0.4408773918719297 0.24845538474961362 1.5948537801085607 -0.058783609935095578 5.6582619441416986 -0.1937074340633286 inf 4.1375633628724646 1.6230888126053638e-09 1.0000000180025095e-35 0.20014619883040938 -0.48775489804078365 7.5000000000000009 4.3595612123654126 2.1101948345363803 0.042832943624784868
decision_type=8 8 8 8 10 2 2 2 8 10 10 2 10 10 8 10 10 10 2 10 8 2 10 2 10 10 2 2 2 10
left_child=26 4 -3 10 13 6 -5 -8 22 -6 11 16 28 -2 -10 18 -4 -13 20 -20 -16 -22 -7 24 -15 29 27 -1 -12 -25
right_child=1 2 3 5 9 8 7 -9 14 -11 12 17 -14 23 15 -17 -18 -19 19 -21 21 -23 -24 25 -26 -27 -28 -29 -30 -31
leaf_value=0.0019094535048717358 0.017622916690862685 -0.024129806925597894 -0.0047181763847824951 -0.013864401106782252 0.014901624706536207 0.10367325839635202 0.0096678450394040664 0.036742396357172212 0.0088132280605171167 -0.0072125973056336688 0.043195974439912195 -0.0072921411233896937 -0.0033760543792420851 -0.0021384065353783612 -0.0011513649388590365 0.019153974354898223 0.039948349578572087 0.0063223783002492456 0.08971418837808047 0.0075623310538156631 -0.043065114375934146 0.010035364551032357 -0.0097427018090435261 -0.044924853055852781 0.023407873305248475 0.0030558888840716255 -0.038048077467785352 -0.048454508124885394 -0.013768702561124106 0.030774874418777787
leaf_weight=448.59654629230499 1262.6899065226316 715.19407576695085 11274.006885409355 1326.3326839059591 602.23309665173292 14.789316855370997 5213.6970809474587 508.62836042046547 3379.7361270934343 4042.3617828190327 52.420880720019341 1252.1905893832445 19060.048444449902 446.53110395371914 15405.241642966866 616.8944990336895 108.95307667553425 8862.4912188649178 33.447497993707657 1977.1618381291628 271.14553491771221 173.5002209097147 2937.6721260398626 137.0233204215765 893.44296003878117 23243.333112061024 326.95405756309628 127.08302677422762 3574.3548882864416 36.764620542526245
leaf_count=2356 5334 7876 60774 7207 2668 204 23789 2275 16109 17254 268 6475 90757 2037 71777 2575 508 42265 197 9386 1955 1186 21390 569 3983 103242 2911 791 21648 152
internal_value=-4.34098e-05 0.000121379 -0.000977036 -0.000759281 0.00287089 0.00174207 0.00719352 0.0120744 0.000193256 -0.0043452 -0.00256282 -9.02139e-05 -0.00490583 0.00415898 0.00145866 0.000113426 -0.00429065 0.00463691 -0.000544227 0.00892897 -0.00174593 -0.0223454 -0.00917458 0.00347228 0.0148949 0.00281865 -0.0196549 -0.00920855 -0.0129453 -0.0289107
internal_weight=108325 107422 76757.9 76042.7 30664.4 31858.2 7048.66 5722.33 24809.6 4644.59 44184.5 21497.6 22686.8 26019.8 21857.1 18477.4 11383 10114.7 17860.5 2010.61 15849.9 444.646 2952.46 24757.1 1339.97 23417.1 902.634 575.68 3626.78 173.788
internal_count=529918 523860 388621 380745 135239 158050 33271 26064 124779 19922 222695 110022 112673 115317 103185 87076 61282 48740 84501 9583 74918 3141 21594 109983 6020 103963 6058 3147 21916 721
is_linear=0
shrinkage=0.05


Tree=67
num_leaves=31
num_cat=0
split_feature=19 9 12 0 1 20 7 43 32 43 32 28 5 8 28 20 34 4 22 5 2 0 5 26 9 32 34 34 32 32
split_gain=132.93 170.498 115.569 99.6831 100.106 96.3977 94.1128 89.4148 115.718 86.4413 149.536 84.1104 82.9594 91.7121 78.1888 73.9562 92.2873 114.535 69.8559 69.7099 67.3238 66.8071 69.6246 93.4673 70.9865 67.9698 63.8458 63.0654 61.4629 60.9774
threshold=-0.19705948594154177 0.012632746540956504 0.42142857142857165 -0.037910352647424921 0.18545698842135741 1.8475307813783435 -0.07967926579109684 3.5000000000000004 10.500000000000002 5.5000000000000009 7.5000000000000009 -0.14396762325818688 -0.06681025307666337 0.083333333333333384 0.13846833251164212 0.24579109467070892 5.8798344086697965 -0.16157870912770092 0.26709991826566665 -0.28866323024054957 -0.10864965961779698 0.083333333333333717 -0.045454545454544464 0.75032808398950146 0.035815204984180234 4.5000000000000009 4.297965215976812 3.2352410579795579 8.5000000000000018 4.5000000000000009
decision_type=10 8 10 10 10 10 10 2 2 2 2 8 8 10 10 10 2 10 8 8 8 10 10 10 10 2 2 2 2 2
left_child=1 12 5 20 6 -2 7 15 9 27 14 -4 13 -1 -11 16 18 -18 -5 -17 -3 22 23 -13 -25 -26 28 -9 -7 -8
right_child=2 3 11 4 -6 26 29 8 -10 10 -12 21 -14 -15 -16 19 17 -19 -20 -21 -22 -23 -24 24 25 -27 -28 -29 -30 -31
leaf_value=-0.0044132091402832811 0.0055897240514607279 0.022022771940858471 0.022554257987855028 0.010925844713608263 0.045355917876702512 0.032164939744146685 -0.0031314005427151475 -0.0037811865765447331 0.0042368436469464275 0.0048627798540320684 0.041997581509180676 0.0052277107075570962 -0.012132735802338618 0.026202886417759388 -0.038850867951459728 0.011835496601022448 0.12545439938476413 -0.00066404725941331762 -0.017446419580273161 -0.00022613102792676333 0.0041655148915428512 0.01083879774818082 -0.0012347171556868614 -0.01049261640451936 0.019562290419982128 -0.0025497496055362548 -0.030031922943679602 -0.011091480399520719 0.0019068951853133476 0.0051780605769245836
leaf_weight=2600.1834219358861 4657.6305929385126 702.17620372772217 450.00545664876699 258.0567787066102 115.9277196675539 757.62040068954229 3043.8117299452424 4889.8670838847756 2689.5541536659002 450.6648795902729 237.6398149728775 11773.935013704002 5172.8981342762709 270.00624997913837 132.33118972182274 1276.5137121379375 27.181349381804466 53.30686504393816 1361.8563107699156 19452.587145484984 2125.5339292287827 1600.3772391527891 24558.339824832976 1936.4103795215487 473.87077674269676 1303.5588813573122 54.745415654033422 7437.843858897686 215.58865273371339 8038.5625661537051
leaf_count=15089 23612 3005 2056 1128 487 3920 16838 22993 11415 1993 1047 55959 38755 1397 556 5362 139 266 7402 93198 9613 6751 116601 8571 2036 5445 436 35521 1108 36644
internal_value=-1.2826e-05 -0.001573 0.00195728 -0.000530619 -0.00105256 0.00864831 -0.00116158 -0.00233662 -0.00521284 -0.00714581 0.00856726 0.00105358 -0.00835023 -0.00153307 -0.00505955 -0.000305672 -0.0103302 0.0419269 -0.0129266 0.000516633 0.00859982 0.000821258 0.000420924 0.00304621 -0.00386978 0.00334542 0.0225066 -0.0081918 0.0254621 0.00289584
internal_weight=108119 60336.5 47782.1 52293.4 49465.7 5685.59 49349.8 38267.4 15837.9 13148.3 820.636 42096.5 8043.09 2870.19 582.996 22429.5 1700.4 80.4882 1619.91 20729.1 2827.71 41646.5 40046.1 15487.8 3713.84 1777.43 1027.95 12327.7 973.209 11082.4
internal_count=529343 302848 226495 247607 234989 29076 234502 181020 73525 62110 3596 197419 55241 16486 2549 107495 8935 405 8530 98560 12618 195363 188612 72011 16052 7481 5464 58514 5028 53482
is_linear=0
shrinkage=0.05


Tree=68
num_leaves=31
num_cat=0
split_feature=35 35 10 7 7 19 37 28 28 34 34 43 25 13 7 7 13 28 29 43 11 8 9 34 26 8 9 20 37 11
split_gain=142.717 176.085 122.936 113.242 105.25 97.3185 85.7263 82.8731 81.4936 119.865 80.7986 71.5699 66.6637 65.748 64.8089 62.0768 97.397 61.2707 61.0789 61.0773 89.7189 55.6316 54.7555 74.6207 57.7308 54.3416 69.2053 58.2425 50.3267 49.9592
threshold=-0.005266237565832387 0.017501902587502397 0.0068950178676517046 -0.35017442779175623 -0.48775489804078365 -0.13744673279807254 0.0018253738025767465 -0.10355532168247374 0.04811236256531011 4.5266678115830095 2.9365093858589595 3.5000000000000004 0.76233225979602792 0.0073097302046208441 -0.22802520392979805 -0.12380952380952386 0.0040440288459698001 -0.031567977183154343 -0.020068679168478303 3.5000000000000004 1.1605700187006029 0.003026998490037847 0.013565297708576445 2.9150606983496101 0.59940205927567847 0.11428984788359788 0.012010234049177289 0.035457837902581869 -0.024137036075803971 0.25063746158906514
decision_type=10 10 8 8 8 10 10 8 10 2 2 2 10 8 8 10 10 10 8 2 10 10 10 2 10 10 10 8 10 8
left_child=7 2 8 -3 17 6 15 14 -2 -10 11 -7 -13 -5 -1 19 -17 -4 -9 20 25 -21 23 -18 -25 27 -27 -6 -24 -23
right_child=1 3 4 13 5 10 -8 18 9 -11 -12 12 -14 -15 -16 16 22 -19 -20 21 -22 29 28 24 -26 26 -28 -29 -30 -31
leaf_value=0.025108176448476651 -0.033921584667230727 0.024637679022392431 -0.0023378613951825413 0.04392225123511842 -0.031935628135588257 -0.0013036949855352925 0.00051961968927347816 0.0060550405442174673 0.10642041418700006 -0.014912541349368725 -0.00091831903511900906 0.013194803452167539 -0.00088290160492650272 0.0027024053674942457 0.0045336618914505709 -0.027653661978134986 0.0067245612104652117 -0.048363725727359003 0.00026743891357436351 -0.017943979873084808 -0.0091583434233537056 0.036157753188102 -0.0099837406084540906 -0.016389544654142336 0.082362555353916303 0.043783371984926628 0.0065410042029797836 0.00017830908473358983 -0.0011617517827760308 -0.0054889477640087106
leaf_weight=771.30358819663525 473.64248268678784 627.80856923758984 116.14660921692848 97.366124760359526 143.5247390717268 2556.2804306522012 11028.122424457222 8092.2976281307638 26.444791298359632 88.394877783954144 23159.72167923674 3043.3427868969738 1162.0378545224667 15063.583339571953 759.78307303786278 579.06576683744788 433.51676993444562 191.57654087245464 10439.491964947432 961.76979927718639 2652.1529296860099 72.914228387176991 2473.378193937242 2425.3896000348032 14.890636213123797 137.30520845204592 1363.0524193197489 8665.8556414321065 4666.9438067227602 5807.7897712141275
leaf_count=3376 7154 2649 488 440 926 12192 52356 38493 248 842 111154 13755 5058 68870 3905 5653 2556 797 51353 4487 12191 382 13058 16621 111 725 6101 43001 23621 27054
internal_value=-8.72566e-05 -0.000954581 -0.00199999 0.00382881 -0.00181307 -0.00168722 -0.00325663 0.0037184 -0.0247597 0.0130275 0.000485597 0.00529422 0.00930483 0.00296713 0.0148983 -0.00462664 -0.0077161 -0.0309918 0.00279472 -0.00297412 -0.000956671 -0.00679582 -0.00656321 -0.0123911 -0.015787 0.00115319 0.00994924 -0.0003449 -0.00421765 -0.00497257
internal_weight=108095 88032 72243.3 15788.8 71654.8 71347.1 41425.7 20062.9 588.482 114.84 29921.4 6761.66 4205.38 15160.9 1531.09 30397.5 10593.2 307.723 18531.8 19804.4 12961.9 6842.47 10014.1 2873.8 2440.28 10309.7 1500.36 8809.38 7140.32 5880.7
internal_count=529617 432490 360531 71959 352287 351002 208843 97127 8244 1090 142159 31005 18813 69310 7281 156487 61620 1285 89846 94867 62944 31923 55967 19288 16732 50753 6826 43927 36679 27436
is_linear=0
shrinkage=0.05


Tree=69
num_leaves=31
num_cat=0
split_feature=10 35 35 0 7 4 13 20 32 32 7 9 32 32 32 12 34 13 34 13 43 8 1 8 26 9 34 37 10 34
split_gain=131.501 122.802 158.399 110.258 99.4759 98.892 90.2093 90.2127 84.0116 89.8258 68.444 66.2784 64.9587 96.2897 96.1593 104.238 111.721 65.6133 67.1795 61.1077 61.0933 80.4256 59.774 56.824 56.0547 58.0452 55.828 70.24 68.7344 54.5031
threshold=0.0058472312343030479 -0.0054945054945200736 0.017501902587502397 0.001111111111111174 -0.35912860726311263 -0.10480322314571731 0.027420214061485499 0.38686909994611623 7.5000000000000009 6.5000000000000009 -0.037809592744554581 0.004863230529440714 10.500000000000002 8.5000000000000018 5.5000000000000009 0.16428571428571451 4.1247117720770987 1.0000000180025095e-35 2.8478079206112956 5.8980598183211455e-18 1.0000000180025095e-35 0.056486525698988162 0.23074201099678984 0.17391304347826089 0.46864077551666611 0.021404964957748625 4.6106549925823854 -0.036107106734526377 0.036157330538969863 3.9636657876454908
decision_type=8 10 10 10 8 8 8 8 2 2 10 8 2 2 2 10 2 10 2 10 2 10 8 10 8 8 2 10 10 2
left_child=-1 5 3 6 -4 -2 7 8 9 26 -5 29 13 14 20 16 -16 -14 -19 -11 21 -9 -6 -18 -20 -26 27 -3 -28 -7
right_child=1 2 4 10 22 11 -8 12 -10 19 -12 -13 17 -15 15 -17 23 18 24 -21 -22 -23 -24 -25 25 -27 28 -29 -30 -31
leaf_value=-0.025984688985547202 0.011308736310100292 -0.029752038652400462 0.024656212794113425 -0.00076974648800665893 0.0025037246957668366 0.091555569933313707 -0.0015513149278523256 0.020391327548404017 -0.026032972011964917 0.046172116588957451 0.0049060865835959255 0.0017679586055176725 -0.036300255513947492 -0.015825753346658693 0.036164142030632639 -0.0013213229934178957 0.0016878380197526848 0.021317644411474258 0.0047712329028861593 -0.0061708886268863191 -0.010634344055711405 -0.020903748226010974 0.022917708517401436 -0.084984522655704609 -0.035635525881083895 -0.00026918232269461964 -0.021069931094401806 0.00095758890985504557 -0.08703500187558906 -0.016248774260292805
leaf_weight=488.83010915666819 3419.660642914474 250.38244242966175 549.32478325068951 21462.031069297343 14820.455318879336 36.830964840948582 26690.020824879408 366.98598876595497 1019.1084433607757 119.6619459092617 7058.2887795232236 16169.594346236438 104.85715325176716 2156.4131087362766 362.89880532026291 4048.1142924204469 55.750651672482491 460.70941280573606 1561.5954940095544 104.41354175657034 4644.4212941750884 173.71984984725714 367.48004315793514 28.618214681744576 196.66710928454995 282.9164119809866 235.08568212762475 726.35647141560912 47.462731570005417 17.199406281113625
leaf_count=7080 15528 1214 2325 103975 67715 307 122934 1664 7792 552 33286 78635 963 13189 1869 19304 256 2096 8246 497 29251 927 1624 143 1086 1249 1457 3946 203 150
internal_value=-0.000110243 7.37471e-06 -0.000791396 -0.00178267 0.00375367 0.00358147 -0.00336279 -0.00621586 -0.0149803 -0.00738678 0.000634925 0.00195269 -0.00469736 -0.00627091 -0.00414249 0.00120947 0.0241151 0.00244793 0.00407192 0.0217816 -0.00878251 0.0071239 0.00299765 -0.0277117 0.000179428 -0.0147722 -0.012577 -0.00691468 -0.0321508 0.0572384
internal_weight=108026 107537 87893.7 72156.5 15737.3 19643.3 43636.2 16946.1 2502.47 1483.36 28520.3 16223.6 14443.7 11836.9 9680.51 4495.38 447.268 2606.75 2501.89 224.075 5185.13 540.706 15187.9 84.3689 2041.18 479.584 1259.29 976.739 282.548 54.0304
internal_count=529463 522383 427763 356099 71664 94620 218838 95904 15661 7869 137261 79092 80243 66603 53414 21572 2268 13640 12677 1049 31842 2591 69339 399 10581 2335 6820 5160 1660 457
is_linear=0
shrinkage=0.05


Tree=70
num_leaves=31
num_cat=0
split_feature=10 25 33 33 33 33 43 28 33 43 32 12 33 33 34 32 34 4 28 34 7 43 32 43 32 33 33 32 43 43
split_gain=120.872 147.028 117.7 423.907 287.664 269.066 260.703 318.303 245.229 243.619 206.755 216.111 204.332 360.672 230.112 216.481 217.149 207.66 189.977 256.002 186.849 174.059 157.078 269.991 154.456 154.385 443.95 197.253 144.392 137.643
threshold=0.01149028686932321 0.55473075333976041 1360.5000000000002 1597.5000000000002 535.50000000000011 629.50000000000011 3.5000000000000004 0.10158477345046087 727.50000000000011 3.5000000000000004 10.500000000000002 3.2428571428571469 909.50000000000011 1016.5000000000001 2.3174615627189699 10.500000000000002 2.9258425522898488 0.13815789473684228 0.031515629693269612 4.9239874213029351 -0.14818057701645884 2.5000000000000004 8.5000000000000018 5.5000000000000009 4.5000000000000009 2045.5000000000002 2283.5000000000005 11.500000000000002 4.5000000000000009 1.5000000000000002
decision_type=8 10 2 2 2 2 2 10 2 2 2 10 2 2 2 2 2 10 8 2 10 2 2 2 2 2 2 2 2 2
left_child=1 -1 4 10 18 -6 20 22 9 -7 -4 21 14 17 -10 16 -15 -14 -2 -20 29 -12 24 25 -8 -24 27 -27 -19 -5
right_child=2 -3 3 6 5 8 7 -9 12 -11 11 -13 13 15 -16 -17 -18 28 19 -21 -22 -23 23 -25 -26 26 -28 -29 -30 -31
leaf_value=-0.00075908216497906243 0.0072934634871545077 -0.020089222253517922 0.0084421204355802689 -0.0047014192810159866 -0.018918798150996494 -0.0065674046998204427 -0.0088040794101768606 0.0068230928936688822 0.035354390450980919 0.020493663059868068 -0.014839815887110348 -0.0068835989554890597 0.01562356302108861 -0.022140648401643502 -0.016080023087785028 0.0073120520071527769 -0.0048917474911701845 0.0074296058775977268 -0.007035350787231727 0.017165973281793586 -0.00087258699618594131 0.04291740095685595 -0.027455167132485209 0.10548340385005539 0.0013457467753159682 -0.0028893693967393659 -0.017352988345651448 0.0451208143668946 -0.049601416802256812 0.009776134935910695
leaf_weight=2520.4530496411026 11238.574406929314 1613.4333934895694 5290.7655057907104 1898.3168298453093 3049.1598244905472 1424.498825751245 6989.1609371677041 6242.9345517233014 227.49799985438585 1998.5243114382029 145.44599051773548 351.03377850353718 3249.894480034709 2734.8724322319031 4926.3352434486151 2112.8333465903997 5482.1975513845682 223.95456673204899 6391.5983771532774 1318.0433024466038 11045.960903134197 1264.6366906166077 1561.2861702442169 47.636097520589828 8083.1994268149137 397.33433777093887 3303.3782493509352 463.52255702018738 220.01662397384644 12146.30836692825
leaf_count=20310 52065 15386 24018 8403 14954 6373 37281 27728 1087 8290 634 1463 14450 13679 25657 9157 27624 924 29161 5807 59053 5585 7729 206 35930 1952 16201 2041 900 55523
internal_value=8.09386e-05 -0.00830353 0.000414761 0.00187553 -0.0015253 -0.00497672 0.000320511 -0.00308089 -0.00309572 0.00923214 0.0133816 0.0282208 -0.00529613 -0.00216736 -0.0138096 -0.00696233 -0.0106327 0.0112418 0.00314681 -0.00289788 0.00399276 0.0369599 -0.006047 -0.01306 -0.0033608 -0.0140463 -0.00901895 0.0229614 -0.020833 0.0078193
internal_weight=107963 4133.89 103829 59230.9 44598 25649.8 52179 27088.5 22600.6 3423.02 7051.88 1761.12 19177.6 14023.8 5153.83 10329.9 8217.07 3693.87 18948.2 7709.64 25090.6 1410.08 20845.5 5773.16 15072.4 5725.52 4164.24 860.857 443.971 14044.6
internal_count=529571 35696 493875 283747 210128 123095 252047 129068 108141 14663 31700 7682 93478 66734 26744 50460 41303 16274 87033 34968 122979 6219 101340 28129 73211 27923 20194 3993 1824 63926
is_linear=0
shrinkage=0.05


Tree=71
num_leaves=31
num_cat=0
split_feature=10 3 0 14 5 38 26 10 11 10 38 43 13 13 11 35 12 11 29 20 43 34 26 9 34 25 13 12 43 34
split_gain=113.976 103.641 116.907 97.7979 94.9813 168.754 111.951 162.909 122.476 86.1886 88.6244 73.885 69.115 68.9601 94.1759 72.3547 69.3939 64.8344 62.3755 59.7992 59.3408 102.038 106.827 57.4485 57.0012 56.5196 77.8912 63.6967 89.3003 68.6609
threshold=0.0058472312343030479 -0.11874999999999995 0.072529516876174163 1.0000000180025095e-35 -0.064045593297394163 0.002197040704635556 0.66490063436815816 0.031727526615837991 1.5595291294033766 0.033124304888151698 -0.040375741378382173 1.5000000000000002 0.010689479558562238 0.0073097302046208441 0.37014327620638726 -0.0066225165563406621 0.22857142857142862 0.25063746158906514 -0.061071677405402251 2.5175269844615902 1.5000000000000002 5.8798344086697965 0.41343467984529442 0.023310759269913894 4.7233974686750333 0.40066782616451496 0.044425972995225688 1.257142857142858 1.5000000000000002 3.630984598539754
decision_type=8 8 8 8 8 10 10 10 10 8 8 2 8 10 10 10 8 10 10 10 2 2 10 8 2 10 10 10 2 2
left_child=18 3 4 -2 6 9 8 11 19 13 17 -8 -4 15 -15 16 -6 24 -1 -3 21 -12 -23 -5 -11 26 27 28 -7 -30
right_child=1 2 12 23 5 25 7 -9 -10 10 20 -13 -14 14 -16 -17 -18 -19 -20 -21 -22 22 -24 -25 -26 -27 -28 -29 29 -31
leaf_value=0.01095814719420248 0.01246629866867948 0.0029662289746310443 0.063047283064975049 0.048618674065732864 0.13056834992892377 -0.044525557041985867 0.010783487950352796 0.0045638941280176622 0.056137670030089008 0.029229474930045574 -0.015659287877995098 -0.0096113084360608149 0.0086316187865707571 0.029426014777909123 -0.0061481888236984139 -0.022168990284203167 -0.0020407824409815049 0.0032031820794199747 -0.033629031651489602 0.025248709408156295 1.2082958034544563e-05 0.091943974682792085 -0.032490083815709038 -0.0023345608909172816 -0.028840917403098333 -0.00034998612742898001 -0.0055415640489036924 0.013586536788756116 0.0071499671800747322 -0.021381654492537483
leaf_weight=99.047075264155865 3218.4273937419057 23892.911302674562 59.592712044715881 56.730063915252686 15.048278909176586 98.837413839995861 482.23595710843801 4477.6130327582359 109.95190586894751 419.39688339829445 1456.388474278152 5611.9232680983841 2805.3237415924668 188.00993381440639 17766.952331729233 953.34570394083858 28.643749549984932 2724.0432365089655 377.00545438751578 304.94104379788041 2240.8914633616805 45.527050837874413 27.768153205513954 2224.2037293612957 46.993602484464645 32138.003371518105 1381.5352917015553 2433.4682620093226 1949.2960773669183 236.43720477819443
leaf_count=952 14174 115479 257 236 140 508 2168 18781 484 1844 8472 25397 12033 1092 100074 9001 189 11682 6145 1609 9761 232 137 9551 208 150637 6063 11778 9235 1260
internal_value=5.88726e-05 0.000167081 -0.000193767 0.00685306 -0.000481828 -0.00162363 0.00161818 -0.00267717 0.00348627 -0.0047388 1.92267e-05 -0.00799745 0.00976351 -0.00648641 -0.00577568 -0.0192855 0.0436321 0.00615246 -0.0243523 0.00324703 -0.00517035 -0.0127623 0.0448017 -0.00106728 0.0233783 0.000487475 0.00489997 0.00795746 0.0019615 0.00406362
internal_weight=107870 107394 101895 5499.36 99030.2 64150.6 34879.6 10571.8 24307.8 25913 6961.01 6094.16 2864.92 18952 17955 997.038 43.692 3190.43 476.053 24197.9 3770.58 1529.68 73.2952 2280.93 466.39 38237.6 6099.57 4718.04 2284.57 2185.73
internal_count=529579 522482 498521 23961 486231 322313 163918 46346 117572 142832 32336 27565 12290 110496 101166 9330 329 13734 7097 117088 18602 8841 369 9787 2052 179481 28844 22781 11003 10495
is_linear=0
shrinkage=0.05


Tree=72
num_leaves=31
num_cat=0
split_feature=20 10 32 32 33 33 33 33 33 33 33 33 32 28 33 33 12 33 33 33 12 28 33 33 10 34 28 28 32 12
split_gain=115.658 123.503 96.5783 133.885 332.756 425.425 352.26 298.734 571.304 266.732 241.484 250.736 307.694 220.975 215.274 616.223 281.643 201.801 746.41 236.73 229.142 198.171 185.382 334.197 268.384 213.342 183.534 161.554 158.588 156.126
threshold=0.065873700495458432 0.034836102297683476 3.5000000000000004 8.5000000000000018 2530.5000000000005 3264.5000000000005 254.50000000000003 654.50000000000011 1016.5000000000001 549.50000000000011 1347.5000000000002 2432.5000000000005 5.5000000000000009 0.014613536614048107 1555.5000000000002 1484.5000000000002 3.1928571428571453 2206.5000000000005 2297.5000000000005 2235.5000000000005 10.814285714285718 0.069709321408228761 744.50000000000011 1129.5000000000002 0.022076824473465019 2.6706884280042424 -0.079809718420385548 -0.047805776953569655 6.5000000000000009 2.9714285714285738
decision_type=8 10 2 2 2 2 2 2 2 2 2 2 2 10 2 2 10 2 2 2 10 10 2 2 8 2 10 10 2 10
left_child=-1 2 -2 4 6 -6 -4 9 21 -8 -10 12 -12 -14 15 22 -17 29 19 20 -19 -9 24 -24 25 -5 -7 -13 -15 -16
right_child=1 -3 3 14 5 26 7 8 10 -11 11 27 13 28 17 16 -18 18 -20 -21 -22 -23 23 -25 -26 -27 -28 -29 -30 -31
leaf_value=-0.01823340503652502 -0.0037006114808154789 0.0038870682267867318 0.016993908256984332 0.068336596576248299 0.021464125837230782 0.043342905993517165 -0.0014213328139898044 0.021415745819062099 -0.015072408583789484 -0.023836944408952239 -0.0081344569984311121 0.0066079302679387308 0.017756022556158921 0.019931955568882651 -0.020485493465687933 0.040334309944021707 -0.012259315429167455 -0.0029256037169021368 -0.0082901347439977013 0.04563261812942767 0.11117883134329308 -0.0085790173910936154 -0.017533436474049511 0.0042052882818485278 -0.0016579026069875526 0.014239978902195416 -0.0049540946370780223 -0.028246300516634383 -0.0042353097010359303 0.0025490334424795053
leaf_weight=864.1016926728189 19935.611571650952 18182.76508231461 2717.9263477325439 203.1638180539012 4500.5690052844584 209.64090929925442 2679.9262782856822 3690.9113364517689 3503.4889164306223 2629.0857554487884 4585.0077707134187 459.6191271841526 3395.3306679129601 849.7156026288867 3433.7342545129359 1363.1532871536911 312.99712343513966 579.59302288293839 8963.4068522267044 913.14805089682341 47.613115690648556 647.2319602817297 3752.8272295333445 3342.7398339956999 5551.205126658082 1770.8180624507368 3187.9811194613576 1201.7640101164579 3375.1723607704043 936.19232606887817
leaf_count=6018 115833 77293 11549 854 20518 902 11572 16087 16466 12625 23289 2245 15153 3790 17585 6235 1498 2836 48745 4072 261 2694 19404 15658 26234 7905 16180 6117 14780 5132
internal_value=-1.4255e-05 0.000132985 -0.000636228 0.000251662 0.00225897 0.0113816 -0.000164146 -0.00189024 0.000709838 -0.0125218 -0.00334377 -0.000380457 0.00210013 0.00825818 -0.00217184 0.0017978 0.0305132 -0.00652131 -0.00276478 0.0293876 0.00573641 0.0169407 -0.00149419 -0.00729227 0.00397287 0.0198076 -0.00197406 -0.0186039 0.000625246 -0.0155507
internal_weight=107786 106922 88739.6 68804 37633.4 7898.19 29735.2 27017.3 21708.2 5309.01 17370.1 13866.6 12205.2 7620.22 31170.6 16296.9 1676.15 14873.7 10503.8 1540.35 627.206 4338.14 14620.8 7095.57 7525.19 1973.98 3397.62 1661.38 4224.89 4369.93
internal_count=529530 523512 446219 330386 173967 37600 136367 124818 100621 24197 81840 65374 57012 33723 156419 77788 7733 78631 55914 7169 3097 18781 70055 35062 34993 8759 17082 8362 18570 22717
is_linear=0
shrinkage=0.05


Tree=73
num_leaves=31
num_cat=0
split_feature=10 37 43 11 0 35 32 32 13 32 11 8 17 13 25 10 32 43 10 28 28 26 38 1 32 28 8 5 32 13
split_gain=117.061 106.949 99.5525 141.939 94.8959 93.1886 76.429 100.548 154.72 120.085 144.033 106.269 85.6564 79.1227 73.0767 71.0991 67.9335 94.6533 76.6587 85.9877 66.4019 66.2193 65.1064 64.7019 60.6408 60.4355 79.8085 71.9268 71.7908 57.6053
threshold=0.0058472312343030479 -0.073299999774325372 3.5000000000000004 1.1319235020101672 0.0056085053277052941 -0.003609541834043994 11.500000000000002 8.5000000000000018 0.012779759083369072 4.5000000000000009 0.37014327620638726 0.21622422185218396 2.5000000000000004 1.0000000180025095e-35 0.54680005256587172 0.040603276923862668 10.500000000000002 1.5000000000000002 0.047695300391632299 0.018770367552930056 -0.0042144128637929901 0.045588375375609426 -0.031932567764024138 -0.029891304347826383 3.5000000000000004 -0.025169286208653833 0.025079067110721057 -0.083875034374452803 1.5000000000000002 1.0000000180025095e-35
decision_type=8 8 2 8 8 10 2 2 8 2 8 10 8 10 8 8 2 2 8 10 10 10 10 10 2 10 10 10 2 8
left_child=-1 2 3 -2 5 24 7 9 12 25 11 21 -9 -8 22 -13 -10 20 19 -19 -18 -11 -15 -5 -3 27 -27 -7 -28 -6
right_child=1 4 -4 23 29 6 13 8 16 10 -12 15 -14 14 -16 -17 17 18 -20 -21 -22 -23 -24 -25 -26 26 28 -29 -30 -31
leaf_value=-0.025020145860699075 0.013222365137383446 -0.0039998222403013275 -0.0038824012932500334 0.0054950744457191343 0.062231193225339557 0.0065963366100845917 -0.032329433476766214 -0.027517359043641377 -0.0081788320395274998 -0.011047141708652194 8.8130824821014954e-05 -0.058527322364049041 0.10674247996812099 0.0031873807074300183 -0.0026470369124627444 0.035486886530926909 -0.028056410194185796 0.0064663494543656863 0.035353292495913811 -0.011089190640986409 0.049165536369375734 0.038209861940929533 0.019406666757525087 -0.009167714894454294 0.0033849762352036947 -0.017774954065143737 4.8263959450718549e-05 -0.0062647452675810913 -0.0098655908436770107 0.0016298592606831274
leaf_weight=466.83042052388191 4662.5809313505888 3587.0441833585501 2432.6910270750523 1815.2149102166295 39.259404271841049 1967.2210595868528 149.84191318973899 994.77887239307165 7725.7799981832504 78.934842132031918 16023.474700462073 59.678135886788368 12.023344770073889 1423.2162723205984 1954.3779029808939 30.331151060760021 387.64446381479502 2235.0630049780011 170.80716744065285 1013.9267269819975 29.991883218288422 503.22443914413452 1094.5893352366984 1284.9221240580082 12353.982447545975 1603.5152613185346 3280.1854372136295 2429.9353464692831 4119.3782965950668 33722.354697812349
leaf_count=7099 20541 20904 10747 8268 175 10065 1341 8913 39674 380 72503 288 60 6329 8797 137 1999 10360 708 4562 153 2633 5087 5852 58429 10282 15677 15399 24092 158260
internal_value=-3.6719e-05 7.20921e-05 0.00494346 0.00770932 -0.000439974 -0.00158281 -0.0026973 -0.0033589 -0.00711469 -0.00179024 0.0010393 0.0237138 -0.025914 0.00340999 0.00460745 -0.0268466 -0.00547785 -4.0047e-05 0.00270416 0.000987714 -0.0225108 0.0315311 0.0102385 -0.000582251 0.00172325 -0.00531563 -0.00766229 -0.000510892 -0.00547083 0.00170033
internal_weight=107653 107186 10195.4 7762.72 96990.6 63228.9 47287.9 42665.9 12570 30095.9 16695.6 672.169 1006.8 4622.03 4472.18 90.0093 11563.2 3837.43 3419.8 3248.99 417.636 582.159 2517.81 3100.14 15941 13400.2 9003.08 4397.16 7399.56 33761.6
internal_count=529714 522615 45408 34661 477207 318772 239439 217885 66429 151456 75941 3438 8973 21554 20213 425 57456 17782 15630 14922 2152 3013 11416 14120 79333 75515 50051 25464 39769 158435
is_linear=0
shrinkage=0.05


Tree=74
num_leaves=31
num_cat=0
split_feature=5 8 26 10 11 43 43 37 7 13 12 13 5 38 43 28 26 38 25 8 8 10 25 43 28 10 25 9 3 43
split_gain=115.436 157.874 102.676 155.195 106.004 102.253 96.7257 136.518 97.4494 94.5689 85.8375 87.8005 108.626 94.099 80.5684 80.1299 85.57 79.737 79.4248 82.4461 76.1811 82.5278 75.9752 72.8459 97.8375 68.8628 65.7932 73.1256 77.4996 65.7875
threshold=-0.071428571428570439 0.066133407064985286 0.7229107512853965 0.031727526615837991 1.5595291294033766 1.5000000000000002 1.5000000000000002 -0.071577739985518571 -0.063045760461063347 0.0059071729957804022 1.8500000000000008 0.030977109723050632 0.12350397754098942 -0.027671114444738239 5.5000000000000009 0.05438898408056022 0.24857949959644879 -0.18554338638974885 0.63324160246766115 0.46250000000000008 0.18657699526320495 0.050108047327169551 0.50157234259268424 4.5000000000000009 0.10820170789211635 0.029394392390527681 0.14521000045210006 0.037746572419509801 -0.090579710144927703 3.5000000000000004
decision_type=8 8 10 10 10 2 2 10 8 10 10 8 8 8 2 10 10 10 10 8 10 10 10 2 10 8 10 10 10 2
left_child=2 9 4 5 17 -4 10 29 -9 22 11 12 -3 -14 18 -12 -17 -1 23 -20 21 -5 -2 -10 -25 -11 -19 28 -28 -8
right_child=1 6 3 20 -6 -7 7 8 14 25 15 -13 13 -15 -16 16 -18 26 19 -21 -22 -23 -24 24 -26 -27 27 -29 -30 -31
leaf_value=0.017208118801510294 -0.0056706410827543352 -0.020670603954390972 0.013870365579998573 0.0061554880818657908 0.043699207210465378 -0.010623912631245427 0.019262194919887572 -0.0020973278682341191 0.0075735553284818589 -0.0056799072653271688 -0.0053814726440596407 -0.018523647214426949 0.044632134168465988 -0.00032922199625149854 -0.0075791456162878973 0.046906943519558514 0.0053847146188363941 -0.0020830345402001117 -0.00060794191131593783 0.0077229014404350763 -0.0059422879952085658 0.037757667155680665 -0.032065147404743026 0.093678284587874056 0.0057523643586569282 0.0045686797931367247 0.017015102938027798 -0.016636312709768262 0.0039837878880210681 0.003859868922911236
leaf_weight=1042.4872625470161 514.74985522776842 350.25267961621284 470.77672474086285 3296.1226193755865 166.29666464775801 4487.1288493573666 1394.8007027283311 23275.803854972124 5514.9285535737872 13541.888775579631 1881.8041035830975 1872.1635578051209 179.53328093886375 330.77734544873238 1830.4867948293686 155.43820158392191 615.03495002537966 4936.7310440763831 11643.119376856834 3986.7384118139744 1322.1818878501654 220.4025554805994 579.64618947356939 58.091343231499195 69.477715857326984 1864.7724819928408 1214.1471791677177 407.03978209197521 18922.600775528699 1378.4297010079026
leaf_count=4582 5314 1866 2144 13813 741 20054 6062 109660 26596 82159 9340 9763 775 1820 8230 663 2642 22494 54909 17054 5555 916 8178 286 323 8135 5472 1703 92144 6113
internal_value=1.09963e-05 -0.00116311 0.00229697 -0.00208099 0.00390395 -0.00829806 0.000133448 0.000830426 0.000186066 -0.00544829 -0.00622825 -0.0124473 0.000771727 0.0154887 0.00248656 0.000179484 0.0137616 0.00365444 0.00335271 0.00151702 0.00428923 0.00813619 -0.0196505 0.00843761 0.0457913 -0.00443945 0.00309992 0.00434539 0.00476951 0.0116065
internal_weight=107524 71037.9 36485.9 9796.61 26689.3 4957.91 54536.9 49151.9 46378.6 16501.1 5385 2732.73 860.563 510.311 23102.8 2652.28 770.473 26523 21272.4 15629.9 4838.71 3516.53 1094.4 5642.5 127.569 15406.7 25480.5 20543.8 20136.7 2773.23
internal_count=529506 359888 169618 42482 127136 22198 256102 229233 217058 103786 26869 14224 4461 2595 107398 12645 3305 126395 99168 71963 20284 14729 13492 27205 609 90294 121813 99319 97616 12175
is_linear=0
shrinkage=0.05


Tree=75
num_leaves=31
num_cat=0
split_feature=35 35 13 32 32 32 34 12 38 38 32 12 43 32 34 13 38 34 3 8 29 26 9 32 32 9 43 8 28 11
split_gain=106.416 130.669 85.7819 208.147 179.541 101.578 142.721 95.7595 90.2365 182.277 84.4467 97.0357 116.675 87.378 143.561 105.001 82.3273 82.0183 79.6773 79.4702 76.2287 73.3134 233.621 69.6682 99.0641 113.805 95.002 123.643 94.4088 86.0495
threshold=-0.0059055118110317153 0.017501902587502397 0.0017224911899351035 7.5000000000000009 6.5000000000000009 2.5000000000000004 4.5266678115830095 0.14285714285714296 -4.0689673852511981e-14 0.00073758778496857424 11.500000000000002 2.5714285714285725 2.5000000000000004 8.5000000000000018 4.0613043372021433 0.077685046189381587 -0.28752832966236114 3.4602518359021519 -0.092487833855012289 0.19787985865724381 -0.013639692821625105 0.47645518940560522 0.020062203995803839 4.5000000000000009 1.5000000000000002 0.01481845976756477 2.5000000000000004 0.015875587651349225 -0.01926995847833805 1.6677284513836346
decision_type=10 10 10 2 2 2 2 8 10 10 2 8 2 2 2 10 8 2 10 8 10 8 10 2 2 8 2 10 10 10
left_child=18 2 3 4 5 -2 8 -4 -7 -10 13 12 17 16 15 20 -9 -12 -1 -6 -15 -14 -23 24 26 -26 28 -28 -18 -25
right_child=1 -3 7 -5 19 6 -8 10 9 -11 11 -13 21 14 -16 -17 23 -19 -20 -21 -22 22 -24 29 25 -27 27 -29 -30 -31
leaf_value=0.011716037501879316 -0.037125113802427508 0.0034632359502126718 0.023467989182983817 -0.029635266353486695 0.042328164777308809 0.0049388769253063533 -0.037827174043082841 -0.036379984812386475 0.21114485908270356 0.011330893008724339 -0.011145512837588648 -0.0053877530305018323 0.021639604865206635 -0.0064149566236446215 -0.01098711949324311 0.021294732028315437 0.024620861207000178 0.011081099046811607 0.0021845331604653795 -0.017760761839976789 0.0016054624607207092 -0.058228316486178822 0.012086891380662939 0.0010494063377889458 -0.013735290021432473 -0.0027824729561757248 -0.031400056156105929 0.00072020166532545137 0.0015004137633729342 0.052224644528911214
leaf_weight=2534.3038275539875 252.65526005253196 15717.565863590688 389.69317932426929 913.00318378582597 297.06354157626629 580.19392214342952 199.39415803551674 161.5809697508812 16.476928263902664 37.141068428754807 1060.4765780009329 1963.3961047530174 1498.7749705091119 6268.051093518734 6274.0136456824839 477.25149868428707 817.49848574027419 681.96349313110113 16259.693696178496 67.533540934324265 5617.7022429816425 129.38134215772152 1358.1725435554981 23694.53174072504 3022.5831624977291 11012.742387153208 319.46395030990243 4819.8733283802867 960.05372075736523 82.428370468318462
leaf_count=11548 3374 71817 2310 9634 1526 2951 1351 682 167 164 4790 8744 6677 30355 33181 1999 3912 3206 79462 333 27133 598 5736 106970 22172 58742 1938 23224 4590 356
internal_value=5.21578e-05 -0.000672063 -0.00156276 -0.0109329 0.000839528 -0.00935387 -0.000932724 -0.00124912 0.0106741 0.0727342 -0.00138629 0.00395603 0.00783559 -0.00194906 -0.00482699 -0.00170083 -0.000754252 -0.00244637 0.00346982 0.031198 -0.00262417 0.0138348 0.00597116 -0.000625557 -0.00272767 -0.00514122 0.00216977 -0.00127641 0.0121335 0.00122682
internal_weight=107485 88690.7 72973.1 2363.46 1450.46 1085.86 833.206 70609.6 633.812 53.618 70219.9 6692.17 4728.77 63527.8 18637 12363 44890.8 1742.44 18794 364.597 11885.8 2986.33 1487.55 44729.2 20952.2 14035.3 6916.89 5139.34 1777.55 23777
internal_count=529642 438632 366815 19500 9866 8007 4633 347315 3282 331 345005 29751 21007 315254 92668 59487 222586 7996 91010 1859 57488 13011 6334 221904 114578 80914 33664 25162 8502 107326
is_linear=0
shrinkage=0.05


Tree=76
num_leaves=31
num_cat=0
split_feature=35 10 35 33 33 32 5 33 33 28 33 33 33 5 43 10 34 10 33 33 12 33 32 4 34 12 33 4 33 32
split_gain=104.159 101.314 90.6469 92.831 269.844 141.049 158.413 129.845 174.466 239.692 132.45 541.043 297.605 254.611 232.869 184.296 169.787 122.5 115.315 238.482 113.069 114.574 172.998 111.929 109.358 103.676 201.102 147.605 143.991 103.64
threshold=-0.010471204188520654 0.0068950178676517046 0.017501902587502397 3264.5000000000005 3093.5000000000005 9.5000000000000018 -0.039873267147833395 3012.5000000000005 2964.5000000000005 0.016696762167382372 2297.5000000000005 2235.5000000000005 2654.5000000000005 -0.044001796064986158 1.5000000000000002 0.025280177223499904 4.7770203542720848 0.020452091404716936 2696.5000000000005 2725.5000000000005 1.7214285714285726 2387.5000000000005 5.5000000000000009 -0.097902097902097571 3.7412339808651516 0.73571428571428643 3724.5000000000005 -0.0016330979254234321 3326.5000000000005 10.500000000000002
decision_type=10 8 10 2 2 2 10 2 2 10 2 2 2 10 2 8 2 10 2 2 10 2 2 10 2 10 2 10 2 2
left_child=-1 -2 3 4 7 6 24 8 10 -10 11 -3 17 14 -14 -15 -17 23 -16 -20 21 -19 -23 -12 -6 26 -5 -28 -27 -13
right_child=1 2 -4 25 5 -7 -8 -9 9 -11 12 29 13 15 18 16 -18 20 19 -21 -22 22 -24 -25 -26 28 27 -29 -30 -31
leaf_value=0.0043511522772358216 -0.020956719103171026 -0.00099596054680661664 0.0030317281726833165 -0.022869566332461705 0.056329072562575369 -0.042781011518810426 0.0098008682404892387 -0.0171358176343736 0.047635416505679519 -0.001082042374810397 0.009838016907750536 0.013389430623801414 -0.015570856923319651 -0.020883569873439173 0.049810136957163541 0.0093692093013512685 -0.035528929373900911 -0.020116481415674681 -0.04131390223084809 0.026425246059723226 -0.01704598232399095 0.028281598839851065 -0.0041658603323105328 -0.026066696204932967 0.015303544257706764 -0.021242916545718939 0.0867631986686275 -0.0068401429606102897 0.0002459821462468819 0.040935277234443873
leaf_weight=12145.401503272355 605.27670318260789 52195.403849910945 15722.977288093418 1549.7150159291923 356.96020280569792 105.8495986238122 2308.505080498755 1258.0917661562562 436.25316243991256 599.34267184138298 243.49716632068157 561.37414743751287 433.10391466319561 1221.9069717302918 379.87569072842598 1717.3735181540251 239.9916130900383 657.59388204663992 147.65589778870344 1082.4313136637211 2064.6880117729306 540.07333460450172 1716.0394781529903 1999.170798856765 298.07503355666995 928.93471819162369 75.095555115491152 95.904618933796883 4847.8252896852791 871.71438807994127
leaf_count=57519 9197 254669 71771 11152 1645 548 10563 6897 2043 2632 1199 2615 1894 6985 1734 7740 1069 3296 758 5513 9486 2407 7640 12243 1389 4866 534 905 24967 3832
internal_value=-9.53382e-06 -0.000565506 -0.000435114 -0.00112569 -0.000570184 0.013933 0.0159587 -0.00122133 -0.000922974 0.0194406 -0.00124215 -0.000163797 -0.00588962 0.003203 0.016975 -0.0056472 0.00386427 -0.0124655 0.0257304 0.018294 -0.00809453 -0.00175142 0.00360149 -0.0221684 0.0376603 -0.00641851 -0.0171916 0.0342662 -0.00320955 0.0301449
internal_weight=107406 95260.7 94655.4 78932.4 71435 3069.39 2963.54 68365.6 67107.5 1035.6 66071.9 53628.5 12443.4 5222.34 2043.07 3179.27 1957.37 7221.06 1609.96 1230.09 4978.39 2913.71 2256.11 2242.67 655.035 7497.48 1720.72 171 5776.76 1433.09
internal_count=529708 472189 462992 391221 348797 14145 13597 334652 327755 4675 323080 261116 61964 25693 9899 15794 8809 36271 8005 6271 22829 13343 10047 13442 3034 42424 12591 1439 29833 6447
is_linear=0
shrinkage=0.05


Tree=77
num_leaves=31
num_cat=0
split_feature=0 2 33 33 33 12 33 32 43 32 43 33 33 33 33 28 28 43 33 33 32 32 12 3 12 9 9 33 33 33
split_gain=95.4354 104.963 79.508 370.76 295.404 322.557 205.679 193.357 178.337 177.144 212.888 165.692 185.294 165.176 148.761 143.926 143.848 143.517 155.224 305.447 161.262 130.459 209.533 140.769 127.082 123.261 123.049 121.345 132.16 120.194
threshold=0.083333333333333717 -0.098767192497883891 1360.5000000000002 1569.5000000000002 1484.5000000000002 1.0285714285714296 1290.5000000000002 8.5000000000000018 3.5000000000000004 4.5000000000000009 2.5000000000000004 2387.5000000000005 2668.5000000000005 3059.5000000000005 2495.5000000000005 -0.12460432577144362 -0.014136813621146228 3.5000000000000004 2045.5000000000002 2577.5000000000005 11.500000000000002 10.500000000000002 0.34285714285714336 -0.0066836396786532073 8.9653571428571492 0.040422383867646301 0.020617024356200202 3176.5000000000005 3075.5000000000005 2015.5000000000002
decision_type=10 8 2 2 2 10 2 2 2 2 2 2 2 2 2 8 10 2 2 2 2 2 10 10 10 10 10 2 2 2
left_child=1 -1 6 4 -4 8 15 9 -6 10 11 29 14 -14 -13 -3 27 21 -19 20 -20 22 -9 -23 -22 -21 -12 28 -15 -5
right_child=-2 2 3 7 5 -7 -8 17 -10 -11 26 12 13 16 -16 -17 -18 18 19 25 24 23 -24 -25 -26 -27 -28 -29 -30 -31
leaf_value=0.0082585901062528274 0.010542159750933804 0.015353563874724991 0.0028554681444844395 0.0038837485172470592 -0.0057392176425583794 0.0075507523018501169 -0.017259052915674613 -0.039979597835065772 0.048873252720718741 0.0048653293710962256 -0.01478408387588049 0.0076489539036433329 -0.015232303012205409 0.0055940999252529142 0.048793605009539609 -0.0018567375976350474 -0.0058319406447848712 -0.02276142038770607 -0.0024425800798580618 -0.016248156742589684 0.04220559989227813 0.010912093238243242 -0.0041556782640203632 -0.0038341780796003564 -0.029337502657087719 0.0066458205072466485 -0.0027933129592732156 0.0062651907206804289 0.050693779095857074 -0.016557234739328911
leaf_weight=3557.8620549887419 2115.9647549167275 1253.5006158426404 3715.6080905348063 1767.657144960016 171.2564362026751 1382.2613295540214 2131.6717838793993 455.47844201698899 1175.8946138545871 18419.606305345893 3447.6626446507871 384.16698956489563 738.57377035915852 243.67002765089273 513.10423737764359 39339.77189604193 728.63942694664001 1858.0822501927614 594.99454402923584 3490.0922740772367 545.37916900962591 3131.1769972294569 3930.2692504413426 3349.7252197340131 70.042609259486198 707.03330415487289 5639.0253617689013 675.66635368391871 487.27566139027476 1212.3952685631812
leaf_count=15433 9009 6023 17188 10977 880 6329 10229 3409 5416 85525 22403 1956 4303 1470 2335 189612 4807 9608 2970 18153 2497 14398 21255 18764 297 2923 27359 4591 2498 6664
internal_value=2.87676e-05 -0.000182862 -0.000478585 0.000713586 0.01203 0.0245196 -0.00212027 -0.000678572 0.0419306 0.00153134 -0.00234613 0.00437918 0.0113424 0.00514944 0.0311775 -0.00132529 0.0121994 -0.00485378 -0.0102939 -0.00600992 0.0161183 -0.00121643 -0.00787614 0.00329032 0.0340631 -0.0123915 -0.00734284 0.0215398 0.0356592 -0.0044324
internal_weight=107234 105118 101560 58834.7 6445.02 2729.41 42724.9 52389.7 1347.15 34257.4 15837.8 6751.15 3771.1 2873.83 897.271 40593.3 2135.25 18132.3 7265.62 5407.54 1210.42 10866.6 4385.75 6480.9 615.422 4197.13 9086.69 1406.61 730.946 2980.05
internal_count=529281 520272 504839 298975 29813 12625 205864 269162 6296 174888 89363 39601 21960 17669 4291 195635 13366 94274 36448 26840 5764 57826 24664 33162 2794 21076 49762 8559 3968 17641
is_linear=0
shrinkage=0.05


Tree=78
num_leaves=31
num_cat=0
split_feature=1 28 19 33 33 7 13 33 33 34 33 43 28 33 32 26 39 33 33 33 32 33 9 33 33 33 43 32 28 11
split_gain=87.2077 98.4422 90.7352 99.049 214.319 132.295 126.17 224.453 124.861 288.721 186.221 224.155 144.268 133.695 161.246 130.044 113.893 101.949 214.671 190.396 159.637 159.108 119.83 108.502 240.112 162.823 170.981 147.297 225.418 105.51
threshold=-0.092024539877299624 -0.13699004497132758 0.32110994569120671 510.50000000000006 643.50000000000011 -0.095375702596139297 0.022852961660357364 3388.5000000000005 175.50000000000003 4.5679872602102902 442.50000000000006 3.5000000000000004 -0.033472746405599565 241.50000000000003 11.500000000000002 0.55254746271695432 1.0000000180025095e-35 3059.5000000000005 3249.5000000000005 3012.5000000000005 8.5000000000000018 3326.5000000000005 0.040422383867646301 2297.5000000000005 2235.5000000000005 2810.5000000000005 3.5000000000000004 1.5000000000000002 -0.028872798403856339 1.0734314417349113
decision_type=8 8 8 2 2 10 10 2 2 2 2 2 10 2 2 10 10 2 2 2 2 2 10 2 2 2 2 2 10 10
left_child=1 -1 3 8 5 -5 7 -6 16 12 11 -11 -10 -14 -15 -16 -2 19 20 23 22 -20 -19 24 -8 27 -27 28 -25 -23
right_child=2 -3 -4 4 6 -7 17 -9 9 10 -12 -13 13 14 15 -17 -18 18 21 -21 -22 29 -24 25 -26 26 -28 -29 -30 -31
leaf_value=0.037345795404441606 0.00017378539739866986 0.0057614678292571032 0.002065221101542467 -0.020382534380324575 -0.0031378168071979451 0.0043180553979423296 0.00023168670598287474 -0.022898339221061877 0.012554097050902097 0.034398310206291464 0.056596821467682495 -0.0069774029272906546 0.016010864373444796 -0.01159521724240198 0.037728368285019735 -0.0079313121601744339 -0.020859107230054578 0.027216960896719801 -0.015335977114070296 -0.026590379330483645 -0.03746620056652384 0.0099265438589111951 -0.0013817761407997325 0.054767865840739886 0.027691546562876541 0.029012880498244294 -0.0016024777522142325 -0.011680656014292667 -0.0040469987820745358 -0.0058307940238938524
leaf_weight=281.69219024479389 2681.2370787896216 1986.304328635335 30621.237925391644 2394.7369886413217 13517.780959278345 700.69872919470072 24887.125981546938 1607.9769581630826 2090.3968422226608 741.69180952757597 361.93455851823092 585.9343082010746 750.11733854562044 3210.3420580178499 329.99605789780617 295.66002616286278 846.94664297625422 1719.232563637197 1311.4438826590776 717.9340939745307 122.79211214184761 3017.9684826396406 465.44013744592667 214.0427357852459 822.38755193352699 607.18487519770861 1832.1067780926824 6220.9457606300712 681.99329704791307 1639.4452543705702
leaf_count=1237 12921 8567 145913 12321 78567 3748 118126 15003 9241 3143 1602 2506 3265 14600 1364 1199 4491 7870 6632 3541 549 14616 2155 919 3669 2651 8313 30074 3067 7925
internal_value=-1.59736e-05 0.00968434 -0.000225507 -0.00116863 -0.00196474 -0.0147912 -0.00129617 -0.0052385 0.0030134 0.00634021 0.0248047 0.0161376 0.00166759 -0.00329458 -0.0070697 0.0161514 -0.0048752 5.11137e-05 0.00505479 -0.00109974 0.0180062 4.79917e-05 0.0211241 -0.000580807 0.00111006 -0.0051298 0.00601825 -0.00895072 0.0100025 0.00437984
internal_weight=107265 2268 104997 74375.5 62481.2 3095.44 59385.8 15125.8 11894.3 8366.07 1689.56 1327.63 6676.51 4586.12 3836 625.656 3528.18 44260 8276.32 35983.7 2307.46 5968.86 2184.67 35265.8 25709.5 9556.27 2439.29 7116.98 896.036 4657.41
internal_count=529795 9804 519991 374078 319746 16069 303677 93570 54332 36920 7251 5649 29669 20428 17163 2563 17412 210107 39747 170360 10574 29173 10025 166819 121795 45024 10964 34060 3986 22541
is_linear=0
shrinkage=0.05


Tree=79
num_leaves=31
num_cat=0
split_feature=35 0 2 33 33 33 32 33 34 38 34 3 10 32 32 38 2 32 32 32 20 8 4 34 28 34 28 34 33 38
split_gain=90.8064 106.426 92.2919 78.2859 197.542 115.076 256.472 97.8508 84.2235 92.8822 78.5478 72.9882 71.0033 69.7944 76.6819 65.6399 62.5377 61.7492 72.1572 58.8233 54.926 55.1362 69.3889 59.8334 52.4818 58.7141 50.8034 66.47 52.0195 48.9287
threshold=-0.0034013605442252399 0.0052030248842416258 -0.12275449101796347 510.50000000000006 909.50000000000011 757.50000000000011 7.5000000000000009 175.50000000000003 4.224641295602626 0.047176088543295809 6.8355070627789258 -0.074561403508771981 0.0085340008363854487 8.5000000000000018 9.5000000000000018 -0.28752832966236114 0.30688500149530756 11.500000000000002 1.5000000000000002 9.5000000000000018 0.34000731595320771 0.11699435926358105 -0.24299065420560648 4.3128102996742443 -0.10099737311681922 3.3217427861560611 0.04908899277823156 4.7418839142079827 3109.5000000000005 0.051440780560753969
decision_type=10 10 8 2 2 2 2 2 2 10 2 10 8 2 2 8 8 2 2 2 10 10 10 2 10 2 10 2 2 10
left_child=3 2 -2 7 5 6 -5 -1 9 24 17 -6 26 -10 -15 -14 -3 18 -7 -8 21 -17 -23 -24 -9 -26 -4 28 -28 -20
right_child=1 16 12 4 11 10 19 8 13 -11 -12 -13 15 14 -16 20 -18 -19 29 -21 -22 22 23 -25 25 -27 27 -29 -30 -31
leaf_value=-0.0018361712084003267 0.013169735457273183 0.0012496173301381973 -0.023013613111525246 -0.015792011989114434 0.011545130152474633 -0.038235868362978008 0.03332718906197684 0.035248703256578771 0.039498580654446266 -0.011060634244504335 0.069315524450900445 0.0022027573761431887 -0.031791930696113878 -0.032407473980938122 0.023851516037927574 -0.013543975211214877 0.020365211787361736 -0.043115744017434413 -0.01327814333391529 0.0026387196528151863 -0.0016764254254913438 -0.03973670171257454 0.011081786495604692 -0.01653935575691062 0.020416934240870627 -0.00020721471666623726 0.019573864690980072 -0.014423831725043346 0.12194356858120131 0.027627520577906406
leaf_weight=1448.3305175974965 962.27957808971405 31114.503452975303 676.27138209529221 1202.7727158367634 2468.9363866634667 288.70827193558216 444.14056985080242 253.94252941757441 494.13721309602261 460.61076577752829 23.682237945497036 13644.244736038148 186.90454162657261 81.345045909285545 237.1445826664567 1988.4653051756322 433.83018016815186 286.72624558210373 681.91483101993799 240.81291324645281 46724.319315545261 98.95909158885479 773.97916624322534 262.5827729254961 719.04090998321772 663.54157733172178 41.162991892546415 119.81867363676429 17.765762336552143 81.881117202341557
leaf_count=7522 4103 146217 10161 6077 11308 1654 1846 1166 2117 1957 136 68121 786 352 989 13369 1910 1406 4051 1130 229848 413 3680 1249 3132 2961 359 1086 153 382
internal_value=-9.71117e-07 -0.000777356 -0.00217055 0.00272862 0.00136595 -0.00987777 -0.00188418 0.0087832 0.014069 0.00877369 -0.0209494 0.00363424 -0.00246062 0.0277345 0.00948248 -0.00221648 0.00151248 -0.0225456 -0.0169419 0.0225379 -0.00210558 -0.00852434 0.000265793 0.00408477 0.0143562 0.0105188 -0.0167476 0.00695895 0.0504361 -0.00889294
internal_weight=107123 83400.8 51852.5 23721.9 19363.8 3250.64 1887.73 4358.09 2909.76 2097.14 1362.91 16113.2 50890.2 812.627 318.49 50035.2 31548.3 1339.23 1052.5 684.953 49848.3 3123.99 1135.52 1036.56 1636.53 1382.58 855.019 178.747 58.9288 763.796
internal_count=529641 413334 265207 116307 96111 16682 9053 20196 12674 9216 7629 79429 261104 3458 1341 249345 148127 7493 6087 2976 248559 18711 5342 4929 7259 6093 11759 1598 512 4433
is_linear=0
shrinkage=0.05


Tree=80
num_leaves=31
num_cat=0
split_feature=19 9 12 20 33 33 33 33 33 33 33 4 7 0 7 8 26 33 11 11 43 33 33 33 33 33 37 33 7 43
split_gain=82.0645 102.307 89.1248 77.6405 80.4635 68.9681 168.384 129.08 95.8299 72.0353 68.4484 67.5626 66.8501 75.1624 65.3888 99.8941 66.9916 92.6952 77.6764 64.7351 100.484 186.667 101.695 132.993 124.662 135.613 89.7338 86.0211 85.9521 90.6768
threshold=-0.18734464385311222 0.012632746540956504 0.46428571428571441 1.9839460750177877 3342.5000000000005 1393.5000000000002 1767.5000000000002 2638.5000000000005 1276.5000000000002 1680.5000000000002 3724.5000000000005 -0.0036363636363632153 -0.062162969903555625 -0.027355623100304368 -0.15498546705212282 0.099557305439658253 0.62612628863654829 3356.5000000000005 0.78292778850772227 1.1319235020101672 3.5000000000000004 1856.5000000000002 1695.5000000000002 1709.5000000000002 510.50000000000006 854.50000000000011 -0.040920256437839912 1912.5000000000002 -0.16553441819966344 1.0000000180025095e-35
decision_type=10 8 10 10 2 2 2 2 2 2 2 10 10 10 8 10 10 2 10 10 2 2 2 2 2 2 10 2 8 2
left_child=1 14 3 4 5 8 9 -8 -2 -7 -6 -12 13 -3 15 -1 17 -16 -18 20 22 -22 24 -24 28 -26 -23 -28 -15 -30
right_child=2 12 -4 -5 10 6 7 -9 -10 -11 11 -13 -14 19 16 -17 18 -19 -20 -21 21 26 23 -25 25 -27 27 -29 29 -31
leaf_value=-0.0027525817296408955 0.0038979634472005795 0.0042708671646336819 0.000569053858924783 0.019984526187725369 -0.026250322269727944 0.021702114273663073 -0.0058804418229539291 0.017757962819714784 -0.024977954795570589 0.055951232077021178 0.1063649432159461 -0.011387978035666461 0.0037518860377286842 0.014073388427624066 -0.0074998317713060982 0.033297080743647123 0.10859331233929968 -0.027285415694729254 -0.03560511717613668 -0.0053379583750187767 0.00079857126798765538 -0.023583122186717209 0.063263220286517707 0.0052888494468626597 -0.01706390381636368 0.00044827789629583 -0.038989936289904527 -0.0060089374024087615 -0.0074122290617319522 0.014594917195489363
leaf_weight=1755.8119168020785 1671.4503614790738 5345.6087024137378 40450.046034008265 959.5017815567553 323.73896155878901 661.78351264819503 1401.8342920057476 982.11510841920972 346.965665332973 199.90336408466101 20.47576505318284 30.07238719239831 7719.929968520999 1481.8137835264206 5127.1635645888746 215.78290978819132 25.185492638498545 669.23857489414513 14.843292292207478 10824.733124807477 7509.0615520104766 1206.7300071939826 100.25860591232777 7426.2366542927921 2059.5269095897675 2386.5293183401227 209.59171959757805 3485.9931728988886 1690.542901866138 647.28439413756132
leaf_count=9609 8228 24242 190581 5182 2353 3017 6688 5091 1642 841 164 529 37037 6402 35700 1183 208 8817 197 51571 34981 5829 441 35746 10205 12151 988 17170 9307 2909
internal_value=-0.00011486 -0.00134232 0.00144796 0.00683633 0.00459884 0.00619155 0.0107048 0.00385787 -0.00106581 0.0296476 -0.0178013 0.0363107 -0.000542341 -0.00128943 -0.00667965 0.0011929 -0.00933907 -0.00978423 0.0551223 -0.00205101 -0.000789451 -0.00415595 0.00185634 0.00606111 -0.0019724 -0.00766381 -0.011745 -0.00787942 0.0046524 -0.00131901
internal_weight=106950 59901.9 47047.9 6597.84 5638.34 5264.05 3245.64 2383.95 2018.42 861.687 374.287 50.5482 52093.8 44373.9 7808.03 1971.59 5836.43 5796.4 40.0288 39028.3 28203.6 12411.4 15792.2 7526.5 8265.7 4446.06 4902.31 3695.58 3819.64 2337.83
internal_count=529009 304693 224316 33735 28553 25507 15637 11779 9870 3858 3046 693 248979 211942 55714 10792 44922 44517 405 187700 136129 58968 77161 36187 40974 22356 23987 18158 18618 12216
is_linear=0
shrinkage=0.05


Tree=81
num_leaves=31
num_cat=0
split_feature=35 0 1 28 13 7 5 3 6 8 9 12 20 7 5 36 25 20 8 12 26 28 38 35 35 28 7 37 8 14
split_gain=80.7556 92.6224 91.0479 76.2881 70.087 63.2564 67.7082 60.6856 57.9612 56.428 90.2294 56.181 54.6305 48.9085 61.1036 49.2616 51.5557 54.1323 47.7521 59.5753 45.9194 42.8245 42.5379 38.8583 37.3814 35.9136 35.1383 36.4643 40.6311 34.3034
threshold=-0.005266237565832387 0.001111111111111174 -0.098936049801924705 -0.1937074340633286 0.024155085089039709 -0.48775489804078365 -0.10080669964558196 -0.10880695296457797 93.652693882757333 0.099557305439658253 0.011751089322016227 1.0000000180025095e-35 0.28480120654237612 -0.05281488009572937 -0.044001796064986158 0.99979321753515238 0.63711981566820286 0.76587815688131022 0.2133950615638707 0.14285714285714296 0.4450475797660785 -0.15532835991622113 -0.1255934063262559 -7.7216011362679625e-14 -1.2712053631958041e-14 inf -0.054587035137977295 -0.002246198558178369 0.40001717622810035 1.0000000180025095e-35
decision_type=10 10 8 8 10 8 10 10 8 10 10 8 10 10 10 2 10 10 10 10 8 10 8 10 10 8 10 10 10 10
left_child=7 2 3 -2 5 -4 9 29 13 11 -11 -7 26 14 -3 16 -15 -18 19 -12 22 -10 -6 -21 -25 -22 27 28 -8 -1
right_child=1 8 4 -5 20 6 12 -9 21 10 18 -13 -14 15 -16 -17 17 -19 -20 23 25 -23 -24 24 -26 -27 -28 -29 -30 -31
leaf_value=0.016288444025476408 0.060533564574066202 0.00208155456053093 -0.059649767583806891 0.0088828684746044047 0.012324130328684811 -0.027041458550119486 -0.026160681862426191 0.0020092566221382867 -0.011563622713396601 0.041191947623131067 0.040381202622411391 -0.00082194564207209724 -0.0061957865488441533 0.0085479773620145902 -0.0027756342364872967 0.015136341049442734 0.010997968298560592 -0.0010533389732681373 -0.048258751811963721 -0.034714055416082107 -0.0022229698151555667 0.025440909739493339 0.00064448451721265754 0.021444676415447016 -0.018422717449003628 -0.027287951483936274 -0.03816901961982521 -0.0031197940046731789 0.050679550332631697 0.0020752206948752381
leaf_weight=1242.0325717553496 77.513879895210266 13865.080595795065 53.579127207398415 919.89798349142075 848.46800081431866 217.97720522433519 469.48063634708524 18147.825101274997 97.204437226057053 203.18999196588993 99.041126474738121 3257.35894234851 8167.4489549100399 2838.9341273270547 12148.077398959547 875.95324725285172 1086.0259694829583 6562.1300215832889 44.053899556398392 77.871325001120567 24130.774842225015 399.58484068885446 9600.8485711477697 149.8403554558754 96.770702198147774 143.76172398775816 182.37522121705115 410.63629816658795 17.858090594410896 644.95088969171047
leaf_count=5743 329 64984 235 3947 3677 1358 3145 88847 687 1264 440 16163 53604 14541 59401 3965 5427 30152 188 329 109643 1887 48591 634 425 1095 2594 3715 81 2782
internal_value=3.45301e-05 -0.000624246 -0.00205572 0.0128969 -0.00236533 -0.00543002 -0.00521313 0.0028966 0.00123417 9.61579e-05 0.0133734 -0.00246646 -0.00759347 0.00100867 -0.00018674 0.00374528 0.00279382 0.000657927 0.00128467 0.00643806 -0.00117846 0.0182004 0.00159285 -0.00392234 0.00580063 -0.00237141 -0.0181599 -0.0140962 -0.0233449 0.0114305
internal_weight=107077 87041.7 49168.7 997.412 48171.3 13447.5 13393.9 20034.8 37873 4146.1 670.767 3475.34 9247.8 37376.2 26013.2 11363 10487.1 7648.16 467.577 423.524 34723.9 496.789 10449.3 324.482 246.611 24274.5 1080.35 897.975 487.339 1886.98
internal_count=529873 432501 251457 4276 247181 84175 83940 97372 181044 20801 3280 17521 63139 178470 124385 54085 50120 35579 2016 1828 163006 2574 52268 1388 1059 110738 9535 6941 3226 8525
is_linear=0
shrinkage=0.05


Tree=82
num_leaves=31
num_cat=0
split_feature=38 8 33 33 6 35 7 34 7 33 33 32 43 33 25 7 33 28 34 37 33 33 5 34 43 34 34 32 43 32
split_gain=82.9455 96.4783 84.7481 113.284 80.7054 78.3037 76.2491 72.8136 85.005 72.7905 146.731 81.9366 85.781 81.203 80.9983 72.4463 69.8018 69.7501 98.5186 80.0014 79.7515 124.844 111.214 103.566 119.979 85.19 116.073 155.22 98.1367 77.1866
threshold=-0.066735150202759261 0.43950328744606554 2981.5000000000005 1224.5000000000002 31.201952087008909 -0.010101010101051687 -0.11376959274567493 4.7583202669178544 -0.36975767051006442 909.50000000000011 962.50000000000011 1.5000000000000002 2.5000000000000004 535.50000000000011 0.17252958646447378 -0.48775489804078365 615.50000000000011 0.28803134552775567 4.8816648408958381 0.2637187298645452 175.50000000000003 241.50000000000003 -0.035588226744792555 4.1502518836709141 1.5000000000000002 4.794550021560732 3.0841983033087499 1.5000000000000002 1.5000000000000002 5.5000000000000009
decision_type=8 10 2 2 8 10 10 2 10 2 2 2 2 2 10 10 2 8 2 8 2 2 10 2 2 2 2 2 2 2
left_child=5 4 3 -3 -2 -1 -4 8 -7 13 -11 12 14 -10 -12 -9 -15 19 -19 20 22 23 25 -22 -25 26 -6 28 -28 -23
right_child=1 2 6 -5 17 7 -8 15 9 10 11 -13 -14 16 -16 -17 -18 18 -20 -21 21 29 -24 24 -26 -27 27 -29 -30 -31
leaf_value=0.0093150801506142068 -0.0064835883895690413 -0.00088470340515339079 -0.024773957243948985 0.011690453093578192 -0.026799754086323235 0.012668972182217764 -0.00016590068641772352 -0.039327857630556781 0.0020361392713525218 0.030433040367283278 0.010991161072313524 0.0013750445828193401 -0.0015982175369511531 -0.023530577249322809 0.062663177821601898 -0.0040332728576295499 -0.0043875737580390782 -0.024169331418366809 0.018065879868093365 0.020700230591527008 0.0046399947022604682 -0.0031374619902287239 -0.027487016087404476 0.048994087878027705 -0.010444058349575232 -0.02885826308248229 0.040533619951853422 -0.0036314382049028003 -0.029351853393098027 0.00059382070870778257
leaf_weight=3690.0378199592233 6877.3356135301292 3049.7384484857321 399.24957808852196 4339.0153557062149 338.35808234661818 1880.478499814868 1488.0289534702897 153.37679401040077 2669.3141796067357 489.32580368220806 140.71593518555164 9817.5356654077768 229.93042099475861 735.02902175486088 164.5026969127357 2792.7055193595588 1352.2979239150882 651.91462644934654 175.17435231804848 437.35951626300812 852.17658356577158 21247.716441832483 626.6603299677372 341.14986754953861 113.03169614076614 294.65471576154232 373.76573233306408 1249.975423656404 58.033701315522194 39863.197878377512
leaf_count=16741 45868 12689 1788 18534 1621 8051 6835 653 11913 2155 869 45010 1038 3742 735 12768 6560 3996 954 1877 3588 117401 3696 1437 483 1500 1546 6129 247 188619
internal_value=3.13751e-05 -0.000720398 0.00408462 0.00650001 -0.00132681 0.00261186 -0.00537168 0.00140086 0.00262647 0.00141581 0.00367816 0.00241357 0.0214658 -0.00374085 0.0388407 -0.00587075 -0.0111286 -0.000794488 -0.0152241 -0.000613101 -0.000755723 -0.000376569 -0.00880134 0.0149177 0.0342018 -0.00374275 -7.94207e-05 0.00529647 0.031141 -0.000703513
internal_weight=106892 82776.5 9276.03 7388.75 73500.5 24115.3 1887.28 20425.2 17479.1 15598.7 10842 10352.7 535.149 4756.64 305.219 2946.08 2087.33 66623.2 827.089 65796.1 65358.7 62417.3 2941.45 1306.36 454.182 2314.79 2020.13 1681.77 431.799 61110.9
internal_count=529043 418808 39846 31223 378962 110235 8623 93494 80073 72022 49807 47652 2642 22215 1604 13421 10302 333094 4950 328144 326267 311528 14739 5508 1920 11043 9543 7922 1793 306020
is_linear=0
shrinkage=0.05


Tree=83
num_leaves=31
num_cat=0
split_feature=5 28 33 7 33 33 33 5 33 33 33 5 10 32 38 34 32 34 33 10 33 34 12 11 34 32 33 32 33 10
split_gain=74.1762 108.877 82.2348 75.0987 72.5923 381.519 223.697 194.175 157.345 277.6 623.746 249.008 264.852 223.381 301.519 164.461 156.908 130.322 125.734 125.85 158.799 122.052 120.074 122.883 118.928 260.412 115.586 111.019 116.831 109.055
threshold=-0.29827388882768763 0.021525917727654612 3044.5000000000005 -0.48775489804078365 3264.5000000000005 3093.5000000000005 3012.5000000000005 0.094017094017094363 2810.5000000000005 2297.5000000000005 2235.5000000000005 -0.023166023166023394 0.025173403251325058 1.5000000000000002 -0.051511266133657578 4.1247117720770987 8.5000000000000018 3.3758781126486292 3296.5000000000005 0.012768469802781063 3724.5000000000005 7.8149648035459256 11.235714285714302 1.171564212553232 5.1001712129601229 6.5000000000000009 2964.5000000000005 6.5000000000000009 3661.5000000000005 0.020909376784453631
decision_type=8 10 2 8 2 2 2 10 2 2 2 10 10 2 10 2 2 2 2 10 2 2 10 10 2 2 2 2 2 10
left_child=1 2 -1 -2 5 6 8 16 9 10 -5 -10 26 14 29 -14 24 -12 -6 20 -20 -15 23 -21 -7 -26 -13 -24 -29 -11
right_child=3 -3 -4 4 18 7 -8 -9 11 13 17 12 15 21 -16 -17 -18 -19 19 22 -22 -23 27 -25 25 -27 -28 28 -30 -31
leaf_value=0.0090979771275093019 -0.028817598206926694 -0.013590370311068193 0.038558490209494735 -0.0001367309045383788 -0.023970519670130266 0.035309729729546303 -0.017947287233013264 0.0039333032055362633 0.023161763380167556 0.092055884222964124 0.044749030570729265 -0.026855959292283717 0.01822661495798036 -0.010611731304064523 -0.0029195100337940181 -0.011706459435544769 -0.022879126732738553 0.017409750978606073 -0.03294170884168926 0.00038106375193300897 0.01992435858747529 0.084507071628329045 -0.005672120555223259 -0.015257237707511737 -0.021888817067307883 0.065907284523837359 0.011011602226502147 0.045105754713594626 -0.0059337929724030038 0.032297981141702826
leaf_weight=2086.9415948987007 228.61696994304657 484.28493505716324 267.20049127936363 68883.181195154786 740.79540302976966 1606.1943298466504 1776.7054293304682 2023.4305591806769 1842.5864061266184 106.0617324411869 811.47250367701054 935.22758834436536 1720.8778607845306 10214.994121778756 1063.7569789737463 625.73789782077074 155.61352644860744 941.80273246392608 642.05308423936367 6170.6610576845706 182.40143165923655 33.836797498166561 345.21689163893461 1577.2657874971628 277.71517158299685 121.37195512652397 256.86389015614986 392.1580453440547 157.01127337664366 272.51084871590137
leaf_count=8931 977 2037 1161 335660 4060 7607 9994 9225 9138 506 3727 5340 7417 51609 4986 2700 809 4215 8177 32185 2972 181 1655 7552 1475 530 1320 1794 681 1133
internal_value=2.54279e-05 0.00800027 0.0124418 -0.000192004 -0.000129004 0.000307326 -0.000382698 0.0150641 -2.68948e-05 -0.000568328 0.000612866 0.00825642 0.00049528 -0.00770495 0.0107184 0.0102448 0.0254869 0.0300633 -0.004133 -0.00258067 -0.0212457 -0.0102977 -0.000800076 -0.00280247 0.0292401 0.00481208 -0.0186965 0.0165463 0.0305132 0.0490399
internal_weight=106945 2838.43 2354.14 104106 103878 93669.9 89485.6 4184.33 87708.9 82327.6 70636.5 5381.29 3538.71 11691.2 1442.33 2346.62 2160.89 1753.28 10207.6 9466.77 824.455 10248.8 8642.31 7747.93 2005.28 399.087 1192.09 894.386 549.169 378.573
internal_count=529754 12129 10092 517625 516648 457572 437926 19646 427932 402017 343602 25915 16777 58415 6625 10117 10421 7942 59076 55016 11149 51790 43867 39737 9612 2005 6660 4130 2475 1639
is_linear=0
shrinkage=0.05


Tree=84
num_leaves=31
num_cat=0
split_feature=32 12 33 33 33 33 33 38 33 10 33 33 33 10 33 28 33 10 33 13 28 13 10 28 32 33 33 33 33 32
split_gain=75.9003 140.725 211.123 207.737 376.672 332.176 282.82 250.363 205.622 163.386 154.767 148.915 249.321 172.033 169.122 178.48 157.156 141.973 134.305 126.993 125.828 119.81 116.105 105.009 99.8169 99.4168 93.3631 294.588 294.552 232.865
threshold=3.5000000000000004 4.5214285714285767 1238.5000000000002 2696.5000000000005 3059.5000000000005 2481.5000000000005 2297.5000000000005 -0.041152656888501664 1407.5000000000002 0.021639118902691767 160.50000000000003 1984.5000000000002 1624.5000000000002 0.028371429899342628 1512.5000000000002 0.1713791519571968 1569.5000000000002 0.033682294958999409 111.50000000000001 0.030328057220557685 -0.1937074340633286 0.063888951659023543 0.016907557979112007 0.05121795963503295 2.5000000000000004 1264.5000000000002 455.50000000000006 654.50000000000011 727.50000000000011 7.5000000000000009
decision_type=2 8 2 2 2 2 2 10 2 8 2 2 2 10 2 10 2 10 2 10 10 10 10 10 2 2 2 2 2 2
left_child=1 2 9 5 20 6 11 -7 10 18 -3 12 13 14 -4 16 22 -14 -1 -6 -5 -8 -16 24 -11 -12 -2 -28 -29 -30
right_child=26 8 3 4 19 7 21 -9 -10 23 25 -13 17 -15 15 -17 -18 -19 -20 -21 -22 -23 -24 -25 -26 -27 27 28 29 -31
leaf_value=0.034639497547986946 0.0045468254888777872 -0.015466043556260545 0.0013913242870663498 0.022790221616950681 -0.010471929759934676 0.058339950078442893 -0.028591807223740114 0.011587816485906663 -0.0027892328840429404 0.0041309273198226826 0.023100877349942608 0.022527395079174478 -0.018885300642407489 -0.0068849788620490475 0.13372326346230756 -0.01407224169134645 0.028336926931896485 0.022088556048158157 -0.022107040399959088 0.012420251831092917 -0.032279343316685381 0.0091313799507507006 0.055979826702886308 -0.017567911867836333 -0.014413632290408261 0.082886791892241393 -0.012773361304227047 0.017885535328630769 0.0037310101379815033 -0.0024489536595751205
leaf_weight=108.27140048146248 13134.443364277482 264.54516191780567 699.23596438392997 111.61373832821846 1042.7008705437183 445.6319307461381 1025.05336490646 801.18925344944 2738.2106468267739 2698.8442207872868 1308.4147759974003 1009.8568203449249 1529.0534496158361 879.04205597937107 63.578989949077368 166.05836741626263 590.28542978689075 245.33336995542049 2820.109147079289 1445.9320379346609 1468.077069632709 264.86956210434437 196.30089348554611 1260.9088789001107 992.460309676826 73.437522828578949 4269.718658324331 2424.0581101439893 26107.086958933622 36630.403600847349
leaf_count=484 58422 1232 4950 488 8663 1980 6110 4014 14424 13095 6512 5455 9956 4142 382 738 3625 1092 19487 7357 8405 1189 890 6140 5319 386 20315 10096 122819 181471
internal_value=-4.11963e-05 -0.00250059 -0.00429011 -0.000110061 -0.00929255 0.00460946 0.000180544 0.0282977 0.00560679 -0.0106466 0.0195706 0.00522306 0.0012232 0.011101 0.0203175 0.03334 0.0426008 -0.0132201 -0.0200089 0.00282876 -0.0283884 -0.0208458 0.0749996 -0.00511039 -0.000855044 0.0262782 0.000681113 -5.0171e-05 0.000783518 0.000122728
internal_weight=106815 24249 19864.4 11983.8 4068.32 7915.49 6668.67 1246.82 4384.61 7880.59 1646.4 5378.75 4368.89 2594.5 1715.46 1016.22 850.165 1774.39 2928.38 2488.63 1579.69 1289.92 259.88 4952.21 3691.3 1381.85 82565.7 69431.3 65161.5 62737.5
internal_count=529638 136515 113961 69436 24913 44523 38529 5994 22554 44525 8130 31230 25775 14727 10585 5635 4897 11048 19971 16020 8893 7299 1272 24554 18414 6898 393123 334701 314386 304290
is_linear=0
shrinkage=0.05


Tree=85
num_leaves=31
num_cat=0
split_feature=33 33 33 33 34 43 33 33 34 32 33 33 34 4 33 12 32 34 13 43 11 33 13 33 12 33 10 34 32 32
split_gain=75.4585 333.003 209.557 208.974 287.108 215.807 174.681 294.394 163.811 163.391 160.486 286.055 184.579 184.091 158.324 182.455 157.661 163.296 155.706 145.386 171.121 151.767 240.359 190.626 284.573 326.044 145.872 145.277 222.876 163.931
threshold=1360.5000000000002 1597.5000000000002 535.50000000000011 1484.5000000000002 5.5593345517493198 3.5000000000000004 643.50000000000011 727.50000000000011 3.6415248988725928 9.5000000000000018 909.50000000000011 1016.5000000000001 2.2565274485401434 0.12727130578518145 687.50000000000011 0.85000000000000109 10.500000000000002 2.9258425522898488 0.02511494360595418 3.5000000000000004 1.1868232303508903 2654.5000000000005 0.019385950580420478 2283.5000000000005 3.0571428571428592 2235.5000000000005 0.047695300391632299 2.947063657109513 7.5000000000000009 4.5000000000000009
decision_type=2 2 2 2 2 2 2 2 2 2 2 2 2 10 2 10 2 2 8 2 10 2 10 2 10 2 10 2 2 2
left_child=2 3 18 -2 5 -5 -4 9 -7 14 12 13 -9 -12 -8 -16 17 -13 -1 20 21 23 -23 24 25 26 -3 28 29 -21
right_child=1 19 6 4 -6 8 7 10 -10 -11 11 16 -14 -15 15 -17 -18 -19 -20 27 -22 22 -24 -25 -26 -27 -28 -29 -30 -31
leaf_value=0.011380551031308309 0.0027684830697002442 -0.0040076882371944192 -0.01494834916906871 -0.011286795168886412 -0.026077667058749556 0.037333148394928503 0.0026542091577162123 0.036923652883635145 0.013401734405552838 -0.027168530105137284 0.013796432897679107 -0.019664266807675562 -0.014474633458083686 -0.018943262483552149 0.051573549701014625 0.014020430976951298 0.0052380731982249237 -0.0048233529496761775 0.00016419617282962702 0.0011263251784462006 -0.0053337531950841989 -0.005170898318602013 0.014100190890645676 -0.0069288880203439195 0.025656628834715079 0.04431616403761654 0.04665447939417227 -0.0047091506093120562 -0.0070549238035065593 0.021646407257720962
leaf_weight=3891.1312558948994 3813.1739883050323 4944.8962923102081 3436.3691299594939 391.66310391947627 317.41091603413224 1865.0440465286374 1352.8215127848089 181.02083820104599 1159.6986933276057 250.26088909059763 3254.8372240625322 2770.9654961712658 4981.0848121978343 494.60831733047962 482.05470902472734 983.05265299230814 2224.8321318626404 5598.0386018753052 15106.594170324504 1932.1913881413639 5525.0692551713437 2125.949412105605 6772.5108283013105 4719.1374588385224 1466.5062246844172 400.24565403163433 146.28689935803413 21438.755922593176 2788.8358333036304 1961.1883783489466
leaf_count=19150 17601 25786 17353 1913 1692 8545 5918 845 5398 1117 14582 14239 27002 2042 2025 4097 9890 29245 68975 10069 27568 18476 32286 23898 7639 1743 598 108295 12920 8789
internal_value=2.662e-05 0.00116123 -0.00153052 0.0110016 0.0194096 0.0236358 -0.00444633 -0.00284761 0.0281577 0.0115493 -0.00511224 -0.00239142 -0.0126722 0.00947757 0.0149879 0.0263763 -0.00659218 -0.00973716 0.00246154 -0.000208426 0.00247899 0.00457692 0.0094961 0.000828283 0.00608949 0.000864017 -0.00255199 -0.00270277 0.00373438 0.0114628
internal_weight=106776 61768.6 45007.7 7546.99 3733.82 3416.41 26009.9 22573.6 3024.74 3068.19 19505.4 14343.3 5162.11 3749.45 2817.93 1465.11 10593.8 8369 18997.7 54221.6 26100.6 20575.5 8898.46 11677.1 6957.94 5491.43 5091.18 28121 6682.22 3893.38
internal_count=529696 313216 216480 35149 17548 15856 128355 111002 13943 13157 97845 69998 27847 16624 12040 6122 53374 43484 88125 278067 137994 110426 50762 59664 35766 28127 26384 140073 31778 18858
is_linear=0
shrinkage=0.05


Tree=86
num_leaves=31
num_cat=0
split_feature=3 14 0 35 13 8 32 12 7 43 12 33 33 10 8 33 33 33 33 38 32 33 33 33 28 34 32 33 33 7
split_gain=70.4875 71.5632 70.1283 84.4653 82.8217 138.746 71.557 72.42 69.7889 70.7011 69.4376 67.4894 95.3933 67.6767 67.083 60.9204 88.0481 86.5558 87.0952 81.0301 77.9496 72.4016 94.8102 92.8518 74.7058 68.0411 60.8029 56.5494 79.0959 56.2842
threshold=-0.12686558742401829 1.0000000180025095e-35 0.0056085053277052941 -1.2123635428906707e-13 1.0000000180025095e-35 0.037530552941663749 3.5000000000000004 3.8714285714285745 -0.078814551749595882 1.5000000000000002 0.14285714285714296 1250.5000000000002 111.50000000000001 0.022076824473465019 0.2133950615638707 535.50000000000011 654.50000000000011 744.50000000000011 827.50000000000011 0.036615950509917956 11.500000000000002 1016.5000000000001 1347.5000000000002 1555.5000000000002 0.10381789092278344 2.3748949377990178 10.500000000000002 1407.5000000000002 416.50000000000006 -0.35912860726311263
decision_type=8 8 8 10 10 8 2 10 10 2 10 2 2 8 8 2 2 2 2 8 2 2 2 2 10 2 2 2 2 8
left_child=1 29 3 6 5 -5 7 11 9 -7 -8 12 -2 -14 -11 19 -17 -18 20 -12 25 24 26 -24 -20 -19 -23 28 -9 -1
right_child=2 -3 -4 4 -6 8 10 27 -10 14 15 -13 13 -15 -16 16 17 18 21 -21 -22 22 23 -25 -26 -27 -28 -29 -30 -31
leaf_value=0.028577230845271792 0.019121072049759356 -0.00094387723965203745 0.001606811391522878 -0.03171695096462139 -0.0020362933795378658 -0.020679666308612912 0.022918604120132514 -0.013701008505122396 -0.056215976216441935 0.025646036338395968 0.015393170376815408 -0.0010198542341005833 -0.027684827712002327 -0.0074345927793155577 -0.023323702265096804 -0.014442172484065641 0.02142779610201518 0.081488595312664655 0.019983122778295278 -0.0025311018265378972 -0.0391687536875742 -0.014627829563295959 0.014971485565316354 0.00092911743808154861 -0.021120423220819504 -0.008135846933179508 0.0058840495599380904 -0.0026280931640565112 0.032860251402648796 0.0084272254875328457
leaf_weight=413.88892710208893 195.43691439181566 1994.97038923949 34660.688619226217 629.3497223649174 43802.070067550987 184.55864032357931 422.05986524932086 123.41635388880968 49.656708566471934 359.33046331256628 1811.1013070270419 2254.7218556553125 846.97938071936369 804.47528422623873 86.835931271314621 860.87655614316463 552.77794407308102 22.683040723204613 891.86303855478764 967.2801929935813 244.40358728915453 1387.8884195908904 1385.9023398347199 7817.2296052798629 126.18437446653843 318.88985429704189 488.43500897288322 575.29586811363697 349.52725150808692 2130.3390763923526
leaf_count=1837 827 8595 163371 7922 221757 912 2468 617 333 1868 7784 13495 6116 4172 407 4234 2321 98 3927 4600 1253 6948 6416 38808 519 1641 2198 3290 1857 9392
internal_value=4.91412e-05 0.00614594 -0.000221594 -0.00115964 -0.00240675 -0.0147962 0.00134663 -0.00382715 0.000855336 0.00534854 0.00288697 -0.00682462 -0.0139112 -0.0178203 0.0161152 0.00238598 0.00105229 0.00206004 0.00121595 0.00915292 -0.0176099 0.00212783 0.000955311 0.00304376 0.0148884 -0.0021841 -0.00928828 0.00790153 0.0207099 0.0117052
internal_weight=106759 4539.2 102220 67559.2 45111.8 1309.73 22447.4 5149.85 680.382 630.725 17297.6 4101.61 1846.89 1651.45 446.166 16875.5 14097.1 13236.3 12683.5 2778.38 585.976 12097.5 11079.5 9203.13 1018.05 341.573 1876.32 1048.24 472.944 2544.23
internal_count=529983 19824 510159 346788 233199 11442 113589 30374 3520 3187 83215 24610 11115 10288 2275 80747 68363 64129 61808 12384 2992 58816 54370 45224 4446 1739 9146 5764 2474 11229
is_linear=0
shrinkage=0.05


Tree=87
num_leaves=31
num_cat=0
split_feature=38 38 10 25 12 32 32 34 10 34 9 36 32 13 33 33 33 33 33 12 33 33 33 10 28 34 9 9 28 33
split_gain=73.5488 79.986 75.3379 86.3293 72.3519 132.198 73.6922 86.4373 82.025 205.054 96.4898 68.6021 64.3914 145.225 91.1886 488.66 410.697 287.885 242.345 144.029 142.21 191.017 145.693 129.674 127.679 106.541 105.181 99.9024 95.0677 91.3431
threshold=-0.083170288800490252 0.20107052729504951 0.050108047327169551 0.021768747778699211 1.0000000180025095e-35 7.5000000000000009 1.5000000000000002 4.6313250248355917 0.010803681414895414 3.9880572622396131 1.0000000180025095e-35 0.99979321753515238 11.500000000000002 0.047951333904006341 1555.5000000000002 1984.5000000000002 2387.5000000000005 1512.5000000000002 2725.5000000000005 4.0928571428571479 455.50000000000006 827.50000000000011 429.50000000000006 0.014180288612717728 0.037501785940498474 5.4365563870702331 0.018763784184422129 0.023953164291598144 -0.043544300033823174 3356.5000000000005
decision_type=8 10 8 10 8 2 2 2 10 2 10 2 2 10 2 2 2 2 2 10 2 2 2 8 10 2 10 10 10 2
left_child=2 4 3 -1 5 6 -2 8 9 -8 -11 -3 -6 14 17 -16 25 20 -18 -19 22 26 -14 -23 28 -17 -22 -24 29 -20
right_child=1 11 -4 -5 12 -7 7 -9 -10 10 -12 -13 13 -15 15 16 18 19 24 -21 21 23 27 -25 -26 -27 -28 -29 -30 -31
leaf_value=-0.0095085410749866494 -0.034395812019139139 0.0033676034456366142 0.017271796286846271 0.00322054478224424 -0.0012749989390311541 -0.035478764851892712 -0.049614261666753479 -0.02431674942187026 0.014314693884978523 0.30464420461088787 0.098068708454993811 0.022686118590488392 0.0045306124251445262 -0.010233356854136972 -0.037104876172901126 0.056462978718127367 -0.031716743002745303 0.057208715227128885 0.046039087683715917 -0.0097265822532154322 -0.045009022601556273 -0.032525985891963989 0.05611186851468878 0.018132254021139785 -0.0089795898680474825 -0.016347417624991433 -0.0036407393182822118 0.0090766209158441146 0.030140024230633035 -0.05973235423379674
leaf_weight=1449.9395805969834 118.05096096917987 5610.3816883414984 867.78294445574284 16375.208233557642 72988.953416764736 425.82837343029678 15.405694879591463 134.29731819406152 306.03959553316236 9.8284336552023905 13.305324696004389 500.54643641412258 730.94816799461842 1545.4174332767725 668.9742216989398 495.24101188033819 457.11812134832144 456.79359617084265 30.741521939635277 97.525897264480591 328.46669486910105 150.14416474103928 322.32795536518097 796.32744759321213 495.16182887554169 55.914727725088596 288.70805117487907 173.74758371710777 671.40787110291421 60.745147820562124
leaf_count=6188 2051 23978 3651 73881 372828 5710 316 1158 1820 125 141 2151 3462 6591 3231 2277 2117 2136 135 454 1808 756 1318 3314 2162 252 1318 702 3503 309
internal_value=3.73022e-05 -0.000568066 0.0028855 0.00218513 -0.000980108 -0.0141954 0.000987389 0.00970993 0.0229716 0.0917156 0.185833 0.00494998 -0.00081286 0.00349742 0.00687621 0.00044458 0.0115284 0.0125201 -0.000537285 0.0454322 0.00598267 -0.0040159 0.0187243 0.010096 0.0107919 0.0490764 -0.0256574 0.039638 0.0236246 -0.0241908
internal_weight=106641 87948.3 18692.9 17825.1 81837.4 1022.76 596.927 478.876 344.579 38.5395 23.1338 6110.93 80814.7 7825.71 6280.29 2935.3 2266.33 3344.99 1715.17 554.319 2790.67 1563.65 1227.02 946.472 1258.06 551.156 617.175 496.076 762.895 91.4867
internal_count=529843 446123 83720 80069 419994 11321 5611 3560 2402 582 266 26129 408673 35845 29254 13986 10755 15268 8226 2590 12678 7196 5482 4070 6109 2529 3126 2020 3947 444
is_linear=0
shrinkage=0.05


Tree=88
num_leaves=31
num_cat=0
split_feature=33 33 33 12 33 34 28 28 43 28 5 34 33 34 33 33 33 12 33 33 34 34 28 12 12 33 33 33 8 7
split_gain=73.4949 252.108 283.08 255.889 178.651 187.278 156.501 146.247 136.04 210.418 138.925 135.625 162.413 118.393 116.708 241.137 277.221 202.634 167.178 163.706 150.634 143.147 129.161 146.51 161.69 124.721 230.889 224.409 213.627 138.353
threshold=1360.5000000000002 1569.5000000000002 1484.5000000000002 1.0285714285714296 1276.5000000000002 2.9258425522898488 0.02364855931143579 -0.10894169661483571 3.5000000000000004 0.10158477345046087 -0.075925925925925772 5.2217062277516968 1250.5000000000002 7.0389151107185794 1799.5000000000002 2045.5000000000002 2297.5000000000005 6.0928571428571461 2250.5000000000005 2668.5000000000005 7.4831880940136477 3.5189793199236452 0.0098767644869602097 0.90714285714285747 0.37857142857142795 2696.5000000000005 2725.5000000000005 2906.5000000000005 0.12658962936826482 -0.086290505502412948
decision_type=2 2 2 10 2 2 10 8 2 10 10 2 2 2 2 2 2 10 2 2 2 2 10 10 10 2 2 2 10 10
left_child=4 2 -2 6 7 -6 -4 -1 10 14 -3 -9 -13 -5 21 17 18 -16 22 20 -18 -10 23 24 -17 28 -27 -28 29 -21
right_child=1 8 3 13 5 -7 -8 11 9 -11 -12 12 -14 -15 15 16 19 -19 -20 25 -22 -23 -24 -25 -26 26 27 -29 -30 -31
leaf_value=0.011585644472391909 0.0014020338921949059 0.0067193421785627996 0.018327668777489061 0.010346741748073289 -0.03145113782899444 -0.0037919968640027207 0.052075192386660391 -0.0024097043246375243 0.012109606177852334 0.00546997622727435 -0.00060484245386645133 0.0056839769864437716 0.075534781626176661 -0.066691512747243442 -0.024801824507865382 -0.020718559369815245 -0.01858365453106391 0.015755293686266245 0.029391938786516754 0.068030688380594617 0.11055478768309349 -0.0066492878058556143 -0.010733159583513048 -0.0005837746666147879 0.05441117179524383 -0.045199499350250659 0.022407436472110975 -0.0063002551049981745 -0.009383673481093837 -0.020656953338191383
leaf_weight=2286.7876504063606 3819.6870465837419 11667.402372926474 605.11786159127951 1425.109526000917 981.0034301429987 1626.9892577640712 794.70942807197571 35839.58360272646 2090.5043562203646 6660.8652167581022 14546.475487167016 4100.9551865048707 84.941949177533388 51.680161278694868 2484.4745310582221 92.028998285531998 2853.1925596669316 351.55649665743113 813.38159384578466 221.38811173290014 22.761584803462029 1980.357650320977 958.75324358791113 624.82301568984985 322.83089978247881 350.77167072892189 745.24021031707525 7865.8124416582286 325.12755358964205 54.874549679458141
leaf_count=11053 17607 55464 2877 6368 4713 8142 3702 172515 9892 30264 83378 19706 494 335 13394 421 14598 1933 3801 1066 108 11138 4330 2894 1426 2043 3606 40956 1589 331
internal_value=4.3428e-05 0.00116312 0.0103235 0.0221697 -0.00149523 -0.0141961 0.0374868 -0.000712396 4.84961e-05 -0.00232245 0.00265504 -0.00141502 0.00710142 0.00765079 -0.00466493 -0.00638646 -0.00389689 -0.0197743 0.0102818 -0.00710192 -0.0175616 0.00298394 0.0025038 0.0147104 0.037745 -0.00395637 -0.00543555 -0.00381576 0.018086 0.0504145
internal_weight=106649 61728.9 6696.3 2876.62 44920.3 2607.99 1399.83 42312.3 55032.6 28818.7 26213.9 40025.5 4185.9 1476.79 22157.9 18087 15251 2836.03 2811.82 12439.2 2875.95 4070.86 1998.44 1039.68 414.86 9563.21 8961.82 8611.05 601.39 276.263
internal_count=530144 313521 30889 13282 216623 12855 6579 203768 282632 143790 138842 192715 20200 6703 113526 92496 77169 15327 12872 64297 14706 21030 9071 4741 1847 49591 46605 44562 2986 1397
is_linear=0
shrinkage=0.05


Tree=89
num_leaves=31
num_cat=0
split_feature=20 28 29 33 33 43 34 33 34 13 38 33 33 33 12 32 28 33 33 32 33 33 26 8 5 43 33 5 34 32
split_gain=72.7207 70.9932 88.4611 87.2121 233.119 141.402 134.271 122.421 129.48 115.824 97.3987 86.5727 271.686 208.063 267.222 161.997 160.957 157.592 260.311 362.575 413.016 328.9 228.286 207.776 207.357 218.015 205.849 254.188 156.668 199.828
threshold=0.035457837902581869 0.28803134552775567 0.3146319716518306 175.50000000000003 241.50000000000003 1.0000000180025095e-35 3.6176510439644356 111.50000000000001 4.9239874213029351 0.029387478367704476 -0.012982960284272536 1360.5000000000002 1569.5000000000002 1498.5000000000002 1.0000000000000013 8.5000000000000018 -0.10894169661483571 2530.5000000000005 2696.5000000000005 3.5000000000000004 3059.5000000000005 3249.5000000000005 0.35689640813315732 0.067886113285256636 0.12019902402930617 1.5000000000000002 2297.5000000000005 -0.16513761467889862 4.1643366321769415 7.5000000000000009
decision_type=8 8 8 2 2 2 2 2 2 10 8 2 2 2 10 2 10 2 2 2 2 2 10 10 10 2 2 10 2 2
left_child=-1 2 3 7 5 6 -5 8 9 10 -2 16 13 -13 -15 17 -6 26 23 20 -20 24 -22 -19 25 -21 -14 -28 29 -18
right_child=1 -3 -4 4 11 -7 -8 -9 -10 -11 -12 12 15 14 -16 -17 28 18 19 21 22 -23 -24 -25 -26 -27 27 -29 -30 -31
leaf_value=-0.018102564572857232 0.035192790530140711 -0.011190424739450377 0.010012367435376332 0.011310737517055405 0.014955106111227965 -0.0017136350954713036 0.040148035362638335 -0.015922147112017403 -0.031111544737202731 -0.0038721991255956222 0.00064120446058055355 0.0041081450144801225 0.0021462076663404162 0.040806930354779836 0.0068366702059018836 -0.0038641577053083729 -0.0088317136437793316 0.050172787006612998 -0.025605120138037254 -0.01728141804333385 -0.020636935698105277 -0.0022648956410724671 0.011188650036128437 0.012449512660433204 0.0027756350586689194 0.02751158318111584 0.012421027790566379 -0.014938266367688994 0.0026675907068564779 0.00024365722250979183
leaf_weight=552.54903223365545 448.15413094311953 1378.1668637059629 2262.0971769988537 916.21714348345995 1346.9449863135815 792.34783148765564 721.55156876891851 2022.1566333509982 288.83758536726236 1502.7242684066296 374.33398691564798 4225.589256811887 13390.139193389565 1087.9336427114904 1237.3175534568727 18405.299458483234 13651.379687212408 525.98025561496615 1917.3894843496382 295.34376637637615 733.65997001156211 3604.7234332114458 2428.9352564252913 1192.8030023723841 1693.1843478828669 3385.7782549038529 1060.438404507935 4256.9019147120416 9837.8309357948601 10915.424205649644
leaf_count=4007 1899 7523 9582 4157 6211 3433 3145 10491 1463 7142 1876 19509 67735 5179 5574 95535 69138 2542 10776 1275 6767 18058 12833 5515 7672 16210 4496 22769 47894 49148
internal_value=-1.06946e-05 8.37028e-05 0.000232358 1.60124e-05 0.000334221 0.0156265 0.0240156 -0.00668441 0.000461655 0.00438367 0.0194675 -5.61645e-05 0.00111323 0.0107183 0.0227306 -7.64167e-05 -0.00200043 0.00194516 0.00562564 0.00338008 -0.0072951 0.00941967 0.00380574 0.0239935 0.0172569 0.0239178 -0.00115895 -0.009482 -0.00266424 -0.00479938
internal_weight=106452 105900 104521 102259 97623.1 2430.12 1637.77 4636.21 2614.05 2325.21 822.488 95193 59441.4 6550.84 2325.25 52890.6 35751.6 34485.3 15777.8 14059 5079.98 8979.03 3162.6 1718.78 5374.31 3681.12 18707.5 5317.34 34404.6 24566.8
internal_count=529554 525547 518024 508442 485571 10735 7302 22871 12380 10917 3775 474836 302445 30262 10753 272183 172391 176648 81648 73591 30376 43215 19600 8057 25157 17485 95000 27265 166180 118286
is_linear=0
shrinkage=0.05


Tree=90
num_leaves=31
num_cat=0
split_feature=5 28 5 20 19 32 34 39 12 9 34 34 13 5 26 32 32 13 34 34 32 11 34 20 14 26 34 34 34 25
split_gain=68.0198 81.3043 60.2562 87.8157 84.1127 82.9786 105.105 88.9813 79.924 74.0164 62.5731 62.5183 61.8883 66.2824 60.2534 98.3108 59.7052 132.589 119.907 97.7238 112.725 68.2481 67.4387 58.3169 58.3099 56.8567 54.3364 53.5266 53.6048 49.1025
threshold=-0.26484583389845939 0.025973087614442263 0.26015729569226215 0.6031561873192719 -0.02302556961098266 3.5000000000000004 4.4880742561260005 1.0000000180025095e-35 0.42142857142857165 0.015128715750595512 6.9563549442813244 3.2153695596592824 0.0059071729957804022 0.18182040537719793 0.45285488491553894 1.5000000000000002 8.5000000000000018 0.0073097302046208441 1.3736354571277458 3.3758781126486292 11.500000000000002 0.37014327620638726 5.6249196099687415 1.8475307813783435 1.5000000000000002 0.56791800858829855 4.1001606043369554 3.9386644623189224 2.1916379270371573 0.98320737691049587
decision_type=8 10 10 10 8 2 2 8 8 10 2 2 8 8 10 2 2 10 2 2 2 10 2 10 10 8 2 2 2 10
left_child=1 27 4 -4 5 6 7 9 23 11 16 -2 13 -10 15 -11 18 -18 -7 -19 24 -20 -23 -6 -21 -22 -5 28 -1 -28
right_child=2 -3 3 26 8 10 -8 -9 12 14 -12 -13 -14 -15 -16 -17 17 19 21 20 25 22 -24 -25 -26 -27 29 -29 -30 -31
leaf_value=-0.0043602768090026415 -0.024849520190110108 -0.0089386969029396704 0.010848458584500259 0.0036422679645965392 0.0046193399190808723 0.056942325171446866 0.0026513811583348782 -0.01364583476195238 0.0075240857788346216 0.031183724566649841 -0.014647379831146815 -0.0041449624951873341 2.399208935435496e-05 0.076765927865568628 -0.0040845520108719986 -0.0010876248005471487 -0.022373929240864964 0.0021360881203477487 0.016387894278062039 -0.009432000895653039 0.008981146184576556 -0.00036820442927455483 0.011832934912517138 0.019304391706100241 0.013437804602503984 -0.0049479381900129757 -0.006071766088171243 -0.001708093126403961 0.014817496839932623 0.0075107198520233259
leaf_weight=425.62585061043501 663.86684618517756 777.8528086990118 2680.0295840092003 6529.1033337339759 3494.4876047894359 95.712608218193054 2931.5816295966506 4178.2524377536029 97.261603839695454 358.09703004360199 821.9066356588155 808.78901789151132 29366.237676430494 53.614022642374039 2864.6278032585979 692.13760711997747 821.84186508692801 8420.0773908235133 684.41715352609754 6943.5184989757836 1712.8679647035897 19508.1178791821 1202.3265500366688 838.22286693193018 290.36824551224709 1280.155978679657 3580.4985873475671 927.67505647242069 2531.9461719542742 817.28905971348286
leaf_count=1820 5680 3304 12013 28725 18103 429 18037 24853 654 1633 5308 6641 142254 250 15187 4442 9359 40206 3451 36913 7937 91189 5965 4607 1229 5583 15593 3946 10977 3429
internal_value=-8.83122e-05 0.00581667 -0.00035897 0.00273783 -0.000837112 -0.00205696 -0.0056315 -0.00816992 0.00111893 -0.00392312 -0.000987768 -0.0134785 0.000188097 0.0321293 -0.000328673 0.00991589 -0.000713669 -0.00271931 0.00110329 -0.00185306 -0.00513742 0.000853487 0.000340122 0.00746037 -0.00851401 0.00302349 0.000748541 0.00877079 0.0120576 -0.00354758
internal_weight=106399 4663.1 101735 13606.9 88128.5 54278.7 12497.4 9565.77 33849.8 5387.52 41781.3 1472.66 29517.1 150.876 3914.86 1050.23 40959.4 19468.8 21490.6 18647 10226.9 21394.9 20710.4 4332.71 7233.89 2993.02 10926.9 3885.25 2957.57 4397.79
internal_count=529717 20047 509670 59760 449910 284042 76473 58436 165868 33583 207569 12321 143158 904 21262 6075 202261 101227 101034 91868 51662 100605 97154 22710 38142 13520 47747 16743 12797 19022
is_linear=0
shrinkage=0.05


Tree=91
num_leaves=31
num_cat=0
split_feature=35 35 7 33 34 34 33 5 33 33 33 34 22 34 33 4 34 5 7 9 7 33 3 33 28 34 7 9 7 29
split_gain=63.1357 93.6427 76.8363 69.797 76.0088 79.5512 72.4421 154.432 148.544 321.888 111.73 105.978 90.5495 90.2523 117.419 99.2489 71.118 70.932 70.8125 70.6051 67.5769 66.1603 64.1027 63.8012 112.078 86.9341 96.3325 85.0469 61.9796 60.8107
threshold=-0.0034013605442252399 0.018181818181764235 -0.48775489804078365 3417.5000000000005 3.1753365817929562 6.7310777627934728 2810.5000000000005 -0.028714879530220169 2297.5000000000005 2235.5000000000005 2996.5000000000005 7.8149648035459256 1.0000000180025095e-35 4.5448891140868266 2357.5000000000005 0.24312826047850414 2.0731521505764063 -0.016579744686506911 -0.13636363636363638 0.015128715750595512 -0.35017442779175623 3612.5000000000005 0.044448266476504357 3724.5000000000005 -0.0058402048418020889 4.9041629808459595 -0.14163698038881931 0.010761465680265607 -0.098711055913807452 -0.21924352788059473
decision_type=10 10 8 2 2 2 2 10 2 2 2 2 10 2 2 10 2 10 10 10 8 2 10 2 10 2 10 10 10 10
left_child=-1 2 -2 6 16 23 8 10 9 -4 29 13 -12 14 -10 -15 -5 22 -16 -20 -3 -18 -11 27 25 26 -25 -6 -29 -8
right_child=1 20 3 4 5 -7 7 -9 11 17 12 -13 -14 15 18 -17 21 -19 19 -21 -22 -23 -24 24 -26 -27 -28 28 -30 -31
leaf_value=0.0023460150537376297 -0.026804093286730751 0.019656548060698668 -0.0012030242095779639 0.0097761480193421842 -0.028029356879608877 -0.042795903992918438 -0.04683280002836375 -0.0015835855063487669 -0.023832814276132295 0.043215613885189914 -0.052621424080564742 0.084931079686271463 0.0065097488730245442 -0.020101831596488928 0.0027279879273092917 0.0402352365777233 -0.016860674438870921 0.012628277750009 -0.02593287082203484 -0.0047112787793541049 0.0023358712767377449 -0.050095074000619105 -0.00060641590734626834 0.021457685033248769 -0.011962146659369283 -0.010908254247733732 0.12054381498096566 -0.0078568848778012446 0.0087163669667806518 0.024929237827745438
leaf_weight=23572.918701797724 295.64811453223228 586.44141601026058 44267.471069734544 149.40072607062757 345.6303263772279 127.96217029169202 30.241999246180058 6595.4304046109319 748.77193796634674 528.72973080724478 66.59390277042985 30.646190859377384 2329.4887700676918 1804.4899283982813 2836.4093426093459 70.830164283514023 430.29777036048472 638.2170658968389 484.83990431204438 2045.5324143320322 14166.460613850504 229.67928867787123 99.090781107544899 43.85484254732728 135.10562212578952 39.351928105577826 55.664077816531062 1468.4883523546159 916.00928876549006 1238.160684581846
leaf_count=116340 1258 2536 218460 918 4671 1251 144 34087 4269 2412 476 161 11184 9778 12996 307 2603 2933 3448 10039 65234 2856 452 216 1238 356 598 7556 4854 6466
internal_value=6.30292e-05 -0.000586892 -0.00136977 -0.00125879 -0.00771603 -0.00418636 -0.000859972 0.00298889 -0.00159733 -0.000492076 0.0112185 -0.00787119 0.00486633 -0.0082271 -0.00528456 -0.0178229 -0.0213749 0.0243665 -0.00269671 -0.00877751 0.00302438 -0.0284266 0.0362991 -0.00254175 0.02046 0.0520032 0.0768797 -0.00485005 -0.00149024 0.0232182
internal_weight=106378 82804.9 68052 67756.4 3941.44 3132.07 63814.9 10259.9 53555 45533.5 3664.49 8021.52 2396.08 7990.87 6115.55 1875.32 809.378 1266.04 5366.78 2530.37 14752.9 659.977 627.821 3004.1 273.976 138.871 99.5189 2730.13 2384.5 1268.4
internal_count=530097 413757 345987 344729 27117 20740 317612 52357 265255 224257 18270 40998 11660 40837 30752 10085 6377 5797 26483 13487 67770 5459 2864 19489 2408 1170 814 17081 12410 6610
is_linear=0
shrinkage=0.05


Tree=92
num_leaves=31
num_cat=0
split_feature=35 35 33 13 33 5 33 33 32 32 33 33 32 12 32 32 28 12 12 12 8 12 5 33 35 35 28 11 12 32
split_gain=61.6951 81.0292 76.2185 124.498 76.0872 137.781 117.467 259.898 88.3893 107.997 79.204 74.076 73.7688 100.161 84.0685 71.7565 110.327 71.8093 70.1518 69.7278 69.4985 66.8029 63.8518 63.7921 86.3626 112.228 82.1895 63.5513 61.3068 66.305
threshold=-0.0054945054945200736 0.0097323600973051611 3417.5000000000005 0.02186564367841377 2810.5000000000005 -0.028714879530220169 2297.5000000000005 2235.5000000000005 1.5000000000000002 8.5000000000000018 3012.5000000000005 3326.5000000000005 10.500000000000002 33.828571428571429 1.5000000000000002 1.5000000000000002 0.013881121048229497 0.14285714285714296 0.60714285714285821 0.72857142857142865 0.049030059785108111 1.4428571428571431 0.15999999999999906 3724.5000000000005 -3.8802294710649215e-14 -1.2712053631958041e-14 -0.01926995847833805 1.0158587873018841 1.0000000180025095e-35 6.5000000000000009
decision_type=10 10 2 10 2 10 2 2 2 2 2 2 2 10 2 2 10 10 10 10 10 10 10 2 10 10 10 10 10 2
left_child=-1 2 4 23 6 8 7 -2 20 28 27 -12 14 18 -9 16 -8 -17 -14 -13 -6 -7 -19 -4 -25 26 -26 -11 -10 -30
right_child=1 -3 3 -5 5 21 15 12 9 10 11 19 13 -15 -16 17 -18 22 -20 -21 -22 -23 -24 24 25 -27 -28 -29 29 -31
leaf_value=0.002490338363663309 -0.0017167469041266489 0.001456024325162654 -0.027079420932669764 -0.0018977843385105009 -0.040508790460384553 -0.0082334612623989646 0.028976044263261665 0.024865912244804007 -0.0015100435903519097 0.0074207136473813098 -0.030981578228980258 -0.04563257250703847 0.065957609954371207 -0.053492764157806266 -0.021579694745067775 0.025028950809260982 -0.0096547640500841761 -0.01308109110284336 0.028066718413696724 0.011553955531969484 0.0054061479381997488 0.0030765913705923889 0.0019585749069797676 -0.044378912738402082 0.15497909635261453 -0.019550282905515984 0.035561713013919471 0.04936428914342695 0.019026476464574629 0.04226325290174688
leaf_weight=19506.442927323282 36825.987411294132 30460.076851882041 1002.5197994206101 2178.9841239750385 133.92915564030409 2293.3806801661849 313.61513295024633 261.95107241347432 222.48372318223119 329.8315860144794 232.20359404757619 61.720192559063435 175.17118398472667 30.457207515835762 155.12338408827782 142.18069233000278 450.05272971093655 4955.4313200935721 403.6077774092555 390.8966972976923 214.26816304028034 3031.2157790139318 822.92360751330853 63.25439927726984 20.556188173592091 67.325963201001287 48.178947431966662 124.35983700305223 921.09839640930295 460.46967482566833
leaf_count=95234 184380 142684 10624 11058 862 13143 1467 1186 1326 1721 1191 298 852 129 745 995 2165 26222 1810 1711 986 15018 3865 970 211 914 696 532 4571 2460
internal_value=-5.05356e-05 -0.000621587 -0.00174498 -0.00902361 -0.00128026 0.00307979 -0.00210416 -0.00102509 0.0114761 0.0144884 0.00271502 -0.00802266 0.0237927 0.034884 0.0075913 -0.00821487 0.00620973 -0.0100754 0.0395346 0.00375583 -0.0122544 -0.00179481 -0.0109392 -0.0219431 0.00389183 0.0263328 0.0712751 0.0189051 0.0228485 0.0267712
internal_weight=106300 86793.3 56333.2 3380.82 52952.4 8415.86 44536.5 37852.3 3091.26 2743.06 1139.01 684.82 1026.31 609.236 417.074 6684.2 763.668 5920.54 578.779 452.617 348.197 5324.6 5778.35 1201.84 199.315 136.061 68.7351 454.191 1604.05 1381.57
internal_count=530026 434792 292108 24473 267635 43819 223816 189102 15658 13810 5453 3200 4722 2791 1931 34714 3632 31082 2662 2009 1848 28161 30087 13415 2791 1821 907 2253 8357 7031
is_linear=0
shrinkage=0.05


Tree=93
num_leaves=31
num_cat=0
split_feature=1 0 25 10 32 26 33 33 33 33 9 33 33 33 33 33 34 11 10 5 32 10 9 11 33 33 33 32 12 8
split_gain=63.4558 58.0242 57.301 120.35 92.8392 76.5105 112.388 183.022 128.405 108.434 87.5633 85.1258 253.849 218.287 227.479 93.2747 103.329 75.9703 74.4827 68.2561 68.2479 67.4517 65.3917 63.6183 61.2824 74.4065 70.7755 61.2379 74.4893 73.2728
threshold=-0.072581110747749852 0.083333333333333717 0.57833041567981336 0.01149028686932321 11.500000000000002 0.54057839351957016 455.50000000000006 827.50000000000011 442.50000000000006 3724.5000000000005 0.021518969921892544 1680.5000000000002 1984.5000000000002 2372.5000000000005 2638.5000000000005 1512.5000000000002 5.4953222391791945 1.6677284513836346 0.014180288612717728 -0.16770351837866601 1.5000000000000002 0.010540783666093264 1.0592322116210579e-09 1.2881826717099016 350.50000000000006 374.50000000000006 160.50000000000003 1.5000000000000002 2.4000000000000012 0.3336236749908234
decision_type=8 10 8 8 2 10 2 2 2 2 10 2 2 2 2 2 2 10 10 8 2 10 8 8 2 2 2 2 10 10
left_child=-1 2 4 -4 17 6 8 -8 19 10 -7 15 -13 -14 -15 18 21 -2 -9 -6 -19 -17 -5 24 26 -26 27 28 -24 -29
right_child=1 -3 3 22 5 9 7 11 -10 -11 -12 12 13 14 -16 16 -18 20 -20 -21 -22 -23 23 -25 25 -27 -28 29 -30 -31
leaf_value=0.0058978378304212001 -0.0001685011101700742 0.008038370312979163 -0.016518056598018471 -0.037553217847185141 -0.023226348393396296 -0.033977802373094043 -0.031147409825912659 -0.026288296192265775 0.070010213908038937 0.059812658962561188 0.00065007302691611629 -0.038665469309992519 0.049399531710487873 -0.036882433125889152 0.016867713590609828 0.13720849286974976 -0.02552485047640542 -0.05627946742354642 0.021942462970945709 0.025655419664418828 0.042778349818072103 0.049621780907051452 0.023951858925493154 -0.0050005595339982934 -0.028403179321145923 -0.00067338224413590164 0.011100996914486103 -0.029566146082409775 -0.0401629149430274 0.015568346358677199
leaf_weight=4351.8639300838113 51296.912422385067 2060.1244807168841 1348.9674425367266 124.30432423762977 84.604545742273331 203.1270715855062 283.41435011476278 105.59826692938805 152.14429724216461 71.484727526083589 1803.2094988673925 276.99071974307299 327.29795230180025 269.70755950734019 728.6248420663178 24.115647479891777 43.605650953948498 19.470077434554696 330.82465531677008 458.07951907813549 162.60800827108324 248.3834403604269 232.85245656967163 8818.6844878569245 243.92559163272381 29307.164907585829 2228.1823227331042 345.12121246755123 56.244528740644455 121.60673147439957
leaf_count=19182 260287 8832 13923 1272 345 1126 1535 574 624 505 7729 1457 1542 1293 4088 121 253 237 1386 2044 831 1142 983 42172 1055 142461 9555 2073 248 518
internal_value=-1.47294e-05 -0.000267543 -0.00043914 -0.00182056 0.000600796 0.00683075 0.0115248 0.00681345 0.0294156 -0.000699724 -0.00285575 0.0113816 0.00486775 0.013964 0.00234668 0.0252538 0.0459375 -5.40657e-05 0.0102724 0.0180347 0.0321858 0.057373 -0.00134256 -0.00123372 -0.00021271 -0.000902274 0.00661616 -0.00660521 0.0114782 -0.0178063
internal_weight=106129 101777 99717.3 42827.1 56890.2 5411.21 3333.39 2638.56 694.828 2077.82 2006.34 2355.15 1602.62 1325.63 998.332 752.528 316.105 51479 436.423 542.684 182.078 272.499 41478.1 41353.8 32535.1 29551.1 2984.01 755.825 289.097 466.728
internal_count=529393 510211 501379 214260 287119 25764 16404 13391 3013 9360 8855 11856 8380 6923 5381 3476 1516 261355 1960 2389 1068 1263 200337 199065 156893 143516 13377 3822 1231 2591
is_linear=0
shrinkage=0.05


Tree=94
num_leaves=31
num_cat=0
split_feature=10 7 38 9 35 10 32 33 33 33 34 3 12 33 33 33 32 33 13 11 22 32 32 25 34 34 33 33 34 33
split_gain=58.1375 62.206 68.9146 78.9309 78.8572 63.057 127.738 105.47 89.8677 255.54 161.504 81.4333 75.7393 137.245 101.991 87.2907 117.3 111.261 75.2589 71.9798 70.0853 65.013 128.436 76.8909 69.6981 73.1078 91.2965 123.689 233.074 195.187
threshold=0.0058472312343030479 -0.019696298758087923 -0.071498009625884359 0.0055443650184371597 -0.00975609756101181 0.017414721429117871 5.5000000000000009 3742.0000000000005 744.50000000000011 687.50000000000011 4.0262437516319016 -1.0000000180025095e-35 1.1428571428571441 1290.5000000000002 1250.5000000000002 2562.5000000000005 3.5000000000000004 3142.5000000000005 0.0040440288459698001 0.51374304914029623 0.83619507138653992 8.5000000000000018 10.500000000000002 0.65371596509885999 6.9563549442813244 4.682593975884692 1393.5000000000002 2264.5000000000005 3.6068546981106837 2530.5000000000005
decision_type=8 10 8 10 10 8 2 2 2 2 2 10 10 2 2 2 2 2 10 10 10 2 2 10 2 2 2 2 2 2
left_child=-1 2 3 -2 -5 6 7 12 9 -8 -11 -9 15 14 19 -4 -17 18 -18 -14 -16 24 -23 -24 25 26 -10 28 -28 -29
right_child=1 -3 5 4 -6 -7 8 11 21 10 -12 -13 13 -15 20 16 17 -19 -20 -21 -22 22 23 -25 -26 -27 27 29 -30 -31
leaf_value=-0.018693766540993872 0.041706277844029027 0.0037911775115909013 -0.023256869187713011 0.0087311450814672713 0.00058006182196082133 -0.00034820819746818701 -0.0025068433830740667 0.1069086761406287 -0.01915283734907014 0.076291645449930931 0.0083972620746769183 0.0017233556983204598 0.079697390236289078 -0.014688752933785069 0.031436871100778432 -0.02224177094028405 -0.031777045523924199 -0.011264714719870637 0.076072532917694058 0.0013113433467857108 0.12994182968620221 -0.015563340257501973 0.0063520941163281303 -0.013056067165851511 -0.027904972405039499 0.017000360499368303 0.036420935796866408 -0.047479291994287541 -0.007890074811264065 0.0071010830843939304
leaf_weight=414.77715958841145 125.10907124727964 10113.584451369941 1774.6261955499649 3530.082730896771 18609.697817642242 58879.342122524977 885.126678571105 33.171898502856493 497.7733833566308 206.69844195619226 152.00262089818716 41.32213806733489 30.252182230353355 1638.2749422825873 61.496836945414543 259.71169146895409 19.172537703067064 103.03825483843684 103.48208545148373 917.84027226641774 25.563333109021187 2091.4218525011092 1886.1838454566896 699.60973672196269 176.45878892019391 846.83844267576933 609.43521273136139 246.89582930505276 578.4267353489995 486.701515045017
leaf_count=7170 775 47198 13231 16012 84744 281378 4302 286 2424 870 667 426 215 12031 465 2619 146 736 475 6017 172 15312 11573 4333 1078 4702 2635 1547 3008 2766
internal_value=-1.10675e-05 6.22942e-05 -0.000332535 0.0021035 0.00187971 -0.00107298 -0.00404232 -0.010488 -0.000594944 0.0119204 0.0475208 0.048562 -0.0113797 -0.00568356 0.00856844 -0.0181177 0.000671096 0.0270376 0.0592142 0.00381252 0.0603607 -0.00251211 -0.00635045 0.00110104 0.00270288 0.00435656 -6.93333e-05 0.00487444 0.0148438 -0.0112682
internal_weight=106044 105629 95515.8 22264.9 22139.8 73250.9 14371.5 5007.95 9363.57 1243.83 358.701 74.494 4933.46 2673.43 1035.15 2260.03 485.405 225.693 122.655 948.092 87.0602 8119.75 4677.22 2585.79 3442.53 3266.07 2419.23 1921.46 1187.86 733.597
internal_count=529313 522143 474945 101531 100756 373414 92036 36819 55217 5839 1537 712 36107 18900 6869 17207 3976 1357 621 6232 637 49378 31218 15906 18160 17082 12380 9956 5643 4313
is_linear=0
shrinkage=0.05


Tree=95
num_leaves=31
num_cat=0
split_feature=20 1 28 1 28 28 12 32 13 10 26 5 9 9 32 43 12 28 8 5 22 12 10 8 4 26 20 11 20 11
split_gain=69.8411 68.2911 73.1379 63.1109 60.2363 76.5431 76.4856 90.7341 69.5845 60.032 51.9375 112.867 105.893 83.4142 77.7237 128.755 73.5144 71.1269 70.0023 68.5998 60.2433 57.2685 70.6624 65.3631 56.1916 50.0683 49.9215 52.5854 49.234 48.2497
threshold=0.035457837902581869 -0.092024539877299624 -0.13699004497132758 0.18545698842135741 0.28803134552775567 0.20391474366426024 0.77142857142857257 1.5000000000000002 0.02012999083818403 0.0058472312343030479 0.61460063676633447 -0.088888888888887893 0.00752363423090873 0.032622007649468689 11.500000000000002 2.5000000000000004 1.1571428571428577 0.024316358232368492 0.29178738197113446 -0.052383989335824215 0.42403933446095848 2.2785714285714307 0.0089591209302084997 0.034188707498932776 -0.022686747639662826 0.73057558352682406 0.66737728701478305 0.96511889676918827 0.85645147361425511 0.60734923150179554
decision_type=8 8 8 10 8 10 10 2 8 8 10 10 10 10 2 2 10 10 10 8 10 10 10 10 10 10 10 8 8 8
left_child=-1 2 -2 4 5 9 7 -7 -6 -3 11 17 24 18 20 16 -16 -11 -14 -20 -13 22 -17 -24 -12 -10 27 -21 -4 -19
right_child=1 3 28 -5 8 6 -8 -9 25 10 12 14 13 -15 15 21 -18 29 19 26 -22 -23 23 -25 -26 -27 -28 -29 -30 -31
leaf_value=-0.017698967318591729 0.03317389378154946 -0.0200856991245007 0.015843485020594308 0.013183733859546751 0.043245553170906018 -0.043191101215280067 0.0052412664332908716 0.040062318930434049 -0.021723617021961086 0.0055114194476107679 0.13453589748293143 -0.0066439460362817358 -0.0050641577704449723 0.00071432649289739308 -0.02196071228689794 0.085715380588845827 0.0078155497430019566 0.010230279001301433 0.039595015670221292 0.0024035154287878092 -0.00059501287507076673 -0.00068896032497982795 -0.004523107042814562 0.020964284433651205 0.024687455765928814 -0.00090188347068705967 -0.0017983293810163422 0.03094412585287808 -0.00057600867959755578 -0.00416831031212725
leaf_weight=550.01963089592755 270.73281913995743 378.19072258658707 721.47747294604778 896.77485011518002 56.52080474793911 36.668578468263149 1757.0303737297654 304.46083955466747 732.31635757535696 15333.501797992736 20.911944545805454 4767.0357533786446 17446.108581602573 20203.220278263092 502.59380210377276 37.362356334924698 352.78975159674883 696.08807725459337 122.40879058837891 416.03005009889603 30146.50078465417 563.67789167910814 309.69017108529806 1339.8711295872927 26.262463744729757 476.62229581177235 2512.6551233530045 263.68028070032597 1243.3024227768183 3544.603365149349
leaf_count=4047 1215 6658 3098 3833 325 170 7718 1390 4595 74692 122 30426 82783 87515 3179 238 1845 3361 577 1873 163811 2579 1567 6070 210 2079 11058 1219 5414 16014
internal_value=7.18308e-05 0.000164496 0.00881043 -2.27122e-05 -0.000138429 -2.7066e-06 0.00944767 0.0311133 -0.0109795 -0.000203027 -0.000126769 0.000841565 -0.00148664 -0.00157286 -0.000746635 0.00683287 -0.00967995 0.00392637 -0.0037986 0.00286218 -0.00142092 0.0131089 0.0177194 0.0161793 0.0733822 -0.0135147 0.00145369 0.0134753 0.00545332 -0.00180485
internal_weight=106029 105479 2235.51 103244 102347 101081 2098.16 341.129 1265.46 98983.2 98605 57593.7 41011.3 40964.1 38019.5 3105.99 855.384 19574.2 20760.9 3314.77 34913.5 2250.6 1686.92 1649.56 47.1744 1208.94 3192.37 679.71 1964.78 4240.69
internal_count=529681 525634 9727 515907 512074 505075 9278 1560 6999 495797 489139 303782 185357 185025 209715 15478 5024 94067 97510 14727 194237 10454 7875 7637 332 6674 14150 3092 8512 19375
is_linear=0
shrinkage=0.05


Tree=96
num_leaves=31
num_cat=0
split_feature=33 33 33 33 34 43 32 43 8 33 33 34 25 5 10 33 33 33 32 32 34 33 34 13 33 38 34 33 32 10
split_gain=63.3822 231.68 209.229 212.069 213.922 193.629 151.784 123.202 132.264 128.991 335.076 125.94 123.054 122.371 116.707 109.198 184.011 227.86 190.963 189.75 244.668 173.98 173.007 149.941 146.196 158.168 185.673 142.766 173.276 140.475
threshold=1347.5000000000002 1318.5000000000002 1569.5000000000002 1484.5000000000002 3.6415248988725928 3.5000000000000004 8.5000000000000018 3.5000000000000004 0.26994676391683442 1927.5000000000002 2577.5000000000005 1.9387157803292638 0.63711981566820286 -0.15521307045738461 0.01306838743392586 535.50000000000011 643.50000000000011 727.50000000000011 7.5000000000000009 3.5000000000000004 5.4640436245585393 1129.5000000000002 2.1101948345363803 0.023189694241963484 1276.5000000000002 -0.021475803174898164 3.925925918121195 687.50000000000011 9.5000000000000018 0.018434627152242006
decision_type=2 2 2 2 2 2 2 2 10 2 2 2 10 10 10 2 2 2 2 2 2 2 2 8 2 10 2 2 2 10
left_child=1 15 3 -2 5 -5 13 -8 9 -9 -11 -12 14 -4 -7 23 -17 27 19 20 -19 22 -20 -1 25 -21 -27 -18 29 -29
right_child=2 -3 6 4 -6 12 7 8 -10 10 11 -13 -14 -15 -16 16 17 18 21 24 -22 -23 -24 -25 -26 26 -28 28 -30 -31
leaf_value=0.011936726716375218 0.0020909528885453325 -0.025837213059253641 0.0088652815384613406 -0.01244623728900629 0.0038669719580741477 0.10505720351629617 -0.00033685698269443723 -0.026369856701746748 0.00086494419440544864 0.015784362974824856 0.046424902354772049 -0.019769131014134536 0.022148035170090938 0.00071004677005579017 0.044733470403093945 -0.013878290643806301 0.0001267398213300611 -0.010557530737917528 0.040765568737795563 0.021043126502793757 0.029056208394622435 0.0026332752285785433 -0.015266005924434792 -8.4804155085468979e-06 -0.010369339662057718 -0.0071624604800843879 0.02132756052926775 0.047778468297461553 -0.037066496959821837 0.015150216112985516
leaf_weight=3153.2173520252109 4242.6812047474086 949.41253311559558 5426.3500003665686 215.95872288942337 1212.2379257120192 90.932041704654694 11516.201128635556 1364.3657547198236 2478.9380484074354 1031.125815346837 73.956113416701555 2531.1449102815241 636.73153020441532 30200.855462400243 678.02006439864635 3395.2594100981951 1469.3929935656488 3970.0431874543428 141.25495629012585 2101.1767153069377 432.22201257199049 2211.7521154731512 5575.4748580493033 15744.701335243881 979.33484604209661 1683.5334531627595 866.07358253002167 505.77326637506485 115.74825393408537 948.53435573726892
leaf_count=15666 19584 4573 24371 1047 5627 423 61361 7635 11049 5169 338 13952 2919 158445 3150 17305 6459 24767 615 9334 2498 10046 27912 72387 5011 7234 3829 2185 513 3893
internal_value=3.99828e-05 -0.00140425 0.0010756 0.009165 0.0197557 0.0316332 2.7596e-05 -0.003582 -0.00857854 -0.0132599 -0.00834092 -0.01789 0.0384052 0.00195216 0.051867 -0.000868445 -0.00307857 -0.00133251 -0.00347503 0.00110823 -0.00666819 -0.0092745 -0.0138815 0.00198464 0.00718871 0.010886 0.00251529 0.0113282 0.0218114 0.0264975
internal_weight=105942 44242.9 61699.5 7076.56 2833.88 1621.64 54622.9 18995.7 7479.53 5000.59 3636.23 2605.1 1405.68 35627.2 768.952 43293.5 24395.6 21000.3 17960.9 10032.4 4402.27 7928.48 5716.73 18897.9 5630.12 4650.78 2549.61 3039.45 1570.06 1454.31
internal_count=529297 214227 315070 32750 13166 7539 282320 99504 38143 27094 19459 14290 6492 182816 3573 209654 121601 104296 91246 52673 27265 38573 28527 88053 25408 20397 11063 13050 6591 6078
is_linear=0
shrinkage=0.05


Tree=97
num_leaves=31
num_cat=0
split_feature=3 14 38 0 10 7 32 25 38 25 32 13 7 12 10 8 7 32 9 34 38 10 32 8 29 26 7 37 43 6
split_gain=55.4005 75.8568 70.0849 52.6356 48.4802 43.6781 51.4612 54.7075 47.7641 42.0407 92.7005 76.9004 73.0137 73.2711 66.4148 79.9218 59.4395 92.514 67.2934 106.316 67.1176 62.2077 82.7953 59.7619 59.7599 57.9724 59.0522 56.6234 54.3597 57.2252
threshold=-0.12264150943396467 1.0000000180025095e-35 -0.28752832966236114 0.083333333333333717 0.0058472312343030479 -0.36975767051006442 8.5000000000000018 0.021768747778699211 -0.16491652971280149 0.57833041567981336 11.500000000000002 0.0017224911899351035 -0.08799307102522079 27.910714285714274 0.014180288612717728 0.14346811348830305 -0.06060606060606049 9.5000000000000018 0.0069034143891076229 4.1116928651754314 -0.065605707729031557 0.016268358899423064 5.5000000000000009 0.17391304347826089 -0.082322321381146146 0.49242417285741841 -0.25281250439453806 -0.022689864448152627 5.5000000000000009 58.044687330802248
decision_type=10 8 8 10 8 8 2 10 8 8 2 10 10 10 10 10 10 2 10 2 8 8 2 10 10 10 8 10 2 10
left_child=1 5 -2 4 -4 -1 7 -7 -9 10 16 -11 13 -12 15 -13 18 24 19 25 -20 22 -22 -21 -18 26 -6 -23 -16 -30
right_child=2 -3 3 -5 9 6 -8 8 -10 11 12 14 -14 -15 28 -17 17 -19 20 23 21 27 -24 -25 -26 -27 -28 -29 29 -31
leaf_value=0.02643326870402405 -0.027297740886856499 -0.0013240548823762015 -0.017756011287306955 0.0079457140417499399 0.058923637229234327 -0.010750058953109234 -0.0013543760812944009 0.032597342415102974 0.011527742393798241 -0.018672962398580451 0.0047788958593322104 -0.0091808164618984046 0.018959775445651469 -0.055131294348423815 -0.00012335956630249591 0.014489223261277244 0.016638855884203347 -0.014804921828837881 0.0015062551879618286 -0.00060457305078117176 -0.01813711309589458 -0.0047941452521968204 -0.0027313183526420735 -0.062258842763166955 0.0038639380274627226 0.090750197475946606 0.01473069729436579 0.00038221228453791801 0.0086819224019389005 -0.013959564091228602
leaf_weight=374.67405480146408 239.2154284492135 2564.1034412533045 399.00100193731487 1943.9236428886652 91.383194528520107 201.48429021239281 909.07042934000492 366.81480897963047 1008.5691852048039 639.58564619533718 4187.9737445339561 3964.7143414095044 1018.1381771974266 51.664974704384804 36230.905258543789 391.86928912252188 1153.2358033955097 560.74096002243459 16574.443291418254 343.56233531795442 1402.8424690887332 8481.8331198394299 2305.2667999789119 44.381405219435692 4439.775432324037 32.923254188150167 437.41819853521883 14008.638232991099 351.93563908338547 1347.9464091658592
leaf_count=1691 1016 11831 7115 8318 558 860 3955 1662 4550 5866 19131 26152 5227 229 170413 2056 5499 3457 77407 2567 10622 43383 13337 243 24443 224 3335 67529 1564 5935
internal_value=-9.04565e-07 0.00492106 -0.000266201 -0.000201797 -0.000362656 0.0105189 0.00812028 0.0135825 0.017147 -0.000291884 0.000621622 -0.00146517 0.00693624 0.00404882 -0.0012049 -0.00705173 -4.40406e-05 0.00455686 -0.000691595 0.0124728 -0.000983878 -0.00255925 -0.0085596 -0.00765792 0.00649803 0.0263757 0.0223678 -0.00156995 -0.000533358 -0.00927198
internal_weight=106068 5424.72 100643 100404 98460.2 2860.61 2485.94 1576.87 1375.38 98061.2 55134.2 42927 5257.78 4239.64 42287.4 4356.58 49876.4 6153.75 43722.7 949.668 42773 26198.6 3708.11 387.944 5593.01 561.725 528.801 22490.5 37930.8 1699.88
internal_count=530175 24549 505626 504610 496292 12718 11027 7072 6212 489177 277191 211986 24587 19360 206120 28208 252604 33399 219205 6927 212278 134871 23959 2810 29942 4117 3893 110912 177912 7499
is_linear=0
shrinkage=0.05


Tree=98
num_leaves=31
num_cat=0
split_feature=10 28 28 34 37 1 28 43 34 32 10 11 43 43 6 38 25 22 32 5 13 9 34 10 32 34 5 32 32 11
split_gain=50.7137 51.6434 67.3904 83.4048 61.2831 55.8129 76.4759 56.782 51.7882 72.2207 58.4801 47.5128 50.445 65.416 62.3005 49.77 45.5612 44.8882 43.772 43.0776 42.7034 43.1621 93.0662 57.8717 56.0163 52.2888 72.1475 54.6422 51.5713 42.5875
threshold=0.0058472312343030479 0.28803134552775567 0.20391474366426024 2.4024201905583298 0.32825188707783065 -0.072581110747749852 -0.070968263869946577 1.0000000180025095e-35 4.1643366321769415 9.5000000000000018 0.038187616872043924 1.2937058766151377 6.5000000000000009 5.5000000000000009 58.659119864842978 0.192557199381893 0.50589975635224516 0.21729155458332283 5.5000000000000009 -0.12881451077179759 0.020302352502249512 0.026177254286307221 4.1375633628724646 0.02692465029137683 6.5000000000000009 3.9009615468842616 1.1051621911922638 10.500000000000002 5.5000000000000009 1.6677284513836346
decision_type=8 8 10 2 8 10 10 2 2 2 8 8 2 2 10 10 10 10 2 10 8 10 2 10 2 2 8 2 2 10
left_child=16 2 4 -4 5 6 7 -2 9 -5 -11 -7 13 17 18 -15 -1 19 -14 -13 -3 22 -22 -24 28 27 -27 -26 -23 -19
right_child=1 20 3 8 -6 11 -8 -9 -10 10 -12 12 14 15 -16 -17 -18 29 -20 -21 21 24 23 -25 25 26 -28 -29 -30 -31
leaf_value=-0.0024506496402217949 -0.012114753793619572 0.032329130253380217 0.039936133943646146 0.015108455398909221 0.015166781029509288 9.7904643423754844e-05 0.00079042168399575058 0.019101743057617179 -0.006120885364238879 -0.040072627012688711 0.025514424514202844 0.026464714355713105 0.032015568957887243 -0.030413582803907959 -0.0072829520969883215 0.01487312873452881 -0.036554720161710803 -0.0038196104825422971 -0.037766618505073173 -0.020166048359567743 -0.038614302729611714 -0.0082267255126367636 0.010471978762929442 -0.080319980284869918 0.025613932486217097 -0.026700860916300619 0.043370191324271994 -0.04912989828108251 -0.059763291531420772 0.023066141576043656
leaf_weight=216.28128907456994 165.90694592893124 58.2396569699049 195.59220536053181 1259.1073579862714 660.7397323101759 83327.491983646527 2737.5104527324438 1194.5172721296549 633.62044700235128 113.20045402646065 48.569228991866112 228.30094746500254 286.3524469062686 360.59929656982422 242.3348391726613 72.940815895795822 178.96743190847337 12327.904553590342 24.386019133031368 63.248660963028669 335.93990184366703 153.10223059356213 208.0981413051486 19.168050050735474 274.25641463696957 184.04498393833637 45.896203622221947 26.845682710409164 71.077437549829483 149.07254394888878
leaf_count=2963 825 323 904 5587 2820 418838 11923 5255 2780 484 198 1028 1220 1594 1053 311 4217 58893 109 355 2480 688 1373 88 1215 794 192 109 318 767
internal_value=-1.62514e-05 5.07425e-05 0.000177983 0.00873699 -1.11209e-05 -0.000110237 0.00560556 0.0152948 0.00576678 0.0110679 -0.020381 -0.000351506 -0.003074 -0.00369375 0.0117197 -0.0227943 -0.0178929 -0.00304521 0.0265392 0.0163487 -0.00957002 -0.0114209 -0.0218969 0.00281442 -0.00360837 0.00523917 -0.0127147 0.0189499 -0.0245667 -0.00349838
internal_weight=105863 105468 104091 2250.09 101841 101181 4097.93 1360.42 2054.5 1420.88 161.77 97082.6 13755.1 13202.1 553.073 433.54 395.249 12768.5 310.738 291.55 1376.67 1318.43 563.206 227.266 755.223 531.043 229.941 301.102 224.18 12477
internal_count=529704 522524 514944 9953 504991 502171 18003 6080 9049 6269 682 484168 65330 62948 2382 1905 7180 61043 1329 1383 7580 7257 3941 1461 3316 2310 986 1324 1006 59660
is_linear=0
shrinkage=0.05


Tree=99
num_leaves=31
num_cat=0
split_feature=20 33 33 43 34 34 33 43 5 10 34 13 12 38 34 7 43 32 33 33 43 34 33 43 32 33 19 34 32 32
split_gain=57.2593 53.5755 213.583 158.61 125.042 113.935 109.592 138.702 91.5157 78.6192 73.467 80.0052 123.129 121.995 89.1845 74.1273 121.285 108.14 68.6313 219.287 181.2 149.365 243.754 153.341 136.244 135.676 125.058 122.658 246.432 227.579
threshold=0.065873700495458432 175.50000000000003 241.50000000000003 1.0000000180025095e-35 3.9636657876454908 6.4795076050331133 122.50000000000001 1.0000000180025095e-35 -0.27222222222222214 0.022807001649999822 2.3748949377990178 0.026951258507006842 2.1357142857142883 -0.015565535204382917 3.2248559203275584 -0.20966913105460319 1.0000000180025095e-35 2.5000000000000004 1360.5000000000002 1597.5000000000002 3.5000000000000004 3.6415248988725928 1393.5000000000002 3.5000000000000004 10.500000000000002 1393.5000000000002 -0.34820341211236072 4.4676306073866963 3.5000000000000004 7.5000000000000009
decision_type=8 2 2 2 2 2 2 2 10 10 2 8 10 10 2 8 2 2 2 2 2 2 2 2 2 2 10 2 2 2
left_child=-1 6 3 4 -3 -6 10 8 -8 -5 -2 12 13 -12 -15 -13 -17 -18 27 21 -21 22 -20 -24 -25 -23 -22 29 -29 -4
right_child=1 2 18 9 5 -7 7 -9 -10 -11 11 15 -14 14 -16 16 17 -19 19 20 26 25 23 24 -26 -27 -28 28 -30 -31
leaf_value=-0.013508006709499646 -0.046002871776741866 0.013647114913623951 -0.0073334403585828579 -0.033555246349443311 0.047067005050535474 -0.065742499673422841 0.030429433748433474 0.0021257986660729832 -0.032536293989814051 0.0047835113114087285 0.03305415836993645 -0.031326982492676875 -0.013187618774762766 -0.058881969493387046 0.010414496621151688 -0.011343380819880913 -0.023275855928687458 0.017403166898502041 -0.014727975155873669 0.0029174281315669671 -0.0068303210819645986 0.02806499390117391 -0.0077268555270134306 0.017157479013186337 0.039996170308921011 -0.0037402667085333825 -3.7760170318228797e-05 0.019403053188653981 -0.0011448842251026955 0.0017031509406607475
leaf_weight=783.60382271744311 86.446000516414642 1058.7055200412869 15687.011119000614 167.64051925390959 556.64093125611544 23.319940596818924 61.84784197807312 628.65190774947405 861.87412855029106 660.83558970689774 625.62952296435833 228.6412375420332 359.43292946368456 65.789148241281509 157.79594587534666 1431.713348634541 197.06993691623211 955.5093055665493 605.56333431601524 25313.476052880287 11815.141777843237 384.81527686864138 459.90397411212325 2542.2142400294542 878.7096940651536 2606.4317647591233 15888.420298662037 1901.6037833169103 6271.2464141398668 12534.278382822871
leaf_count=6005 411 4827 79890 795 2434 99 264 2712 5572 2795 2907 946 1801 293 708 8423 863 4042 2659 133642 61701 1773 2208 11086 4301 12828 77558 10155 29085 56630
internal_value=-4.22601e-05 5.82177e-05 0.000327775 0.0148554 0.0238698 0.042531 -0.00467327 -0.0159909 -0.0283204 -0.00297426 -0.000396491 0.000583843 0.0113426 0.021725 -0.00997575 -0.00403891 -0.00162464 0.0104478 -4.21522e-05 0.000990019 -0.000140538 0.00900575 0.0147759 0.0193797 0.0230239 0.000351388 -0.00293468 -0.00175784 0.00363607 -0.0033199
internal_weight=105800 105016 99356 2467.14 1638.67 579.961 5660.4 1552.37 923.722 828.476 4108.03 4021.58 1208.65 849.215 223.585 2812.93 2584.29 1152.58 96888.8 60494.7 53017 7477.64 4486.39 3880.83 3420.92 2991.25 27703.6 36394.1 8172.85 28221.3
internal_count=529413 523408 494466 10950 7360 2533 28942 8548 5836 3590 20394 19983 5709 3908 1001 14274 13328 4905 483516 307756 272901 34855 20254 17595 15387 14601 139259 175760 39240 136520
is_linear=0
shrinkage=0.05


Tree=100
num_leaves=31
num_cat=0
split_feature=34 43 38 43 43 37 10 34 5 26 43 28 7 10 32 19 10 32 28 32 14 14 32 32 34 43 26 34 12 7
split_gain=50.2551 163.38 250.774 114.179 99.7875 134.57 116.517 94.1137 121.463 168.639 92.9277 90.0806 84.5552 82.0318 76.179 74.4823 73.1777 72.5321 115.658 100.748 72.1507 68.1997 62.9041 84.942 71.6824 67.4166 63.1354 62.1613 60.4518 59.7131
threshold=3.0468977391027221 2.5000000000000004 -0.050632911392457174 1.0000000180025095e-35 3.5000000000000004 -0.037403409953535575 0.040603276923862668 3.7316987250416642 -0.069772057856823042 0.24433954203691047 1.0000000180025095e-35 0.33634340271173435 -0.33529267801099871 0.01149028686932321 3.5000000000000004 0.65875679389732378 0.051510984502144669 10.500000000000002 0.19432262542264125 1.5000000000000002 3.5000000000000004 1.0000000180025095e-35 1.5000000000000002 2.5000000000000004 3.0841983033087499 1.5000000000000002 0.21162215360167583 2.788088175025528 54.667857142857144 -0.41538994985596916
decision_type=2 2 8 2 2 8 10 2 10 10 2 8 10 8 2 8 10 2 10 2 8 10 2 2 2 2 10 2 10 8
left_child=1 2 12 -4 6 -6 7 8 11 -10 -11 20 -1 -9 -5 17 29 18 27 -20 22 -15 24 -24 -2 -26 -27 -3 -8 -7
right_child=4 15 3 14 5 16 28 13 9 10 -12 -13 -14 21 -16 -17 -18 -19 19 -21 -22 -23 23 -25 25 26 -28 -29 -30 -31
leaf_value=0.015437248910624602 -0.049856755916590431 -0.0025676603628359798 -0.029585860037005723 -0.019388431181290428 -0.0099837000794100773 -0.03757033546556815 0.012034892982967506 -0.01130911022008149 -0.02592091784868545 -0.021962108951567659 -0.0014627947640220959 -0.034524748365147184 0.0011311113341063177 0.0044548970241609018 -0.0044604098691235598 0.010649440341269733 -0.023284716639745524 0.011395516631450364 -0.03457047947776714 0.033191565421752223 0.044756284838814664 -0.0047202834184090596 -0.025835658963460479 0.0016345711175651638 0.038049584044224073 0.059477094822114655 -0.010970523696450414 0.0054318067320517846 -0.04116266539522468 -0.00090869978320628369
leaf_weight=1239.3554620072246 36.45244263112545 6789.1503666080534 687.59688771516085 1103.4229896161705 5084.4616074562073 111.43160128593445 2765.9459202811122 1007.8211898580194 1091.1871507801116 636.62986341863871 4200.9596264585853 169.38734792917967 6198.550965692848 16549.465722983703 3790.0934984236956 4261.4956563524902 373.38061882555485 2176.1346917524934 62.619163021445274 442.32556129992008 99.00710417330265 2307.7392814382911 295.11182638257742 6060.5745318084955 300.24437890946865 38.658390451222658 179.36973817646503 3780.9619825221598 54.454425379633904 33966.745122630149
leaf_count=5458 175 32237 3323 7936 24403 475 11618 11126 8182 3132 22440 1421 29638 85314 19821 19240 1550 9901 270 1978 429 10152 1747 29477 1240 217 975 18394 223 167527
internal_value=3.4667e-05 0.00174586 -0.00249625 -0.0105073 -0.000658897 -0.00239043 0.0012537 0.000419361 -0.00286918 -0.0081655 -0.00416052 0.00150491 0.0035149 0.00258925 -0.00782648 0.00489946 -0.00126979 0.0030503 0.00141055 0.0247883 0.00237559 0.00333204 0.00176839 0.000359054 0.0179157 0.0226824 0.00152049 0.000293774 0.0110078 -0.00102858
internal_weight=105861 30531.7 13019 5581.11 75329 39536 35793 32972.6 13107.6 5928.78 4837.59 7178.81 7437.91 19865 4893.52 17512.7 34451.6 13251.2 11075.1 504.945 7009.42 18857.2 6910.41 6355.69 554.725 518.273 218.028 10570.1 2820.4 34078.2
internal_count=530019 148196 66176 31080 381823 193955 187868 176027 69435 33754 25572 35681 35096 106592 27757 82020 169552 62780 52879 2248 34260 95466 33831 31224 2607 2432 1192 50631 11841 168002
is_linear=0
shrinkage=0.05


Tree=101
num_leaves=31
num_cat=0
split_feature=5 28 33 33 33 13 33 12 33 28 5 12 34 32 11 12 5 34 34 33 34 34 33 33 34 33 32 32 5 32
split_gain=53.4198 69.2455 56.7644 259.677 166.606 149.107 155.857 152.945 143.445 224.661 140.235 121.88 111.773 108.553 108.181 136.549 105.516 109.74 101.391 100.002 111.957 231.256 99.1735 416.257 227.12 266.65 173.387 135.03 122.421 110.086
threshold=-0.26484583389845939 0.025973087614442263 3264.5000000000005 3093.5000000000005 3012.5000000000005 0.019768064042767559 3342.5000000000005 0.46428571428571441 2964.5000000000005 0.017368795385806612 0.42477876106194795 2.5357142857142878 2.2565274485401434 8.5000000000000018 1.0251791688998504 0.83571428571428541 -0.039873267147833395 4.0491724635231083 3.8210030072102503 3724.5000000000005 4.3595612123654126 3.2352410579795579 2297.5000000000005 2235.5000000000005 4.4290293104806002 2530.5000000000005 10.500000000000002 8.5000000000000018 0.48387096774193478 6.5000000000000009
decision_type=8 10 2 2 2 10 2 10 2 10 10 10 2 2 10 10 10 2 2 2 2 2 2 2 2 2 2 2 10 2
left_child=1 -1 3 4 8 19 7 12 22 -10 13 -12 -7 16 -8 -16 17 -5 -11 -4 21 -21 23 -2 25 -24 -27 29 -29 -26
right_child=2 -3 5 10 -6 6 14 -9 9 18 11 -13 -14 -15 15 -17 -18 -19 -20 20 -22 -23 24 -25 27 26 -28 28 -30 -31
leaf_value=0.0078682907991428526 -0.00028723648616147773 -0.0086326164005628217 -0.023906457617984531 0.046913128544686433 -0.016004573560572045 -0.010782827171797319 0.0078729742603207194 -0.018119947572674468 0.038961804661575686 0.014728458513110868 0.013987757235250668 -0.027418339343680431 0.092860992407316587 -0.013247224648398562 -0.033966077632620655 -0.00086953533199443276 0.013500036932313967 0.0097682903473734674 -0.021945056342141042 -0.045799095623270163 -0.036076677311137256 0.066015636916727724 -0.010682696387818543 0.024406582211847171 -0.015499205608551898 0.0089752446706863574 -0.01032290722183949 -0.034156126587649431 0.019244393180173479 0.0075768994598704262
leaf_weight=3879.9533631056547 67183.8077339679 760.39617978036404 1301.2293105851859 570.15696358680725 1701.4932729676366 48.979585886001587 3756.5411940701306 1655.4132522121072 594.48699703067541 411.13964735716581 337.31024460494518 375.64564935863018 55.475985132157803 280.34886198490858 358.16030129045248 2399.6826370358467 2249.7354012541473 305.32422501966357 347.97878364101052 69.446858869865537 98.438517702743411 138.38971447572112 4230.4935131613165 1751.0528166368604 1648.5916196443141 5808.271100345999 1455.6163772009313 1076.2313228361309 119.21430496871471 752.84419895336032
leaf_count=16847 330969 3243 13264 2685 9912 227 18733 8402 2787 1790 1656 1676 298 1459 2039 11520 10614 1442 1574 1080 1126 1476 21739 8004 8827 28950 6832 6202 505 3681
internal_value=-8.12969e-05 0.00516435 -0.000322109 6.79161e-05 -0.000512312 -0.00392169 -0.00121453 -0.0144173 -0.000203573 0.0159436 0.0123361 -0.00782849 0.044262 0.0165576 0.00235222 -0.00516777 0.0192313 0.0339589 -0.00208263 -0.0178561 0.00784898 0.0286537 -0.000463693 0.000340025 -0.00413497 -0.000703702 0.00510807 -0.0151001 -0.0288308 -0.0082649
internal_weight=105722 4640.35 101082 91199.7 87081.2 9881.76 8274.25 1759.87 85379.7 1353.61 4118.52 712.956 104.456 3405.57 6514.38 2757.84 3125.22 875.481 759.118 1607.5 306.275 207.837 84026.1 68934.9 15091.3 11494.4 7263.89 3596.88 1195.45 2401.44
internal_count=529559 20090 509469 451304 431772 58165 41219 8927 421860 6151 19532 3332 525 16200 32292 13559 14741 4127 3364 16946 3682 2556 415709 338973 76736 57521 35782 19215 6707 12508
is_linear=0
shrinkage=0.05


Tree=102
num_leaves=31
num_cat=0
split_feature=32 12 34 33 33 28 33 33 33 10 33 33 33 10 33 43 34 33 12 33 33 32 33 34 33 33 32 28 12 12
split_gain=53.3587 116.016 115.11 179.971 201.394 174.546 148.603 404.481 175.374 255.785 236.412 205.861 167.675 255.434 201.504 139.93 134 126.802 116.346 114.146 235.341 301.614 300.11 334.764 252.664 225.843 181.816 221.395 182.082 167.508
threshold=8.5000000000000018 1.0000000180025095e-35 4.0732907908693168 3326.5000000000005 2283.5000000000005 inf 1555.5000000000002 1484.5000000000002 2206.5000000000005 0.039170282950968908 2283.5000000000005 2235.5000000000005 744.50000000000011 0.022630914177689386 1129.5000000000002 3.5000000000000004 2.6706884280042424 337.50000000000006 1.328571428571429 2530.5000000000005 2696.5000000000005 6.5000000000000009 3059.5000000000005 4.0732907908693168 3142.5000000000005 3093.5000000000005 7.5000000000000009 0.0041291161804993572 1.6357142857142872 4.8071428571428614
decision_type=2 8 2 2 2 8 2 2 2 10 2 2 2 8 2 2 2 2 10 2 2 2 2 2 2 2 2 10 10 10
left_child=19 -2 5 4 -4 6 7 12 9 -8 11 -10 13 16 -14 -9 -3 -18 -15 29 -21 22 -22 24 25 -24 27 -23 -28 -1
right_child=1 2 3 -5 -6 -7 8 15 10 -11 -12 -13 14 18 -16 -17 17 -19 -20 20 21 26 23 -25 -26 -27 28 -29 -30 -31
leaf_value=-0.0015564881663480132 -0.029229202084929146 0.062788435150869973 -0.0033003387652949323 0.011600975694437649 -0.018685001250936275 -0.040029053657219316 -0.016998955203285034 -0.027803693718556923 -0.0015016481251968661 0.025372668009039395 -0.0023806244944599136 0.039443436560140419 -0.013382068687776081 0.0097522618528811302 0.0056364760159225633 0.037313387536748642 -0.024585532053890469 0.025656308599698592 -0.0065379227125362946 0.021742160056302952 -0.015683545210950799 0.0012535316124421777 0.0037589676536465967 -0.0095484865564547088 0.0045535165965861664 0.048190028713265061 -0.01152209022906915 0.036345140953376216 0.016701375539869934 0.0064140292320665222
leaf_weight=43673.994281169027 374.49493058025837 213.2143627628684 7987.0182075835764 1407.6799086034298 2899.4257434085011 260.49783766269684 3141.3586891144514 89.10025804489851 553.78462930768728 401.72442589700222 7370.3554907087237 688.80823767930269 2881.6707260869443 2285.8484656363726 2695.4888517819345 1113.9360408112407 142.00359722971916 1086.109860651195 2105.8348934352398 1753.586707778275 2966.9969476088881 678.9869792945683 460.46135788410902 3072.1524818111211 3179.6925661116838 754.88516329601407 1045.3765764124691 1329.6925027221441 1260.5438110455871 7763.5484608672559
leaf_count=217399 5629 879 40043 7790 15249 2200 15922 379 2587 1654 36931 3278 14522 10044 12058 5354 653 4695 9313 8189 15731 3382 2533 17178 17765 3666 5030 6682 5716 37158
internal_value=-2.97171e-05 -0.00153828 -0.00126044 -0.00522243 -0.00739779 0.000685614 0.00111381 0.00491579 -0.00283116 -0.0121947 0.00102071 0.0211955 0.00200843 0.0079352 -0.00419024 0.0324906 0.0261993 0.019847 0.00194103 0.000807351 0.00442565 0.00236677 -0.00223111 0.00311405 0.0119652 0.0313563 0.013486 0.0244832 0.00390642 -0.000353486
internal_weight=105638 37698.4 37323.9 12294.1 10886.4 25029.7 24769.2 12613.2 12156 3543.08 8612.95 1242.59 11410.2 5833.01 5577.16 1203.04 1441.33 1228.11 4391.68 67939.9 16502.4 14748.8 10434.2 7467.19 4395.04 1215.35 4314.6 2008.68 2305.92 51437.5
internal_count=529609 189180 183551 63082 55292 120469 118269 57897 60372 17576 42796 5865 52164 25584 26580 5733 6227 5348 19357 340429 85872 77683 56873 41142 23964 6199 20810 10064 10746 254557
is_linear=0
shrinkage=0.05


end of trees

feature_importances:
Column_33=838
Column_32=488
Column_34=247
Column_43=181
Column_10=172
Column_28=133
Column_5=122
Column_12=121
Column_38=92
Column_7=87
Column_9=82
Column_13=76
Column_8=69
Column_11=52
Column_26=51
Column_20=38
Column_25=31
Column_0=26
Column_35=26
Column_1=23
Column_37=23
Column_3=18
Column_19=18
Column_4=16
Column_2=13
Column_14=12
Column_29=10
Column_39=8
Column_22=7
Column_6=6
Column_36=3
Column_17=1

parameters:
[boosting: gbdt]
[objective: binary]
[metric: binary_logloss]
[tree_learner: serial]
[device_type: cpu]
[data_sample_strategy: bagging]
[data: ]
[valid: ]
[num_iterations: 500]
[learning_rate: 0.05]
[num_leaves: 31]
[num_threads: 1]
[seed: 42]
[deterministic: 0]
[force_col_wise: 0]
[force_row_wise: 0]
[histogram_pool_size: -1]
[max_depth: -1]
[min_data_in_leaf: 100]
[min_sum_hessian_in_leaf: 0.001]
[bagging_fraction: 0.8]
[pos_bagging_fraction: 1]
[neg_bagging_fraction: 1]
[bagging_freq: 1]
[bagging_seed: 400]
[bagging_by_query: 0]
[feature_fraction: 0.8]
[feature_fraction_bynode: 1]
[feature_fraction_seed: 30056]
[extra_trees: 0]
[extra_seed: 12879]
[early_stopping_round: 0]
[early_stopping_min_delta: 0]
[first_metric_only: 0]
[max_delta_step: 0]
[lambda_l1: 0]
[lambda_l2: 0]
[linear_lambda: 0]
[min_gain_to_split: 0]
[drop_rate: 0.1]
[max_drop: 50]
[skip_drop: 0.5]
[xgboost_dart_mode: 0]
[uniform_drop: 0]
[drop_seed: 17869]
[top_rate: 0.2]
[other_rate: 0.1]
[min_data_per_group: 100]
[max_cat_threshold: 32]
[cat_l2: 10]
[cat_smooth: 10]
[max_cat_to_onehot: 4]
[top_k: 20]
[monotone_constraints: ]
[monotone_constraints_method: basic]
[monotone_penalty: 0]
[feature_contri: ]
[forcedsplits_filename: ]
[refit_decay_rate: 0.9]
[cegb_tradeoff: 1]
[cegb_penalty_split: 0]
[cegb_penalty_feature_lazy: ]
[cegb_penalty_feature_coupled: ]
[path_smooth: 0]
[interaction_constraints: ]
[verbosity: -1]
[saved_feature_importance_type: 0]
[use_quantized_grad: 0]
[num_grad_quant_bins: 4]
[quant_train_renew_leaf: 0]
[stochastic_rounding: 1]
[linear_tree: 0]
[max_bin: 255]
[max_bin_by_feature: ]
[min_data_in_bin: 3]
[bin_construct_sample_cnt: 200000]
[data_random_seed: 175]
[is_enable_sparse: 1]
[enable_bundle: 1]
[use_missing: 1]
[zero_as_missing: 0]
[feature_pre_filter: 1]
[pre_partition: 0]
[two_round: 0]
[header: 0]
[label_column: ]
[weight_column: ]
[group_column: ]
[ignore_column: ]
[categorical_feature: ]
[forcedbins_filename: ]
[precise_float_parser: 0]
[parser_config_file: ]
[objective_seed: 16083]
[num_class: 1]
[is_unbalance: 0]
[scale_pos_weight: 1]
[sigmoid: 1]
[boost_from_average: 1]
[reg_sqrt: 0]
[alpha: 0.9]
[fair_c: 1]
[poisson_max_delta_step: 0.7]
[tweedie_variance_power: 1.5]
[lambdarank_truncation_level: 30]
[lambdarank_norm: 1]
[label_gain: ]
[lambdarank_position_bias_regularization: 0]
[eval_at: ]
[multi_error_top_k: 1]
[auc_mu_weights: ]
[num_machines: 1]
[local_listen_port: 12400]
[time_out: 120]
[machine_list_filename: ]
[machines: ]
[gpu_platform_id: -1]
[gpu_device_id: -1]
[gpu_use_dp: 0]
[num_gpu: 1]

end of parameters

pandas_categorical:null
