tree
version=v4
num_class=1
num_tree_per_iteration=1
label_index=0
max_feature_idx=40
objective=binary sigmoid:1
feature_names=Column_0 Column_1 Column_2 Column_3 Column_4 Column_5 Column_6 Column_7 Column_8 Column_9 Column_10 Column_11 Column_12 Column_13 Column_14 Column_15 Column_16 Column_17 Column_18 Column_19 Column_20 Column_21 Column_22 Column_23 Column_24 Column_25 Column_26 Column_27 Column_28 Column_29 Column_30 Column_31 Column_32 Column_33 Column_34 Column_35 Column_36 Column_37 Column_38 Column_39 Column_40
feature_infos=[-0.12:0.12000000000000011] [-0.30350510510510498:0.35519999999999996] [-0.34545454545454535:0.63520000000000043] [-0.52631578947368429:1.6033777777777782] [-0.5525046116744704:6.1999999999999984] [-0.63724137931034486:10.172413793103448] [0:99.999999998992266] [-0.91935999999999996:0] [0:9.1886792452830193] [0:0.092217743874110761] [0:0.076273429156019618] [0:2366.6980106475853] [0:496.55000000000007] [-4.163336342344337e-17:0.27749788710120954] [0:21] none none [0:6] none [-3.1643928874535838:4.3643507083554631] [0:4.1994884612742513] [-0.99999999999999978:1] [0:44.878853880134137] none none [0.0026041666666666665:1] [0.0026041666666666665:1] none [-0.33164740552513955:1.4627374711935657] [-1.4380737940635209:6.0969042900782338] none [1:7] [1:12] [0:3769] [0.40546510810816438:8.6995980780714959] [-0.78922220878190408:8.9927378358748484] [0:1] [-0.88727989113877803:1.1216180016072297] [-0.89522164205698718:1.7613708412586715] [0:1] none
tree_sizes=3530 3592 3595 3574 3586 3570 3558 3601 3596 3583 3609 3592 3575 3607 3569 3613 3583 3585 3563 3601 3572 3610 3582 3628 3608 3559 3579 3633 3615 3594 3599 3572 3596 3575 3604 3588 3579 3594 3572 3566 3590 3562 3617 3578 3595 3572 3579 3573 3563 3572 3568 3605 3616 3582 3573 3620 3585 3596 3553 3566 3633 3539 3595 3618 3570 3571 3555 3550 3577 3546 3562 3618 3572 3568 3583 3604 3547 3567 3553 3609

Tree=0
num_leaves=31
num_cat=0
split_feature=10 13 37 28 9 38 28 20 10 19 10 33 5 33 0 10 1 37 33 19 19 32 19 32 32 32 11 3 33 32
split_gain=13211.1 4568.92 1756.19 1878.61 1498.48 1229.51 1412.8 1056.12 826.966 575.796 547.897 529.669 430.118 400.364 394.946 391.846 338.161 328.035 305.884 291.661 288.686 277.654 266.134 255.729 236.53 215.993 286.258 212.224 202.652 262.076
threshold=0.024015784942060886 0.022316767898082165 -0.092332676603124206 0.099810352415976036 0.0065299315177396074 -0.10206252255819946 0.032300276820252084 0.11174166331494113 0.032443104957051654 -0.059405312609630161 0.013758605754457856 1598.5000000000002 -0.14545454545454553 3259.5000000000005 0.094799447218713265 0.016199527970660942 -0.042895442359249185 0.03763095455423416 2653.5000000000005 -0.2396460630073857 0.18762503385053012 3.5000000000000004 0.15910685022258828 4.5000000000000009 4.5000000000000009 3.5000000000000004 1.0028728793992483 -0.1688311688311688 346.50000000000006 11.500000000000002
decision_type=10 8 10 10 8 8 10 10 10 10 8 2 10 2 10 8 10 10 2 8 8 2 10 2 2 2 10 10 2 2
left_child=1 4 16 7 -1 18 15 -4 9 12 -6 28 -9 21 19 -7 27 -17 -3 -12 23 -13 -10 -8 -14 26 -18 -2 -5 -30
right_child=2 5 3 11 10 6 20 8 22 -11 14 13 24 -15 -16 17 25 -19 -20 -21 -22 -23 -24 -25 -26 -27 -28 -29 29 -31
leaf_value=-0.74681092220556333 -0.60745973681714027 -0.67171847501417947 -0.7362069632802628 -0.6479453926551576 -0.72686948904546655 -0.71413144743801948 -0.70579265681551762 -0.67217156019856183 -0.67106893404779056 -0.67158728019950065 -0.71478982662306934 -0.66331253567961102 -0.70120217409283403 -0.685896490653499 -0.55890819578629136 -0.70182035859590985 -0.63566708488212587 -0.68191876272664043 -0.62842249263532224 -0.6984961429096197 -0.6728636840031087 -0.62928834581058724 -0.65692542331431958 -0.68268538151872293 -0.68657874212854864 -0.64556923957152279 -0.71728125026750111 -0.63783790431915222 -0.67876680664141009 -0.6332009436049707
leaf_weight=4567.3498382270336 868.63572007417679 3453.3946503102779 735.51317763328552 1230.3817593157291 6259.4308500885963 5847.374284774065 1635.5373232662678 3591.1920646429062 11139.329266220331 9252.9071514308453 8042.3379444181919 722.82423964142799 4350.3022146821022 426.74901983141899 43.854750603437424 16411.471695363522 174.75116357207298 2369.4922102689743 462.58970433473587 4170.8761792182922 5223.1675807535648 3517.5071791112423 4741.878388851881 4469.1775285005569 7589.09798386693 1250.1943116188049 278.93402287364006 1700.3176909089088 2290.9098398983479 365.9756852388382
leaf_count=20517 3902 15513 3304 5527 28118 26267 7347 16132 50039 41565 36127 3247 19542 1917 197 73722 785 10644 2078 18736 23463 15801 21301 20076 34091 5616 1253 7638 10291 1644
internal_value=-0.687877 -0.703458 -0.669788 -0.67242 -0.721161 -0.693209 -0.696107 -0.676827 -0.675753 -0.681461 -0.714834 -0.651089 -0.687344 -0.639734 -0.708688 -0.702829 -0.639022 -0.699309 -0.666604 -0.709225 -0.681493 -0.635088 -0.666846 -0.688876 -0.691907 -0.656293 -0.685845 -0.627566 -0.664721 -0.67249
internal_weight=117183 62956.1 54227.4 49954.6 23083.8 39872.2 35956.2 41400.2 40664.7 24783.5 18516.5 8554.35 15530.6 4667.08 12257.1 24628.3 4272.83 18781 3915.98 12213.2 11327.9 4240.33 15881.2 6104.71 11939.4 1703.88 453.685 2568.95 3887.27 2656.89
internal_count=526400 282805 243595 224401 103695 179110 161519 185974 182670 111330 83178 38427 69765 20965 55060 110633 19194 84366 17591 54863 50886 19048 71340 27423 53633 7654 2038 11540 17462 11935
is_linear=0
shrinkage=1


Tree=1
num_leaves=31
num_cat=0
split_feature=10 9 13 13 13 38 20 38 38 10 19 3 10 5 35 32 32 7 32 19 36 32 32 5 32 11 10 19 3 32
split_gain=12018.3 4190.08 1590.33 1377.5 1097.55 918.963 898.893 874.063 684.71 574.792 532.378 511.126 432.893 365.231 364.929 358.469 337.451 328.958 307.469 305.732 303.763 287.048 274.392 226.043 219.592 202.426 183.726 182.81 173.234 169.812
threshold=0.024015784942060886 0.011364900410769993 0.04560484577003044 0.03029842129327244 0.0085242713175946189 -0.15839136775853699 0.15667456555867712 -0.10407380805018888 0.20099375400763578 0.028828398726537707 -0.13552134767103377 0.054347826086956659 0.013758605754457856 -0.1541542063193003 0.089783868959596905 3.5000000000000004 3.5000000000000004 -0.23999223602484468 3.5000000000000004 -0.036012365439252784 0.99959903769045755 2.5000000000000004 5.5000000000000009 -0.11357340720221613 9.5000000000000018 1.6013822853791251 0.01563216922119717 -0.30365024982827443 -0.082474226804123793 6.5000000000000009
decision_type=10 8 10 10 10 10 10 8 10 10 8 10 10 8 10 2 2 10 2 10 2 2 2 10 2 8 10 10 10 2
left_child=1 4 6 10 -1 -4 -2 28 17 19 13 15 -6 -3 26 -9 21 -7 -19 23 -10 -11 -15 -8 25 -17 -12 -18 -5 -25
right_child=2 3 5 7 12 8 9 11 20 16 14 -13 -14 22 -16 24 27 18 -20 -21 -22 -23 -24 29 -26 -27 -28 -29 -30 -31
leaf_value=-0.061389368254775145 -0.040104983675171929 -0.0025997655318173146 0.059388451674130052 0.039571477202812587 -0.038955101989673342 0.033339032786534072 0.010017065681331058 -0.021170288462429295 0.036973191428287408 0.013657375004291237 -0.016510511054929698 0.010409644405378053 -0.018758360268191002 -0.032545253546280552 0.11716692891968948 0.00045192601236090875 0.016761657794829112 0.0030360121212508855 0.020155239797680934 0.014191482843160394 0.082429932573812759 -0.015428120245986937 -0.018366266191008004 -0.014610159587941651 -0.01166009857354653 0.035735447887081294 -0.0015304241017201473 0.02960429233395806 0.01339409487179638 0.0015352422593458512
leaf_weight=3838.9950366616249 885.86374688148499 2241.5190709531307 1976.3089543133974 1481.5860128253698 6172.1668692231178 3343.9334352910519 2950.3348954319954 3565.9137004762888 4188.3577872812748 3021.7920384854078 3210.8644399940968 5573.0414812266827 4653.4111138433218 5895.3813728392124 59.610368922352791 6275.4170381128788 6711.7489875406027 3494.4823055267334 10515.244785621762 4649.4684677273035 402.86822535097599 1179.35695309937 8100.3805893361568 3309.1527364850044 4375.1880566626787 434.65691213309765 5645.9509690999985 4719.3783840835094 1102.1547401845455 3206.7990299612284
leaf_count=17571 4029 10109 8750 6607 28083 14891 13189 16093 18630 13515 14509 24991 21038 26677 261 28262 29984 15625 46902 20755 1789 5279 36617 14895 19721 1955 25406 21030 4918 14375
internal_value=-8.47686e-05 -0.01503 0.0170715 -0.0078786 -0.0384192 0.0267322 0.00952779 0.0010201 0.0237912 0.0110058 -0.0159474 -0.00247844 -0.0302735 -0.0213378 -0.00613131 -0.00738083 0.0176103 0.0192484 0.0158851 0.0036918 0.0409619 0.00549242 -0.0243388 -0.00146524 -0.00294503 0.00273748 -0.00696116 0.0220638 0.0284049 -0.00666427
internal_weight=117181 62626.2 54555.1 47961.7 14664.6 23921.2 30633.9 22808 21944.9 29748 25153.7 20224.2 10825.6 16237.3 8916.43 14651.2 15632.3 17353.7 14009.7 14115.8 4591.23 4201.15 13995.8 9466.29 11085.3 6710.07 8856.82 11431.1 2583.74 6515.95
internal_count=526456 282818 243638 216126 66692 106587 137051 102547 97837 133022 113579 91022 49121 73403 40176 66031 69808 77418 62527 63214 20419 18794 63294 42459 49938 30217 39915 51014 11525 29270
is_linear=0
shrinkage=0.05


Tree=2
num_leaves=31
num_cat=0
split_feature=10 9 37 4 28 5 9 20 5 19 3 0 10 28 10 0 10 1 10 19 28 19 34 9 14 19 37 7 38 33
split_gain=10923.8 3817.57 1481.67 1598.37 1266.78 1444.21 862.601 816.179 776.202 742.436 511.227 496.131 490.532 398.409 368.423 333.727 315.951 276.251 237.288 227.484 223.104 214.575 210.252 196.436 192.728 190.518 183.87 181.917 178.029 170.645
threshold=0.024015784942060886 0.011231011060892656 -0.089623975120186813 0.13333333333333366 0.071887443187932568 -0.1661898174245118 0.004130704782834377 0.15667456555867712 -0.13502109704641332 -0.081989848010634622 -0.082474226804123793 0.083864205044971954 0.034064660533268613 0.047107369750796449 0.012338500268889241 0.094799447218713265 0.015513666368952793 -0.071428571428571438 0.015750964657555034 0.48081144748681681 0.14537349094655108 -0.19527711788341226 3.0032012097360954 0.037234372343080288 1.0000000180025095e-35 -0.1045304569661651 0.033566771311227657 -0.29240136205492634 0.34760238746863853 2653.5000000000005
decision_type=10 8 10 10 10 8 10 10 10 8 10 10 10 10 10 10 8 10 8 10 10 10 2 10 10 10 10 10 8 2
left_child=1 6 17 7 5 10 -1 -4 19 16 29 20 13 25 -8 18 -7 -2 -11 27 -5 -16 -6 -18 -19 -10 -20 -9 -24 -3
right_child=2 4 3 11 22 9 14 8 12 15 -12 -13 -14 -15 21 -17 23 24 26 -21 -22 -23 28 -25 -26 -27 -28 -29 -30 -31
leaf_value=-0.062035169350646173 0.059271688005907999 0.029971010708684222 -0.03929570105509541 0.022769747507250686 0.029557539596250799 -0.032302336344934707 -0.040853052004398351 0.028863126971863398 -0.0066674597514892646 -0.018931038837825848 0.0032396181696013669 0.066358113587891551 0.015837601575679667 0.013763785230639487 -0.030509887614205068 0.071630590284172832 -0.018140180885124587 0.045569976569375392 -0.0073574719265579085 0.035839873161954403 0.039269412473966724 -0.011406858667733676 0.0061348791703867952 0.020091732304952731 0.019999825594438206 0.0053492752234401116 0.0067494462703565922 0.012609230283897654 0.054815861273106961 0.077623750333269417
leaf_weight=2803.5210223197937 1704.8379929661751 1335.6787543743849 850.96399649977684 6940.8894531577826 1418.1168212145567 4466.2500920146704 5167.0001476258039 2579.288770839572 9648.0654209256172 2976.8758094608784 4324.3250816017389 903.28074012696743 8740.7027981430292 5017.7331704497337 3593.1655645668507 138.28767615556717 16893.56555198133 1632.7570175230503 7457.1115167886019 2327.0014505237341 2906.810076624155 2487.737771615386 5161.6108287572861 342.79315689206123 1343.0969135612249 5011.7903918027878 3346.4242407232523 5176.0820785015821 194.89859694242477 218.62055833637714
leaf_count=13138 7433 5934 3925 30770 6364 20400 23881 11436 43310 13521 19467 3957 38746 22335 16453 610 76648 7178 33648 10298 12781 11340 23213 1546 5917 22275 14979 23005 867 964
internal_value=3.24357e-05 -0.0142845 0.0163206 0.0138073 -0.00760831 -0.0108808 -0.0372211 0.00913937 0.0102099 -0.01467 0.0120795 0.0308931 0.00598122 0.00160306 -0.0310362 -0.00565633 -0.0204508 0.0432233 -0.00643191 0.0221289 0.0276401 -0.0226947 0.0124384 -0.0173798 0.0340294 -0.00255928 -0.00298782 0.018015 0.00790615 0.0366736
internal_weight=117109 62326 54783.3 50102.6 48274.6 41499.9 14051.4 39351.6 38500.7 35621.3 5878.62 10751 28418.3 19677.6 11247.9 13918.7 21702.6 4680.69 13780.4 10082.4 9847.7 6080.9 6774.63 17236.4 2975.85 14659.9 10803.5 7755.37 5356.51 1554.3
internal_count=526339 282973 243366 222838 218161 187717 64812 175330 171405 161352 26365 47508 126666 87920 51674 62758 98594 20528 62148 44739 43551 27793 30444 78194 13095 65585 48627 34441 24080 6898
is_linear=0
shrinkage=0.05


Tree=3
num_leaves=31
num_cat=0
split_feature=13 13 38 4 5 28 8 28 37 5 36 8 28 8 5 32 32 33 33 32 32 38 33 33 28 32 38 33 33 33
split_gain=9718.86 1983.51 1965.17 1897.39 1207.17 1105.3 964.484 743.676 631.302 487.626 440.371 408.215 397.143 374.059 345.914 332.474 317.877 314.836 433.528 299.502 274.385 263.699 256.391 486.04 240.271 226.132 215.388 214.121 213.459 273.067
threshold=0.029518130118476819 0.011449349460513502 -0.14091028144201542 0.15936877490039872 -0.1541542063193003 0.047107369750796449 0.053768299734219489 0.048186158158062577 -0.073138138123588811 -0.13910761154855664 0.99959903769045755 0.13571648893980784 -1.0000000180025095e-35 0.13419221885675561 -0.041666666666666123 5.5000000000000009 3.5000000000000004 3259.5000000000005 2810.5000000000005 8.5000000000000018 10.500000000000002 -0.049049049049112774 2278.5000000000005 2262.5000000000005 0.14537349094655108 3.5000000000000004 -0.022853830327908994 252.50000000000003 483.50000000000006 457.50000000000006
decision_type=10 8 8 10 8 10 8 10 8 8 2 10 8 10 10 2 2 2 2 2 2 10 2 2 10 2 8 2 2 2
left_child=1 6 -2 7 27 11 21 8 -4 -10 -5 15 -8 25 26 28 -9 18 -18 -20 -15 -1 23 -17 -7 -11 -14 -3 29 -6
right_child=2 4 3 10 5 24 12 16 9 13 -12 -13 14 20 -16 22 17 -19 19 -21 -22 -23 -24 -25 -26 -27 -28 -29 -30 -31
leaf_value=-0.026971333450707694 0.041652208241096007 0.037275752640061277 0.020205219148462933 0.026400361224264087 -0.017503362293496697 -0.001420349437990683 -0.033260451197166058 0.0025164897172092106 0.011639063862205574 -0.018418657785517736 0.069103744099401399 -0.0068648174119985798 0.0053284668937830688 0.00029306581444313437 -0.018965044078850635 -0.01498528192125146 0.017749595282135208 -0.0078158568364202034 0.059142898758680465 0.017080569974093251 0.02028130954425493 -0.056382233515857465 -0.029727488068774496 0.088357685101517036 0.027932102872743836 -0.0045168383839372774 0.067057518679988867 0.0051675532632790479 -0.032447512224892103 0.065303445089910636
leaf_weight=913.6255928426981 5223.8769484907389 575.33033646643162 4423.8780134618282 10024.416919007897 1018.9685062468052 5936.4443638026714 1249.9950306862593 3234.8617047965527 7316.5950825661421 3908.3370526432991 642.40620173513889 4557.8385958820581 290.27147707343102 10079.833522975445 607.05956847965717 9519.8090244531631 7169.1438626796007 889.88267371058464 1235.1692638397217 643.78994064033031 2069.4147230684757 4596.4065937697887 3395.9402901977301 115.15203134715557 789.96973456442356 11629.19610697031 275.37374456226826 5325.7615210264921 9191.9930728971958 110.33875389397144
leaf_count=4206 22750 2565 19556 44028 4658 26876 5740 14433 32529 17723 2766 20619 1299 44971 2793 43564 31760 3962 5436 2835 9193 21785 15583 529 3541 52427 1237 23881 42221 502
internal_value=5.28432e-05 -0.0170802 0.0121778 0.00974408 -0.0126059 -0.0161673 -0.039945 0.0058448 0.00240835 0.000159107 0.0289722 -0.0205521 -0.0136524 -0.00287462 0.00724792 -0.0232236 0.0161303 0.0205617 0.0233527 0.044731 0.00369772 -0.0515056 -0.017914 -0.0137502 0.00202689 -0.00801373 0.0353801 0.00829796 -0.0299272 -0.00941274
internal_weight=116961 48470.3 68490.8 63266.9 40537.5 34636.5 7932.73 52600.1 39427.3 35003.4 10666.8 27910 2422.7 27686.8 1172.7 23352.2 13172.8 9937.99 9048.1 1878.96 12149.2 5510.03 13030.9 9634.96 6726.41 15537.5 565.645 5901.09 10321.3 1129.31
internal_count=525968 221599 304369 281619 184539 158093 37060 234825 176399 156843 46794 127676 11069 124314 5329 107057 58426 43993 40031 8271 54164 25991 59676 44093 30417 70150 2536 26446 47381 5160
is_linear=0
shrinkage=0.05


Tree=4
num_leaves=31
num_cat=0
split_feature=10 13 13 10 13 20 37 28 37 28 7 33 32 32 33 13 28 34 19 28 33 7 32 32 32 1 13 32 37 33
split_gain=8925.38 3328.97 1222.98 975.297 953.801 722.004 696.923 581.334 550.27 537.981 529.103 473.801 488.165 457.974 437.034 428.188 336.226 335.596 331.181 324.24 296.954 257.407 245.092 227.416 219.914 210.448 202.152 198.699 222.025 189.136
threshold=0.024015784942060886 0.019662494937832984 0.04560484577003044 0.011358563914264676 0.034218262453536256 0.11174166331494113 -0.1293833131802429 0.047107369750796449 -0.10222557525467167 0.14537349094655108 -0.19365952524105676 483.50000000000006 10.500000000000002 3.5000000000000004 508.50000000000006 0.0017857142857141389 0.08121348777113406 2.8302634829926223 -0.31158006233787294 0.051319272985458027 1529.5000000000002 -0.26601916251937668 5.5000000000000009 3.5000000000000004 4.5000000000000009 0.16131608780789444 0.0085242713175946189 8.5000000000000018 -0.059079646362558795 346.50000000000006
decision_type=10 8 10 8 10 10 10 10 8 10 8 2 2 2 2 10 10 2 10 10 2 10 2 2 2 10 10 2 10 2
left_child=1 3 5 26 7 -2 -4 10 -6 11 -3 -7 18 -8 25 -16 21 -14 -13 23 29 -15 -12 -10 -17 -5 -1 28 -25 -18
right_child=2 4 6 14 8 9 13 -9 19 -11 22 12 17 16 15 24 20 -19 -20 -21 -22 -23 -24 27 -26 -27 -28 -29 -30 -31
leaf_value=-0.061430138317135063 -0.042188656644856014 0.0027699705065098814 0.056238672163911145 -0.0010903896562331162 0.041512507057778238 0.021596060542848541 0.0078395036065606379 0.0029909575499246725 -0.015937382669343896 0.037065763580214094 -0.024970569540482546 -0.004459475592390758 0.04613532822798818 0.035324586592053529 -0.054863337703094983 -0.035301999053663914 0.040279622063848268 0.012351202014663956 0.0087924722470916743 0.012573585767707949 0.044476944069180395 0.016631326530910932 -0.013546064902733823 0.03283721883263601 -0.018365826193778613 0.10790501418562007 -0.041603483800490421 -0.0067330297757207183 0.0030435674243895019 0.008699960477742897
leaf_weight=2243.9818796366453 703.8957097530365 3410.7323769629002 1468.8162022829056 1310.552491992712 886.43943403661251 4899.6929301023483 5310.0268931239843 5340.9042711406946 2722.5318533927202 1620.108367100358 8440.4826918542385 11184.388221219182 942.16993845999241 2254.3939440250397 1263.2557834535837 2808.6003131866455 745.20824512839317 3344.1869048923254 8150.2277055978775 4450.206976428628 3261.7044689059258 10056.891686111689 10577.958244934678 750.17039519548416 6036.0326982587576 45.834997773170471 3010.3488830327988 4645.9183959066868 3756.8994860500097 1303.4303854256868
leaf_count=10991 3339 15326 6246 6029 3879 21662 23387 24050 12373 7048 38945 49979 4154 9760 6103 13077 3231 14803 36041 19750 14046 44196 48519 3315 27934 191 14261 20973 16921 5681
internal_value=-0.000111907 -0.0131824 0.014486 -0.0322326 -0.00610199 0.00786925 0.0228501 -0.011834 0.00314604 0.00903828 -0.0153642 0.00744619 0.00451108 0.0207115 -0.024057 -0.0276331 0.0245904 0.0197772 0.00112669 0.00106285 0.0351064 0.0200544 -0.0186163 -0.00325066 -0.0237439 0.00259278 -0.0500709 0.000522974 0.00800251 0.0201873
internal_weight=116946 61700.9 55245.1 16718.6 44982.2 30844.7 24400.5 27770.1 17212.2 30140.8 22429.2 28520.7 23621 22931.7 11464.3 10107.9 17621.6 4286.36 19334.6 16325.7 5310.34 12311.3 19018.4 11875.5 8844.63 1356.39 5254.33 9152.99 4507.07 2048.64
internal_count=526210 282637 243573 78586 204051 137026 106547 126840 77211 133687 102790 126639 104977 100301 53334 47114 76914 18957 86020 73332 22958 53956 87464 53582 41011 6220 25252 41209 20236 8912
is_linear=0
shrinkage=0.05


Tree=5
num_leaves=31
num_cat=0
split_feature=10 10 19 10 20 19 12 5 1 7 32 5 4 4 0 33 33 3 20 32 1 33 3 3 32 3 33 33 32 34
split_gain=8083.01 3077.74 1265.5 1007.92 759.277 634.565 562.772 551.559 497.137 463.97 425.999 386.088 408.73 378.34 326.734 303.653 437.186 300.35 285.328 275.189 271.192 255.645 231.219 227.588 209.904 204.039 201.889 244.956 196.183 193.561
threshold=0.023811828111736388 0.013464521299420013 -0.23126001143741029 0.032443104957051654 0.11174166331494113 -0.18567211814938706 0.10714285714285712 -0.13910761154855664 -0.09487780551796858 -0.24999999999999992 3.5000000000000004 -0.18461538461538476 0.031609195402299124 0.020790020790020795 0.083864205044971954 3259.5000000000005 2845.5000000000005 -0.079419457138009172 0.30416459820255032 4.5000000000000009 0.12397117599241315 3335.5000000000005 -0.11827956989247328 -0.096774193548387163 4.5000000000000009 -0.11165857605177991 346.50000000000006 372.50000000000006 8.5000000000000018 2.806381538134517
decision_type=10 8 8 10 10 10 10 10 10 10 2 8 10 10 10 2 2 10 10 2 10 2 10 10 2 10 2 2 2 2
left_child=1 6 7 5 -5 9 -1 17 -6 23 -10 25 20 18 15 16 26 -3 -9 -11 -13 29 -7 -2 -20 -4 -12 -28 -18 -8
right_child=3 2 11 4 8 22 21 13 10 19 14 12 -14 -15 -16 -17 28 -19 24 -21 -22 -23 -24 -25 -26 -27 27 -29 -30 -31
leaf_value=-0.062760050280243077 0.041318370881115833 0.017228407902756714 0.05567555084545292 -0.043811656928247039 0.054996275563717292 0.04855184252083395 -0.0054988344330733178 -0.046824541540458647 0.0088200917395090915 -0.011423066019656029 0.035176180613390944 -0.0068655390850159443 0.0083779420433945859 -0.0074186867294900498 0.054571922362714978 0.00026601269778662914 0.053528971201076782 -0.0080851754381352677 -0.029199178234763153 0.0028365825657947503 0.06974938410999916 -0.05021008227000287 0.014460213072110185 0.010893897581231195 -0.016103524300059006 0.014635140999617933 -0.024424294834115075 0.019426899387799387 0.027479853515042365 -0.030357069781373338
leaf_weight=1630.6766388714314 846.55732896924019 1532.4243638515472 364.17181704938412 439.3609784245491 1122.7534691095352 516.10838733613491 868.32561145722866 1170.3552504330873 5504.8278697878122 5144.0965002477169 2058.6644154340029 12653.191679030657 7769.8003172129393 5206.8959038555622 875.75078226625919 1323.2529113590717 1700.3927979916334 4979.7364638149738 4917.6851363927126 9885.0101956427097 116.56626823544502 1504.7502697855234 13689.71817715466 2244.024148106575 8099.7118241786957 1798.5790683478117 329.6552252471447 9384.4954350590706 1257.1987226754427 7978.5479663312435
leaf_count=8231 3628 6768 1571 2116 4791 2193 4067 5608 24181 23191 8927 57797 34759 23752 3730 5765 7310 22636 22961 43971 502 7250 60025 9879 37410 8026 1436 40864 5438 37774
internal_value=-8.62514e-05 -0.0127615 -0.00716665 0.0135499 0.0213132 0.00778695 -0.0354586 -0.0147188 0.0225278 0.00158407 0.0209029 0.0014515 -0.000664358 -0.0189463 0.0248318 0.0232094 0.0252704 -0.00212845 -0.0231769 -0.00204415 -0.00616617 -0.0311578 0.0156988 0.0192276 -0.0210508 0.0215457 0.020953 0.0179388 0.0424561 -0.0279172
internal_weight=116913 60591.4 48609.1 56321.9 23996.4 32325.5 11982.3 25906.8 23557 18119.7 22434.2 22702.3 20539.6 19394.6 16929.4 16053.7 14730.4 6512.16 14187.8 15029.1 12769.8 10351.6 14205.8 3090.58 13017.4 2162.75 11772.8 9714.15 2957.59 8846.87
internal_count=526557 279112 221790 247445 104558 142887 57322 119135 102442 80669 97651 102655 93058 89731 73470 69740 63975 29404 65979 67162 58299 49091 62218 13507 60371 9597 51227 42300 12748 41841
is_linear=0
shrinkage=0.05


Tree=6
num_leaves=31
num_cat=0
split_feature=13 9 9 38 5 37 13 33 32 32 36 1 32 33 8 32 33 33 32 33 33 33 3 0 32 5 33 38 33 8
split_gain=7444.03 1779.74 1741.91 1394.15 816.278 779.924 564.434 554.694 457.355 415.096 379.978 368.976 390.929 344.931 319.003 287.581 433.707 412.571 373.48 383.269 505.291 302.05 277.988 277.355 254.861 254.471 252.75 252.595 251.609 239.662
threshold=0.028276748218522166 0.03395221458728441 0.011231011060892656 -0.1196709317871416 -0.12303160358954383 0.03974747738900631 0.0085242713175946189 496.50000000000006 6.5000000000000009 4.5000000000000009 0.99959903769045755 -0.10148575058049324 3.5000000000000004 185.50000000000003 0.046518362216036675 8.5000000000000018 2529.5000000000005 3411.5000000000005 10.500000000000002 741.50000000000011 682.50000000000011 279.50000000000006 -0.11827956989247328 0.094799447218713265 2.5000000000000004 -0.1661898174245118 52.500000000000007 -0.081705584019101204 119.50000000000001 0.1631612605421833
decision_type=10 10 8 8 8 10 10 2 2 2 2 10 2 2 10 2 2 2 2 2 2 2 10 10 2 10 2 10 2 10
left_child=2 3 4 22 14 9 -6 13 25 27 11 -3 24 23 28 16 21 -18 19 20 -17 -11 -2 -4 -13 -9 -20 -5 -1 -10
right_child=1 10 7 5 6 -7 -8 8 29 15 -12 12 -14 -15 -16 18 17 -19 26 -21 -22 -23 -24 -25 -26 -27 -28 -29 -30 -31
leaf_value=0.088871629944677413 0.046294360464862641 0.048462115039981046 -0.011996026514852688 0.0065572804639497384 -0.052829773246374681 0.013113713516361328 -0.02886229126558101 -0.0032922129742882725 -0.0085330509895894854 0.031134885090710385 0.051338134334648101 0.013423773891730812 0.022652604727435952 0.019488895204948665 0.034474121352095453 -0.003966067383938808 0.049322723632099032 0.0062889747746690955 -0.03414204163268935 -0.017311857574140884 0.060964883697495968 -0.00036601255579836412 0.021427276989853927 0.093754586567165232 -0.014022580081354423 -0.021747515942599112 0.0093496956193496426 -0.01257598222266432 -0.017239113575101269 0.010172910900047873
leaf_weight=58.384534776210785 1713.8503512144089 1118.3463071882725 1930.9144081622362 2093.1338208466768 3488.1928076148033 12071.520186364651 8304.9648923575878 2235.3258141875267 10269.684374034405 854.79684965312481 1056.7274078726768 2744.9474516510963 14705.462029725313 2417.143805757165 488.49181559681892 1488.1614651829004 1129.7597467452288 1098.5000229626894 355.64397236704826 5215.0892009586096 375.15927150845528 6933.4192990809679 3264.7630776464939 64.059516131877899 1222.5110605657101 11360.981755182147 5502.9983233064413 9807.7919109761715 1295.1157421916723 2054.9170547127724
leaf_count=262 7259 4733 8799 9378 17683 53018 39626 10048 47157 3757 4480 12034 63525 10860 2181 6666 4938 4932 1619 23415 1691 31006 14188 265 5375 52818 24591 44542 6116 9249
internal_value=-3.02731e-05 0.00978597 -0.0162729 0.00482972 -0.0311165 0.0021606 -0.0359514 -0.00960041 -0.01239 -0.00163291 0.0221254 0.0205656 0.0188948 0.00678813 -0.00016156 0.00229607 0.00865649 0.0281077 -0.00262846 -0.0103573 0.00910707 0.00309137 0.0299876 -0.00860033 0.0049666 -0.0187133 0.00670957 -0.00921083 -0.0126619 -0.00541415
internal_weight=116721 72752.6 43968.2 51904.6 13635.1 46926 11793.2 30333 25920.9 34854.5 20848 19791.3 18672.9 4412.12 1841.99 22953.5 10016.5 2228.26 12937.1 7078.41 1863.32 7788.22 4978.61 1994.97 3967.46 13596.3 5858.64 11900.9 1353.5 12324.6
internal_count=526211 321147 205064 231000 65868 209553 57309 139196 119272 156535 90147 85667 80934 19924 8559 102615 44633 9870 57982 31772 8357 34763 21447 9064 17409 62866 26210 53920 6378 56406
is_linear=0
shrinkage=0.05


Tree=7
num_leaves=31
num_cat=0
split_feature=10 10 19 38 28 9 20 10 38 28 28 38 33 33 6 19 32 28 4 1 32 32 19 14 33 9 38 32 3 33
split_gain=6902.91 2737.52 1070.24 879.064 1024.76 611.229 565.807 619.487 468.659 470.12 389.546 497.848 350.408 311.217 297.394 290.853 273.981 241.394 229.345 228.147 203.761 184.261 183.424 181.746 179.843 171.993 159.309 157.774 157.014 147.65
threshold=0.023915816692236868 0.01361161428313235 -0.17566592568942765 -0.15839136775853699 0.099810352415976036 0.0060869482078281635 0.11174166331494113 0.032443104957051654 -0.087245467192365575 0.047107369750796449 0.032300276820252084 -0.1196709317871416 2176.5000000000005 3259.5000000000005 1.0000000180025095e-35 -0.11432112193400974 10.500000000000002 0.071887443187932568 -0.10218978102189751 -0.071428571428571438 4.5000000000000009 3.5000000000000004 0.77415465622377921 1.0000000180025095e-35 2653.5000000000005 0.018229318656347492 -0.095198029199996578 7.5000000000000009 -0.094736842105263161 1802.5000000000002
decision_type=10 8 8 10 10 10 10 10 10 10 10 8 2 2 10 10 2 10 10 10 2 2 10 10 2 10 10 2 10 2
left_child=1 5 8 23 6 -1 -5 15 24 14 11 -4 -6 21 -10 16 26 18 -7 -9 -16 -14 -21 28 -3 -13 -8 -23 -2 -22
right_child=3 2 10 4 12 17 7 19 9 -11 -12 25 13 -15 20 -17 -18 -19 -20 22 29 27 -24 -25 -26 -27 -28 -29 -30 -31
leaf_value=-0.053544472367777256 0.058786791795011228 -0.0022249329140371821 0.029099097177380802 -0.038486994176669911 0.017050918366099434 0.013255939721143063 0.010020317167400981 0.035493885397318105 -0.055794762729156337 -0.0011403784174555999 0.011422676396508695 -0.010398754500174716 0.017190884856646667 -0.0022992803622583903 -0.025575655642554002 0.010229665568402246 0.013477578410899513 -0.0042096109924835501 -0.031298571455365957 0.011658405971555489 -0.0087220343932976722 0.059702358314938558 0.025695555222392877 0.024718272217925694 0.02971803171508345 0.0011811592015040025 -0.006008803639091862 0.036984856000895343 0.029698329923763585 -0.02045009288966761
leaf_weight=2777.2030062973499 1133.9466840475798 4410.4900032132864 1124.8937499523163 649.90863388776779 4781.2035947293043 299.69185067713261 1804.013032078743 1368.1054616570473 552.9539003521204 4222.8970602154732 7212.4184007048607 7665.316528737545 647.25545433163643 454.60104511678219 6439.5299015939236 10116.191410347819 2813.5690750479698 1047.7377516329288 7971.2010817527771 12835.683608323336 5612.5519032180309 1313.9939358532429 2842.612416267395 1784.2229114770889 489.54899577796459 5512.5824153870344 11013.546022713184 1826.8938459903002 785.11420433223248 5142.4960917532444
leaf_count=14510 4726 19825 4869 3188 20566 1387 7921 5829 2848 19179 32093 35313 2807 1981 30471 44211 12404 4890 38536 55864 26061 5521 12230 7571 2180 24958 49470 7699 3364 23986
internal_value=4.10164e-05 -0.0116805 -0.0063619 0.0126621 0.0110003 -0.0329559 0.00781556 0.00851876 -0.013016 -0.0161344 0.00194839 -0.00282918 0.0263323 0.0367917 -0.0197021 0.00362383 -0.000651351 -0.0268199 -0.0296842 0.0159122 -0.0185415 0.0414828 0.0142035 0.0362059 0.000966398 -0.00555464 -0.00375278 0.0464887 0.0468863 -0.0143298
internal_weight=116652 60481.5 48385.7 56170.9 52467.6 12095.8 43443.6 42793.7 26870.5 21970.4 21515.2 14302.8 9023.95 4242.74 17747.5 25747.3 15631.1 9318.63 8270.89 17046.4 17194.6 3788.14 15678.3 3703.28 4900.04 13177.9 12817.6 3140.89 1919.06 10755
internal_count=526458 281106 221783 245352 229691 59323 191117 187929 124550 102545 97233 65140 38574 18008 83366 114006 69795 44813 39923 73923 80518 16027 68094 15661 22005 60271 57391 13220 8090 50047
is_linear=0
shrinkage=0.05


Tree=8
num_leaves=31
num_cat=0
split_feature=10 13 37 4 13 38 28 5 10 4 0 10 13 32 20 32 33 33 33 37 32 1 5 32 2 28 0 10 11 32
split_gain=6300.39 2548.53 873.328 1046.14 789.397 772.228 973.323 509.657 485.317 423.339 395.823 345.398 318.985 323.884 279.651 250.577 234.55 232.478 315.057 231.489 221.997 220.078 210.009 209.821 209.014 199.736 199.563 199.348 176.495 215.431
threshold=0.024015784942060886 0.019662494937832984 -0.080274023951721493 0.11075609092146434 0.0017857142857141389 -0.10206252255819946 0.032300276820252084 -0.11357340720221613 0.013758605754457856 -0.19892341409703221 0.083864205044971954 0.015750964657555034 0.0040444935181774451 4.5000000000000009 0.068294689808189299 2.5000000000000004 916.50000000000011 3259.5000000000005 2845.5000000000005 0.034491299341450239 3.5000000000000004 -0.040554597348228021 -0.072289156626505244 9.5000000000000018 3.3306690738754701e-16 0.071887443187932568 0.0085479959555746516 0.04284074963368522 1.101335564821615 3.5000000000000004
decision_type=10 8 10 10 10 8 10 10 8 10 10 8 10 2 10 2 2 2 2 10 2 10 10 2 10 10 10 10 10 2
left_child=1 4 21 7 9 16 11 14 -6 -1 20 -7 -9 15 -4 -14 -3 18 27 22 -5 -2 -13 -20 -10 -8 -16 -15 -23 -30
right_child=2 5 3 10 8 6 25 12 24 -11 -12 19 13 17 26 -17 -18 -19 23 -21 -22 28 -24 -25 -26 -27 -28 -29 29 -31
leaf_value=0.073922480390791509 0.038150383359277007 0.00087206493634093814 -0.041137581451503646 0.007208621501170815 -0.034476731332999631 -0.022681291758664412 -0.0021984031358828165 -0.032480242395679607 -0.020991882540645546 -0.055518697388781985 0.051951097940323432 -0.0060576417492523025 0.001860208333672243 0.0038462940263790605 0.011184624254558968 -0.015650870594496304 0.024679787114175695 -0.010883416430156797 0.039601277479527283 0.0040205448461810636 0.023287469721987069 0.030430355212606626 -0.016728425701697608 0.0072826162458936462 -0.0035187062307100478 0.010415973559477288 0.025933962075448652 0.027856366420582087 -0.032531501667007627 0.017169989740408158
leaf_weight=64.663246810436249 3487.1975208669901 1737.7995930314064 223.53665831685066 2806.1594858169556 5581.712013989687 6408.6544349044561 6112.3841772675514 669.50195504724979 5063.8330278247595 2727.9315486252308 1020.5649631470442 9102.8193313032389 4876.3565149009228 11504.400554612279 8148.720981746912 3515.9192317575216 2556.3099043220282 1697.9975603073835 1251.2980697154999 2777.5028372555971 9135.321361348033 1429.039817944169 9343.9224583506584 838.89867639541626 2585.2340060770512 6448.9628760516644 3191.6206412911415 934.73974354565144 297.67455035448074 814.8472552895546
leaf_count=275 14638 7629 1113 12210 27900 30594 27756 3186 23948 14589 4243 41891 21755 50520 35501 15794 11176 7499 5353 12460 38965 6099 43651 3637 12139 28618 13808 4019 1310 3467
internal_value=-9.02843e-05 -0.0112674 0.0120211 0.00984584 -0.0283652 -0.00510922 -0.00726237 0.00554865 -0.0232666 -0.0525215 0.0220634 -0.0125083 0.00157255 0.00249858 0.014244 -0.00547601 0.0150449 0.00662278 0.00866868 -0.00943655 0.0195091 0.0299948 -0.0114628 0.0266302 -0.0150863 0.00427779 0.0153357 0.00565053 0.0188047 0.00387149
internal_weight=116356 60511.7 55843.8 49815 16023.4 44488.4 40194.2 36853 13230.8 2792.59 12962 27632.9 25289.1 24619.6 11563.9 8392.28 4294.11 16227.3 14529.3 21224.2 11941.5 6028.76 18446.7 2090.2 7649.07 12561.3 11340.3 12439.1 2541.56 1112.52
internal_count=525743 282626 243117 217603 78851 203775 184970 162185 63987 14864 55418 128596 111763 108577 50422 37549 18805 71028 63529 98002 51175 25514 85542 8990 36087 56374 49309 54539 10876 4777
is_linear=0
shrinkage=0.05


Tree=9
num_leaves=31
num_cat=0
split_feature=13 7 8 13 7 28 28 7 8 38 1 3 34 33 28 37 36 33 33 32 26 37 28 38 8 33 32 32 32 33
split_gain=5683.43 1592.21 1506.86 1170.24 763.964 652.669 531.93 684.035 469.857 395.81 322.881 320.768 295.202 272.943 261.22 253.359 235.384 216.696 319.389 256.685 200.285 171.081 182.483 164.279 163.839 162.181 157.274 148.132 145.928 194.535
threshold=0.025335695920257296 -0.27155204065612948 0.24813917219545958 0.0017857142857141389 -0.19521068360516527 0.047107369750796449 0.047107369750796449 -0.15454204460205953 0.053768299734219489 0.20099375400763578 0.012987012987012993 -0.10606060606060579 3.1284025735609906 508.50000000000006 0.01014018562075817 0.034491299341450239 0.99959903769045755 931.50000000000011 959.50000000000011 7.5000000000000009 0.078983220995267472 -0.074817128629730154 0.15045696867749092 -0.095198029199996578 0.074476116030795972 279.50000000000006 4.5000000000000009 3.5000000000000004 4.5000000000000009 3625.5000000000005
decision_type=10 8 10 8 8 10 10 8 8 10 10 10 2 2 8 10 2 2 2 2 8 10 10 10 8 2 2 2 2 2
left_child=3 11 6 8 13 10 7 17 -1 21 20 -2 -8 -5 -10 27 -11 19 -19 -3 -6 -4 -23 -20 -7 -14 -15 -9 -22 -30
right_child=1 2 9 4 5 24 12 15 14 16 -12 -13 25 26 -16 -17 -18 18 23 -21 28 22 -24 -25 -26 -27 -28 -29 29 -31
leaf_value=-0.053647947926399459 0.040687808499828407 -0.011300644377264406 0.035172519489602948 0.030162446073183219 -0.033537910381076078 -0.011209727474650339 0.020846482486778679 -0.018114318184549571 -0.030774187427025625 0.023876644270988564 -0.007351554513459019 0.020494983263725241 0.022870330624300123 -0.015605377168784754 0.021684730543343019 0.0026021695456020103 0.059389777749889995 0.062541746503437662 0.016701112672732939 0.012039577931763114 -0.02753748036841568 0.0080985946910733832 0.024769911426607297 0.0035750346550739187 0.0075339557028440739 0.001475361290639964 0.0062021246037884626 -0.0080670954637482289 -0.015079352890376544 -0.048510472866658376
leaf_weight=2798.4156309813261 2892.9749815613031 3461.901568621397 734.27068573236465 874.21111157536507 3909.3804808855057 2005.480098798871 3807.5971480160952 5020.5998052060604 836.29580679535866 5575.1246967762709 3724.4148903340101 6142.3864038288593 1007.0166266709566 1220.8167503476143 331.31947456300259 4370.818781748414 509.21047100424767 271.01993557810783 3441.693859025836 1785.5014681369066 4992.9098350405693 11874.532418385148 1904.7252833247185 7754.2900657206774 2784.7233318835497 7356.1121502518654 2561.4590421766043 13622.77359560132 8312.0506681650877 459.18600070476532
leaf_count=15245 11994 15414 3125 3858 19531 9524 16646 23511 4034 23619 17590 26303 4372 5561 1521 19442 2083 1183 14956 7845 24068 51718 8065 34583 12668 32366 11494 62414 39353 2310
internal_value=-5.2718e-05 0.00716825 0.00470154 -0.0169655 -0.0136782 -0.0169963 0.000160279 -0.00264143 -0.0425314 0.0161439 -0.020731 0.0269604 0.00930583 0.00498305 -0.0158886 -0.00823263 0.0268488 0.00505713 0.00890835 -0.00335881 -0.0235505 0.0116562 0.0104031 0.00761005 -0.000313328 0.00405156 -0.00083675 -0.0107728 -0.0207138 -0.0168295
internal_weight=116343 81532.5 72497.2 34810.7 30844.6 26188.1 51899.3 39728.6 3966.03 20597.9 21397.9 9035.36 12170.7 4656.49 1167.62 23014.2 6084.34 16714.4 11467 5247.4 17673.5 14513.5 13779.3 11196 4790.2 8363.13 3782.28 18643.4 13764.1 8771.24
internal_count=526396 359639 321342 166757 145957 125044 232732 179348 20800 88610 102852 38297 53384 20913 5555 105367 25702 73981 50722 23259 85262 62908 59783 49539 22192 36738 17055 85925 65731 41663
is_linear=0
shrinkage=0.05


Tree=10
num_leaves=31
num_cat=0
split_feature=10 10 19 37 4 13 20 7 13 5 38 38 0 37 0 1 9 0 5 29 11 33 33 33 37 19 5 19 25 38
split_gain=5166.2 2387.37 1051.31 634.744 713.616 563.252 481.648 476.281 436.131 404.769 338.763 336.96 345.856 274.86 232.574 204.385 190.708 175.206 174.97 167.293 163.435 156.13 152.84 398.246 141.581 127.296 124.499 123.013 118.941 124.08
threshold=0.025012409606712659 0.012505266362022672 -0.23126001143741029 -0.080274023951721493 0.15441176470588239 0.0060523910134721 0.15667456555867712 -0.20121659097459707 0.0085242713175946189 -0.12500000000000003 0.026889789582323912 -0.11708306650041116 0.094799447218713265 0.018781282675502612 0.083864205044971954 -0.074074074074074223 0.035611557685978519 0.0060240963855421334 -0.073863636363637172 -0.048335936397861622 1.101335564821615 2653.5000000000005 3259.5000000000005 3108.5000000000005 -0.042944785276230184 0.94178690344554694 -0.07527556293088343 -0.059405312609630161 0.7323248498713183 0.040960900462228118
decision_type=10 8 8 10 10 10 10 8 10 10 8 8 10 10 10 10 10 10 8 8 10 2 2 2 10 10 8 10 10 8
left_child=1 8 5 15 6 -3 -5 21 -1 17 18 -4 13 19 -6 -2 22 -8 -9 -13 -17 -7 23 25 -23 -11 -21 -10 -15 -30
right_child=3 2 11 4 14 7 9 10 27 16 -12 12 -14 28 -16 20 -18 -19 -20 26 -22 24 -24 -25 -26 -27 -28 -29 29 -31
leaf_value=-0.053649454530469924 0.04145889344677911 -0.046418776966055841 0.023982768326874581 -0.033593210888410406 0.019567199427235251 0.00085668991609016824 0.011427757205519322 -0.01025610498788139 -0.0332751634862027 -0.00028824606926155166 -0.0030522311203528061 0.0041654857293306089 0.059547278662289697 0.011707097938771359 0.046761147399074832 0.028991597789761677 0.011612477967824976 0.025689778018998119 -0.020459528244208627 -0.0012332933839858014 0.0081440610660853379 0.052278602040206401 -0.010976474726415388 0.038859094635501128 0.0026120728572383476 0.011641972208742239 -0.012604303060723283 -0.019462649607401933 -0.012067278919627677 0.0049702009609441655
leaf_weight=2102.0474773347378 1778.0234555006027 1152.1478853821754 1579.0804679244757 730.39497363567352 8475.5289859324694 3699.8216178417206 6600.8591990768909 6522.7144740670919 3863.2931448966265 13947.102888599038 5898.3653492331505 3632.3342125564814 242.73803275823593 4583.3793488144875 866.63663448393345 2476.6329915225506 6436.0073064267635 3196.0579932928085 11806.950599372387 3861.4653201848269 1515.2849107831717 304.13003742694855 2123.5780452489853 750.56676092743874 271.65461212396622 2662.8083242326975 6391.6311372816563 2766.0465617477894 1393.0248452872038 4589.0765801072121
leaf_count=11977 7305 6174 6754 3678 35842 16487 28495 30679 19448 61752 27029 16537 1031 20503 3544 10415 27774 13676 56220 17833 6434 1309 9486 3186 1227 11547 29881 13719 6331 20233
internal_value=-7.51865e-05 -0.00948873 -0.00569263 0.0117302 0.00976086 -0.012145 0.00660069 -0.0107596 -0.0338045 0.00742264 -0.0134747 0.00159054 0.000158629 -0.000430956 0.0220899 0.0273585 0.00415026 0.0160805 -0.0168286 -0.00505522 0.0210781 0.00462593 0.00168533 0.00323416 0.028846 0.00162434 -0.00832182 -0.027512 0.00564638 0.00100276
internal_weight=116219 64659.9 55928.5 51559.5 45789.5 29655.8 36447.4 28503.6 8731.39 35717 24228 26272.7 24693.6 24450.9 9342.17 5769.94 25920.1 9796.92 18329.7 13885.4 3991.92 4275.61 19484.1 17360.5 575.785 16609.9 10253.1 6629.34 10565.5 5982.1
internal_count=526506 303372 258228 223134 198980 139125 159594 132951 45144 155916 113928 119103 112349 111318 39386 24154 113745 42171 86899 64251 16849 19023 85971 76485 2536 73299 47714 33167 47067 26564
is_linear=0
shrinkage=0.05


Tree=11
num_leaves=31
num_cat=0
split_feature=13 10 10 13 38 28 28 13 5 1 1 28 37 10 19 10 28 5 5 33 34 33 33 5 33 10 28 37 10 37
split_gain=4893.55 1874.25 1262.57 691.224 650.558 569.436 543.367 453.162 370.982 313.818 307.694 266.687 266.49 249.449 226.925 218.261 207.458 195.427 191.762 184.182 183.238 173.118 163.258 157.801 149.152 147.553 142.65 149.794 138.784 137.942
threshold=0.029361585267349631 0.01563216922119717 0.030711777718189535 0.007405876033632095 -0.10407380805018888 0.047107369750796449 0.01014018562075817 0.0017857142857141389 -0.1541542063193003 0.0016451879493026846 -0.080634674273249649 0.074659483505211802 0.13834193248481688 0.025836073413928153 0.40471005495245876 0.028106211464726989 -0.15692245542710212 -0.18181818181818157 -0.10129870129870104 547.50000000000011 3.2027464506917664 2653.5000000000005 2696.5000000000005 -0.083003952569169856 279.50000000000006 0.051316764852750517 0.1020635283452553 -0.080274023951721493 0.021083623040378988 0.010758884291951156
decision_type=10 8 10 10 8 10 10 8 8 8 10 10 10 10 10 10 10 10 10 2 2 2 2 10 2 8 10 10 8 10
left_child=1 3 4 -1 16 14 7 25 -9 15 -4 23 17 -10 28 -8 -2 -12 -11 -15 -7 -18 -23 -5 -22 -3 27 -19 -6 -25
right_child=2 6 10 11 5 20 9 8 13 18 12 -13 -14 19 -16 -17 21 26 -20 -21 24 22 -24 29 -26 -27 -28 -29 -30 -31
leaf_value=-0.052254984582961551 0.056234336513547062 -0.039487577153705343 0.036567234127208068 -0.01446644342355434 -0.012330931773691572 0.018224054605924533 -0.0087760834015477955 0.0049015280781870346 -0.01602277851421079 0.029935781967108072 0.024470627719349314 0.00018095668252489922 0.02976715668090732 0.026784352247127059 0.0042456379775670959 0.013311602667962783 0.01275443008850647 0.022902004232116462 0.0068788600413975656 -0.0054979016187586245 0.024524992548549382 0.10145343220780725 0.02988151193599925 -0.03193387546557043 0.0030114735304831966 0.06620120348507047 0.020955596554078016 0.0073815167016755001 -0.0031578773918418228 -0.017231386152305152
leaf_weight=2332.4340993762016 350.95106469094753 1474.7425998449326 1901.3998463451862 2723.8953275829554 6055.6869649142027 4248.7253294885159 5374.0029909163713 3966.1358419209719 10767.114894419909 1181.5508360564709 3493.6455152928829 1165.0249865800142 2936.8738466799259 536.00508975982666 7384.242692053318 1412.3950501829386 4573.3877083063126 1778.6682853400707 3808.4749528467655 2514.8274599313736 906.79766075313091 89.314349621534348 738.32883736491203 6429.019152700901 7222.6488438546658 33.780481055378914 3249.540040910244 12341.676643595099 12922.036461099982 2121.8916213810444
leaf_count=13568 1466 7619 7855 13330 28351 18390 25005 17647 51345 5263 14720 5514 12204 2366 32891 6225 19459 7447 17262 11334 3899 375 3108 32555 31477 150 13636 53270 58266 10443
internal_value=9.11314e-05 -0.0126149 0.00838899 -0.0272769 0.0032923 0.000962603 -0.00564354 -0.0108097 -0.00857782 0.0028198 0.0172118 -0.0225936 0.0156655 -0.0124468 -0.00319125 -0.00417916 0.018983 0.0136805 0.0123383 0.000173813 0.00980912 0.0165625 0.0376051 -0.0249469 0.0054112 -0.0371209 0.0115102 0.00933655 -0.00608495 -0.0282855
internal_weight=116035 45841.3 70193.9 14772.3 44492.1 38740.1 31069 19292.6 17784.1 11776.4 25701.8 12439.8 23800.4 13817.9 26362 6786.4 5751.98 20863.5 4990.03 3050.83 12378.2 5401.03 827.643 11274.8 8129.45 1508.52 17369.9 14120.3 18977.7 8550.91
internal_count=526440 219626 306814 75410 197682 173274 144216 90461 82692 53755 109132 61842 101277 65045 119508 31230 24408 89073 22525 13700 53766 22942 3483 56328 35376 7769 74353 60717 86617 42998
is_linear=0
shrinkage=0.05


Tree=12
num_leaves=31
num_cat=0
split_feature=13 10 10 38 28 28 13 32 5 1 37 13 7 5 33 33 32 1 32 34 10 10 33 33 33 2 33 33 32 28
split_gain=4402.51 1501.85 1496.63 603.754 591.478 591.045 432.406 427.274 416.58 336.235 284.636 281.578 263.318 305.504 253.535 519.017 253.203 237.318 286.181 226.942 218.709 216.758 198.624 232.14 196.648 184.52 181.979 169.95 304.044 166.046
threshold=0.02581809957013043 0.028706876025294158 0.012338500268889241 -0.10407380805018888 0.048186158158062577 0.01014018562075817 0.0017857142857141389 3.5000000000000004 -0.16123901595881948 0.01176470588235279 0.057564471423155912 0.0085242713175946189 -0.003423485509080781 -0.25939513363013988 3259.5000000000005 2810.5000000000005 3.5000000000000004 -0.1231861816176013 2.5000000000000004 4.078384184158887 0.024906426063423932 0.028106211464726989 346.50000000000006 372.50000000000006 428.50000000000006 -0.096805963157120464 2653.5000000000005 303.50000000000006 6.5000000000000009 -0.15692245542710212
decision_type=10 10 8 8 10 10 8 2 8 8 10 10 10 10 2 2 2 10 2 2 10 10 2 2 2 10 2 2 2 10
left_child=2 3 11 26 10 6 -4 17 -8 21 16 -1 13 -9 15 22 -5 -3 -19 -17 -10 -7 27 -24 -25 -26 29 28 -15 -2
right_child=1 7 5 4 -6 9 8 12 20 -11 -12 -13 -14 14 -16 19 -18 18 -20 -21 -22 -23 23 24 25 -27 -28 -29 -30 -31
leaf_value=-0.051425742973899791 0.050982309772923895 0.05910386602423931 -0.038563140541835871 -0.014963255579800591 0.0080757096972866576 -0.0088322449587629921 0.0047666048321823315 0.034992252610250227 -0.019207064129502585 0.015148175495982711 0.0091097113980403571 -0.029086053623721325 0.036184436630531135 0.036873922648642823 -0.0025991254273704627 0.041299325108066207 -0.0038125148170829425 0.009274308788864271 -0.012076596490537481 0.013681322881742479 -0.0025144288385480929 0.014661228922684094 -0.025803422143469604 0.035378848404658103 0.033080052743400916 0.0076492709972918642 0.038100754805237134 0.047975480266073192 -0.00086895123001304536 0.010302801561538578
leaf_weight=1963.6735421866179 265.23359027504921 196.89332826435566 1761.1210455149412 6860.6113551855087 12198.892852082849 6633.243921354413 2880.1083324104548 2051.4534750431776 10915.420111119747 2690.6474801003933 3193.3172947913408 5007.4773297011852 1853.3966606706381 1066.6033232957125 1908.6547388136387 2614.4471167176962 19737.148557007313 5841.7345396280289 2146.0040342360735 1039.5932128280401 2392.3359904885292 1152.359090924263 442.46849156916142 778.26765766739845 765.60669448971748 10437.54226206243 809.59034678339958 607.03377345204353 1067.7484365850687 4626.1411555111408
leaf_count=11870 1105 799 9385 32268 53201 31454 12900 8522 53224 12199 13999 25976 7651 4492 8191 10901 90466 25218 9366 4345 10797 5065 1886 3295 3174 44567 3388 2569 4524 19770
internal_value=7.85474e-05 0.00653997 -0.0146178 0.000875011 -0.00119791 -0.00952631 -0.0150345 0.0147724 -0.0124748 -8.90619e-05 -0.00499529 -0.0353788 0.018061 0.0165865 0.0147648 0.0165259 -0.00668873 0.00487484 0.00353813 0.0334419 -0.0162062 -0.00535494 0.01245 0.00976208 0.0110755 0.00938717 0.016143 0.0246316 0.0179924 0.0125086
internal_weight=115905 80508.4 35396.4 47690.9 41990 28425.2 17949 32817.4 16187.9 10476.3 29791.1 6971.15 24632.8 22779.4 20728 18819.3 26597.8 8184.63 7987.74 3654.04 13307.8 7785.6 15165.3 12423.9 11981.4 11203.1 5700.97 2741.39 2134.35 4891.37
internal_count=526567 353697 172870 214197 189934 135024 86306 139500 76921 48718 136733 37846 104117 96466 87944 79753 122734 35383 34584 15246 64021 36519 64507 52922 51036 47741 24263 11585 9016 20875
is_linear=0
shrinkage=0.05


Tree=13
num_leaves=31
num_cat=0
split_feature=10 10 13 19 20 32 38 5 32 13 0 5 7 32 1 38 7 3 10 32 4 5 25 32 13 3 4 34 10 19
split_gain=4200.58 1809.08 844.852 776.843 499.79 437.894 352.976 352.34 338.476 298.671 284.778 276.844 315.595 269.956 365.248 219.436 213.324 190.775 187.815 174.674 171.343 184.869 177.211 170.075 156.694 150.331 150.138 143.807 141.002 129.602
threshold=0.016199527970660942 0.027379227681341409 0.012870700912960236 -0.18567211814938706 0.11174166331494113 3.5000000000000004 -0.080312284551824306 -0.1541542063193003 4.5000000000000009 0.010239152796437176 0.094799447218713265 -0.26571428571428601 -0.003423485509080781 2.5000000000000004 -0.11111111111111098 -0.14888202804261766 -0.018781936554872532 -0.071237157575235563 0.040272374663644216 3.5000000000000004 0.020790020790020795 -0.076888615127144164 0.7323248498713183 8.5000000000000018 0.0017857142857141389 -0.092857142857142791 0.29427210699295531 4.1051192955703621 0.0097123363229403899 0.23338095992950872
decision_type=8 10 10 8 10 2 10 8 2 10 10 10 10 2 10 8 10 10 10 2 10 8 10 2 10 10 10 2 10 10
left_child=2 3 24 7 -3 13 -4 17 -9 -10 15 27 18 25 -15 -5 19 -2 23 -8 21 -17 -22 29 -1 -6 -11 -7 -21 -13
right_child=1 4 6 10 5 11 16 8 9 26 -12 12 -14 14 -16 20 -18 -19 -20 28 22 -23 -24 -25 -26 -27 -28 -29 -30 -31
leaf_value=-0.052381861195808815 0.018066594957146489 -0.035241043182361424 0.0078484035126787643 0.028741633125036262 0.028172956791669663 0.038097557789215197 -0.030961114825912912 -0.018060549416282615 -0.035133146381534128 -0.0044191279685015681 0.051416858275514558 0.010997920325564877 0.032890201623553487 0.062636040049490485 -0.013563644348427882 0.0059693978006537416 -0.0028808433432281166 -0.0020382095330863923 0.020794710529851542 -0.036174398692211708 0.016640599798528267 -0.0060948539343135847 0.003102156204095023 0.0056110534379239414 -0.032756752320443443 0.0061801841726870123 0.053462766749608016 0.0095619145439999002 -0.015111477415742314 0.022510000873118143
leaf_weight=1790.0613450556993 1690.2569851577282 552.07203562557697 1430.5108157545328 873.64012442529202 881.61985512077808 1929.5692164599895 3088.4056271016598 8307.9340779483318 811.23486839234829 14820.510090380907 322.76302859187126 7594.313270136714 2097.0916314125061 166.844118013978 2738.0100823640823 5778.5234124064445 1950.2020965665579 3908.2187543213367 5676.6088094264269 880.94927813112736 3765.2011203020811 7049.0872442722321 6750.8442233204842 9508.4858017265797 2355.5064649730921 6548.7857179790735 112.88592423498631 572.51598919928074 8102.7373832166195 3605.492725789547
leaf_count=11158 7215 2945 6596 3626 3729 8014 15562 39741 4356 68462 1351 32676 8631 675 12085 25892 9284 17536 23734 4644 16521 32486 29585 40737 12794 28418 486 2382 39666 15224
internal_value=-9.20288e-05 0.00421189 -0.0211879 -0.00181949 0.0120179 0.0126493 -0.015811 -0.00726565 -0.00989523 -0.00558665 0.00476094 0.0156221 0.0142213 0.00373707 -0.00918702 0.00413912 -0.0182246 0.00403171 0.0127375 -0.0207033 0.00321837 -0.000660205 0.00794951 0.0105288 -0.0412309 0.00878963 -0.00398158 0.0315682 -0.0171769 0.0147039
internal_weight=115661 96062.5 19598.4 54191.1 41871.4 41319.3 15452.8 29651 24052.6 15744.6 24540.1 30984.1 28482 10335.3 2904.85 24217.3 14022.3 5598.48 26384.9 12072.1 23343.7 12827.6 10516 20708.3 4145.57 7430.41 14933.4 2502.09 8983.69 11199.8
internal_count=526211 426507 99704 247257 179250 176305 75752 137796 113045 73304 109461 131398 121002 44907 12760 108110 69156 24751 112371 59872 104484 58378 46106 88637 23952 32147 68948 10396 44310 47900
is_linear=0
shrinkage=0.05


Tree=14
num_leaves=31
num_cat=0
split_feature=13 13 13 37 33 8 38 32 33 26 32 32 32 33 32 32 33 33 32 38 11 9 2 33 8 32 33 29 25 4
split_gain=3648.79 1000.54 822.359 683.851 521.88 434.249 425.411 420.455 381.947 318.388 306.814 296.477 294.694 407.961 293.71 288.565 465.506 318.922 275.49 321.447 245.054 213.281 209.584 206.978 205.568 202.453 182.806 179.248 174.346 342.963
threshold=0.025335695920257296 0.040435684150627919 0.0017857142857141389 -0.095409239982801583 508.50000000000006 0.053768299734219489 0.20972364953434733 4.5000000000000009 3474.5000000000005 0.0945001920491646 4.5000000000000009 3.5000000000000004 1.5000000000000002 106.50000000000001 3.5000000000000004 8.5000000000000018 2529.5000000000005 252.50000000000003 1.5000000000000002 -0.083075009884924764 0.4401524378947162 0.044006677028734384 0.010025984268896783 3527.5000000000005 0.2377326383859624 8.5000000000000018 321.50000000000006 -0.076422312972769649 0.33840883798571836 -1.0000000180025095e-35
decision_type=10 10 8 8 2 8 10 2 2 10 2 2 2 2 2 2 2 2 2 10 10 10 10 2 10 2 2 8 10 8
left_child=2 10 5 -3 12 -1 11 -6 9 -9 18 -5 13 -4 -14 16 17 -13 22 -20 -11 -17 -2 -18 27 26 -16 -12 29 -7
right_child=1 3 4 6 7 28 -8 8 -10 20 24 15 14 -15 25 21 23 -19 19 -21 -22 -23 -24 -25 -26 -27 -28 -29 -30 -31
leaf_value=-0.048334337325402932 -0.004848527080225911 0.030075193753535612 -0.016793422508499363 -0.0018927390764902473 -0.022973218548845695 -0.016083764547987583 0.022085356166870226 -0.020221131607119979 -0.03300731732833876 0.031913365386389399 0.010365724127605221 0.033040853873240586 -0.028996422970825653 0.054979971766473595 0.038142002690648671 0.0015131350650927063 0.039849797805511733 0.0059923156529731736 0.0053300328691938395 -0.015191516228977445 -0.0047193443587745651 0.020061932472431692 0.019089601654825511 0.0051540987205682268 0.013827292307206343 -0.0057130027313854982 -0.0095246170627003371 -0.00080835298569484923 -0.029122944731421869 0.072837710008467449
leaf_weight=2447.3797133564949 2054.2081310302019 4289.2538220584393 296.41472461819649 7478.6742062419653 8316.364385381341 360.66305513679981 5325.2007886618376 3588.3616055846214 1556.7770826518536 474.35387398302555 4491.5971720963717 1260.9932208061218 736.91727755963802 596.21481220424175 699.51471152901649 10773.845793649554 2210.724396198988 8026.0667202025652 2536.4958707690239 7704.011769682169 12146.163327693939 1810.1187319904566 1647.8402664214373 533.5972525626421 3937.4310936927795 1286.4027502983809 282.3218212723732 17859.280976668 591.55203914642334 155.05420607328415
leaf_count=15167 9358 17649 1390 33058 41395 1848 22042 18507 7944 2133 19554 5350 3476 2715 3164 46811 9280 34608 11130 35969 57652 7590 7341 2341 16961 5984 1301 80749 2976 680
internal_value=5.27393e-05 0.00573868 -0.0138405 0.011165 -0.0111444 -0.0365795 0.00899743 -0.0136946 -0.00935116 -0.00707911 0.000113017 0.00682581 0.00592048 0.0311462 -0.0015724 0.0094747 0.0150113 0.00966496 -0.00588266 -0.0101085 -0.00334247 0.00418125 0.00580671 0.0331037 0.00329295 0.00733726 0.0244357 0.00143717 -0.0105979 0.0106511
internal_weight=115474 81939.3 33534.5 41708.5 29979.8 3554.65 37419.2 26082 17765.7 16208.9 40230.9 32094 3897.79 892.63 3005.16 24615.3 12031.4 9287.06 13942.6 10240.5 12620.5 12584 3702.05 2744.32 26288.3 2268.24 981.837 22350.9 1107.27 515.717
internal_count=526123 359791 166332 178729 145661 20671 161080 127631 86236 78292 181062 139038 18030 4105 13925 105980 51579 39958 63798 47099 59785 54401 16699 11621 117264 10449 4465 100303 5504 2528
is_linear=0
shrinkage=0.05


Tree=15
num_leaves=31
num_cat=0
split_feature=10 10 9 19 37 19 38 28 5 28 20 32 36 6 5 32 32 38 28 5 28 1 34 1 14 33 33 32 34 2
split_gain=3506.56 1452.65 751.552 620.444 420.783 480.4 326.543 376.661 309.291 321.095 291.42 245.559 230.324 205.109 185.104 183.511 168.755 156.865 186.336 144.471 143.466 142.077 140.505 137.027 155.42 136.999 247.051 127.545 120.286 114.338
threshold=0.016199527970660942 0.027150251834506714 0.0060869482078281635 -0.036012365439252784 -0.080274023951721493 -0.20442730497444561 -0.087245467192365575 0.049191067223054656 -0.23846153846153809 0.071887443187932568 0.068294689808189299 4.5000000000000009 0.99959903769045755 1.0000000180025095e-35 -0.11920529801324518 3.5000000000000004 4.5000000000000009 -0.12230959443211147 0.032300276820252084 -0.096282688637376199 0.08121348777113406 0.094503147679869351 3.0927440999241704 -0.080634674273249649 1.0000000180025095e-35 741.50000000000011 696.50000000000011 3.5000000000000004 3.0468977391027221 -0.072368421052631568
decision_type=8 10 10 10 10 10 10 10 8 10 10 2 2 8 10 2 2 8 8 10 10 10 2 10 10 2 2 2 2 10
left_child=2 3 -1 8 23 10 -4 15 29 13 -6 -12 22 -10 21 -8 -16 -5 -19 -17 -13 -15 -7 -3 -25 26 -18 -11 -9 -2
right_child=1 4 6 17 5 12 7 28 9 27 11 20 -14 14 16 19 25 18 -20 -21 -22 -23 -24 24 -26 -27 -28 -29 -30 -31
leaf_value=-0.044889243709831744 0.03956843723438834 0.037673101193986334 0.0091000743887058085 0.022048743080732028 -0.03794090896537608 0.02056210917538441 -0.031764416558075832 0.020815727850388793 -0.042554253086586086 -0.0097281785764104164 -0.0040141228255111319 0.005379833658010885 0.037825844898957905 -0.0031817036631429131 -0.017630352687528363 -0.0053776410283605976 -0.0028078316178252972 -8.3579463364694386e-05 0.010059362583845743 -0.021075353959558549 0.01761788636285996 0.059085740026384052 0.010460268805715808 0.028121223240178985 0.0075792461599707463 -0.0099871033536959603 0.048968645823287367 0.011891243083321991 -0.0062987516757251798 0.0078596963403674124
leaf_weight=2543.8043271899223 348.66341105103493 1363.2610484063625 1228.0124970972538 1293.8878259062767 414.10178725421429 4879.1556148529053 3253.0627754330635 485.79307392239571 447.71389526128769 899.83615534007549 6001.6367685645819 10821.544620350003 1027.9834133088589 8826.2005673348904 6705.5265584886074 1831.0182992368937 1504.0891205817461 11114.078411623836 7641.1027272492647 7346.4720422029495 3075.3426652550697 92.570306777954102 11687.487573206425 2110.4296869039536 1633.4940058588982 9652.0331743359566 272.06180986762047 2820.7049079686403 2588.4314940720797 1540.0316132158041
leaf_count=16083 1444 5510 5631 5394 2308 20628 16947 2227 2629 4052 26519 46742 4228 40338 32668 9086 6939 50489 33152 37561 12803 397 49380 8733 6803 45436 1244 12415 12299 6690
internal_value=-0.000104774 0.00379647 -0.0195685 -0.00173123 0.0106278 0.00881258 -0.0157191 -0.0176848 -0.00593469 -0.00712329 0.00357396 0.00443791 0.0148605 -0.00898838 -0.00843287 -0.0215604 -0.0113334 0.00521043 0.00404879 -0.0179435 0.00808808 -0.00253541 0.0134354 0.0241007 0.0191586 -0.00763871 0.00512303 0.00666245 -0.00201409 0.0137133
internal_weight=115450 96172.9 19276.6 53158.5 43014.4 37907.3 16732.8 15504.8 33109.4 31220.7 20312.6 19898.5 17594.6 27500.2 27052.5 12430.6 18133.7 20049.1 18755.2 9177.49 13896.9 8918.77 16566.6 5107.18 3743.92 11428.2 1776.15 3720.54 3074.22 1888.7
internal_count=526775 426941 99834 243287 183654 162608 83751 78120 154252 146118 88372 86064 74236 129651 127022 63594 86287 89035 83641 46647 59545 40735 70008 21046 15536 53619 8183 16467 14526 8134
is_linear=0
shrinkage=0.05


Tree=16
num_leaves=31
num_cat=0
split_feature=10 10 13 13 1 28 28 38 28 13 38 1 32 32 32 32 13 33 33 32 33 33 33 32 32 32 33 12 28 32
split_gain=3225.45 1380.48 728.835 448.495 404.04 368.045 366.047 317.59 350.164 286.296 283.327 283.033 281.213 359.893 259.888 264.045 224.877 204.949 381.674 255.334 244.975 266.272 190.889 231.916 205.567 176.576 164.805 159.787 159.614 156.694
threshold=0.016199527970660942 0.026690049759040782 0.007405876033632095 0.037647094268043517 -0.074074074074074223 0.1251149275806461 0.0012871963032565284 -0.066915205018181198 0.049191067223054656 0.0040444935181774451 -0.14888202804261766 0.0030025221233918047 3.5000000000000004 2.5000000000000004 1.5000000000000002 4.5000000000000009 0.0040444935181774451 3259.5000000000005 2810.5000000000005 8.5000000000000018 3335.5000000000005 3352.5000000000005 252.50000000000003 10.500000000000002 5.5000000000000009 4.5000000000000009 483.50000000000006 3.6642857142857159 -0.13762126192817656 5.5000000000000009
decision_type=8 10 10 10 10 10 10 10 10 10 8 8 2 2 2 2 10 2 2 2 2 2 2 2 2 2 2 10 10 2
left_child=2 3 -1 6 28 9 16 -4 29 -6 -5 25 13 -11 26 -16 -2 18 22 27 -19 -22 24 -24 -14 -8 -13 -20 -3 -9
right_child=1 4 7 10 5 -7 11 8 -10 12 -12 14 17 -15 15 -17 -18 20 19 -21 21 -23 23 -25 -26 -27 -28 -29 -30 -31
leaf_value=-0.046359027349023488 -0.035927605414147024 0.063378612575318502 0.0027446240872022959 0.029941758557287552 -0.017868007842587099 0.020805028564647464 -0.015935974230076824 -0.028529621431963428 -0.0029894935941954166 0.006712335645087982 0.0032143155805440756 0.058812195882639022 0.045125552140399219 -0.014837464836398549 -0.017123818060945737 0.0093946738337840393 -0.0086356388017350873 -0.023715593953411527 0.05105036611009979 0.013508959994384777 0.067226850903492383 0.0017573215960374974 0.0046080306781558795 0.017023141894006794 0.0081889808524530667 -0.00065203011873739552 0.016481916498764473 0.013757337330903806 0.024085133243580584 -0.016841044429426254
leaf_weight=2116.8394565880299 787.80801092088223 285.03993444144726 2143.4334304183722 1058.3767726868391 1115.9276012480259 5631.7133543938398 2732.7144570201635 4985.3940460532904 3132.0714333206415 6684.0963667482138 15702.656109392643 359.55662952363491 753.04513701796532 2728.2291613072157 1169.9963349550962 4747.9968599528074 17997.99748121202 907.48911727964878 1223.8425077199936 1485.7684601098299 173.37122093141079 1490.4469731301069 13218.350456655025 5257.798255071044 753.7047014683485 6125.9661186933517 637.82463617622852 375.31161274015903 2770.0301801413298 6748.6845426410437
leaf_count=14062 4404 1150 10152 4338 5599 23213 13040 26224 14854 29035 69674 1595 3132 12157 5416 21235 84647 3896 5099 6238 731 6430 56397 22209 3159 28268 2890 1563 11399 34724
internal_value=6.11466e-05 0.0037905 -0.0186915 -0.00180975 0.0101982 0.00891521 -0.00506487 -0.0152483 -0.0178425 0.00706382 0.00490202 0.000550726 0.00785757 0.000465973 0.00813115 0.00415193 -0.00978016 0.0105711 0.0120636 0.0284325 -0.00281851 0.0085793 0.00953658 0.00814103 0.0266492 -0.0053668 0.031742 0.0422979 0.0277512 -0.0218071
internal_weight=115301 96175.1 19126.4 51320.9 44854.2 41799.1 34559.9 17009.6 14866.2 36167.4 16761 15774.1 35051.5 9412.33 6915.37 5917.99 18785.8 25639.1 23067.8 3084.92 2571.31 1663.82 19982.9 18476.1 1506.75 8858.68 997.381 1599.15 3055.07 11734.1
internal_count=526930 426914 100016 235507 191407 178858 161495 85954 75802 155645 74012 72444 150046 41192 31136 26651 89051 108854 97797 12900 11057 7161 84897 78606 6291 41308 4485 6662 12549 60948
is_linear=0
shrinkage=0.05


Tree=17
num_leaves=31
num_cat=0
split_feature=10 9 7 4 28 38 32 33 33 0 0 0 33 33 12 3 10 20 28 1 34 32 32 33 1 33 32 5 32 33
split_gain=2957.27 1194.67 719.01 683.687 530.346 524.964 331.172 345.152 442.568 303.976 250.9 255.865 235.833 225.486 208.521 207.547 202.186 199.442 174.015 173.568 165.712 163.451 163.032 162.61 157.685 147.06 145.444 145.071 144.586 142.847
threshold=0.020817121004087072 0.0078327508413078336 -0.2847419018570711 0.079027355623100495 0.071887443187932568 -0.083075009884924764 5.5000000000000009 2278.5000000000005 2262.5000000000005 0.073262427375537911 -0.043563657759028478 0.00072681021768261644 2967.5000000000005 3640.5000000000005 0.049999999999999968 -0.0892307692307691 0.013464521299420013 0.15667456555867712 0.15045696867749092 -0.040554597348228021 3.0032012097360954 9.5000000000000018 10.500000000000002 428.50000000000006 0.12397117599241315 741.50000000000011 4.5000000000000009 -0.16372593811531891 1.5000000000000002 653.50000000000011
decision_type=10 8 10 10 10 10 2 2 2 10 10 10 2 2 10 10 10 10 10 8 2 2 2 2 10 2 2 8 2 2
left_child=1 14 15 10 5 19 -7 8 16 18 -4 17 -9 -14 -1 -2 -8 -12 -5 -3 -6 29 25 -17 27 -23 28 -21 -19 -18
right_child=2 4 3 9 20 6 7 12 -10 -11 11 -13 13 -15 -16 23 21 26 -20 24 -22 22 -24 -25 -26 -27 -28 -29 -30 -31
leaf_value=-0.051150509267179955 0.029974199306152569 0.015397212450187242 0.019613591281577018 0.0076817195402241537 0.026580149269987752 -0.01950458112532024 -0.01688004832263899 -0.032907213883078358 0.099085335326597745 0.033026484845479973 -0.029947975079384244 0.0050568777910586296 -0.002949413451464137 -0.045143888709174261 -0.0277008233264474 0.031544341417540242 -0.015496713686463354 0.0033274293221731768 0.019758448269526413 0.0079838248631853206 0.0032592500475962468 0.021062886670314286 -0.00093683338995692806 0.0096832755203108134 0.063035986034892869 -0.030367956578671348 0.00045405265605904643 -0.0097245572479299214 -0.011509717343411326 0.0088763574247950738
leaf_weight=1365.9571264386177 3133.5736085921526 1864.3903420716524 1726.7478239834309 13570.880360946059 937.08000418543816 11340.081369042397 2507.7965080291033 1970.617629095912 104.2237004339695 1612.9054208099842 664.12924118340015 16463.822840958834 2021.4593491703272 375.43285463750362 3098.3921358734369 1051.3168744891882 704.54088953137398 2235.1050728261471 3823.1346281319857 1775.1345601677895 4070.8611738681793 159.91129918396473 2239.7042793035507 4456.3751392960548 90.482370510697365 1062.4431467503309 17108.733880400658 3318.8634177297354 6187.5084675997496 4096.9155870825052
leaf_count=9614 12779 8318 7313 57902 4095 56940 12947 9721 502 6590 3712 72667 9906 2002 17816 4389 3319 10025 15745 7836 18305 746 10650 18953 381 5107 75428 15504 28441 19313
internal_value=-2.76767e-05 -0.0103866 0.00617096 0.00432664 -0.00755719 -0.00981759 -0.0130343 -0.00822076 -0.00345283 0.0122616 0.000928735 0.000172416 -0.0200934 -0.00955847 -0.0348757 0.019701 -0.00444499 -0.00289746 0.0103361 0.00231355 0.00762303 -0.000671221 -0.00895255 0.0138562 -0.00239146 -0.0236397 -0.00219382 -0.00355362 -0.00757239 0.00529998
internal_weight=115139 43104.3 72034.2 63393 38639.9 33632 26583.1 15243 10875.5 19006.9 44386 42659.3 4367.51 2396.89 4464.35 8641.27 10771.3 26195.5 17394 7048.87 5007.94 8263.52 3462.06 5507.69 5184.48 1222.35 25531.3 5094 8422.61 4801.46
internal_count=526966 213022 313944 277823 185592 163192 131153 74213 52584 80237 197586 190273 21629 11908 27430 36121 52082 117606 73647 32039 22400 39135 16503 23342 23721 5853 113894 23340 38466 22632
is_linear=0
shrinkage=0.05


Tree=18
num_leaves=31
num_cat=0
split_feature=10 10 10 28 38 20 20 1 32 33 33 32 33 33 32 32 38 6 33 33 33 13 33 32 33 34 33 33 33 33
split_gain=2756.18 1098.9 606.499 548.675 484.985 344.944 314.911 278.673 268.232 290.68 271.408 245.562 253.417 473.004 288.51 252.896 243.26 260.773 224.941 206.062 189.313 189.007 188.468 309.946 182.409 157.426 156.835 154.931 153.77 177.661
threshold=0.020817121004087072 0.010869669654038835 0.028828398726537707 0.047107369750796449 -0.088761901344511326 0.11174166331494113 0.4587485896566636 -0.09487780551796858 5.5000000000000009 2278.5000000000005 2262.5000000000005 3.5000000000000004 3259.5000000000005 2845.5000000000005 8.5000000000000018 2.5000000000000004 -0.14091028144201542 59.308706484249193 346.50000000000006 916.50000000000011 3742.0000000000005 0.01504925952381244 303.50000000000006 6.5000000000000009 372.50000000000006 3.0032012097360954 741.50000000000011 2859.5000000000005 3335.5000000000005 3352.5000000000005
decision_type=10 8 10 10 10 10 10 10 2 2 2 2 2 2 2 2 10 10 2 2 2 10 2 2 2 2 2 2 2 2
left_child=1 21 16 4 19 -4 -6 -7 20 10 -10 15 13 18 27 -9 -2 -18 22 -3 -8 -1 23 -13 -20 -5 -27 -15 -14 -30
right_child=2 3 5 25 6 7 8 11 9 -11 -12 12 28 14 -16 -17 17 -19 24 -21 -22 -23 -24 -25 -26 26 -28 -29 29 -31
leaf_value=-0.041116480684219546 0.017070996091450168 -0.0048901984146757531 -0.031485734560752446 0.019029452688356343 -0.029602663105090122 0.032279181092042801 -0.018285917312445887 0.0078521932413848968 -0.0023741249507737549 -0.018735297814910925 0.083948751907322761 0.032451912354552928 -0.020015156295016101 0.077966617345612776 0.013438701116801227 -0.01167343450601019 -0.0027266862967445429 0.0069736289325540921 -0.021065649960287199 0.013765505023647779 0.067274519679894326 -0.021012168899591253 0.044846939661871477 -0.0018898248184449431 0.0091679132579950886 0.015429431601879165 -0.0033725231775242172 0.035660234660645107 0.059914698672343961 0.00069630215302273998
leaf_weight=2780.5273957103491 2269.9564046412706 4001.2637072950602 484.86612625420094 1533.5928481072187 2702.8975021243095 1471.6886960268021 9511.109353095293 6291.1196733564138 8281.1884083896875 3413.9892482310534 92.068778201937675 1386.0500021725893 874.03690648078918 238.51900699734688 1789.1431095153093 2251.9445999711752 23341.869806706905 9852.9033820331097 515.28526216745377 2349.2224536985159 65.093517482280731 2017.1998358219862 732.31722444295883 1249.1604206711054 15683.975362122059 1456.4197223931551 4651.1110021919012 2334.1332039684057 141.4868598729372 1208.0887826532125
leaf_count=18093 9407 18304 2754 6778 14705 5965 47982 26983 40123 17110 432 5700 3739 986 7405 9987 106554 42837 2179 10450 356 10867 3037 5222 66040 6451 21292 9484 586 5162
internal_value=-7.09443e-05 -0.0101134 0.00589686 -0.00727066 -0.0102797 0.0104073 -0.0135229 0.0109689 -0.0114885 -0.00643862 -0.00142496 0.010065 0.0124692 0.0139696 0.0288588 0.00270525 0.00123545 0.00015257 0.0106505 0.00201107 -0.0177043 -0.0326636 0.0224086 0.016173 0.00820621 0.00470732 0.00111105 0.0395826 -0.00367674 0.00690464
internal_weight=114972 42855.7 72116.5 38058 30416.8 36651.8 24066.3 36166.9 21363.4 11787.2 8373.26 34695.3 26152.2 23928.6 4361.8 8543.06 35464.7 33194.8 19566.8 6350.49 9576.2 4797.73 3367.53 2635.21 16199.3 7641.12 6107.53 2572.65 2223.61 1349.58
internal_count=526970 212943 314027 183983 149462 155229 120708 152475 106003 57665 40555 146510 109540 100053 17875 36970 158798 149391 82178 28754 48338 28960 13959 10922 68219 34521 27743 10470 9487 5748
is_linear=0
shrinkage=0.05


Tree=19
num_leaves=31
num_cat=0
split_feature=10 10 19 13 37 19 7 37 32 13 28 28 28 38 13 1 10 32 32 7 3 14 1 13 4 28 32 38 32 28
split_gain=2454.71 1112.66 653.678 602.802 300.694 315.435 299.516 280.273 262.147 258.363 237.682 203.088 191.355 230.662 190.596 142.523 138.35 136.622 124.538 122.603 118.436 116.379 140.768 113.264 112.643 112.624 112.588 104.893 101.947 99.338
threshold=0.01563216922119717 0.028706876025294158 -0.2396460630073857 0.007405876033632095 -0.073138138123588811 -0.31888705820950342 -0.25230212214207681 -0.06026048643853598 4.5000000000000009 0.010239152796437176 0.071887443187932568 0.077940693059680169 0.048186158158062577 -0.12230959443211147 0.0017857142857141389 0.094503147679869351 0.0085999904843141288 4.5000000000000009 3.5000000000000004 -1.0000000180025095e-35 -0.049751243781094572 1.0000000180025095e-35 -0.029089085438132541 0.046929283613499316 -0.19892341409703221 -0.14522169750389916 5.5000000000000009 -0.15341916856491719 5.5000000000000009 0.048186158158062577
decision_type=8 10 8 10 10 10 8 10 2 10 10 10 10 8 10 10 10 2 2 10 10 10 10 10 10 10 2 10 2 8
left_child=3 2 6 24 21 14 20 -5 -8 -10 16 23 13 -4 -6 29 -9 -16 -18 -7 -2 27 -23 -11 -1 -24 -19 -3 -25 -15
right_child=1 4 12 7 5 19 8 10 9 11 -12 -13 -14 15 17 -17 18 26 -20 -21 -22 22 25 28 -26 -27 -28 -29 -30 -31
leaf_value=0.076371615430190498 0.017687071315880955 0.040747779251606844 0.018669169889956601 0.017364426018808093 -0.024467237543737919 0.011010976275134978 -0.014340703900604291 -0.035850746197951019 -0.02992766946267383 -0.006490686119668067 0.0012681001824011232 0.010991254357986176 0.010465612337502966 -0.00027726206653399973 -0.0035528794879482275 0.019519896978754735 -0.025914214668916524 0.025103396000941299 -0.013771761376590206 0.023822698564993895 -0.0024071202455474981 0.022372898818762227 -0.041336496285292824 0.036477737485700705 -0.045910726676228898 0.0053223013702463282 0.00549187890901379 0.020631043154653222 0.0020580003641457794 -0.019296971291022494
leaf_weight=19.026608377695084 1679.1234075129032 990.47227555513382 1799.7541633695364 658.76413254439831 619.25725923478603 14490.929018884897 9882.292455881834 1047.1398178488016 935.18757030367851 14031.812789440155 1742.1730908453465 2275.0913979262114 8558.982028901577 17182.312676280737 4365.238712772727 884.82832153141499 2826.9355356544256 793.28794075548649 8346.2789524793625 2143.5726279318333 1301.8347603976727 1499.2500205785036 153.71496851742268 250.56677782535553 1849.4511275589466 815.31396906077862 9446.4508083760738 1874.0601738393307 1521.064575150609 715.08202630281448
leaf_count=92 7065 4000 7458 3010 3349 60843 48139 6197 5357 65641 8215 9898 36701 78547 19167 3804 15323 3337 43291 8740 5725 6105 675 1104 13375 3389 39947 7788 6764 3391
internal_value=-7.2354e-05 0.00292488 -0.00123009 -0.0179232 0.00974169 0.0079023 -0.00617817 -0.0145058 -0.00773486 -0.0043015 -0.0160094 -0.00297588 0.00418256 0.00156976 0.00270176 -6.87439e-05 -0.0184726 0.00385374 -0.0168439 0.0126619 0.0089116 0.0207304 0.0127732 -0.00498661 -0.0446655 -0.00207908 0.00701121 0.0275868 0.00692608 -0.00103719
internal_weight=114699 98209.5 61017.9 16489.8 37191.5 31858.7 31877 14621.3 28896 19013.7 13962.5 18078.5 29141 20582 15224.2 18782.2 12220.4 14605 11173.2 16634.5 2980.96 5332.81 2468.28 15803.4 1868.48 969.029 10239.7 2864.53 1771.63 17897.4
internal_count=526437 436934 279594 89503 157340 135383 149693 76036 136903 88764 73026 83407 129901 93200 65800 85742 64811 62451 58614 69583 12790 21957 10169 73509 13467 4064 43284 11788 7868 81938
is_linear=0
shrinkage=0.05


Tree=20
num_leaves=31
num_cat=0
split_feature=8 5 12 37 37 7 32 33 33 0 0 33 34 32 32 33 2 33 33 19 33 33 11 37 33 33 32 8 33 25
split_gain=1192.32 1635.86 877.126 638.765 646.197 333.411 304.278 285.697 580.988 265.73 250.11 233.553 226.029 203.013 399.883 190.631 187.38 185.893 247.907 181.834 174.076 185.328 170.421 211.119 166.092 295.967 165.256 149.343 245.803 146.487
threshold=0.2377326383859624 -0.13910761154855664 0.049999999999999968 0.014269052736079703 -0.049841838114652974 -0.30118720496019163 4.5000000000000009 741.50000000000011 696.50000000000011 0.073262427375537911 0.083864205044971954 3625.5000000000005 4.2605647171188785 10.500000000000002 9.5000000000000018 822.50000000000011 -0.11709601873536295 3274.5000000000005 3108.5000000000005 -0.17566592568942765 1558.5000000000002 1503.5000000000002 1.2338389557395717 -0.10642279610999415 3259.5000000000005 3108.5000000000005 1.5000000000000002 0.016133680394161968 547.50000000000011 0.7571615069004104
decision_type=10 8 8 8 10 10 2 2 2 10 8 2 2 2 2 2 10 2 2 10 2 2 10 10 2 2 2 10 2 8
left_child=1 5 -3 4 22 -1 26 8 -8 16 17 12 13 14 -9 -15 -2 18 29 -7 21 -17 23 -4 25 -18 27 -6 -29 -5
right_child=9 2 3 10 6 19 7 11 -10 -11 -12 -13 -14 15 -16 20 24 -19 -20 -21 -22 -23 -24 -25 -26 -27 -28 28 -30 -31
leaf_value=0.019760863403627683 0.038209721602193755 -0.042956267137584318 0.024963911930641076 0.0058535809175910055 -0.029017455207027809 0.0011792756555774598 -0.0031481678387804248 -0.0048301137987494464 0.055605578424482972 0.028409122083791406 0.037151189053214136 -0.033967805558251456 -0.017642290433164651 -0.024083141295178016 -0.030203656334960267 0.013400630437009481 0.0071886470514479902 -0.014823774956262213 0.029886029262364944 0.011781089183691676 0.0006600748499551852 0.063259964155683704 -0.011899437975147212 0.0025995319033316807 -0.0066519568541762615 0.029616263120715719 -0.021149579688915277 0.034070113722548499 -0.0091181613599162006 -0.0036594341490884886
leaf_weight=5534.2813726514578 513.21905975043774 1611.4997505396605 1270.8420246243477 8564.90175165236 662.65325829386711 9712.1898322403431 4319.7403742820024 7870.2182395011187 466.16874651610851 1780.4532966315746 494.92867167294025 1049.0459187328815 6207.5477725863457 516.70939438045025 1934.4453232586384 728.24543415009975 18554.273105680943 1661.5506222397089 799.05573303997517 6930.4354078173637 2116.2734091877937 250.47910071909428 1533.8841288238764 6220.1375092417002 1859.1881391257048 1597.6827414780855 9610.6081485003233 391.29829601943493 2084.5479093044996 7671.1152190715075
leaf_count=22964 2095 11522 5295 38797 3613 43599 19889 37617 2164 7252 2113 5870 31276 2391 9402 3482 78880 7666 3542 30241 10097 1178 6967 28330 8092 6504 48826 1828 10234 34802
internal_value=-1.547e-05 -0.00266362 -0.00650769 -0.00562342 -0.00874885 0.00912948 -0.0115912 -0.00843364 0.00257471 0.00981375 0.00206866 -0.0109821 -0.00975338 -0.00610331 -0.00983628 0.00403055 0.00834386 0.00113997 0.00269702 0.00559416 0.00872412 0.0261608 0.00328451 0.00639364 0.0076475 0.00896675 -0.0178965 -0.00793506 -0.00229241 0.00135892
internal_weight=114518 90212.8 68035.9 66424.4 47232.8 22176.9 38208 25458.9 4785.91 24304.8 19191.6 20673 19623.9 13416.4 9804.66 3611.71 22524.4 18696.6 17035.1 16642.6 3095 978.725 9024.86 7490.98 22011.1 20152 12749.1 3138.5 2475.85 16236
internal_count=526528 423705 326901 315379 228459 96804 187867 123366 22053 102823 86920 101313 95443 64167 47019 17148 95571 84807 77141 73840 14757 4660 40592 33625 93476 85384 64501 15675 12062 73599
is_linear=0
shrinkage=0.05


Tree=21
num_leaves=31
num_cat=0
split_feature=13 10 10 1 32 32 3 28 2 2 7 5 28 28 28 13 7 0 32 34 12 28 28 34 5 12 0 0 5 7
split_gain=2160.9 757.966 744.95 422.071 358.865 413.388 301.799 342.408 273.722 243.109 239.04 235.485 215.145 196.328 192.619 262.14 182.257 177.344 174.989 237.418 174.113 148.037 144.575 143.881 133.996 130.03 120.632 119.081 117.796 117.335
threshold=0.023286456766345474 0.010869669654038835 0.030004809682940052 0.0043972156875382593 3.5000000000000004 1.5000000000000002 -0.11165857605177991 0.074659483505211802 -0.049450549450549323 0.02156862745098043 -0.32784171099772008 -0.11538461538461535 -0.096012958412729124 0.14537349094655108 -0.00050396872608426491 0.007405876033632095 -0.016499297587599934 0.058479860368547694 8.5000000000000018 2.9096258622311582 2.4857142857142884 0.0012871963032565284 -0.070829949074769999 3.8099896666734097 -0.11174242424242446 0.10714285714285712 -0.045454545454545463 -0.040540540540540619 -0.16871796813855441 -1.0000000180025095e-35
decision_type=10 8 10 8 2 2 8 10 8 10 10 8 8 10 8 8 10 8 2 2 8 10 10 2 8 10 10 10 8 10
left_child=1 25 4 8 5 9 12 11 -3 22 23 -8 -6 26 15 -10 -13 21 -9 -20 27 -5 -2 -4 -16 -1 -12 -7 -23 -28
right_child=2 3 10 17 6 20 7 18 14 -11 13 16 -14 -15 24 -17 -18 -19 19 -21 -22 28 -24 -25 -26 -27 29 -29 -30 -31
leaf_value=-0.049610659108547575 0.037760744520857085 0.014072429413954663 0.031366703120602905 -0.0079372220489030074 0.041841753950000296 0.016198377312429971 0.0061810927102250064 0.018404928318093688 -0.037384697753469968 0.01816956234195561 0.020066324921209588 -0.0044538488666691677 0.0096284816326423009 0.019336602597981506 0.0041413936433622543 -0.015484743344694341 0.010610883594678773 0.04458439633424837 0.027874587636879229 -0.0049718914757279579 -0.0013135815817728136 0.038592657596734109 -0.0069905952331209987 0.0092863716215591339 -0.012463848110868205 -0.027814498695632264 0.0050197268661242491 -0.018061118267552651 0.0044742580913983716 0.020965646902793775
leaf_weight=880.1802067682147 193.02268223464489 862.98639091849327 1986.6808363497257 3048.0531749427319 767.73553167283535 263.79878057539463 9675.2329152077436 4093.2398011088371 1700.4800211936235 2092.484177082777 1622.2625954598188 21731.010338157415 1595.5105381309986 3690.9383435249329 1599.1822148486972 6955.8241291642189 2212.0842894613743 231.7514416873455 716.14430673420429 2373.3886684030294 2494.2677413672209 275.2290206104517 2776.5644935816526 1173.6364795863628 5055.8678227812052 3074.1676424592733 20279.836760804057 6588.1509542018175 3130.0304860770702 1223.2135759294033
leaf_count=7149 879 4048 8109 15128 3175 1153 42692 17333 10317 9180 6689 100614 6747 14996 7528 35004 9750 1015 3024 10181 11727 1190 12915 4801 25552 18591 85695 31408 14906 4994
internal_value=-3.47663e-05 -0.0124539 0.00376886 -0.00895752 0.000440804 -0.00639176 0.00272152 0.00171532 -0.0133254 0.00511616 0.0101607 -0.000401893 0.0200934 0.00862789 -0.0148696 -0.0197869 -0.00306203 0.00161043 0.0116247 0.00264182 -0.0126246 6.71452e-05 -0.00408177 0.0231668 -0.00847367 -0.032666 0.00691872 -0.0167421 0.00723187 0.00592682
internal_weight=114363 26813.8 87549.2 22859.4 57572.6 14408.3 43164.3 40801.1 16174.3 5062.07 29976.6 33618.3 2363.25 26816.3 15311.4 8656.3 23943.1 6685.06 7182.77 3089.53 9346.22 6453.31 2969.59 3160.32 6655.05 3954.35 23125.3 6851.95 3405.26 21503.1
internal_count=526490 140428 386062 114688 260778 67262 193516 183594 82449 22974 125284 153056 9922 112374 78401 45321 110364 32239 30538 13205 44288 31224 13794 12910 33080 25740 97378 32561 16096 90689
is_linear=0
shrinkage=0.05


Tree=22
num_leaves=31
num_cat=0
split_feature=9 7 4 6 7 37 19 0 8 25 2 36 32 4 32 37 0 32 34 9 20 32 28 12 3 28 9 11 26 28
split_gain=1746.19 603.966 593.078 539.53 419.144 416.024 313.946 310.758 266.313 247.618 231.572 222.892 219.658 212.236 189.165 175.213 173.474 156.578 152.154 140.544 135.104 134.205 125.812 129.079 124.209 121.812 137.623 116.152 115.456 114.222
threshold=0.016207796733439112 -0.28119096783725495 0.11663507376179895 1.0000000180025095e-35 -0.12833884853467778 0.010758884291951156 -0.36230496151697317 -0.037869907024937692 0.11538461538461554 0.31886301431327685 -0.076142131979695368 0.99959903769045755 4.5000000000000009 -1.0000000180025095e-35 1.5000000000000002 -0.066901408450732322 0.094799447218713265 2.5000000000000004 4.1182235049827858 0.0097246219806296531 0.15667456555867712 3.5000000000000004 0.015784077448185382 0.93571428571428583 -0.087497847054770914 inf 0.043012087826224642 0.53601084274597344 0.59516093624227739 0.01291006221409126
decision_type=8 8 10 10 8 10 8 10 10 10 10 2 2 8 2 10 10 2 2 10 10 2 10 10 10 8 8 10 10 10
left_child=3 10 6 9 8 19 7 -3 15 13 -2 -4 17 -1 22 -5 25 24 -15 -6 -14 -16 -7 -24 -9 26 28 -10 -8 -17
right_child=1 2 11 4 5 14 16 12 27 -11 -12 -13 20 18 21 29 -18 -19 -20 -21 -22 -23 23 -25 -26 -27 -28 -29 -30 -31
leaf_value=-0.023475726413762985 0.030130305579830048 0.019542738407969981 0.0093612346016619229 0.017975200786391927 -0.025768046776437042 -0.010388138069200342 0.0059656287739506221 0.015426149528836076 0.040915375500983814 -0.044358442541354064 0.011433806576044142 0.035745378434543278 -0.029517448439176492 0.088329961700910745 -0.025870224683540357 -0.0078346613027570015 0.035373231078815841 -0.017905822524070702 -0.016918876250492095 -0.014381966232602942 -0.0011224937144973172 -0.001968148474447901 0.060339831268331638 0.013159111220987719 -0.0080812677040706035 -0.017466247026625706 0.017640711456094062 -0.0056723590363270725 -0.00067689924283789412 0.0063533990551457378
leaf_weight=444.51149250566959 2216.354033395648 1374.8717418462038 15458.164901271462 945.27540057897568 3940.7551765814424 237.86288490891457 13750.512178108096 652.99638876318932 535.36576309800148 1600.5176534876227 6552.6803608685732 844.19064365327358 428.50041228532791 86.369082897901535 686.13190206885338 6506.2689878344536 424.49820800125599 4443.9527051448822 57.002367809414864 8679.3954871594906 18726.026088997722 4075.712692797184 246.56004922091961 351.82026925683022 4029.5134102106094 697.41193942725658 1662.3865943402052 178.36420364677906 12477.971446856856 1814.0715819746256
leaf_count=2911 8972 5890 64764 4164 23216 1209 61486 2898 2302 11665 27339 3429 2447 435 3474 31692 1758 21187 397 44672 83919 19771 1120 1640 19065 3334 7071 825 54630 8498
internal_value=1.77637e-05 0.00374334 0.00229109 -0.0102495 -0.00839337 -0.0129051 -5.31426e-05 -0.00367085 -0.000156767 -0.0341652 0.0161593 0.0107275 -0.00479937 -0.00641398 -0.00156052 -0.00242373 0.00364476 -0.0111832 0.0464846 -0.0179374 -0.00175771 -0.00541219 0.0203722 0.0325997 -0.00480306 0.00317363 0.00368973 0.0292729 0.0028055 -0.00474126
internal_weight=114126 83740 74971 30386 28197.6 18218.2 58668.6 29655.9 9979.35 2188.4 8769.03 16302.4 28281 587.883 5598.09 9265.62 29012.8 9126.46 143.371 12620.2 19154.5 4761.84 836.243 598.38 4682.51 28588.3 27890.9 713.73 26228.5 8320.34
internal_count=526180 368189 331878 157991 142583 95102 263685 135406 47481 15408 36311 68193 129516 3743 27214 44354 128279 43150 832 67888 86366 23245 3969 2760 21963 126521 123187 3127 116116 40190
is_linear=0
shrinkage=0.05


Tree=23
num_leaves=31
num_cat=0
split_feature=10 13 10 19 10 28 38 1 19 20 5 0 34 12 37 0 8 0 4 11 26 29 28 5 26 5 3 38 19 5
split_gain=1835.17 778.958 532.639 326.906 324.932 252.099 264.888 246.206 241.811 189.946 189.887 186.287 159.146 146.892 145.453 144.748 126.467 124.534 123.616 121.782 126.464 117.856 114.003 136.711 155.024 112.157 111.333 110.619 108.73 92.8891
threshold=0.019172144469549724 0.0085242713175946189 0.028474069771062895 -0.2396460630073857 0.012338500268889241 0.032300276820252084 -0.088761901344511326 -0.080634674273249649 0.10417525493488428 0.068294689808189299 -0.14754098360655679 0.094799447218713265 3.0301337186998141 0.37857142857142795 -0.052674561045382644 0.083864205044971954 0.25128523255074126 -0.037869907024937692 0.083109009213820376 1.2048687918533405 0.75414823516455287 -0.038697718701201617 0.15045696867749092 -0.10129870129870104 0.75414823516455287 -0.060344827586206844 -0.11165857605177991 0.017873032982751561 -0.059405312609630161 -0.073863636363637172
decision_type=8 10 10 8 10 10 10 10 10 10 8 10 2 10 10 10 10 10 10 10 10 10 10 8 10 10 10 10 10 10
left_child=1 21 3 10 28 6 -6 -4 9 -9 -2 22 -7 -12 19 25 17 -15 -16 -11 -21 -1 23 24 26 -10 -5 -25 -3 -8
right_child=2 4 7 11 5 12 29 8 15 14 13 -13 -14 16 18 -17 -18 -19 -20 20 -22 -23 -24 27 -26 -27 -28 -29 -30 -31
leaf_value=-0.016236060574052181 0.0045361285479731976 -0.025218061804210525 0.023972089178243665 0.037561245005201797 0.0066099022184096072 0.017942852842084803 -0.0061149749538624521 -0.031927409168498615 0.018108008728133274 0.014937293313925407 -0.022005386966815452 0.040639144152126473 -0.0013327336227826881 0.019667728545472888 -0.00053853485205199007 0.029548018796596555 0.0065673925165049265 -0.0074722350479865017 0.0085001006899692987 -0.046241386641265897 0.0032050177192593263 -0.04407848045463611 0.018156382322351228 -0.0042714126959831223 -0.0080592477454957245 0.0074319097186248606 0.010814121094737479 0.0046012323056245944 -0.011027337112029719 -0.014531958679099375
leaf_weight=478.25885090976954 5088.0950863659382 3170.3079220503569 2291.5685011148453 427.10568559169769 2358.6345489621162 1365.6680140197277 5137.777472063899 360.04615879058838 3701.3694064468145 4771.0314197391272 1389.6033547222614 350.83254192769527 4960.0217538923025 435.27485671639442 11773.984201848507 1164.3794290870428 2044.3602156788111 14605.5885989815 5573.3779918253422 149.34362629055977 964.03218585252762 1851.5172981247306 1316.1884587258101 6829.9432570785284 1044.6675234436989 7335.2766129970551 4366.7980836927891 7233.1513629257679 2350.7113279551268 9054.7463651299477
leaf_count=3276 22343 18268 9314 1730 10460 6109 25547 2214 15329 19962 7194 1439 22832 1941 50871 4717 9149 69361 23171 663 4026 14363 5478 31476 4460 30481 19124 31388 12955 46438
internal_value=-0.000126702 -0.0105691 0.00372919 5.45342e-05 -0.00828892 -0.00566147 -0.00890634 0.0080838 0.00706658 0.0041111 -0.00401682 0.00450232 0.00282872 -0.00637236 0.00466963 0.0127813 -0.00510086 -0.00668682 0.00236541 0.0114625 -0.00342752 -0.038363 0.00390481 0.00296228 0.00939382 0.0110124 0.0131971 0.000292105 -0.019176 -0.011485
internal_weight=113944 30727.6 83216 45131.6 28397.9 22876.8 16551.2 38084.4 35792.8 23591.8 23562.9 21568.7 6325.69 18474.8 23231.8 12201 17085.2 15040.9 17347.4 5884.41 1113.38 2329.78 21217.9 19901.7 5838.57 11036.6 4793.9 14063.1 5521.02 14192.5
internal_count=526079 160248 365831 205083 142609 111386 82445 160748 151434 100907 109988 95095 28941 87645 98693 50527 80451 71302 74042 24651 4689 17639 93656 88178 25314 45810 20854 62864 31223 71985
is_linear=0
shrinkage=0.05


Tree=24
num_leaves=31
num_cat=0
split_feature=10 10 13 20 0 37 4 20 32 28 1 32 32 0 0 28 0 5 28 32 13 32 14 12 5 32 12 10 28 5
split_gain=1642.22 701.946 508.755 330.384 265.462 240.25 229.547 223.114 219.458 218.938 211.652 203.926 226.485 177.27 162.022 157.001 151.429 147.502 151.108 136.072 135.614 135.57 129.888 125.773 119.969 119.745 113.816 119.702 102.959 104.769
threshold=0.016199527970660942 0.028706876025294158 0.007405876033632095 0.60883850566357223 0.0031658097557553115 -0.074817128629730154 -0.097139892954554538 0.068294689808189299 4.5000000000000009 0.026603886781651185 -0.09487780551796858 3.5000000000000004 2.5000000000000004 -0.039150324528825768 0.083864205044971954 0.014251708328443921 0.083864205044971954 -0.18181818181818157 0.08121348777113406 4.5000000000000009 0.0060523910134721 10.500000000000002 1.0000000180025095e-35 1.1357142857142872 -0.084615384615384356 5.5000000000000009 0.57857142857142907 0.011977647375605789 0.0075872875644759996 -0.17125997747813396
decision_type=8 10 10 8 8 8 10 10 2 10 10 2 2 10 10 10 8 10 10 2 10 2 8 10 10 2 10 10 10 8
left_child=2 3 -1 13 5 22 -4 -3 -7 21 -9 12 -12 -2 17 -10 28 25 -19 -20 -15 24 -5 -21 -8 -13 -11 -28 29 -6
right_child=1 7 6 4 16 8 9 10 15 26 11 14 -14 20 -16 -17 -18 18 19 23 -22 -23 -24 -25 -26 -27 27 -29 -30 -31
leaf_value=-0.039976725127032035 0.030916503155575033 -0.031627572774481715 0.010963088647999395 0.018773919563609655 0.011959103901079252 -0.010121514176443224 -0.0098543386069239718 0.026571317523588794 -0.0046044020065117404 0.011346217050512293 0.0055405604166069147 0.031444130835765152 -0.012805283073686936 -0.029893057328992834 0.027736513356254336 0.0049279471762001814 0.028893161633941705 0.0043655270052568593 0.069161553359832512 0.024781443499534372 -0.0076998560611626146 -0.003926757828284117 -0.0076704783804358067 0.00816391505175138 -0.023035939095222207 0.012350472081373572 -0.020958661083133961 -0.0017920920495345964 0.0086943818768438798 -0.0019705054617268889
leaf_weight=1713.3936824649572 284.44232921302319 355.58163008093834 1078.1953160315752 1971.7391892969608 1699.0062750130892 8354.525667488575 2368.2831629961729 1499.057529732585 9486.6405862122774 964.3150996491313 6445.5607385784388 1081.8889599442482 2276.4670606404543 731.32536415010691 1171.921557918191 7930.6868607997894 683.13546860218048 15281.054068699479 109.13189817965031 1578.5820692628622 11712.243193745613 1673.4205941930413 607.38630200922489 4085.8462500572205 6366.0771195143461 3407.0780162513256 1197.0510615706444 2549.8146867156029 8652.9253977537155 6569.0333023220301
leaf_count=13956 1242 2224 4978 8318 7301 39622 12400 6065 44135 4709 27457 4424 10112 4620 4741 35008 2858 64487 440 6448 55587 8945 2575 16673 35891 14076 6571 12194 37842 30620
internal_value=-0.00016835 0.00242539 -0.0140671 -0.000983359 0.000991047 -0.00200347 -0.0113263 0.0077894 -0.00345954 -0.0129159 0.00816886 0.00739041 0.000752258 -0.00811204 0.00955762 -0.000264007 0.00581365 0.00872359 0.00696919 0.0138604 -0.00900418 -0.016964 0.0125462 0.0127949 -0.0194618 0.0169522 -0.00397284 -0.00791544 0.00488188 0.000891901
internal_weight=113886 95975.3 17910.6 58683.1 45955.1 28351 16197.2 37292.2 25771.9 15119 36936.6 35437.5 8722.03 12728 26715.5 17417.3 17604.1 25543.6 21054.6 5773.56 12443.6 10407.8 2579.13 5664.43 8734.36 4488.97 4711.18 3746.87 16921 8268.04
internal_count=526519 426875 99644 269728 208279 129658 85688 157147 118765 80710 154923 148858 37569 61449 111289 79143 78621 106548 88048 23561 60207 57236 10893 23121 48291 18500 23474 18765 75763 37921
is_linear=0
shrinkage=0.05


Tree=25
num_leaves=31
num_cat=0
split_feature=10 10 9 19 20 32 33 33 32 33 28 19 33 32 1 33 32 33 5 32 33 28 33 33 0 3 33 12 34 33
split_gain=1621.59 667.821 475.356 380.59 247.67 238.807 256.095 539.798 285.334 202.697 231.796 199.528 195.353 194.076 242.064 193.12 231.698 198.868 174.675 173.323 319.742 165.849 161.341 310.425 150.076 144.918 140.022 133.083 132.386 129.931
threshold=0.01563216922119717 0.026690049759040782 0.0060869482078281635 -0.2396460630073857 0.068294689808189299 3.5000000000000004 3259.5000000000005 2845.5000000000005 8.5000000000000018 3335.5000000000005 -0.068132942980296554 -0.12457394576764096 2859.5000000000005 2.5000000000000004 -0.1231861816176013 346.50000000000006 10.500000000000002 653.50000000000011 -0.13095238095238096 5.5000000000000009 303.50000000000006 0.071887443187932568 959.50000000000011 931.50000000000011 0.094799447218713265 0.0015158408470509201 279.50000000000006 0.47857142857142865 4.078384184158887 265.50000000000006
decision_type=8 10 10 8 10 2 2 2 2 2 10 10 2 2 10 2 2 2 8 2 2 10 2 2 10 10 2 10 2 2
left_child=2 3 -1 18 -3 13 7 15 12 -8 -11 -4 -9 -6 -15 19 17 -17 -2 25 26 27 23 -19 -5 -7 29 -20 -10 -21
right_child=1 4 11 24 5 6 9 8 28 10 -12 -13 -14 14 -16 16 -18 22 21 20 -22 -23 -24 -25 -26 -27 -28 -29 -30 -31
leaf_value=-0.037821204963944276 0.0016010560698917554 -0.033102345889595278 -0.016871736116618352 0.0025744340760301136 0.0049869801599857645 0.056249112981012206 -0.02125398028874486 0.074371339446685128 0.01920437610054751 0.054553585884513284 -0.00071488843652360199 -0.0047398826504409823 0.031162776547115953 0.05458509751184857 -0.01272320776822501 -0.010539294369252517 0.014087582418518858 0.0068572718574392349 -0.019764584674569222 0.0030857113067107294 0.037180952026360216 0.0036744860007969053 0.0028746373731722537 0.05726294906563309 0.037668461346723678 0.019031410271451568 -0.018272624329952091 -0.0076983190707709467 -0.0086279443772733066 0.040538891252443233
leaf_weight=1972.0613050758839 6576.6100370362401 384.0271203070879 7762.5638533532619 25147.885695807636 8065.9271437078714 455.13284914195538 1132.4272386133671 289.06704589724541 1508.6718586087227 213.27926804125309 1716.6948343366385 6015.5322047248483 2751.9660182595253 139.85216347873211 2977.2695005089045 2455.5143475979567 6008.33857165277 1182.4562068134546 2686.750769905746 1378.0998737961054 881.21345642209053 2754.0654309540987 11169.065924927592 411.83174102008343 308.37351308763027 614.95845285058022 632.68053117394447 15288.622476443648 596.05237692594528 278.33631445467472
leaf_count=15798 29706 2441 42753 112937 34535 1862 4840 1191 6202 887 7365 31130 11132 572 13333 10338 25002 4990 14319 5686 3640 12226 47192 1706 1261 2504 2648 74903 2478 1157
internal_value=3.02346e-05 0.0024234 -0.0148612 -0.00139858 0.00688061 0.00722289 0.00932517 0.0107042 0.0254749 -0.00446077 0.00539277 -0.011575 0.03527 0.000892247 -0.00970337 0.00771982 0.0057738 0.00249156 -0.00549878 0.0174614 0.0115885 -0.00775127 0.00499854 0.0198779 0.00299956 0.0348609 0.00173653 -0.00950184 0.0113223 0.00937909
internal_weight=113755 98005.2 15750.2 52762.3 45242.9 44858.8 33675.8 30613.4 5145.76 3062.4 1929.97 13778.1 3041.03 11183 3117.12 25467.6 21227.2 15218.9 27306 4240.42 3170.33 20729.4 12763.4 1594.29 25456.3 1070.09 2289.12 17975.4 2104.72 1656.44
internal_count=526734 437053 89681 245352 191701 189260 140820 127728 21003 13092 8252 73883 12323 48440 13905 106725 89228 64226 131154 17497 13131 101448 53888 6696 114198 4366 9491 89222 8680 6843
is_linear=0
shrinkage=0.05


Tree=26
num_leaves=31
num_cat=0
split_feature=10 13 19 13 37 13 32 28 4 34 33 28 4 33 32 32 33 33 32 32 28 33 33 33 33 28 33 28 33 32
split_gain=1446.43 730.61 425.085 346.501 341.867 222.713 232.484 234.601 221.006 200.755 193.597 184.86 175.788 170.071 169.96 189.807 391.159 241.945 155.58 159.196 149.969 219.012 139.666 135.828 129.813 131.078 129.262 127.258 122.06 183.467
threshold=0.013758605754457856 0.038025770748164038 -0.2396460630073857 0.007405876033632095 -0.084604715672713812 0.0017857142857141389 10.500000000000002 0.1405937042336193 0.31198650927487354 2.841993923664011 471.50000000000006 0.0075872875644759996 -0.084967320261437981 3335.5000000000005 3.5000000000000004 8.5000000000000018 2810.5000000000005 252.50000000000003 9.5000000000000018 6.5000000000000009 -0.060272504161071723 3459.5000000000005 3027.5000000000005 3335.5000000000005 3320.5000000000005 0.1020635283452553 52.500000000000007 -0.079273569742489239 682.50000000000011 7.5000000000000009
decision_type=8 10 8 10 8 10 2 10 10 2 2 10 10 2 2 2 2 2 2 2 10 2 2 2 2 10 2 8 2 2
left_child=3 2 5 -1 27 -2 7 10 14 -8 -7 -4 -5 24 -6 16 17 -16 19 -12 -18 -22 -17 -24 25 -14 -11 -3 29 -19
right_child=1 4 11 12 8 6 9 -9 -10 26 18 -13 13 -15 15 22 20 28 -20 -21 21 -23 23 -25 -26 -27 -28 -29 -30 -31
leaf_value=-0.04140230736806514 -0.025231925631593318 0.025963222254674425 -0.0013026895823517008 0.012901772362728124 -0.0024797767658448298 0.0035411716262642918 0.024514511266076892 0.020338104067688802 0.016575815736812015 -0.040846165444906102 -0.011034009225910833 0.00764169238380731 -0.015937529633829332 -0.03617783644676776 0.024362882308205245 0.0034554090469777927 0.059586377598005627 -0.014336582030720591 -0.021936283128169535 -0.0012808200945360454 0.029911464379952762 -0.0005905567151277501 -0.023759537988438072 0.001490861405523786 0.089219915138450068 0.010491827085889778 0.0015760566510535313 0.011087246367575776 0.0054845853149549043 0.020332823733261382
leaf_weight=1377.0935393646359 1404.1096767857671 2575.9579560905695 11756.985090516508 551.80319356918335 8807.4235863238573 3305.000387981534 1003.843220859766 766.84276795387268 3595.9291616678238 186.88985370099545 13527.311821550131 11356.927744209766 6666.7638392597437 947.08278264850378 1423.010961741209 12497.723602712154 283.36372445523739 1930.2318607121706 2236.9632475227118 6057.354758605361 2134.908427670598 812.46986488997936 1004.6478811055422 1133.4810649752617 30.543858498334885 504.64461977779865 4581.9006839990616 3253.3796324431896 7386.5137878954411 475.62643992900848
leaf_count=12132 8949 10579 54639 2720 38922 15147 4545 3277 14637 903 66162 50142 37974 5750 5917 53424 1200 8233 10810 28320 8687 3557 4384 4910 170 2457 21182 13329 31580 1994
internal_value=-1.56725e-05 0.00174505 -0.00211005 -0.0180981 0.00632283 -0.00574601 -0.00488199 -0.00690482 0.00472965 0.00419156 -0.00773625 0.0030921 -0.0144097 -0.016259 0.00360538 0.00544826 0.00951408 0.00509822 -0.00944428 -0.00801744 0.0248435 0.0215033 0.00143515 -0.0103736 -0.0136396 -0.0140777 -8.64787e-05 0.0176609 0.00229871 -0.00748261
internal_weight=113577 103499 56184.1 10077.9 47314.7 33070.2 31666.1 25893.5 41485.3 5772.63 25126.6 23113.9 8700.84 8149.04 37889.4 29082 14446.1 11215.4 21821.6 19584.7 3230.74 2947.38 14635.9 2138.13 7201.95 7171.41 4768.79 5829.34 9792.37 2405.86
internal_count=526632 465429 264076 61203 201353 159295 150346 123716 177445 26630 120439 104781 49071 46351 162808 123886 61168 47724 105292 94482 13444 12244 62718 9294 40601 40431 22085 23908 41807 10227
is_linear=0
shrinkage=0.05


Tree=27
num_leaves=31
num_cat=0
split_feature=10 10 20 7 28 28 5 7 0 5 28 9 14 1 34 13 38 5 7 28 13 8 12 38 3 9 37 36 1 38
split_gain=1353.32 677.764 404.617 334.859 344.21 251.352 294.054 249.118 173.103 158.205 196.224 205.366 160.721 150.589 146.367 145.729 144.64 140.034 156.393 135.48 127.082 126.552 116.898 114.764 106.586 100.806 100.467 96.4305 90.2829 90.1601
threshold=0.021174261188381647 0.0093985981318847837 0.51260389218118496 -0.2847419018570711 0.15045696867749092 0.049191067223054656 -0.18754546550151316 -0.016499297587599934 -0.043563657759028478 -0.073863636363637172 0.01014018562075817 0.013477887202065894 1.0000000180025095e-35 0.074161975380958714 4.0664589915953142 0.009465490906461314 -0.098504474254369076 -0.056000000000000487 -0.023194866525461374 -0.13762126192817656 1.1796119636642291e-17 0.25846056472654938 1.1357142857142872 -0.018130773416587417 -0.062000000000000159 0.013931909100493205 -0.055731321489441037 0.99959903769045755 0.0030025221233918047 -0.14484864318315635
decision_type=10 8 8 10 10 10 8 10 10 10 10 10 10 10 2 10 10 10 10 10 10 10 10 10 10 10 10 2 8 10
left_child=1 -1 20 14 7 6 29 8 -5 10 12 23 16 17 24 -11 -10 -8 25 -14 -3 -17 -6 -12 -2 -19 -23 -9 -7 -4
right_child=3 2 5 4 22 28 13 27 9 15 11 -13 19 -15 -16 21 -18 18 -20 -21 -22 26 -24 -25 -26 -27 -28 -29 -30 -31
leaf_value=-0.031893921458180742 0.024339460604154314 -0.042394808036444187 0.026695671347703384 0.013673013767173659 0.026117428579103066 -0.0012630395416502866 -0.0042987511377120648 0.010939847200202989 0.014864784076267451 -0.024304028076280643 0.019373074066977681 0.0086259380573321439 -0.047090846873025977 0.016741441850172362 0.003272311207332108 -0.0035764927784914555 -0.00050836480013361147 -0.019334035728004063 0.001802715763048635 -0.007687209353749622 -0.016104207943357731 0.017491327753831096 0.010146769545774446 0.067169013039175746 0.011154924923363691 -0.0095036325703522374 0.0014406026648682709 0.036627416343343995 0.0097544258135496206 0.0049685525536874477
leaf_weight=2579.9640609100461 2991.9252457618713 512.38838233798742 625.75998885929585 2484.8318062871695 1615.4600224494934 3514.6164070665836 12465.927111126482 3853.0652540773153 2006.1413465440273 706.35313141345978 265.12319339811802 5367.6593315154314 247.79574310779572 629.13774731755257 2520.1505534350872 21505.158110052347 6447.1809613928199 4960.7502862885594 1796.5885826721787 1823.0249877721071 4465.5172400996089 1081.6163858920336 3940.9439135938883 238.63935893774033 3143.3777451068163 5498.3110981285572 9883.7951426953077 403.6211406737566 3948.3503040075302 2014.9256023690104
leaf_count=19160 12199 4211 2600 10351 6594 16216 61961 16095 8568 3929 1181 23075 1192 2796 10476 96970 29054 27610 8949 8001 23393 4526 16091 1036 13181 27545 42028 1644 17459 9046
internal_value=-5.71164e-05 -0.00704711 -0.00546165 0.00420593 0.0029173 -0.00358745 -0.00576125 0.00174583 0.000794881 0.000149362 0.00416741 0.0114907 8.17598e-05 -0.00741524 0.0134173 -0.0018363 0.00313999 -0.00803001 -0.0118253 -0.0124023 -0.0188104 -0.00134754 0.0147901 0.0420147 0.0175845 -0.0141662 0.00302383 0.0133756 0.00456585 0.0101172
internal_weight=113538 43012.2 40432.3 70525.9 61870.4 35454.4 27991.4 56314 52057.3 49572.5 16395.6 5871.42 10524.1 25350.7 8655.45 33176.9 8453.32 24721.6 12255.6 2070.82 4977.91 32470.6 5556.4 503.763 6135.3 10459.1 10965.4 4256.69 7462.97 2640.69
internal_count=527137 220946 201786 306191 270335 174182 140507 247650 229911 219560 72107 25292 46815 128861 35856 147453 37622 126065 64104 9193 27604 143524 22685 2217 25380 55155 46554 17739 33675 11646
is_linear=0
shrinkage=0.05


Tree=28
num_leaves=31
num_cat=0
split_feature=13 10 7 28 2 2 38 7 5 8 37 28 28 28 25 32 34 28 5 12 34 7 32 32 38 12 28 2 28 32
split_gain=1229.72 507.398 466.965 419.417 324.962 262.174 241.325 291.173 177.176 169.462 166.63 152.787 115.576 105.521 105.422 102.502 137.082 99.3337 96.5299 93.4828 92.4705 98.6467 92.2521 325.816 135.32 105.774 103.153 90.9747 88.1243 86.746
threshold=0.022634461195445359 0.0090325633293576145 -0.27155204065612948 0.12915514926838231 3.3306690738754701e-16 -0.05507816724173991 0.11824399916637852 -0.14902449357320582 -0.1541542063193003 1.0000000180025095e-35 0.014859889296113262 -0.10317306758166477 0.050193968839160101 -0.00050396872608426491 0.66844210556178119 4.5000000000000009 3.3232342169449427 0.022136632359617346 -0.15885908525588407 0.52142857142857213 3.7530265867549524 -0.33399801192842937 3.5000000000000004 2.5000000000000004 -0.096775073797971886 4.0071428571428624 -0.15692245542710212 0.090543259557344005 0.0018667241692653057 8.5000000000000018
decision_type=10 8 8 10 10 8 10 8 8 8 8 10 10 8 8 2 2 10 8 10 2 10 2 2 10 10 10 10 10 2
left_child=1 -1 11 6 5 -3 7 22 -7 -10 15 -2 -11 -6 28 -9 17 -17 -15 -5 21 -13 23 24 -4 -25 -24 -20 -12 -18
right_child=2 4 3 19 13 8 -8 10 9 12 14 20 -14 18 -16 16 29 -19 27 -21 -22 -23 26 25 -26 -27 -28 -29 -30 -31
leaf_value=-0.033707993427622894 0.025776566606002773 0.020227378060592965 0.029723129565535657 0.030607270455676641 -0.005919093568059571 -0.0013213224091644948 0.0079643112549681924 -0.011102226968804307 -0.029395468152228033 -0.015553270172275197 -0.0045338554950574992 0.022498573238404547 -0.00027407321839310157 0.032170122838670739 -0.0026156626629506847 -0.0030724387157701535 -0.0020568305343728406 0.0098741010194133578 0.0028233615871302627 0.01046513098866622 0.0028367413717746257 0.0082138603998091475 0.039342856387884886 -0.019075062998200838 0.0035718079867808165 0.011394493954320144 0.0047540167431673244 0.057298398505265691 0.01010849140811953 -0.012222080605281446
leaf_weight=2069.9234766960144 1887.5220631659031 604.20348861068487 591.30667182803154 621.78271533548832 3150.7943387255073 2503.287369094789 8699.4599514752626 7605.1005447804928 1959.1331311315298 8343.4478505253792 1407.3560042232275 2046.3938570916653 1453.2466166317463 330.9850298166275 9972.4583508074284 4177.0779855251312 3536.2900453358889 2295.9644060134888 3605.8490469381213 7832.0704077035189 2898.4372395575047 2952.070900157094 218.19879899919033 2297.9996234923601 3026.7453252971172 325.13058467209339 17766.57611194253 78.306168451905251 3807.9102327823639 5162.6210263073444
leaf_count=16351 7714 2829 2537 2550 16425 11862 36362 37890 12474 45531 6438 8329 7058 1431 44564 19800 16433 10219 17961 32312 11954 12225 924 10677 13520 1486 77400 331 16701 24227
internal_value=-1.89217e-05 -0.0100397 0.00269058 0.00141967 -0.00781582 -0.0120324 0.000164305 -0.000926788 -0.0133994 -0.0159713 -0.00365975 0.0129967 -0.0132867 0.000930153 0.000396827 -0.00636466 -0.00398991 0.00151965 0.00630495 0.0119466 0.00994199 0.0140621 0.00335606 -0.00188159 0.00784578 -0.0152984 0.00517366 0.00398122 0.00615721 -0.00808969
internal_weight=113228 24099.2 89128.5 79344 22029.3 14863.3 70890.2 62190.7 14259.1 11755.8 37964.8 9784.42 9796.69 7165.93 15187.7 22777.1 15172 6473.04 4015.14 8453.85 7896.9 4998.46 24226 6241.18 3618.05 2623.13 17984.8 3684.16 5215.27 8698.91
internal_count=526515 132253 394262 354040 115902 79754 319178 282816 76925 65063 176272 40222 52589 36148 67703 108569 70679 30019 19723 34862 32508 20554 106544 28220 16057 12163 78324 18292 23139 40660
is_linear=0
shrinkage=0.05


Tree=29
num_leaves=31
num_cat=0
split_feature=9 5 37 32 32 12 3 28 0 8 32 0 3 7 31 32 32 3 28 7 5 34 28 12 20 1 37 32 32 39
split_gain=988.382 673.353 443.406 369.738 359.509 326.49 296.679 329.032 240.464 214.144 180.681 171.415 169.101 162.26 156.261 156.003 174.658 153.146 147.785 146.527 136.216 136.031 126.269 152.752 124.703 121.407 117.933 110.956 131.579 109.618
threshold=0.017600770013001515 -0.096282688637376199 0.0028204324662737261 3.5000000000000004 2.5000000000000004 0.10714285714285712 -0.12183630741926992 0.077940693059680169 -0.049999420236079888 0.11808495900658668 7.5000000000000009 0.073262427375537911 -0.066508313539192551 -0.16874999403953586 3.5000000000000004 1.5000000000000002 3.5000000000000004 -0.082474226804123793 -0.10803532751510821 -0.0294117647058823 0.13935969868173184 2.545523582195059 0.015784077448185382 1.0071428571428596 0.11174166331494113 0.015267175572519444 -0.04892612958395836 5.5000000000000009 8.5000000000000018 1.0000000180025095e-35
decision_type=8 8 10 2 2 10 8 10 10 10 2 10 10 8 2 2 2 10 8 10 8 2 10 10 10 10 10 2 2 8
left_child=1 9 5 4 17 -3 18 11 14 12 -9 13 -1 24 -6 22 -17 -2 -5 -15 -10 -12 -4 -24 -8 29 -7 -28 -29 -19
right_child=3 2 15 6 8 26 7 10 20 -11 21 -13 -14 19 -16 16 -18 25 -20 -21 -22 -23 23 -25 -26 -27 27 28 -30 -31
leaf_value=0.016684222752533489 0.016146083287911155 -0.040807305422517121 -0.0095064251345179651 0.03610549613047296 0.048893756803737476 2.7636558721109967e-05 -0.02823380197207534 0.019045256496992794 -0.020924016706244587 0.030855576726400765 0.027622987647616278 0.019615639163738686 -0.0010485508417661554 -0.0023491839493869813 -0.014941957761174388 -0.022692651079905299 -0.0022504215614948002 0.0036366690790388106 0.013086531859467449 0.0090359654548502581 -0.0023985175185811769 0.0044385442090570234 0.047098608694470426 0.0058628049504499289 0.0060591440718772011 0.0061238418283933891 -0.021397226755624728 -0.0039482648815956601 -0.017180803363859798 -0.0093079224529617772
leaf_weight=1633.696334131062 1595.7160260677338 1263.8823600634933 424.08715047687292 903.38057950139046 244.22370593249798 1305.5544989034534 269.61378978192806 4738.4320376068354 3956.3906293362379 695.86413340270519 697.19710935652256 1355.5464575439692 7592.3689341396093 22461.834253773093 157.81244710087776 1231.2243635132909 6904.3757962957025 2607.0604839622974 3056.052511960268 3232.7844903022051 1324.4369331747293 6836.8620394617319 392.15845143795013 525.57335340976715 15831.493591353297 4390.2671535015106 5204.7153220027685 3091.2615575268865 4789.027714908123 4388.4647710472345
leaf_count=7398 6879 11284 2238 3734 1029 6432 1771 19460 18715 2985 2858 5573 37429 101820 670 6473 34337 11900 12666 13822 6034 28401 1779 2479 67457 18962 29488 16309 26277 19968
internal_value=5.42149e-05 -0.00692025 -0.0112745 0.00318668 -0.00295182 -0.016442 0.00511603 0.00417143 -0.0134399 0.0041088 0.0113953 0.00211691 0.00209146 0.00154938 0.0238361 -0.00273889 -0.0053441 0.00163952 0.0183385 -0.000916754 -0.0162778 0.00658402 0.0130568 0.0234834 0.00548491 -0.000393576 -0.0143021 -0.0157318 -0.01199 -0.00448379
internal_weight=113101 35053.8 25131.9 78047.6 18664.4 15654.4 59383.2 55423.8 5682.86 9921.93 12272.5 43151.3 9226.07 41795.7 402.036 9477.42 8135.6 12981.5 3959.43 25694.6 5280.83 7534.06 1341.82 917.732 16101.1 11385.8 14390.6 13085 7880.29 6995.53
internal_count=526627 184908 137096 341719 84157 89790 257562 241162 26448 47812 50719 190443 44827 184870 1699 47306 40810 57709 16400 115642 24749 31259 6496 4258 69228 50830 78506 72074 42586 31868
is_linear=0
shrinkage=0.05


Tree=30
num_leaves=31
num_cat=0
split_feature=10 10 20 13 32 32 32 11 1 19 3 28 32 34 11 32 4 37 32 12 28 28 1 3 36 3 28 32 28 11
split_gain=1058.36 552.791 316.351 288.775 251.981 313.484 221.067 252.177 218.717 188.343 186.347 186.77 177.624 192.76 166.797 180.99 166.402 162.09 161.658 156.945 132.973 130.92 123.731 122.408 116.564 121.743 114.166 114.071 110.539 108.021
threshold=0.013758605754457856 0.026051632564318278 0.51260389218118496 0.007405876033632095 3.5000000000000004 1.5000000000000002 8.5000000000000018 1.6770233925192992 6.274173847131693e-09 -0.5824346446464862 -0.082474226804123793 0.099810352415976036 10.500000000000002 2.8535883538621087 0.92191490518930674 9.5000000000000018 -0.07547169811320735 -0.054740451622258261 7.5000000000000009 2.4571428571428582 -0.10803532751510821 0.040550871990562579 -0.036363636363636313 -0.034090909090908998 0.99959903769045755 -0.098843892007484654 0.1020635283452553 10.500000000000002 -0.0010260365733184092 1.2295917892334938
decision_type=8 10 8 10 2 2 2 8 8 10 10 10 2 2 8 2 10 10 2 8 10 10 10 10 2 10 10 2 10 10
left_child=3 2 22 -1 5 8 7 10 -4 17 20 18 14 -14 -8 -16 -5 29 -12 23 -6 -20 -2 -7 25 -11 -18 -19 -10 -3
right_child=1 9 4 16 6 19 12 -9 28 24 11 -13 13 -15 15 -17 26 27 21 -21 -22 -23 -24 -25 -26 -27 -28 -29 -30 -31
leaf_value=-0.038040320652429051 0.0080842568976066589 0.0118025205398974 -0.0075691126656374343 0.010239318026269139 0.047118238704659449 -0.0078192260170630284 -0.016722000230677877 0.037883046290332595 -0.0060766913857307134 0.017756634489654522 -0.0016259031290739327 0.01745866007526372 0.020166242070143985 -0.0007730220200601166 0.0072485554232686548 -0.011361781691807486 -0.016256527847705149 -0.0045114762976406616 0.018570956530430605 -0.0014403364336996983 0.012702805132097157 -0.0028646932505709956 -0.01398344600185627 -0.023622694812175705 0.022220254634935863 0.0061354974231693808 0.0075675841872482486 0.0077393410222353952 0.020620550688691161 -0.0058449379484211824
leaf_weight=1264.8774066641927 705.38160983473063 4420.6653481572866 2194.0736186653376 738.95169606804848 362.93696267902851 1943.4215585440397 3216.2818367183208 571.17985525727272 499.28998163342476 2460.748263657093 12612.152677103877 1909.099288597703 1308.1771358773112 6876.6349039971828 2559.4072401076555 2668.5818117409945 7204.5414273664355 9451.397287517786 2034.9649375230074 2038.3758594095707 1238.2594083845615 1095.9364076703787 6383.3930522724986 3316.0469298362732 1335.2368685007095 26777.465972110629 540.5895429700613 2378.2758562713861 1735.2061019986868 1078.7218344509602
leaf_count=12261 3301 18513 10629 3765 1495 9467 15495 2476 2425 10100 59256 8060 5966 31835 11417 12351 42657 41610 9596 9994 5323 4832 33477 16762 5492 112878 2659 10131 7657 4599
internal_value=-6.31468e-06 0.00148168 -0.00192562 -0.0157535 -0.000474622 -0.00685003 0.00157622 0.00514233 0.00364445 0.00541294 0.00417103 0.00268952 -0.00267515 0.0025737 -0.00776272 -0.00225093 -0.0124307 0.00124857 0.000898529 -0.0132184 0.0205036 0.0110677 -0.0117876 -0.0177832 0.00777331 0.00711356 -0.0145937 -0.00204853 0.0146551 0.00834092
internal_weight=112920 103171 55268.8 9748.96 48180 11726.4 36453.6 19824.5 4428.57 47902.5 19253.3 17652.2 16629.1 8184.81 8444.27 5227.99 8484.08 17329.1 15743.1 7297.84 1601.2 3130.9 7088.77 5259.47 30573.5 29238.2 7745.13 11829.7 2234.5 5499.39
internal_count=526479 465137 261814 61342 225036 56934 168102 91038 20711 203323 88562 81744 77064 37801 39263 23768 49081 74853 73684 36223 6818 14428 36778 26229 128470 122978 45316 51741 10082 23112
is_linear=0
shrinkage=0.05


Tree=31
num_leaves=31
num_cat=0
split_feature=10 10 33 20 32 32 33 11 33 32 33 33 33 28 32 33 33 32 2 19 33 33 32 5 32 33 33 13 34 33
split_gain=916.546 484.77 339.071 290.839 245.141 281.781 253.598 441.569 377.968 224.42 379.252 473.217 305.455 270.628 250.249 210.288 411.626 234.985 198.464 198.608 190.52 183.034 193.339 239.264 182.933 220.087 370.726 152.577 155.399 151.1
threshold=0.013758605754457856 0.026690049759040782 3335.5000000000005 0.51260389218118496 3.5000000000000004 1.5000000000000002 496.50000000000006 1.1509154065657954 888.50000000000011 8.5000000000000018 252.50000000000003 2529.5000000000005 3274.5000000000005 -0.060272504161071723 7.5000000000000009 1558.5000000000002 1503.5000000000002 10.500000000000002 -0.085008730957135556 -0.20442730497444561 653.50000000000011 2430.5000000000005 5.5000000000000009 -0.14320269504324148 9.5000000000000018 741.50000000000011 696.50000000000011 1.1796119636642291e-17 2.7942232213214351 1571.5000000000002
decision_type=8 10 2 8 2 2 2 8 2 2 2 2 2 10 2 2 2 2 10 10 2 2 2 10 2 2 2 10 2 2
left_child=2 3 27 -2 5 6 7 -5 -8 10 -6 20 -13 -14 -15 16 24 -17 -3 -20 -12 22 23 -22 25 26 -11 -1 -29 -10
right_child=1 18 -4 4 9 -7 8 -9 29 15 11 12 13 14 -16 17 -18 -19 19 -21 21 -23 -24 -25 -26 -27 -28 28 -30 -31
leaf_value=-0.038572697751901114 -0.010825550345909549 0.016044634417424142 -0.036638672933435416 0.044404911171076401 0.029455911490441935 -0.012332445909335589 -0.043087539718747882 -0.023479636686444656 0.02046328662904932 -0.00040101336210952821 -0.012579752958558463 0.032726184888049646 0.052667668645511527 -0.01083198094228896 0.032132167063473431 -0.016911260814941775 0.040054353294859298 0.00075109756806563798 0.0011050498086437816 0.0080666586374594507 0.011516134597483052 -0.018320700071560871 0.0094172407366966346 -0.011746506092044655 -0.0044011877754778286 -0.0059776006689291131 0.054600410723235675 0.011629039668160764 -0.011457710237461895 -0.0039240134397471689
leaf_weight=462.73496080935001 7452.8467163071036 3927.3675799071789 1488.501769952476 790.88664142787457 1499.6723023355007 7596.3438382446766 511.23725121468306 343.63293278217316 907.63292010128498 633.42979510873556 2774.7914667129517 1950.2556988969445 267.27189846336842 1484.9645086079836 439.15186633169651 4060.5091492161155 675.12565179169178 3511.82242115587 22446.932869508862 18847.321335941553 1684.2383642345667 1025.0371727272868 6465.3103132545948 3215.9236518293619 6888.1545149534941 937.36388472467661 593.35731485486031 815.30807308107615 6876.9626202732325 2115.6655169799924
leaf_count=4772 38646 16141 11573 3509 6530 37784 2512 1639 4125 2838 12613 8682 1175 6967 1995 19086 2990 16369 97073 78156 7374 4744 29458 15652 31770 4343 2603 4453 40444 9971
internal_value=4.65187e-05 0.00142597 -0.0146937 -0.00160679 -0.000242816 -0.00639093 0.00327565 0.0238435 -0.00332624 0.00173609 0.00523491 0.00335354 0.0183325 0.0055227 -0.00102603 -0.00247198 0.00239179 -0.00871998 0.00530395 0.00428243 -0.00073722 0.00191486 0.00373987 -0.00375089 -0.000417099 0.0122636 0.0262014 -0.0106882 -0.00901073 0.00339737
internal_weight=112690 103046 9643.51 57824.6 50371.8 12265.4 4669.06 1134.52 3534.54 38106.4 20806.6 19306.9 4141.64 2191.39 1924.12 17299.8 9727.43 7572.33 45221.6 41294.3 15165.3 12390.5 11365.5 4900.16 9052.31 2164.15 1226.79 8155.01 7692.27 3023.3
internal_count=525987 464745 61242 273375 234729 59540 21756 5148 16608 175189 95190 88660 18819 10137 8962 79999 44544 35455 191370 175229 69841 57228 52484 23026 41554 9784 5441 49669 44897 14096
is_linear=0
shrinkage=0.05


Tree=32
num_leaves=31
num_cat=0
split_feature=10 10 33 19 19 12 0 0 0 4 28 38 34 0 28 12 34 33 8 28 8 20 4 28 33 33 33 25 19 37
split_gain=902.109 437.34 289.186 279.64 180.298 164.197 160.769 142.873 140.094 138.142 140.287 133.935 133.186 129.918 122.884 122.721 123.054 142.594 119.037 102.539 101.319 98.415 97.609 106.066 93.409 137.723 123.041 93.3271 90.7708 90.5321
threshold=0.013758605754457856 0.026572577693442432 3335.5000000000005 -0.20442730497444561 -0.60735765748634785 0.18571428571428572 -0.035708096063381982 0.094799447218713265 0.073262427375537911 -0.10218978102189751 0.1020635283452553 -0.039584685269347213 3.8887538546699645 -0.039150324528825768 -0.17100259927257586 1.0000000180025095e-35 2.7942232213214351 1416.5000000000002 0.083333333333333384 -0.15692245542710212 0.28724845759095891 0.48188048127835903 -0.14000000000000015 0.010924887739291537 321.50000000000006 303.50000000000006 372.50000000000006 0.60379936075884133 0.58461813024728582 -0.069838521048095389
decision_type=8 10 2 8 10 10 10 10 8 10 10 10 2 10 10 10 2 2 10 10 10 10 8 10 2 2 2 10 10 10
left_child=2 3 9 5 6 -2 -3 19 22 -1 15 12 28 -7 18 -11 17 -17 -8 -6 21 -15 -5 -24 25 -16 -26 -25 -4 -28
right_child=1 4 11 8 7 13 14 -9 -10 10 -12 -13 -14 20 24 16 -18 -19 -20 -21 -22 -23 23 27 26 -27 29 -29 -30 -31
leaf_value=0.021342966763257063 -0.028912447403263233 0.017144164582325008 0.010500051951650879 0.015295056314540102 0.034195206380972572 0.019694697530595127 0.025022300089806677 0.027187032152157904 0.023462035447001383 -0.043717885476807966 0.012129120584972033 -0.041676381464923348 -0.041378921228768142 -0.011538361936127979 0.0067227992600221043 -0.014097733428980156 -0.015029621451228912 0.029669825845030636 -0.046337469785480701 0.0063973200942025483 0.0096729038286068186 -0.0038978494777471432 -0.002361490713566043 0.0088335007920053235 -0.030837907704920616 0.057357401898373454 0.0080865792042410355 0.0001454282900244226 0.10969511914490382 -0.0027080125545730031
leaf_weight=317.58299398422241 690.580177500844 1363.7846530377865 89.361460469663143 1235.6797491163015 335.6282272040844 555.88704369962215 75.041694983839989 878.38153985142708 752.40580657124519 334.49951151758432 546.57122394442558 1229.2749757170677 102.81137864291668 5171.5309295654297 1243.2859605550766 396.28885650634766 6170.3094721138477 350.85788589715958 264.17387729883194 28681.660170346498 1175.5350583940744 22776.930105902255 12464.896772660315 5752.8204563260078 346.25392547249794 150.55407102406025 2407.9652219265699 6680.435383670032 31.084896348416805 10045.318833947182
leaf_count=1528 4801 5622 635 5164 1408 2453 319 3573 3162 3744 2795 10034 674 26484 5221 2219 37554 1950 1309 120270 5328 110516 58769 25591 1472 628 9973 28954 217 43921
internal_value=2.65016e-05 0.00139014 -0.0146591 -0.00152285 0.00503245 -0.00481058 0.000729907 0.00732023 0.00219094 -0.0109819 -0.0122983 -0.035206 0.000420758 -0.00424979 -0.000810459 -0.0141393 -0.0127091 0.00645538 -0.0305512 0.00671884 -0.00470681 -0.00531164 0.00157853 0.000897791 -9.96692e-05 0.012192 -0.00143821 0.00416537 0.0361004 -0.000620772
internal_weight=112617 103049 9568.64 57256.7 45792 30370.5 15896.4 29895.7 26886.2 8116.11 7798.53 1452.53 223.258 29679.9 14532.6 7251.96 6917.46 747.147 339.216 29017.3 29124 27948.5 26133.8 24898.2 14193.4 1393.84 12799.5 12433.3 120.446 12453.3
internal_count=526288 464938 61350 271222 193716 149582 68465 125251 121640 49790 48262 11560 1526 144781 62843 45467 41723 4169 1628 121678 142328 137000 118478 113314 61215 5849 55366 54545 852 53894
is_linear=0
shrinkage=0.05


Tree=33
num_leaves=31
num_cat=0
split_feature=13 33 7 33 38 32 32 32 28 5 32 33 32 33 33 33 32 33 33 33 28 34 10 33 13 35 38 33 32 6
split_gain=881.429 488.143 358.483 308.869 298.462 279.954 264.097 327.126 251.484 202.698 187.111 236.389 183.025 604.924 413.732 381.459 254.927 561.063 415.52 228.256 220.419 205.424 201.814 180.531 180.412 155.041 154.8 149.594 324.745 147.062
threshold=0.022799213417749067 3411.5000000000005 -0.27155204065612948 508.50000000000006 0.18542713876080288 4.5000000000000009 3.5000000000000004 2.5000000000000004 -0.048924384329981592 -0.13713080168776351 1.5000000000000002 106.50000000000001 8.5000000000000018 2529.5000000000005 279.50000000000006 3459.5000000000005 10.500000000000002 741.50000000000011 372.50000000000006 346.50000000000006 -0.060272504161071723 2.7942232213214351 0.021350138934540432 172.50000000000003 0.057065411410054272 0.089783868959596905 -0.083075009884924764 653.50000000000011 7.5000000000000009 49.664572370322972
decision_type=10 2 8 2 10 2 2 2 10 10 2 2 2 2 2 2 2 2 2 2 10 2 10 2 10 10 10 2 2 10
left_child=1 3 -2 10 6 -5 7 26 -7 -10 11 -1 13 14 -8 -15 17 18 19 -14 -17 -18 -20 25 -19 -12 -4 28 -16 -11
right_child=2 -3 4 5 -6 8 12 -9 9 29 23 -13 16 15 27 20 21 24 22 -21 -22 -23 -24 -25 -26 -27 -28 -29 -30 -31
leaf_value=-0.010245346796487106 0.011284840066092294 -0.029784602513064831 0.017362300508792748 -0.018200715675856943 0.010763452530533683 -0.020879895810652371 0.019205776986092431 -0.01514510263390529 0.013345290177949221 -0.010595080894951711 -0.021187975751162453 0.05005993844916469 0.0065152893638958532 0.028572761085686568 -0.018582591716628301 0.044518926282807736 0.018476379031311337 -0.014693298247671228 0.052662231031070122 -0.033961258061101049 -0.0031178284877296132 0.001143560335460256 0.015609392730921511 0.012747275576766002 0.0044381840344082995 0.071698294378860702 -0.0023220823161523188 0.00034016361879824175 0.019516008485745591 0.0020818113191049294
leaf_weight=240.68840670585632 9699.7297857701778 2441.8498058468103 1092.3590563088655 5392.761096522212 7252.1346483379602 2021.5589501187205 2677.353198826313 5586.8129285275936 1861.7081468552351 4957.113431148231 833.2272330597043 500.2399023026228 1275.9539274573326 3739.0502589195967 2837.2033848464489 276.22674876451492 2044.4292821586132 8468.1807084828615 636.40421977639198 479.07603879272938 2008.5705967992544 10432.51155307889 869.7031220048666 1391.5969926714897 1442.1332141160965 47.484681323170662 11657.723528474569 15324.119912356138 696.66577886044979 4248.5322310999036
leaf_count=1178 39824 17377 4810 31778 29622 11075 11283 27305 8687 28360 4172 2280 5726 15669 12705 1216 8901 38989 2864 2071 9263 46227 3726 6771 6062 204 53815 68869 2958 22361
internal_value=-8.77685e-05 -0.00860006 0.00221466 -0.00619347 0.00109814 -0.00861358 0.000118411 -0.00505632 -0.00466359 -0.00170152 0.00865026 0.0304699 0.00190177 0.00473079 0.000812938 0.0187372 -0.00113801 -0.00598961 0.0119999 -0.00453372 0.00264135 0.00398366 0.031266 0.00153555 -0.0119093 -0.0161799 -0.000635629 -0.00179838 -0.0110718 -0.00474452
internal_weight=112433 23936.8 88496.3 21494.9 78796.6 18481.7 71544.5 18336.9 13088.9 11067.4 3013.24 740.928 53207.6 27559.2 21535.3 6023.85 25648.4 13171.5 3261.14 1755.03 2284.8 12476.9 1506.11 2272.31 9910.31 880.712 12750.1 18858 3533.87 9205.65
internal_count=526148 134243 391905 116866 352081 102261 322459 85930 70483 59408 14605 3458 236529 121963 95815 26148 114566 59438 14387 7797 10479 55128 6590 11147 45051 4376 58625 84532 15663 50721
is_linear=0
shrinkage=0.05


Tree=34
num_leaves=31
num_cat=0
split_feature=10 37 0 10 0 11 12 28 5 33 12 28 7 0 33 28 33 33 5 33 33 33 14 29 11 33 33 28 38 33
split_gain=703.504 453.111 535.033 258.043 233.18 230.23 166.557 165.006 192.927 148.583 138.957 135.075 131.42 119.889 113.063 101.688 149.358 222.657 127.833 116.702 172.892 101.176 109.68 95.5115 97.9777 84.9025 105.519 96.366 82.0397 102.308
threshold=0.011358563914264676 -0.073138138123588811 0.0029418296299199569 0.02143571820147425 0.083864205044971954 1.2212823785111 0.049999999999999968 0.099810352415976036 -0.13910761154855664 1529.5000000000002 0.049999999999999968 -0.076590329758904729 -0.023194866525461374 -0.049999420236079888 3335.5000000000005 0.010924887739291537 3259.5000000000005 3108.5000000000005 -0.040268456375839028 2845.5000000000005 3012.5000000000005 172.50000000000003 1.0000000180025095e-35 -0.044921657909470385 1.6770233925192992 534.50000000000011 931.50000000000011 -0.14522169750389916 -0.051846831961784849 3335.5000000000005
decision_type=8 8 8 10 8 10 10 10 8 2 8 8 10 10 2 10 2 2 10 2 2 2 10 10 10 2 2 10 10 2
left_child=6 5 3 10 7 11 -1 8 -4 -9 -3 14 -10 -5 -2 25 17 18 19 -17 -21 -7 -23 24 -12 -15 -27 -28 -8 -30
right_child=1 2 4 13 -6 21 28 9 12 -11 23 -13 -14 15 -16 16 -18 -19 -20 20 -22 22 -24 -25 -26 26 27 -29 29 -31
leaf_value=-0.044595771427854786 0.020285233651184672 -0.038300010786548176 0.010274987258404452 0.013492598885764298 0.020661780996599117 -0.042955705603525476 0.0047271219236636871 0.0012405045035013096 -0.001614772560023873 0.017594187484104219 -0.0022403551904519622 0.0093485490461044009 0.0079535324624991285 0.0047029585968274964 0.059503912751164283 0.0055598227110874344 -0.012996167159430652 0.025454876842659915 -0.001973655402089229 0.046521870344479785 -0.035085474233167324 0.014624579116286033 -0.0068169760378058025 -0.008965126856596865 0.071853146397175938 -0.014693598456763143 -0.032163672006576806 -0.0027560551685842159 -0.01445256185011431 -0.037545135121201445
leaf_weight=569.07756984978914 3143.6632492095232 358.72535926103592 5640.1114514023066 1443.8806498199701 2062.0931283384562 141.40231709182262 438.48775853216648 2301.1324800699949 20743.828542746603 3503.6558727622032 6260.0550426393747 4571.0532753616571 4339.3505831807852 2466.1835690662265 195.17876733839512 4376.8823907896876 1593.8695833906531 1037.128829434514 9301.7257044166327 371.97925345599651 78.619130671024323 902.00782671570778 1760.5089825689793 16207.471973575652 44.937952347099781 2495.8816602230072 285.10473524779081 12165.566126331687 2950.334617048502 572.73674190044403
leaf_count=6752 13187 3307 24384 5964 8477 634 2748 9518 96902 14486 30423 19113 18925 10885 805 18771 7155 4239 40071 1563 354 3809 7457 83723 199 11341 1464 55803 19160 4542
internal_value=-5.62959e-07 0.000810689 -0.000266248 -0.00328137 0.00430352 0.0105688 -0.0193017 0.00338006 0.00191935 0.0111113 -0.00742581 0.0149328 4.05292e-05 -0.000620031 0.0225778 -0.00121632 0.00156376 0.0030939 0.00145253 0.00805419 0.0322833 -0.00174181 0.000446997 -0.00693384 -0.00171226 -0.00389221 -0.00531042 -0.00342945 -0.0156682 -0.0182067
internal_weight=112323 107792 97078.2 58488 38590.2 10713.8 4530.64 36528.1 30723.3 5804.79 22871.2 7909.9 25083.2 35616.8 3338.84 34172.9 16760.2 15166.3 14129.2 4827.48 450.598 2803.92 2662.52 22512.5 6304.99 17412.7 14946.6 12450.7 3961.56 3523.07
internal_count=526161 492959 447954 275262 172692 45005 33202 164215 140211 24004 117652 33105 115827 157610 13992 151646 72153 64998 60759 20688 1917 11900 11266 114345 30622 79493 68608 57267 26450 23702
is_linear=0
shrinkage=0.05


Tree=35
num_leaves=31
num_cat=0
split_feature=10 13 19 0 32 32 3 28 33 33 0 28 19 33 33 0 34 33 37 12 33 33 33 33 33 37 7 2 33 32
split_gain=694.516 331.418 320.104 373.513 246.361 338.264 227.477 246.772 168.182 221.872 167.338 164.053 155.341 152.929 160.565 138.982 134.206 124.749 123.161 121.879 118.764 110.421 224.258 160.996 126.275 109.864 109.423 107.983 113.274 172.608
threshold=0.015869103224557504 0.0017857142857141389 0.40471005495245876 -0.043563657759028478 3.5000000000000004 2.5000000000000004 -0.064145751122329772 0.077940693059680169 3335.5000000000005 3542.5000000000005 0.00072681021768261644 -0.062245419004710312 -0.12457394576764096 3259.5000000000005 2967.5000000000005 0.083864205044971954 3.0927440999241704 3226.5000000000005 -0.028734802941128953 3.6642857142857159 3573.5000000000005 1449.5000000000002 346.50000000000006 3259.5000000000005 3206.5000000000005 -0.04892612958395836 -0.14902449357320582 -0.018867924528301824 483.50000000000006 1.5000000000000002
decision_type=8 10 10 10 2 2 8 10 2 2 10 10 10 2 2 10 2 2 10 8 2 2 2 2 2 10 8 8 2 2
left_child=1 -1 3 -2 5 11 8 10 -6 -10 13 -5 25 14 -8 16 -4 19 -19 -7 -11 22 -9 24 -23 -3 -12 -13 29 -29
right_child=2 12 15 4 6 17 7 21 9 20 26 27 -14 -15 -16 -17 -18 18 -20 -21 -22 23 -24 -25 -26 -27 -28 28 -30 -31
leaf_value=-0.037973963589123048 0.016981238963391654 0.0067232189548219138 0.011003297477713857 0.016760963681203452 0.0053328030650950133 -0.0227435093049667 -0.0048895178375511911 0.019021789105944015 0.051474596819944429 -0.055387925156087453 0.0079908239830143637 -0.0097709144542400192 -0.002246165653053253 -0.016844249404196911 0.017064386690327924 0.020718109662820866 0.0028772879489435471 0.037805451059255306 -0.012977869960574401 -0.0027948043405362773 0.014062939029009318 0.01271067297226983 -0.010166410806454031 -0.015144820836687369 0.041741591487232964 -0.014377902229746496 -0.0018817897613318737 0.0257791308682302 -0.0025697923906291796 -0.016430564831309457
leaf_weight=984.03221516311169 3014.4812652617693 672.83364812284708 7288.2286216169596 1126.2694519385695 9862.4325590878725 3992.6072685644031 18051.936370037496 1004.3392768651247 471.52784676849842 76.126302018761635 4608.0141931325197 3989.4118397682905 6510.5238626524806 2584.0156484544277 873.13381572812796 1564.3600474298 16778.462299257517 199.11146950721741 298.19057276844978 947.3337846249342 321.60617293417454 3386.4054924845695 1908.7234500199556 468.32332481443882 421.15554544329643 7414.9120581895113 7179.4391995370388 896.08878372609615 5024.195653654635 331.91325594484806
leaf_count=10952 12609 3318 31134 5205 42441 19847 84113 4117 2015 336 20205 18524 35403 13000 3919 6370 72089 947 1515 4600 1437 14065 8050 2049 1717 44199 33164 4005 23615 1533
internal_value=-9.21866e-05 -0.00988805 0.00148685 -0.000241438 -0.00100468 -0.00625779 0.000718946 -0.000996652 0.00719107 0.0282746 -0.0028105 -0.0013518 -0.00799485 -0.00543452 -0.00387664 0.00627682 0.00533813 -0.016515 0.00735493 -0.0189179 0.00076999 0.00740442 -0.000103169 0.0125192 0.0159218 -0.0126225 0.00197767 -0.00334366 0.00075745 0.0143704
internal_weight=112250 15582.3 96667.8 71036.8 68022.3 16805.1 51217.2 40485.5 10731.7 869.26 33296.5 11367.9 14598.3 21509.1 18925.1 25631.1 24066.7 5437.24 497.302 4939.94 397.732 7188.95 2913.06 4275.88 3807.56 8087.75 11787.5 10241.6 6252.2 1228
internal_count=526493 93872 432621 323028 310419 79791 230628 184399 46229 3788 154401 52882 82920 101032 88032 109593 103223 26909 2462 24447 1773 29998 12167 17831 15782 47517 53369 47677 29153 5538
is_linear=0
shrinkage=0.05


Tree=36
num_leaves=31
num_cat=0
split_feature=9 5 6 38 33 32 32 2 8 0 0 20 32 38 33 33 33 28 33 32 33 32 32 33 33 32 33 33 31 33
split_gain=565.349 523.693 369.619 243.748 234.174 216.632 234.075 220.149 213.893 204.004 181.691 174.914 167.059 163.304 158.422 157.964 617.959 168.301 213.712 152.428 149.271 308.923 195.391 227.58 401.436 234.92 158.639 198.226 142.819 139.588
threshold=0.019196661059646524 -0.096282688637376199 1.0000000180025095e-35 0.026889789582323912 119.50000000000001 3.5000000000000004 2.5000000000000004 -0.085008730957135556 0.14067859676050268 0.083864205044971954 -0.030607440716399533 0.15667456555867712 5.5000000000000009 -0.091882886960732754 3742.0000000000005 3259.5000000000005 2967.5000000000005 -0.074943236700021634 3335.5000000000005 5.5000000000000009 346.50000000000006 10.500000000000002 10.500000000000002 682.50000000000011 741.50000000000011 9.5000000000000018 2604.5000000000005 1232.5000000000002 3.5000000000000004 428.50000000000006
decision_type=8 8 10 10 2 2 2 8 10 10 10 10 2 10 2 2 2 10 2 2 2 2 2 2 2 2 2 2 2 2
left_child=1 4 -3 12 -1 6 -2 -7 13 11 28 -9 14 -6 -4 16 20 18 -17 -18 21 -13 23 -22 -25 -26 27 29 -8 -24
right_child=5 2 3 -5 8 7 10 9 -10 -11 -12 15 -14 -15 -16 17 19 -19 -20 -21 22 -23 26 24 25 -27 -28 -29 -30 -31
leaf_value=0.048451255831088239 0.0015446460671409037 -0.035888730726963025 -0.016064553710626674 0.001011153617255638 0.011285180759120196 0.015185973624652667 0.02808322268326386 -0.01511949255270599 0.031816491473967749 0.020686698274099028 -0.015547434094351636 0.015398506279589746 -0.0062190803715155007 -0.0023659079787517294 0.051586805448019669 -0.005341017014361381 0.041119506245101425 -0.0094558541690189044 0.055391421917091899 0.01779664414429815 -0.012986839911721546 -0.010843737320724939 0.020230552856721581 0.031525540359429081 0.0016037585903629519 -0.012802086797147328 -0.011175203555785452 0.018044084451231391 -0.014179295167092524 -0.0030886255068515536
leaf_weight=290.40754242241383 11776.184098020196 1170.8520890250802 8276.0644626244903 6801.0052284151316 3023.1698833107948 4196.7266508340836 472.33089324831963 1341.1125821918249 609.79202997684479 1626.7710834294558 4202.1880830526352 4874.3968035578728 12441.893422864377 7956.9503676369786 87.45135810226202 363.05506813526154 958.92333880066872 3933.4201046228409 241.01346403360367 2600.071826428175 3557.8979015797377 1456.5976002812386 816.20735915005207 1004.8937861025333 16525.67395567894 3414.7436448484659 1008.2264408916235 3783.2706904411316 346.58188129961491 3002.3464276343584
leaf_count=1255 52043 12014 46730 32395 13358 17467 2055 7153 2578 6651 20011 20300 66447 39828 571 1589 3958 17462 1016 10670 15468 6606 3405 4298 71575 15013 4262 16118 1517 12892
internal_value=-1.9617e-05 -0.00472721 -0.0083733 -0.0072063 0.00410457 0.0026572 -0.00230948 0.00418222 0.00299338 0.00326792 -0.0113487 0.00268823 -0.00989248 0.00139266 -0.0153572 0.00319058 0.00412679 -0.00568219 0.0188902 0.0240807 0.00232638 0.00936085 0.000981451 -0.00129529 0.000690711 -0.000863204 0.00746078 0.00993247 0.0101968 0.0018958
internal_weight=112160 40657.6 28777.3 27606.4 11880.3 71502.6 16797.3 54705.3 11589.9 50508.6 5021.1 48881.9 20805.4 10980.1 8363.52 47540.7 43003.2 4537.49 604.069 3559 39444.3 6330.99 33113.3 24503.2 20945.3 19940.4 8610.05 7601.82 818.913 3818.55
internal_count=526705 215176 158157 146143 57019 311529 75626 235903 55764 218436 23583 211785 113748 53186 47301 204632 184565 20067 2605 14628 169937 26906 143031 106354 90886 86588 36677 32415 3572 16297
is_linear=0
shrinkage=0.05


Tree=37
num_leaves=31
num_cat=0
split_feature=10 37 0 32 28 13 14 28 13 32 33 32 33 33 33 7 7 37 33 13 33 33 33 32 9 28 33 33 33 9
split_gain=648.142 346.886 452.617 238.836 266.26 246.738 199.668 187.183 160.294 149.11 221.552 190.009 243.337 216.507 176.808 146.67 162.493 145.024 141.698 133.994 133.414 132.019 122.324 117.2 167.407 151.113 141.376 212.593 197.051 158.573
threshold=0.012162815059701479 -0.065420560747784115 0.00072681021768261644 4.5000000000000009 0.010924887739291537 0.009465490906461314 1.0000000180025095e-35 0.099810352415976036 0.015920615131394419 8.5000000000000018 2529.5000000000005 11.500000000000002 741.50000000000011 696.50000000000011 252.50000000000003 -0.16874999403953586 -0.023194866525461374 -0.11102775693926813 3259.5000000000005 0.042411230197860444 2430.5000000000005 2480.5000000000005 1529.5000000000002 1.5000000000000002 0.029916483798297474 -0.032833571295073749 483.50000000000006 106.50000000000001 1043.5000000000002 0.018336998444394337
decision_type=8 8 8 2 10 10 8 10 10 2 2 2 2 2 2 8 10 10 2 10 2 2 2 2 8 10 2 2 2 10
left_child=8 6 3 23 5 -5 17 15 -1 10 14 12 13 -11 -6 -4 -17 -2 -12 -8 -7 -22 -9 26 25 -25 27 -3 -28 -29
right_child=1 2 7 4 9 20 19 22 -10 11 18 -13 -14 -15 -16 16 -18 -19 -20 -21 21 -23 -24 24 -26 -27 28 29 -30 -31
leaf_value=-0.025393414451104962 0.0244363416583342 -0.021163743698007477 0.0077999478460001525 -0.024515800266166149 0.026145931723794036 -0.00081427581161647828 -0.012043633793634084 0.0030572711749863209 -0.0086251703748013286 0.00085817724680929653 0.025262772495565314 0.01003762057671392 -0.012368187934199961 0.0473175172395634 -2.4033895375501347e-05 -0.0017861607077711561 0.0084293996387791777 0.0091962016549737482 -0.0022344502843611841 0.0063752008903956124 -0.043557907313219714 -0.0085519570701284853 0.016862581740907379 -0.005914245533571505 0.00022765902995694725 -0.01951851933105412 -0.030804981707163826 0.055657327837088683 -0.0013632485046563864 0.0081475864980838763
leaf_weight=2686.4686223343015 2028.5103701204062 291.68695576488972 8638.8995700180531 1526.7601942569017 719.94251894950867 12421.608610525727 1579.0801431462169 2668.0715069174767 3035.7140262573957 1114.445713840425 2188.3051404282451 2447.1599988937378 4417.4253176525235 323.5720107704401 6234.1332379132509 19752.965747579932 4848.1116895228624 6773.0942820832133 596.15436187386513 2635.3286896198988 286.59648154675961 4471.7716935873032 4025.5008382797241 3250.0459095090628 2494.3234162628651 5488.0231085196137 678.6794563382864 319.52575083822012 3494.9771735966206 390.00546577572823
leaf_count=23185 8312 1404 37481 10073 2961 58079 6859 11022 18083 4774 9238 10830 20065 1382 27404 93081 20909 29144 2757 10857 1385 20899 16622 16908 11014 28343 3299 1409 16342 1672
internal_value=-0.00010609 0.000777897 -0.000291126 -0.00331305 -0.00107355 -0.0052532 0.00842339 0.00373132 -0.0164976 0.0032603 0.00745742 -0.00166272 -0.00655263 0.0113121 0.00268529 0.00219518 0.00022701 0.0127086 0.0193756 -0.000526079 -0.00354136 -0.0106604 0.0113598 -0.00832891 -0.0111972 -0.0144585 -0.00210302 0.0147704 -0.00615078 0.0295428
internal_weight=111827 106105 93088.7 53155.1 36747.9 18706.7 13016 39933.5 5722.18 18041.1 9738.54 8302.6 5855.44 1438.02 6954.08 33240 24601.1 8801.6 2784.46 4214.41 17180 4758.37 6693.57 16407.3 11232.4 8738.07 5174.87 1001.22 4173.66 709.531
internal_count=525793 484525 429353 250238 169847 90436 55172 179115 41268 79411 42360 37051 26221 6156 30365 151471 113990 37456 11995 17716 80363 22284 27644 80391 56265 45251 24126 4485 19641 3081
is_linear=0
shrinkage=0.05


Tree=38
num_leaves=31
num_cat=0
split_feature=10 7 7 32 32 32 33 33 33 32 33 33 33 34 13 3 32 33 13 33 26 32 13 38 33 33 33 1 2 33
split_gain=595.33 313.452 328.53 254.446 332.963 281.504 617.093 589.087 456.858 293.226 468.47 476.279 268.735 261.93 239.52 214.555 207.01 201.558 191.283 190.512 186.152 181.442 172.346 145.499 144.099 166.869 512.094 142.873 140.267 140.042
threshold=0.012338500268889241 -0.28119096783725495 -0.016499297587599934 3.5000000000000004 2.5000000000000004 8.5000000000000018 2845.5000000000005 3459.5000000000005 279.50000000000006 10.500000000000002 741.50000000000011 372.50000000000006 2859.5000000000005 2.7942232213214351 0.056607838447981694 -0.048927084018536841 6.5000000000000009 346.50000000000006 0.0060523910134721 290.50000000000006 0.31902662872744619 7.5000000000000009 0.0040444935181774451 -0.075140364458588446 875.50000000000011 2278.5000000000005 2262.5000000000005 1.0000000180025095e-35 -0.076142131979695368 335.50000000000006
decision_type=8 8 10 2 2 2 2 2 2 2 2 2 2 2 10 10 2 2 8 2 10 2 10 10 2 2 2 10 10 2
left_child=22 28 3 4 23 6 8 12 -5 10 11 17 -8 -11 -12 -9 -10 29 -15 -18 -13 -17 -1 -3 -20 26 -26 -25 -2 -7
right_child=1 2 -4 5 -6 9 7 15 16 13 14 20 -14 18 -16 21 19 -19 24 -21 -22 -23 -24 27 25 -27 -28 -29 -30 -31
leaf_value=-0.038022071713598171 0.020305967517047181 0.012627166792573072 0.0091771411291109613 0.018201724196692925 -0.014799565762825664 -0.0058326771562178872 0.07122857084855104 0.024550200767087804 -0.0059042812699749581 0.01725527134675417 -0.015985366304950913 0.054813613076310552 0.025508308476190802 -0.03667459136135208 0.0034661323623187087 -0.016575677222851738 -0.035087602588852622 -0.032125145879168218 -0.0068078657763113882 0.0044524450518270402 0.017253079418915001 0.017378734352802693 -0.012203267510862809 -0.0077231551518192141 0.0064715295108038673 -0.00413135446475996 0.080254018953742456 0.0027705343464425576 0.006069539527549574 0.030991250761269712
leaf_weight=736.69921472668648 2257.7561997771263 1629.8956630975008 8765.6567804440856 3190.7006343305111 6840.1307230740786 1307.9903082251549 352.66212357580662 654.78628543019295 14024.587888389826 2373.9213743060827 9688.7501358538866 454.66865219175816 3625.777912132442 361.24006661772728 1891.5978327840567 1594.8788724318147 313.75049550831318 616.64060698449612 4635.8084764778614 10491.234505787492 1201.8091998249292 522.29277968406677 5270.3306823521852 7534.0130870789289 4421.1846405938268 3427.5949710309505 248.38280114531517 5695.931536577642 7404.5399770066142 321.68960820138454
leaf_count=9240 9234 7321 37137 13484 35006 6078 1524 2956 66062 10581 46796 2099 15380 2839 7892 7736 1341 2687 20911 47004 5172 2420 34028 36737 20016 15363 1085 26213 30849 1361
internal_value=-5.76426e-05 0.000811322 -5.10431e-05 -0.000976338 -0.00567077 0.000573662 0.00366104 0.017232 0.000391646 -0.0028947 -0.00775901 0.00722245 0.0295611 0.00197434 -0.0128081 -0.00046331 -0.00189702 -0.0077768 -0.000796028 0.0033043 0.0275627 -0.00819934 -0.0153697 -0.0014687 0.000221863 0.00424654 0.0103962 -0.00320527 0.00939612 0.00143616
internal_weight=111857 105850 96187.6 87421.9 21700 65722 34770.7 6750.4 28020.3 30951.3 15483.1 3902.8 3978.44 15468.1 11580.3 2771.96 24829.6 2246.32 13094.2 10805 1656.48 2117.17 6007.03 14859.8 12733 8097.16 4669.57 13229.9 9662.3 1629.68
internal_count=526552 483284 443201 406064 105277 300787 157907 30016 127891 142880 72085 17397 16904 70795 54688 13112 114407 10126 60214 48345 7271 10156 43268 70271 57375 36464 21101 62950 40083 7439
is_linear=0
shrinkage=0.05


Tree=39
num_leaves=31
num_cat=0
split_feature=10 5 7 33 0 32 32 33 33 33 32 33 33 34 12 13 33 33 33 33 33 33 33 33 8 33 33 5 12 33
split_gain=529.906 290.648 258.48 250.024 226.273 224.061 320.26 356.528 418.271 299.341 286.173 338.862 439.857 209.551 196.514 183.24 176.583 409.414 178.169 270.007 195.29 229.075 736.289 203.051 196.485 176.234 212.24 164.699 162.28 174.284
threshold=0.01361161428313235 -0.23846153846153809 -0.018781936554872532 3335.5000000000005 -0.043563657759028478 4.5000000000000009 8.5000000000000018 2845.5000000000005 2877.5000000000005 252.50000000000003 10.500000000000002 741.50000000000011 547.50000000000011 2.8176849673721516 0.35714285714285721 0.060833593912286425 132.50000000000003 172.50000000000003 483.50000000000006 457.50000000000006 3108.5000000000005 2696.5000000000005 2653.5000000000005 3139.5000000000005 0.1222304041891671 2451.5000000000005 2480.5000000000005 -0.037499999999999804 3.0928571428571452 916.50000000000011
decision_type=8 8 10 2 10 2 2 2 2 2 2 2 2 2 8 10 2 2 2 2 2 2 2 2 10 2 2 8 10 2
left_child=3 -2 4 -1 -3 16 7 9 -9 -7 11 12 -8 -12 -15 -13 27 -18 19 -19 21 22 28 -22 -24 -11 -27 -6 29 -20
right_child=1 2 -4 -5 5 6 10 8 -10 25 13 15 -14 14 -16 -17 17 18 20 -21 23 -23 24 -25 -26 26 -28 -29 -30 -31
leaf_value=-0.0081924810115878623 0.010452457849378573 0.011394896460781309 0.008387703607113722 -0.032024543665962406 0.03754337846283428 0.022035509301044878 -0.0053451613224662084 0.057083929083303432 0.011518154185782822 0.0019020692680977729 0.01514287939174672 -0.014797500914680545 0.033803870342610419 -0.042142554517586396 0.00026299014056468446 0.0051165348875597573 -0.042640452893759027 -0.000955417481285416 -0.020810475184667266 0.040594547789731622 0.038811934802719529 -0.022005979743079898 0.061058140880281067 0.00074436287328230285 0.015103779444196441 -0.040549405131992483 -0.0046626766179123967 -0.00042739571256637739 0.001281014231300726 -0.007362664550595633
leaf_weight=7439.782564766705 7704.8359278738499 3826.4319559931755 9061.8047580644488 1291.5756765305996 454.36731453239918 1695.5703448951244 2630.3785545378923 565.59959880262613 4597.4828372076154 17348.343517556787 2510.0280652567744 9433.7098481506109 986.58720880746841 279.39350648969412 12334.47368875891 1316.3427846580744 731.24449649453163 1603.3355070725083 3293.91639431566 517.09948372840881 407.72542624175549 2479.919701077044 453.46674855798483 2486.9008566811681 477.57279759645462 527.9222935885191 1876.3454332798719 768.79317072033882 3464.2122623845935 8971.3707867115736
leaf_count=47779 32168 16021 38179 11511 1993 7052 11779 2390 20119 78170 11021 45228 4262 2137 55385 5468 3606 7280 16345 2234 1817 11882 2120 12187 2116 2435 8926 3623 16593 43865
internal_value=0.000107908 0.00111228 0.000355557 -0.0117178 -0.00049041 -0.00104359 0.000737136 0.00471402 0.0165097 0.00187451 -0.00285142 -0.00790488 0.00533338 0.00194914 -0.00067628 -0.012359 -0.00486983 -0.00578142 -0.00466561 0.00917716 -0.0059977 -0.00782821 -0.00571785 0.00610641 0.037486 0.000143881 -0.0125426 0.0136776 -0.00827512 -0.0109742
internal_weight=111537 102805 95100.3 8731.36 86038.5 82212.1 56102.2 26611.3 5163.08 21448.2 29490.9 14367 3616.97 15123.9 12613.9 10750.1 26109.9 24886.8 24155.5 2120.43 22035.1 19140.5 16660.5 2894.63 931.04 19752.6 2404.27 1223.16 15729.5 12265.3
internal_count=525691 466401 434233 59290 396054 380033 254372 119092 22509 96583 135280 66737 16041 68543 57522 50696 125661 120045 116439 9514 106925 92921 81039 14004 4236 89531 11361 5616 76803 60210
is_linear=0
shrinkage=0.05


Tree=40
num_leaves=31
num_cat=0
split_feature=13 0 33 3 7 35 20 33 1 28 32 32 32 28 33 39 28 32 33 33 34 33 32 33 33 7 1 33 33 33
split_gain=507.605 353.141 238.571 212.346 198.261 190.12 166.149 151.686 149.913 145.692 138.886 131.948 131.458 130.665 118.286 117.071 113.812 126.176 259.401 184.002 133.597 157.846 177.727 154.874 123.599 114.083 104.171 104.119 98.6482 132.122
threshold=0.025335695920257296 0.0033970282133650724 3411.5000000000005 -0.079419457138009172 -0.016499297587599934 -0.012626262626281302 0.26950943146489359 3335.5000000000005 -0.039819620810689897 -0.13762126192817656 3.5000000000000004 4.5000000000000009 2.5000000000000004 -0.060272504161071723 508.50000000000006 1.0000000180025095e-35 0.022136632359617346 8.5000000000000018 2558.5000000000005 252.50000000000003 3.14630281962196 741.50000000000011 10.500000000000002 1178.5000000000002 2604.5000000000005 -0.14254141757511815 0.16131608780789444 3459.5000000000005 2653.5000000000005 2696.5000000000005
decision_type=10 8 2 8 10 10 8 2 10 8 2 2 2 10 2 10 10 2 2 2 2 2 2 2 2 8 10 2 2 2
left_child=1 2 5 7 10 -1 -7 8 9 -2 12 14 15 -4 -8 28 25 18 19 -18 21 -19 -23 -24 -25 -12 -3 -20 -5 -30
right_child=3 26 13 4 -6 6 11 -9 -10 -11 16 -13 -14 -15 -16 -17 17 20 27 -21 -22 22 23 24 -26 -27 -28 -29 29 -31
leaf_value=0.0092522111920888342 0.035272842185094078 0.002146348677780643 0.021604454129195906 -0.00075281525680668984 0.0081550528855941322 -0.026655650109597941 0.0010521083417457965 0.027496145058776546 0.00099624988409673424 0.0094322647515540786 0.0022414389497235417 -0.0044356391907889071 -0.012191030386434883 -0.028142301198478922 -0.017835918078932735 -0.0063595518250771981 0.021155195914488799 0.033197296795104671 0.024544883342590543 -0.00044990336576293977 -0.004565788294536805 -0.01122822180997036 -0.023854609440516674 0.039112650573442272 -0.0026139841792354925 -0.0042485317324648247 0.057271482080480884 0.00054496048038681305 0.032802939813896585 0.0029727913927837784
leaf_weight=1566.0996373072267 612.53694897890091 8717.6108980998397 141.15570220351219 3214.2654370069504 8094.646732352674 1229.4820724278688 1032.8483633697033 910.15527236461639 6255.2222411930561 4981.8379881232977 13854.302551880479 10832.180420510471 3979.2917180284858 2034.7225785627961 4197.6626556143165 5690.0717818289995 1162.0295938104391 534.51497127115726 2464.3694626390934 6486.5528472661972 5957.2376374155283 1095.2589656710625 184.41063603758812 596.49198760092258 252.63624459505081 13244.8194873631 86.551914379000664 553.38544699549675 607.06372028589249 955.37803193926811
leaf_count=7885 2569 44566 885 14818 33924 9151 5090 3886 26925 20867 60087 57545 19983 15728 25203 25971 4715 2216 10047 27706 25703 4792 786 2476 1066 61849 371 2455 2693 4344
internal_value=-0.000138094 -0.00571939 -0.00923855 0.00190063 0.000803791 -0.00742978 -0.00894062 0.00782566 0.00631479 0.0122616 -0.000174408 -0.00758467 -0.00445547 -0.0249151 -0.0141062 -0.00151455 0.00115885 0.00409459 0.00773029 0.0028325 -0.000403906 0.0089053 0.00280588 0.0176781 0.026698 -0.000930564 0.00268827 0.0201439 0.00425688 0.0145629
internal_weight=111525 29838.3 21034.2 81686.5 68926.7 18858.3 17292.2 12759.8 11849.6 5594.37 60832.1 16062.7 14446.1 2175.88 5230.51 10466.8 46386 19286.9 10666.3 7648.58 8620.55 2663.31 2128.8 1033.54 849.128 27099.1 8804.16 3017.75 4776.71 1562.44
internal_count=526302 166424 121487 359878 305631 104874 96989 54247 50361 23436 271707 87838 67809 16613 30293 47826 203898 81962 44923 32421 37039 11336 9120 4328 3542 121936 44937 12502 21855 7037
is_linear=0
shrinkage=0.05


Tree=41
num_leaves=31
num_cat=0
split_feature=10 5 28 13 34 33 33 33 33 33 33 9 33 33 33 33 33 33 33 2 10 37 11 28 37 33 32 32 33 33
split_gain=477.483 327.864 364.248 266.332 200.882 195.395 242.879 204.316 233.778 184.979 152.633 147.98 143.434 141.632 169.817 224.824 363.296 163.901 145.442 134.23 113.093 112.589 137.154 123.243 120.907 101.047 100.84 179.052 164.146 233.479
threshold=0.0093985981318847837 -0.18754546550151316 0.047107369750796449 0.023286456766345474 3.0927440999241704 1430.5000000000002 741.50000000000011 1571.5000000000002 1529.5000000000002 722.50000000000011 1477.5000000000002 0.038752336450277154 682.50000000000011 2810.5000000000005 252.50000000000003 931.50000000000011 959.50000000000011 199.50000000000003 2725.5000000000005 3.3306690738754701e-16 0.029871102212334268 -0.052674561045382644 1.2338389557395717 -0.11786046751761552 0.062676550616846974 3542.5000000000005 8.5000000000000018 3.5000000000000004 2558.5000000000005 279.50000000000006
decision_type=8 8 10 10 2 2 2 2 2 2 2 8 2 2 2 2 2 2 2 10 10 8 10 8 10 2 2 2 2 2
left_child=-1 13 3 9 5 6 12 8 10 -3 -7 26 -4 14 17 -16 -17 -2 -18 -11 -10 22 23 -5 -23 -15 27 -6 29 -29
right_child=1 2 4 21 11 7 -8 -9 20 19 -12 -13 -14 25 15 16 18 -19 -20 -21 -22 24 -24 -25 -26 -27 -28 28 -30 -31
leaf_value=-0.023608391239845997 0.0092010613133870715 0.0025465984945843797 0.0095836817555627549 0.022514831801660046 -0.0059420256762383545 0.041455017721811954 -0.013776645645935504 0.012210697694228265 0.087892771599762887 -0.014183036792628903 -0.012126852577037463 0.010146681498720916 0.05852319247068221 0.023330003137849373 -0.006872611662606107 0.058827796264834975 0.0070831668413312288 0.044317500112122571 -0.038827674209588013 -0.0034590406821901395 0.025369387724263288 -0.0031392780004227665 -0.0090417569967469903 0.0042010073016598929 0.0047347925035780341 -0.0083063327204263328 -0.0062330562419320732 0.02433840189806246 0.017617929640829696 -0.0039873237728602195
leaf_weight=2108.4560072794557 967.90860310196877 3259.7538794577122 1036.3621638938785 1048.3652372658253 4263.2394277453423 302.45439963042736 1429.5285472497344 3972.9367853701115 254.55549758672714 9078.4334398135543 237.09542931616306 4051.2784875333309 174.99839590489864 1910.8562991991639 3662.58764500916 340.29136756062508 6377.2800456285477 505.97367928922176 177.29957640916109 4300.0317454338074 101.03035514056683 34527.298310227692 1713.9423097372055 7423.7144060581923 5676.7730421423912 290.81548207253218 5260.2697154730558 903.65795691311359 2411.9714462459087 3731.6440475657582
leaf_count=19029 4010 16730 4307 4518 19153 1324 6144 16782 1073 54344 1003 16549 721 8118 15675 1402 26931 2066 855 23336 413 163222 7555 32527 23935 1307 23276 3699 10216 16411
internal_value=-4.04764e-05 0.000413778 -0.000644856 -0.0026489 0.00413021 0.0111322 0.000181576 0.0170729 0.038653 -0.00813383 0.0179094 0.00158061 0.0166537 0.00749161 0.00535797 0.00313847 0.0084564 0.0212563 0.00584129 -0.0107362 0.0701284 -0.000837836 0.00385762 0.00646723 -0.00202747 0.0191512 -0.00051365 0.00214632 0.00703936 0.00153481
internal_weight=111501 109392 95159.3 67028.3 28131 7508.96 2640.89 4868.07 895.136 16638.2 539.55 20622.1 1211.36 14233 12031.3 10557.5 6894.87 1473.88 6554.58 13378.5 355.586 50390.1 10186 8472.08 40204.1 2201.67 16570.8 11310.5 7047.27 4635.3
internal_count=526631 507602 447238 326167 121071 31767 11172 20595 3813 94410 2327 89304 5028 60364 50939 44863 29188 6076 27786 77680 1486 231757 44600 37045 187157 9425 72755 49479 30326 20110
is_linear=0
shrinkage=0.05


Tree=42
num_leaves=31
num_cat=0
split_feature=10 10 20 32 32 1 32 11 32 12 3 28 32 28 1 28 28 13 9 3 11 19 28 32 10 32 0 37 11 28
split_gain=433.711 296.444 257.286 180.149 272.355 202.977 164.177 203.865 165.319 152.664 136.088 135.55 160.019 142.398 133.922 129.235 126.944 122.746 121.481 114.495 112.549 108.872 129.274 106.234 100.816 91.575 91.3752 91.3452 90.4577 137.458
threshold=0.0093985981318847837 0.026690049759040782 0.48188048127835903 3.5000000000000004 1.5000000000000002 0.010555355795380252 8.5000000000000018 1.6770233925192992 10.500000000000002 2.4857142857142884 -0.079419457138009172 0.086696969571158244 7.5000000000000009 0.040550871990562579 -0.11111111111111098 -0.10803532751510821 0.032300276820252084 0.012870700912960236 0.018558001775736844 -0.034090909090908998 1.4224040149401944 -0.73147345210370374 -0.17100259927257586 10.500000000000002 0.02126120402695415 6.5000000000000009 0.094799447218713265 0.12530327422717594 1.4322687027858449 -0.080480530038494799
decision_type=8 10 8 2 2 8 2 8 2 8 10 10 2 10 10 10 10 10 10 10 8 10 10 2 10 2 10 8 8 10
left_child=-1 2 17 4 5 28 7 10 18 19 15 12 -12 -14 -3 -5 -11 -2 -8 -6 -10 22 25 -24 -21 -16 -23 -22 29 -4
right_child=1 14 3 6 9 -7 8 -9 20 16 11 -13 13 -15 21 -17 -18 -19 -20 24 27 26 23 -25 -26 -27 -28 -29 -30 -31
leaf_value=-0.022677366737669589 -0.026086491159086483 0.021564081357169466 0.058978663572126569 0.039502602425551966 -0.0065961970424792751 0.015416656206379241 -0.012153495177924479 0.031759842404577437 0.0046960493372254566 0.0060741541377955458 -0.0022845945355887726 0.011796288450597126 0.015852725395423609 -0.0061967168365461194 -0.045964635521062877 0.0085954395475843701 -0.020959085989371819 -0.0081190862937394088 -0.0011788619606851064 -0.026914356046675254 -0.012184784195350615 0.0040458587415603845 -0.0027004163299373632 0.0090899020763060608 -0.010394628859315622 0.030146777988052188 0.020429634373903438 0.026329680364647719 -0.030377160011705685 -0.0038622709564385968
leaf_weight=2096.3728492036462 1151.3168588727713 990.89302365481853 89.754469059407711 431.86592698097229 2326.3286929428577 2056.6257469132543 5438.3155198469758 624.45541176199913 7863.7815919667482 1794.5797067508101 14603.066861845553 2832.3099506646395 2548.2304198145866 1027.4762324765325 247.48463182151318 1559.7996807396412 572.90076200664043 5451.2179662808776 4701.438457518816 2417.6369370892644 1752.8880007937551 31317.325916044414 9264.9278265759349 2406.8435123115778 1494.4443795755506 47.030101224780083 874.79253242909908 168.77202019095421 309.1688846051693 2857.2507048547268
leaf_count=19288 9202 4101 423 1792 11879 9202 28227 2656 37544 9485 71317 11994 12419 4626 1290 6727 2784 28104 21157 13930 8158 131984 40243 10089 7440 193 3599 736 1525 14520
internal_value=-0.000150152 0.000282225 -0.00190438 -0.000830466 -0.00578233 0.0031194 0.000752074 0.00357121 -0.00259084 -0.0112778 0.00280597 0.00162191 3.67094e-05 0.00951684 0.00338534 0.0152972 -0.000467553 -0.0112522 -0.00706495 -0.0153802 0.00204527 0.00297742 -0.00109465 -0.000269127 -0.0206037 -0.0338107 0.00449107 -0.00880221 -0.00464765 -0.00194838
internal_weight=111319 109223 64073.6 57471.1 13918.7 5312.8 43552.4 23627.2 19925.2 8605.89 23002.7 21011.1 18178.8 3575.71 45149.3 1991.67 2367.48 6602.53 10139.8 6238.41 9785.44 44158.4 11966.3 11671.8 3912.08 294.515 32192.1 1921.66 3256.17 2947.01
internal_count=526634 507346 315847 278541 71188 25670 207353 111531 95822 45518 108875 100356 88362 17045 191499 8519 12269 37306 49384 33249 46438 187398 51815 50332 21370 1483 135583 8894 16468 14943
is_linear=0
shrinkage=0.05


Tree=43
num_leaves=31
num_cat=0
split_feature=13 37 0 25 4 9 14 38 25 0 1 25 19 0 34 28 38 33 4 12 33 33 33 33 11 33 33 34 38 26
split_gain=364.669 288.196 343.523 268.039 263.045 189.493 154.368 156.479 143.974 122.216 117.222 115.296 108.918 108.443 102.089 93.8495 93.9392 88.1523 90.134 82.544 152.952 175.354 122.168 82.3492 78.9055 78.4254 127.753 78.1236 77.9998 92.151
threshold=0.0017857142857141389 -0.056815991360546984 0.0045832093867808074 0.31886301431327685 -1.0000000180025095e-35 0.019302944695680405 1.0000000180025095e-35 -0.15839136775853699 0.10823553174299444 0.073262427375537911 -0.074074074074074223 0.30367295153053037 0.10417525493488428 -0.037869907024937692 4.3637351621117633 0.0012871963032565284 -0.069146389173036435 172.50000000000003 -0.10043668122270748 0.94285714285714362 1430.5000000000002 741.50000000000011 1742.5000000000002 709.50000000000011 0.4401524378947162 2248.5000000000005 2295.5000000000005 1.3216669431912595 0.17835572857349483 0.59118571957084731
decision_type=8 8 8 10 8 8 8 8 10 8 8 10 10 10 2 10 8 2 10 10 2 2 2 2 8 2 2 2 10 8
left_child=3 6 5 4 -1 12 7 8 -2 15 -7 -9 -3 -8 -6 16 -4 -13 -19 20 21 23 -22 -17 -14 -24 -27 -5 29 -12
right_child=1 2 9 27 14 10 13 11 -10 -11 28 17 24 -15 -16 19 -18 18 -20 -21 22 -23 25 -25 -26 26 -28 -29 -30 -31
leaf_value=-0.011618100957373548 0.012289901632907343 -0.008599007551109341 0.007539763392226187 0.09879246099218332 0.080975567616676694 0.013560436183451582 0.013383862883022332 0.0032571870711253443 0.038687902149605692 0.013388676497548139 0.0017712816924944634 -0.0085099461134175783 0.017712511260961645 -0.0050525292488347064 -0.0017805744193218943 0.010832660114549305 -0.0028448798854279586 0.036008056704863407 0.013311432931960857 0.0022094358889395362 0.029526874737091764 -0.011188959949484217 -0.0016210329268137255 0.061439254249947221 -0.0026574676914476463 0.054923355878697268 0.011560247052244947 -0.033255200268297716 0.0064151722590626379 -0.0041367820863147317
leaf_weight=650.29112569242716 1488.5967656224966 17000.440159969032 2714.8888292834163 11.286400549113749 127.0845266059041 1397.3786317557096 1019.119167804718 6533.6296497136354 790.96186414361 2722.3500578999519 10240.23367755115 329.16137580573559 514.07008596509695 3669.6488339304924 52.728845290839672 1050.4178429767489 11006.555900961161 589.483862221241 1695.7997136265039 12376.355960063636 1091.4670223519206 1537.548847310245 978.87905317544937 87.04861681163311 6321.1969939172268 187.76241107285023 1780.6477749794722 1482.0625299438834 3015.6020252406597 18566.967260092497
leaf_count=5021 6106 93120 11987 62 678 5886 4214 28422 3239 11228 46325 1598 2543 15519 409 4538 53254 2562 7608 54257 4863 6977 4379 368 32314 813 7885 14487 12379 82680
internal_value=4.52388e-06 0.000423452 -0.000650634 -0.0195956 0.00318238 -0.0030541 0.00659415 0.00972863 0.0214495 0.00320855 -0.000613317 0.00680797 -0.00645585 -0.00104532 0.056708 0.00236391 -0.000790202 0.0156815 0.019166 0.004631 0.00909497 -0.000178149 0.0152369 0.0147055 -0.00112547 0.00994489 0.0156966 -0.0322572 -0.0012357 -0.00203661
internal_weight=111030 108706 92589.8 2323.45 830.104 57055.9 16116.4 11427.6 2279.56 35533.9 33220.2 9148.07 23835.7 4688.77 179.813 32811.6 13721.4 2614.44 2285.28 19090.1 6713.77 2675.02 4038.76 1137.47 6835.27 2947.29 1968.41 1493.35 31822.8 28807.2
internal_count=525721 505064 435796 20657 6108 275247 69268 49535 9345 160549 147270 40190 127977 19733 1087 149321 65241 11768 10170 84080 29823 11883 17940 4906 34857 13077 8698 14549 141384 129005
is_linear=0
shrinkage=0.05


Tree=44
num_leaves=31
num_cat=0
split_feature=13 10 25 5 38 5 28 10 32 32 26 7 34 26 6 9 8 25 11 38 29 35 32 32 13 11 28 8 32 32
split_gain=370.84 281.523 251.651 184.991 270.321 177.079 167.472 120.022 118.469 113.381 112.943 111.039 150.396 102.149 93.7139 89.9442 86.3259 85.3591 84.6769 83.6084 83.116 82.0662 81.7025 171.113 106.049 95.8316 84.8403 81.3437 79.5122 117.346
threshold=1.1796119636642291e-17 0.025012409606712659 0.33840883798571836 -0.13095238095238096 0.016979288889145353 -0.044444444444444113 0.01014018562075817 0.011358563914264676 5.5000000000000009 8.5000000000000018 0.71894457980430848 -0.33399801192842937 4.0664589915953142 0.68428032947089223 82.665392487655097 0.035104556274453282 0.02381543187994806 0.66007252899202973 1.6013822853791251 -0.18461248966202357 0.26406110305111091 -0.010872251714041046 10.500000000000002 9.5000000000000018 0.079470328840833729 0.36865483555692297 -0.074943236700021634 0.18750000000000014 1.5000000000000002 2.5000000000000004
decision_type=10 10 10 8 8 8 10 10 2 2 10 10 2 10 10 10 8 8 10 10 10 10 2 2 10 10 10 10 2 2
left_child=2 3 6 10 5 13 -1 15 -9 -10 18 12 -3 -5 21 -7 -8 28 19 -2 -19 -13 23 25 26 -23 -25 -18 -6 -30
right_child=1 11 -4 4 17 7 16 8 9 -11 -12 14 -14 -15 -16 -17 27 20 -20 -21 -22 22 -24 24 -26 -27 -28 -29 29 -31
leaf_value=-0.014574571380112908 0.028283848156021214 0.017738783750565073 -0.03469894580737775 -0.00055730687510817205 0.017884453424814834 -0.023029794723776614 -0.010528648304121134 -0.0143520199685441 0.0039736139053949291 -0.0089485761218305714 -0.0092115994322441008 0.0080211721747305356 -0.0030741438360575922 -0.016009112596867048 0.014384899054574785 0.027123314303951609 0.06426776372520239 -0.0019870011782512241 0.073453633132701077 0.0044078886159600551 0.025997812827615048 0.026301637210779591 0.0060969760777358634 0.0015040597537998024 0.016555666295216733 0.0012064417823545869 -0.017480881374798158 -0.011159644847003009 -0.018085967489411766 0.0055635773259496129
leaf_weight=697.9304400831461 381.01941584050655 2753.8677387833595 1268.3898783773184 10808.585832349956 1102.8836291283369 2145.0745991542935 91.160750679671764 4942.5269100815058 2632.9037979915738 4777.9660195931792 1470.4444101005793 5201.6426699906588 1267.4631156623363 1187.0584392473102 1609.1199240088463 93.283493265509605 163.44787682592869 11819.937668725848 45.791400045156479 9731.8746019899845 271.41847182810307 385.43759371340275 7411.1004356220365 776.10508589446545 337.94289673864841 29244.259839490056 2434.0388208851218 45.748958900570869 580.59436602145433 5431.1434859186411
leaf_count=4971 1560 11282 12940 57999 5104 15150 976 28057 13226 24990 6483 22082 5196 5846 6565 418 775 55093 193 44665 1141 1672 30895 3286 1377 125312 10520 215 2996 25611
internal_value=9.78086e-05 0.000514659 -0.0199189 -0.00189167 -0.0033218 -0.00658684 -0.0011399 -0.0102866 -0.00835633 -0.00435763 0.00373993 0.00320184 0.0111789 -0.00208638 0.00252508 -0.0209397 0.0300778 0.00119809 0.00561463 0.00530745 -0.00135882 0.00210831 0.00135055 0.00029032 -0.0100863 0.00153289 -0.012891 0.0477727 0.00554358 0.00327958
internal_weight=111110 108843 2266.68 57422.5 45793.4 26587.4 998.288 14591.8 12353.4 7410.87 11629.1 51421 4021.33 11995.6 47399.6 2238.36 300.358 19206 10158.7 10112.9 12091.4 45790.5 40588.9 33177.8 3548.09 29629.7 3210.14 209.197 7114.62 6011.74
internal_count=526596 506719 19877 288532 235631 145686 6937 81841 66273 38216 52901 218187 16478 63845 201709 15568 1966 89945 46418 46225 56234 195144 173062 142167 15183 126984 13806 990 33711 28607
is_linear=0
shrinkage=0.05


Tree=45
num_leaves=31
num_cat=0
split_feature=12 19 3 0 34 1 33 33 0 33 28 1 36 25 4 28 33 33 28 28 1 33 11 7 34 20 28 38 31 35
split_gain=324.522 272.318 298.808 234.374 160.665 157.492 145.436 135.357 129.076 117.704 149.316 102.753 102.62 101.771 106.726 99.7158 98.8302 99.1889 96.293 87.7021 80.7438 79.2145 76.7266 75.6555 75.0583 65.9777 67.4694 65.8662 62.8295 60.1484
threshold=1.0000000180025095e-35 0.51920708799221715 -0.064145751122329772 0.0043695949383503194 3.0927440999241704 -0.02343532057838937 3459.5000000000005 3335.5000000000005 -0.043563657759028478 3742.0000000000005 0.091030030543805082 1.0000000180025095e-35 0.99959903769045755 0.33840883798571836 -1.0000000180025095e-35 0.0012871963032565284 3542.5000000000005 3510.5000000000005 -0.13762126192817656 -0.05080780403242844 0.18440438070581824 3426.5000000000005 1.242679078248625 -0.18249239799165543 3.9009615468842616 0.22454579463233917 -0.0022341855701962271 0.06757547181167313 3.5000000000000004 -0.011741682974574228
decision_type=8 10 8 8 2 10 2 2 10 2 10 10 2 10 10 10 2 2 8 10 8 2 8 8 2 8 10 10 2 10
left_child=13 2 5 6 -3 18 8 22 -4 12 24 25 -6 14 -1 23 17 21 28 -8 -17 -9 -7 -5 -11 26 -10 -21 -2 -20
right_child=1 4 3 15 9 7 19 16 11 10 -12 -13 -14 -15 -16 20 -18 -19 29 27 -22 -23 -24 -25 -26 -27 -28 -29 -30 -31
leaf_value=-0.024169665691775939 0.036635846009374799 0.010690608482579973 0.010519435413424779 0.0050472367012237562 0.0011449254837945478 0.00073056332904347166 0.010095456016507662 0.048314043906578341 -0.03131568639385706 0.12355087030899024 -0.04054286874714514 -0.00062439827554785403 0.020395174692410256 -0.035021733559930872 0.036968270040024204 0.0047890250495549519 -0.0028974627756371365 0.083149118559667043 0.016840698570550618 -0.02188466973322745 0.041500138846370271 -0.005424575754820595 -0.010954758837764297 -0.004678109050336274 0.035846851121405426 -0.0056439197632390942 0.003594291600176372 0.0041401371496405546 0.0058041441782441588 0.0057704450562047821
leaf_weight=191.81327060610056 495.45828096568584 7935.3522860109806 1506.9898823574185 2857.148657515645 18056.672367252409 4928.2541671097279 291.68188528716564 147.14323864132166 487.17022903263569 50.03697457909584 34.249788545072079 12712.953243367374 719.91320889443159 858.30703507736325 113.69139724969864 10219.176778562367 240.96173363178968 92.32840870320797 1472.4876642897725 2141.2570429705083 152.00794485211372 128.43110226839781 1964.8302886560559 6663.5879400447011 47.603389702737331 28444.386457003653 193.32762274891138 274.26443717628717 247.91992999613285 7360.2891500368714
leaf_count=1540 2112 34687 6325 12422 80865 21859 1548 639 3606 298 153 60745 3038 9573 753 45938 1121 392 6386 13170 647 614 8910 33542 242 139957 1218 1230 1047 32028
internal_value=6.35542e-05 0.00034177 -0.0010737 -0.00260022 0.00471952 0.00482066 -0.0045593 -0.000604189 -0.00385708 0.00221362 0.0492831 -0.00437491 0.001883 -0.0262005 -0.00141762 0.00193526 0.0219938 0.0382966 0.00907048 -0.0158025 0.00532709 0.0232692 -0.00260026 -0.00175956 0.0807918 -0.00601201 -0.0213979 -0.0189297 0.0263533 0.00761594
internal_weight=111030 109866 83022.1 65944 26843.8 17078.1 46052 7501.95 43344.8 18908.5 131.89 41837.8 18776.6 1163.81 305.505 19891.9 608.864 367.903 9576.16 2707.2 10371.2 275.574 6893.08 9520.74 97.6404 29124.9 680.498 2415.52 743.378 8832.78
internal_count=526605 514739 395456 320348 119283 75108 227799 33535 211851 84596 693 205526 83903 11866 2293 92549 2766 1645 41573 15948 46585 1253 30769 45964 540 144781 4824 14400 3159 38414
is_linear=0
shrinkage=0.05


Tree=46
num_leaves=31
num_cat=0
split_feature=10 12 19 19 32 0 28 8 33 33 33 28 9 10 33 33 33 32 33 33 12 33 0 33 33 33 33 33 32 32
split_gain=357.241 288.216 151.801 149.117 171.638 129.708 129.168 122.599 115.092 167.562 238.464 143.66 111.018 106.794 106.119 102.861 184.445 101.733 101.349 92.4783 120.932 123.951 88.0057 86.7506 85.9091 180.331 147.37 144.187 134.448 133.128
threshold=0.019172144469549724 0.049999999999999968 -0.12457394576764096 -0.57601097095485099 10.500000000000002 -0.037869907024937692 -0.15692245542710212 0.24813917219545958 3108.5000000000005 2696.5000000000005 2653.5000000000005 -0.048130202116330865 0.035875385511848899 0.012338500268889241 2810.5000000000005 3742.0000000000005 3758.5000000000005 8.5000000000000018 321.50000000000006 3335.5000000000005 0.34285714285714314 1416.5000000000002 0.073262427375537911 2906.5000000000005 1358.5000000000002 547.50000000000011 1571.5000000000002 1503.5000000000002 8.5000000000000018 3.5000000000000004
decision_type=10 8 8 10 2 10 10 10 2 2 2 10 10 10 2 2 2 2 2 2 8 2 10 2 2 2 2 2 2 2
left_child=1 -1 12 4 5 -2 -5 8 9 10 -7 17 13 -3 -11 19 -17 -10 -9 20 21 -4 24 -16 25 -8 27 -26 29 -28
right_child=3 2 15 6 -6 7 22 18 11 14 -12 -13 -14 -15 23 16 -18 -19 -20 -21 -22 -23 -24 -25 26 -27 28 -29 -30 -31
leaf_value=-0.03705019373251419 0.012604522684333735 -0.014739048253004042 -0.0029009756835394274 0.028899433533214492 0.0070906302715409699 -0.0066646632326933207 0.005802317907376218 0.025190095491356607 0.043939921702070096 -0.041472585483026965 0.047669147704376767 -0.0031945582101665288 0.017458897498498795 -0.0053351587124758765 0.0099370671026916251 0.1301526526654446 -0.0035790323320070449 3.5348362266275755e-05 0.00051766386370403204 -0.014548320982997041 -0.00064401278015365989 0.03041456741873896 0.012512070894960446 -0.022445555798742876 0.0060568519845527755 -0.0037421573711114661 0.0001689161480440143 0.029016691591522245 -0.0018769306469334631 0.0093388147950976916
leaf_weight=663.15806083753705 1259.4324020296335 3985.258462715894 482.66134848445654 493.50961704552174 5195.0465321242809 12120.864920832217 8515.9941419437528 454.27830328047276 336.9695500805974 522.12548730522394 205.36171414703131 1447.5040985271335 453.63882337510586 12452.870982900262 280.00440549105406 42.279685713350773 66.081198498606682 216.85049012303352 4969.8745749518275 1053.9291897118092 11898.485492497683 662.26165141165257 2414.2720618247986 791.26817338913679 1694.9370229393244 11814.743398226798 6355.577684558928 1146.2309332638979 8358.2051717936993 10492.387073211372
leaf_count=9561 5254 26305 2513 2129 22748 56814 36155 1887 1517 2744 946 7086 2004 66884 1435 301 381 1012 21627 6038 59234 3404 9908 3774 7430 51889 28666 4808 36412 45290
internal_value=4.55235e-05 -0.00443361 -0.00373806 0.00184434 -0.0011046 -0.00298805 0.00344281 -0.00390806 -0.00611986 -0.00773182 -0.00575943 0.0050916 -0.00694166 -0.00761504 -0.0229898 7.12983e-05 0.0485997 0.0267489 0.00258401 -0.000301721 0.000849428 0.0163698 0.00319547 -0.0139815 0.00273053 0.000255764 0.00452442 0.0153197 0.00330761 0.00587964
internal_weight=110846 31760.6 31097.5 79085.4 27799.6 22604.5 51285.9 21345.1 15920.9 13919.6 12326.2 2001.32 16891.8 16438.1 1593.4 14205.7 108.361 553.82 5424.15 14097.3 13043.4 1144.92 50792.3 1071.27 48378.1 20330.7 28047.3 2841.17 25206.2 16848
internal_count=526156 176625 167064 349531 126844 104096 222687 98842 75328 65713 57760 9615 95193 93189 7953 71871 682 2529 23514 71189 65151 5917 220558 5209 210650 88044 122606 12238 110368 73956
is_linear=0
shrinkage=0.05


Tree=47
num_leaves=31
num_cat=0
split_feature=13 33 0 35 33 33 5 33 12 32 34 11 33 32 33 33 33 39 33 33 7 5 26 4 4 33 32 32 33 2
split_gain=289.652 287.47 184.568 178.278 176.197 361.376 254.102 221.022 268.01 201.909 207.352 187.678 154.823 298.986 225.352 420.848 199.522 206.811 184.642 263.396 176.75 147.964 136.014 123.671 119.368 119.315 112.501 201.155 384.447 128.861
threshold=0.021811315972104388 3259.5000000000005 0.0029418296299199569 -0.014860716752372214 1389.5000000000002 1571.5000000000002 -0.14970059880239509 1503.5000000000002 1.1785714285714299 3.5000000000000004 4.4875121511018561 1.0804119773627694 428.50000000000006 5.5000000000000009 653.50000000000011 741.50000000000011 372.50000000000006 1.0000000180025095e-35 346.50000000000006 303.50000000000006 -0.12543422901923643 -0.24326761201761185 0.37462681246602331 -0.054644808743169397 0.22282608695652187 279.50000000000006 5.5000000000000009 4.5000000000000009 959.50000000000011 -0.060911398246423436
decision_type=10 2 8 10 2 2 10 2 10 2 2 10 2 2 2 2 2 10 2 2 10 10 10 10 10 2 2 2 2 10
left_child=1 2 3 -1 9 7 -7 -6 -9 10 11 -2 13 21 -14 22 18 -18 19 25 26 -11 -16 -3 -8 -15 27 29 -29 -17
right_child=4 23 -4 -5 5 6 24 8 -10 12 -12 -13 14 16 15 20 17 -19 -20 -21 -22 -23 -24 -25 -26 -27 -28 28 -30 -31
leaf_value=0.016338254977524235 -0.0063960406786118321 0.0020087385911131566 0.004512229766088954 -0.0080749481675744025 0.0069379273904835188 0.009673133821931721 -0.00083253272328665342 0.046470924409105496 0.0096393954363720603 0.043883430566711373 0.0080850485569673725 -0.024006701351082183 -0.012199641337029998 -0.00077204753615092844 0.04232971713959674 0.022734542259162393 0.032433435080851253 -0.004743769573283544 -0.024859623140708061 0.022258487372705422 -0.0085656295098861576 0.014236934371543528 0.013804224031801565 -0.027049082348918337 0.0083052488686847625 -0.021250068363679459 -0.0015370580226524437 0.066213961714189834 0.0054990519833993676 -0.014426907085179866
leaf_weight=798.69751035422087 5429.3264533132315 450.72804564237595 5435.7486144974828 11736.296008910984 2564.6786500364542 8518.936813428998 34185.819078922272 1051.2728529423475 931.60678869485855 574.76352725923061 1688.3610893040895 2097.2663202434778 4227.2801749408245 4477.9745992422104 575.70843674242496 337.03946819901466 937.49547643959522 622.44103720784187 794.29691182076931 1161.1018024981022 6213.4953666627407 1571.8807396739721 1524.3693654984236 1951.8393687643111 3991.1993973851204 845.64033989608288 4255.5119233131409 403.94838318228722 735.36341245472431 757.75339493155479
leaf_count=4038 25808 2807 28408 70291 11535 36089 157056 4447 3990 2376 7923 10031 18762 19658 2621 1412 3941 2613 3436 4835 28248 6633 6478 16401 16332 3599 18506 1694 3179 3425
internal_value=3.1905e-05 -0.00535423 -0.00318258 -0.0065194 0.00124477 0.00317541 0.00186508 0.0166303 0.0291665 -0.00127703 -0.0077509 -0.0113032 0.000710451 0.00543677 -0.00201788 0.000889678 0.00137175 0.0175991 -0.00210587 0.000681178 -0.00253814 0.0221748 0.0216241 -0.0215978 0.000122773 -0.00402492 0.0032329 0.0123187 0.0270258 -0.0029865
internal_weight=110848 20373.3 17970.7 12535 90474.5 51243.5 46696 4547.56 1982.88 39231 9214.95 7526.59 30016.1 10985.6 19030.5 14803.2 8838.95 1559.94 7279.01 6484.72 12703.1 2146.64 2100.08 2402.57 38177 5323.61 6489.62 2234.1 1139.31 1094.79
internal_count=526572 121945 102737 74329 404627 229449 209477 19972 8437 175178 43762 35839 131416 47091 84325 65563 38082 6554 31528 28092 56464 9009 9099 19208 173388 23257 28216 9710 4873 4837
is_linear=0
shrinkage=0.05


Tree=48
num_leaves=31
num_cat=0
split_feature=13 3 1 25 4 32 33 33 33 33 33 33 1 33 32 33 9 9 33 12 33 33 33 33 4 33 33 33 12 33
split_gain=289.397 236.884 277.458 198.135 174.253 165.639 179.389 352.704 178.579 159.228 228.726 147.474 159.03 135.262 139.691 141.483 110.906 107.538 105.808 100.376 97.3407 335.675 217.662 154.895 153.476 133.396 195.679 271.823 99.943 124.868
threshold=1.1796119636642291e-17 -0.066508313539192551 0.0043972156875382593 0.33840883798571836 -1.0000000180025095e-35 4.5000000000000009 3259.5000000000005 2967.5000000000005 2430.5000000000005 2262.5000000000005 2278.5000000000005 3335.5000000000005 -0.02343532057838937 2480.5000000000005 8.5000000000000018 2845.5000000000005 0.038433695936474839 0.0085586781646450946 2877.5000000000005 13.450000000000008 2383.5000000000005 2696.5000000000005 3058.5000000000005 2682.5000000000005 -0.043603273448694073 2309.5000000000005 1991.5000000000002 2008.5000000000002 3.9357142857142891 132.50000000000003
decision_type=10 8 10 10 10 2 2 2 2 2 2 2 10 2 2 2 10 10 2 10 2 2 2 2 10 2 2 2 8 2
left_child=3 11 5 4 -1 20 7 8 9 -7 19 12 -2 -10 15 -15 -16 -8 -17 -11 25 23 -23 -22 -24 26 28 -28 29 -3
right_child=1 2 -4 -5 -6 6 17 -9 13 10 -12 -13 -14 14 16 18 -18 -19 -20 -21 21 22 24 -25 -26 -27 27 -29 -30 -31
leaf_value=-0.010536565329545543 0.0083331660858631841 0.00874597868427574 0.0023014916123608327 -0.032035141855092562 0.048063234781738517 -0.00047881381508524759 -0.039441736214365739 0.0206360870220135 -0.032644784184848522 0.081888074671417996 0.0068866102448053162 0.021230083292452018 -0.0015133141156110246 -0.006138039205167917 -0.019214263160657483 0.049304392191498639 0.0091626735917028027 -0.009121845801681459 0.0035359969954256183 -0.026785598871794214 0.016396624967836348 -0.029134758400070567 0.018996172878887756 0.07110670934067885 -0.0093854886935957685 -0.029154112426295033 0.077105586019200673 0.0020927285018885618 0.00086225477047517294 -0.01448846018285597
leaf_weight=833.73606729507446 9813.3812752217054 626.21679855883121 40952.079288527369 1175.5632165260613 149.62879304587841 22962.748525828123 320.77717848494649 1931.0473118424416 599.97193765640259 174.68563715368509 607.09795095771551 1378.1619242280722 7044.2503168061376 977.57678009569645 2053.0135563090444 252.90165142714977 413.70462872087955 3311.1120878756046 252.21093441545963 24.190485969185829 771.28808940201998 918.75644231215119 708.5525610819459 155.44712978601456 1453.3355277329683 830.84046261012554 142.03444246947765 806.62155956029892 1626.3344340994954 7551.4706919007003
leaf_count=5985 42153 2947 185132 12853 939 108735 2937 8579 2959 779 2888 6114 31193 4582 10219 1059 1685 16324 1042 103 3691 4588 3578 723 8061 4347 816 3938 8405 39488
internal_value=-5.44417e-05 0.000305718 -0.000742675 -0.0181814 -0.00162002 -0.00326259 -0.0013 -3.9338e-05 -0.00144922 0.000287886 0.0221317 0.00550428 0.00421865 -0.0105249 -0.0071646 0.00496434 -0.014455 -0.0117998 0.0264515 0.0686694 -0.00752754 -0.000810597 -0.00874759 0.0255735 -8.34813e-05 -0.0098513 -0.00835981 0.0133238 -0.010458 -0.0127093
internal_weight=110819 108660 90424 2158.93 983.365 49471.9 33881 30249.1 28318.1 23768.7 805.974 18235.8 16857.6 4549.38 3949.41 1482.69 2466.72 3631.89 505.113 198.876 15590.9 4007.38 3080.64 926.735 2161.89 11583.5 10752.7 948.656 9804.02 8177.69
internal_count=526842 507065 427605 19777 6924 242473 161891 142630 134051 112505 3770 79460 73346 21546 18587 6683 11904 19261 2101 882 80582 20641 16227 4414 11639 59941 55594 4754 50840 42435
is_linear=0
shrinkage=0.05


Tree=49
num_leaves=31
num_cat=0
split_feature=13 32 32 28 33 33 28 33 2 25 33 33 33 13 1 28 13 38 28 32 33 9 33 33 32 33 9 1 3 33
split_gain=266.465 211.008 309.818 216.496 186.88 680.603 238.341 376.345 186.173 180.139 162.935 433.41 301.125 190.293 154.18 152.35 145.309 143.953 136.652 133.93 178.013 176.628 131.587 196.458 167.31 145.322 129.773 128.082 123.146 120.986
threshold=1.1796119636642291e-17 3.5000000000000004 2.5000000000000004 -0.060272504161071723 3259.5000000000005 2967.5000000000005 -0.048130202116330865 3335.5000000000005 -0.085008730957135556 0.31886301431327685 2906.5000000000005 2829.5000000000005 2430.5000000000005 0.057550133968839449 1.0000000180025095e-35 0.01014018562075817 0.031391616490720566 -0.057453554963491964 0.263657706588519 1.5000000000000002 483.50000000000006 0.015879036511304564 3042.5000000000005 2653.5000000000005 1.5000000000000002 1962.5000000000002 0.010498581596084799 -0.14411807420754211 -0.024096385542168804 2262.5000000000005
decision_type=10 2 2 10 2 2 10 2 8 10 2 2 2 10 10 10 10 10 10 2 2 8 2 2 2 2 10 10 8 2
left_child=9 2 3 22 5 8 7 -6 -3 15 11 12 29 -12 -5 -1 -14 -9 -7 20 21 -16 23 24 -2 28 -8 -4 -26 -10
right_child=1 4 27 14 6 18 26 17 10 -11 13 -13 16 -15 19 -17 -18 -19 -20 -21 -22 -23 -24 -25 25 -27 -28 -29 -30 -31
leaf_value=-0.014311493701660703 -0.013602838280798094 0.011893987123169901 0.045128345186333553 -0.0063506121365825459 -0.016133338140348556 0.021544923976577802 -0.031298164350521386 0.042698463803393635 0.00073783801554422725 -0.030365870202039725 -0.028520837604825034 0.024200282238407735 -0.020023510869142773 0.0097508502172864164 0.053223964057066697 0.029684486820570927 -0.0042771647068022538 0.0056551016232173302 -0.01588835220969283 -0.0050007296603628154 0.0033253324895450246 0.01110960157257488 -0.0083046597924693894 0.063184033607144433 0.054482992118264642 -0.019724581593041787 -0.0078084560551956381 -0.012377982417748453 0.0081199555642393687 0.012345029253316242
leaf_weight=655.08042965829372 352.24305586516857 3732.3706217557192 98.007255673408508 8729.6539134271443 807.69059729576111 4994.0243758410215 655.84938981756568 693.23951249569654 52684.420965831727 1198.5551850758493 993.69448278099298 1917.490360468626 2404.626431889832 482.49973556399345 388.26517756283283 281.24945924058557 3749.9282338172197 421.8607011474669 256.31667640805244 3068.5673598945141 3941.9462959542871 693.93420381844044 408.55309027433395 259.62130801379681 405.68824425339699 131.34417269378901 5682.7703326195478 8038.5095771513879 221.37979951500893 2344.9383171722293
leaf_count=4727 1647 15549 439 43216 3653 21733 5238 2983 242440 13290 4882 8052 12539 1962 1692 1813 16115 2165 1057 14616 17727 2939 1936 1144 1894 664 26699 41917 1148 10795
internal_value=-3.52286e-05 0.000308789 -0.00354739 1.22799e-05 0.00156891 0.00236971 -0.00556144 0.00985816 0.00103635 -0.0175286 0.000408816 0.000792955 5.93747e-05 -0.0160116 -0.00174179 -0.00109623 -0.0104294 0.0286844 0.0197175 0.00322976 0.00825665 0.0262191 0.0166005 0.0240261 0.0148727 0.0280982 -0.0102389 -0.0116853 0.038115 0.00123245
internal_weight=110694 108559 26737.7 18601.2 81821.7 73560.3 8261.41 1922.79 68310 2134.89 64577.6 63101.4 61183.9 1476.19 16822.4 936.33 6154.55 1115.1 5250.34 8092.71 5024.15 1082.2 1778.83 1370.28 1110.66 758.412 6338.62 8136.52 627.068 55029.4
internal_count=526671 506841 130979 88623 375862 335124 40738 8801 312334 19830 296785 289941 281889 6844 80190 6540 28654 5148 22790 36974 22358 4631 8433 6497 5353 3706 31937 42356 3042 253235
is_linear=0
shrinkage=0.05


Tree=50
num_leaves=31
num_cat=0
split_feature=10 3 2 32 33 33 33 33 33 33 32 13 11 38 32 32 5 1 11 13 33 33 33 33 33 33 10 33 5 5
split_gain=291.037 204.427 252.005 142.527 123.771 258.9 129.41 209.462 198.339 145.221 149.308 126.644 122.953 119.011 166.967 132.485 111.347 103.159 96.0347 94.7467 94.0698 92.3297 163.897 137.286 98.0415 172.135 91.5968 91.1056 86.0865 91.829
threshold=0.0093985981318847837 -0.064145751122329772 3.3306690738754701e-16 4.5000000000000009 3259.5000000000005 2967.5000000000005 2906.5000000000005 2845.5000000000005 2430.5000000000005 2248.5000000000005 11.500000000000002 0.0060523910134721 1.2086865977094712 -0.14888202804261766 10.500000000000002 8.5000000000000018 0.036161617742341064 0.11026128497611366 0.45452176516426729 0.01504925952381244 2262.5000000000005 2480.5000000000005 2696.5000000000005 3058.5000000000005 2022.5000000000002 1948.5000000000002 0.030571857195799808 3304.5000000000005 0.13557766280107045 -0.22144925432122683
decision_type=8 8 10 2 2 2 2 2 2 2 2 10 8 10 2 2 10 10 8 10 2 2 2 2 2 2 10 2 10 10
left_child=-1 12 3 -3 5 6 7 8 9 -5 -11 -7 13 -2 15 21 -9 18 -4 -6 -12 24 -23 -24 25 -15 -13 -21 29 -14
right_child=1 2 17 4 19 11 -8 16 -10 10 20 26 28 14 -16 -17 -18 -19 -20 27 -22 22 23 -25 -26 -27 -28 -29 -30 -31
leaf_value=-0.019301573348447329 0.016613550071386676 -0.0077330269026750558 0.017438501788950789 -0.00097230092151339711 -0.029289863249788845 -0.038541241986806765 -0.023195687647290082 0.046290316361454281 -0.013711000820054404 0.0050124323986853493 0.013074806599350043 0.033259612021428346 0.0044011647061779364 0.0034612400919289362 0.02008449639784448 -0.0076799157492390101 0.0037919488588346682 0.010047955195710881 0.00079626477462196052 -0.027941391690424734 0.070995601509995884 0.050972799919664927 -0.012077375305411491 0.019611243247441984 -0.011875144043176038 0.049952133367716145 0.0084752150749242625 -0.0027518544364436709 0.014174040696986748 -0.0094725253283445537
leaf_weight=1940.1762878745794 2846.1865503787994 13566.347658861428 885.51666956394911 20195.628170382231 572.337501373142 90.2229367159307 680.96880296245217 348.26440865173936 3071.4916373491287 574.10886676982045 113.90545134246349 853.56287046521902 2045.3578016012907 3633.6475590616465 1580.8427541032434 2370.4895529150963 276.48453937470913 3528.6075663864613 41125.455015465617 428.64090805500746 182.28138482570648 278.25455503165722 506.33846908062696 1051.746406711638 957.16713701188564 210.64263907074928 661.8485908806324 2208.099735185504 781.96346119791269 2861.1264314427972
leaf_count=19199 11734 70816 4173 95714 5165 801 3473 1548 15648 2776 525 3829 8881 16285 6695 10460 1167 14522 186598 2078 822 1188 2254 4646 4226 987 2690 10764 3316 12998
internal_value=-0.000107178 0.000236092 -0.000767958 -0.00347461 -0.00156531 -0.000463828 -0.00169268 -0.00110134 -0.00184118 -0.000110514 0.0198877 0.0190088 0.00492794 0.00753665 0.00509692 0.00246679 0.0274825 0.00183673 0.00114705 -0.0108495 0.0487208 0.00609038 0.0156258 0.00931324 0.00244352 0.00600865 0.0224351 -0.00684678 -0.00123347 -0.00368902
internal_weight=110428 108488 89363.8 43824.2 30257.8 27048.8 25443.1 24762.2 24137.4 21065.9 870.296 1605.63 19123.8 13435.3 10589.1 9008.29 624.749 45539.6 42011 3209.08 296.187 6637.8 1836.34 1558.08 4801.46 3844.29 1515.41 2636.74 5688.45 4906.48
internal_count=525978 506779 423109 217816 147000 128993 121673 118200 115485 99837 4123 7320 83670 58475 46741 40046 2715 205293 190771 18007 1347 29586 8088 6900 21498 17272 6519 12842 25195 21879
is_linear=0
shrinkage=0.05


Tree=51
num_leaves=31
num_cat=0
split_feature=10 19 37 11 5 0 5 32 12 12 28 28 28 34 6 32 32 28 35 10 10 29 32 28 10 28 32 0 34 29
split_gain=273.714 184.291 159.544 162.958 140.728 121.299 106.599 104.256 102.816 106.99 102.779 102.668 94.0698 109.337 80.2047 76.1787 127.666 82.7557 70.7741 69.9347 69.3783 67.9016 64.7782 59.9894 59.1217 58.021 83.3504 56.5821 53.3855 59.9258
threshold=0.012162815059701479 -0.57601097095485099 -0.052674561045382644 1.2086865977094712 -0.18754546550151316 0.094799447218713265 0.076190476190476267 4.5000000000000009 0.049999999999999968 0.57857142857142907 -0.15692245542710212 0.028245771986179235 0.0012871963032565284 3.14630281962196 1.0000000180025095e-35 10.500000000000002 9.5000000000000018 0.025890472453628306 -0.013127797245725157 0.020999738584120797 0.016982311466158997 -0.1416251523003676 3.5000000000000004 0.24375457739137163 0.018535568532295391 0.049191067223054656 6.5000000000000009 -0.0018396443786638514 7.0979209889445984 -0.091240742246831888
decision_type=8 8 10 10 8 8 10 2 10 10 10 10 10 2 8 2 2 10 10 10 10 10 2 10 10 10 2 10 2 10
left_child=8 2 3 18 10 12 22 24 21 25 -3 -9 14 15 -6 16 17 -14 -2 -16 -17 -1 -5 -22 -4 -10 -27 -12 29 -11
right_child=1 4 7 6 5 -7 -8 11 9 28 27 -13 13 -15 19 20 -18 -19 -20 -21 23 -23 -24 -25 -26 26 -28 -29 -30 -31
leaf_value=0.13380140895875933 0.020221162847237253 0.038376238084447616 -0.016327858895105917 -0.030136265574181205 -0.024855101546302022 0.017641567347102049 0.013022651740573547 -0.0048874966119743235 -0.00090476510310289859 0.01175256193968164 0.0032173588783021793 0.002925415467718994 -0.0019093618651199356 0.00078027667757815937 -0.0041893255984079827 -0.0080652836528610477 -0.01665763479862933 0.0096080016673737341 0.0050677342609030604 0.0012277488019037464 0.023014235985864034 -0.037818159538367341 -0.0083787733950663589 -0.045796075105362849 -0.0064940974252674193 0.079262704438878784 0.006715550287655545 0.011321940270203348 -0.031086414439902278 -0.013359462739207812
leaf_weight=5.8481889925897113 876.58996850252151 270.10022820532322 2025.7101606763899 485.56814673542976 358.54915113002062 1110.8015983104706 435.20784192532301 11991.983801320195 1051.737589366734 258.44047906249762 4548.5555786266923 6475.2943150252104 2076.0653973631561 23778.111731361598 10230.749504834414 235.18784613162279 626.60212393477559 6270.2926023229957 6368.8383631855249 14266.134246759117 1318.1871370002627 397.98707541078329 1157.823409512639 32.454157620668411 6226.3034192025661 57.794775694608688 125.70636856928468 4090.0390787124634 382.90787395462394 2941.7440956011415
leaf_count=82 3784 1170 12253 2337 3289 4654 1859 59545 8106 1503 19152 28709 9783 105183 52927 1133 2817 26706 27788 63264 5519 7034 5073 131 31016 355 708 17238 3092 20380
internal_value=7.41627e-05 0.000628514 -0.00227069 0.00336061 0.00213833 0.00127175 -0.00898047 -0.0042358 -0.011099 -0.00906796 0.0080042 -0.00214801 0.000964555 0.00266043 -0.00137823 0.00689447 0.00510905 0.00674318 0.00690108 -0.00103461 0.0169967 -0.0353328 -0.0148074 0.0213608 -0.0089081 0.00362163 0.0295647 0.00705456 -0.0134426 -0.0113315
internal_weight=110477 105255 36043.3 9324.03 69211.8 60303.1 2078.6 26719.3 5222.17 4818.33 8908.69 18467.3 59192.3 34336.9 24855.4 10558.8 8972.96 8346.36 7245.43 24496.9 1585.83 403.835 1643.39 1350.64 8252.01 1235.24 183.501 8638.59 3583.09 3200.18
internal_count=526590 485330 172364 40841 312966 275406 9269 131523 41260 34144 37560 88254 270752 151272 119480 46089 39306 36489 31572 116191 6783 7116 7410 5650 43269 9169 1063 36390 24975 21883
is_linear=0
shrinkage=0.05


Tree=52
num_leaves=31
num_cat=0
split_feature=10 10 20 19 32 35 34 32 32 10 39 13 32 26 34 0 2 13 29 11 2 34 37 7 32 38 29 34 38 37
split_gain=259.737 187.554 186.018 117.957 123.779 101.928 94.7352 84.2513 82.5314 109.406 100.514 77.5212 101.486 84.7313 79.2252 76.4159 126.097 75.1582 73.1477 91.4537 71.2559 64.553 84.0444 64.4613 65.5094 63.965 62.3696 67.0193 68.2974 59.0348
threshold=0.0081625822972914118 0.026468045335877276 0.35265141042141568 0.40471005495245876 3.5000000000000004 -0.011741682974574228 2.8986667661772656 1.5000000000000002 2.5000000000000004 0.017080598713978115 1.0000000180025095e-35 0.04288506092848781 7.5000000000000009 0.71514252315439275 7.0099959319098479 0.0014280615886611561 -0.13532593860889844 0.018477797882486182 -0.042563811263955927 1.5046088395975334 -0.020573780129335636 5.1645001779740367 -0.039320650649348969 -0.028453874059906511 1.5000000000000002 0.063829787233973048 -0.057418581011362782 4.3637351621117633 -0.10206252255819946 -0.064099869814440977
decision_type=8 10 8 8 2 10 2 2 2 10 10 10 2 8 2 10 10 10 10 10 10 2 10 10 2 8 10 2 10 10
left_child=26 2 20 4 8 17 -5 -8 9 21 -11 13 -13 14 18 16 -7 -3 19 -6 -2 22 -4 -24 -25 -15 27 28 -1 -20
right_child=1 5 3 6 11 15 7 -9 -10 10 -12 12 -14 25 -16 -17 -18 -19 29 -21 -22 -23 23 24 -26 -27 -28 -29 -30 -31
leaf_value=-0.036432670899879456 -0.0023163845933509772 0.037695032426214747 0.0056860085377101847 0.0095489757378045062 0.0027354195608798068 0.022439805618965983 0.011126102546491479 -0.00080422758759161363 -0.013129812246927991 0.0088991779732756609 -0.0060915637703601849 0.013408592843367394 -0.0010828666004773864 -0.013833578077977783 -0.019736890121142915 0.0042826134092117411 -0.00068404762762414148 0.0080658025612088107 0.014299500754618805 0.041256589804552019 -0.020647148390984641 0.0062062312534750174 -0.026340706450745023 0.018664718743603263 -0.038831389279895712 0.0037401132520871122 -0.028941139724698792 -0.017939592269533355 0.076077438496653521 -0.0029804826272419888
leaf_weight=19.04564019292593 768.33045610785484 224.04723089933395 339.94921467453241 3673.5343718528748 7360.3660822398961 605.52187688648701 1671.5781442858279 12900.544750969857 3723.3071453273296 2020.196017511189 2504.412643045187 2039.720197275281 2963.4091456085443 2314.0386691913009 549.38557190448046 17915.743510469794 22357.707317538559 4787.302361741662 510.46035392582417 157.37291668355465 1710.1875736452639 366.37247651442885 1266.3095951713622 170.11502826958895 69.896713599562645 667.05398079752922 954.39460866898298 142.3361951559782 46.227404937148094 15580.301127787679
leaf_count=161 4064 977 1791 16701 35300 2547 7581 60526 21269 10068 12543 8881 13143 10800 3210 75013 96718 20101 2279 716 12512 2262 7887 843 434 2990 11357 1244 436 82144
internal_value=-2.39451e-05 0.000226235 -0.00153759 -0.000990663 -0.00243135 0.00266024 0.00237326 0.000564309 -0.00715562 -0.00385402 0.000601664 -0.000893845 0.00482514 -0.00194815 -0.000966736 0.00183518 -7.42902e-05 0.00939047 -0.000529942 0.0035418 -0.0149647 -0.0129654 -0.0167698 -0.0218377 0.00192058 -0.00990126 -0.0235384 0.00129824 0.0432488 -0.0024323
internal_weight=110379 109217 63326.8 60848.3 42602.7 45890.3 18245.7 14572.1 10460.6 6737.25 4524.61 32142.1 5003.13 27139 24157.9 40879 22963.2 5011.35 23608.5 7517.74 2478.52 2212.64 1846.27 1506.32 240.012 2981.09 1162 207.609 65.273 16090.8
internal_count=526498 513300 317944 301368 216560 195356 84808 68107 57097 35828 22611 159463 22024 137439 123649 174278 99265 21078 120439 36016 16576 13217 10955 9164 1277 13790 13198 1841 597 84423
is_linear=0
shrinkage=0.05


Tree=53
num_leaves=31
num_cat=0
split_feature=10 0 0 3 19 5 33 33 32 0 33 33 5 33 1 34 1 28 5 33 33 33 33 28 33 33 33 28 33 5
split_gain=231.272 176.469 205.005 159.634 135.592 116.812 102.34 146.675 123.204 91.6151 85.316 135.97 94.1989 82.9176 82.3067 78.2721 78.1557 73.1295 96.6794 160.778 90.8088 72.9231 71.5958 64.8842 111.165 65.0132 74.5156 64.5075 64.2558 64.6333
threshold=0.0093985981318847837 -0.043563657759028478 0.0035979313715019949 -0.064145751122329772 -0.64995800055121189 -0.23846153846153809 3259.5000000000005 3108.5000000000005 4.5000000000000009 0.094799447218713265 132.50000000000003 172.50000000000003 -0.030552726861280518 3139.5000000000005 -0.02343532057838937 4.0333548983282048 -0.14411807420754211 -0.048130202116330865 -0.081521739130435519 2845.5000000000005 2877.5000000000005 3058.5000000000005 3459.5000000000005 0.099810352415976036 1529.5000000000002 1571.5000000000002 1584.5000000000002 -0.077904477803058272 3742.0000000000005 -0.076888615127144164
decision_type=8 10 10 8 10 8 2 2 2 10 2 2 8 2 10 2 8 10 8 2 2 2 2 10 2 2 2 10 2 8
left_child=22 16 3 14 -5 21 7 8 10 23 12 -12 -6 15 -3 -9 -2 -10 19 -19 -21 -4 -1 28 -25 -26 -27 -11 29 -7
right_child=1 2 5 4 6 9 -8 13 17 27 11 -13 -14 -15 -16 -17 -18 18 -20 20 -22 -23 -24 24 25 26 -28 -29 -30 -31
leaf_value=-0.012335827223781399 0.033042891590688427 0.0064927425325147425 0.01031625239236377 -0.0069226166010159162 0.033223270960499242 0.0040722331965516384 -0.009534369126783012 0.057379175404648625 -0.0063881197561229675 -0.021126007352721125 -0.043266205083233443 -0.0060123664523490487 -0.010161479302726019 0.0092460256555850929 -0.0018590944547880132 0.00069421152085122318 0.008050256780374054 0.0052165952913632531 -0.00029545531139462913 0.060391907632209786 0.014220830303187271 0.038487309561128037 -0.035929398183063586 -0.0023195272570359121 0.035523857306175376 -0.039119628228055633 0.010974362777696662 0.019288569246137074 0.047949577498599898 -0.0010136865389155764
leaf_weight=1451.1393468677998 338.59985873103142 7344.5013624429703 2073.2958408594131 16623.090908318758 282.69680334627628 8728.380274027586 3504.6812689602375 197.3070583306253 2908.4414930343628 108.69812087714672 251.98551773279905 8746.9747447781265 224.45452293753624 976.42356564849615 4930.1089513897896 88.087478570640087 4106.4644575715065 4967.9159810617566 12188.861355915666 212.23213781416416 213.75223220139742 258.34461638331413 413.07277871668339 2306.8781230449677 265.91712161898613 75.958077326416969 3274.8324742466211 1077.2830936163664 71.311086051166058 21971.667830690742
leaf_count=13379 1458 31997 8525 85026 1225 39445 18915 876 14087 464 1260 44367 1097 4208 22309 456 17192 22639 57122 916 1025 1066 5758 9508 1091 316 13525 4498 325 101886
internal_value=-0.000102339 0.000198178 -0.000219304 -0.0019847 -0.00320839 0.00257553 -0.00143235 -0.000523973 -0.00122642 0.00190695 -0.00593104 -0.00705553 0.0140221 0.0161755 0.00313822 0.0398833 0.00995405 0.000956103 0.00217094 0.00774439 0.037224 0.0134376 -0.0175637 0.00146489 0.0062569 0.0117273 0.0098388 0.0155845 0.000542418 0.0004323
internal_weight=110183 108319 103874 63661.5 51386.9 40212.6 34763.8 31259.1 29997.3 37880.9 9506.11 8998.96 507.151 1261.82 12274.6 285.395 4445.06 20491.2 17582.8 5393.9 425.984 2331.64 1864.21 36694.9 5923.59 3616.71 3350.79 1185.98 30771.4 30700
internal_count=525961 506824 488174 307525 253219 180649 168193 149278 143738 171058 47949 45627 2322 5540 54306 1332 18650 95789 81702 24580 1941 9591 19137 166096 24440 14932 13841 4962 141656 141331
is_linear=0
shrinkage=0.05


Tree=54
num_leaves=31
num_cat=0
split_feature=10 10 32 32 32 33 33 33 28 32 32 33 33 34 33 33 33 33 28 12 33 33 32 33 33 33 33 33 33 33
split_gain=219.588 147.302 143.253 229.655 154.535 315.031 406.263 349.711 247.798 211.611 180.934 564.254 340.034 221.016 176.854 179.176 164.677 164.563 153.98 144.759 136.499 226.518 182.787 422.455 184.206 140.187 144.406 134.545 181.857 126.151
threshold=0.012338500268889241 0.032443104957051654 3.5000000000000004 2.5000000000000004 8.5000000000000018 2845.5000000000005 252.50000000000003 3274.5000000000005 -0.048130202116330865 7.5000000000000009 10.500000000000002 741.50000000000011 372.50000000000006 2.8535883538621087 653.50000000000011 547.50000000000011 2877.5000000000005 1030.5000000000002 -0.079273569742489239 0.4714285714285712 1358.5000000000002 1331.5000000000002 5.5000000000000009 2142.5000000000005 2415.5000000000005 2480.5000000000005 2494.5000000000005 1178.5000000000002 1558.5000000000002 849.50000000000011
decision_type=8 10 2 2 2 2 2 2 10 2 2 2 2 2 2 2 2 2 10 8 2 2 2 2 2 2 2 2 2 2
left_child=-1 2 3 18 5 6 -4 16 -9 -10 11 12 -6 27 15 -8 -7 -16 -2 -15 21 -19 24 -24 -22 -25 -27 -12 -29 -21
right_child=1 -3 4 -5 10 7 14 8 9 -11 13 -13 -14 19 17 -17 -18 20 -20 29 22 -23 23 25 -26 26 -28 28 -30 -31
leaf_value=-0.0098738688641333075 0.022562866569757062 0.0038084602874018641 0.020332130978629556 -0.012354651746054022 -0.0040210733923552282 0.051594708921200411 0.00033664660133846808 0.029740594544157076 -0.01417159047649464 0.020836879261129166 0.00031086066439407604 -0.012054591487218255 0.026835607757209459 -0.029842765741682077 0.010201262380082374 -0.019217179386307841 0.020220433466439924 -0.004042741043831284 -0.0018967245801266679 -0.0069476293667819662 -0.011193648126209897 -0.037184620572763817 0.013577095343582441 -0.023069057421164458 0.020420262334289355 0.032597914443474235 -0.0080183182336793189 0.048775290271355756 0.012587889170745593 0.0040984940429020711
leaf_weight=5417.8028064966202 677.5204536691308 24882.568303637207 2377.1195818334818 6108.5479957722127 1835.8591992482543 504.60455586761236 2209.5176659226418 612.19380639493465 1828.4564203694463 565.04249520599842 956.14590468257666 10361.960906296968 1738.0977827496827 421.02138451114297 3738.1403330266476 2493.8216999843717 2443.6545028649271 2607.8523253314197 12790.855201505125 4093.9531596750021 3788.2867366373539 642.61639535427094 5292.3443401753902 1250.9655012115836 524.57800479978323 273.31235941499472 1098.0005870983005 506.98936218768358 1101.4272972941399 7011.1411831825972
leaf_count=43050 3322 104649 10067 32721 8502 2126 9713 2731 8961 2582 4229 50850 7538 3268 16790 11645 10445 12164 62118 18761 18485 3066 24143 5861 2450 1263 5372 2171 5106 32058
internal_value=-5.84002e-05 0.000449333 -0.000597373 -0.00431339 0.000609523 0.00296959 0.000618164 0.013355 0.00135363 -0.00590701 -0.00210623 -0.00614588 0.0109852 0.00188904 -0.00134102 -0.0100313 0.0255902 0.000786011 -0.000666296 -0.00106476 -0.0014879 -0.0105949 0.000933032 0.00544579 -0.00734842 -0.010965 7.67839e-05 0.0151645 0.0239945 2.62808e-05
internal_weight=110154 104737 79854 19576.9 60277.1 32250.5 26296.6 5953.95 3005.69 2393.5 28026.6 13935.9 3573.96 14090.7 23919.4 4703.34 2948.26 19216.1 13468.4 11526.1 15478 3250.47 12227.5 7914.62 4312.86 2622.28 1371.31 2564.56 1608.42 11105.1
internal_count=526207 483157 378508 98161 280347 147864 121019 26845 14274 11543 132483 66890 16040 65593 110952 21358 12571 89594 65440 54087 72804 15230 57574 36639 20935 12496 6635 11506 7277 50819
is_linear=0
shrinkage=0.05


Tree=55
num_leaves=31
num_cat=0
split_feature=10 37 0 14 28 19 10 28 1 37 25 22 28 38 9 32 12 26 29 10 7 28 7 9 38 26 10 9 10 32
split_gain=213.439 187.037 222.234 150.042 141.597 129.475 118.386 158.746 134.02 97.3773 105.314 89.864 87.3755 86.2274 77.9265 80.2938 76.4458 75.0253 73.5653 72.3496 68.8729 68.8189 64.9442 61.1266 59.9529 59.0055 55.9092 53.9479 52.2057 50.5045
threshold=0.0081625822972914118 -0.04892612958395836 0.00072681021768261644 1.0000000180025095e-35 -0.073520651703172499 -0.55160116663487779 0.034064660533268613 -0.14522169750389916 -0.080634674273249649 -0.1293833131802429 0.26832713242386669 0.82412894179795981 0.0012871963032565284 -0.09348585391416285 0.035875385511848899 11.500000000000002 0.49285714285714338 0.71121064113206833 -0.060468084763006302 0.016199527970660942 -0.016499297587599934 0.01014018562075817 -0.14902449357320582 0.0072578932823752556 0.55936413263680063 0.51623962679919366 0.03116458848355198 1.8382837751942999e-09 0.011977647375605789 4.5000000000000009
decision_type=8 10 10 8 10 10 8 10 8 10 10 8 10 8 10 2 10 10 10 10 10 10 8 10 8 10 10 8 10 2
left_child=18 3 5 4 9 19 17 8 -8 -2 26 -9 20 -12 15 23 -14 -5 25 -3 22 27 -4 -6 28 -1 -11 -7 -18 -23
right_child=1 2 12 6 14 21 7 11 -10 10 13 -13 16 -15 -16 -17 24 -19 -20 -21 -22 29 -24 -25 -26 -27 -28 -29 -30 -31
leaf_value=-0.0036564113521306389 0.031874769708547461 -0.013201852643824494 0.0021401921264179733 0.0046614306802611975 0.078937113123531244 -0.024754503757112779 0.037155207956603618 0.0031680439357709474 -0.020534083375890883 0.0013253884484829639 0.031522651170225187 0.021931900327166451 0.011975451601422778 0.0099365213142462369 0.016401866647261416 0.020228126365458007 -0.010376458115144887 -0.015781517375692333 -0.027551435479025822 -0.0049320883852099883 0.010952505226331299 -0.0034996220868344294 -0.0046128569340180134 0.00013764987136959491 0.020676517982610762 0.082934135219714045 0.017505738402303836 -0.0031567865254900421 0.0030104486637221712 0.0028032791706736303
leaf_weight=174.31880693510175 647.08870296180248 3198.2316500507295 6100.3933921828866 597.1921756118536 24.692879252135754 295.24066552147269 113.78024849295616 1944.8333852514625 874.03264256566763 2197.1955585256219 907.56305849552155 949.67112596333027 2624.6881735995412 943.67049752920866 1026.4449463039637 548.30666837841272 756.55071707814932 1806.2892692610621 930.94484021887183 15283.459431134164 1141.0482379794121 4312.9892069883645 8550.2828960232437 7393.8926069140434 464.58893537521362 22.176884077489376 705.2492350935936 13978.411883965135 19488.277612805367 12080.204280994833
leaf_count=1585 2771 20662 27185 2649 172 2920 524 8090 4332 9544 3891 4057 11790 4532 4261 2346 4499 7770 11519 74801 5132 20321 43743 33196 1935 179 2899 70607 84843 53835
internal_value=-4.02916e-05 0.00018367 -0.000819024 0.00446378 0.0072782 -0.00305741 -0.00198109 0.00341793 -0.0138892 0.0136776 0.0112005 0.00932436 0.00199275 0.0205191 0.00343519 0.00176457 0.00393656 -0.0107021 -0.0216837 -0.00636316 -0.00087944 -0.00106516 -0.00180096 0.000399935 0.00291772 0.00611637 0.00525696 -0.00360352 0.00251018 0.00114501
internal_weight=110082 108954 88274.4 20679.9 14394.1 49148.5 6285.8 3882.32 987.813 5400.77 4753.68 2894.5 39125.8 1851.23 8993.34 7966.89 23334.1 2403.48 1127.44 18481.7 15791.7 30666.8 14650.7 7418.59 20709.4 196.496 2902.44 14273.7 20244.8 16393.2
internal_count=526590 513307 422273 91034 63612 243146 27422 17003 4856 23637 20866 12147 179127 8423 39975 35714 103067 10419 13283 95463 76060 147683 70928 33368 91277 1764 12443 73527 89342 74156
is_linear=0
shrinkage=0.05


Tree=56
num_leaves=31
num_cat=0
split_feature=13 3 0 25 28 33 33 34 14 28 33 28 1 13 34 4 19 3 37 28 5 33 33 33 33 33 33 10 10 34
split_gain=199.793 167.253 172.598 152.771 131.562 101.334 192.476 97.5569 95.4724 145.171 92.6952 97.2853 90.1466 89.4333 89.1994 100.944 87.1105 82.5967 76.469 76.3976 91.7381 80.4409 94.6881 74.6358 87.8089 73.0851 72.6305 71.5105 69.0274 68.5232
threshold=1.1796119636642291e-17 -0.064145751122329772 0.0011095701269865368 0.31886301431327685 -0.032218109938040224 3259.5000000000005 3108.5000000000005 1.3216669431912595 1.0000000180025095e-35 -0.15692245542710212 3335.5000000000005 -0.073520651703172499 -0.074074074074074223 0.015920615131394419 4.3637351621117633 -1.0000000180025095e-35 0.1453316176460063 -0.052252252252252322 -0.10642279610999415 0.0018667241692653057 -0.040268456375839028 2653.5000000000005 2892.5000000000005 3139.5000000000005 3187.5000000000005 3426.5000000000005 2451.5000000000005 0.016199527970660942 0.032800033220743791 5.1396146324289882
decision_type=10 8 10 10 10 2 2 2 10 8 2 10 10 10 2 8 10 10 8 10 10 2 2 2 2 2 2 10 10 2
left_child=3 8 5 4 -1 6 12 -5 9 -2 18 -12 -3 -7 15 17 27 -6 -11 -4 21 26 -23 -8 29 -13 -21 -14 -20 -25
right_child=1 2 19 7 14 13 23 -9 -10 10 11 25 16 -15 -16 -17 -18 -19 28 20 -22 22 -24 24 -26 -27 -28 -29 -30 -31
leaf_value=-0.022499029120336366 0.034606733991197965 0.01055990998498223 -0.00073167103684103698 0.12356822372538122 0.083464105036309577 -0.02749384087550584 0.035518775921760649 -0.029471521808770298 -0.0012962829009970163 0.013577793291872121 0.044975423332742764 0.039277161707981262 -0.0091413021930745238 -0.0068335811185981105 -0.018785048562926281 0.058198346952262198 0.00081101919994574644 -0.005640143740116 0.00070809859126492916 0.007336709711966153 0.0017395906223602394 0.03769295612190493 0.010230726443650496 0.001790093928277271 0.020535429721648929 0.0038915195909622691 -0.017723282971059354 -0.0030519807260496333 0.010795394296242811 -0.047350245641474636
leaf_weight=385.72023002430797 450.88318778574467 1292.5629155784845 16231.458811581135 10.512948758900164 30.072508327662945 593.31267035007477 342.4282691180706 1098.9481832012534 5100.129067696631 1948.1555259674788 278.93663599342108 183.60783902555704 6024.2871670536697 4470.9883543848991 136.09082368761301 162.96755643934011 11722.971721448004 192.42408023402095 8247.7485456317663 4826.5687897503376 16210.374304011464 468.09765193611383 952.72239933162928 515.36319849640131 774.54153300076723 710.89146287739277 307.55646877735853 24146.243556499481 2134.9461317658424 82.265925608575344
leaf_count=2690 1954 5431 78476 61 246 5167 1566 13264 21622 8066 1202 795 36417 22245 1119 820 53919 1598 37621 21417 71823 1978 4317 2185 3287 3277 1383 113483 8842 409
internal_value=1.58022e-05 0.000306924 -0.000603654 -0.0155768 -0.000358971 -0.00254932 -0.0017931 -0.0280214 0.00455806 0.00669762 0.00576578 0.0191943 -0.00244539 -0.00925405 0.0160149 0.0283013 -0.00284665 0.00640313 0.00448789 0.00188925 0.00375794 0.00874931 0.0192783 0.0146363 0.00942505 0.0111549 0.00583551 -0.00426786 0.0027823 -0.00497426
internal_weight=110034 108017 88961.7 2016.74 907.275 49965 44900.7 1109.46 19055.3 13955.2 13504.3 1173.44 43186.1 5064.3 521.555 385.464 41893.5 222.497 12330.9 38996.8 22765.3 6554.95 1420.82 1714.6 1372.17 894.499 5134.13 30170.5 10382.7 597.629
internal_count=526680 506882 423503 19798 6473 244109 216697 13325 83379 61757 59803 5274 209250 27412 3783 2664 203819 1844 54529 179394 100918 29095 6295 7447 5881 4072 22800 149900 46463 2594
is_linear=0
shrinkage=0.05


Tree=57
num_leaves=31
num_cat=0
split_feature=12 10 32 32 12 2 28 34 32 11 28 32 28 37 28 28 32 11 38 32 32 12 28 34 11 11 13 8 10 28
split_gain=193.537 143.206 120.116 192.266 173.078 148.799 142.278 135.171 183.265 163.336 127.586 132.747 136.666 122.745 138.946 102.242 101.376 94.3146 93.7738 102.573 190.237 121.01 114.62 111.006 104.69 87.0611 86.2298 80.2657 85.6693 79.2093
threshold=1.0000000180025095e-35 0.034064660533268613 3.5000000000000004 1.5000000000000002 3.000000000000004 1.0000000180025095e-35 0.023538805258511201 3.14630281962196 8.5000000000000018 0.39819572620952043 0.086696969571158244 7.5000000000000009 0.040550871990562579 -0.04892612958395836 -0.10803532751510821 -0.072202408783986816 10.500000000000002 1.6770233925192992 -0.19466219816132838 10.500000000000002 9.5000000000000018 0.75714285714285789 -0.017600272463236217 2.8763815484389119 0.2553412301501532 0.46747588733436879 0.024869655759005401 0.013516776071097693 0.02126120402695415 -0.15692245542710212
decision_type=8 10 2 2 8 8 10 2 2 10 10 2 10 10 10 10 2 10 8 2 2 8 10 2 8 8 10 10 8 8
left_child=-1 2 3 5 26 15 -6 17 9 -9 11 13 -13 14 -11 -2 29 18 -4 20 21 24 -21 -24 -20 -17 -5 -28 -29 -10
right_child=1 -3 7 4 6 -7 -8 8 16 10 -12 12 -14 -15 -16 25 -18 -19 19 22 -22 -23 23 -25 -26 -27 27 28 -30 -31
leaf_value=-0.021740562203780268 0.025478956460423741 0.0039747228898218074 0.023345580756050144 -0.018432543547908194 0.0091946069751103962 0.0083771752627830268 -0.013889485305490787 0.023305517413036551 0.04185817080829371 0.032619859533479428 0.0093261787197876211 0.014509126696451767 -0.0076580678668455764 -0.0046496275286703539 0.0020091260570247742 0.022646144261121329 -0.0010984479074517316 0.066006850051798002 0.053048309807250976 -9.9290449407129654e-05 -0.012336284703145538 0.012008980594142829 0.023274591899304975 0.0026572358667674607 0.00031262479959708723 -0.0091228078575376678 0.00226488742218339 -0.019620759344843516 -0.006595959504056813 -0.0083624372080560224
leaf_weight=1014.5291416943073 257.0594849511981 20405.705175690353 575.8312080129981 2734.7207315266132 2284.5023878365755 4393.9136167317629 943.04289731383324 854.87404683232307 79.10100781172514 446.77316664159298 3858.8300958797336 2460.5063554830849 969.19085863977671 12803.200956065208 2177.6126940771937 230.0335172303021 10667.920422319323 60.395293992012739 94.92428445070982 1901.8979302123189 2291.4950113855302 3052.5322807207704 1796.4167899042368 1025.578423794359 10976.036391161382 3450.0005977116525 1504.8532607033849 1839.0257690250874 4026.9340369701385 10596.184458490461
leaf_count=11975 1200 85451 2414 17049 12184 19969 4671 3884 345 1923 16339 12074 4402 64306 9552 1384 51204 277 456 8772 11283 13052 8073 4739 51327 17725 7239 10338 19288 52908
internal_value=-3.363e-06 0.000199406 -0.000672524 -0.00390709 -0.00763045 0.00205184 0.00244976 0.000378228 -0.00118914 0.00185006 0.00104263 -0.000652462 0.00824495 -0.00263044 0.00722027 -0.00500743 -0.00454557 0.00361114 0.0034376 0.0028953 0.00102688 0.00319501 0.00938786 0.0157818 0.000764789 -0.00713698 -0.0108499 -0.0080366 -0.0106793 -0.00799032
internal_weight=109774 108759 88353.4 21664.1 13333.1 8331.01 3227.55 66689.3 44914.2 23571 22716.1 18857.3 3429.7 15427.6 2624.39 3937.09 21343.2 21775.1 21714.7 21138.9 16415 14123.5 4723.89 2822 11071 3680.03 10105.5 7370.81 5865.96 10675.3
internal_count=525803 513828 428377 111047 70769 40278 16855 317330 216937 112480 108596 92257 16476 75781 11475 20309 104457 100393 100116 97702 76118 64835 21584 12812 51783 19109 53914 36865 29626 53253
is_linear=0
shrinkage=0.05


Tree=58
num_leaves=31
num_cat=0
split_feature=12 10 5 38 26 33 33 33 33 33 33 32 33 33 33 33 28 33 33 33 38 33 33 10 33 1 32 33 33 33
split_gain=167.341 149.75 159.794 295.104 278.754 172.462 325.391 200.742 171.624 189.829 133.325 200.158 173.849 170.899 363.595 169.555 160.279 168.351 129.543 193.142 119.724 137.107 110.45 100.788 145.993 98.7515 95.7978 112.092 233.982 131.594
threshold=1.0000000180025095e-35 0.034064660533268613 -0.06770833333333369 0.015161457791867507 0.73826814177852362 2653.5000000000005 2696.5000000000005 2451.5000000000005 2810.5000000000005 2877.5000000000005 119.50000000000001 3.5000000000000004 239.50000000000003 1991.5000000000002 2085.5000000000005 199.50000000000003 -0.15692245542710212 2114.5000000000005 2480.5000000000005 2515.5000000000005 -0.065763333910527619 3426.5000000000005 106.50000000000001 0.011358563914264676 3742.0000000000005 -0.09487780551796858 6.5000000000000009 741.50000000000011 696.50000000000011 1123.5000000000002
decision_type=8 10 8 8 10 2 2 2 2 2 2 2 2 2 2 2 10 2 2 2 10 2 2 10 2 10 2 2 2 2
left_child=-1 2 4 23 5 7 -7 10 25 -10 22 13 15 -12 -15 -13 -14 -18 -9 -20 -11 -22 -2 -4 26 -8 -25 28 -28 -29
right_child=1 -3 3 -5 -6 6 8 18 9 20 11 12 16 14 -16 -17 17 -19 19 -21 21 -23 -24 24 -26 -27 27 29 -30 -31
leaf_value=-0.02049695337377196 -0.0006052025650845191 0.0040004637296762171 -0.01602075515023834 0.00092185658214922724 -0.0075649296745789549 0.055754164384116178 0.043591649617804852 -0.046112775618429074 0.042346305817311046 0.01883410616592085 -0.010510258364043694 0.0018119905152877804 0.056849955324603435 0.084469128085538608 -0.013500336314378469 0.042685286323698002 0.0014363211164523796 0.01669721055703215 0.032296765912583007 -0.015540077278290763 0.010895096473679006 -0.013303638401896909 0.055378462606778291 -0.009064257523997905 0.088173391829042908 -0.028022467423473675 0.0012185854046573548 -0.016318201117677615 0.048818034011816488 -0.0019007319937158901
leaf_weight=991.11006327345967 144.92434130609035 20423.684929430485 2463.408467926085 30294.754331361502 6199.2801015749574 397.01984614133835 54.346291050314903 261.05194759368896 455.33347053825855 1623.3969286754727 3514.131789393723 439.27084769308567 143.37956811487675 153.28380586951971 247.82084945589304 600.70596615970135 12080.50253578648 2125.053017988801 249.54510593414307 1366.2387440316379 1479.8363644182682 968.39267595112324 224.70144560560584 10383.850447002798 41.634831272065639 421.37790871411562 1887.462207198143 1977.3724553212523 299.08842705190182 7929.5404579415917
leaf_count=11913 641 85475 19061 138260 27003 1772 244 1289 2047 7506 17929 1881 625 798 1170 2519 56169 9886 1132 6464 7092 5547 940 56434 240 2121 8637 9824 1324 40580
internal_value=-4.46599e-05 0.000141563 -0.000749717 -0.0023957 0.00199496 0.00419399 0.0121846 0.00219187 0.00872686 0.011729 0.00368236 0.0031128 0.00568086 -0.00698102 0.0239391 0.025421 0.00425015 0.00371924 -0.0134321 -0.00815205 0.00830505 0.00132333 0.0334282 -0.00641871 -0.00536832 -0.0198413 -0.00554159 -0.00251691 0.0077295 -0.00477839
internal_weight=109842 108850 88426.7 55277.1 33149.6 26950.3 5399.7 21550.6 5002.68 4526.96 19673.8 19304.1 15388.9 3915.24 401.105 1039.98 14348.9 14205.6 1876.84 1615.78 4071.63 2448.23 369.626 24982.4 22518.9 475.724 22477.3 12093.5 2186.55 9906.91
internal_count=526523 514610 429135 274360 154775 127772 26329 101443 24557 22192 92558 90977 71080 19897 1968 4400 66680 66055 8885 7596 20145 12639 1581 136100 117039 2365 116799 60365 9961 50404
is_linear=0
shrinkage=0.05


Tree=59
num_leaves=31
num_cat=0
split_feature=10 19 0 10 32 32 13 20 34 33 33 32 28 33 32 33 33 33 33 33 32 33 33 3 33 33 33 33 34 33
split_gain=166.938 132.218 159.978 113.301 126.525 166.429 145.939 106.75 104.17 99.0102 97.921 216.789 128.568 147.487 124.52 269.56 409.255 187.61 196.547 259.179 193.116 172.605 163.264 138.272 137.904 203.989 119.416 202.697 111.311 100.072
threshold=0.0076050832875889773 0.40471005495245876 -0.039150324528825768 0.016199527970660942 10.500000000000002 9.5000000000000018 0.010239152796437176 0.44636544083519863 3.0927440999241704 3675.5000000000005 3108.5000000000005 8.5000000000000018 -0.060272504161071723 3426.5000000000005 6.5000000000000009 2696.5000000000005 2653.5000000000005 483.50000000000006 199.50000000000003 132.50000000000003 3.5000000000000004 239.50000000000003 2810.5000000000005 0.021604938271604705 303.50000000000006 321.50000000000006 849.50000000000011 862.50000000000011 5.5597196114526017 457.50000000000006
decision_type=8 10 10 10 2 2 10 8 2 2 2 2 10 2 2 2 2 2 2 2 2 2 2 10 2 2 2 2 2 2
left_child=-1 2 -2 7 5 10 -6 -4 -3 -7 14 12 -12 -14 15 16 17 18 19 -5 -21 -20 -17 -18 -16 -26 28 -28 -19 -23
right_child=1 8 3 4 6 9 -8 -9 -10 -11 11 -13 13 -15 24 22 23 26 21 20 -22 29 -24 -25 25 -27 27 -29 -30 -31
leaf_value=-0.022183486931505177 0.0088695627415721345 0.0076260054918972919 -0.019699908840136251 0.018704852288336443 -0.028563133731725778 -0.010520225785937407 0.0052840077853398637 -0.0041837807673563978 0.0011094867905635649 0.05261784280183579 0.030180976721898428 -0.016545331213918473 0.014405364106829422 -0.0033309781179747624 -0.014904940656404584 -0.035781357539059588 0.050461754809049131 -0.015982631068154434 0.036561296674119177 -0.036426155239702655 0.0072932724179513913 0.00054665565452529513 -0.0096157364792316194 0.0036143087702012766 0.047262075081412863 0.0029599860945290699 0.047329199493682701 -0.0038540816409077354 0.014704470429898434 0.02766421489980192
leaf_weight=841.20222884044051 3992.8953682854772 8714.4829198420048 1223.3329421877861 649.42188699543476 328.06167149171233 5423.2726885937154 10891.25289401412 11810.412865012884 20700.049478273839 62.811365395784378 638.7987963706255 971.2013096138835 2558.6218006461859 2162.9498855769634 1056.7364264428616 912.74295686930418 486.88435909152031 3335.1557197272778 697.33626939356327 719.23724646121264 389.30558420717716 1365.5696888193488 1718.8692818433046 232.82790935784578 265.5909723341465 11990.522935435176 196.03180004656315 14593.920212909579 324.23317490518093 453.096544906497
leaf_count=11131 16886 38091 9733 2822 2634 25694 47386 68757 92548 411 2850 4740 11234 10569 4501 4772 2179 16199 2928 3635 1672 6030 8582 1029 1104 53578 920 70311 1528 1966
internal_value=4.88162e-06 0.000176331 -0.000883899 -0.00140001 -0.000514707 -0.00156838 0.00429429 -0.00564011 0.0030401 -0.00979734 -0.000580944 0.00519047 0.00912861 0.00628035 -0.00150871 -0.00351751 -0.0018142 -0.00298992 0.00644932 -0.00637805 -0.0210725 0.015412 -0.018691 0.0353065 0.00242574 0.00392002 -0.00517661 -0.00317568 -0.0132637 0.00730264
internal_weight=109707 108866 79451.1 75458.2 62424.5 51205.1 11219.3 13033.7 29414.5 5486.08 45719.1 6331.57 5360.37 4721.57 39387.5 26074.6 23443 22723.3 4273.97 1757.96 1108.54 2516 2631.61 719.712 13312.9 12256.1 18449.3 14790 3659.39 1818.67
internal_count=526420 515289 384650 367764 289274 239254 50020 78490 130639 26105 213149 29393 24653 21803 183756 124573 111219 108011 19053 8129 5307 10924 13354 3208 59183 54682 88958 71231 17727 7996
is_linear=0
shrinkage=0.05


Tree=60
num_leaves=31
num_cat=0
split_feature=10 7 7 28 35 6 5 19 13 32 32 1 38 13 32 37 20 29 5 26 10 12 8 32 32 28 32 10 12 28
split_gain=158.834 131.38 166.319 112.755 109.039 96.6243 88.03 92.7288 79.538 74.8428 112.528 81.3962 75.6795 74.0413 72.7226 68.9834 67.4122 67.0443 66.9914 68.8501 107.414 66.2156 64.0352 88.0094 209.305 99.4925 108.676 89.8238 77.9792 60.882
threshold=0.0076050832875889773 -0.018781936554872532 -0.14254141757511815 -0.0042467621340307954 -0.012626262626281302 1.0000000180025095e-35 0.15880893300248203 -0.57601097095485099 0.011449349460513502 4.5000000000000009 1.5000000000000002 0.0026069955608014621 -0.091882886960732754 0.030915321178992559 10.500000000000002 0.072827254777210984 1.1620997774227522 -0.057418581011362782 -0.084615384615384356 0.59879329486922817 0.030004809682940052 8.3464285714285662 0.0031125736565287281 11.500000000000002 9.5000000000000018 0.019727112872611512 10.500000000000002 0.041897893689432801 0.97857142857142776 0.026603886781651185
decision_type=8 10 8 10 10 8 10 10 10 2 2 8 10 10 2 8 10 10 10 10 10 10 10 2 2 10 2 10 10 10
left_child=17 2 4 5 -2 -4 7 8 -6 10 11 -5 -11 -13 -10 -12 -3 -1 19 -9 -21 22 -14 24 29 26 -26 -27 -28 -24
right_child=1 16 3 9 6 -7 -8 18 14 12 15 13 21 -15 -16 -17 -18 -19 -20 20 -22 -23 23 -25 25 27 28 -29 -30 -31
leaf_value=0.0076968921599183575 0.0090326378029311257 0.011982765644134237 -0.035791647853608041 -0.0045112954786585653 -0.019180959392638103 -0.0046504223532297202 0.0088463117070557099 0.0070216365030595198 -0.0038827848527904947 0.02181674454854652 -0.011262611806310092 0.022002747170076276 -0.01554081318980333 0.0015485708695907145 0.004786843452835244 0.0065880943234802557 0.0030656093972769582 -0.028629504349171799 -0.0022458505658152538 -0.0055430271307503869 0.0066976704712929033 -0.0071827261304670976 -0.0019591415752023447 0.010632283203042849 -0.015689155267509726 -0.019960956196150317 0.03335274474453951 0.017851558686498608 -0.0024147862437390892 0.0051649003432411933
leaf_weight=156.81599929556251 4911.3348507359624 3008.4742307551205 252.17150478437543 2152.8817563280463 698.03391894698143 20378.515053883195 3380.8161617666483 8964.1651973724365 10445.054767005146 433.01141837239265 4501.4513306431472 742.60675718635321 531.89047373086214 1094.5618310272694 3147.810672223568 615.18460941314697 7172.3924598246813 668.38279561698437 5602.4016328379512 3661.2596038728952 3510.7543245702982 2384.4468210078776 4088.9282703176141 2604.6320281811059 505.92784905806184 1979.5500275418162 308.03904896974564 170.59303021430969 301.5678878724575 11250.881517726928
leaf_count=1521 21380 13727 3787 10619 4697 108397 14276 40468 48269 1850 24258 3544 3559 4665 13540 2630 30760 9579 25721 15929 14547 10981 20548 11802 2766 9238 1516 689 1447 49644
internal_value=0.000127264 0.000293014 -0.000265243 -0.00212041 0.00200745 -0.00503107 0.00113197 0.000408099 -0.00272039 -0.000336753 -0.00420824 0.00208572 0.0010988 0.00981641 -0.00187509 -0.00911638 0.00570065 -0.0217262 0.00246476 0.00410026 0.000448886 0.000726962 0.00159442 0.00202412 0.000819042 -0.0106747 0.00144159 -0.0169609 0.0156588 0.00326594
internal_weight=109625 108799 98618.5 54296.8 44321.6 20630.7 39410.3 36029.5 14290.9 33666.2 9106.69 3990.05 24559.5 1837.17 13592.9 5116.64 10180.9 825.199 21738.6 16136.2 7172.01 24126.5 21742 21210.1 18605.5 3265.68 1115.53 2150.14 609.607 15339.8
internal_count=526354 515254 470767 271940 198827 112184 177447 163171 66506 159756 45716 18828 114040 8209 61809 26888 44487 11100 96665 70944 30476 112190 101209 97650 85848 15656 5729 9927 2963 70192
is_linear=0
shrinkage=0.05


Tree=61
num_leaves=31
num_cat=0
split_feature=10 20 7 34 28 34 33 33 33 33 33 32 32 33 33 33 34 10 10 33 33 33 32 33 33 33 32 34 8 32
split_gain=156.699 106.287 106.911 159.531 112.231 125.583 212.818 272.203 269.736 201.858 123.407 123.181 283.296 99.6721 151.819 286.815 135.263 134.299 99.5178 95.0368 204.524 127.201 176.968 191.752 111.265 182.5 114.766 117.76 95.9839 94.7917
threshold=0.0081625822972914118 0.036262166918195358 -0.33399801192842937 4.0664589915953142 0.010924887739291537 3.14630281962196 1430.5000000000002 1571.5000000000002 741.50000000000011 682.50000000000011 1529.5000000000002 4.5000000000000009 7.5000000000000009 279.50000000000006 199.50000000000003 132.50000000000003 4.9476954313142896 0.028590967907021609 0.027748586720723067 2653.5000000000005 2451.5000000000005 3259.5000000000005 3.5000000000000004 2696.5000000000005 3187.5000000000005 3173.5000000000005 7.5000000000000009 4.2745803703905905 0.32723344681959404 2.5000000000000004
decision_type=8 8 8 2 10 2 2 2 2 2 2 2 2 2 2 2 2 8 10 2 2 2 2 2 2 2 2 2 10 2
left_child=-1 -2 3 -3 -4 6 8 10 9 -6 -8 29 -13 14 15 17 -16 -7 -12 20 -15 22 23 -21 25 26 27 -24 -26 -9
right_child=1 2 4 -5 5 13 7 11 -10 -11 18 12 -14 19 16 -17 -18 -19 -20 21 -22 -23 24 -25 28 -27 -28 -29 -30 -31
leaf_value=-0.019301072476731594 -0.027691666336499356 0.013980662834191044 -0.0016195935336824855 -0.0062277389280706629 0.0049589191255701272 0.03823986563582641 0.020318952858695963 0.0034583271265927439 -0.011008565318591835 0.046145754353532908 0.069677767870584925 0.024944429955586551 0.0013589114085610532 -0.0016349916121101414 0.012386152148210157 -0.031446562904957225 0.049753031542619904 0.001200235848079792 0.020869474002650351 0.022599947230404073 -0.023649189721899389 -0.0041366128519410095 0.033531042910510366 -0.024166992489023972 0.038589811651124004 -0.032665406513493291 0.0036167524497193095 0.0014996675396069441 0.0087153455830077577 -0.020028885971754156
leaf_weight=1047.0032186582685 342.07246617600322 3148.5345389470458 56142.769925054163 1415.7410758286715 2015.8222451284528 346.48100110143423 869.88943201676011 1398.3879989534616 3357.3251293897629 348.99104219675064 295.23760755360126 2115.957131460309 3196.5768082849681 19285.23332522437 1244.4696715325117 557.29951964318752 300.70345718413591 833.2930620983243 161.60132519900799 308.88623985648155 1116.1267372667789 3599.1911476254463 845.11835322529078 754.70679367333651 633.58562206476927 259.22621768712997 2075.3382518142462 434.44154453650117 467.07394383847713 620.06766685843468
leaf_count=13292 3467 13080 277183 5880 8654 1549 3851 6157 15169 1443 1234 9070 13995 88297 5118 2523 1260 3600 662 1352 5170 17293 3562 3721 2696 1105 8994 1956 1906 3179
internal_value=-5.04903e-05 0.000135291 0.000223307 0.00771245 -0.000106691 0.00168371 0.00558439 0.0105295 -0.00189764 0.0110371 0.0313699 0.00675789 0.0107529 -1.28766e-05 0.00825638 -0.00188571 0.0196581 0.0120782 0.0524124 -0.000924318 -0.00283935 0.00324194 0.00783783 -0.010585 0.0119938 0.00775498 0.0108782 0.0226556 0.0259123 -0.00375692
internal_weight=109537 108490 108148 4564.28 103584 47441 14379.9 8657.72 5722.14 2364.81 1326.73 7330.99 5312.53 33061.2 3282.25 1737.07 1545.17 1179.77 456.839 29778.9 20401.4 9377.57 5778.38 1063.59 4714.78 3614.12 3354.9 1279.56 1100.66 2018.46
internal_count=526418 513126 509659 18960 490699 213516 63414 38148 25266 10097 5747 32401 23065 150102 14050 7672 6378 5149 1896 136052 93467 42585 25292 5073 20219 15617 14512 5518 4602 9336
is_linear=0
shrinkage=0.05


Tree=62
num_leaves=31
num_cat=0
split_feature=37 2 25 8 37 32 32 11 0 38 11 32 28 11 34 28 34 32 7 12 5 20 8 38 1 11 11 25 4 11
split_gain=129.834 185.113 118.182 117.148 133.973 114.666 134.281 111.526 105.479 102.384 109.93 101.587 104.954 89.3773 89.0814 77.3587 76.7564 77.1932 75.0134 70.4818 67.1751 66.4197 61.8248 61.8326 61.2449 57.7504 58.3892 87.1426 75.7342 70.4241
threshold=-0.04892612958395836 3.3306690738754701e-16 0.24469692100019286 1.0000000180025095e-35 -0.023028611305091037 10.500000000000002 9.5000000000000018 1.192717566450634 0.094799447218713265 -0.095198029199996578 1.442517760943028 4.5000000000000009 -0.070829949074769999 0.46747588733436879 2.7942232213214351 -0.018829137773327842 3.7988536803227713 8.5000000000000018 -0.32784171099772008 0.80714285714285761 -0.32977631076303093 2.4428095547766362 0.080278367294696854 -0.14484864318315635 -0.074074074074074223 1.6770233925192992 0.39819572620952043 0.33840883798571836 -1.6653345369377346e-16 0.89855110534810423
decision_type=8 10 10 8 10 2 2 10 10 8 8 2 10 8 2 10 2 2 8 10 10 10 10 10 8 10 10 8 10 10
left_child=2 3 7 4 -2 6 11 18 13 10 22 -5 -13 -3 15 -7 25 -18 -1 21 -21 -9 23 -4 -8 26 27 28 -14 -28
right_child=1 8 9 5 -6 14 24 19 -10 -11 -12 12 16 -15 -16 -17 17 -19 -20 20 -22 -23 -24 -25 -26 -27 29 -29 -30 -31
leaf_value=0.012262580586567668 -0.0039585700114789452 0.015466586594819596 0.038259284522323522 -0.0060925975929597732 -0.024080413999811017 -0.00088730516580742 0.018525574191157676 0.001647310009153576 0.017186990963628003 0.0045084777406153515 -0.019946839594975996 -0.015315195298355131 0.0090034445854409433 0.00066549974630578015 0.00084513713682530178 0.025459659548388882 -0.00015488579985110669 -0.012431687761004579 0.0011817992367254605 0.01073556322384355 -0.016262302908284881 0.06702733220261424 -0.0036052111731349253 0.018057120714002981 -0.014179350683391774 0.078291418021380163 -0.0026256237179863068 0.0016901570859704407 0.062130964877769292 0.0061986645283013684
leaf_weight=1880.7260345444083 2064.1642522998154 1044.0562610924244 514.12854593992233 11955.381252545863 1380.4382239691913 439.02661208435893 149.42008763551712 680.14546891674399 1030.2497800141573 4512.7963391281664 182.50223926454782 1069.4551361016929 117.33179510012269 44179.155725549906 5672.6633862033486 762.45397894456983 5069.8362014405429 1713.0439405143261 8128.7777525261045 264.45371177047491 1789.4567322954535 41.199119575321674 238.20898166298866 1438.4932232350111 3409.8929039426148 25.845298774540424 3925.9907302223146 348.52562211081386 156.62373718246818 5331.3935951143503
leaf_count=7845 11366 4973 2146 63260 15866 1970 655 3047 4338 20870 799 5675 583 202138 26781 3337 25113 8680 35669 1127 7801 202 1061 6188 18961 111 18917 1828 690 24374
internal_value=-3.01402e-05 -0.000835686 0.00364911 -0.00317352 -0.0120225 -0.00241427 -0.00362886 0.000804817 0.0013676 0.00892983 0.0173368 -0.0025295 -0.000130687 0.00100721 0.00346464 0.0158324 0.000842382 -0.00325544 0.00326381 -0.00806403 -0.0127862 0.00538145 0.0204427 0.0233764 -0.0128064 0.00364834 0.00345308 0.0182763 0.0393771 0.00245635
internal_weight=109516 89844.9 19670.9 43591.5 3444.6 40146.9 33272.7 12784.8 46253.5 6886.13 2373.33 29713.4 17758 45223.2 6874.14 1201.48 16688.6 6782.88 10009.5 2775.26 2053.91 721.345 2190.83 1952.62 3559.31 9905.71 9879.87 622.481 273.956 9257.38
internal_count=526371 439616 86755 228167 27232 200935 168847 55691 211449 31064 10194 149231 85971 207111 32088 5307 80296 33793 43514 12177 8928 3249 9395 8334 19616 46503 46392 3101 1273 43291
is_linear=0
shrinkage=0.05


Tree=63
num_leaves=31
num_cat=0
split_feature=20 37 1 10 32 28 11 28 13 32 25 0 7 34 9 13 28 11 34 32 0 28 10 11 34 4 25 25 12 38
split_gain=139.718 132.087 167.528 112.996 96.537 100.409 95.1884 88.1734 82.1757 78.4535 77.7661 77.6357 73.6468 71.295 69.5086 67.803 66.8462 66.835 62.9532 65.1517 62.6123 59.3635 81.4586 57.9763 54.6745 51.9076 99.1116 71.3641 65.9857 62.5562
threshold=0.068294689808189299 -0.04892612958395836 1.0000000180025095e-35 0.0097123363229403899 4.5000000000000009 -0.030861305608706389 1.242679078248625 -0.073520651703172499 0.01504925952381244 3.5000000000000004 0.30746697546749019 0.083864205044971954 -0.32784171099772008 2.8875862353714372 0.038752336450277154 0.017415202636877684 -0.10803532751510821 0.45452176516426729 3.7988536803227713 8.5000000000000018 -0.040540540540540619 -0.043060805926917821 0.019264153840945025 1.6770233925192992 3.8318963740451486 0.0028433909884657553 0.61624133048053176 0.50065274151436046 0.42857142857142833 0.2442349353863156
decision_type=8 10 10 8 2 10 10 8 8 2 8 10 8 2 10 10 10 8 2 2 10 10 10 10 2 8 8 10 10 8
left_child=-1 6 3 -3 21 15 7 10 -9 20 12 17 -2 -11 -10 -6 -15 -4 23 -20 -8 -5 24 -7 -23 27 28 -19 -27 -28
right_child=1 2 11 4 5 18 9 8 14 13 -12 -13 -14 16 -16 -17 -18 25 19 -21 -22 22 -24 -25 -26 26 29 -29 -30 -31
leaf_value=-0.024826491998894699 0.019086585407713241 -0.018742237924200891 0.014058218734467923 0.00039776934720749975 -0.018762821588944104 0.0026531035814075753 0.0094070082059148526 0.030558545183560132 0.00047861658116831759 0.012394710980191377 0.019785895989831992 0.011791459331040796 0.0031772998799060254 0.016824235310813562 0.012148450017385062 -0.0042649471269441018 -0.0083080348793721174 0.00050764461806138475 0.0015582136404913465 -0.0068536408426799651 -0.022291603924331039 -0.021174443087274446 -0.0049728226292016214 0.069982812877752432 -0.007648634526070861 0.023189002228220176 -0.00073497811915914626 -0.0071026897654977682 0.0059438200335209419 0.007271390712377682
leaf_weight=563.43426916003227 941.15654295682907 1097.2603438794613 962.93068052455783 2787.385818451643 936.49665292724967 13677.480892393738 196.14612537622452 259.50324713438749 9272.4882007166743 907.20667231827974 1593.8093188926578 1746.0925149619579 3203.3195230811834 312.48433880507946 1479.6057789921761 5807.6913915798068 1725.7848286926746 11442.848618514836 4732.0551318377256 4482.2261769734323 757.02570297941566 1577.2465760670602 7278.6560379266739 32.047429881989956 1419.5812560319901 617.56681179255247 17159.258072253317 4215.1683943271637 5448.5780375897884 2844.0928784906864
leaf_count=6270 3997 13199 4746 14978 6086 64031 844 1456 41478 3874 7197 7263 13843 1341 6089 27818 7531 54492 22294 21978 3715 9836 35429 138 8926 2852 76892 21794 24717 11609
internal_value=7.97024e-06 0.000136445 -0.000705746 -0.00289913 -0.0024923 -0.000915339 0.00373649 0.00537432 0.00275554 -0.00330016 0.0103997 0.0014576 0.00679009 0.000734684 0.00208451 -0.00627812 -0.00445504 0.00103494 0.000662391 -0.00253368 -0.0157686 -0.00607385 -0.00782938 0.00281049 -0.0147673 0.000734403 0.00210111 -0.00154107 0.00769947 0.000403374
internal_weight=109477 108913 88264.7 43828.1 42730.9 29668 20648.5 16749.9 11011.6 3898.65 5738.29 44436.5 4144.48 2945.48 10752.1 6744.19 2038.27 42690.4 22923.8 9214.28 953.172 13062.9 10275.5 13709.5 2996.83 41727.5 26069.5 15658 6066.14 20003.4
internal_count=526713 520443 429078 224713 211514 142345 91365 74060 49023 17305 25037 204365 17840 12746 47567 33904 8872 197102 108441 44272 4559 69169 54191 64169 18762 192356 116070 76286 27569 88501
is_linear=0
shrinkage=0.05


Tree=64
num_leaves=31
num_cat=0
split_feature=19 10 33 33 9 34 0 32 32 13 32 33 32 33 33 32 33 10 33 33 32 33 7 32 33 32 28 33 28 33
split_gain=130.422 171.955 132.313 112.648 121.152 109.855 106.848 108.571 191.855 146.07 118.402 139.171 209.213 186.006 295.395 201.16 191.213 118.778 109.834 226.799 160.292 184.885 193.611 109.179 134.555 107.749 154.458 129.154 141.584 139.091
threshold=0.51920708799221715 0.012831911605641278 3335.5000000000005 3124.5000000000005 0.03781354700696523 3.0927440999241704 -0.043563657759028478 10.500000000000002 9.5000000000000018 0.0060523910134721 4.5000000000000009 279.50000000000006 5.5000000000000009 653.50000000000011 959.50000000000011 7.5000000000000009 346.50000000000006 0.024015784942060886 2845.5000000000005 2859.5000000000005 8.5000000000000018 2906.5000000000005 -0.089560390293209044 5.5000000000000009 741.50000000000011 2.5000000000000004 -0.062245419004710312 3108.5000000000005 -0.032833571295073749 3459.5000000000005
decision_type=8 10 2 2 10 2 10 2 2 10 2 2 2 2 2 2 2 10 2 2 2 2 10 2 2 2 10 2 10 2
left_child=1 2 3 4 -1 -2 -3 8 10 -9 25 12 -12 15 23 -13 17 -17 -16 -20 -21 22 -22 -15 -25 26 -8 -27 -29 -30
right_child=5 6 -4 -5 -6 -7 7 9 -10 -11 11 13 -14 14 18 16 -18 -19 19 20 21 -23 -24 24 -26 27 -28 28 29 -31
leaf_value=-0.010189597495293131 0.0078733447938850697 0.0091492226016598038 -0.030225826162105292 0.025950519728626126 0.015784322872836924 0.00096616235590225646 0.01669245185820797 -0.030842272479817252 -0.0098289479900366909 0.004294854496790278 0.039968373174803881 -0.017353786380629455 0.0033121063129070054 0.045912588999395626 -0.0016866721689877816 -0.017921309461799598 -0.013034448995561039 0.0326051108522665 0.052641578588325147 0.0094338003248546666 0.088016726066122819 -0.016180214405755726 0.00035650233873076763 0.023535057217854854 -0.0074271924850706468 -0.0089631143786783763 -0.0019633305621168944 0.024563310490265861 0.015075342700676009 -0.029299560642934031
leaf_weight=5103.5325418375432 8100.1355083808303 2868.2503135725856 648.22880755737424 256.98801749199629 492.25035573542118 19895.776811078191 1235.2749267816544 302.90354075282812 6322.4375029690564 12575.152000166476 570.71408030390739 2670.1627015992999 1224.244367428124 343.87389759719372 15494.311334017664 143.3150132894516 706.7760362252593 617.43024015426636 252.03990583866835 4241.6684499531984 90.869843870401382 1418.9562679454684 205.2957441881299 1292.5544088259339 481.64691972732544 9539.6315879076719 10895.93175040558 642.03898440673947 341.53390117734671 365.64659487456083
leaf_count=34967 35637 12015 8223 1943 2144 90397 5890 3112 31087 55606 2344 12216 5115 1519 72641 664 3178 2539 1092 18728 385 6985 879 5655 2264 49317 53053 3120 1688 1989
internal_value=2.10857e-05 -0.000991991 -0.00879209 -0.00641818 -0.00790472 0.00296464 -0.000314457 -0.000691594 -0.00159812 0.0034684 -0.000612052 0.0014711 0.0149671 0.000604658 0.00230435 -0.00918071 0.00569024 0.0230866 0.000564953 0.00618395 0.00421826 -0.00868029 0.0272525 0.0201273 0.0151297 -0.00330457 -6.36827e-05 -0.00691522 0.00756442 -0.00786863
internal_weight=109340 81343.7 6501 5852.77 5595.78 27995.9 74842.7 71974.4 59096.4 12878.1 52773.9 29753.9 1794.96 27958.9 23821.2 4137.68 1467.52 760.745 21703.1 6208.83 5956.79 1715.12 296.166 2118.08 1774.2 23020.1 12131.2 10888.9 1349.22 707.18
internal_count=526392 400358 47277 39054 37111 126034 353081 341066 282348 58718 251261 136204 7459 128745 110148 18597 6381 3203 100710 28069 26977 8249 1264 9438 7919 115057 58943 56114 6797 3677
is_linear=0
shrinkage=0.05


Tree=65
num_leaves=31
num_cat=0
split_feature=5 5 33 33 33 33 13 25 19 32 11 33 28 34 28 1 28 5 26 33 33 33 33 33 33 33 12 33 33 26
split_gain=136.839 143.258 117.775 295.593 204.806 119.818 104.671 152.085 90.9548 87.0073 85.9627 76.464 110.307 80.128 117.943 77.1289 72.3511 91.9189 92.6305 88.8587 131.147 116.014 85.8674 175.913 166.107 287.675 114.913 85.7227 86.1148 83.8637
threshold=-0.16372593811531891 0.16304347826086965 931.50000000000011 959.50000000000011 252.50000000000003 199.50000000000003 1.1796119636642291e-17 0.31886301431327685 -0.79055144458334936 7.5000000000000009 1.0214858248010234e-07 1503.5000000000002 0.086696969571158244 3.8763952908575412 -0.11786046751761552 -0.042895442359249185 0.12915514926838231 -0.04878048780487803 0.68822411093715063 2190.5000000000005 2295.5000000000005 2128.5000000000005 1802.5000000000002 1378.5000000000002 741.50000000000011 709.50000000000011 0.60000000000000053 1598.5000000000002 1787.5000000000002 0.43840060628711436
decision_type=8 10 2 2 2 2 8 10 8 2 10 2 10 2 10 10 10 8 8 2 2 2 2 2 2 2 10 2 2 10
left_child=2 6 4 -4 5 -1 7 10 -8 -6 -2 12 -5 14 15 -13 17 18 -10 21 -21 -18 23 24 25 -19 -25 -28 -29 -27
right_child=1 -3 3 11 9 -7 8 -9 16 -11 -12 13 -14 -15 -16 -17 19 22 -20 20 -22 -23 -24 26 -26 29 27 28 -30 -31
leaf_value=0.0031530120709242718 0.04568102543815325 0.0027431045018111305 0.0495555415841748 0.00060897156099157441 -0.012139021261588626 0.030292798484286065 -0.005298025076727767 -0.029808912385603598 0.0034738715267730925 0.0025152335114282222 -0.0057151409526228127 0.012230289323361574 -0.039520722002060998 0.00068129159932951277 0.013044667472237368 -0.026046676154707977 0.0010303326265205758 -0.00094098118493807475 -0.0044274919660445815 0.061186813725949245 0.01022823237278077 -0.066240608110757646 -0.0060256038257839629 0.021278243673204394 -0.0098819355913208253 0.066308221565395731 0.010982622395458655 -0.0085976590961413229 0.03352162293519223 0.019302003235105867
leaf_weight=1144.3525064736605 108.71109065040946 21169.596920799464 391.83680419623852 2283.1377434805036 3022.6908324658871 630.87533646821976 13959.342108938843 774.51826393604279 14414.537763912231 1523.3929316736758 323.31225941330194 215.30298075079918 185.12822903692722 2878.7363612540066 5475.9304715283215 338.55782923102379 1943.7685957103968 7751.5137603580952 4994.51641106233 137.22471643984318 1580.1300154589117 66.276050075888634 13114.845851268619 1180.4116759225726 5895.1525645367801 196.55992487818003 1685.6225366443396 1479.9845141246915 132.19404476881027 183.438092879951
leaf_count=4801 808 91240 1650 9889 13405 2597 72559 11780 72203 6415 3215 958 760 12604 23569 1608 8164 36465 22156 572 6765 275 67321 5748 29569 874 8466 8115 725 769
internal_value=-7.17119e-05 -0.000860534 0.00390039 0.00685717 -0.00160436 0.0127979 -0.00195157 -0.0165508 -0.00169523 -0.00722838 0.0072178 0.00538656 -0.00240089 0.00754422 0.0108207 -0.0111672 -0.000776746 -0.00126796 0.00144062 0.00594807 0.0143001 -0.00118775 -0.00293056 -0.000737032 -0.00349158 0.00114127 0.00789078 0.00309889 -0.005144 0.0436167
internal_weight=109182 91091.7 18089.9 11768.6 6321.31 1775.23 69922.1 1206.54 68715.5 4546.08 432.023 11376.8 2468.27 8908.53 6029.79 553.861 54756.2 51028.8 19409.1 3727.4 1717.35 2010.04 31619.7 18504.9 14026.7 8131.51 4478.21 3297.8 1612.18 379.998
internal_count=526045 447789 78256 51038 27218 7398 356549 15803 340746 19820 4023 49388 10649 38739 26135 2566 268187 252411 94359 15776 7337 8439 158052 90731 67677 38108 23054 17306 8840 1643
is_linear=0
shrinkage=0.05


Tree=66
num_leaves=31
num_cat=0
split_feature=10 5 33 33 33 5 33 5 26 38 33 10 10 33 32 33 32 2 12 0 33 33 33 33 33 33 12 9 33 33
split_gain=124.566 102.149 113.99 201.598 173.085 113.105 105.993 80.2173 137.504 133.536 116.315 113.302 110.447 87.0106 100.986 79.4266 75.3765 87.3363 74.8653 74.518 73.2702 81.3678 141.05 189.64 81.3957 83.2481 79.287 69.8078 69.4004 97.3903
threshold=0.0076050832875889773 -0.19642857142857115 931.50000000000011 959.50000000000011 252.50000000000003 0.23880597014925389 172.50000000000003 -0.06770833333333369 0.67643158058979569 0.016128280461972792 119.50000000000001 0.029871102212334268 0.017488717917918818 3742.0000000000005 3.5000000000000004 132.50000000000003 6.5000000000000009 -0.069050663743758386 3.4928571428571451 0.094799447218713265 3640.5000000000005 2967.5000000000005 2278.5000000000005 2262.5000000000005 3335.5000000000005 3320.5000000000005 1.0785714285714303 0.017389632246581608 2810.5000000000005 2725.5000000000005
decision_type=8 8 2 2 2 10 2 8 10 8 2 10 10 2 2 2 2 10 10 8 2 2 2 2 2 2 10 10 2 2
left_child=-1 2 4 -4 6 7 15 8 10 12 27 -10 13 14 18 -2 17 -6 -9 -11 21 22 23 -16 25 -23 -25 -3 29 -5
right_child=1 5 3 28 16 -7 -8 9 11 19 -12 -13 -14 -15 20 -17 -18 -19 -20 -21 -22 24 -24 26 -26 -27 -28 -29 -30 -31
leaf_value=-0.020015611411102925 0.011364645145284062 0.061234225272462618 0.047762167523881488 0.0047048009121299951 0.0069226487690913253 0.0035968421915069746 0.026941135482196777 -0.024450338300268794 -0.01060381884325339 -2.7914635602990156e-05 0.002978729512988961 0.0017994853084947219 -0.0026862464446449391 0.066987094175483652 -0.0058151400254703722 -0.025584724745051066 0.00096725612145708907 -0.019641273296703569 -7.9232464640520439e-05 0.019797856474201767 -0.03724608158010681 0.018214496221975424 -0.029370439649895837 0.15029298130202251 -0.0076690334133849031 0.1058889777499277 0.021880451723769151 -0.01456317154906216 0.014556499454372443 -0.036299302983712235
leaf_weight=770.17238378152251 426.92305378615856 134.33348965272307 305.97173488140106 5695.243604183197 386.40559028089046 14964.591850832105 690.05699393898249 1616.9414426572621 3856.1523345075548 25608.429689805955 18980.565675575286 3523.6361069604754 20340.230248562992 36.830567736178637 4051.7782148718834 220.5937971919775 1371.2345123589039 1553.0777322500944 391.39166354387999 482.89671464264393 189.60599901899695 390.93242225050926 670.65538467466831 27.142977323383093 379.15632931143045 29.089642941951752 21.57575199753046 39.252331450581551 1949.5351699069142 148.58897341042757
leaf_count=11080 1759 589 1295 24060 1617 63427 2863 11511 17847 117401 94186 14938 99079 323 24190 934 5782 6862 2649 2075 2474 2553 4665 147 2693 177 116 171 8436 790
internal_value=2.17253e-05 0.00016398 0.00436861 0.00795047 -0.00187256 -0.000395887 0.0133069 -0.00113563 0.00111717 -0.00223776 0.00335134 -0.0046816 -0.00462649 -0.00968279 -0.0100463 -0.00122314 -0.00800525 -0.0143489 -0.0197008 0.00033902 -0.00668003 -0.00563961 -0.00811284 -0.00463607 0.00912581 0.0242866 0.0934237 0.0440944 0.00638745 0.0036622
internal_weight=109253 108483 12747.6 8099.34 4648.29 95735.2 1337.57 80770.6 26533.9 54236.7 19154.2 7379.79 28145.3 7805.1 7768.27 647.517 3310.72 1939.48 2008.33 26091.3 5759.94 5570.33 4771.15 4100.5 799.178 420.022 48.7187 173.586 7793.37 5843.83
internal_count=526689 515609 54398 34581 19817 461211 5556 397784 127731 270053 94946 32785 150577 51498 51175 2693 14261 8479 14160 119476 37015 34541 29118 24453 5423 2730 263 760 33286 24850
is_linear=0
shrinkage=0.05


Tree=67
num_leaves=31
num_cat=0
split_feature=3 8 33 33 33 11 32 28 9 32 32 12 33 33 33 33 33 33 33 10 12 9 33 33 33 5 10 34 28 33
split_gain=135.801 181.138 138.253 113.023 225.637 150.334 138.024 126.728 118.154 108.587 116.624 205.72 172.146 249.322 218.25 203.932 182.174 236.408 169.637 242.098 160.53 155.839 136.383 129 118.478 111.394 109.352 108.298 105.905 107.863
threshold=-0.048927084018536841 1.0000000180025095e-35 3335.5000000000005 3259.5000000000005 3108.5000000000005 0.45452176516426729 1.5000000000000002 0.049191067223054656 0.010498581596084799 4.5000000000000009 1.5000000000000002 2.671428571428573 508.50000000000006 106.50000000000001 946.50000000000011 1571.5000000000002 1977.5000000000002 2295.5000000000005 1543.5000000000002 0.027036747267716505 1.2214285714285726 0.020208335357284887 1344.5000000000002 902.50000000000011 2278.5000000000005 -0.073863636363637172 0.030287153656585877 3.1884144760562285 0.29029652986264359 3139.5000000000005
decision_type=8 8 2 2 2 8 2 10 10 2 2 8 2 2 2 2 2 2 2 10 10 10 2 2 2 10 8 2 10 2
left_child=2 -2 -1 4 5 -3 7 27 -8 10 12 22 13 -7 -14 18 -17 24 -16 20 -20 -15 26 -13 -18 -24 -12 -5 29 -6
right_child=1 3 -4 6 28 9 8 -9 -10 -11 11 23 14 21 15 16 17 -19 19 -21 -22 -23 25 -25 -26 -27 -28 -29 -30 -31
leaf_value=0.0022205897992035955 -0.012270156012949229 0.012620434704467895 0.015878118780860147 -0.014737162832661284 0.033961001778478245 -0.022348954148022595 -0.028291906734418462 -0.0094609420795388356 -0.0064028877304675921 0.00053356184522930451 -0.02031761314780043 0.015161445334940375 -0.02873294663490969 0.04078178867412123 0.003260138113549243 -0.024773096207918816 -0.0064416583242052228 -0.0072559680578079232 0.094311902147670698 -0.007307894268931997 0.028467258919872413 0.0070708061178529243 0.0079935599782209529 -0.0037394215954397168 0.047688033332024836 -0.0093299109017849196 -0.00068188993347954386 0.040324695443451686 -0.03222175694119539 0.010378320312243148
leaf_weight=23560.927968662232 3344.6589976549149 2152.8609131723642 2011.1466332003474 114.42218231409788 601.37414664775133 354.37757003307343 686.06133361905813 389.59888000786304 6080.8213725909591 46550.682221073657 3816.7113330811262 1399.9289231151342 718.79937909543514 718.10568956285715 1017.5310625731945 952.67639902234077 142.38006989657879 1756.6064284741879 184.19622687995434 197.67777442932129 186.08030330389738 656.00522011518478 1276.3883605524898 2541.8815099745989 348.57946579158306 3399.4066861048341 870.81960298120975 406.76125504076481 123.74481929838657 2502.8795882612467
leaf_count=106144 26663 10828 9474 631 2661 1774 6497 1762 29632 215712 20870 6867 3640 3098 4824 4897 620 7870 784 818 850 2767 6376 13303 1478 18129 3845 2040 514 10745
internal_value=0.00010669 -0.00086974 0.0032947 -0.000393985 0.000217161 -0.000385231 -0.00616262 0.0121108 -0.00862211 -0.000802579 -0.00383101 -0.00660901 0.00127913 0.0150444 -0.00304334 0.000815144 -0.00644974 0.00131699 0.015479 0.0373701 0.0612221 0.0246881 -0.010643 0.0029732 0.0319902 -0.00460099 -0.0166698 0.0282362 0.0131387 0.0149469
internal_weight=109064 83492 25572.1 80147.4 72469.7 69241.7 7677.67 910.782 6766.88 67088.8 20538.2 13305.1 7233.02 1728.49 5504.53 4785.73 3200.24 2247.57 1585.49 567.954 370.277 1374.11 9363.33 3941.81 490.96 4675.8 4687.53 521.183 3228 3104.25
internal_count=526113 410495 115618 383832 343270 329350 40562 4433 36129 318522 102810 69390 33420 7639 25781 22141 14865 9968 7276 2452 1634 5865 49220 20170 2098 24505 24715 2671 13920 13406
is_linear=0
shrinkage=0.05


Tree=68
num_leaves=31
num_cat=0
split_feature=3 0 33 33 32 13 14 37 32 33 33 3 10 33 26 25 1 10 0 33 33 33 33 32 33 33 12 33 10 33
split_gain=111.736 144.703 105.223 126.265 104.929 104.325 97.4496 101.129 76.3204 73.778 235.721 125.273 81.7096 72.6923 93.0408 71.1273 68.7005 68.9677 67.919 67.1847 135.061 127.837 66.0429 65.6718 64.0784 84.5361 63.3142 89.0011 62.6325 81.4894
threshold=-0.066508313539192551 0.00072681021768261644 3259.5000000000005 3108.5000000000005 4.5000000000000009 0.015353047188667016 1.0000000180025095e-35 -0.11102775693926813 9.5000000000000018 2696.5000000000005 2653.5000000000005 -0.0082644628099171596 0.023061260842848905 3335.5000000000005 0.60661212683271515 0.096502986689243231 -0.012461059190031097 0.034064660533268613 0.094799447218713265 132.50000000000003 172.50000000000003 106.50000000000001 3542.5000000000005 1.5000000000000002 3139.5000000000005 3187.5000000000005 3.000000000000004 520.50000000000011 0.021885243290884978 931.50000000000011
decision_type=8 8 2 2 2 10 10 8 2 2 2 10 10 2 10 10 10 8 8 2 2 2 2 2 2 2 10 2 10 2
left_child=6 2 3 4 9 -4 7 15 24 10 19 12 -12 -9 -15 -1 17 -8 -3 21 -21 -2 -16 -7 -5 -26 28 -28 29 -22
right_child=1 18 5 8 -6 23 16 13 -10 -11 11 -13 -14 14 22 -17 -18 -19 -20 20 26 -23 -24 -25 25 -27 27 -29 -30 -31
leaf_value=0.0088111482890964217 -0.011398354376862797 0.0011245049278736509 -0.025038871549496383 0.032074999561452426 -0.00065628739413642627 0.010854859964201246 -0.0062694652217829897 0.0026614244196885625 -0.042624365558492666 -0.017023108681613629 0.099434051502249349 0.0088357168311027669 0.034107014341110513 0.031860731172824931 0.01749546141936965 0.028477552894677488 -0.010335215994795961 0.0084483063318313706 0.013324802485012395 -0.038159995735638143 -0.022681218242093189 0.029734672783164648 -0.018746131773455379 -0.0082518376802023542 -0.0057792483592454336 0.019324820862832631 0.023093619660833259 -0.0032192440551445027 -0.0041967469614319726 -0.0075530546614584956
leaf_weight=1213.6713365986943 396.08769135177135 38283.561651926488 867.35942220315337 358.37078611180186 30523.241562135518 506.74677183479071 1431.7401528954506 10189.155896700919 63.336649436503649 1348.5211753062904 75.769305393099785 343.71182332187891 129.97653558850288 506.59094286710024 286.91988052427769 740.12436783313751 1775.2280224710703 1792.5528591573238 1175.7843626141548 340.90474507957697 1374.9884535595775 361.10203789919615 223.72107965126634 3996.6887172237039 597.39653012901545 764.49238653853536 381.05644364655018 2051.5403875783086 4426.7065236642957 2524.5314268730581
leaf_count=5128 1960 177666 11074 1840 147524 2459 6201 45548 408 8152 384 1573 556 2441 1234 3153 7763 7478 5008 1860 8428 1596 1039 20247 2827 3279 1763 10884 21023 15882
internal_value=-7.42352e-05 -0.000789626 -0.00253707 -0.00176482 -0.00229023 -0.00916011 0.0035064 0.00576395 0.0112785 -0.00591607 -0.00470878 0.0273071 0.0581648 0.00393382 0.0166788 0.016261 -0.00243615 0.00191291 0.00148804 -0.00619242 -0.00717544 0.00821789 0.00161736 -0.00610187 0.0132631 0.00831285 -0.00619366 0.00090256 -0.0082669 -0.0128873
internal_weight=109052 90891.9 51432.5 46061.7 44278.1 5370.79 18159.7 13160.2 1783.6 13754.9 12406.4 549.458 205.746 11206.4 1017.23 1953.8 4999.52 3224.29 39459.3 11856.9 11099.7 757.19 510.641 4503.44 1720.26 1361.89 10758.8 2432.6 8326.23 3899.52
internal_count=526378 446393 263719 229939 221585 33780 79985 58543 8354 74061 65909 2513 940 50262 4714 8281 21442 13679 182674 63396 59840 3556 2273 22706 7946 6106 57980 12647 45333 24310
is_linear=0
shrinkage=0.05


Tree=69
num_leaves=31
num_cat=0
split_feature=13 25 28 2 7 7 33 28 10 33 33 9 33 33 33 33 32 32 32 34 25 26 34 34 9 36 1 20 20 32
split_gain=102.671 108.768 102.976 90.8611 84.68 102.087 121.183 89.344 85.2943 85.3693 154.232 80.1798 77.8223 216.649 290.07 133.798 103.484 108.619 178.138 95.8431 106.711 109.646 76.932 79.4359 76.4327 76.415 75.1793 76.9488 73.9553 72.1948
threshold=5.8980598183211455e-18 0.31886301431327685 -0.032218109938040224 -0.085008730957135556 -0.018781936554872532 -0.13636363636363627 3742.0000000000005 0.08297630861451559 0.016199527970660942 3335.5000000000005 3320.5000000000005 0.045726324854005511 428.50000000000006 931.50000000000011 959.50000000000011 391.50000000000006 8.5000000000000018 3.5000000000000004 1.5000000000000002 3.7099060722294364 0.1866246223861274 0.62602752066301848 4.4134039869337842 3.280911222958137 0.017185268163322141 0.21739130434782539 -0.033824167134329834 0.90403409425670123 1.0521747797212901 4.5000000000000009
decision_type=10 10 10 8 10 8 2 10 10 2 2 10 2 2 2 2 2 2 2 2 10 10 2 2 10 2 10 10 10 2
left_child=1 2 -1 26 5 12 8 22 9 10 11 -7 15 -14 29 16 17 18 24 20 -18 -22 23 -8 -5 -19 27 -2 -6 -15
right_child=3 -3 -4 4 28 6 7 -9 -10 -11 -12 -13 13 14 -16 -17 19 25 -20 -21 21 -23 -24 -25 -26 -27 -28 -29 -30 -31
leaf_value=-0.019853152073884037 0.014389759229603697 -0.025099526513987305 0.017088215371494256 0.033684249605177893 0.011904938079160217 -0.0056521655954484898 0.014982939756741743 -0.036003847029376021 -0.0011150496275178416 -0.020929651193584732 0.10264925605204614 0.02367708070408947 -0.0074020474011830713 0.013946465346814688 0.0015845340641639331 0.026242198247494256 -0.020847893983932206 0.0024142020552104307 -0.020625581622275971 -0.022708887280935054 0.036942972287063496 -0.013556649288436199 -0.01507748166295441 0.12474673753517612 -0.0017938037628265715 0.020277461869313718 -0.0056431778923503664 0.001626475137870168 0.0018059249877807927 0.052881624174271384
leaf_weight=334.3580615632236 2734.8834895715117 833.54178339987993 432.88265121355653 306.48293562233448 2347.5790938995779 11414.257265310735 23.649638760834932 25.819932244718075 37548.329108893871 875.9719374217093 33.335251651704311 237.8817293792963 7275.9591911882162 183.55790463089943 27088.328541383147 746.51188762485981 273.29736523330212 944.28842951357365 722.67434710264206 622.24400065839291 294.88630573451519 169.13840407133102 21.631569504737854 54.394171290099621 300.80907097458839 1635.769179880619 1093.7751692682505 2078.3200934529305 7957.961794231087 338.83009757101536
leaf_count=2422 11628 11355 3231 1293 11498 68461 217 122 175192 7675 199 1015 33647 794 122620 3143 1162 3952 3525 2673 1298 703 135 341 1281 6840 4672 8839 34862 1414
internal_value=-2.594e-05 -0.0125953 0.000989429 0.000161491 -0.000189525 -0.000675298 -0.0021853 0.0468868 -0.00230819 -0.00587471 -0.00474616 -0.0050534 0.00117923 0.00027355 0.00229622 0.00643114 0.00362463 0.00775633 -0.00385087 -0.00825787 0.0039377 0.0185357 0.0683588 0.091485 0.016111 0.0137396 0.00618968 0.00887863 0.00410646 0.0392005
internal_weight=108951 1600.78 767.241 107351 101444 91138 50235.3 125.495 50109.8 12561.4 11685.5 11652.1 40902.8 34886.7 27610.7 6016.1 5269.59 3910.02 1329.97 1359.57 737.322 464.025 99.6754 78.0438 607.292 2580.06 5906.98 4813.2 10305.5 522.388
internal_count=526209 17008 5653 509201 484062 437702 253357 815 252542 77350 69675 69476 184345 158475 124828 25870 22727 16891 6099 5836 3163 2001 693 558 2574 10792 25139 20467 46360 2208
is_linear=0
shrinkage=0.05


Tree=70
num_leaves=31
num_cat=0
split_feature=3 8 13 33 33 33 11 32 28 33 33 12 28 32 33 33 2 32 12 32 28 10 33 33 33 28 33 33 33 33
split_gain=116.564 149.556 124.815 116.41 102.322 200.209 120.206 112.328 109.673 92.8836 103.037 115.359 92.7615 90.0263 111.428 205.767 171.753 145.556 121.684 162.377 192.969 140.884 181.993 138.676 113.494 108.465 127.396 309.507 164.708 150.734
threshold=-0.052252252252252322 1.0000000180025095e-35 0.0085242713175946189 3335.5000000000005 3259.5000000000005 3108.5000000000005 0.46747588733436879 1.5000000000000002 0.049191067223054656 3139.5000000000005 3187.5000000000005 7.3642857142857183 -0.073520651703172499 4.5000000000000009 2696.5000000000005 2653.5000000000005 0.037037037037037097 1.5000000000000002 3.9357142857142891 1.5000000000000002 -0.0010260365733184092 0.027265683924200295 483.50000000000006 2383.5000000000005 2295.5000000000005 0.032300276820252084 1543.5000000000002 1571.5000000000002 1948.5000000000002 2295.5000000000005
decision_type=8 8 10 2 2 2 8 2 10 2 2 10 10 2 2 2 10 2 8 2 10 8 2 2 2 10 2 2 2 2
left_child=3 2 -2 -1 5 6 -3 8 -6 -7 11 -11 -5 14 15 18 17 -17 19 20 -8 22 -22 24 -21 -24 -27 -28 -29 -30
right_child=1 4 -4 12 7 9 13 -9 -10 10 -12 -13 -14 -15 -16 16 -18 -19 -20 23 21 -23 25 -25 -26 26 27 28 29 -31
leaf_value=0.0020400502465940545 -0.027216726513669083 0.01055074286849627 -0.0055450515247635326 0.037751804794673903 0.025135084979539275 0.028844130875089032 -0.0162916284755447 -0.0081220357064136686 -0.0097005056261726189 0.0016289710678251365 0.016176920617329726 -0.051887741731365393 0.0095845395477349767 0.00038408202894542483 -0.01523459455273788 0.011941992879390906 -0.0080334085284669409 0.061667873911689292 0.004740936531802761 -0.0091972340371914638 0.038754979918959605 -0.0049289980420797836 -0.014615209378623728 0.021076927128694585 -0.030564497427028183 -0.0076039911223280124 0.065157512997087066 -0.03934535735669048 0.050483708418622479 -0.0086136987874516954
leaf_weight=22136.62140057236 882.57130857184529 2405.4322865270078 2687.499063231051 361.1181378737092 535.32811506092548 668.31345783919096 1176.6474871337414 6833.6179970167577 390.94000386446714 946.56242096051574 1546.9505175128579 112.6833296790719 1533.6300725750625 47151.730003904551 1863.3445836603642 293.69234611093998 333.91558668017387 294.96979968249798 3513.5008137896657 8245.3381965085864 580.09230250865221 1561.2612433731556 452.79600635170937 354.57971119135618 672.11856015771627 466.82776735723019 309.03269852697849 163.006302960217 206.68156050145626 225.75206963717937
leaf_count=99287 13625 12066 14578 1587 2706 2941 6081 36732 1773 4081 6580 505 7239 218480 9251 1326 1420 1344 17525 44050 2480 6654 2554 1736 3665 2140 1313 740 878 1014
internal_value=-1.60035e-05 -0.000886416 -0.0109026 0.00305816 -0.00044661 0.000129553 -0.000433592 -0.00590726 0.0104324 0.0122146 0.00795026 -0.00406418 0.0149529 -0.000822924 -0.00357052 -0.00241752 0.0206107 0.0368589 -0.00360258 -0.00563634 0.00148982 0.00676602 0.0143607 -0.00958838 -0.0108077 0.00660288 0.013609 0.0245577 0.00348641 0.0196319
internal_weight=108907 84875.2 3570.07 24031.4 81305.1 73545.2 70270.7 7759.89 926.268 3274.51 2606.2 1059.25 1894.75 67865.3 20713.6 18850.2 922.578 588.662 17927.6 14414.1 5142.1 3965.45 2404.19 9272.04 8917.46 1824.1 1371.3 904.473 595.44 432.434
internal_count=526351 418238 28203 108113 390035 348824 334717 41211 4479 14107 11166 4586 8826 322651 104171 94920 4090 2670 90830 73305 23854 17773 11119 49451 47715 8639 6085 3945 2632 1892
is_linear=0
shrinkage=0.05


Tree=71
num_leaves=31
num_cat=0
split_feature=20 5 8 26 10 2 7 13 32 7 20 0 2 19 32 3 12 32 4 1 35 19 12 20 14 26 10 39 8 13
split_gain=98.6547 90.1036 166.633 130.134 139.434 102.205 87.1428 73.4428 75.1625 67.9553 62.2563 59.4927 58.4707 56.8367 66.3094 87.6228 58.1965 57.0421 53.039 50.0044 49.6074 47.4937 44.9374 44.4721 44.0494 42.6016 41.7696 41.3125 56.8042 44.9535
threshold=0.068294689808189299 -0.072289156626505244 0.065694666564498308 0.68822411093715063 0.03116458848355198 -0.11709601873536295 -0.018781936554872532 0.014404982577077147 5.5000000000000009 -0.13332847637087761 1.1620997774227522 0.061331061896649504 0.033391915641476262 0.74810790621563472 10.500000000000002 -0.021834061135371115 0.92142857142857204 8.5000000000000018 0.0038332213591890656 0.22979220964689931 -0.005524861878494324 -0.77060266072773775 2.4571428571428582 2.2092695465029411 1.5000000000000002 0.030521412860654681 0.028106211464726989 1.0000000180025095e-35 0.089659466655215417 0.033520668789932026
decision_type=8 8 8 10 10 8 10 10 2 8 10 10 10 10 2 10 10 2 10 10 10 10 10 10 10 8 10 10 10 10
left_child=-1 3 7 13 -5 -4 9 20 26 12 -8 -12 -7 14 17 16 -16 24 -19 25 -3 -6 -23 -15 27 -11 -9 29 -29 -2
right_child=1 2 5 4 21 6 10 8 -10 19 11 -13 -14 23 15 -17 -18 18 -20 -21 -22 22 -24 -25 -26 -27 -28 28 -30 -31
leaf_value=-0.02162282561077207 0.0018181159360639656 0.0067592672449926592 0.016319491870386921 -0.007381115009174908 -0.0047358961346356089 0.0045973265035101222 0.010364151315683287 -0.010597619903688717 -0.0010152032991851679 -0.01984018387110649 -0.00059037012249045636 0.010873576664974934 -0.0051622636503405872 0.0073376029665457587 0.027400993331183073 0.0013073032905434254 0.0096491592161881481 -0.0077564379115449989 0.014840209974902614 0.036884626126358219 -0.016466183920853427 0.0094433549245130297 -0.0016183902808503043 0.023419397422475195 -0.03955383369173987 -0.0018886066497191057 0.0023048394465040294 -0.012715880906480874 0.0046962192322846591 0.0081059876916718867
leaf_weight=524.87051590904593 8118.4027855731547 259.30503768101335 981.51386398077011 6273.6264208368957 1348.5261461362243 8020.2065258696675 2942.0889000967145 4456.8587144836783 7799.8263232670724 333.75116090849042 5646.5122686028481 1415.3921708166599 1897.8189573585987 4463.3194010518491 729.4062755741179 1982.1813168115914 1257.8962933197618 2320.5471691675484 292.40781281143427 82.606447234749794 2028.1493384800851 2966.5083364248276 1329.6416409313679 475.70943865180016 61.126496590673923 33841.219393737614 730.01538625359535 929.56333431974053 944.15675185620785 4373.884170293808
leaf_count=6266 41238 2029 4114 27950 5676 35331 13242 27226 40679 2047 24312 5902 8061 20040 3263 9709 5554 11402 1367 385 21112 12303 5509 2142 315 157722 3279 4691 4148 19371
internal_value=2.02118e-06 0.000106823 -0.000950621 0.00207375 -0.00225124 0.000329106 3.94251e-05 -0.00557223 -0.00411713 -0.000914828 0.00425321 0.00170731 0.00272982 0.00406023 0.00292564 0.00874557 0.0161647 0.00156989 -0.00522772 -0.00197 -0.0138334 0.00345023 0.00601979 0.00888654 0.00280103 -0.00206392 -0.00878169 0.00298125 -0.00394202 0.00401967
internal_weight=108827 108302 70435.3 37866.9 11918.3 55161.1 54179.6 15274.2 12986.7 44175.6 10004 7061.9 9918.03 25948.6 21009.6 3969.48 1987.3 17040.1 2612.95 34257.6 2287.45 5644.68 4296.15 4939.03 14427.1 34175 5186.87 14366 1873.72 12492.3
internal_count=526385 520119 345441 174678 51438 251116 247002 94325 71184 203546 43456 30214 43392 123240 101058 18526 8817 82532 12769 160154 23141 23488 17812 22182 69763 159769 30505 69448 8839 60609
is_linear=0
shrinkage=0.05


Tree=72
num_leaves=31
num_cat=0
split_feature=10 3 1 33 1 31 33 33 9 19 13 29 34 0 14 31 32 33 1 33 34 33 33 10 33 33 32 5 33 33
split_gain=98.0627 83.0189 116.248 82.8869 85.7311 92.4116 73.0093 124.691 113.977 70.4343 62.972 58.9369 65.1769 58.6252 57.9733 56.6279 53.8697 53.1654 80.3155 76.7662 67.7561 76.6034 57.4049 51.7566 48.7431 97.6459 67.4145 51.9344 74.0403 51.4813
threshold=0.0076050832875889773 -0.057851239669421232 6.274173847131693e-09 3335.5000000000005 -0.02343532057838937 1.5000000000000002 3542.5000000000005 3573.5000000000005 0.015034753658188857 -0.74385630774599532 0.010239152796437176 -0.047476742710694901 5.2124870728405091 0.083864205044971954 1.0000000180025095e-35 6.5000000000000009 3.5000000000000004 3510.5000000000005 -0.066666666666666693 3426.5000000000005 3.5452966845082465 3443.5000000000005 3459.5000000000005 0.032800033220743791 3259.5000000000005 3108.5000000000005 4.5000000000000009 -0.092762279737069839 2845.5000000000005 3139.5000000000005
decision_type=8 8 10 2 10 2 2 2 10 8 10 10 2 10 10 2 2 2 10 2 2 2 2 10 2 2 2 8 2 2
left_child=11 3 9 4 5 -2 17 -8 -9 10 -3 12 -1 15 23 -4 -16 19 -19 -5 22 -22 -21 -6 25 26 -11 28 -28 -27
right_child=1 2 13 6 14 -7 7 8 -10 24 -12 -13 -14 -15 16 -17 -18 18 -20 20 21 -23 -24 -25 -26 29 27 -29 -30 -31
leaf_value=0.0301787307443242 0.013230843400535194 -0.021317843714384936 0.001706452630605821 0.032079245573515179 -0.0015996382156050844 0.0023436382236494218 -0.051059630116521107 0.053135246585312268 -0.0031745562892969851 -0.004885019423704535 -0.0048908740334551353 -0.026566367469415181 -0.030930922207068542 0.010198998258839831 -0.022253981114898624 -0.0030119062637958042 -0.0043292552003460624 -0.011285238129003179 0.057423800577109101 0.065560717818717529 -0.047321296275782049 0.0062362684226353604 0.0024230003286499092 0.0094227517433048847 -0.0071973967443460813 0.035593880224540908 0.0029778050634971845 -0.0012499403797255771 0.026489407594608973 0.008593533618589843
leaf_weight=111.22672979906201 2531.8992899656296 614.54400716722012 33169.503953412175 370.76222657412291 5160.5874334126711 8467.6038707345724 100.83300252258778 116.85389357432723 389.08667682111263 8431.9362829364836 11515.251909516752 547.73742294684052 71.798603560775518 1729.678903862834 545.47378851473331 7867.2490562200546 1810.0974182486534 54.889532774686813 188.91025326400995 61.697843991219997 103.61789829283953 187.71741994470358 86.436439089477062 1341.9549302533269 3098.0565609671175 225.35628090798855 5472.5421722941101 13202.773567646742 356.66816268488765 815.04528130218387
leaf_count=1126 11086 5351 152635 1605 24273 36928 450 594 1764 44941 58248 9147 771 7292 2519 36189 7775 246 827 291 492 831 403 5583 18577 1080 25211 64708 1674 3646
internal_value=-0.000103739 1.97573e-05 -0.000671617 0.00279891 0.00190147 0.00484969 0.0135292 -0.000287773 0.00983096 -0.00248425 -0.00572313 -0.0183582 0.00620616 0.00118195 -0.00175946 0.000801885 -0.00848004 0.0214832 0.0419545 0.0153234 0.00118714 -0.0128123 0.0287198 0.000675095 -0.00124109 -0.000593711 -0.0011633 0.000485573 0.00441639 0.0144419
internal_weight=108748 108017 86498.6 21518.4 19857.6 10999.5 1660.81 606.774 505.941 43732.2 12129.8 730.763 183.025 42766.4 8858.11 41036.8 2355.57 1054.03 243.8 810.232 439.47 291.335 148.134 6502.54 31602.4 28504.3 27463.9 19032 5829.21 1040.4
internal_count=526263 515219 419552 95667 88164 48014 7503 2808 2358 223436 63599 11044 1897 196116 40150 188824 10294 4695 1073 3622 2017 1323 694 29856 159837 141260 136534 91593 26885 4726
is_linear=0
shrinkage=0.05


Tree=73
num_leaves=31
num_cat=0
split_feature=12 11 32 19 32 33 35 8 33 28 37 34 33 33 0 32 33 33 32 33 33 33 10 32 33 33 32 28 32 33
split_gain=92.1292 92.2807 138.565 79.2383 97.2768 101.666 101.616 118.324 75.315 70.8065 68.826 58.83 58.5382 66.5619 57.424 56.3875 55.1284 266.01 162.172 146.635 128.222 228.884 130.088 113.901 112.853 207.775 112.204 110.659 107.762 106.861
threshold=1.0000000180025095e-35 0.39819572620952043 8.5000000000000018 -0.57601097095485099 10.500000000000002 52.500000000000007 -0.012626262626281302 0.22294448200101405 3426.5000000000005 -0.15692245542710212 -0.042189281641981706 4.8570954632028007 3368.5000000000005 3352.5000000000005 0.094799447218713265 8.5000000000000018 1389.5000000000002 1571.5000000000002 8.5000000000000018 1529.5000000000002 741.50000000000011 696.50000000000011 0.018628428507450012 1.5000000000000002 931.50000000000011 959.50000000000011 11.500000000000002 -0.064600137136709299 1.5000000000000002 106.50000000000001
decision_type=8 8 2 8 2 2 10 8 2 8 10 2 2 2 8 2 2 2 2 2 2 2 10 2 2 2 2 10 2 2
left_child=15 2 -2 4 6 -6 10 -8 11 -5 -3 12 13 -7 16 -1 20 19 27 -18 21 23 -23 29 28 -26 -20 -19 -22 -11
right_child=1 3 -4 9 5 8 7 -9 -10 14 -12 -13 -14 -15 -16 -17 17 18 26 -21 24 22 -24 -25 25 -27 -28 -29 -30 -31
leaf_value=-0.0073610971172556328 0.020645477592462949 0.014660540567609029 -0.01360735485606201 0.018069857493897903 -0.028744563711822286 0.0076467954136558497 -0.0062261485030845366 0.001563676611691862 -0.023101244190860123 -0.017634080645082508 -0.00097873309864389326 -0.0054560510764912837 0.051847808653341876 -0.031917381809525656 0.011684661026337395 -0.034436222110908042 0.0083249585672160939 0.013106651779132901 -0.0073053948969589852 0.030260775562569193 -0.03290421721850241 0.051661338097027824 0.012906216939539736 -0.001187656505685018 0.026073524815816304 -0.003917830441423264 0.0042668161006861275 0.0015871037307868465 -0.0087194695051219153 0.018108916878046371
leaf_weight=580.98336220905185 1177.4059629775584 1210.8014518171549 394.08087189495564 590.59296359121799 240.04851390421391 5302.7504851259291 19765.234624516219 6470.7439432963729 240.70315112546086 246.0274144411087 1679.0365128368139 1051.5025461949408 73.266922377049923 108.48168344050646 1166.3902088403702 287.44281340762973 2958.4146197363734 2314.380759973079 8728.4275754764676 1026.0932419076562 540.93145634233952 311.24467431753874 711.55396522581577 13911.342497095466 618.22986054420471 8762.6021672636271 2756.0817919746041 21012.364231254905 3101.4396744668484 1393.6010682098567
leaf_count=6213 6087 5378 3425 2690 1169 24045 104173 28684 1520 1189 8298 5040 329 500 4996 5625 13760 10831 41333 4432 2780 1435 2945 62435 2690 41215 12471 99879 14924 5942
internal_value=-0.000102393 2.81991e-05 0.0120559 -0.000149626 -0.00205154 0.00323335 -0.00332473 -0.0043049 0.00436609 0.000830278 0.0055739 0.00537764 0.00745471 0.00685363 0.000683905 -0.0163228 0.000496295 0.00173619 0.000335457 0.0139739 -0.00112896 0.00178831 0.0246997 0.000281413 -0.00484157 -0.00194129 -0.00452827 0.00273002 -0.0123112 0.0127457
internal_weight=108732 107864 1571.49 106292 36142.6 7016.75 29125.8 26236 6776.7 70149.7 2889.84 6536 5484.5 5411.23 69559.1 868.426 68392.7 38795.8 34811.3 3984.51 29597 16573.8 1022.8 15551 13023.2 9380.83 11484.5 23326.7 3642.37 1639.63
internal_count=526433 514595 9512 505083 179136 32603 146533 132857 31434 325947 13676 29914 24874 24545 323257 11838 318261 182706 164514 18192 135555 73946 4380 69566 61609 43905 53804 110710 17704 7131
is_linear=0
shrinkage=0.05


Tree=74
num_leaves=31
num_cat=0
split_feature=10 0 0 3 9 20 8 0 29 34 4 11 28 29 31 11 1 1 9 32 11 34 34 38 25 32 32 11 36 7
split_gain=89.5047 79.2185 106.829 70.7954 91.1963 69.8698 62.6915 56.7896 54.6094 58.5848 62.8556 55.1201 54.4803 80.2248 56.215 52.6639 48.4627 45.2927 62.0389 43.1267 79.8608 63.3571 59.4868 52.2903 65.0222 51.5061 66.6637 48.1904 43.0972 37.6898
threshold=0.0081625822972914118 -0.043563657759028478 0.00072681021768261644 -0.048927084018536841 0.0065299315177396074 0.85769996832760464 1.0000000180025095e-35 -0.0028409090909091157 -0.060468084763006302 4.4875121511018561 -0.11971830985915503 0.92509092881997546 inf 0.56799896069387612 3.5000000000000004 1.1660058614719391 -0.1231861816176013 -0.0092879256965943662 0.0348658558479037 10.500000000000002 1.2519980235593142 3.4641709562952632 5.5014622505393982 -0.15839136775853699 0.092327988634057251 8.5000000000000018 7.5000000000000009 1.4224040149401944 0.99959903769045755 -0.33399801192842937
decision_type=8 10 10 8 8 10 10 10 10 2 10 10 8 8 2 8 8 10 10 2 8 2 2 10 8 2 2 10 2 8
left_child=8 5 3 4 -3 16 7 -5 9 10 -1 -12 13 14 29 -16 -2 18 -8 23 22 -22 -21 24 -6 26 -25 -26 -17 -4
right_child=1 2 12 6 19 -7 17 -9 -10 -11 11 -13 -14 -15 15 28 -18 -19 -20 20 21 -23 -24 25 27 -27 -28 -29 -30 -31
leaf_value=-0.03463292966894925 0.034487249245034553 0.08511161511034912 0.013019867616295092 -0.0044579996304245804 -0.00054046008275635373 0.0014300659597344316 -0.0054260510187375856 -0.017119190227983368 -0.021464058710572047 -0.012530143889982109 0.15180638605828123 0.03879690665389398 -0.022152511438373521 0.021516937418741146 0.00095240227734123871 -0.0066458225631886711 0.010855912700279177 -0.00065881119091514137 0.0027426896303196103 0.014231461271387726 0.0083995761555576906 -0.018574049805215445 -0.01593763776081511 -0.00084070535974483664 0.022042157285592761 -0.0073408929183742828 0.015951279255618095 -0.027439582262674473 0.011060989682168919 0.0025622762964049067
leaf_weight=17.781012654304504 253.49395562708378 32.272108886390924 892.01156409084797 2618.0205139070749 1036.6571523845196 2673.3269523084164 14173.318498533219 1338.4143125806004 756.09477340430021 116.69984531775117 15.862680222839115 33.740999940782785 240.82890610396862 504.52181576192379 12314.637190133333 4363.667478017509 1505.1864198595285 22334.887467678636 2780.2467740178108 1928.7461397200823 400.14669620245695 477.46058810129762 178.51698911935091 7757.3320123404264 716.62387906759977 2849.5457237437367 639.80000464618206 52.832731649279594 373.01886043697596 25263.556273698807
leaf_count=153 1136 216 3686 13820 4386 11221 70994 11571 11426 1127 195 274 1237 2171 56727 19602 6379 111663 11734 8269 1757 2185 779 36437 3111 13176 2791 225 1620 116236
internal_value=-0.000157827 -2.37364e-05 -0.000304665 -0.00168901 0.00114468 0.00652199 -0.00274201 -0.00874113 -0.0155181 0.00890367 0.0460237 0.074936 0.00156354 0.00169421 0.00146274 -0.00077095 0.0142621 -0.00213789 -0.00408644 0.000975714 0.00639774 -0.00627537 0.0116757 -0.000264178 0.00763294 -0.00153238 0.000438721 0.0186446 -0.00525139 0.00291892
internal_weight=108639 107699 103267 59314.8 16069.9 4432.01 43244.9 3956.43 940.179 184.085 67.3847 49.6037 43952.2 43711.4 43206.9 17051.3 1758.68 39288.5 16953.6 16037.7 2984.87 877.607 2107.26 13052.8 1806.11 11246.7 8397.13 769.457 4736.69 26155.6
internal_count=526304 513129 494393 293114 73332 18736 219782 25391 13175 1749 622 469 201279 200042 197871 77949 7515 194391 82728 73116 12990 3942 9048 60126 7722 52404 39228 3336 21222 119922
is_linear=0
shrinkage=0.05


Tree=75
num_leaves=31
num_cat=0
split_feature=12 11 32 35 0 13 28 37 13 33 32 33 32 28 34 3 33 28 5 33 33 33 33 33 33 33 32 8 32 26
split_gain=77.5522 74.1916 113.537 73.1292 113.276 120.834 97.2471 92.2847 78.6804 71.8231 60.2779 138.538 73.5991 99.3148 73.283 74.2827 71.8222 102.902 68.7481 77.3795 70.5669 96.9479 75.2694 66.9357 63.4963 273.406 73.3571 72.0504 73.2661 61.659
threshold=1.0000000180025095e-35 0.39819572620952043 8.5000000000000018 -0.011299435028290448 0.0011095701269865368 0.021100289539062411 -0.13762126192817656 -0.034699492453505558 0.081420965368433032 1889.5000000000002 10.500000000000002 52.500000000000007 9.5000000000000018 -0.074943236700021634 4.8570954632028007 -0.012987012987013045 3058.5000000000005 -0.051712315624568447 0.32546688353936198 3027.5000000000005 199.50000000000003 239.50000000000003 132.50000000000003 2604.5000000000005 682.50000000000011 741.50000000000011 1.5000000000000002 0.098862154807818917 6.5000000000000009 0.41471080070824323
decision_type=8 8 2 10 10 10 8 10 10 2 2 2 2 10 2 10 2 10 8 2 2 2 2 2 2 2 2 10 2 10
left_child=-1 2 -2 7 5 6 -5 -3 10 -8 12 -12 16 -14 15 29 18 -18 19 20 22 -22 -7 -17 26 27 -23 28 -26 -13
right_child=1 3 -4 4 -6 8 9 -9 -10 -11 11 14 13 -15 -16 23 17 -19 -20 -21 21 24 -24 -25 25 -27 -28 -29 -30 -31
leaf_value=-0.014812867949333855 0.018651000812313835 0.009561483981318647 -0.012417375933419971 -0.04062711115012152 0.0015350532947346314 0.0049474222612910391 -0.0025938935052233591 0.00026902472262712717 0.010831059336973181 -0.011868121383965261 -0.032399101620417099 0.021561383139052231 0.0037609802088663701 -0.013480661589550717 -0.0081659176006952192 0.0047645878822847173 0.022718613156483575 0.0013813456834632135 0.0051093810947031833 -0.028161926624242342 0.019209863561495368 0.011236925038977833 -0.024259893625035153 -0.011442419237760133 -0.014530146066497111 -0.0026797098703673495 -0.010188261344536313 0.0083557494008277174 0.050486375411740253 0.0067117343557650325
leaf_weight=870.25982650741935 1185.0460099950433 4317.0335577353835 391.1158906519413 213.74926595762372 41113.898751668632 314.3336333334446 4977.0309213586152 7010.8913371637464 1384.4974163323641 3595.8991875462234 272.51348730921745 983.56620670109987 1175.1162733361125 2887.4978726655245 1086.7203347682953 2388.6071652621031 652.41180075705051 4219.7333483919501 2757.4796774834394 307.19122013449669 511.39603628218174 442.87165047228336 739.60394119471312 868.79935083538294 49.130693286657333 16782.694466710091 4080.8629488348961 238.78224590420723 367.04555289447308 2416.5228071436286
leaf_count=11960 6117 19337 3428 1479 189409 1338 29572 32867 5789 25158 1316 4571 5438 13928 4801 10440 2954 19757 11855 1454 2147 1942 3555 3864 252 79880 18936 1004 1596 10249
internal_value=5.31821e-05 0.00017327 0.0109416 1.33868e-05 -0.000440189 -0.00195208 -0.00731453 0.00381035 -0.00090332 -0.00648395 -0.00127643 0.00263978 -0.00216015 -0.00849349 0.00387277 0.00583788 -0.00134238 0.00423854 -0.00236493 -0.00322968 -0.00290413 -0.00231111 -0.0155489 0.000441935 -0.00281225 -0.00144289 -0.00809074 0.0302494 0.042811 0.0110074
internal_weight=108602 107732 1576.16 106156 94828 53714.1 8786.68 11327.9 44927.4 8572.93 43542.9 8016.73 35526.2 4062.61 7744.22 6657.5 31463.5 4872.15 26591.4 23833.9 23526.7 22472.8 1053.94 3257.41 21961.4 17437.7 4523.73 654.958 416.176 3400.09
internal_count=526393 514433 9545 504888 452684 263275 56209 52204 207066 54730 201277 35241 166036 19366 33925 29124 146670 22711 123959 112104 110650 105757 4893 14304 103610 82732 20878 2852 1848 14820
is_linear=0
shrinkage=0.05


Tree=76
num_leaves=31
num_cat=0
split_feature=5 38 37 33 33 32 32 33 32 26 9 33 32 12 33 32 33 33 33 33 33 33 33 33 33 33 32 33 33 33
split_gain=76.3673 130.473 146.15 118.908 154.909 135.785 129.038 103.353 101.23 98.7996 131.146 94.6434 97.553 129.873 96.8732 92.156 82.6168 78.0072 273.065 202.095 107.847 105.008 146.389 104.523 125.339 320.217 104.531 132.899 95.8801 94.0698
threshold=-0.069182389937106611 0.016128280461972792 -0.034699492453505558 769.50000000000011 391.50000000000006 1.5000000000000002 7.5000000000000009 1123.5000000000002 7.5000000000000009 0.75032808398950146 0.045726324854005511 1802.5000000000002 7.5000000000000009 1.6500000000000015 1402.5000000000002 4.5000000000000009 471.50000000000006 2653.5000000000005 2696.5000000000005 2451.5000000000005 2710.5000000000005 2480.5000000000005 2515.5000000000005 2067.5000000000005 2008.5000000000002 1991.5000000000002 11.500000000000002 2262.5000000000005 3625.5000000000005 483.50000000000006
decision_type=8 8 10 2 2 2 2 2 2 10 10 2 2 10 2 2 2 2 2 2 2 2 2 2 2 2 2 2 2 2
left_child=9 2 -2 4 -4 16 -7 8 15 10 17 12 -9 14 -14 -5 -6 19 -19 23 -20 -21 -23 24 25 29 -25 -28 -22 -1
right_child=1 -3 3 7 5 6 -8 11 -10 -11 -12 -13 13 -15 -16 -17 -18 18 20 21 28 22 -24 26 -26 -27 27 -29 -30 -31
leaf_value=0.008243597365966358 0.00161780884234321 0.0008191622224630042 -0.0095126659291024044 -0.018666210835483612 0.085259017874362159 -0.0080713703125476193 0.016481453058715925 -0.0062344641302043008 -0.026588953815094043 -0.0027992131080636817 -0.04536402259833356 -0.0088671513659685768 -0.0018943557152542928 -0.011160647152213793 0.026685842299470509 0.01056890258076338 0.020894699999024848 0.044976110631901711 -0.043556977804372655 -0.041492885491961659 0.0079607586644079732 0.02513133088953768 -0.014796590446737158 0.008751784854417622 -0.020663530955807075 0.070272086876211337 0.0096029585438462649 0.074225454342179475 -0.018777531577296086 -0.00017749953367565566
leaf_weight=4500.1654928699136 9509.3382473178208 39009.977897278965 1770.6483463309705 624.58709551393986 88.886682644486427 909.69718642160296 1299.6093036867678 2784.9623065590858 1321.023620121181 9390.5938280709088 138.97885422408581 9966.878923682496 446.63521253317595 587.06926390528679 881.98373872041702 474.22507620230317 113.54016567394137 469.06458013504744 110.7780199944973 280.89631961658597 5271.4370273742825 272.18065865337849 1465.9916509613395 2847.6179896369576 592.52873322367668 173.68672609701753 175.82946582883596 145.3114373460412 358.04749899543822 12605.95898264274
leaf_count=19657 45107 174892 8708 4007 403 5179 6250 16749 7037 40652 818 63650 2424 3441 4819 2286 601 2058 547 1395 25475 1229 6927 13138 2924 879 802 656 2948 60831
internal_value=-0.000112504 -0.00110117 -0.00353503 -0.00583878 0.00171771 0.00996285 0.00637166 -0.00768834 -0.017262 0.00166584 0.0030916 -0.00610889 -0.00026048 0.00842429 0.0170782 -0.00604893 0.0491574 0.00332168 0.00829606 0.00198225 0.00529875 -0.0131281 -0.00854427 0.00343222 0.00194835 0.00272372 0.0118015 0.0388437 0.00626015 0.00203787
internal_weight=108588 69789.1 30779.1 21269.7 4182.38 2411.73 2209.31 17087.4 2419.84 38799.1 29408.5 14667.5 4700.65 1915.69 1328.62 1098.81 202.427 29269.5 6209.33 23060.2 5740.26 2019.07 1738.17 21041.1 17872.3 17279.8 3168.76 321.141 5629.48 17106.1
internal_count=526489 345553 170661 125554 21141 12433 11429 104413 13330 180936 140284 91083 27433 10684 7243 6293 1004 139466 31028 108438 28970 9551 8156 98887 84291 81367 14596 1458 28423 80488
is_linear=0
shrinkage=0.05


Tree=77
num_leaves=31
num_cat=0
split_feature=5 20 29 33 38 7 26 33 33 33 33 26 33 33 33 33 33 28 12 32 32 33 33 32 12 33 33 33 33 8
split_gain=85.4224 72.6195 66.4654 71.0261 93.035 110.254 83.494 71.4361 174.727 123.859 168.503 121.087 119.408 109.41 319.909 211.601 168.757 159.113 171.392 154.18 189.431 183.491 191.209 153.934 153.81 129.642 417.847 282.475 158.245 127.143
threshold=-0.26571428571428601 0.036262166918195358 0.13720207046390009 52.500000000000007 0.55936413263680063 -0.49108342306311847 0.80865311761822001 119.50000000000001 172.50000000000003 483.50000000000006 457.50000000000006 0.42668411867364758 132.50000000000003 1358.5000000000002 1571.5000000000002 1529.5000000000002 1331.5000000000002 0.025056173057984701 1.1928571428571442 8.5000000000000018 6.5000000000000009 2845.5000000000005 2859.5000000000005 11.500000000000002 0.34285714285714314 1977.5000000000002 2400.5000000000005 2262.5000000000005 2667.5000000000005 0.36035177217255393
decision_type=8 8 8 2 8 10 10 2 2 2 2 10 2 2 2 2 2 10 10 2 2 2 2 2 10 2 2 2 2 10
left_child=-1 -2 3 6 5 -5 -3 -7 12 10 -10 -12 -9 16 15 -15 -11 -17 -19 20 -16 -22 -23 24 -21 -25 27 -27 -28 -24
right_child=1 2 -4 4 -6 7 -8 8 9 13 11 -13 -14 14 19 17 -18 18 -20 23 21 22 29 25 -26 26 28 -29 -30 -31
leaf_value=0.0061430902155272041 -0.025240975811233198 -0.030965348807432513 0.0035893663422889919 -0.019317742396753386 0.016928770176161692 0.016149449308269014 0.007466409990701129 0.005453859157373721 0.0028459091227577946 -0.0031316252421425025 0.04852988312246078 0.0099921933508749349 -0.026487439808977289 0.0062429236719462652 -0.0015427682971632774 -0.01068127218320164 -0.02666180399707151 0.057928597423792187 0.017194885242023828 -0.026825773795755098 0.0011488802174377997 0.052172433976753821 0.017402872453274053 -0.014784280873045239 -0.0061712591771568527 0.010513986287927275 -0.022974580264544232 0.070736103303704487 0.0058468364623329699 -0.0067018995529557236
leaf_weight=5216.8254031762481 293.71998025290668 405.89412076771259 9725.7592879422009 795.48943836241961 747.35560730099678 630.50599949061871 216.81338357925415 401.99983836337924 8967.8045545071363 23734.723912816495 353.91566571220756 480.6461211591959 1075.1252234689891 4705.5375272482634 23189.218885339797 205.76446391269565 787.26693264767528 514.09218522161245 518.88776357471943 975.74917844310403 5258.171308323741 329.07048960030079 2512.1210206672549 766.24775854870677 11821.264650624245 399.54507366940379 668.49997198581696 379.82963825762272 1656.0820973087102 699.34087732434273
leaf_count=22077 3911 2006 41661 3839 3496 2786 949 1777 39069 116597 1570 2049 5504 22836 120203 1036 3890 2171 2304 7771 24683 1426 11708 3708 57998 1805 3132 1678 9512 2901
internal_value=-9.92285e-05 -0.000414731 -0.000343882 -0.000754345 -0.000641137 -0.000784134 -0.0175842 -0.000622176 -0.000739151 -0.00045584 0.00484574 0.026335 -0.0177946 -0.00111265 0.000133398 0.0110831 -0.00388705 0.0294694 0.0374672 -0.00120435 0.000827345 0.00707384 0.0158732 -0.00510361 -0.00774613 0.00363402 0.00818079 0.0398633 -0.00244159 0.0121537
internal_weight=108433 103216 102923 93197 92574.3 91826.9 622.708 91031.4 90400.9 88923.8 9802.37 834.562 1477.13 79121.4 54599.4 5944.28 24522 1238.74 1032.98 48655.1 31987.9 8798.7 3540.53 16667.2 12797 3870.2 3103.96 779.375 2324.58 3211.46
internal_count=526053 503976 500065 458404 455449 451953 2955 448114 445328 438047 42688 3619 7281 395359 274872 28347 120487 5511 4475 246525 160921 40718 16035 85604 65769 19835 16127 3483 12644 14609
is_linear=0
shrinkage=0.05


Tree=78
num_leaves=31
num_cat=0
split_feature=2 0 0 20 20 19 10 32 33 33 33 32 5 25 33 8 1 5 33 33 33 34 33 32 26 5 32 32 33 32
split_gain=74.0225 131.092 80.0762 70.4352 60.4627 50.5713 53.0511 50.0903 57.9874 82.9353 133.233 54.3526 54.8875 54.2389 54.2211 49.363 47.8806 51.4058 63.9869 93.7606 67.5964 60.2696 67.501 57.8104 49.3467 45.516 50.107 45.0649 41.4111 40.2856
threshold=-0.058419243986254248 0.0011095701269865368 -0.030607440716399533 0.24867466884389305 0.90403409425670123 1.0054206436548381 0.0093985981318847837 3.5000000000000004 428.50000000000006 2696.5000000000005 2653.5000000000005 5.5000000000000009 -0.2539378138816904 0.17503315649867376 3443.5000000000005 0.0031125736565287281 0.22979220964689931 -0.070756727629526103 226.50000000000003 199.50000000000003 2114.5000000000005 3.8763952908575412 2142.5000000000005 1.5000000000000002 0.57161506900410308 -0.28671328671328689 8.5000000000000018 5.5000000000000009 106.50000000000001 6.5000000000000009
decision_type=8 8 10 8 10 10 8 2 2 2 2 2 10 10 2 10 10 8 2 2 2 2 2 2 10 10 2 2 2 2
left_child=2 3 4 15 -1 6 -5 8 -4 10 -10 12 -9 -14 -11 -2 17 18 19 23 -20 22 24 28 -22 -24 -27 -21 -3 -17
right_child=1 16 7 5 -6 -7 -8 11 9 14 -12 -13 13 -15 -16 29 -18 -19 20 27 21 -23 25 -25 -26 26 -28 -29 -30 -31
leaf_value=0.014563823649941353 -0.027272007506968617 -0.0097912595062873403 -0.024961555716780257 -0.014972240633981568 0.0020575533399547581 0.0028406556022946314 -0.0021378328971885219 0.026856882766104241 -0.00053286762644247463 -0.023715803699018698 0.055608973091164318 0.00050933561777794195 -0.0093125674651138631 0.013327133892040259 0.038656775998435949 -0.016131926522063737 0.018166768718394587 0.00025488013306120195 -1.51025607856741e-05 0.050883615180731083 0.070995234955001416 0.00093520341935810533 0.032969955300483605 -0.0027931048084424391 -0.0092755978245912928 0.014484754403344553 -0.0008221061319343356 -0.018477685857649289 0.040979463096300635 0.0038890175640074924
leaf_weight=2339.9117985591292 428.64526205323637 53.230012848973274 333.02416265755892 819.27981933578849 1646.4554664194584 5186.3369221221656 46723.804944831878 409.2211337685585 1177.8821122124791 479.60044382512569 116.09183868765831 5199.1940767541528 401.68597516417503 774.90546478331089 37.573170565068722 552.77307925000787 431.12619850039482 28653.574530154467 6907.0588300451636 217.22399613261223 80.387784466147423 1851.7000048086047 216.97608208656311 460.57327713817358 25.131953731179237 1499.4749026298523 830.91191010922194 26.247274056077003 163.61452235281467 460.63783675432205
leaf_count=10010 6443 226 1598 10448 7020 24974 229558 1749 5444 2224 495 22408 1726 3443 169 3983 1862 134028 31491 903 345 8366 890 2009 104 6672 3662 110 667 3520
internal_value=-4.66401e-05 -0.000526685 0.0035062 -0.00214573 0.00939846 -0.00184757 -0.002359 0.000875637 -0.00578609 -0.0022602 0.00450403 0.00298085 0.0110839 0.00559798 -0.0191844 -0.013048 0.00159094 0.00141658 0.00411569 0.016794 0.00309259 0.00785775 0.0126897 0.00722924 0.0518769 0.0110664 0.00902701 0.0434062 0.0285165 -0.00703157
internal_weight=108504 95588.7 12915.5 54171.5 3986.37 52729.4 47543.1 8929.18 2144.17 1811.15 1293.97 6785.01 1585.81 1176.59 517.174 1442.06 41417.2 40986.1 12332.5 920.889 11411.6 4504.58 2652.88 677.418 105.52 2547.36 2330.39 243.471 216.845 1013.41
internal_count=526547 470261 56286 278926 17030 264980 240006 39256 9930 8332 5939 29326 6918 5169 2393 13946 191335 189473 55445 3915 51530 20039 11673 2902 449 11224 10334 1013 893 7503
is_linear=0
shrinkage=0.05


Tree=79
num_leaves=31
num_cat=0
split_feature=32 32 32 34 12 37 5 32 32 13 38 34 13 38 8 10 2 38 32 20 1 37 10 12 13 34 8 12 38 5
split_gain=75.8042 158.67 104.856 175.742 200.235 107.608 89.8532 87.4726 101.956 140.084 103.163 95.4476 127.288 86.9482 118.828 78.4308 77.3269 70.2348 70.6616 82.3896 69.1639 68.8746 68.4843 62.076 92.1734 66.6897 66.3971 60.4265 76.9061 75.5957
threshold=3.5000000000000004 2.5000000000000004 8.5000000000000018 4.0664589915953142 0.10714285714285712 -0.068325445924957137 0.13935969868173184 10.500000000000002 9.5000000000000018 0.077756172379549002 -0.073912120247074095 2.8650498914867879 0.049989126482209101 -0.069146389173036435 0.012196624553727166 0.040272374663644216 -0.1055555555555555 0.2442349353863156 6.5000000000000009 0.46490012679746989 -1.6653345369377346e-16 -0.089623975120186813 0.030143483291837917 1.4642857142857157 0.041304375792050652 6.9012843865855436 0.057269070931312734 0.17142857142857021 -0.031139190615456221 0.066409956119544603
decision_type=2 2 2 2 8 10 8 2 2 10 8 2 10 10 10 10 8 8 2 10 10 10 10 10 10 2 10 10 10 8
left_child=1 13 5 4 -4 -2 20 8 10 16 22 12 -9 -1 -15 -13 -10 18 19 -7 -3 -22 -6 27 25 -25 -27 28 -20 -30
right_child=2 6 3 -5 7 17 -8 11 9 -11 -12 15 -14 14 -16 -17 -18 -19 23 -21 21 -23 -24 24 -26 26 -28 -29 29 -31
leaf_value=0.0082095709520183403 0.010082824326671395 -0.0068990746856777783 -0.039062726272277429 -0.0058530356518195327 -0.025917294968630974 -0.010489344401834536 0.0021679484698139627 0.016331379037287208 0.019065740628439187 0.022488077557842816 0.0055892287580897133 0.00017364342637391121 -0.0043044823717256374 -0.018436543922963844 -0.00017032845196186404 0.015128263710400847 -0.0090701966543921663 0.010437036239136707 -0.0037122270423719872 0.00022970628993204532 -0.053543105569907934 -0.015773959519395777 0.0073405809312961402 0.01342911508413284 -0.00033867598357908724 -0.042305158069355635 0.0070677696133968643 -0.0001224852891784749 0.040667246103839351 -0.027181000510791975
leaf_weight=2855.8184371367097 4168.751829624176 3766.2428665608168 304.09244129434228 13068.401794154197 464.68608486652374 1978.119314212352 1610.4686607569456 2946.9733556881547 255.54565659165382 408.26106423139572 5467.1918634660542 8115.5323453694582 1001.1410785317421 947.89200587198138 14668.168846458197 982.94125763326883 5500.8266274556518 2142.3033353239298 278.0822845697403 19121.590583756566 127.60572074353695 2231.9713818822056 232.10536114871502 3975.1329835653305 2509.5883516222239 108.66391150653362 182.38860558718443 8634.6798721589148 303.51126159727573 47.476288616657257
leaf_count=13025 17786 20901 5644 65145 2067 11597 7869 13029 1093 1714 25679 37362 4103 8452 71028 4012 27190 8876 1357 91248 611 13556 959 18843 10463 810 899 39445 1425 275
internal_value=1.17028e-05 -0.00232984 0.000758285 -0.00113279 0.00126938 0.00244469 -0.00834142 0.00175272 -0.00126718 -0.00581387 0.00327998 0.00460643 0.0110987 0.000187896 -0.00127908 0.00178925 -0.00782114 0.00163409 0.00112631 -0.000775216 -0.0111043 -0.0178165 -0.0148389 0.00362774 0.0072648 0.0117375 -0.0113655 0.00096749 0.0159286 0.0314898
internal_weight=108406 26208.2 82198 38747.7 25679.3 43450.3 7736.29 25375.2 12328.6 6164.63 6163.98 13046.6 3948.11 18471.9 15616.1 9098.47 5756.37 39281.5 37139.2 21099.7 6125.82 2359.58 696.791 16039.5 6775.77 4266.19 291.053 9263.75 629.07 350.988
internal_count=526463 135442 391021 187997 122852 203024 42937 117208 58702 29997 28705 58506 17132 92505 79480 41374 28283 185238 176362 102845 35068 14167 3026 73517 31015 20552 1709 42502 3057 1700
is_linear=0
shrinkage=0.05


end of trees

feature_importances:
Column_33=584
Column_32=329
Column_28=188
Column_10=143
Column_13=100
Column_5=92
Column_0=81
Column_34=79
Column_38=76
Column_1=66
Column_37=64
Column_12=62
Column_19=61
Column_7=57
Column_11=49
Column_3=47
Column_9=46
Column_20=44
Column_8=40
Column_4=34
Column_2=30
Column_25=28
Column_26=27
Column_29=15
Column_14=14
Column_35=12
Column_36=11
Column_6=9
Column_31=6
Column_39=5
Column_22=1

parameters:
[boosting: gbdt]
[objective: binary]
[metric: binary_logloss]
[tree_learner: serial]
[device_type: cpu]
[data_sample_strategy: bagging]
[data: ]
[valid: ]
[num_iterations: 500]
[learning_rate: 0.05]
[num_leaves: 31]
[num_threads: 8]
[seed: 42]
[deterministic: 0]
[force_col_wise: 0]
[force_row_wise: 0]
[histogram_pool_size: -1]
[max_depth: -1]
[min_data_in_leaf: 100]
[min_sum_hessian_in_leaf: 0.001]
[bagging_fraction: 0.8]
[pos_bagging_fraction: 1]
[neg_bagging_fraction: 1]
[bagging_freq: 1]
[bagging_seed: 400]
[bagging_by_query: 0]
[feature_fraction: 0.8]
[feature_fraction_bynode: 1]
[feature_fraction_seed: 30056]
[extra_trees: 0]
[extra_seed: 12879]
[early_stopping_round: 0]
[early_stopping_min_delta: 0]
[first_metric_only: 0]
[max_delta_step: 0]
[lambda_l1: 0]
[lambda_l2: 0]
[linear_lambda: 0]
[min_gain_to_split: 0]
[drop_rate: 0.1]
[max_drop: 50]
[skip_drop: 0.5]
[xgboost_dart_mode: 0]
[uniform_drop: 0]
[drop_seed: 17869]
[top_rate: 0.2]
[other_rate: 0.1]
[min_data_per_group: 100]
[max_cat_threshold: 32]
[cat_l2: 10]
[cat_smooth: 10]
[max_cat_to_onehot: 4]
[top_k: 20]
[monotone_constraints: ]
[monotone_constraints_method: basic]
[monotone_penalty: 0]
[feature_contri: ]
[forcedsplits_filename: ]
[refit_decay_rate: 0.9]
[cegb_tradeoff: 1]
[cegb_penalty_split: 0]
[cegb_penalty_feature_lazy: ]
[cegb_penalty_feature_coupled: ]
[path_smooth: 0]
[interaction_constraints: ]
[verbosity: -1]
[saved_feature_importance_type: 0]
[use_quantized_grad: 0]
[num_grad_quant_bins: 4]
[quant_train_renew_leaf: 0]
[stochastic_rounding: 1]
[linear_tree: 0]
[max_bin: 255]
[max_bin_by_feature: ]
[min_data_in_bin: 3]
[bin_construct_sample_cnt: 200000]
[data_random_seed: 175]
[is_enable_sparse: 1]
[enable_bundle: 1]
[use_missing: 1]
[zero_as_missing: 0]
[feature_pre_filter: 1]
[pre_partition: 0]
[two_round: 0]
[header: 0]
[label_column: ]
[weight_column: ]
[group_column: ]
[ignore_column: ]
[categorical_feature: ]
[forcedbins_filename: ]
[precise_float_parser: 0]
[parser_config_file: ]
[objective_seed: 16083]
[num_class: 1]
[is_unbalance: 0]
[scale_pos_weight: 1]
[sigmoid: 1]
[boost_from_average: 1]
[reg_sqrt: 0]
[alpha: 0.9]
[fair_c: 1]
[poisson_max_delta_step: 0.7]
[tweedie_variance_power: 1.5]
[lambdarank_truncation_level: 30]
[lambdarank_norm: 1]
[label_gain: ]
[lambdarank_position_bias_regularization: 0]
[eval_at: ]
[multi_error_top_k: 1]
[auc_mu_weights: ]
[num_machines: 1]
[local_listen_port: 12400]
[time_out: 120]
[machine_list_filename: ]
[machines: ]
[gpu_platform_id: -1]
[gpu_device_id: -1]
[gpu_use_dp: 0]
[num_gpu: 1]

end of parameters

pandas_categorical:null
